FrameNo,head_x,head_y,head_z,left_shoulder_x,left_shoulder_y,left_shoulder_z,left_elbow_x,left_elbow_y,left_elbow_z,right_shoulder_x,right_shoulder_y,right_shoulder_z,right_elbow_x,right_elbow_y,right_elbow_z,left_hand_x,left_hand_y,left_hand_z,right_hand_x,right_hand_y,right_hand_z,left_hip_x,left_hip_y,left_hip_z,right_hip_x,right_hip_y,right_hip_z,left_knee_x,left_knee_y,left_knee_z,right_knee_x,right_knee_y,right_knee_z,left_foot_x,left_foot_y,left_foot_z,right_foot_x,right_foot_y,right_foot_z,running_video
0,0.0112969186156988,-0.6391499042510986,-0.2788085341453552,0.1751214116811752,-0.4759973883628845,-0.0793294683098793,0.2167315036058426,-0.2407692223787307,-0.0535113774240016,-0.1575014144182205,-0.4734695255756378,-0.0973541587591171,-0.2312258034944534,-0.2198466509580612,-0.0521938800811767,0.2504646182060241,-0.0190236363559961,-0.1652669608592987,-0.2371783405542373,0.0124319521710276,-0.1314918100833892,0.1157648339867591,0.0042783203534781,0.0078459400683641,-0.1160269454121589,-0.0048998286947607,-0.0064981589093804,0.099406324326992,0.4167189300060272,0.0221798289567232,-0.1185145303606987,0.3958303928375244,0.0091081773862242,0.1432638019323349,0.7632760405540466,0.1553793251514434,-0.1253115832805633,0.7523354291915894,0.1484001278877258,0
1,0.0100810630246996,-0.6292002201080322,-0.2949810326099396,0.1725011467933654,-0.4729912281036377,-0.0842921361327171,0.2167279124259948,-0.2394652813673019,-0.0537175349891185,-0.1601345241069793,-0.4678884446620941,-0.1080565601587295,-0.236724242568016,-0.2142446786165237,-0.0609120614826679,0.250697910785675,-0.0175611283630132,-0.164414569735527,-0.2401257306337356,0.0132754491642117,-0.1420506983995437,0.1156850084662437,0.0042998073622584,0.0080505115911364,-0.1159515380859375,-0.0049199922941625,-0.0067228018306195,0.1024052649736404,0.4163165390491485,0.0011119137052446,-0.1200561001896858,0.3951027393341064,0.0020825250539928,0.1370937675237655,0.7657551765441895,0.1301558017730713,-0.1291092187166214,0.7515690326690674,0.1319632679224014,0
2,0.0092374300584197,-0.6271905899047852,-0.3023626208305359,0.1714042127132415,-0.4703111052513122,-0.0882693976163864,0.216537669301033,-0.2376257926225662,-0.0542626567184925,-0.1625111848115921,-0.4649182558059692,-0.1135630682110786,-0.2409136593341827,-0.2136991620063781,-0.0648173242807388,0.2513512969017029,-0.0154390130192041,-0.164022222161293,-0.2457934468984604,0.01323036942631,-0.1453122198581695,0.1156684085726738,0.0042949733324348,0.0084321293979883,-0.1159402355551719,-0.004912834148854,-0.0071383994072675,0.1071124896407127,0.4159342348575592,-0.0015664439415559,-0.1199577450752258,0.3949324190616607,-0.0019911588169634,0.1358620673418045,0.7662875652313232,0.1304027587175369,-0.1292759329080581,0.7515224814414978,0.127403438091278,0
3,0.0084561565890908,-0.6256985068321228,-0.307401031255722,0.1705763936042785,-0.4687223732471466,-0.0915752276778221,0.2160548120737075,-0.2363181412220001,-0.0560778081417083,-0.1638180315494537,-0.4627739489078522,-0.1175188198685646,-0.2438296675682068,-0.2123627811670303,-0.06777223944664,0.2513818442821502,-0.014336016960442,-0.1653476059436798,-0.2483234256505966,0.0142959551885724,-0.1475987583398819,0.1156486123800277,0.0042831022292375,0.0088322097435593,-0.1159262210130691,-0.0048989714123308,-0.0075586126185953,0.1088920086622238,0.4155819118022918,-0.0004786942736245,-0.1199381723999977,0.3948249220848083,-0.0039736973121762,0.1355110704898834,0.7670983672142029,0.1299447566270828,-0.1300001889467239,0.7515214085578918,0.1234083771705627,0
4,0.0068109477870166,-0.6242464780807495,-0.308729887008667,0.1689615398645401,-0.4681823253631592,-0.0926866307854652,0.2150846123695373,-0.2357114553451538,-0.0566337667405605,-0.1656059771776199,-0.4617125689983368,-0.1189640760421752,-0.2460448592901229,-0.211398035287857,-0.0691478550434112,0.2512254118919372,-0.0132918078452348,-0.16533824801445,-0.2501983940601349,0.0150474952533841,-0.1484219878911972,0.115624725818634,0.0042660227045416,0.0090828295797109,-0.115906536579132,-0.0048794141039252,-0.0078220553696155,0.1095343753695488,0.415277898311615,-3.5842094803228974e-05,-0.1199612021446228,0.3947562873363495,-0.0046310694888234,0.1348037123680114,0.7676937580108643,0.1293167918920517,-0.131184697151184,0.7514837980270386,0.1223670691251754,0
5,0.006712935399264,-0.6240739226341248,-0.307755172252655,0.1685876101255417,-0.4679729044437408,-0.0925550982356071,0.2151599675416946,-0.2356350868940353,-0.0565752908587455,-0.1658050864934921,-0.4610884189605713,-0.1184428930282592,-0.2460938543081283,-0.2104029357433319,-0.0688538551330566,0.2522664964199066,-0.0132128410041332,-0.1646585017442703,-0.2500943839550018,0.0158471725881099,-0.1481343060731887,0.1155884638428688,0.0041898251511156,0.0090967733412981,-0.1158755645155906,-0.0048003937117755,-0.0078385230153799,0.1098923981189727,0.414819061756134,-0.0014928169548511,-0.1195278614759445,0.3947000205516815,-0.0053853467106819,0.1349097341299057,0.7676330208778381,0.1273732930421829,-0.130759909749031,0.7515762448310852,0.1205304116010665,0
6,0.0059297126717865,-0.6240618228912354,-0.3074799180030823,0.1683996170759201,-0.4678751230239868,-0.092805877327919,0.2148221582174301,-0.2355247437953949,-0.0568205118179321,-0.1660193651914596,-0.4608639776706695,-0.1187476813793182,-0.2460577189922332,-0.210268497467041,-0.0694133415818214,0.2523197531700134,-0.0131921023130416,-0.1646508872509002,-0.2499923706054687,0.0157726760953664,-0.1484894603490829,0.1155717596411705,0.0041723288595676,0.0092655643820762,-0.115862987935543,-0.0047811209224164,-0.0080170184373855,0.1105926856398582,0.4142271876335144,-0.0012947912327945,-0.1194712817668914,0.3946632742881775,-0.0054188021458685,0.1349672228097915,0.7674846053123474,0.1277212798595428,-0.1307330727577209,0.7512724995613098,0.1210159659385681,0
7,0.0058084959164261,-0.6233185529708862,-0.3095854520797729,0.1679196059703827,-0.4671383202075958,-0.0937207266688346,0.2146836072206497,-0.2348937392234802,-0.0573388896882534,-0.1665756702423095,-0.4604358077049255,-0.121012732386589,-0.2462622374296188,-0.2099106609821319,-0.0718942210078239,0.2523764669895172,-0.0121343843638896,-0.1647001951932907,-0.2502367794513702,0.0163485519587993,-0.1508294492959976,0.1155507788062095,0.0041605303995311,0.0095362067222595,-0.1158445924520492,-0.0047684223391115,-0.0082909893244504,0.110726311802864,0.414191871881485,-0.0008710633846931,-0.1194107457995414,0.3946518898010254,-0.0056301122531294,0.1349780857563018,0.768695592880249,0.127518355846405,-0.1311200261116027,0.7514551281929016,0.1203399896621704,0
8,0.0057841772213578,-0.6233628392219543,-0.3093238174915313,0.1679611355066299,-0.4671886563301086,-0.0938036143779754,0.2147819548845291,-0.2348895370960235,-0.0576298274099826,-0.166448637843132,-0.4604314565658569,-0.1208764910697937,-0.2461937069892883,-0.2099343538284301,-0.0717735886573791,0.2527176141738891,-0.01217205170542,-0.1647755205631256,-0.2501948177814483,0.0156143857166171,-0.1507244557142257,0.1155345290899276,0.0041350410319864,0.0095668630674481,-0.1158308908343315,-0.0047412919811904,-0.0083230901509523,0.1110873222351074,0.4139541983604431,-0.0007360061863437,-0.1190745010972023,0.3946313261985779,-0.0057030236348509,0.13532555103302,0.7684028744697571,0.1276994496583938,-0.1304763853549957,0.7514606714248657,0.120480902493,0
9,0.0057266415096819,-0.6212880611419678,-0.3134069442749023,0.1677062809467315,-0.4665695428848266,-0.0960418805480003,0.214738056063652,-0.2343190610408783,-0.0588469691574573,-0.166601076722145,-0.4596233069896698,-0.1242476403713226,-0.246180847287178,-0.209451362490654,-0.0748816207051277,0.2528679668903351,-0.0109958853572607,-0.1650539189577102,-0.2501753866672516,0.0167187303304672,-0.1530695706605911,0.1155073419213295,0.0041225990280508,0.0098099531605839,-0.1158060953021049,-0.0047284769825637,-0.0085660889744758,0.1111847534775734,0.413932740688324,-0.0005816634511575,-0.1190719977021217,0.3946740329265594,-0.006055615376681,0.1352690756320953,0.7696017026901245,0.126804694533348,-0.1310390532016754,0.7519326210021973,0.1190439015626907,0
10,0.0053522526286542,-0.621328592300415,-0.313221126794815,0.1673026978969574,-0.4665416181087494,-0.0962504372000694,0.21467025578022,-0.2342989891767501,-0.0589904189109802,-0.1671302318572998,-0.459484338760376,-0.1244332790374755,-0.2462470084428787,-0.2092846482992172,-0.0751429796218872,0.2542895078659057,-0.0110131222754716,-0.1650372445583343,-0.2501964867115021,0.0169333443045616,-0.1531517505645752,0.115493044257164,0.0040769088082015,0.0098710060119628,-0.1157939285039901,-0.0046813758090138,-0.008628349751234,0.1113052144646644,0.4137629568576813,-0.0002724267251323,-0.1189882680773735,0.3946782648563385,-0.0060330117121338,0.1354818493127823,0.7697003483772278,0.1267312169075012,-0.1311436891555786,0.7519654631614685,0.1191431879997253,0
11,0.0044793500564992,-0.6216543316841125,-0.311298131942749,0.1670973300933838,-0.4668442904949188,-0.0961973965167999,0.2147387117147445,-0.2343497574329376,-0.0591781511902809,-0.1674132943153381,-0.4594530761241913,-0.1220657750964164,-0.2462248355150222,-0.2092450559139251,-0.0725944563746452,0.2545862197875976,-0.0110304979607462,-0.1651072055101394,-0.2503889501094818,0.0167640037834644,-0.1510382145643234,0.1154793873429298,0.0040055881254374,0.0096552278846502,-0.1157818213105201,-0.0046074725687503,-0.0084130838513374,0.1110817641019821,0.4136724174022674,-0.0010303742019459,-0.1185537725687027,0.3946022987365722,-0.0059812148101627,0.1355496495962143,0.76924067735672,0.1261995136737823,-0.1305796802043914,0.7519629597663879,0.1192200109362602,0
12,0.0041650091297924,-0.628217339515686,-0.2977352440357208,0.1667538732290268,-0.4681857228279114,-0.0907008051872253,0.2144725918769836,-0.2364539802074432,-0.0592109449207782,-0.1686474829912185,-0.4603347480297088,-0.1115344613790512,-0.2467187643051147,-0.2103051245212555,-0.0641230717301368,0.2552699148654938,-0.0143974181264638,-0.1724389046430587,-0.2504641413688659,0.01488533988595,-0.1453434228897094,0.1155016347765922,0.0039665363729,0.0093980440869927,-0.1158029735088348,-0.0045652762055397,-0.0081582451239228,0.1094726473093032,0.4136165082454681,-0.0020687149371951,-0.1185206696391105,0.3941600620746612,-0.0044385753571987,0.1349991410970688,0.7666876316070557,0.1305536478757858,-0.1284973621368408,0.7494277358055115,0.1303519904613495,0
13,0.0034432215616106,-0.6299846768379211,-0.2952995300292969,0.1666547209024429,-0.4687918126583099,-0.0894301831722259,0.2151502072811126,-0.2381313145160675,-0.0587278790771961,-0.1686829179525375,-0.4610035717487335,-0.1083066016435623,-0.2464084029197693,-0.2113466262817382,-0.0604994371533393,0.2571705281734466,-0.0164682660251855,-0.1722485423088073,-0.250706285238266,0.0122245084494352,-0.1424742341041565,0.1155287325382232,0.003937900532037,0.0092052305117249,-0.1158316880464553,-0.0045348848216235,-0.0079684183001518,0.1090152934193611,0.4136294722557068,-0.0029270043596625,-0.1185504049062728,0.3941215872764587,-0.0041113980114459,0.1349071413278579,0.7641511559486389,0.1365362703800201,-0.1274008452892303,0.7486382722854614,0.1340231448411941,0
14,0.0037946018856018,-0.6320737600326538,-0.2920989990234375,0.168017104268074,-0.4707905650138855,-0.0876449421048164,0.2186053544282913,-0.2411758154630661,-0.0582432113587856,-0.1679010987281799,-0.4625550806522369,-0.1058919429779052,-0.2457689046859741,-0.212704986333847,-0.0583706647157669,0.258510947227478,-0.0187084265053272,-0.1720956712961197,-0.2503710091114044,0.0106732258573174,-0.1403704434633255,0.1155331283807754,0.0039220470935106,0.0090596443042159,-0.1158367991447448,-0.0045173587277531,-0.0078313490375876,0.1091068685054779,0.4136179387569427,-0.0033264700323343,-0.118688516318798,0.3940369188785553,-0.0029955066274851,0.1352629214525222,0.7639048099517822,0.1371612399816513,-0.1257480233907699,0.7481778264045715,0.1370535939931869,0
15,0.005974069237709,-0.6320081353187561,-0.2938341200351715,0.1692499667406082,-0.4699282646179199,-0.0878834128379821,0.2187697142362594,-0.240346074104309,-0.0582181848585605,-0.1661963313817978,-0.4625685811042785,-0.1077319830656051,-0.2433380931615829,-0.2127194851636886,-0.0596920736134052,0.2585115134716034,-0.0185865387320518,-0.1716161519289016,-0.2496217042207718,0.0104581154882907,-0.1411294639110565,0.1155290231108665,0.00402053585276,0.0092156836763024,-0.1158322542905807,-0.0046125003136694,-0.0079933386296033,0.1101628169417381,0.4135181605815887,-0.0042069237679243,-0.1198644936084747,0.3937644064426422,-0.0028487448580563,0.1344200074672699,0.7645043134689331,0.1357562392950058,-0.1260975897312164,0.7473829388618469,0.136724978685379,0
16,0.0054627228528261,-0.6316589117050171,-0.2947758138179779,0.1690021455287933,-0.4688418805599212,-0.087968923151493,0.2172034233808517,-0.2385480105876922,-0.0579259917140007,-0.1662249416112899,-0.4622665345668793,-0.1085781455039978,-0.2430178076028823,-0.211709663271904,-0.0600338764488697,0.2571739554405212,-0.0183161757886409,-0.1709300428628921,-0.2495626807212829,0.0112040331587195,-0.1412147730588913,0.1155221760272979,0.0040945196524262,0.0093403020873665,-0.1158253103494644,-0.0046842186711728,-0.0081217987462878,0.1101431772112846,0.41351518034935,-0.0068922564387321,-0.1206506192684173,0.393378883600235,-0.002847391879186,0.133891761302948,0.7648263573646545,0.134624570608139,-0.1278060525655746,0.7459959983825684,0.1371137648820877,0
17,0.0056299557909369,-0.6315253973007202,-0.2978198230266571,0.1690670996904373,-0.4682276844978332,-0.0891596749424934,0.2171117663383484,-0.2374673932790756,-0.0578899607062339,-0.1661919504404068,-0.4622697532176971,-0.1115907207131385,-0.2424878627061844,-0.2116984128952026,-0.0621935315430164,0.2571512758731842,-0.0179974175989627,-0.169540673494339,-0.2490409016609192,0.0113648185506463,-0.1430076956748962,0.1155269593000412,0.0041278046555817,0.0094982180744409,-0.1158316507935524,-0.0047162747941911,-0.008285529911518,0.11048174649477,0.4134323596954345,-0.0066365720704197,-0.1218047440052032,0.3933355808258056,-0.0026571620255708,0.1332725286483764,0.7653824090957642,0.1344558596611023,-0.1283744722604751,0.7459324598312378,0.1370003819465637,0
18,0.0052277548238635,-0.6321366429328918,-0.2977917790412903,0.1688272655010223,-0.468316912651062,-0.0890917554497718,0.217071384191513,-0.2378937005996704,-0.0579011626541614,-0.1662080287933349,-0.4620928466320038,-0.1116683930158615,-0.2418041974306106,-0.2105938196182251,-0.0624431483447551,0.2571797668933868,-0.0193933937698602,-0.1699563115835189,-0.248831570148468,0.0113645708188414,-0.1431018710136413,0.1155218780040741,0.0041139596141874,0.009583338163793,-0.1158257275819778,-0.0047010267153382,-0.008372132666409,0.1104898825287818,0.4130077660083771,-0.0067080343142151,-0.1216525882482528,0.393237292766571,-0.002694783732295,0.1333463788032531,0.7646609544754028,0.1351271867752075,-0.1278514117002487,0.7449435591697693,0.1375417113304138,0
19,0.0050483187660574,-0.6293705105781555,-0.3047018647193908,0.1688173562288284,-0.4676584601402282,-0.091736800968647,0.2170766144990921,-0.2366721183061599,-0.0582300312817096,-0.1661890894174575,-0.4614337086677551,-0.1166747957468032,-0.2416097521781921,-0.208859384059906,-0.0658119842410087,0.2569944560527801,-0.0183719992637634,-0.1692717373371124,-0.2489159107208252,0.0124213974922895,-0.1455812901258468,0.115505076944828,0.0041462304070591,0.0097673246636986,-0.1158082261681556,-0.0047334376722574,-0.0085584232583642,0.1106149703264236,0.4130040109157562,-0.0068567227572202,-0.121517613530159,0.3931990265846252,-0.0028799227438867,0.1331440657377243,0.766455352306366,0.1316001713275909,-0.1278308033943176,0.7449960708618164,0.1362202912569046,0
20,0.0054641524329781,-0.629175066947937,-0.3046113550662994,0.1689285486936569,-0.4676880836486816,-0.091727428138256,0.2169176936149597,-0.2367540299892425,-0.0581536181271076,-0.1661038249731063,-0.4617037773132324,-0.1166773289442062,-0.2415765076875686,-0.2101861238479614,-0.0659006088972091,0.2569902241230011,-0.018280915915966,-0.1690568029880523,-0.2486457526683807,0.0122035574167966,-0.1455607116222381,0.1154937967658042,0.0041877026669681,0.0099288374185562,-0.1157967746257782,-0.0047729220241308,-0.0087243011221289,0.110849030315876,0.4129666686058044,-0.0067367102019488,-0.1216714829206466,0.3931311666965484,-0.0028660299722105,0.1326076686382293,0.7665069103240967,0.1320923715829849,-0.1277158856391906,0.7448891401290894,0.136195883154869,0
21,0.0057471441105008,-0.6290460228919983,-0.3063572943210602,0.1689841598272323,-0.4670780599117279,-0.0932413712143898,0.2166866660118103,-0.236028254032135,-0.0588383004069328,-0.1660078167915344,-0.4613710343837738,-0.1182254925370216,-0.2404833137989044,-0.2098204642534256,-0.0666066408157348,0.2567188143730163,-0.0178755167871713,-0.1692023575305938,-0.2482365816831588,0.0123906852677464,-0.1457014083862304,0.1155027374625206,0.0041923290118575,0.0099818436428904,-0.1158064231276512,-0.004777296911925,-0.0087765045464038,0.1109972447156906,0.413022369146347,-0.0068793385289609,-0.1214275360107421,0.393135130405426,-0.0028433189727365,0.1325589269399643,0.7671200633049011,0.1307508945465088,-0.1274814158678054,0.745128870010376,0.1359976977109909,0
22,0.0057488321326673,-0.6284506320953369,-0.3090892434120178,0.1687724888324737,-0.4663987755775451,-0.0952825099229812,0.2166904360055923,-0.2355769723653793,-0.0600412301719188,-0.1661513149738311,-0.4605211615562439,-0.1206899583339691,-0.2403900027275085,-0.2089856117963791,-0.0688577368855476,0.2566969990730285,-0.0167551487684249,-0.1695956289768219,-0.2482056468725204,0.0133649734780192,-0.1476369202136993,0.1155047938227653,0.0041894563473761,0.0100514311343431,-0.1158092468976974,-0.0047740479931235,-0.0088469265028834,0.1112079694867134,0.4129538536071777,-0.0067334952764213,-0.1214340180158615,0.393089085817337,-0.002849074313417,0.1324818879365921,0.7670167684555054,0.1311757117509842,-0.1277748942375183,0.74504154920578,0.1358324140310287,0
23,0.0055949771776795,-0.6287568807601929,-0.3094027042388916,0.1687668561935424,-0.4663133323192596,-0.0961823388934135,0.2166676521301269,-0.2355334460735321,-0.061376366764307,-0.1661577820777893,-0.4605497121810913,-0.1210668012499809,-0.2395725697278976,-0.2090110033750534,-0.069039337337017,0.2566831409931183,-0.016902232542634,-0.1717659384012222,-0.2469691336154937,0.0132642081007361,-0.1477759629487991,0.1155183315277099,0.0041968864388763,0.0100834220647811,-0.1158242225646972,-0.0047812866978347,-0.0088803237304091,0.1113014444708824,0.4128174185752868,-0.0064760586246848,-0.1214237138628959,0.392957478761673,-0.0025069322437047,0.132364884018898,0.7665762305259705,0.133137971162796,-0.1275134086608886,0.7443999648094177,0.1376386284828186,0
24,0.0040011755190789,-0.6287629008293152,-0.3074439167976379,0.1683952659368515,-0.4666201770305633,-0.0955467000603675,0.218570590019226,-0.2364268004894256,-0.0610305182635784,-0.1669292598962783,-0.4602010846138,-0.1188139617443084,-0.239565297961235,-0.2081981897354126,-0.0659638866782188,0.2592678368091583,-0.017194053158164,-0.171763077378273,-0.2469318509101867,0.0133665921166539,-0.1450099498033523,0.1155179142951965,0.0041512553580105,0.0100481444969773,-0.1158237308263778,-0.0047340458258986,-0.0088449455797672,0.1104339510202407,0.4130676686763763,-0.0096167707815766,-0.1200569421052932,0.392938882112503,-0.0025770149659365,0.1323083341121673,0.7676514387130737,0.1275617629289627,-0.1240803226828575,0.7445265054702759,0.137306809425354,0
25,0.0038371151313185,-0.6286830902099609,-0.3086177110671997,0.1681535392999649,-0.4666367769241333,-0.0979438498616218,0.2185158431529998,-0.2364214807748794,-0.0617578849196434,-0.1677396446466446,-0.4600629806518554,-0.1200865730643272,-0.2411392778158188,-0.2083466500043869,-0.0662242174148559,0.2625289559364319,-0.017140194773674,-0.1717195510864257,-0.249069482088089,0.0133715122938156,-0.1449841260910034,0.1155778840184211,0.0039968052878975,0.009737848304212,-0.1158902868628501,-0.0045819864608347,-0.0085240760818123,0.1096200123429298,0.4130582213401794,-0.0093576749786734,-0.1198426410555839,0.3930315673351288,-0.0021148019004613,0.134581446647644,0.7656678557395935,0.1300318241119384,-0.12385094165802,0.7445294260978699,0.1384181082248687,0
26,0.0035953186452388,-0.6284316182136536,-0.3096136450767517,0.1682219952344894,-0.4661394357681274,-0.0993536263704299,0.2197880148887634,-0.2360615879297256,-0.0629694759845733,-0.1678362488746643,-0.45906862616539,-0.1212325394153595,-0.2413673996925354,-0.2078782320022583,-0.0673408582806587,0.2639442682266235,-0.015821348875761,-0.1717044562101364,-0.2503503262996673,0.0143623230978846,-0.1455036699771881,0.1156070828437805,0.0039243469946086,0.0096974717453122,-0.1159225031733512,-0.0045093423686921,-0.0084819179028272,0.11009231954813,0.4128323197364807,-0.0104285646229982,-0.1198858693242073,0.3930481970310211,-0.0021666856482625,0.1355170607566833,0.7654491662979126,0.1279671043157577,-0.1237251013517379,0.7446538209915161,0.1367285549640655,0
27,0.0031478987075388,-0.6284191012382507,-0.3099682629108429,0.1681421846151352,-0.4660635590553283,-0.0999368652701377,0.220145121216774,-0.2359917908906936,-0.0630655437707901,-0.1683415472507476,-0.4587982892990112,-0.1219862401485443,-0.2413474917411804,-0.2076984792947769,-0.0679298266768455,0.2646394968032837,-0.0154097201302647,-0.1710073202848434,-0.2506747245788574,0.0145616801455616,-0.1459304541349411,0.1156331747770309,0.0038754267152398,0.0096046729013323,-0.1159529387950897,-0.0044605378061532,-0.0083907367661595,0.1101032868027687,0.4125458598136902,-0.0104765743017196,-0.1202795282006263,0.3930587470531463,-0.0020862685050815,0.1355879008769989,0.7648336291313171,0.128029853105545,-0.123915858566761,0.7447263598442078,0.1365328729152679,0
28,0.0032270138617604,-0.6282289624214172,-0.3105490207672119,0.1685567200183868,-0.466029018163681,-0.1011987999081611,0.2217488884925842,-0.2358738631010055,-0.0635042712092399,-0.1683627963066101,-0.4585538804531097,-0.1227030679583549,-0.241428330540657,-0.2075052410364151,-0.0682010725140571,0.2678104639053345,-0.014588052406907,-0.1699742823839187,-0.2511695027351379,0.0153025407344102,-0.145929217338562,0.1156662479043006,0.0038185315206646,0.0093874298036098,-0.1159896776080131,-0.0044033429585397,-0.008170778863132,0.1101045235991478,0.4125710129737854,-0.0108901504427194,-0.1199894174933433,0.3930586278438568,-0.0020179084967821,0.1374672800302505,0.7650154829025269,0.1256264597177505,-0.1221473813056945,0.7447365522384644,0.1362641602754593,0
29,0.0019928945694118,-0.6282623410224915,-0.3076067268848419,0.1675490289926529,-0.4660711884498596,-0.0994202941656112,0.2214570641517639,-0.2360814660787582,-0.0626657009124755,-0.1693711280822754,-0.4585078358650207,-0.119908794760704,-0.2420694530010223,-0.2072798162698745,-0.0652778074145317,0.2669944763183594,-0.0157572161406278,-0.1699365675449371,-0.2516953647136688,0.0153059903532266,-0.1433228105306625,0.1156683340668678,0.0038011951837688,0.0092816455289721,-0.1159931123256683,-0.0043856212869286,-0.0080640818923711,0.1086497455835342,0.4125299155712127,-0.0114934584125876,-0.1203569248318672,0.3929697871208191,-0.0020039617083966,0.1362643539905548,0.7649614214897156,0.125684455037117,-0.1248251423239708,0.7446595430374146,0.1364481449127197,0
30,0.0020821855869144,-0.6280759572982788,-0.3102726340293884,0.1678061187267303,-0.4660997986793518,-0.1026810184121131,0.2217439711093902,-0.2361112534999847,-0.066656082868576,-0.1693572402000427,-0.4584679305553436,-0.1225637719035148,-0.2423364818096161,-0.2076670229434967,-0.0683948248624801,0.2678662538528442,-0.0155417146161198,-0.1723416894674301,-0.2517423033714294,0.0151619017124176,-0.1453642547130584,0.1156974285840988,0.0036736172623932,0.0091806165874004,-0.1160253137350082,-0.0042598331347107,-0.0079600624740123,0.1086417138576507,0.4124849438667297,-0.0078768702223896,-0.1188995391130447,0.3931396901607513,-0.0017962220590561,0.1370234191417694,0.7648974657058716,0.1275052279233932,-0.1232414692640304,0.7449476718902588,0.1363346129655838,0
31,0.0010830569081008,-0.6281482577323914,-0.3040614724159241,0.16693776845932,-0.4665458500385284,-0.098717413842678,0.2209332734346389,-0.2367561757564544,-0.0654171854257583,-0.16995669901371,-0.4584415555000305,-0.1161203011870384,-0.2432142943143844,-0.2076397687196731,-0.0622032135725021,0.2658554315567016,-0.016910521313548,-0.17278952896595,-0.2531749904155731,0.0151645168662071,-0.140051856637001,0.1156885847449302,0.0036599922459572,0.0090079419314861,-0.1160158738493919,-0.004245332442224,-0.0077836401760578,0.1071686893701553,0.4125095009803772,-0.0094709079712629,-0.1203978806734085,0.3930458426475525,-0.0017648256616666,0.1343686729669571,0.7650326490402222,0.1258956640958786,-0.126620814204216,0.7450112104415894,0.1358297616243362,0
32,0.0010465229861438,-0.6279347538948059,-0.3042415380477905,0.1671125292778015,-0.4672512412071228,-0.0988030806183815,0.2209659963846206,-0.2370412349700927,-0.0653462558984756,-0.1696822941303253,-0.4593598544597626,-0.1163173019886016,-0.2431660145521164,-0.2092930227518081,-0.0624159760773181,0.2663003206253052,-0.0166024286299943,-0.171184167265892,-0.2531770467758178,0.0142488423734903,-0.1401817947626114,0.1156936958432197,0.0036238890606909,0.0088106142356991,-0.1160222962498664,-0.0042100232094526,-0.0075838235206902,0.1071734130382537,0.4126794934272766,-0.0072104171849787,-0.1196716502308845,0.3933300673961639,-0.0016878576716408,0.1350922137498855,0.7652357220649719,0.1260830014944076,-0.1257704645395279,0.7466278672218323,0.1343319714069366,0
33,0.0015667484840378,-0.6277539134025574,-0.304375022649765,0.1679195761680603,-0.4670754373073578,-0.0982971563935279,0.2213389575481414,-0.2365287095308303,-0.0628473609685897,-0.1687537580728531,-0.4593640565872192,-0.1164201349020004,-0.2421156764030456,-0.2089812606573104,-0.0624549463391304,0.2662113606929779,-0.0165339782834053,-0.1673251092433929,-0.2514259815216064,0.0147071974352002,-0.1402280628681183,0.1156922429800033,0.003622256219387,0.008773892186582,-0.1160230711102485,-0.0042092190124094,-0.0075469221919775,0.1079887449741363,0.4126036465167999,-0.0093029765412211,-0.1197170838713646,0.3933585584163666,-0.0019056275486946,0.1352827101945877,0.7653399109840393,0.1232545301318168,-0.1259991973638534,0.7472076416015625,0.1325808614492416,0
34,0.0018621049821376,-0.625575602054596,-0.3095789551734924,0.1680031269788742,-0.4666687548160553,-0.1007013171911239,0.2213020473718643,-0.2360766232013702,-0.0636003986001014,-0.1686560958623886,-0.4589844048023224,-0.1200617998838424,-0.2421491593122482,-0.2084482610225677,-0.0653484016656875,0.2660894393920898,-0.0163276512175798,-0.1675112247467041,-0.2512451410293579,0.0154142715036869,-0.1421058773994445,0.1156972199678421,0.0036093306262046,0.0087419925257563,-0.1160302236676216,-0.0041966838762164,-0.0075148772448301,0.108205534517765,0.4125979840755462,-0.0096903005614876,-0.1197606325149536,0.3934182524681091,-0.0018889340572059,0.1347134858369827,0.765486478805542,0.1226659193634986,-0.1259687095880508,0.747467041015625,0.1320755183696746,0
35,0.0019245415460318,-0.6254560947418213,-0.3113981485366821,0.1681181043386459,-0.4664981365203857,-0.1025504767894744,0.22133868932724,-0.2359535545110702,-0.0650526508688926,-0.1685992926359176,-0.4586040377616882,-0.1210018470883369,-0.2421534210443496,-0.2081716060638427,-0.0659208372235298,0.2658659815788269,-0.0160047058016061,-0.1686071008443832,-0.2517967820167541,0.015552531927824,-0.1424799859523773,0.1157239601016044,0.003590214299038,0.0086291898041963,-0.1160586178302764,-0.0041778529994189,-0.0074027855880558,0.1083950400352478,0.4125422239303589,-0.0110198352485895,-0.1201266944408416,0.3934181630611419,-0.0016532881418243,0.1341738849878311,0.7649189233779907,0.1228741034865379,-0.12573903799057,0.7473558187484741,0.132588505744934,0
36,0.0021411194466054,-0.6251963376998901,-0.3110780417919159,0.1683504283428192,-0.4665905237197876,-0.1016608998179435,0.2216990441083908,-0.2361807823181152,-0.0650630816817283,-0.1684752702713012,-0.4586878716945648,-0.1207481548190116,-0.2424408942461013,-0.2082808315753936,-0.0661960989236831,0.2655634880065918,-0.0162080805748701,-0.1709378659725189,-0.2504241466522217,0.0152963642030954,-0.1441842466592788,0.1157116070389747,0.0036334032192826,0.0086773764342069,-0.1160452365875244,-0.0042214859277009,-0.007454140111804,0.1083315387368202,0.4125867486000061,-0.0109847737476229,-0.1193040087819099,0.3931542634963989,-0.0017824964597821,0.1341078430414199,0.7654913663864136,0.1237468421459198,-0.1221630275249481,0.7463165521621704,0.1328530609607696,0
37,0.0014912646729499,-0.623389482498169,-0.3110609650611877,0.1683592945337295,-0.4660446941852569,-0.1016661450266838,0.2217210084199905,-0.2352991849184036,-0.0653291568160057,-0.1680958867073059,-0.4586131274700165,-0.120151937007904,-0.2423470914363861,-0.2078091502189636,-0.0655442252755165,0.2650696635246277,-0.0154539244249463,-0.171106144785881,-0.2506373226642608,0.0167007073760032,-0.1436223983764648,0.1156912893056869,0.0036460950504988,0.0086053293198347,-0.11602483689785,-0.0042349104769527,-0.0073802773840725,0.1087834239006042,0.4124894440174103,-0.0124305393546819,-0.1199271231889724,0.3931443095207214,-0.0024138526059687,0.1331829279661178,0.7660436034202576,0.1186100617051124,-0.1226590499281883,0.7468790411949158,0.1267928332090377,0
38,0.0015967087820172,-0.6231441497802734,-0.3125500380992889,0.1685356646776199,-0.4650028944015503,-0.1018714606761932,0.2213661670684814,-0.2331342250108719,-0.0651393011212349,-0.1677156239748001,-0.4584764838218689,-0.1222974509000778,-0.2426782250404358,-0.2074908763170242,-0.0685615837574005,0.2645729482173919,-0.013643005862832,-0.1693195104598999,-0.2505996525287628,0.017524130642414,-0.1462587416172027,0.1156746074557304,0.0036865037400275,0.0086786458268761,-0.1160102039575576,-0.0042768674902617,-0.0074542532674968,0.1087934672832489,0.4124796688556671,-0.0122634274885058,-0.1197744756937027,0.3932128846645355,-0.0026248602662235,0.1332121193408966,0.7667427659034729,0.1187615394592285,-0.1226829513907432,0.7471762895584106,0.1266629695892334,0
39,0.0012529542436823,-0.6218969821929932,-0.3158239424228668,0.1690753400325775,-0.4647296667098999,-0.1050296872854232,0.2213606387376785,-0.2325263023376464,-0.0666620135307312,-0.1676040887832641,-0.4584658145904541,-0.1239678859710693,-0.2431268543004989,-0.2077193856239318,-0.0693529322743415,0.2645275294780731,-0.0131198158487677,-0.170191153883934,-0.250933438539505,0.0172186810523271,-0.1468598842620849,0.1157088503241539,0.0037359832786023,0.008548972196877,-0.1160515248775482,-0.0043287212029099,-0.0073323780670762,0.10895836353302,0.4124070107936859,-0.0122998654842376,-0.1202637702226638,0.3929504156112671,-0.0018442783039063,0.1332015246152877,0.7658191323280334,0.1229158863425254,-0.1233138591051101,0.746009111404419,0.1321730464696884,0
40,0.0012058815918862,-0.6233285665512085,-0.30064457654953,0.1692363023757934,-0.465296596288681,-0.0962738320231437,0.2214241623878479,-0.2327658087015152,-0.0622120127081871,-0.16688272356987,-0.4599409997463226,-0.110686644911766,-0.2433229088783264,-0.2093254327774047,-0.0589417964220047,0.2644657492637634,-0.0137136289849877,-0.1682162433862686,-0.2506442964076996,0.0157761685550212,-0.1390222311019897,0.1156616806983947,0.0037783891893923,0.0083071701228618,-0.1160055249929428,-0.0043700742535293,-0.0070876232348382,0.1086993888020515,0.412405788898468,-0.0123228151351213,-0.1202916800975799,0.3929654061794281,-0.0022568977437913,0.1339225620031356,0.7660531997680664,0.121602714061737,-0.1240628212690353,0.7473433017730713,0.1286377012729644,0
41,0.0013449765974655,-0.6225237846374512,-0.3041361570358276,0.1692704558372497,-0.4653857052326202,-0.0981274768710136,0.2210062593221664,-0.2328826487064361,-0.063826784491539,-0.1669167429208755,-0.4599469602108001,-0.1115627810359001,-0.2438190579414367,-0.209328681230545,-0.0592876002192497,0.2633944749832153,-0.0137358559295535,-0.1710428595542907,-0.2508330941200256,0.0157647356390953,-0.1391986459493637,0.1156818121671676,0.0037838977295905,0.0081506399437785,-0.1160264164209365,-0.0043766596354544,-0.0069274432025849,0.1084906607866287,0.4125891923904419,-0.0126262847334146,-0.1206037849187851,0.3929677903652191,-0.002064598724246,0.1333117932081222,0.7659951448440552,0.1218464970588684,-0.1241535246372222,0.7473555207252502,0.1290087848901748,0
42,0.0019665558356791,-0.6219037175178528,-0.3044964671134949,0.1693500578403473,-0.4653995931148529,-0.0982917621731758,0.221001386642456,-0.2328693270683288,-0.0638370811939239,-0.1668743342161178,-0.459816426038742,-0.1120446324348449,-0.2438563704490661,-0.2090699970722198,-0.0597960278391838,0.2632306516170501,-0.0136255687102675,-0.1708847731351852,-0.2508665025234222,0.0161597020924091,-0.1400811225175857,0.1156631335616111,0.0037729851901531,0.0081205163151025,-0.1160080507397651,-0.0043659564107656,-0.0068973680026829,0.1087231338024139,0.4125860929489136,-0.012637217529118,-0.1207616925239563,0.3930083811283111,-0.0020804919768124,0.1355254501104354,0.7665687799453735,0.1201108619570732,-0.1243426278233528,0.7477453947067261,0.1281446069478988,0
43,0.0020931237377226,-0.621711015701294,-0.3064691126346588,0.1693828552961349,-0.4654602706432342,-0.0994078516960144,0.2207611501216888,-0.2329509556293487,-0.0647577419877052,-0.1668543070554733,-0.4598173499107361,-0.1132903918623924,-0.2440790235996246,-0.2090450376272201,-0.0604277327656745,0.2626477777957916,-0.0136797968298196,-0.1725022345781326,-0.2508795857429504,0.0161654837429523,-0.1405369043350219,0.1156841292977333,0.0037734534125775,0.0080248974263668,-0.1160302013158798,-0.0043676262721419,-0.0067987637594342,0.108534350991249,0.4126742780208587,-0.0126416571438312,-0.1208892092108726,0.3930733501911163,-0.0019187547732144,0.1349755674600601,0.766373872756958,0.1212174221873283,-0.1246838420629501,0.7478111982345581,0.1287258565425872,0
44,0.0021096051204949,-0.6205974221229553,-0.3070596754550934,0.1692254245281219,-0.4652639925479889,-0.0994599685072898,0.2207886427640915,-0.2326144576072693,-0.0644737780094146,-0.166849747300148,-0.4594129025936126,-0.1136894449591636,-0.2440363019704818,-0.2076521515846252,-0.0611100234091281,0.2626002430915832,-0.0128967138007283,-0.1718363910913467,-0.2508037090301513,0.0180023368448019,-0.1417959779500961,0.1156457811594009,0.0037622707895934,0.0079956380650401,-0.1159931644797325,-0.0043571945279836,-0.0067694610916078,0.1086061745882034,0.4126736223697662,-0.0125555163249373,-0.1209865510463714,0.3932452797889709,-0.0021241463255137,0.1363523304462433,0.7670090794563293,0.1198407337069511,-0.1258670687675476,0.7491140961647034,0.1267930567264557,0
45,0.0019952289294451,-0.6205524206161499,-0.309506356716156,0.1693727523088455,-0.4647427201271057,-0.1005268394947052,0.2209930717945099,-0.2322716265916824,-0.0649536550045013,-0.1666766256093979,-0.4592172801494598,-0.1158685311675071,-0.2439638823270797,-0.2075699418783188,-0.0626177936792373,0.262738823890686,-0.0125527204945683,-0.1718992739915847,-0.2507107853889465,0.0180938746780157,-0.1428768634796142,0.1156474128365516,0.0037748008035123,0.0079744150862097,-0.1159962937235832,-0.0043709087185561,-0.0067481338046491,0.1087164133787155,0.4126509726047516,-0.0126968007534742,-0.1209020093083381,0.3932734131813049,-0.002169580431655,0.1360926479101181,0.7670460343360901,0.1197170168161392,-0.1258856505155563,0.7491888999938965,0.1268155723810196,0
46,0.00218455074355,-0.6210533380508423,-0.3096473813056946,0.1694144308567047,-0.4647648632526397,-0.1005001589655876,0.2211592197418213,-0.2324452102184295,-0.064823180437088,-0.1667928248643875,-0.4591519832611084,-0.116053432226181,-0.2439901083707809,-0.2074594050645828,-0.0629713460803031,0.2627537846565246,-0.0125277312472462,-0.171782448887825,-0.2497937530279159,0.0181033480912446,-0.1432272940874099,0.115665465593338,0.0037687309086322,0.0079422686249017,-0.1160168126225471,-0.0043655503541231,-0.00671525625512,0.1084149181842804,0.4127209782600403,-0.012623181566596,-0.1206086277961731,0.3933061361312866,-0.0021590865217149,0.1355526745319366,0.7670372128486633,0.1203091591596603,-0.1256731301546096,0.7492194771766663,0.1271590888500213,0
47,0.0022271214984357,-0.6205799579620361,-0.3112636506557464,0.1693343371152877,-0.4647375643253326,-0.101006232202053,0.2211154550313949,-0.2326489239931106,-0.0650632381439209,-0.1668020337820053,-0.4591281116008758,-0.1181069687008857,-0.243788331747055,-0.2074231952428817,-0.0650973990559578,0.2627188861370086,-0.0125126717612147,-0.1723145097494125,-0.2498310655355453,0.0181252285838127,-0.1452666372060775,0.1156848222017288,0.0037685665301978,0.0079274475574493,-0.1160354614257812,-0.0043659582734107,-0.0067005110904574,0.1085186600685119,0.4126938283443451,-0.0143196349963545,-0.1215533539652824,0.3931324779987335,-0.0021172119304537,0.135023832321167,0.7657006978988647,0.1209737658500671,-0.1258278489112854,0.7477039098739624,0.1294600069522857,0
48,0.0024905581958591,-0.6211356520652771,-0.3147758543491363,0.1687746345996856,-0.4648068249225616,-0.1015313938260078,0.2211101353168487,-0.2338585406541824,-0.0652030333876609,-0.1673734337091446,-0.4588794112205505,-0.1252592206001281,-0.2432558089494705,-0.2070625573396682,-0.0733148530125618,0.262902170419693,-0.013056986965239,-0.1726417988538742,-0.2477713227272033,0.0181720368564128,-0.1513816565275192,0.1156858652830123,0.003745089052245,0.0084777018055319,-0.116036407649517,-0.0043438095599412,-0.0072519034147262,0.108149766921997,0.412685215473175,-0.011263576336205,-0.1211601793766021,0.393205463886261,-0.0021889207419008,0.1334728300571441,0.7657203674316406,0.1267484128475189,-0.1250418722629547,0.7472831606864929,0.131301924586296,0
49,0.0025266725569963,-0.6230788230895996,-0.3162803053855896,0.1699171364307403,-0.4649865925312042,-0.1039798930287361,0.2240634709596634,-0.2346564978361129,-0.0671845749020576,-0.1671812683343887,-0.4588523805141449,-0.1278782188892364,-0.242068275809288,-0.2069921940565109,-0.0747581198811531,0.2672812342643738,-0.0135635863989591,-0.1736723780632019,-0.2477000951766967,0.0183016248047351,-0.1516431421041488,0.1157670393586158,0.0037199123762547,0.0084547838196158,-0.1161210536956787,-0.004319779574871,-0.0072307586669921,0.1081108152866363,0.4124065339565277,-0.0089642712846398,-0.1206136792898178,0.3929860889911651,-0.0014825538964942,0.1337875872850418,0.7634939551353455,0.1342294216156005,-0.1231674626469612,0.7446646094322205,0.1383104473352432,0
50,0.0023159496486186,-0.6237847208976746,-0.3162166476249695,0.1699178665876388,-0.4653731882572174,-0.1040463745594024,0.2236710637807846,-0.2356133610010147,-0.0678310692310333,-0.1671435534954071,-0.4591979682445526,-0.127731904387474,-0.2419448345899582,-0.2075095474720001,-0.0743785351514816,0.2663426399230957,-0.015333142131567,-0.1768389791250229,-0.2490866333246231,0.0175339803099632,-0.151092067360878,0.1157775744795799,0.003767944406718,0.0084829879924654,-0.1161308363080024,-0.004369109403342,-0.0072604166343808,0.1068999096751213,0.4123860895633697,-0.0086211860179901,-0.1211022362112999,0.3927360475063324,-0.0009928648360073,0.1317551881074905,0.7626734972000122,0.1392813771963119,-0.1232862696051597,0.7432758808135986,0.1419519186019897,0
51,0.0023307802621275,-0.6239256262779236,-0.3161974847316742,0.169953852891922,-0.4654482007026672,-0.1041239723563194,0.2239464670419693,-0.2360019385814666,-0.0679095685482025,-0.167133942246437,-0.4591441452503204,-0.1276778578758239,-0.2419201582670211,-0.2076349556446075,-0.074306920170784,0.2664384245872497,-0.0154919000342488,-0.1767595559358596,-0.2490804940462112,0.017393684014678,-0.1506754457950592,0.1157813668251037,0.0037688312586396,0.0085591906681656,-0.1161343529820442,-0.0043700421229004,-0.0073382575064897,0.1069153398275375,0.4122640788555145,-0.0086146295070648,-0.1210633814334869,0.3927158713340759,-0.0010964297689497,0.1313563883304596,0.7629050016403198,0.1376496702432632,-0.1232703253626823,0.7432535290718079,0.1412341296672821,0
52,0.0023460707161575,-0.624363124370575,-0.3150711059570312,0.1700356304645538,-0.4663111567497253,-0.1040922254323959,0.2237218171358108,-0.237163096666336,-0.0680671483278274,-0.1670533120632171,-0.4597641825675964,-0.126623660326004,-0.2419104725122451,-0.2085536271333694,-0.0732218697667121,0.2662891745567322,-0.0167901683598756,-0.177213653922081,-0.2494011223316192,0.0167583264410495,-0.1491488367319107,0.1157956421375274,0.0037686650175601,0.0084964511916041,-0.1161495968699455,-0.004369999282062,-0.0072779506444931,0.106643296778202,0.4122860431671142,-0.0074642351828515,-0.1211941614747047,0.3927163481712341,0.0002554031379986,0.1313025057315826,0.7626901865005493,0.1398808062076568,-0.1231692135334014,0.7432661652565002,0.1431999802589416,0
53,0.0023582789581269,-0.6255667805671692,-0.3024003207683563,0.1696939319372177,-0.4667721092700958,-0.0968525558710098,0.2232802212238311,-0.2372197210788726,-0.0636930242180824,-0.1670469343662262,-0.4600026607513428,-0.1168553978204727,-0.2419056147336959,-0.2085928469896316,-0.0668767094612121,0.2660724520683288,-0.0171107202768325,-0.1725133508443832,-0.2494478970766067,0.0164084415882825,-0.145277515053749,0.1157551854848861,0.0037564241793006,0.0084041012451052,-0.1161069348454475,-0.0043565584346652,-0.0071814162656664,0.1066315770149231,0.4122381210327148,-0.0076267747208476,-0.1212178692221641,0.3929175436496734,-0.0005702975904569,0.13212251663208,0.7632917165756226,0.1326441913843155,-0.1237626001238823,0.7457199692726135,0.1339508295059204,0
54,0.0019602845422923,-0.6257450580596924,-0.3030401170253753,0.1694806218147277,-0.4667786061763763,-0.0971589609980583,0.2229160070419311,-0.2370404452085495,-0.0641481280326843,-0.1671684086322784,-0.4598758518695831,-0.1170368120074272,-0.2418925464153289,-0.2083612084388733,-0.0670326203107833,0.265590637922287,-0.0169944427907466,-0.1725845038890838,-0.249470517039299,0.0165348779410123,-0.1452866196632385,0.1157398596405983,0.0037375951651483,0.0084227276965975,-0.1160912662744522,-0.0043371985666453,-0.007199210114777,0.1066965013742446,0.4121043384075165,-0.0069002257660031,-0.1210791021585464,0.3930951058864593,-0.0005821646773256,0.1320864111185073,0.7637766003608704,0.1321591585874557,-0.1237066760659217,0.7465159296989441,0.1332055032253265,0
55,0.0019041491905227,-0.6257457137107849,-0.3063379228115082,0.1698760837316513,-0.4666117429733276,-0.1004962846636772,0.2231817990541458,-0.2367965877056121,-0.0671200975775718,-0.1667378395795822,-0.4597177505493164,-0.1197543367743492,-0.2413842976093292,-0.2083364576101303,-0.0686125233769416,0.2656049728393554,-0.0167465358972549,-0.1740776300430297,-0.2493573427200317,0.0167480148375034,-0.145618200302124,0.1157373711466789,0.003735571866855,0.0084245568141341,-0.1160890609025955,-0.0043350690975785,-0.0072016147896647,0.1072354838252067,0.4119204878807068,-0.0069333421997725,-0.1207430437207222,0.3931058943271637,-0.0004819828900508,0.1321171820163726,0.7637749314308167,0.1321451514959335,-0.123128168284893,0.7465271353721619,0.1335412859916687,0
56,0.0019007633673027,-0.6261391639709473,-0.3066102564334869,0.1698974370956421,-0.4667598605155945,-0.1004026010632515,0.2223707884550094,-0.2371823340654373,-0.0663710311055183,-0.1666895151138305,-0.4606853127479553,-0.1198596134781837,-0.2412073165178299,-0.209978848695755,-0.0681957602500915,0.2650611102581024,-0.0172579418867826,-0.1740224808454513,-0.2493468225002288,0.0157763697206974,-0.1449244320392608,0.1157572492957115,0.0038215997628867,0.008425717242062,-0.1161094158887863,-0.0044205444864928,-0.0072048977017402,0.1061658188700676,0.4120133519172668,-0.0084074456244707,-0.122298888862133,0.3928543329238891,9.375112858833744e-05,0.130491241812706,0.7628061175346375,0.1367971301078796,-0.1231807395815849,0.7443445324897766,0.1424499899148941,0
57,0.0020745345391333,-0.6274321675300598,-0.295992910861969,0.169817253947258,-0.4675659835338592,-0.0938547402620315,0.2223145812749862,-0.2377281039953231,-0.0634410381317138,-0.1666036546230316,-0.4609026610851288,-0.1110312715172767,-0.2409812361001968,-0.210151195526123,-0.0618723221123218,0.2647784054279327,-0.0177157521247863,-0.1724640727043151,-0.2493513077497482,0.015377739444375,-0.1404810547828674,0.115707017481327,0.0038111442700028,0.0083618154749274,-0.1160546839237213,-0.0044079818762838,-0.0071383020840585,0.1061568483710289,0.4120047986507416,-0.0083390995860099,-0.1221757233142852,0.39310023188591,-0.0004062035004608,0.1311934143304824,0.763568103313446,0.1328263729810714,-0.123277723789215,0.7467218637466431,0.1354483515024185,0
58,0.002990331267938,-0.6276057362556458,-0.2969309985637665,0.1703317761421203,-0.4676250517368316,-0.0948426201939582,0.2222896963357925,-0.2379279732704162,-0.0641839206218719,-0.1663584411144256,-0.4609071314334869,-0.1120348796248436,-0.2407585233449936,-0.2101624608039856,-0.0620595589280128,0.2644186317920685,-0.0177594255656003,-0.1736974418163299,-0.249112069606781,0.0153624946251511,-0.1405304968357086,0.1157108396291732,0.0038170570041984,0.0083106784150004,-0.1160584911704063,-0.0044133057817816,-0.0070892986841499,0.1060660630464553,0.412038654088974,-0.0088069187477231,-0.1220338344573974,0.3929230868816376,0.0002680352772586,0.1312821209430694,0.7630594968795776,0.134706825017929,-0.122831292450428,0.7455822229385376,0.1405480802059173,0
59,0.0032459036447107,-0.6276794075965881,-0.2993965744972229,0.1705241948366165,-0.4676516056060791,-0.0965665653347969,0.2223137766122818,-0.2381886094808578,-0.0652671977877616,-0.1662753969430923,-0.4610986411571502,-0.1141194030642509,-0.2406110912561416,-0.2107669115066528,-0.0628078356385231,0.2643659710884094,-0.0178816337138414,-0.1755779087543487,-0.2489956021308899,0.0149825615808367,-0.1406168639659881,0.1157271564006805,0.0038386322557926,0.0083007477223873,-0.1160751208662986,-0.0044339462183415,-0.0070800622925162,0.1053751036524772,0.4121236801147461,-0.009168348275125,-0.1223296970129013,0.3927103281021118,0.0009482406312599,0.1305828541517257,0.7622628808021545,0.138117030262947,-0.12278563529253,0.7438809871673584,0.1451905667781829,0
60,0.0031260047107934,-0.6216315627098083,-0.3089715838432312,0.1678547114133834,-0.4666657745838165,-0.0971881598234176,0.2203219085931778,-0.236032024025917,-0.0646417513489723,-0.1669350713491439,-0.4604361355304718,-0.1200860366225242,-0.240609660744667,-0.2071343809366226,-0.0695914104580879,0.2603470981121063,-0.0147044556215405,-0.173319473862648,-0.2458041459321975,0.0186980739235878,-0.1500073075294494,0.1156704723834991,0.0038452998269349,0.008587616495788,-0.1160131990909576,-0.0044424603693187,-0.0073618465103209,0.1054770871996879,0.4124518036842346,-0.0090501653030514,-0.1223259270191192,0.3929062783718109,-0.000740370247513,0.1296968460083007,0.7675362825393677,0.1262256056070327,-0.1239497289061546,0.745964765548706,0.1315563470125198,0
61,0.0028286299202591,-0.6233436465263367,-0.3087431788444519,0.1678888499736786,-0.4676524400711059,-0.0973500534892082,0.2202440798282623,-0.2376497983932495,-0.0646561905741691,-0.1670191884040832,-0.4610562026500702,-0.1199656799435615,-0.2416688501834869,-0.2105377614498138,-0.0694140866398811,0.2623772025108337,-0.0153857041150331,-0.1735624223947525,-0.2466492056846618,0.0166610963642597,-0.1493287682533264,0.1157016977667808,0.0037816218100488,0.0084939617663621,-0.1160487011075019,-0.0043772305361926,-0.0072716772556304,0.1047927290201187,0.412458062171936,-0.0069457688368856,-0.1214606091380119,0.3930074870586395,-0.0003398535191081,0.1303765773773193,0.7628061175346375,0.1412893235683441,-0.1239324733614921,0.7456968426704407,0.1404057890176773,0
62,0.0020392013248056,-0.6235776543617249,-0.3099022209644317,0.1679377406835556,-0.4675062298774719,-0.0990902036428451,0.2214365452528,-0.23722605407238,-0.0652032643556594,-0.1670141816139221,-0.4609756171703338,-0.1208940595388412,-0.2414382994174957,-0.2098026424646377,-0.0698630660772323,0.2626510262489319,-0.0146899605169892,-0.1733940690755844,-0.2466057240962982,0.0167376492172479,-0.1493140757083892,0.115705095231533,0.0037821657024323,0.0084450663998723,-0.1160533502697944,-0.0043784179724752,-0.0072233956307172,0.1050813272595405,0.4122866690158844,-0.0072294175624847,-0.1217323690652847,0.3931016027927398,-0.0005870361928828,0.1304195374250412,0.7628329992294312,0.1386300325393676,-0.1245887801051139,0.746085524559021,0.1376543045043945,0
63,0.0020775028970092,-0.6203628778457642,-0.3182953000068664,0.1677309721708297,-0.4664559960365295,-0.104372851550579,0.2214568853378296,-0.2364737838506698,-0.0669448748230934,-0.1673287004232406,-0.4602537453174591,-0.1280795782804489,-0.2423342764377594,-0.2093686610460281,-0.0757740586996078,0.2624620795249939,-0.012733832001686,-0.1734051704406738,-0.2478175461292266,0.0182109735906124,-0.1537558734416961,0.1157132759690284,0.0037358556874096,0.0084236823022365,-0.11606265604496,-0.0043355547823011,-0.0072019235230982,0.1053826361894607,0.4120920598506927,-0.0072466847486793,-0.1220359057188034,0.3931068181991577,-0.0005968589102849,0.1305033564567566,0.7625847458839417,0.1368622481822967,-0.1250798255205154,0.7460429072380066,0.1363108456134796,0
64,0.0018553589470684,-0.6208203434944153,-0.3160578608512878,0.1674495041370391,-0.4667482078075409,-0.103720523416996,0.2198008745908737,-0.2364825010299682,-0.0659907087683677,-0.167786493897438,-0.4605421423912048,-0.1267703920602798,-0.2429748028516769,-0.2096985429525375,-0.0747539177536964,0.2617176175117492,-0.0129199381917715,-0.171164184808731,-0.2478667199611663,0.0180990975350141,-0.1524710357189178,0.1157306730747222,0.0036912818904966,0.0083938706666231,-0.1160825416445732,-0.0042919944971799,-0.0071706902235746,0.1050169318914413,0.4122454822063446,-0.0061630201525986,-0.1219371557235717,0.3934771120548248,-0.0004806916695088,0.1307933032512664,0.7625605463981628,0.1382951140403747,-0.1243354901671409,0.7464088201522827,0.1366399824619293,0
65,0.0008876263163983,-0.6210119128227234,-0.3160496354103088,0.1674198657274246,-0.4659715294837951,-0.1043223589658737,0.2206526845693588,-0.2347153723239898,-0.0663214027881622,-0.1679147630929947,-0.459056943655014,-0.127452403306961,-0.2429632097482681,-0.2066501230001449,-0.0757562816143035,0.2619386315345764,-0.011187451891601,-0.1699606031179428,-0.2478515654802322,0.0205565225332975,-0.1532422751188278,0.1157145947217941,0.0036654148716479,0.0083819162100553,-0.1160684078931808,-0.0042664660140872,-0.0071586403064429,0.1053777113556861,0.411874771118164,-0.006181820295751,-0.1212827861309051,0.3934983313083648,-0.0011325646191835,0.1318122893571853,0.7631901502609253,0.1312720626592636,-0.1247574016451835,0.7468932271003723,0.1315717548131942,0
66,0.0004761296731885,-0.6213040947914124,-0.3159369826316833,0.1674857437610626,-0.465969443321228,-0.105100005865097,0.2207370847463607,-0.2347017526626587,-0.0667950063943862,-0.168165236711502,-0.4587314426898956,-0.1279864460229873,-0.2429640889167785,-0.2066495269536972,-0.076417252421379,0.2619906961917877,-0.0111572565510869,-0.1697848886251449,-0.247516319155693,0.0208610575646162,-0.1533004194498062,0.1157332211732864,0.0036111057270318,0.0083586759865283,-0.1160909309983253,-0.0042125675827264,-0.0071361693553626,0.1053677275776863,0.4116708636283874,-0.005316765513271,-0.121401123702526,0.3935320079326629,-0.0006783958524465,0.1318991184234619,0.7631851434707642,0.1316630691289901,-0.1245571970939636,0.7469052672386169,0.1321850270032882,0
67,0.0004278520937077,-0.6256008148193359,-0.3103575110435486,0.1674884408712387,-0.4665165543556213,-0.1034440994262695,0.220614492893219,-0.2351466119289398,-0.0665418803691864,-0.1682334840297699,-0.4590098261833191,-0.1239887475967407,-0.2432605624198913,-0.2069457471370697,-0.0734763294458389,0.2619557082653045,-0.0122201852500438,-0.1697651147842407,-0.2478394508361816,0.0199690982699394,-0.150748923420906,0.1157422140240669,0.0035703992471098,0.0083254678174853,-0.1161011084914207,-0.0041705844923853,-0.007100885733962,0.1053084805607795,0.4117015898227691,-0.003842650912702,-0.1210775524377822,0.3936871290206909,-0.000550472177565,0.1319960951805114,0.7630689144134521,0.1351103037595749,-0.1234501898288726,0.747167706489563,0.1327001005411148,0
68,0.0003422789450269,-0.6257501244544983,-0.3111323118209839,0.1674702614545822,-0.466393381357193,-0.103765569627285,0.2211705297231674,-0.2350952327251434,-0.0666760727763176,-0.1682610213756561,-0.4586115479469299,-0.12482450902462,-0.2428365796804428,-0.2062270939350128,-0.0741117522120475,0.2620372474193573,-0.011966148391366,-0.1696433573961258,-0.2474400997161865,0.0200093574821949,-0.1513503044843673,0.1157393306493759,0.0035317703150212,0.008308196440339,-0.1160995289683342,-0.0041324077174067,-0.0070832753553986,0.1064721867442131,0.4110984802246094,-0.0045949546620249,-0.1210812926292419,0.3936380743980407,-0.0008342273067682,0.1325868666172027,0.7627202272415161,0.1329770982265472,-0.1242739409208297,0.7471320629119873,0.1312773078680038,0
69,0.0004947947454638,-0.6256677508354187,-0.3119365572929382,0.1674620509147644,-0.4663914740085602,-0.1038056090474128,0.221185103058815,-0.2351115494966507,-0.0665426850318908,-0.1683918833732605,-0.4585959613323211,-0.1261029988527298,-0.2427994608879089,-0.2061878144741058,-0.0757611170411109,0.2620362639427185,-0.0118728196248412,-0.1691847145557403,-0.2471292316913604,0.0202252846211195,-0.1533496677875518,0.1157484948635101,0.003494129050523,0.0083166109398007,-0.1161100193858146,-0.0040953834541141,-0.0070920442230999,0.105796992778778,0.4111687242984772,-0.0043212529271841,-0.1207861378788948,0.3937349319458008,-0.0007726739277131,0.1330058276653289,0.7625926733016968,0.135080948472023,-0.1237710639834404,0.7471407055854797,0.1332262009382248,0
70,1.4566464415111112e-05,-0.6259205937385559,-0.3104978799819946,0.165698230266571,-0.466520756483078,-0.1032936349511146,0.219175711274147,-0.2352078258991241,-0.0664680525660514,-0.1695061028003692,-0.4585076570510864,-0.12482450902462,-0.2437405437231063,-0.2055858671665191,-0.0749353840947151,0.2608538568019867,-0.012131349183619,-0.1691686809062957,-0.2476570159196853,0.0207165367901325,-0.1525173336267471,0.1157369241118431,0.003412886057049,0.0082684233784675,-0.1160991042852401,-0.0040126428939402,-0.0070405229926109,0.1047984212636947,0.411390095949173,-0.0038752765394747,-0.1207701936364173,0.3939391374588012,-0.0007942508673295,0.1330406963825225,0.7632890343666077,0.1343893706798553,-0.1238254830241203,0.7478445768356323,0.1322578340768814,0
71,-7.848314453440253e-06,-0.6265473365783691,-0.3109357953071594,0.1655026823282241,-0.4673895537853241,-0.1035046949982643,0.2191578894853592,-0.237610787153244,-0.0672464445233345,-0.1697145849466323,-0.4594272673130035,-0.124832846224308,-0.2442523390054702,-0.2079883068799972,-0.0749296247959137,0.2616941034793854,-0.0134787587448954,-0.1716976016759872,-0.2486566305160522,0.0189566239714622,-0.1525091975927353,0.115777388215065,0.0033650761470198,0.0081804255023598,-0.1161396652460098,-0.0039638988673686,-0.0069547942839562,0.1041861623525619,0.4119555950164795,-0.0023326338268816,-0.120732270181179,0.3939554989337921,0.0004495231551118,0.1327943950891494,0.761113703250885,0.1479930132627487,-0.1229880973696708,0.746674120426178,0.1421738117933273,0
72,-0.0002070155751425,-0.6265782713890076,-0.3068666458129883,0.1650863289833068,-0.468170553445816,-0.1000953093171119,0.2190046161413192,-0.2381238043308258,-0.066406562924385,-0.1706695705652237,-0.4594674706459045,-0.1199855804443359,-0.2449401319026947,-0.2075709849596023,-0.0702098682522773,0.2609051764011383,-0.0144529631361365,-0.1719086766242981,-0.2475697845220565,0.0190410297363996,-0.1491842865943908,0.1157582849264144,0.0033097583800554,0.0081581762060523,-0.1161164194345474,-0.0039064204320311,-0.0069317743182182,0.1053137183189392,0.4119119048118591,-0.0037508213426917,-0.1171631664037704,0.3936164975166321,-0.000192853010958,0.1330757141113281,0.7614638805389404,0.1379090398550033,-0.1207038015127182,0.7463498711585999,0.138468787074089,0
73,-0.0002961453283205,-0.6266371607780457,-0.3062711060047149,0.1649791002273559,-0.4682785868644714,-0.0999819189310073,0.2188258320093155,-0.2381791472434997,-0.0664353817701339,-0.1709916442632675,-0.4594628512859344,-0.1193223297595977,-0.2467927634716034,-0.20759017765522,-0.0692292153835296,0.2605046331882477,-0.0144606353715062,-0.1720141768455505,-0.2497084885835647,0.019044917076826,-0.1478103995323181,0.1157449334859848,0.0032792929559946,0.0081425718963146,-0.1161005347967147,-0.0038740173913538,-0.0069157895632088,0.1056843623518943,0.4118788242340088,-0.0041221100836992,-0.116368755698204,0.3933597803115845,-0.0004828469245694,0.1331034153699875,0.7617518901824951,0.1346061378717422,-0.1196484640240669,0.7460139989852905,0.1362418979406356,0
74,-0.0005084726726636,-0.6266670227050781,-0.3054270446300506,0.1646602898836136,-0.4683661162853241,-0.0990994572639465,0.2187357395887375,-0.2382292002439499,-0.0654999241232872,-0.1717319041490554,-0.4594977796077728,-0.1190115660429,-0.2473008930683136,-0.2073818296194076,-0.0689096897840499,0.2601805925369262,-0.0144718028604984,-0.1707480698823928,-0.2498687356710434,0.0195754021406173,-0.1473767459392547,0.1157429441809654,0.0032584425061941,0.0081471055746078,-0.1160969510674476,-0.0038524027913808,-0.0069191171787679,0.105732761323452,0.4119737148284912,-0.0044280663132667,-0.1164742782711982,0.3932827413082123,-0.0006084733759053,0.1330333352088928,0.7633659243583679,0.1306241750717163,-0.1197714805603027,0.7460011839866638,0.1348049789667129,0
75,-0.0005098857218399,-0.6264516115188599,-0.305448979139328,0.164578303694725,-0.4684797823429107,-0.0990493074059486,0.218730941414833,-0.2382659018039703,-0.0652072429656982,-0.1719146817922592,-0.4594877660274505,-0.1189672201871872,-0.2483289241790771,-0.2073485851287841,-0.0688619837164878,0.2600266933441162,-0.0143919410184025,-0.1700689047574997,-0.2504212558269501,0.019656091928482,-0.147377461194992,0.1157294958829879,0.003224677639082,0.0080993231385946,-0.1160837635397911,-0.0038173836655914,-0.0068717733956873,0.1061172783374786,0.4120376408100128,-0.0046019400469958,-0.1163576692342758,0.3932436108589172,-0.0007587371510453,0.1333783119916916,0.7634093165397644,0.1303306221961975,-0.1195667833089828,0.746103048324585,0.1331712901592254,0
76,-0.0005688541568815,-0.6270033717155457,-0.3053897023200989,0.1647645682096481,-0.4686734974384308,-0.0990136563777923,0.2193229347467422,-0.2384862452745437,-0.0649511143565177,-0.1720444560050964,-0.4597707092761993,-0.1188738495111465,-0.2485543191432953,-0.2076905220746994,-0.0684235990047454,0.260187417268753,-0.0145757049322128,-0.1698751300573349,-0.2506753206253052,0.0192647203803062,-0.1471022814512252,0.1157522276043891,0.0032047028653323,0.0080893728882074,-0.1161063015460968,-0.003796842880547,-0.0068622706457972,0.1065537855029106,0.4120473861694336,-0.0053548626601696,-0.1161005720496177,0.3930979967117309,-0.0007842123741284,0.1337945610284805,0.7630918622016907,0.131748229265213,-0.1187426820397377,0.7450873255729675,0.1353956013917923,0
77,-0.0012171823764219,-0.6265964508056641,-0.3071851432323456,0.1648011654615402,-0.4684789776802063,-0.1003307700157165,0.2200722247362136,-0.238303855061531,-0.0656835436820983,-0.1721098721027374,-0.4597705602645874,-0.1192717775702476,-0.2485520392656326,-0.2075977325439453,-0.0683104321360588,0.2609394788742065,-0.0143026625737547,-0.1700462102890014,-0.251361221075058,0.0193352717906236,-0.1466648280620575,0.1157886609435081,0.0031896284781396,0.0080264247953891,-0.1161394342780113,-0.0037816269323229,-0.0067966356873512,0.1066469550132751,0.4121089279651642,-0.0092144031077623,-0.1159770414233207,0.3928772211074829,-0.0009250373695977,0.1335248500108719,0.7630246877670288,0.1304621547460556,-0.1186591461300849,0.7440268397331238,0.1362704932689666,0
78,-0.0013533694436773,-0.6250143051147461,-0.3116164207458496,0.1647954583168029,-0.4678035080432892,-0.1022290512919426,0.2206149101257324,-0.2378051877021789,-0.0663371607661247,-0.1722442507743835,-0.4593111872673034,-0.1228738129138946,-0.2485691756010055,-0.2066075503826141,-0.0707805752754211,0.2613607048988342,-0.0134788639843463,-0.1700641214847564,-0.2513331770896911,0.0203057210892438,-0.1484245657920837,0.1157975941896438,0.0031798928976058,0.0080701075494289,-0.1161476150155067,-0.0037724047433584,-0.0068392162211239,0.1069513708353042,0.4121330976486206,-0.0092424610629677,-0.1159250438213348,0.3927359879016876,-0.0011202153982594,0.1335317939519882,0.7634633183479309,0.1295130997896194,-0.11854287981987,0.7437251806259155,0.1360006779432296,0
79,-0.0032873840536922,-0.6249361038208008,-0.3115790486335754,0.1638616323471069,-0.4672214984893799,-0.1031263843178749,0.2197165638208389,-0.236791580915451,-0.0677755698561668,-0.1724942922592163,-0.4588841497898102,-0.1229288652539253,-0.248573824763298,-0.2055944800376892,-0.0709271058440208,0.2613460123538971,-0.0128367515280842,-0.1705934703350067,-0.2515161633491516,0.0213257372379302,-0.1484643071889877,0.1157937869429588,0.0031646254938095,0.007955347187817,-0.1161442250013351,-0.0037577208131551,-0.0067185680381953,0.1065153926610946,0.4121032357215881,-0.0080895368009805,-0.1167800426483154,0.3927790522575378,-0.0011546849273145,0.1335337460041046,0.7637733221054077,0.1288095712661743,-0.1206076294183731,0.7445216178894043,0.1330455690622329,0
80,-0.0027959214057773,-0.6255404353141785,-0.3114156126976013,0.1647976785898208,-0.4678517580032348,-0.1031288206577301,0.2202431559562683,-0.2376459240913391,-0.067583180963993,-0.1721994578838348,-0.4592779278755188,-0.1231255307793617,-0.2482188045978546,-0.2062216997146606,-0.0712805837392807,0.2615814208984375,-0.013503891415894,-0.170516163110733,-0.2494413703680038,0.0212483219802379,-0.1488457173109054,0.1157954260706901,0.0031414849217981,0.0079516340047121,-0.1161480247974395,-0.0037349038757383,-0.0067167072556912,0.1067641675472259,0.4120230078697204,-0.0057424376718699,-0.1165272369980812,0.3927391171455383,-0.0006942608742974,0.1343836039304733,0.7630853652954102,0.1350209265947342,-0.118911013007164,0.7444422245025635,0.1353977620601654,0
81,-0.0025732121430337,-0.6234070658683777,-0.3231266438961029,0.1653822213411331,-0.4656809568405151,-0.1121594384312629,0.2210140824317932,-0.2346222102642059,-0.0761784315109252,-0.1714793890714645,-0.457537978887558,-0.1337925791740417,-0.2456674575805664,-0.2031913101673126,-0.0811589583754539,0.2618535757064819,-0.0109917409718036,-0.1771043390035629,-0.2486710101366043,0.0235691200941801,-0.1559546142816543,0.1157756745815277,0.0031291334889829,0.0081120003014802,-0.1161270067095756,-0.0037235217168927,-0.0068692271597683,0.1071659922599792,0.4119366109371185,-0.0052100261673331,-0.116277314722538,0.3929618299007416,-0.0007582582184113,0.1348858028650283,0.7657873630523682,0.1289427727460861,-0.1192037165164947,0.7460455298423767,0.1317476034164428,0
82,-0.0033779982477426,-0.6234236359596252,-0.3225665092468261,0.1632109731435775,-0.4659491777420044,-0.1119243800640106,0.218886598944664,-0.2350289970636367,-0.0758505314588546,-0.174213707447052,-0.4575548768043518,-0.1341153979301452,-0.2476782947778701,-0.2032626271247863,-0.0818102732300758,0.2617932260036468,-0.0118564162403345,-0.1772515475749969,-0.2486766129732132,0.0233732592314481,-0.1572246551513672,0.1157911419868469,0.0030590100213885,0.0081222737208008,-0.116144061088562,-0.003655806183815,-0.0068785399198532,0.1066857948899269,0.4119035601615906,-0.0029515249188989,-0.1188753619790077,0.3929632008075714,1.936969238158781e-05,0.1343431323766708,0.7657616138458252,0.1305970251560211,-0.1223682761192321,0.7459482550621033,0.1326788067817688,0
83,-0.0033266297541558,-0.6234539151191711,-0.313652902841568,0.1632658243179321,-0.469152420759201,-0.1071915328502655,0.2166115492582321,-0.2364561855792999,-0.0742872282862663,-0.1740697026252746,-0.4583237469196319,-0.1246173530817031,-0.247656837105751,-0.204377993941307,-0.0738910213112831,0.2600442171096802,-0.0126543752849102,-0.1763509213924408,-0.249574139714241,0.023255730047822,-0.1509200781583786,0.1157377213239669,0.0029834262095391,0.0080788675695657,-0.1160871908068656,-0.0035769962705671,-0.0068326713517308,0.1099559888243675,0.4114970862865448,-0.0016664031427353,-0.1183123886585235,0.3930675983428955,-7.503885717596859e-05,0.1384280323982238,0.766164243221283,0.1256010383367538,-0.1239250227808952,0.7481604814529419,0.1267542541027069,0
84,-0.0025244525168091,-0.6240220069885254,-0.3126911222934723,0.163534864783287,-0.4693695604801178,-0.1026606559753418,0.2176109105348587,-0.2371621280908584,-0.0663834810256958,-0.1738868355751037,-0.4584164321422577,-0.124662734568119,-0.2457885444164276,-0.2042025774717331,-0.0740946009755134,0.2615502476692199,-0.012679492123425,-0.1699026674032211,-0.2456470429897308,0.0233465228229761,-0.1519062519073486,0.1157183274626731,0.0030229701660573,0.0083816088736057,-0.1160676628351211,-0.0036146508064121,-0.0071506984531879,0.1083945259451866,0.4115372598171234,-0.0020579723641276,-0.1180838048458099,0.3928984105587005,-0.0005055596120655,0.1369794756174087,0.7661577463150024,0.1296523511409759,-0.1236292868852615,0.7461826801300049,0.1315730810165405,0
85,-0.002242281101644,-0.6223179697990417,-0.3163354098796844,0.1636082679033279,-0.4682490527629852,-0.1032177582383155,0.2178138494491577,-0.2362958639860153,-0.0654902756214141,-0.1735447198152542,-0.4576576948165893,-0.1282922476530075,-0.2452750355005264,-0.2020777314901352,-0.0760701075196266,0.2624411880970001,-0.0120531460270285,-0.166200190782547,-0.2461047917604446,0.0267917048186063,-0.1527949720621109,0.1157124266028404,0.0030475833918899,0.0085657658055424,-0.1160621270537376,-0.0036405997816473,-0.0073350453749299,0.1069402396678924,0.4118753373622894,-0.0047031627036631,-0.1180092766880989,0.3929914534091949,-0.0017270222306251,0.1350636780261993,0.7667953968048096,0.1285884827375412,-0.1232901811599731,0.7461686134338379,0.1314902454614639,0
86,-0.0029302197508513,-0.6214765310287476,-0.3206364214420318,0.1636256277561187,-0.4666146337985992,-0.1060395911335945,0.2182150930166244,-0.2350847423076629,-0.06602094322443,-0.1735107004642486,-0.456692636013031,-0.1324292123317718,-0.2451923638582229,-0.2005126327276229,-0.0791488960385322,0.2626331150531769,-0.0118987914174795,-0.166347399353981,-0.245993509888649,0.0272600967437028,-0.1560183614492416,0.115721009671688,0.0030485924798995,0.0086539955809712,-0.1160754263401031,-0.003643587231636,-0.0074244909919798,0.1060555875301361,0.4118665754795074,-0.0046477261930704,-0.1180770695209503,0.3932805955410003,-0.0019888912793248,0.1341420710086822,0.7664868831634521,0.1320552974939346,-0.1232463642954826,0.74623703956604,0.1320883631706237,0
87,-0.0029038174543529,-0.6210634112358093,-0.3221083283424377,0.1636389642953872,-0.4655115306377411,-0.1067847236990928,0.2187064439058303,-0.2346291691064834,-0.0662804022431373,-0.1734143048524856,-0.4558533430099487,-0.1336183845996856,-0.2452227771282196,-0.1996351778507232,-0.0802428945899009,0.2631838321685791,-0.0118526266887784,-0.1666111052036285,-0.2464916855096817,0.027649076655507,-0.156822457909584,0.1157284006476402,0.0030510346405208,0.0087445881217718,-0.1160836368799209,-0.0036467977333813,-0.0075164325535297,0.1057826429605484,0.4119754433631897,-0.0053665726445615,-0.1178075522184372,0.3933290243148803,-0.002196810208261,0.1326724886894226,0.7664662599563599,0.132094457745552,-0.1223291754722595,0.7461061477661133,0.132681667804718,0
88,-0.0025867798831313,-0.6215046048164368,-0.3216043710708618,0.1639147400856018,-0.4652451872825622,-0.1064687818288803,0.2197931855916977,-0.2344639152288437,-0.0652073845267295,-0.1730180829763412,-0.4556960463523865,-0.1335764974355697,-0.2451200783252716,-0.1993484497070312,-0.0802405774593353,0.265279084444046,-0.0118441116064786,-0.1644523441791534,-0.2465935945510864,0.0277366954833269,-0.1568007618188858,0.1157325953245163,0.0030576144345104,0.0087902648374438,-0.1160899475216865,-0.0036532108206301,-0.0075647798366844,0.1057572066783905,0.4119699895381927,-0.0053538950160145,-0.1177727505564689,0.3933446705341339,-0.0023270193487405,0.1327123939990997,0.7664079070091248,0.1321717798709869,-0.122001975774765,0.7460126280784607,0.1327566653490066,0
89,-0.0025101953651756,-0.6214194893836975,-0.3217237293720245,0.1639665365219116,-0.464802473783493,-0.1065103113651275,0.2211998403072357,-0.2343934476375579,-0.0651715397834777,-0.1729923039674759,-0.455350786447525,-0.1340941786766052,-0.2452179491519928,-0.1989780664443969,-0.0810522362589836,0.2658951580524444,-0.0122770816087722,-0.1645525991916656,-0.2468496561050415,0.027601609006524,-0.15839584171772,0.1157432794570922,0.0030527750495821,0.0088749816641211,-0.1161034554243087,-0.0036490915808826,-0.0076517965644598,0.1057442128658294,0.4116809964179992,-0.0054867737926542,-0.1177408173680305,0.3933371901512146,-0.0027130607049912,0.1326023936271667,0.765367329120636,0.133176252245903,-0.1219142228364944,0.745515763759613,0.1327808499336242,0
90,-0.000815600156784,-0.6215283274650574,-0.318688154220581,0.1646812111139297,-0.4649382829666137,-0.1042281985282898,0.2224844694137573,-0.2352009415626526,-0.0623716749250888,-0.1729496270418167,-0.4557062089443207,-0.1305452138185501,-0.2470783740282058,-0.2005472183227539,-0.075520284473896,0.2719307243824005,-0.0147318914532661,-0.1617674380540847,-0.252733826637268,0.0262045748531818,-0.1507736146450042,0.1157658025622367,0.0030359372030943,0.0089017301797866,-0.1161244511604309,-0.0036318209022283,-0.0076782847754657,0.1062250360846519,0.4115861356258392,-0.0068839946761727,-0.1166672259569168,0.3932657837867737,-0.0031136837787926,0.1328547000885009,0.7650633454322815,0.1315793991088867,-0.1209447830915451,0.7445783019065857,0.1328723728656768,0
91,-0.0007858871831558,-0.6212668418884277,-0.3188886642456054,0.1652224361896515,-0.4655227661132812,-0.1050246283411979,0.2272423952817917,-0.2374005168676376,-0.0625861659646034,-0.1729117780923843,-0.456153929233551,-0.1304172873497009,-0.24712735414505,-0.203031301498413,-0.0750578790903091,0.2837734818458557,-0.0180502999573946,-0.1617212295532226,-0.2594006061553955,0.023288631811738,-0.150507166981697,0.1158346980810165,0.0030227198731154,0.0086531518027186,-0.1161905452609062,-0.0036197311710566,-0.0074241966940462,0.1067902743816375,0.4115063548088074,-0.0112650860100984,-0.1175647526979446,0.3926306366920471,-0.002924281405285,0.1322330236434936,0.7634119391441345,0.1300800889730453,-0.1211736649274826,0.7414842247962952,0.1347861140966415,0
92,-0.0020803338848054,-0.6202481389045715,-0.3222727179527282,0.1652128249406814,-0.4668330252170563,-0.1074715182185173,0.2322655171155929,-0.2401082664728164,-0.0633062198758125,-0.1743571162223816,-0.4566283822059631,-0.1308357566595077,-0.2474255263805389,-0.2051682621240615,-0.0747545287013053,0.3022639751434326,-0.0204511359333992,-0.1618515253067016,-0.2701523900032043,0.0189040210098028,-0.150504395365715,0.1159926354885101,0.0028911086264997,0.0084822988137602,-0.1163448095321655,-0.0034936517477035,-0.0072457394562661,0.1085895746946334,0.4113243222236633,-0.0111748771741986,-0.1174510195851326,0.3925656974315643,-0.0023778185714036,0.1339913308620453,0.760820209980011,0.1316690593957901,-0.1218034252524375,0.740436315536499,0.1392813920974731,0
93,-0.0022363469470292,-0.6189717054367065,-0.3207557797431946,0.1652837693691253,-0.4709495902061462,-0.1063234135508537,0.2377361953258514,-0.2456636279821396,-0.0630316287279129,-0.1756201386451721,-0.4588447213172912,-0.1258474290370941,-0.2512062788009643,-0.2127993553876876,-0.0659301355481147,0.3149965405464172,-0.0314272008836269,-0.1634339690208435,-0.288670539855957,0.0121714510023593,-0.1450012177228927,0.1160121113061904,0.0028442363254725,0.0082434145733714,-0.1163624674081802,-0.0034464793279767,-0.006994011811912,0.1086387485265731,0.4113107621669769,-0.0080795893445611,-0.1173383221030235,0.3925193548202514,-0.0020746688824146,0.134014755487442,0.7612074613571167,0.1261501908302307,-0.1239751651883125,0.7414788007736206,0.1350598335266113,0
94,-0.0020205513574182,-0.6198405027389526,-0.3125742673873901,0.1698346883058548,-0.4745540022850036,-0.0974733754992485,0.2615624368190765,-0.257150650024414,-0.0538994222879409,-0.1758919954299926,-0.4634663760662079,-0.1160254850983619,-0.2618834376335144,-0.2323702275753021,-0.0540422201156616,0.3445253372192383,-0.059470634907484,-0.1633806526660919,-0.3065303564071655,-0.0218726396560668,-0.1420260667800903,0.1162301301956176,0.0028780295979231,0.0078033688478171,-0.1165801286697387,-0.0034848905634135,-0.0065461918711662,0.10862747579813,0.4114996790885925,-0.0041434355080127,-0.1150329113006591,0.3915286660194397,-0.0020475680939853,0.1335174590349197,0.7617826461791992,0.1216924712061882,-0.1236207634210586,0.741617739200592,0.1324622929096222,0
95,-0.0044333874247968,-0.6227482557296753,-0.2640059292316437,0.1697611063718795,-0.4889495968818664,-0.0573703832924366,0.2792921066284179,-0.2884824275970459,-0.0418573692440986,-0.1798054575920105,-0.4777607023715973,-0.0723881497979164,-0.2825106978416443,-0.2635361850261688,-0.0409005619585514,0.3708711266517639,-0.1220990717411041,-0.1812701821327209,-0.332068532705307,-0.064591646194458,-0.1542416512966156,0.1162750646471977,0.0029013056773692,0.0072481702081859,-0.1166132241487503,-0.0035019505303353,-0.0060232323594391,0.1066983938217163,0.4116280674934387,-0.0041352841071784,-0.119028054177761,0.3893158137798309,-0.0060286517255008,0.1251744329929351,0.7608142495155334,0.1201064810156822,-0.1267718374729156,0.7415687441825867,0.1271763890981674,0
96,-0.0045244265347719,-0.6304149627685547,-0.1958054602146148,0.1683188825845718,-0.492900937795639,0.0046132737770676,0.2885395884513855,-0.3075173497200012,-0.0301037225872278,-0.1846671551465988,-0.4829548001289367,-0.0099581545218825,-0.3083855211734772,-0.2872502505779266,-0.0400126576423645,0.4006552994251251,-0.1669450849294662,-0.22454234957695,-0.3629899621009826,-0.1189921870827674,-0.2291793376207351,0.1162919476628303,0.0028736488893628,0.0073124594055116,-0.1165990233421325,-0.0034591474104672,-0.0061102686449885,0.1065974310040474,0.4115136861801147,-0.0098306005820631,-0.1212416887283325,0.3875249028205871,-0.0135908257216215,0.1202757731080055,0.7601680755615234,0.1161170378327369,-0.1281762868165969,0.7413549423217773,0.1159709095954895,0
97,-0.004444221034646,-0.6301896572113037,-0.1735077798366546,0.1682536303997039,-0.4945359528064728,0.0281516388058662,0.3020325303077698,-0.3165382444858551,-0.0325715169310569,-0.1844976991415023,-0.4836729168891907,0.0053873164579272,-0.3176251053810119,-0.2977544367313385,-0.0404632054269313,0.4338123798370361,-0.2129875570535659,-0.2672213315963745,-0.381817102432251,-0.1645734757184982,-0.2581064701080322,0.1160979494452476,0.0024741983506828,0.0073816725052893,-0.116324633359909,-0.0030244207009673,-0.0062077618204057,0.1066409647464752,0.4114400148391723,-0.012306940741837,-0.1211756616830825,0.3874583840370178,-0.0178030412644147,0.1196756437420845,0.7618021368980408,0.0961457267403602,-0.1279630810022354,0.7458674907684326,0.0936797186732292,0
98,0.0053134076297283,-0.6305374503135681,-0.152954414486885,0.1716976165771484,-0.4943604469299316,0.0458552837371826,0.3230306804180145,-0.3351042568683624,-0.0448956415057182,-0.1777527034282684,-0.4838308691978454,0.0179508458822965,-0.3146144449710846,-0.3235203623771667,-0.0537838377058506,0.4756574034690857,-0.2784129679203033,-0.304014503955841,-0.3945378959178924,-0.2361102253198623,-0.2912312746047973,0.115800142288208,0.0020103387068957,0.007762114983052,-0.1159329190850257,-0.0025099972262978,-0.0066700698807835,0.1068447008728981,0.4110259413719177,-0.0149314180016517,-0.1134543791413307,0.3881389796733856,-0.0189099870622158,0.1188858821988105,0.761824905872345,0.0940805375576019,-0.1215589642524719,0.7502202987670898,0.0886505618691444,0
99,0.0098472023382782,-0.6345669031143188,-0.1761546730995178,0.1725726127624511,-0.4940194487571716,0.026436822488904,0.3467917442321777,-0.3540445864200592,-0.0781405791640281,-0.173167884349823,-0.483884334564209,0.0014918521046638,-0.3248065114021301,-0.3350508511066437,-0.0998874828219413,0.5011643171310425,-0.3349329829216003,-0.3285562396049499,-0.4110518991947174,-0.2966444194316864,-0.3358532786369324,0.115536592900753,0.0016578225186094,0.008494877256453,-0.1156318336725235,-0.0021297582425177,-0.007501620799303,0.1091815531253814,0.4112997055053711,-0.0117699019610881,-0.1041508764028549,0.3884201943874359,-0.0187243055552244,0.1191589385271072,0.7618997693061829,0.1041312217712402,-0.1128920763731002,0.7502427101135254,0.0899057313799858,0
100,0.009852279908955,-0.6379726529121399,-0.1852256953716278,0.172941043972969,-0.4959076344966888,0.0230621956288814,0.3656120300292969,-0.3966408967971802,-0.0673198923468589,-0.163236454129219,-0.4907157719135284,-0.0003491062670946,-0.3262785673141479,-0.3654231131076813,-0.136185809969902,0.5263574719429016,-0.4110149145126343,-0.285552442073822,-0.4050112664699554,-0.3860853910446167,-0.3795219659805298,0.114669419825077,0.001626917743124,0.0099649587646126,-0.1147646754980087,-0.0020975640509277,-0.009099056944251,0.1090607121586799,0.4112821817398071,-0.012400890700519,-0.1048505380749702,0.3877854645252228,-0.0254527069628238,0.1186274960637092,0.7605636715888977,0.1117123663425445,-0.1134095042943954,0.7479594349861145,0.092717170715332,0
101,0.0095603223890066,-0.6438406705856323,-0.1498224437236786,0.1696930527687072,-0.5003569722175598,0.0427545271813869,0.3669634461402893,-0.4742945432662964,-0.0543609149754047,-0.1616962701082229,-0.4962717890739441,-0.0011463708942756,-0.3241988718509674,-0.4449628889560699,-0.140226811170578,0.5417906045913696,-0.538783073425293,-0.2352341562509536,-0.402067095041275,-0.5087531805038452,-0.3653035461902618,0.11412363499403,0.001657695393078,0.0103887049481272,-0.1142139583826065,-0.0021074402611702,-0.0095644332468509,0.1005140170454979,0.413457989692688,-0.0119984466582536,-0.1059008762240409,0.3890690207481384,-0.0256094969809055,0.1108583956956863,0.7639542818069458,0.1043280065059661,-0.1176494285464286,0.7527373433113098,0.0785896927118301,0
102,0.0092783523723483,-0.6481858491897583,-0.1608842760324478,0.1697257757186889,-0.5045455098152161,0.0365651324391365,0.3721399903297424,-0.5181800723075867,-0.0519474111497402,-0.1550986915826797,-0.50227290391922,-0.002851573517546,-0.3307829797267914,-0.5143967270851135,-0.1378706097602844,0.5378932356834412,-0.6253644824028015,-0.2104799002408981,-0.4146471321582794,-0.6277354955673218,-0.3509991765022278,0.1134124100208282,0.0017317963065579,0.0105913924053311,-0.1135319620370864,-0.0021669075358659,-0.0098057892173528,0.1007256582379341,0.4134427011013031,-0.010232432745397,-0.1062159612774849,0.3902101516723633,-0.0254234317690134,0.1092633083462715,0.7649545669555664,0.1015558987855911,-0.1177599728107452,0.7544064521789551,0.0768724754452705,0
103,0.0089042978361248,-0.650339663028717,-0.1610641479492187,0.1694884598255157,-0.5105992555618286,0.0371745191514492,0.3749257922172546,-0.5610932111740112,0.0058235717006027,-0.1552057564258575,-0.5040456056594849,-0.0054825246334075,-0.3411338627338409,-0.5555366277694702,-0.1241992115974426,0.5323953628540039,-0.6991787552833557,-0.0960349217057228,-0.4211337268352508,-0.6952095031738281,-0.2879688441753387,0.1130105480551719,0.0017248390940949,0.0105723906308412,-0.1131715029478073,-0.0021555302664637,-0.0098029123619198,0.1000322178006172,0.413430780172348,-0.0086084194481372,-0.1089676171541214,0.3902550339698791,-0.022501865401864,0.1095533445477485,0.7631846070289612,0.1047142595052719,-0.1218691766262054,0.752237856388092,0.0809237360954284,0
104,0.0068908459506928,-0.649982213973999,-0.1568378061056137,0.1693642735481262,-0.5143721103668213,0.0395116657018661,0.3744374215602875,-0.6002917289733887,0.024740282446146,-0.1546854674816131,-0.5069901943206787,0.0015809838660061,-0.3400794267654419,-0.5933651328086853,-0.0822113156318664,0.5308734178543091,-0.7714658379554749,-0.0633382201194763,-0.4181362986564636,-0.7538995742797852,-0.2240550220012664,0.1128455176949501,0.0017186297336593,0.0105049954727292,-0.1130120456218719,-0.0021477164700627,-0.0097356848418712,0.1008016914129257,0.4125144481658935,-0.0045691486448049,-0.1090802997350692,0.3899021446704864,-0.0186346881091594,0.1149002313613891,0.7583776712417603,0.1127643287181854,-0.1226217672228813,0.7479884028434753,0.090120330452919,0
105,0.0067584342323243,-0.6503052115440369,-0.1578726768493652,0.1692518889904022,-0.5166714787483215,0.0389310903847217,0.3737708926200866,-0.6348573565483093,0.0248862188309431,-0.1537459641695022,-0.5108441114425659,-0.0040156804025173,-0.3340234756469726,-0.6206036806106567,-0.0856033191084861,0.5294346213340759,-0.8263148069381714,-0.0534967258572578,-0.4101473093032837,-0.7972564697265625,-0.2246529161930084,0.1128033623099327,0.0018959048902615,0.0111100580543279,-0.1129682213068008,-0.0023461722303181,-0.0102980528026819,0.1006915420293808,0.4121357202529907,0.0111481919884681,-0.109186053276062,0.3872908353805542,-0.0160999149084091,0.1165132671594619,0.7536354064941406,0.1401719897985458,-0.122598186135292,0.7366431951522827,0.1080175712704658,0
106,0.0032147446181625,-0.6500841379165649,-0.1843012124300003,0.1692459881305694,-0.5215701460838318,0.0037093886639922,0.3585750758647918,-0.6619035601615906,0.0031947928946465,-0.153886005282402,-0.5192279815673828,-0.0193683169782161,-0.3289240300655365,-0.6627065539360046,-0.0646699070930481,0.4880681931972503,-0.8680886626243591,-0.0796751603484153,-0.3941219747066498,-0.868963360786438,-0.1628400087356567,0.1129889264702797,0.0018873659428209,0.0096181482076644,-0.1131606623530387,-0.0023458721116185,-0.0087087750434875,0.1002026125788688,0.4123276472091675,0.0187801774591207,-0.1156600415706634,0.3865731060504913,-0.0033993702381849,0.1163124293088913,0.7538219094276428,0.1480765044689178,-0.1264880299568176,0.7328619956970215,0.128715232014656,0
107,0.0018817030359059,-0.6301310658454895,-0.2725405097007751,0.1684294790029525,-0.5203388333320618,-0.0786506757140159,0.3408237993717193,-0.6743810772895813,-0.0932256653904914,-0.1531038731336593,-0.5181891918182373,-0.1034767627716064,-0.3250351548194885,-0.6721864342689514,-0.1370522230863571,0.4464901387691498,-0.8883906006813049,-0.1612493395805359,-0.3697094321250915,-0.8869718909263611,-0.1990695595741272,0.112916313111782,0.0019401623867452,0.0093213999643921,-0.113099955022335,-0.0024198959581553,-0.0083804419264197,0.0983442887663841,0.4152615368366241,0.0326117575168609,-0.1186089515686035,0.3848177492618561,0.0078062335960567,0.1175893917679786,0.7551958560943604,0.1460741311311721,-0.1323391050100326,0.7298489809036255,0.1362739503383636,0
108,0.0040205959230661,-0.630872368812561,-0.2853187918663025,0.166368693113327,-0.514054000377655,-0.1001432687044143,0.3086693584918976,-0.6781119704246521,-0.1294475346803665,-0.1486770957708358,-0.5176303386688232,-0.1218795180320739,-0.3019168674945831,-0.6789777278900146,-0.1769680976867675,0.4006040692329407,-0.8975911736488342,-0.203624278306961,-0.3297176659107208,-0.9020516276359558,-0.2636266648769378,0.1126677170395851,0.0019413494737818,0.0084559870883822,-0.1128746345639228,-0.0024270541034638,-0.0074751758947968,0.0951028987765312,0.4164092540740967,0.0380680486559867,-0.1200655400753021,0.3859384953975677,0.0156034603714942,0.1219554618000984,0.7542287707328796,0.1625937819480896,-0.132809966802597,0.7308605313301086,0.1527318209409713,0
109,0.0030713290907442,-0.6278234124183655,-0.3145640194416046,0.1605759859085083,-0.507387101650238,-0.1324449181556701,0.2873933613300323,-0.6831691861152649,-0.1684907972812652,-0.1475486010313034,-0.5156351327896118,-0.1531307995319366,-0.2943242490291595,-0.6808134913444519,-0.2136635184288025,0.3567112982273102,-0.9046407341957092,-0.2430102080106735,-0.3185813426971435,-0.9074788093566896,-0.3080293834209442,0.1125024706125259,0.0019501781789585,0.0082593420520424,-0.1127317026257515,-0.0024458400439471,-0.0072614070959389,0.093910351395607,0.4164133667945862,0.039988238364458,-0.1210009902715683,0.3869105577468872,0.0157101619988679,0.1235505416989326,0.7515435218811035,0.1737296134233474,-0.1357700377702713,0.7315052151679993,0.1557457596063614,0
110,0.0007955273031257,-0.6279593706130981,-0.3140708208084106,0.1557948589324951,-0.5054187178611755,-0.1368942111730575,0.2751832902431488,-0.6855918169021606,-0.1775783747434616,-0.1474499106407165,-0.514739990234375,-0.1518597602844238,-0.2892893254756927,-0.6820138692855835,-0.2075806111097335,0.3377847075462341,-0.9093996286392212,-0.2503269016742706,-0.3039844930171966,-0.9094265699386596,-0.2988765239715576,0.112175703048706,0.0019494168227538,0.0071363216266036,-0.1124297231435775,-0.0024514382239431,-0.0061103869229555,0.0912948250770568,0.4165743589401245,0.0404626317322254,-0.1216183677315712,0.3884993195533752,0.0208387169986963,0.1252646595239639,0.750700831413269,0.1790692806243896,-0.1359924226999282,0.732105553150177,0.1645262241363525,0
111,0.0022442247718572,-0.6271433234214783,-0.3243217766284942,0.1552543938159942,-0.5054333209991455,-0.1452956199645996,0.267002671957016,-0.6969218254089355,-0.1882066428661346,-0.1456322818994522,-0.5140722990036011,-0.1665305346250534,-0.2819790542125702,-0.6804944276809692,-0.2271383553743362,0.3257160782814026,-0.9267006516456604,-0.2582917511463165,-0.286831647157669,-0.9069665670394896,-0.3110191226005554,0.1119992285966873,0.0018180393381044,0.0072971619665622,-0.1122740656137466,-0.0023395346943289,-0.0062608178704977,0.0928122252225875,0.4161539077758789,0.0461119040846824,-0.1216115429997444,0.3889268338680267,0.0200697239488363,0.1324989944696426,0.7462074756622314,0.1907571852207183,-0.1359931677579879,0.7320413589477539,0.165668174624443,0
112,-0.0004091361188329,-0.6242676973342896,-0.332487016916275,0.1532976031303405,-0.5054625272750854,-0.1599417030811309,0.2617563903331756,-0.7045862674713135,-0.2064507752656936,-0.1449745297431945,-0.5139151811599731,-0.1732130050659179,-0.2709825336933136,-0.6919254660606384,-0.2286832928657531,0.312012255191803,-0.9325812458992004,-0.2703928053379059,-0.2654875516891479,-0.9194060564041138,-0.3081389367580414,0.1117690950632095,0.0017500380054116,0.006466016639024,-0.1120645254850387,-0.0022815542761236,-0.0053968280553817,0.0930542051792144,0.4159814715385437,0.0454905927181243,-0.1215188950300216,0.3894653916358948,0.0245508514344692,0.1388901770114898,0.7443252801895142,0.1941069215536117,-0.1359460800886154,0.7295240163803101,0.1766755282878875,0
113,-0.0008287892560474,-0.6196377277374268,-0.3403569161891937,0.1513263583183288,-0.5033198595046997,-0.1711404621601104,0.2454872727394104,-0.7016753554344177,-0.2266765981912613,-0.1431296318769455,-0.512190580368042,-0.1828626543283462,-0.2552402317523956,-0.6926857829093933,-0.2446890175342559,0.2871430814266205,-0.9331227540969848,-0.2872219383716583,-0.2403237521648407,-0.9271990656852722,-0.3142547309398651,0.1115850880742073,0.0015531703829765,0.0058707776479423,-0.1118999868631362,-0.0021006609313189,-0.0048035141080617,0.0941601991653442,0.414848119020462,0.044253934174776,-0.1216448694467544,0.3898354470729828,0.0251188166439533,0.1417123675346374,0.7415887117385864,0.194272443652153,-0.1368412226438522,0.7280758619308472,0.1794477105140686,0
114,-0.0128569649532437,-0.6199454665184021,-0.3343082070350647,0.1450729519128799,-0.5033156275749207,-0.1731667816638946,0.2268271595239639,-0.712679386138916,-0.2402255237102508,-0.1431458741426468,-0.5117793679237366,-0.1768795400857925,-0.2386889606714248,-0.7008310556411743,-0.2368986159563064,0.2556993067264557,-0.943558931350708,-0.2958168685436249,-0.2162634283304214,-0.938943326473236,-0.3040204048156738,0.1113428026437759,0.0013756648404523,0.0041882703080773,-0.1116651073098182,-0.0019262653077021,-0.0030857841484248,0.0966948717832565,0.4092382788658142,0.0358913727104663,-0.1224174946546554,0.3896282911300659,0.0240166410803794,0.1421004682779312,0.7393598556518555,0.1843067854642868,-0.1379085928201675,0.7276750802993774,0.1760392487049102,0
115,-0.0153353409841656,-0.6178374886512756,-0.335824966430664,0.1417086720466613,-0.5014391541481018,-0.1798626333475113,0.2143196016550064,-0.7134396433830261,-0.2555225491523742,-0.1427433639764785,-0.5093539953231812,-0.1853479146957397,-0.2210333198308944,-0.7082256078720093,-0.2521918714046478,0.2262905687093734,-0.945311963558197,-0.3105933368206024,-0.1908596754074096,-0.949924886226654,-0.3068515658378601,0.1110494062304496,0.0012400733539834,0.0038439820054918,-0.111384592950344,-0.0017940152902156,-0.0027294468600302,0.0967908203601837,0.4085545539855957,0.0326122976839542,-0.1234178096055984,0.3895832896232605,0.0236751455813646,0.1408939659595489,0.739404559135437,0.1834839880466461,-0.1394568979740142,0.7267510294914246,0.174717828631401,0
116,-0.0152115449309349,-0.618794322013855,-0.3174635171890259,0.1418376564979553,-0.5024291276931763,-0.1766049414873123,0.2096346765756607,-0.7253339886665344,-0.2482835501432418,-0.1387452632188797,-0.5094502568244934,-0.1695311069488525,-0.2051853537559509,-0.7182223796844482,-0.2335510700941085,0.2118114978075027,-0.9588457942008972,-0.3052587807178497,-0.1698953658342361,-0.9557294845581056,-0.2830843329429626,0.1105536445975303,0.0011474586790427,0.0014280813047662,-0.1108756363391876,-0.0016963748494163,-0.00031376015977,0.0972714498639106,0.407766193151474,0.0284748319536447,-0.1236117929220199,0.3897358179092407,0.0278009194880723,0.1407922804355621,0.7397686243057251,0.17808298766613,-0.1390346735715866,0.7270570993423462,0.1771898716688156,0
117,-0.0150113189592957,-0.6196103096008301,-0.3097642958164215,0.1415595412254333,-0.502656102180481,-0.1747278124094009,0.2078579217195511,-0.7254548668861389,-0.2439441531896591,-0.1379576474428177,-0.5106691718101501,-0.1602399796247482,-0.2027780711650848,-0.7247852683067322,-0.2177620530128479,0.2026174962520599,-0.9614276885986328,-0.3010837733745575,-0.1644737124443054,-0.9623265862464904,-0.2682303190231323,0.110271006822586,0.0011150476057082,0.0010832297848537,-0.1105731204152107,-0.0016660605324432,5.054421126260422e-05,0.093325637280941,0.408783495426178,0.028569757938385,-0.1236333772540092,0.3897567987442016,0.0268992949277162,0.1352050602436065,0.7405629754066467,0.1777798980474472,-0.1421858221292495,0.7271324396133423,0.1750715374946594,0
118,-0.0151168294250965,-0.6200202107429504,-0.3059220612049103,0.1415667533874511,-0.503315269947052,-0.1736849248409271,0.2055312246084213,-0.7323461174964905,-0.2420236319303512,-0.1366454511880874,-0.5109462738037109,-0.1580668836832046,-0.2000922560691833,-0.730512261390686,-0.216624915599823,0.1879690736532211,-0.9686172008514404,-0.3005004823207855,-0.1598433405160904,-0.9680084586143494,-0.2656778395175934,0.1098894774913787,0.0010880547342821,0.0005157974665053,-0.1101815104484558,-0.0016405276255682,0.000614991702605,0.0938070937991142,0.4087255597114563,0.0283426418900489,-0.1236395314335823,0.3901000916957855,0.0288648977875709,0.1356560140848159,0.7419983744621277,0.1754373013973236,-0.1421502977609634,0.7274285554885864,0.1763795167207718,0
119,-0.0150492871180176,-0.6205347776412964,-0.3053115606307983,0.1416336297988891,-0.5033392906188965,-0.1712447851896286,0.2063421458005905,-0.7313994765281677,-0.2457297891378402,-0.1357948780059814,-0.511043131351471,-0.1562206149101257,-0.1949501633644104,-0.7306172847747803,-0.2128127962350845,0.1873395144939422,-0.9679142832756042,-0.3011150360107422,-0.1525018960237503,-0.9668468832969666,-0.2624818980693817,0.1096890792250633,0.0010628108866512,8.369416900677606e-05,-0.1099752709269523,-0.0016165353590622,0.0010605220450088,0.0932564064860344,0.4095727503299713,0.0292717833071947,-0.1236233636736869,0.3900060355663299,0.0295339841395616,0.1346735060214996,0.742572009563446,0.1772201508283615,-0.1430995613336563,0.7270216345787048,0.1775310933589935,0
120,-0.0151702370494604,-0.6206744909286499,-0.2999456226825714,0.1407114416360855,-0.5050321817398071,-0.1591558009386062,0.2020407766103744,-0.7349095344543457,-0.2397780269384384,-0.1358017772436142,-0.5110613703727722,-0.1562163680791854,-0.1950438469648361,-0.7322433590888977,-0.2157081216573715,0.1788913309574127,-0.9722583293914796,-0.2943356335163116,-0.1525748074054718,-0.9676638841629028,-0.2640090584754944,0.1094767078757286,0.0010273428633809,0.0008531455532647,-0.109760582447052,-0.0015807403251528,0.0003117659070994,0.0926100835204124,0.4098437428474426,0.0305384919047355,-0.1244013160467147,0.3900351822376251,0.0272423848509788,0.1313067078590393,0.7442412376403809,0.1757062524557113,-0.150435671210289,0.7276162505149841,0.172430157661438,0
121,-0.0132482461631298,-0.6196924448013306,-0.3107479512691498,0.1405801177024841,-0.5041338801383972,-0.1619589328765869,0.2002765536308288,-0.734180212020874,-0.2414824068546295,-0.1354229301214218,-0.5097823739051819,-0.1731834709644317,-0.1951900422573089,-0.7318034768104553,-0.2419404089450836,0.1781916320323944,-0.9712164402008056,-0.2953613996505737,-0.1527640521526336,-0.9668043851852416,-0.2853821516036987,0.1094048991799354,0.0009901259327307,0.0014211608795449,-0.1096872836351394,-0.0015481400769203,-0.0002531162754166,0.092904694378376,0.4105077087879181,0.030526990070939,-0.1231545656919479,0.3903408646583557,0.0259155631065368,0.1315733343362808,0.7445089817047119,0.1757741570472717,-0.145545408129692,0.7276447415351868,0.1707776933908462,0
122,-0.0135804377496242,-0.6198818683624268,-0.3030121922492981,0.1402763426303863,-0.5052140951156616,-0.1536207795143127,0.1968943774700164,-0.7337453365325928,-0.2356446385383606,-0.1357491016387939,-0.5098257064819336,-0.1686526983976364,-0.1958160698413849,-0.7325882315635681,-0.2400349527597427,0.1695348918437957,-0.9703086018562316,-0.2889224886894226,-0.1548850983381271,-0.9682905673980712,-0.2814956307411194,0.1093389019370079,0.0009595336741767,0.0022409269586205,-0.1096226871013641,-0.0015195161104202,-0.0010647864546626,0.091897465288639,0.4110845327377319,0.0331807620823383,-0.1237105876207351,0.3903596997261047,0.0237260926514863,0.1311772018671035,0.7444021105766296,0.1765598654747009,-0.1488185077905655,0.7276715040206909,0.1674032658338546,0
123,-0.0136186648160219,-0.6189720034599304,-0.3104433417320251,0.1389853358268737,-0.5049935579299927,-0.1586328893899917,0.1942137628793716,-0.7334103584289551,-0.2403958737850189,-0.1366130113601684,-0.5090402364730835,-0.1763028353452682,-0.196448266506195,-0.7322781682014465,-0.2482271492481231,0.1707755327224731,-0.9693528413772584,-0.294215053319931,-0.1557524502277374,-0.9678178429603576,-0.2902882695198059,0.1092697456479072,0.0007072364096529,0.002753272652626,-0.1095612794160842,-0.0012748382287099,-0.0015702369855716,0.0936303883790969,0.4104185104370117,0.0334097892045974,-0.1227921098470687,0.3903160691261291,0.0214575454592704,0.1311062425374984,0.7444003820419312,0.1762140989303589,-0.1486310362815857,0.7276063561439514,0.164260059595108,0
124,-0.0150009132921695,-0.6190608739852905,-0.3096640408039093,0.138889729976654,-0.5047368407249451,-0.158812940120697,0.1927063465118408,-0.733259916305542,-0.2414140254259109,-0.1365809291601181,-0.5090088248252869,-0.1727274805307388,-0.1969245672225952,-0.7329643964767456,-0.2398992329835891,0.1667109280824661,-0.9688564538955688,-0.2942355871200561,-0.1561305969953537,-0.968270480632782,-0.2820782959461212,0.1092130169272422,0.000684434431605,0.0025108575355261,-0.1095066219568252,-0.0012539833551272,-0.0013227546587586,0.0935302525758743,0.410383015871048,0.0308475848287343,-0.1233256235718727,0.3901890516281128,0.0212274268269538,0.1302126497030258,0.7447842955589294,0.1716298013925552,-0.1489129364490509,0.7276024222373962,0.1632806807756424,0
125,-0.0148313883692026,-0.618688702583313,-0.3131361603736877,0.1385621428489685,-0.5047321319580078,-0.1624812483787536,0.1894586235284805,-0.7332590222358704,-0.2446652799844741,-0.1365768760442733,-0.5089118480682373,-0.1782984435558319,-0.1962194591760635,-0.7330610752105713,-0.2487976849079132,0.1635667532682418,-0.9689254760742188,-0.2971520721912384,-0.156372532248497,-0.9684547185897828,-0.289919912815094,0.1091615334153175,0.0007152346661314,0.002598603721708,-0.1094570234417915,-0.0012878553243353,-0.0014103195862844,0.0935268625617027,0.4111764132976532,0.0300854556262493,-0.1231350824236869,0.3901366293430328,0.0202713944017887,0.1302672326564788,0.7459545731544495,0.1716970801353454,-0.148281529545784,0.7264466285705566,0.1633061468601226,0
126,-0.0150761343538761,-0.6194981932640076,-0.3124111890792846,0.1383530795574188,-0.5047360062599182,-0.1621938943862915,0.1886099278926849,-0.7333970665931702,-0.2432977855205536,-0.1364941596984863,-0.5090457201004028,-0.1775939017534256,-0.196523442864418,-0.7346147894859314,-0.2471608966588974,0.1625933200120926,-0.9695605039596558,-0.294402539730072,-0.1566496193408966,-0.9693055152893066,-0.2872328460216522,0.1090711131691932,0.0007284579332917,0.0026078273076564,-0.1093679517507553,-0.0013033428695052,-0.0014199865981936,0.0936195850372314,0.4111918210983276,0.030249373987317,-0.1231444701552391,0.3901078701019287,0.0206792037934064,0.1299962997436523,0.7461957931518555,0.1718775182962417,-0.1482118815183639,0.7263278365135193,0.1643628925085067,0
127,-0.0146868517622351,-0.6188539266586304,-0.3142600059509277,0.1379043012857437,-0.504514217376709,-0.1630064845085144,0.1877990812063217,-0.7333434224128723,-0.2434774488210678,-0.1364305317401886,-0.5088841319084167,-0.180297702550888,-0.1956112533807754,-0.7345597743988037,-0.2512141764163971,0.1625104993581771,-0.9696109294891356,-0.2946400940418243,-0.1567168086767196,-0.9692351222038268,-0.2923720777034759,0.1090267375111579,0.0007341007585637,0.0029020190704613,-0.1093249395489692,-0.0013110165018588,-0.001713506761007,0.0933388397097587,0.4119524359703064,0.0299496669322252,-0.1227909624576568,0.3901865482330322,0.0194228049367666,0.129860445857048,0.7463082671165466,0.1725076138973236,-0.146787405014038,0.7263319492340088,0.163903921842575,0
128,-0.0151853561401367,-0.6192241311073303,-0.3128572702407837,0.137734979391098,-0.5044161677360535,-0.1625319570302963,0.1874972432851791,-0.7332806587219238,-0.2431419193744659,-0.1363220661878585,-0.5090176463127136,-0.1778984367847442,-0.1955675929784774,-0.7359047532081604,-0.2464483976364135,0.1623969227075576,-0.9695976972579956,-0.2939696013927459,-0.1568463146686554,-0.9705623388290404,-0.2872495949268341,0.1089653000235557,0.0007437371532432,0.0029191107023507,-0.1092642992734909,-0.0013224796857684,-0.0017307720845565,0.0937047526240348,0.4114284813404083,0.029981879517436,-0.1228426545858383,0.3894924223423004,0.0192757155746221,0.1294738948345184,0.7457451224327087,0.1726133525371551,-0.1482008099555969,0.7250941395759583,0.164127305150032,0
129,-0.014675841666758,-0.6188691854476929,-0.3141033351421356,0.1376780122518539,-0.5043808221817017,-0.1628564149141311,0.1874561607837677,-0.7331768274307251,-0.2431369423866272,-0.1363165825605392,-0.5087936520576477,-0.1785864681005478,-0.1962177008390426,-0.7337994575500488,-0.2497240304946899,0.1622373163700103,-0.9688194394111632,-0.294187843799591,-0.1598464548587799,-0.9668992161750792,-0.2930801510810852,0.1088973581790924,0.00072384160012,0.0029389723204076,-0.1092023029923439,-0.0013047727989032,-0.0017544655129313,0.0945667922496795,0.4113457500934601,0.0300904940813779,-0.1225151717662811,0.3900651335716247,0.0197716988623142,0.1326376050710678,0.7455937266349792,0.1726722121238708,-0.1458143591880798,0.726534903049469,0.1640601456165313,0
130,-0.0147071676328778,-0.61848384141922,-0.3139446973800659,0.1375726908445358,-0.5047007203102112,-0.1626170575618744,0.1868572533130645,-0.733207643032074,-0.2423515915870666,-0.1365093439817428,-0.5087653994560242,-0.1783726215362548,-0.1965065747499466,-0.7336611151695251,-0.2495258748531341,0.1611284762620926,-0.9687948226928712,-0.2935761511325836,-0.1618857532739639,-0.966928243637085,-0.2929525673389435,0.1088580787181854,0.0007430724799633,0.0030623928178101,-0.1091648712754249,-0.0013243911089375,-0.001881827134639,0.0945957079529762,0.4114415943622589,0.0301196314394474,-0.1231078654527664,0.3900346755981445,0.0197089798748493,0.1325927525758743,0.7462514638900757,0.1726116389036178,-0.1462060809135437,0.7260246276855469,0.1640250384807586,0
131,-0.0128934914246201,-0.6184979677200317,-0.3185220658779144,0.1374635845422744,-0.5046929717063904,-0.1641241163015365,0.1869253069162368,-0.7331841588020325,-0.2425216287374496,-0.1365458369255066,-0.5073292255401611,-0.1863512992858886,-0.1984710693359375,-0.7290287017822266,-0.2629389464855194,0.1625737994909286,-0.9678746461868286,-0.2947792112827301,-0.1627382040023803,-0.9605048894882202,-0.3061668872833252,0.1087788790464401,0.0006773271015845,0.0038013495504856,-0.1090944111347198,-0.0012606563977897,-0.0026215096004307,0.0945990979671478,0.4116289615631103,0.0339187867939472,-0.1219135895371437,0.3905269801616668,0.0199801623821258,0.1321971118450164,0.7462304830551147,0.1777673661708831,-0.1450671851634979,0.7265049815177917,0.1648229211568832,0
132,-0.0144290896132588,-0.6207054257392883,-0.3003522157669067,0.1374764442443847,-0.5051923394203186,-0.1568985432386398,0.18793585896492,-0.7326174974441528,-0.2407589703798294,-0.1368283033370971,-0.5090541839599609,-0.1605768352746963,-0.1985156387090683,-0.7298070192337036,-0.2256305813789367,0.1638469696044922,-0.9673454761505128,-0.2944813668727875,-0.1627725064754486,-0.960713028907776,-0.2758276164531708,0.108707919716835,0.0006705520208925,0.002787692239508,-0.1090151146054267,-0.0012525570346042,-0.0016201682155951,0.0948813408613205,0.4110611975193023,0.0315531268715858,-0.1218716576695442,0.3903461992740631,0.0210193917155265,0.1321446299552917,0.7467508912086487,0.1737031489610672,-0.1446887999773025,0.7265475988388062,0.1654476672410965,0
133,-0.0144375106319785,-0.6218312382698059,-0.2928721308708191,0.138967752456665,-0.505826473236084,-0.1540548801422119,0.189287468791008,-0.7326014637947083,-0.2407604157924652,-0.1368064433336258,-0.5103406310081482,-0.1482543796300888,-0.1998255103826522,-0.7300865650177002,-0.2122242450714111,0.1635922491550445,-0.967527151107788,-0.2944991886615753,-0.1647598147392273,-0.9615965485572816,-0.2637162506580353,0.1087006777524948,0.0006249044672586,0.0018142646877095,-0.1090064123272895,-0.0012051713420078,-0.0006549666868522,0.0951204448938369,0.4109760820865631,0.0300035998225212,-0.1218616515398025,0.3906058073043823,0.0215429589152336,0.1333585977554321,0.7466883063316345,0.1737075895071029,-0.1427449136972427,0.7275225520133972,0.1657580137252807,0
134,-0.0144754080101847,-0.6218574047088623,-0.294082760810852,0.138988047838211,-0.5058756470680237,-0.1545743942260742,0.1893064826726913,-0.7327260971069336,-0.2412974834442138,-0.1369275599718094,-0.5094150304794312,-0.1511141806840896,-0.2028152346611023,-0.7252758145332336,-0.2165911644697189,0.1634674668312072,-0.9674984216690063,-0.294985830783844,-0.1681961566209793,-0.9577017426490784,-0.2666447162628174,0.1087140887975692,0.0006663274252787,0.0012078071013092,-0.1090194806456565,-0.0012452050577849,-6.048334762454033e-05,0.0950980484485626,0.4110536575317383,0.0257649160921573,-0.122387871146202,0.3906698524951935,0.0216618068516254,0.1339476704597473,0.7467749714851379,0.1707865893840789,-0.1422492861747741,0.7277505397796631,0.1656869500875473,0
135,-0.0133288418874144,-0.6218403577804565,-0.2939482033252716,0.1397995054721832,-0.505890429019928,-0.15292888879776,0.1904111057519912,-0.7318581342697144,-0.2403650730848312,-0.1366675049066543,-0.5095280408859253,-0.1515268832445144,-0.2027384638786316,-0.725441575050354,-0.2183675318956375,0.1638017892837524,-0.9666398167610168,-0.2947115898132324,-0.1681885421276092,-0.9579676389694214,-0.267947643995285,0.1087061092257499,0.0006263469695113,0.0012105406494811,-0.1090117245912551,-0.0012059626169502,-6.394615775207058e-05,0.0958035290241241,0.4108772277832031,0.0262706167995929,-0.1222566440701484,0.3907009959220886,0.0216691829264163,0.1354165226221084,0.7459701299667358,0.172883078455925,-0.1419344246387481,0.7275776863098145,0.1659408658742904,0
136,-0.0135432695969939,-0.621745228767395,-0.2967862784862518,0.1395792812108993,-0.5060150623321533,-0.1537286192178726,0.1906165927648544,-0.7329533696174622,-0.239983320236206,-0.1369035094976425,-0.5088029503822327,-0.154238149523735,-0.2037432789802551,-0.7232774496078491,-0.2217791676521301,0.1643061488866806,-0.9671878218650818,-0.2931199669837951,-0.1696859896183014,-0.9565758109092712,-0.270866721868515,0.1086928471922874,0.0006631156429648,0.0012424469459801,-0.1089976876974105,-0.0012423811713233,-9.757750376593322e-05,0.0957385525107383,0.4108697175979614,0.0262671653181314,-0.1222981736063957,0.3907025158405304,0.0213408768177032,0.1353809088468551,0.7460517287254333,0.1712754368782043,-0.1419107764959335,0.7275804877281189,0.1645846217870712,0
137,-0.0131341908127069,-0.621562659740448,-0.2969762086868286,0.1402094364166259,-0.506038248538971,-0.1538420468568802,0.1920786201953888,-0.7334958910942078,-0.2399417161941528,-0.1368196308612823,-0.5084659457206726,-0.1546124368906021,-0.2036644518375396,-0.7222093343734741,-0.2221830636262893,0.1646367460489273,-0.968457579612732,-0.2928450107574463,-0.1697638034820556,-0.9564177393913268,-0.2713537812232971,0.1087589636445045,0.0006573045393452,0.0012307489523664,-0.109066866338253,-0.0012362712295725,-8.627457282273099e-05,0.0959953218698501,0.4109637141227722,0.0259196050465106,-0.1223690658807754,0.3907117247581482,0.0211836155503988,0.135461077094078,0.745955228805542,0.1717292219400406,-0.1396102309226989,0.7272858023643494,0.164576917886734,0
138,-0.0131053421646356,-0.6213945150375366,-0.3021241426467895,0.139614388346672,-0.5058035254478455,-0.1559972018003463,0.1923394799232483,-0.7323278784751892,-0.2402406185865402,-0.1379547119140625,-0.5083938837051392,-0.1613811552524566,-0.2039135843515396,-0.7221585512161255,-0.2311562448740005,0.1660688072443008,-0.9667190313339232,-0.2930775880813598,-0.1697606295347213,-0.95646470785141,-0.2781546115875244,0.108744665980339,0.0006628800183534,0.0012792927445843,-0.109053149819374,-0.0012414242373779,-0.0001364000927424,0.0964627638459205,0.4106391072273254,0.0255937483161687,-0.1223771721124649,0.3902715742588043,0.0208996105939149,0.1365167647600174,0.7459865808486938,0.1700014919042587,-0.1396388858556747,0.7254869341850281,0.1642266511917114,0
139,-0.0131046455353498,-0.6220780611038208,-0.2926952540874481,0.1413434147834777,-0.5061091184616089,-0.1503917723894119,0.1951067596673965,-0.7322813272476196,-0.2368367165327072,-0.1368676573038101,-0.5095189213752747,-0.1483344435691833,-0.2023181170225143,-0.7242748141288757,-0.2113566696643829,0.1683882176876068,-0.9667351841926576,-0.2896938323974609,-0.1667554825544357,-0.9581199288368224,-0.2603723108768463,0.108767382800579,0.0006381927523761,0.0010613779304549,-0.1090733334422111,-0.0012154491851106,9.120252070715652e-05,0.0975961312651634,0.4102967977523803,0.024512343108654,-0.1223450303077697,0.3902534544467926,0.0209887344390153,0.1367698162794113,0.7459930181503296,0.1685133576393127,-0.1377681791782379,0.7256360054016113,0.1642282456159591,0
140,-0.0130669856444001,-0.6222666501998901,-0.2925200164318084,0.1407605409622192,-0.5061053037643433,-0.1486659795045852,0.1944393366575241,-0.7319481372833252,-0.2318064719438552,-0.1368566751480102,-0.5096469521522522,-0.1484457105398178,-0.2023858278989792,-0.7238422632217407,-0.2097342312335968,0.1702085435390472,-0.9661740064620972,-0.2839560508728027,-0.1662026792764663,-0.9552127122879028,-0.2583647668361664,0.1087120026350021,0.0006437927368097,0.0016262119170278,-0.1090111061930656,-0.001222220249474,-0.0004402509948704,0.0950587317347526,0.4108303189277649,0.02814875356853,-0.1219831109046936,0.3894270956516266,0.018200458958745,0.1345494985580444,0.7451339960098267,0.1691488176584243,-0.1391366422176361,0.7254810333251953,0.159129649400711,0
141,-0.0135034434497356,-0.6227081418037415,-0.2924839556217193,0.1404908448457718,-0.506685733795166,-0.1483792811632156,0.1949228048324585,-0.7341238856315613,-0.231169581413269,-0.1376029253005981,-0.5103726983070374,-0.1489816457033157,-0.2030489146709442,-0.7265676259994507,-0.210625946521759,0.1706041693687439,-0.9691790342330932,-0.2832685708999634,-0.1662301421165466,-0.958528995513916,-0.2594421803951263,0.1087076067924499,0.0006050993106327,0.0015434722881764,-0.1090065985918045,-0.0011822209926322,-0.0003625371609814,0.0956697911024093,0.410177618265152,0.0271759014576673,-0.1231915205717086,0.3895095288753509,0.0182585287839174,0.1360542774200439,0.7449501156806946,0.1670926511287689,-0.1392498463392257,0.7261846661567688,0.1588838100433349,0
142,-0.0159513968974351,-0.621544599533081,-0.2922515273094177,0.1404741555452346,-0.5066859126091003,-0.1484162211418151,0.1949564069509506,-0.7335871458053589,-0.2319479882717132,-0.1377636343240738,-0.5103358030319214,-0.1458480358123779,-0.2040916830301284,-0.7255886793136597,-0.2056384980678558,0.1702077239751815,-0.9692275524139404,-0.283376932144165,-0.1685661673545837,-0.9585350751876832,-0.2552701234817505,0.1087040603160858,0.0005844676634296,0.0010733330855146,-0.1090029254555702,-0.0011608480708673,9.944750490831213e-05,0.0957299992442131,0.4096963405609131,0.0260778162628412,-0.1234614476561546,0.3890400528907776,0.0181339010596275,0.135700836777687,0.7435933947563171,0.1668311059474945,-0.1396981626749038,0.7256320118904114,0.1586491763591766,0
143,-0.0161497760564088,-0.6211667060852051,-0.2973326742649078,0.1388950198888778,-0.5060849189758301,-0.1509751826524734,0.1944118589162826,-0.7301584482192993,-0.2336412221193313,-0.1390559673309326,-0.5102030634880066,-0.1511584967374801,-0.2040972411632537,-0.7241736054420471,-0.2126483023166656,0.170579195022583,-0.965363383293152,-0.2853780388832092,-0.1678680926561355,-0.957067608833313,-0.2609215676784515,0.1086892634630203,0.0005048036691732,0.0010789291700348,-0.108988769352436,-0.0010840808972716,9.27721193875186e-05,0.0974624156951904,0.4089677929878235,0.026051040738821,-0.1234795153141021,0.3889155685901642,0.018128965049982,0.1364514529705047,0.7422875165939331,0.1692888885736465,-0.1396669447422027,0.7247337698936462,0.1594795137643814,0
144,-0.0161878261715173,-0.6224175095558167,-0.2759115993976593,0.1390382200479507,-0.5096721053123474,-0.1280876845121383,0.1966570913791656,-0.730857789516449,-0.209417775273323,-0.1396832317113876,-0.5107080936431885,-0.134840652346611,-0.207126960158348,-0.7243160605430603,-0.2004726380109787,0.1749967336654663,-0.9659835696220398,-0.2611053884029388,-0.1678839325904846,-0.9575725197792052,-0.2488422244787216,0.1087182164192199,4.815476586372824e-06,0.0025736084207892,-0.1090171039104461,-0.0005864524864591,-0.0013708234764635,0.0992177352309227,0.4078381657600403,0.0285072978585958,-0.1235816553235054,0.3889410495758056,0.0158299468457698,0.1363070607185363,0.7385460138320923,0.1733062416315078,-0.1394663006067276,0.7249496579170227,0.1573780328035354,1
145,-0.0161100011318922,-0.6228781938552856,-0.2779814600944519,0.139077290892601,-0.5093612670898438,-0.13064606487751,0.1985864341259002,-0.7308486700057983,-0.2123216986656189,-0.1399861872196197,-0.5105839371681213,-0.1362289637327194,-0.2071177214384079,-0.7232806086540222,-0.2011339217424392,0.1784381866455078,-0.9650872349739076,-0.2633621096611023,-0.1687882542610168,-0.9582340717315674,-0.2498579323291778,0.1089270412921905,-0.0001100095250876,0.0030327818822115,-0.109229601919651,-0.0004694714152719,-0.0018355692736804,0.1123972907662391,0.4003616571426391,0.0097454413771629,-0.1287957578897476,0.3846270740032196,0.0012065226910635,0.1402351856231689,0.7308114171028137,0.1591126024723053,-0.1393460184335708,0.7175759077072144,0.1442219465970993,1
146,-0.0146924303844571,-0.6234657764434814,-0.2764210104942322,0.1397527605295181,-0.5090347528457642,-0.1296980530023574,0.2061511129140854,-0.730635941028595,-0.2134504169225692,-0.140286386013031,-0.5103529095649719,-0.1357985436916351,-0.2076200246810913,-0.7223278880119324,-0.2019604444503784,0.183382049202919,-0.9649968147277832,-0.2652594149112701,-0.1689120978116989,-0.9600731134414672,-0.2495771795511245,0.1092388480901718,-0.0002208842488471,0.0032118526287376,-0.1095505654811859,-0.0003464527544565,-0.0020305814687162,0.118270069360733,0.3964526057243347,-0.0140521945431828,-0.1375209242105484,0.3790735006332397,-0.0155955757945775,0.143168643116951,0.7252726554870605,0.1418648362159729,-0.1389458626508712,0.7081868052482605,0.131469041109085,1
147,-0.0137786865234375,-0.6273899674415588,-0.2667498886585235,0.1405960321426391,-0.5090723037719727,-0.1201344951987266,0.2089302837848663,-0.7309577465057373,-0.2008478641510009,-0.1401624977588653,-0.5111770033836365,-0.1301202178001403,-0.207477867603302,-0.7239263653755188,-0.1989976465702057,0.1864839643239975,-0.967486560344696,-0.2511146068572998,-0.1687526106834411,-0.9640923142433168,-0.24294413626194,0.1093389242887497,-0.0002743209479376,0.003614115063101,-0.1096600368618965,-0.0002862038672901,-0.002452332759276,0.125840350985527,0.3906511962413788,-0.0155903426930308,-0.1457381248474121,0.372258722782135,-0.028322385624051,0.1456280648708343,0.7189866900444031,0.1406605690717697,-0.1387168169021606,0.7018712759017944,0.1218265816569328,1
148,-0.0143286623060703,-0.6276845335960388,-0.2679564654827118,0.1406715661287307,-0.5089648962020874,-0.1211031377315521,0.2124072462320327,-0.7309318780899048,-0.202176958322525,-0.1415650397539138,-0.511162519454956,-0.1301835775375366,-0.2121110707521438,-0.7237703800201416,-0.1990094035863876,0.1905000060796737,-0.9675275087356568,-0.2517496645450592,-0.1692874580621719,-0.9647539854049684,-0.2426394522190094,0.1096716225147247,-0.0003044542390853,0.0038369544781744,-0.1100084111094474,-0.0002550742356106,-0.0026775980368256,0.1288141161203384,0.389404833316803,-0.013190072029829,-0.1582921892404556,0.3673847019672394,-0.0315640643239021,0.1474761515855789,0.7160513997077942,0.1418661028146743,-0.1401014477014541,0.6950741410255432,0.1228423416614532,1
149,-0.0131542710587382,-0.6318054795265198,-0.2546929717063904,0.1425370275974273,-0.5100691914558411,-0.1070121750235557,0.2143838554620742,-0.7315185070037842,-0.1829963773488998,-0.141581729054451,-0.5121803879737854,-0.118404284119606,-0.2160045653581619,-0.7239641547203064,-0.188976377248764,0.1983514279127121,-0.9720893502235411,-0.2301797717809677,-0.1696817129850387,-0.9651007056236268,-0.2346090227365493,0.109854519367218,-0.0004190776962786,0.003991165664047,-0.1102063581347465,-0.0001294555986532,-0.0028348327614367,0.1397071033716201,0.3843357563018799,-0.0118612060323357,-0.1645577102899551,0.3604520559310913,-0.0429026260972023,0.1540477275848388,0.7078942060470581,0.1516668647527694,-0.1385403573513031,0.6870044469833374,0.1215320155024528,1
150,-0.01300585642457,-0.6351997256278992,-0.2555476725101471,0.1451892852783203,-0.5106835961341858,-0.1092771813273429,0.2178328037261963,-0.7353308200836182,-0.1865924298763275,-0.1390137374401092,-0.5131410360336304,-0.1186851635575294,-0.2140812277793884,-0.7263887524604797,-0.1869353801012039,0.2031209766864776,-0.9767051935195924,-0.2337002903223037,-0.1691549271345138,-0.9702743887901306,-0.2308890223503112,0.110058419406414,-0.000274454097962,0.0039941426366567,-0.1104221567511558,-0.0002500890695955,-0.0028439962770789,0.1490999460220337,0.3785131573677063,-0.0396340228617191,-0.1731333434581756,0.35003662109375,-0.0668369755148887,0.1543213576078415,0.7010471820831299,0.131530076265335,-0.1415884345769882,0.6754135489463806,0.0999115705490112,1
151,-0.0103295920416712,-0.6381625533103943,-0.2517219483852386,0.1468322277069091,-0.5120093822479248,-0.1049644500017166,0.2244224697351455,-0.7353320717811584,-0.179632231593132,-0.1387833207845688,-0.5140098333358765,-0.1151463165879249,-0.2146918624639511,-0.7235613465309143,-0.1833487451076507,0.207616239786148,-0.976140797138214,-0.2283694148063659,-0.1694087535142898,-0.9693263173103333,-0.2259409725666046,0.1102263107895851,-0.0002117604308295,0.0040340479463338,-0.1105896830558776,-0.0002972643997054,-0.0028862205799669,0.153410404920578,0.3727258145809173,-0.059867076575756,-0.1762238442897796,0.3434124290943146,-0.0814369991421699,0.1622461676597595,0.692425012588501,0.1092621609568595,-0.1418523043394088,0.6683855056762695,0.0825221985578537,1
152,-0.010310286656022,-0.6380230784416199,-0.2491270899772644,0.1488123536109924,-0.5120000839233398,-0.1050592511892318,0.2284723371267318,-0.7354559898376465,-0.180148646235466,-0.1375872492790222,-0.5139974355697632,-0.1093977615237236,-0.2148354798555374,-0.7233596444129944,-0.1717595756053924,0.2114115506410598,-0.9759790301322936,-0.2272344231605529,-0.1690666526556015,-0.9701497554779052,-0.2163566201925277,0.1105458959937095,-0.0001460181956645,0.0037231314927339,-0.1109074205160141,-0.0003454381658229,-0.0025802608579397,0.168583482503891,0.3699750006198883,-0.0723770260810852,-0.1902453899383545,0.3356552720069885,-0.0894828587770462,0.1680846214294433,0.6762999296188354,0.1102560386061668,-0.1446538269519806,0.6592615246772766,0.0837819948792457,1
153,-0.0085053034126758,-0.6391025185585022,-0.244046926498413,0.1516264528036117,-0.5126055479049683,-0.0984877273440361,0.2339534610509872,-0.7349122166633606,-0.1686939448118209,-0.1370859891176223,-0.5139614343643188,-0.1055489927530288,-0.2149217128753662,-0.7200808525085449,-0.1681070178747177,0.2132937014102935,-0.9755114912986756,-0.2141375243663787,-0.1706670969724655,-0.9689629673957824,-0.211694061756134,0.1108984798192977,-2.9992434065206908e-05,0.0038755359128117,-0.1112504452466964,-0.0004449946281965,-0.0027275425381958,0.1696800589561462,0.3649394512176513,-0.0879615396261215,-0.1958297491073608,0.3307974636554718,-0.1061157509684562,0.170753002166748,0.670280396938324,0.0922994390130043,-0.1470232158899307,0.6550973057746887,0.0640982538461685,1
154,-0.0073512601666152,-0.6396710872650146,-0.2447616159915924,0.1516138315200805,-0.5123559236526489,-0.0958318039774894,0.2369846403598785,-0.7344996333122253,-0.1557143628597259,-0.137270301580429,-0.5129121541976929,-0.1062816828489303,-0.2162609547376632,-0.7174681425094604,-0.169215515255928,0.2165966182947158,-0.9753618836402892,-0.1969573348760604,-0.1710008084774017,-0.966457724571228,-0.2116834074258804,0.1111877188086509,-7.4236636464775074e-06,0.0043335584923624,-0.1115382611751556,-0.0004641944833565,-0.0031700409017503,0.1733535379171371,0.3644874393939972,-0.0852118358016014,-0.2012022584676742,0.329799622297287,-0.1073489785194397,0.1712455004453659,0.6647309064865112,0.0976845994591713,-0.1481612622737884,0.6535499095916748,0.0673209875822067,1
155,-0.0051215011626482,-0.6397051215171814,-0.246215358376503,0.154010072350502,-0.5099141597747803,-0.0961596667766571,0.2396393567323684,-0.731999933719635,-0.1588075160980224,-0.1358509063720703,-0.5101857781410217,-0.1075815260410308,-0.2164906412363052,-0.7151933312416077,-0.1695089191198349,0.2173176407814026,-0.974546194076538,-0.2007180005311966,-0.1714941412210464,-0.9660437107086182,-0.2124090045690536,0.11155816167593,8.517087553627789e-05,0.0043538925237953,-0.1119141280651092,-0.0005469385068863,-0.0031890498939901,0.1784651726484298,0.3602183163166046,-0.1104739308357238,-0.2124900370836258,0.3231476843357086,-0.1209742352366447,0.1709108650684356,0.657389760017395,0.0870723351836204,-0.1508725136518478,0.6433359384536743,0.0623254217207431,1
156,-0.005073707550764,-0.6411436200141907,-0.2334611117839813,0.1525726020336151,-0.5109837055206299,-0.0776232779026031,0.2391935884952545,-0.7320227026939392,-0.1265673488378524,-0.1406868547201156,-0.5089055895805359,-0.0993852317333221,-0.2316237986087799,-0.7070238590240479,-0.1627639383077621,0.2203390151262283,-0.9749361872673036,-0.1633139699697494,-0.1866291612386703,-0.9584761261940002,-0.2028479576110839,0.1122131869196891,0.000170063241967,0.0045637600123882,-0.1125428676605224,-0.0006226213881745,-0.0033807759173214,0.1769920438528061,0.357236385345459,-0.1226935535669326,-0.2266066670417785,0.3149328231811523,-0.1256309598684311,0.1640720218420028,0.648453414440155,0.0780994817614555,-0.1605119258165359,0.6310116052627563,0.0584050975739955,1
157,-0.0050565456040203,-0.6414605379104614,-0.2261239439249038,0.1529156565666198,-0.5107383131980896,-0.0755314901471138,0.2390389442443847,-0.7186679840087891,-0.1323840469121933,-0.1414093822240829,-0.5086590051651001,-0.0899703055620193,-0.2352697104215622,-0.6988473534584045,-0.156326413154602,0.2200724184513092,-0.961033582687378,-0.1728006303310394,-0.186268076300621,-0.949982523918152,-0.1985780149698257,0.112850047647953,0.000145577796502,0.0037138597108423,-0.1131769940257072,-0.0005884452839381,-0.0025171181187033,0.1788046360015869,0.3530735671520233,-0.1443414837121963,-0.2266764342784881,0.3148612380027771,-0.1338093876838684,0.1676519960165023,0.6357182860374451,0.0706106573343277,-0.1574101746082306,0.6204028129577637,0.0594298020005226,1
158,-0.0020908135920763,-0.6416585445404053,-0.2278762459754943,0.1539264321327209,-0.5104838013648987,-0.0759956613183021,0.244325503706932,-0.7189617156982422,-0.1312774270772934,-0.1413605660200119,-0.5078845024108887,-0.0913751274347305,-0.2362128049135208,-0.6965567469596863,-0.1574629992246627,0.2260140031576156,-0.9613879919052124,-0.1724555641412735,-0.1867734044790268,-0.9488288164138794,-0.1990981549024582,0.1133510172367096,0.0001322514581261,0.0036735052708536,-0.1136827990412712,-0.0005683609051629,-0.0024726658593863,0.1808473467826843,0.3440165817737579,-0.1637303382158279,-0.2336381822824478,0.3080766201019287,-0.1509310454130172,0.1680412143468856,0.6268669962882996,0.0472016744315624,-0.1565016210079193,0.6107996702194214,0.0449723564088344,1
159,-0.0017346745589748,-0.6423803567886353,-0.2266783714294433,0.1542630344629287,-0.510719895362854,-0.0747285634279251,0.2468084245920181,-0.7194190621376038,-0.1305804401636123,-0.1415755003690719,-0.5079272985458374,-0.089543841779232,-0.2395398616790771,-0.6972112655639648,-0.152782455086708,0.2258364707231521,-0.9617071151733398,-0.1721248924732208,-0.1930040717124939,-0.9490994811058044,-0.1920247077941894,0.1136087551712989,7.63640709919855e-05,0.0035952839534729,-0.113930195569992,-0.0004994746414013,-0.002396157477051,0.1853563040494918,0.3347242176532745,-0.1804952472448349,-0.2415773570537567,0.304578423500061,-0.1513803899288177,0.1681467443704605,0.620152473449707,0.024671858176589,-0.1590635180473327,0.6098869442939758,0.0398726910352706,1
160,0.0035187657922506,-0.6424546837806702,-0.2252555787563324,0.1579507440328598,-0.5106614828109741,-0.0726393833756446,0.254499226808548,-0.7175705432891846,-0.1300923824310302,-0.140651598572731,-0.5080762505531311,-0.0883056968450546,-0.2390998005867004,-0.6958213448524475,-0.151795357465744,0.2315052300691604,-0.9601153135299684,-0.1723930388689041,-0.1930945515632629,-0.9484145045280457,-0.1907213032245636,0.1142040789127349,5.307406900101341e-05,0.0035525555722415,-0.1145227327942848,-0.0004691641079261,-0.0023527347948402,0.1866803467273712,0.3273129761219024,-0.1962201446294784,-0.2435264140367508,0.300531804561615,-0.1698831915855407,0.170010969042778,0.6043267846107483,0.0232566203922033,-0.1589926332235336,0.5984781384468079,0.0333964936435222,1
161,0.0034643623512238,-0.6405879855155945,-0.2343304306268692,0.1594038605690002,-0.5086546540260315,-0.0816966369748115,0.2595086693763733,-0.7156931757926941,-0.1416991353034973,-0.1393844783306121,-0.5071398615837097,-0.0933380424976348,-0.2388776689767837,-0.6944775581359863,-0.1534024327993393,0.2365512996912002,-0.9592206478118896,-0.1850691735744476,-0.1933455616235733,-0.947372317314148,-0.1911423951387405,0.1145925149321556,5.06505930388812e-05,0.0034263373818248,-0.1149173378944397,-0.000463170959847,-0.0022246232256293,0.1868942081928253,0.3225662410259247,-0.2103129029273986,-0.2441042363643646,0.2967478334903717,-0.1832911074161529,0.170106753706932,0.6023770570755005,0.0094866873696446,-0.1596732884645462,0.595784068107605,0.0202935691922903,1
162,0.0036541256122291,-0.6345567107200623,-0.2554435431957245,0.1633614748716354,-0.5042106509208679,-0.1041155904531478,0.270235002040863,-0.7087424397468567,-0.1704370081424713,-0.1360645443201065,-0.5049482583999634,-0.1102709621191024,-0.2392526417970657,-0.6928936243057251,-0.1679247170686721,0.242904856801033,-0.9501633644104004,-0.2167326956987381,-0.1932956129312515,-0.9461610317230223,-0.2017870545387268,0.11492370814085,7.180393731687218e-05,0.003285224083811,-0.1152670606970787,-0.0004761560412589,-0.0020952399354428,0.1897638887166977,0.3154394924640655,-0.2224343717098236,-0.2439344078302383,0.2960631847381592,-0.1881614178419113,0.1701063364744186,0.5933477878570557,0.0035404074005782,-0.1598615646362304,0.5893732309341431,0.0226975716650486,1
163,0.0076578049920499,-0.6319798827171326,-0.2634471654891968,0.1675258427858352,-0.5008589625358582,-0.108878880739212,0.2769305408000946,-0.7011612057685852,-0.1762318164110183,-0.1336686611175537,-0.5028995275497437,-0.116968922317028,-0.2401964366436004,-0.68887859582901,-0.1746381819248199,0.2552147805690765,-0.9401320219039916,-0.2281354367733001,-0.1957561075687408,-0.9417889714241028,-0.2110755145549774,0.1154065057635307,5.5928598158061504e-05,0.0035730560775846,-0.1157484576106071,-0.000455379311461,-0.002378758508712,0.2002316415309906,0.3077155649662018,-0.2318717092275619,-0.2442440390586853,0.2940284311771393,-0.208171010017395,0.1743185669183731,0.582870602607727,0.0007316996343433,-0.1572743505239486,0.5756925344467163,0.0159994289278984,1
164,0.0139334453269839,-0.6299842596054077,-0.2703232765197754,0.171110987663269,-0.4983750581741333,-0.1134011670947074,0.2828531861305237,-0.6994131207466125,-0.183298110961914,-0.1316909939050674,-0.5001426935195923,-0.1261929124593734,-0.240161582827568,-0.6848044991493225,-0.1865930408239364,0.2616273760795593,-0.9395042657852172,-0.2394127398729324,-0.1969830840826034,-0.9382379055023192,-0.2217050641775131,0.1160328388214111,4.488595732254908e-05,0.0039901612326502,-0.1163786426186561,-0.0004385777283459,-0.0028079652693122,0.2062695175409317,0.2969484329223633,-0.2498808801174163,-0.2471255958080291,0.2863103151321411,-0.228282555937767,0.174794852733612,0.5712380409240723,-0.0099788969382643,-0.1569649875164032,0.5539690852165222,0.0062311803922057,1
165,0.020874299108982,-0.6276372671127319,-0.275374561548233,0.172827661037445,-0.4925142824649811,-0.1187589913606643,0.286499559879303,-0.6944583654403687,-0.1915536820888519,-0.1311172395944595,-0.4944994151592254,-0.1307617872953415,-0.2423963397741317,-0.6758302450180054,-0.1932438015937805,0.2667703032493591,-0.9340171813964844,-0.2502669990062713,-0.1993970870971679,-0.930067241191864,-0.2267228662967682,0.1164567247033119,-0.0001561071112519,0.0040518050082027,-0.1167903542518615,-0.0002153864479623,-0.0028693713247776,0.2028361707925796,0.2765561044216156,-0.2840990722179413,-0.2490363866090774,0.2776460647583008,-0.2550292611122131,0.1742822378873825,0.5611805319786072,-0.0403182618319988,-0.1565417200326919,0.5389049053192139,-0.0205204766243696,1
166,0.0200082845985889,-0.622096598148346,-0.28469318151474,0.1729803681373596,-0.4870871305465698,-0.1329637020826339,0.2852243185043335,-0.6858183145523071,-0.2159231752157211,-0.1311719566583633,-0.4906341135501861,-0.1365516781806945,-0.2437021285295486,-0.6718958616256714,-0.1985266357660293,0.2640253901481628,-0.9251665472984314,-0.2742492854595184,-0.2008435577154159,-0.9251654744148254,-0.2310508638620376,0.1167573183774948,-0.000263721041847,0.0040013557299971,-0.1170779764652252,-0.0001017554968711,-0.0028129511047154,0.1994649469852447,0.2679067552089691,-0.2984052300453186,-0.2491524964570999,0.2663415670394897,-0.2766960859298706,0.1682423055171966,0.5543742179870605,-0.0619717575609684,-0.1565565764904022,0.5356173515319824,-0.0556154549121856,1
167,0.019605403766036,-0.6187898516654968,-0.2903108894824981,0.1746511310338974,-0.4831210076808929,-0.1380431205034256,0.2852581739425659,-0.6822257041931152,-0.2217773348093032,-0.1302523612976074,-0.4865748286247253,-0.140249952673912,-0.2436081171035766,-0.660967230796814,-0.2008390873670578,0.2635383009910583,-0.92307311296463,-0.278411865234375,-0.2034240663051605,-0.9141514897346495,-0.2323084622621536,0.1171376034617424,-0.0002589893119875,0.0040076891891658,-0.1174359992146492,-0.0001025689343805,-0.0028149376157671,0.1963877975940704,0.2683604061603546,-0.3125931024551391,-0.2493236064910888,0.2514479756355285,-0.2900201082229614,0.1644328385591507,0.5565937757492065,-0.1015542820096015,-0.1552249491214752,0.5366255044937134,-0.0969346389174461,1
168,0.0219998117536306,-0.6190699934959412,-0.27998948097229,0.1746409237384796,-0.4828279614448547,-0.1251184642314911,0.2817602753639221,-0.6755810379981995,-0.2052110433578491,-0.1306219398975372,-0.4860800504684448,-0.1336605250835418,-0.2456043511629104,-0.6588075757026672,-0.1997389942407608,0.2648686468601227,-0.9181882739067078,-0.2656475305557251,-0.2062705308198928,-0.9133597016334534,-0.2316136807203292,0.1178880855441093,-0.0002340279024792,0.0043969820253551,-0.1181534007191658,-0.0001203740175697,-0.0031878938898444,0.1958052366971969,0.2625608444213867,-0.3136632740497589,-0.2524355053901672,0.2451640665531158,-0.3010989725589752,0.1581427603960037,0.5426949858665466,-0.0836283788084983,-0.1551573574542999,0.517095148563385,-0.0819402858614921,1
169,0.0232200361788272,-0.6171532273292542,-0.2834541797637939,0.1757881790399551,-0.4810381829738617,-0.1268316060304641,0.2818862795829773,-0.6715735197067261,-0.2076009958982467,-0.1302895545959472,-0.4841768443584442,-0.1374001204967498,-0.245408684015274,-0.6554968357086182,-0.2050826549530029,0.269861489534378,-0.912647783756256,-0.2685199975967407,-0.2062368392944336,-0.9095693826675416,-0.2389498949050903,0.1182111650705337,-0.0002065970475086,0.0047634611837565,-0.1184603050351142,-0.0001423651410732,-0.00354909687303,0.1941606700420379,0.2523378729820251,-0.3259822726249695,-0.2494673579931259,0.2353765815496444,-0.31757453083992,0.1550773382186889,0.5340272784233093,-0.0991340950131416,-0.1520634442567825,0.5066611766815186,-0.1029887869954109,1
170,0.0235772226005792,-0.6108102798461914,-0.2911030650138855,0.1783959716558456,-0.4773101508617401,-0.1329278349876403,0.2844308018684387,-0.6618664860725403,-0.2169992476701736,-0.1297492384910583,-0.4821856617927551,-0.1419262886047363,-0.2456678450107574,-0.6501800417900085,-0.2096703201532364,0.2731301784515381,-0.9002482891082764,-0.2783548235893249,-0.2064598500728607,-0.9020217657089232,-0.2446658611297607,0.1184439063072204,6.625204150623176e-06,0.0049398941919207,-0.1186746954917907,-0.0003515203716233,-0.0037132042925804,0.1917915046215057,0.242878183722496,-0.3420864343643188,-0.2469169497489929,0.2157264649868011,-0.3341561257839203,0.1514234244823455,0.5270538330078125,-0.119548812508583,-0.1490694135427475,0.5027000904083252,-0.1318100392818451,1
171,0.0234771110117435,-0.6052563786506653,-0.2971576154232025,0.1793183386325836,-0.4748689234256744,-0.1386619210243225,0.2853376567363739,-0.6610919833183289,-0.2231469005346298,-0.1292255520820617,-0.4783566296100616,-0.1472876071929931,-0.2459268867969513,-0.6459710597991943,-0.2163776606321334,0.2736046314239502,-0.898063063621521,-0.2832452058792114,-0.2060535699129104,-0.8953232169151306,-0.2497524917125702,0.1187027171254158,0.0001841400953708,0.0051673008129,-0.1189151480793953,-0.0005210211966186,-0.0039234696887433,0.1877229213714599,0.2335574477910995,-0.3555530905723572,-0.2423656284809112,0.2091580629348755,-0.3503177762031555,0.1454284787178039,0.5173839330673218,-0.1250460594892501,-0.1437765061855316,0.4905958175659179,-0.1372358947992324,1
172,0.0248072836548089,-0.6057965755462646,-0.2943767011165619,0.1828246712684631,-0.4744702577590942,-0.1365267932415008,0.28939288854599,-0.6619999408721924,-0.2217669636011123,-0.1276869475841522,-0.4783301949501037,-0.1423286497592926,-0.2461297363042831,-0.6467005610466003,-0.2077192366123199,0.2767656147480011,-0.8991538882255554,-0.2813745439052582,-0.2061368525028228,-0.8963145613670349,-0.2358252108097076,0.1190579980611801,0.0005056692752987,0.0053065144456923,-0.1192509159445762,-0.0008383726817555,-0.0040530478581786,0.1875115036964416,0.2243348509073257,-0.3626289963722229,-0.2411844581365585,0.1977250725030899,-0.3567969799041748,0.144597053527832,0.5042049288749695,-0.129452109336853,-0.1432953923940658,0.475322425365448,-0.1438511312007904,1
173,0.0248284637928009,-0.6049567461013794,-0.2887528240680694,0.1831264495849609,-0.473320871591568,-0.134283497929573,0.2891359627246856,-0.661933958530426,-0.2185958474874496,-0.1272688955068588,-0.4773264527320862,-0.1359336823225021,-0.2461231648921966,-0.6434613466262817,-0.1973538249731063,0.2785088419914245,-0.8999291658401489,-0.2744233906269073,-0.2054727375507354,-0.8954238295555115,-0.2209581136703491,0.1194612756371498,0.0008682400803081,0.0053398609161376,-0.1196303889155387,-0.0011962394928559,-0.0040823454037308,0.1853417307138443,0.2099712640047073,-0.3787124156951904,-0.2412136644124984,0.1803736388683319,-0.3618730902671814,0.1359595358371734,0.4904706180095672,-0.1406022012233734,-0.1416594237089157,0.4650685489177704,-0.1537734866142273,1
174,0.0252860728651285,-0.6034518480300903,-0.2925357222557068,0.1839496344327926,-0.4697031080722809,-0.1400752663612365,0.2896064221858978,-0.6586974859237671,-0.2275494188070297,-0.1248288825154304,-0.4762004017829895,-0.1395170390605926,-0.2454925924539566,-0.6416930556297302,-0.2042551785707473,0.2788730263710022,-0.8966352343559265,-0.2838033437728882,-0.203932449221611,-0.8917622566223145,-0.2293485552072525,0.1195363402366638,0.0009914140682667,0.0053880279883742,-0.1197085082530975,-0.0013172897743061,-0.0041234171949326,0.1837598532438278,0.2015483826398849,-0.3847492337226867,-0.2409957647323608,0.1811508685350418,-0.3644287288188934,0.133956104516983,0.4854301810264587,-0.1444840431213379,-0.1420740634202957,0.4622159600257873,-0.1533962786197662,1
175,0.0236470978707075,-0.5987380146980286,-0.2936202585697174,0.1850665956735611,-0.4674692451953888,-0.1437155455350875,0.2906656265258789,-0.6523398756980896,-0.2343318313360214,-0.1234485059976577,-0.474417895078659,-0.1404565870761871,-0.2446848303079605,-0.6371082067489624,-0.2046660184860229,0.278908759355545,-0.8911904692649841,-0.2902640700340271,-0.2041342854499817,-0.8888707756996155,-0.2296244949102401,0.1196328625082969,0.0013594786869361,0.0053279143758118,-0.1197974532842636,-0.0016775127733126,-0.0040585529059171,0.1802036315202713,0.1934885680675506,-0.3912781476974487,-0.240968108177185,0.1742016375064849,-0.3663316369056701,0.1299215108156204,0.4813215434551239,-0.1535941362380981,-0.1440961956977844,0.4584575891494751,-0.1590152829885482,1
176,0.0249271001666784,-0.5914965867996216,-0.3073060512542724,0.1900483071804046,-0.4637079834938049,-0.1576995104551315,0.3064291477203369,-0.6435158252716064,-0.2480377852916717,-0.1204943805932998,-0.4681975543498993,-0.1542139500379562,-0.2429958581924438,-0.6227721571922302,-0.2195453941822052,0.283145546913147,-0.8769310712814331,-0.3056415617465973,-0.202403649687767,-0.8732628226280212,-0.2537378370761871,0.1197111383080482,0.0015724326949566,0.0050625675357878,-0.1198746040463447,-0.0018824391299858,-0.0037862982135266,0.1744634509086609,0.183180883526802,-0.394221156835556,-0.2411359399557113,0.1678067296743393,-0.3656454980373382,0.126828134059906,0.4775430858135223,-0.1576755493879318,-0.1444402486085891,0.4558680355548858,-0.1575323492288589,1
177,0.0262802932411432,-0.5870380997657776,-0.3119091093540191,0.1917702108621597,-0.4624418020248413,-0.1604481935501098,0.3082242608070373,-0.6414377093315125,-0.2534710466861725,-0.1192879974842071,-0.465584248304367,-0.1601145267486572,-0.2410472184419632,-0.6157690286636353,-0.2365486770868301,0.2921413779258728,-0.8759994506835938,-0.3163901269435882,-0.2004899680614471,-0.869025707244873,-0.2818223834037781,0.1197967752814292,0.0019114166498184,0.0050210524350404,-0.1199517399072647,-0.002211763523519,-0.0037424904294312,0.1733700335025787,0.186543270945549,-0.3942283391952514,-0.2435582131147384,0.1700301021337509,-0.3652365207672119,0.1263149231672287,0.4794684946537018,-0.1563213616609573,-0.1459439694881439,0.4571212828159332,-0.156554102897644,1
178,0.028095431625843,-0.5806421637535095,-0.3162653744220733,0.1944527328014373,-0.4600808322429657,-0.163025826215744,0.3123983740806579,-0.6380106806755066,-0.2585564255714416,-0.117085762321949,-0.4629462957382202,-0.1620962619781494,-0.2401003837585449,-0.609853208065033,-0.2388761043548584,0.2992561459541321,-0.8709873557090759,-0.3244216740131378,-0.1996123343706131,-0.8626700639724731,-0.2844248712062835,0.1198644787073135,0.0020857516210526,0.0049333102069795,-0.1200176477432251,-0.0023889597505331,-0.0036466412711888,0.1735615730285644,0.1821527630090713,-0.3939481079578399,-0.2437211722135543,0.1662731766700744,-0.3645930290222168,0.1265861392021179,0.4774580001831054,-0.1577727198600769,-0.1453664153814315,0.4567626416683197,-0.157119870185852,1
179,0.0279593337327241,-0.5758514404296875,-0.3182352781295776,0.1960921287536621,-0.4586268067359924,-0.1664487868547439,0.3199427425861358,-0.634776771068573,-0.2692810595035553,-0.1163446828722953,-0.4610523581504822,-0.1627843976020813,-0.2392844259738922,-0.6055974960327148,-0.2407331019639969,0.303476870059967,-0.8665737509727478,-0.3372531235218048,-0.1997016221284866,-0.858705997467041,-0.2888927757740021,0.1199217364192009,0.0024665028322488,0.0046337679959833,-0.1200726851820945,-0.0027645411901175,-0.003348882542923,0.1675642877817154,0.1760890632867813,-0.4013062417507171,-0.2436728477478027,0.1571705043315887,-0.3650698661804199,0.1229305937886238,0.4724367558956146,-0.1649557799100875,-0.1453017294406891,0.451435774564743,-0.1619306951761245,1
180,0.0334530659019947,-0.5687453746795654,-0.331533670425415,0.199289008975029,-0.454685777425766,-0.1730124652385711,0.3304041922092438,-0.6256665587425232,-0.2705351412296295,-0.1129266247153282,-0.4580626189708709,-0.1751304715871811,-0.2369921952486038,-0.6001501083374023,-0.2609875500202179,0.3113100230693817,-0.861205518245697,-0.3360332548618316,-0.1971179395914077,-0.8525089621543884,-0.3165626525878906,0.1199565902352333,0.0025282225105911,0.004620355553925,-0.1201033070683479,-0.0028253262862563,-0.003335100132972,0.1679169684648513,0.1650517433881759,-0.4000285863876343,-0.2426401078701019,0.1566039621829986,-0.3672757744789123,0.1232275515794754,0.4675594270229339,-0.1637155264616012,-0.1449254900217056,0.4442110061645508,-0.1595938205718994,1
181,0.0338870137929916,-0.5671009421348572,-0.3329562842845917,0.1993523687124252,-0.4520303308963775,-0.1733587384223938,0.329311728477478,-0.6186886429786682,-0.2723836600780487,-0.1129164770245552,-0.4567171335220337,-0.1762021631002426,-0.236086368560791,-0.5977219343185425,-0.2622708082199096,0.3138886392116546,-0.8579339981079102,-0.3413456678390503,-0.1971302777528762,-0.8514969348907471,-0.3195962309837341,0.1199914291501045,0.0027705137617886,0.0046281083486974,-0.1201366707682609,-0.0030645735096186,-0.0033439644612371,0.1657282263040542,0.1668681651353836,-0.4006481468677521,-0.2439849972724914,0.1532968282699585,-0.3673900067806244,0.1219830363988876,0.4683943092823028,-0.1716208159923553,-0.1462238729000091,0.4438745081424713,-0.1609397530555725,1
182,0.0350715927779674,-0.565540611743927,-0.3356160521507263,0.2004210203886032,-0.4505678117275238,-0.1751340478658676,0.3332681655883789,-0.6177237629890442,-0.2737875878810882,-0.1122765839099884,-0.4542812407016754,-0.1782889366149902,-0.2360381782054901,-0.5933694243431091,-0.2677090466022491,0.3191707134246826,-0.8551874756813049,-0.3427465558052063,-0.1971608847379684,-0.8470897674560547,-0.3281603455543518,0.1200253367424011,0.0028255062643438,0.0046352273784577,-0.1201674565672874,-0.0031189848668873,-0.0033515174873173,0.165934756398201,0.1619182229042053,-0.4025923311710357,-0.2446206212043762,0.1539240330457687,-0.3691964745521545,0.1214064061641693,0.4660353064537048,-0.1714872568845749,-0.1468701809644699,0.4395823776721954,-0.1599572747945785,1
183,0.0357414148747921,-0.5655900835990906,-0.3348452150821686,0.2003911286592483,-0.4495151340961456,-0.1747801601886749,0.3325136005878448,-0.6132047772407532,-0.2748466432094574,-0.1122571304440498,-0.4543204009532928,-0.1778029054403305,-0.2347426861524582,-0.5919287800788879,-0.2664503455162048,0.3185970187187195,-0.8517127633094788,-0.3468563854694366,-0.1966509073972702,-0.845694363117218,-0.3263242542743683,0.1200583055615425,0.002996114315465,0.0045980461873114,-0.1201950162649154,-0.0032901978120207,-0.003311452222988,0.16544009745121,0.1607433557510376,-0.4027909636497497,-0.2454270720481872,0.147229254245758,-0.370017409324646,0.1215258762240409,0.4644518196582794,-0.1730740815401077,-0.1475069224834442,0.435247391462326,-0.1602359414100647,1
184,0.0397535562515258,-0.5658921599388123,-0.3345214426517486,0.2005729228258133,-0.449602723121643,-0.1741626411676406,0.3320024609565735,-0.6139897108078003,-0.2747935652732849,-0.1122389063239097,-0.45477095246315,-0.1775041073560714,-0.2356323003768921,-0.592201828956604,-0.2697301506996155,0.3212175071239471,-0.8521749973297119,-0.3509570956230163,-0.1963458806276321,-0.8458733558654785,-0.3342000246047973,0.120109274983406,0.0030441822018474,0.0046002357266843,-0.1202439740300178,-0.0033383320551365,-0.0033168133813887,0.1655210256576538,0.1617604047060012,-0.4026273488998413,-0.2488089203834533,0.1478274464607238,-0.3693405389785766,0.1236548572778701,0.4663253128528595,-0.1734917163848877,-0.148184522986412,0.4360229671001434,-0.1601343303918838,1
185,0.0396678261458873,-0.5639661550521851,-0.3346396386623382,0.2008226364850998,-0.4495671689510345,-0.1744852811098098,0.3316178023815155,-0.6135655641555786,-0.2812936902046203,-0.112305611371994,-0.454132080078125,-0.1779679805040359,-0.2361841350793838,-0.5912100076675415,-0.2734007239341736,0.31781667470932,-0.8511607646942139,-0.3626078963279724,-0.1969624906778335,-0.844589352607727,-0.3419793844223022,0.1201390027999877,0.0031642643734812,0.0045614428818225,-0.1202710047364234,-0.0034561438951641,-0.0032794733997434,0.1639651507139206,0.1600679457187652,-0.4030498564243316,-0.2490870952606201,0.1442458927631378,-0.3692813813686371,0.1229988560080528,0.4659647941589355,-0.1778075248003006,-0.1492328196763992,0.4358516931533813,-0.1618630141019821,1
186,0.0396903380751609,-0.5626354813575745,-0.3383236527442932,0.2006160318851471,-0.4489089548587799,-0.1769955456256866,0.3313144445419311,-0.6102964282035828,-0.2908006906509399,-0.1127976179122924,-0.4538670778274536,-0.1821001172065735,-0.2367973923683166,-0.5870442986488342,-0.2882896661758423,0.3176016807556152,-0.8474619388580322,-0.3786305487155914,-0.1970082521438598,-0.8387258648872375,-0.3673827946186065,0.1201636716723442,0.0032137732487171,0.004628712311387,-0.1202919781208038,-0.0035050036385655,-0.0033529147040098,0.1640150547027588,0.1641637235879898,-0.4030721187591553,-0.249548852443695,0.1462197452783584,-0.369226723909378,0.1229564175009727,0.4684252142906189,-0.1775659471750259,-0.14950492978096,0.4386523962020874,-0.1613045930862426,1
187,0.0399425700306892,-0.5582286715507507,-0.3440616726875305,0.2007346451282501,-0.4486854076385498,-0.1800636500120163,0.331896424293518,-0.6097888350486755,-0.2945893704891205,-0.1130663976073265,-0.4521410763263702,-0.1883255094289779,-0.2393184155225753,-0.5838046669960022,-0.2968550622463226,0.3171468675136566,-0.8466059565544128,-0.3804934918880462,-0.1983007937669754,-0.8351118564605713,-0.3732832372188568,0.1201847642660141,0.0032185008749365,0.0046809623017907,-0.1203096807003021,-0.0035052951425313,-0.0034086294472217,0.1656085401773452,0.1632985472679138,-0.4030678570270538,-0.2481764107942581,0.1466086059808731,-0.3695665597915649,0.1234483048319816,0.4680902659893036,-0.1773606836795807,-0.1488315165042877,0.4387915432453155,-0.1612315326929092,1
188,0.0394808389246463,-0.5609386563301086,-0.340064525604248,0.2007013857364654,-0.4487703442573547,-0.1785968244075775,0.331393837928772,-0.6102678179740906,-0.2919416725635528,-0.1130902022123336,-0.4519559442996979,-0.1844938248395919,-0.239066407084465,-0.5835491418838501,-0.2886103689670563,0.3170348107814789,-0.8475601673126221,-0.375280499458313,-0.1991284191608429,-0.8356097340583801,-0.3609824180603027,0.1202352344989776,0.003249866887927,0.0046783052384853,-0.1203548014163971,-0.0035357160959392,-0.0034064238425344,0.166705310344696,0.1628675758838653,-0.4031473696231842,-0.2481236159801483,0.1466982066631317,-0.3694410026073456,0.1235449984669685,0.4680665135383606,-0.1771787703037262,-0.1487664133310318,0.4389074444770813,-0.1613757014274597,1
189,0.0387743823230266,-0.5617511868476868,-0.3396358489990234,0.19995678961277,-0.4488008916378021,-0.1784317791461944,0.3276725709438324,-0.610056459903717,-0.291240394115448,-0.1141352206468582,-0.4519676566123962,-0.1842263340950012,-0.2412580102682113,-0.5837209820747375,-0.2876049280166626,0.3139588534832001,-0.8476033806800842,-0.3740185499191284,-0.2003906667232513,-0.8358840942382812,-0.3589531183242798,0.1202589645981788,0.0032753515988588,0.0046942140907049,-0.1203767135739326,-0.0035601395647972,-0.0034230714663863,0.1670257598161697,0.1631815731525421,-0.4023260772228241,-0.2482134103775024,0.1469303518533706,-0.3689399361610412,0.123672679066658,0.4683957099914551,-0.1770139932632446,-0.1480796188116073,0.4391403794288635,-0.1613481491804123,1
190,0.0379314385354518,-0.5618452429771423,-0.3397314548492431,0.2003840208053589,-0.4485909640789032,-0.1799282729625702,0.3272319138050079,-0.6099547147750854,-0.2953891456127167,-0.1139649599790573,-0.4496650695800781,-0.1840843111276626,-0.2417023032903671,-0.5770571231842041,-0.2868538498878479,0.3115457594394684,-0.8476951718330383,-0.3800124228000641,-0.203241690993309,-0.8327962756156921,-0.3595520555973053,0.120316132903099,0.0032913549803197,0.0046229576691985,-0.1204308271408081,-0.0035751683171838,-0.0033534714020788,0.1670568585395813,0.1648062467575073,-0.4030450582504272,-0.2485300451517105,0.1507517546415329,-0.3667749464511871,0.1240973472595214,0.4711266458034515,-0.1789924353361129,-0.1480270475149154,0.4443192183971405,-0.1613961905241012,1
191,0.0379283837974071,-0.5619016289710999,-0.3387567400932312,0.2002165913581848,-0.4489246308803558,-0.1788626462221145,0.3275626599788666,-0.6100033521652222,-0.2949712872505188,-0.1152559965848922,-0.4500503838062286,-0.1839062720537185,-0.2418699562549591,-0.5777086019515991,-0.2868574857711792,0.3114907741546631,-0.8478577136993408,-0.3790788352489471,-0.2033448070287704,-0.8331255316734314,-0.3612023293972015,0.1203395128250122,0.0033513396047055,0.0047190319746732,-0.1204516589641571,-0.003629507496953,-0.0034568670671433,0.1667685806751251,0.1666160672903061,-0.4021923243999481,-0.2471341490745544,0.1485091149806976,-0.3664546906948089,0.1240120679140091,0.4714497625827789,-0.178844928741455,-0.1473977118730545,0.4460342228412628,-0.1642562597990036,1
192,0.0356435924768447,-0.5628155469894409,-0.3381900489330292,0.1985315978527069,-0.4488096535205841,-0.1782206445932388,0.3233241438865661,-0.6098658442497253,-0.2864328026771545,-0.1161287426948547,-0.4500448703765869,-0.1808902770280838,-0.244820162653923,-0.5779524445533752,-0.2742232978343963,0.3095704019069671,-0.8477420806884766,-0.3629340231418609,-0.2076473832130432,-0.8334448337554932,-0.3384305238723755,0.1203782111406326,0.0033162115141749,0.0046399221755564,-0.1204893887042999,-0.0035977512598037,-0.0033716643229126,0.1671653240919113,0.1679191291332245,-0.4011250436306,-0.2471525371074676,0.1518982797861099,-0.3653323054313659,0.1216075047850608,0.4715751111507416,-0.1697999387979507,-0.1477075815200805,0.4477267563343048,-0.1599080860614776,1
193,0.0344060845673084,-0.5620588064193726,-0.3428167700767517,0.1948530972003936,-0.4484888017177582,-0.1800808161497116,0.320269376039505,-0.6098787188529968,-0.2862764894962311,-0.1182621419429779,-0.4498776495456695,-0.1845795214176178,-0.2448647171258926,-0.5783640146255493,-0.2753276824951172,0.3066245317459106,-0.8478226661682129,-0.3620783686637878,-0.2083893418312072,-0.8342688083648682,-0.3396371304988861,0.1203379854559898,0.0033171789254993,0.0046388949267566,-0.1204445660114288,-0.0036002967972308,-0.0033690212294459,0.1641684770584106,0.1747371256351471,-0.3980284035205841,-0.2469742000102996,0.1519684493541717,-0.3644094467163086,0.1191880851984024,0.4730716943740845,-0.165732741355896,-0.1476587802171707,0.4484221041202545,-0.1580874621868133,1
194,0.0344487614929676,-0.5617132186889648,-0.3427780568599701,0.19487364590168,-0.448396623134613,-0.1800211668014526,0.3194175362586975,-0.6114826798439026,-0.2866069674491882,-0.1185482889413833,-0.4489103257656097,-0.1845422685146331,-0.248685747385025,-0.5786668062210083,-0.2757188677787781,0.3056448101997375,-0.8507448434829712,-0.3635990619659424,-0.2111512124538421,-0.8342326283454895,-0.3399379849433899,0.1203211396932601,0.0032944886479526,0.0047831241972744,-0.1204206496477127,-0.0035786374937742,-0.0035069508012384,0.16506028175354,0.1746972203254699,-0.3980345427989959,-0.2463852167129516,0.1518298983573913,-0.3644656538963318,0.1202191486954689,0.4732203185558319,-0.1707164347171783,-0.1461730897426605,0.4499039649963379,-0.1631511598825454,1
195,0.0341736413538455,-0.5620645880699158,-0.3424980640411377,0.1947031915187835,-0.4478913247585296,-0.1800599098205566,0.3171015679836273,-0.6114848256111145,-0.286937803030014,-0.1188354045152664,-0.4482133686542511,-0.1835349947214126,-0.2496801912784576,-0.5786677002906799,-0.2733220160007477,0.3051000535488128,-0.8507076501846313,-0.3644677400588989,-0.2140545547008514,-0.8343380093574524,-0.3364152312278747,0.1203542947769165,0.0033215186558663,0.0047898073680698,-0.1204492822289466,-0.003607131075114,-0.0035123478155583,0.1650787144899368,0.1781925112009048,-0.3981525003910064,-0.2445360124111175,0.1518158614635467,-0.3648684918880462,0.1196405813097953,0.4744886457920074,-0.1705818921327591,-0.1462166607379913,0.4514999091625213,-0.1647970229387283,1
196,0.0351123064756393,-0.5614943504333496,-0.3441157639026642,0.194821685552597,-0.4474260807037353,-0.1807097792625427,0.3180619478225708,-0.6106456518173218,-0.2876098752021789,-0.1188142374157905,-0.4481804966926574,-0.1852921992540359,-0.2496321946382522,-0.5787621140480042,-0.2766460478305816,0.3060812950134277,-0.8493961691856384,-0.3658844828605652,-0.2136814892292022,-0.8338253498077393,-0.3401490747928619,0.1203628256916999,0.0033266325481235,0.0049098283052444,-0.1204557418823242,-0.0036125821061432,-0.0036316374316811,0.166735753417015,0.1828700900077819,-0.3965299725532532,-0.2409360408782959,0.1526268124580383,-0.3654418885707855,0.1204818487167358,0.4763081669807434,-0.1645560413599014,-0.1449276953935623,0.4530787765979767,-0.1636422276496887,1
197,0.0350271463394165,-0.5640494227409363,-0.3429010510444641,0.1946599185466766,-0.4494888186454773,-0.1800560802221298,0.3180919289588928,-0.6140905022621155,-0.2842679321765899,-0.1190772876143455,-0.4493110775947571,-0.1844731867313385,-0.2507296502590179,-0.5799506902694702,-0.2758431732654571,0.3057456612586975,-0.8537213802337646,-0.3621848821640014,-0.2149214744567871,-0.835961639881134,-0.3403237164020538,0.1203703507781028,0.0033624623902142,0.004909667186439,-0.1204627826809883,-0.003646861994639,-0.0036337347701191,0.1666833460330963,0.1915484368801117,-0.3959895372390747,-0.2413648515939712,0.1540371477603912,-0.3635453879833221,0.1219813600182533,0.4847228825092315,-0.1646812707185745,-0.1457061767578125,0.4597441554069519,-0.1637199223041534,1
198,0.0299417302012443,-0.5703169703483582,-0.3328881561756134,0.1934870034456253,-0.4516367614269256,-0.1753758788108825,0.3175432085990906,-0.6128581166267395,-0.28448286652565,-0.1228243932127952,-0.4532650113105774,-0.1759628504514694,-0.2545889616012573,-0.5821176171302795,-0.2756150662899017,0.3049890995025635,-0.8533965945243835,-0.3681522309780121,-0.2149972468614578,-0.8364080786705017,-0.3481554687023163,0.120386853814125,0.003361863316968,0.0046644499525427,-0.1204824820160865,-0.0036454128567129,-0.0034128515981137,0.1667211502790451,0.199735015630722,-0.3877736032009125,-0.2445704042911529,0.1599558144807815,-0.3537432253360748,0.1258267760276794,0.4951398372650146,-0.1623482555150985,-0.1473176181316375,0.4736111760139465,-0.1620276570320129,1
199,0.0249076504260301,-0.5763489603996277,-0.333781361579895,0.1904926151037216,-0.451183408498764,-0.1782882213592529,0.3148543238639831,-0.6124848127365112,-0.2927759289741516,-0.1261328607797622,-0.4550332129001617,-0.177538514137268,-0.257689356803894,-0.593190610408783,-0.2794314920902252,0.2975161373615265,-0.8498249650001526,-0.3756644129753113,-0.2191137969493866,-0.8374555706977844,-0.3518653810024261,0.1203823238611221,0.0032291738316416,0.0046643908135592,-0.1204814165830612,-0.0035151129122823,-0.0034131563734263,0.1667098701000213,0.2167504429817199,-0.3842953741550445,-0.2443830966949463,0.1793216615915298,-0.3520188629627228,0.1256128698587417,0.5100187659263611,-0.1583354771137237,-0.1473337858915329,0.4898434281349182,-0.1595112234354019,1
200,0.0244711115956306,-0.5785039663314819,-0.333547830581665,0.1904865801334381,-0.451518177986145,-0.1784534305334091,0.311726450920105,-0.616163969039917,-0.2927516400814056,-0.1258474439382553,-0.4570889174938202,-0.1767508834600448,-0.2572537660598755,-0.5994522571563721,-0.2718987464904785,0.2923853695392608,-0.85062175989151,-0.3744004666805267,-0.2225418984889984,-0.8410530090332031,-0.3376955986022949,0.1203875318169593,0.0031874000560492,0.0045613632537424,-0.1204877868294715,-0.0034742157440632,-0.0033034011721611,0.1660634130239486,0.2202864438295364,-0.3808562755584717,-0.2369033992290496,0.180212453007698,-0.3522129952907562,0.1262317299842834,0.5090007185935974,-0.1545090526342392,-0.1446159929037094,0.4877081513404846,-0.1589905321598053,1
201,0.0211007725447416,-0.5902663469314575,-0.325479120016098,0.1876545548439026,-0.4529177844524383,-0.1741609275341034,0.3010819256305694,-0.6226019859313965,-0.2797100245952606,-0.1262630969285965,-0.4624848365783691,-0.170004665851593,-0.2571442127227783,-0.6092008948326111,-0.2586586475372314,0.2918797135353088,-0.8577054142951965,-0.3532724976539612,-0.2227264940738678,-0.85006183385849,-0.3213822245597839,0.1204018518328666,0.0031740861013531,0.0045800027437508,-0.1205063685774803,-0.0034615439362823,-0.0033181218896061,0.1659943014383316,0.2316517680883407,-0.371043860912323,-0.2362078428268432,0.1965582072734832,-0.3462889790534973,0.1263411939144134,0.5190064907073975,-0.1469829976558685,-0.1449122130870819,0.493681937456131,-0.1510252207517624,1
202,0.0209903959184885,-0.5890125632286072,-0.3281992077827453,0.1870467811822891,-0.4534395635128021,-0.1740811467170715,0.3013926446437835,-0.6232613325119019,-0.2799245417118072,-0.1262463629245758,-0.4633176922798157,-0.1720713675022125,-0.2565543055534363,-0.6088786125183105,-0.2607758343219757,0.2955853343009949,-0.8575026988983154,-0.3540655672550201,-0.2228594422340393,-0.8501468300819397,-0.3245739936828613,0.1203647032380104,0.0031659726519137,0.0051360069774091,-0.1204722896218299,-0.0034544037189334,-0.0038660273421555,0.1692247688770294,0.2436850368976593,-0.3530597388744354,-0.2340418547391891,0.2068886309862136,-0.3395502269268036,0.1270459294319152,0.5342090129852295,-0.1418347209692001,-0.1450868099927902,0.5082492232322693,-0.14711494743824,1
203,0.0196586791425943,-0.5897217988967896,-0.3259048759937286,0.1869268715381622,-0.4550465047359466,-0.1725926250219345,0.2985849380493164,-0.6261215806007385,-0.2792108058929443,-0.126067116856575,-0.4658373594284057,-0.1690824925899505,-0.2536579072475433,-0.610265851020813,-0.2527426779270172,0.2939309477806091,-0.8624758720397949,-0.3543170988559723,-0.2235890328884124,-0.8528863191604614,-0.315722644329071,0.1203531771898269,0.0032349713146686,0.0051712938584387,-0.1204619407653808,-0.0035272298846393,-0.003899457398802,0.1696028262376785,0.2522852420806885,-0.3449378311634063,-0.2322524785995483,0.211333766579628,-0.3365947604179382,0.1270512193441391,0.5424660444259644,-0.1338752508163452,-0.1450867056846618,0.5130141377449036,-0.1423902064561844,1
204,0.0198111589998006,-0.6030216217041016,-0.3073742389678955,0.1838365495204925,-0.4687775373458862,-0.1489613056182861,0.2990348935127258,-0.6514004468917847,-0.2429825961589813,-0.1276348829269409,-0.4712679982185364,-0.158032014966011,-0.2548379898071289,-0.6153200268745422,-0.2531875669956207,0.2929084300994873,-0.8909041881561279,-0.3189392685890198,-0.221215084195137,-0.8581429123878479,-0.3210137188434601,0.1202321425080299,0.0029439902864396,0.0051187607459723,-0.1203766986727714,-0.0032254783436656,-0.0038661188445985,0.1694843471050262,0.2902106344699859,-0.2978304326534271,-0.2432354688644409,0.2625686824321747,-0.2741847038269043,0.1338148266077041,0.5849259495735168,-0.0859606117010116,-0.1543353348970413,0.5551972985267639,-0.0749440863728523,1
205,0.0212609432637691,-0.6083658337593079,-0.289901465177536,0.1835482716560363,-0.4780440926551819,-0.134494736790657,0.2989483773708343,-0.6697307825088501,-0.2294707149267196,-0.1278363764286041,-0.4756726026535034,-0.1398430615663528,-0.2561083436012268,-0.6228253245353699,-0.2308988720178604,0.2903116941452026,-0.9061553478240968,-0.3067107796669006,-0.2262809127569198,-0.8702521324157715,-0.3029844760894775,0.1201693713665008,0.002743364078924,0.0050766770727932,-0.1203312873840332,-0.0030261354986578,-0.0038344638887792,0.1693537086248397,0.3049641847610473,-0.2732350528240204,-0.2483021765947342,0.2783892154693603,-0.2615640759468078,0.1318799257278442,0.599511444568634,-0.0569454245269298,-0.159821406006813,0.5680676698684692,-0.0589569509029388,1
206,0.0221814289689064,-0.6323510408401489,-0.2446218878030777,0.1825664043426513,-0.4926197826862335,-0.0863729193806648,0.2993522584438324,-0.6742929816246033,-0.1583551466464996,-0.1305417567491531,-0.4873159229755401,-0.1050322949886322,-0.259062260389328,-0.6296091675758362,-0.2058251053094864,0.29104083776474,-0.912308394908905,-0.2265130877494812,-0.2266178578138351,-0.8749147653579712,-0.2937217354774475,0.1198307126760482,0.0026830260176211,0.0051535270176827,-0.1200389415025711,-0.0029658214189112,-0.0039374204352498,0.1765424311161041,0.3250219523906708,-0.2046757042407989,-0.2486860752105713,0.2938069403171539,-0.1961987763643264,0.1361873149871826,0.6123870015144348,0.0124000925570726,-0.1622493118047714,0.5872661471366882,0.0158552136272192,1
207,0.0209660921245813,-0.6280357241630554,-0.2594358325004577,0.1787112057209015,-0.4915185272693634,-0.099251240491867,0.2970072627067566,-0.6864375472068787,-0.1667664647102356,-0.1328175663948059,-0.4871107041835785,-0.1152599230408668,-0.2600105106830597,-0.642988920211792,-0.2035443186759948,0.2886853814125061,-0.925240397453308,-0.2225064635276794,-0.2285905629396438,-0.8893805742263794,-0.2655861377716064,0.1196266040205955,0.0025805423501878,0.0060514039359986,-0.1198540851473808,-0.0028678798116743,-0.0048682116903364,0.176841139793396,0.3189883828163147,-0.2269457429647445,-0.2472505122423172,0.2943767607212066,-0.2144194990396499,0.1277680248022079,0.6225895285606384,-0.0221101511269807,-0.1689660400152206,0.5958006978034973,-0.0204147305339574,1
208,0.0210045631974935,-0.6348317265510559,-0.2509877383708954,0.1788175255060196,-0.4952563047409057,-0.0905838161706924,0.2966504991054535,-0.6926235556602478,-0.150868609547615,-0.1322115212678909,-0.4911682605743408,-0.1074449568986892,-0.2575799524784088,-0.6534062623977661,-0.1763010025024414,0.2881797552108764,-0.9317477941513062,-0.2042960673570633,-0.2283981442451477,-0.8991443514823914,-0.2267323136329651,0.1191096976399421,0.0026174781378358,0.0063634770922362,-0.1193638369441032,-0.0029132980853319,-0.0051926374435424,0.1768542528152465,0.3271405398845672,-0.1952523589134216,-0.2346561104059219,0.2998721003532409,-0.1885944008827209,0.1331395804882049,0.6397606134414673,-0.0041492106392979,-0.1666683703660965,0.6151383519172668,-0.0160204917192459,1
209,0.0188909526914358,-0.6366377472877502,-0.2513267397880554,0.1753170043230056,-0.4964109361171722,-0.0906135663390159,0.2841808795928955,-0.6928693652153015,-0.1489840745925903,-0.1326302289962768,-0.493598461151123,-0.1086878478527069,-0.2557854056358337,-0.6595243215560913,-0.1858746111392974,0.28082275390625,-0.9294834136962892,-0.2048566490411758,-0.2226531356573104,-0.9000832438468933,-0.2410681992769241,0.1185041293501854,0.0026072016917169,0.006919992621988,-0.1187745034694671,-0.002906949725002,-0.0057599693536758,0.1731318235397339,0.3380040228366852,-0.1652517467737198,-0.2282191962003708,0.3119259178638458,-0.1486654430627823,0.1348119527101516,0.6496758460998535,0.0170191023498773,-0.1663779020309448,0.6326634287834167,0.0232416838407516,1
210,0.0281230527907609,-0.6402382850646973,-0.2439456284046173,0.1765788942575454,-0.4972915649414062,-0.0789933428168296,0.2847174108028412,-0.6910616755485535,-0.1340706050395965,-0.1304530799388885,-0.4977535307407379,-0.1028656661510467,-0.2504375576972961,-0.6617168188095093,-0.1803379952907562,0.2803033292293548,-0.925682783126831,-0.1933149844408035,-0.20944844186306,-0.8990604877471924,-0.2413332760334015,0.1182320192456245,0.0026181158609688,0.0071602319367229,-0.1185188740491867,-0.0029291319660842,-0.0060005881823599,0.174930602312088,0.3468932211399078,-0.1423579901456833,-0.2227329462766647,0.3151240646839142,-0.1223920956254005,0.1453282833099365,0.6482627987861633,0.0433681644499301,-0.1602478921413421,0.6327720284461975,0.0613508895039558,1
211,0.0265353545546531,-0.6462054252624512,-0.2349026650190353,0.1748429387807846,-0.4994323253631592,-0.0729393512010574,0.280515193939209,-0.692048966884613,-0.1292045265436172,-0.1304645091295242,-0.5047076344490051,-0.0933571457862854,-0.2442570626735687,-0.674014151096344,-0.1598934829235077,0.2773871123790741,-0.9243878722190856,-0.1856896579265594,-0.2058276087045669,-0.9059270620346068,-0.2132751941680908,0.1176393255591392,0.0026292793918401,0.0071444413624703,-0.1179331839084625,-0.0029492015019059,-0.0059818602167069,0.169973149895668,0.3500107526779175,-0.1345948874950409,-0.2194055318832397,0.3175402283668518,-0.1176023036241531,0.1458138525485992,0.6561046838760376,0.0386027880012989,-0.1582565605640411,0.6388394236564636,0.0575122870504856,1
212,0.0223552286624908,-0.6451370716094971,-0.2234889864921569,0.1747620105743408,-0.5059906244277954,-0.0677411258220672,0.2769978940486908,-0.6979756951332092,-0.12916199862957,-0.1296187937259674,-0.5124059319496155,-0.0785891339182853,-0.2411056905984878,-0.6825577020645142,-0.1426915973424911,0.2739040553569793,-0.9277400374412536,-0.1880794018507003,-0.2030075490474701,-0.917264461517334,-0.2002352178096771,0.1170187667012214,0.0026607203762978,0.006597654428333,-0.1173127070069313,-0.0029888909775763,-0.005448140669614,0.1695898622274398,0.362234890460968,-0.1051466763019561,-0.2118024080991745,0.3271929323673248,-0.1094622910022735,0.153821662068367,0.6702101230621338,0.0635693371295929,-0.1564603596925735,0.6557345986366272,0.0549111887812614,1
213,0.0185663606971502,-0.6461020112037659,-0.2259134501218795,0.1672536581754684,-0.5080834031105042,-0.0697631612420082,0.2707430720329284,-0.7024726867675781,-0.1326458603143692,-0.1336353421211242,-0.5139890313148499,-0.0826314464211463,-0.2416141182184219,-0.6805211901664734,-0.157419741153717,0.2732320129871368,-0.9287862181663512,-0.1925692707300186,-0.2033318728208542,-0.9153258800506592,-0.2360856682062149,0.1163264214992523,0.0025184359401464,0.0065772798843681,-0.1166372969746589,-0.0028540508355945,-0.0054368111304938,0.1571289151906967,0.3667839169502258,-0.0906074866652488,-0.2042226940393448,0.3349805772304535,-0.1069329604506492,0.1530350893735885,0.6784173846244812,0.0764398351311683,-0.1562781780958175,0.6658585071563721,0.0553163848817348,1
214,0.0185810960829257,-0.6462181806564331,-0.2242587804794311,0.1675581187009811,-0.5087451934814453,-0.0693399757146835,0.2698142826557159,-0.7025519013404846,-0.1342885941267013,-0.1315179616212844,-0.5145517587661743,-0.0809932872653007,-0.2364464253187179,-0.6819661855697632,-0.1533755958080291,0.267160952091217,-0.92879718542099,-0.1948384493589401,-0.1953207850456237,-0.919805645942688,-0.2172328382730484,0.1157622337341308,0.002432852750644,0.0064798812381923,-0.116080954670906,-0.0027785350102931,-0.005346302408725,0.1538067311048507,0.3699159026145935,-0.0721395164728164,-0.1908136010169983,0.3406464755535126,-0.0935521200299263,0.1588929593563079,0.6845021843910217,0.0946826487779617,-0.1502010971307754,0.6711942553520203,0.0659169480204582,1
215,0.0183024574071168,-0.6482548713684082,-0.2239025384187698,0.1648513525724411,-0.5102537870407104,-0.0667295157909393,0.2683960795402527,-0.7043294310569763,-0.1305255740880966,-0.1327755004167556,-0.5180249214172363,-0.0822652578353881,-0.2364721596240997,-0.6896501779556274,-0.1556735187768936,0.2675589621067047,-0.928635597229004,-0.1931237131357193,-0.1895942091941833,-0.9233731031417848,-0.2168509066104889,0.1151772439479827,0.0023800444323569,0.0065437015146017,-0.1155092716217041,-0.0027364466805011,-0.0054173585958778,0.1534425616264343,0.373173713684082,-0.050381626933813,-0.1832856088876724,0.3423368036746979,-0.0737298056483268,0.1612779051065445,0.6912136673927307,0.1093479245901107,-0.1439149081707,0.6717689037322998,0.0891945883631706,1
216,0.015496814623475,-0.6471493244171143,-0.219363659620285,0.164722055196762,-0.5113314986228943,-0.063784621655941,0.2654301226139068,-0.7050268650054932,-0.1280497014522552,-0.1327316164970398,-0.5184900164604187,-0.0725751295685768,-0.2358824759721756,-0.6905260682106018,-0.1392441093921661,0.2609072923660278,-0.9301868677139282,-0.1853452324867248,-0.1906238347291946,-0.9281526207923888,-0.1977065354585647,0.1147456169128418,0.0023422052618116,0.0060278316959738,-0.1150476112961769,-0.0027069859206676,-0.0048928414471447,0.1497005522251129,0.378584086894989,-0.0502868667244911,-0.183144062757492,0.347590684890747,-0.0567735098302364,0.1608217358589172,0.6938440203666687,0.1085993200540542,-0.1439770460128784,0.677660346031189,0.1036949455738067,1
217,0.0117269344627857,-0.6402937173843384,-0.2372009754180908,0.1627606153488159,-0.5081389546394348,-0.082031063735485,0.2632107734680176,-0.7048248052597046,-0.1525252312421798,-0.1328660249710083,-0.5151010155677795,-0.0905545428395271,-0.2354656457901001,-0.6905100345611572,-0.1592443883419037,0.2551674544811249,-0.9312300682067872,-0.2098743766546249,-0.1868361979722976,-0.9307361245155334,-0.2096673846244812,0.1143883392214775,0.0022817070130258,0.0061467578634619,-0.1146907806396484,-0.0026570770423859,-0.0050152223557233,0.1374194920063018,0.3805803954601288,-0.0517195425927639,-0.1753259599208831,0.3523868322372436,-0.0619201250374317,0.1525125801563263,0.7025845050811768,0.1077289208769798,-0.1445971727371215,0.6856656670570374,0.0960088521242141,1
218,0.0117422631010413,-0.6386727690696716,-0.237181156873703,0.1629994511604309,-0.5080971717834473,-0.0824014022946357,0.2610876560211181,-0.7046879529953003,-0.1570671647787094,-0.1317364126443863,-0.5151849985122681,-0.0904496163129806,-0.2331464886665344,-0.694463312625885,-0.1584915220737457,0.2501313686370849,-0.9311508536338806,-0.2161126881837844,-0.1846721619367599,-0.9362439513206482,-0.2102686017751693,0.1140752956271171,0.0022683211136609,0.0061546573415398,-0.1143685728311538,-0.002652671188116,-0.0050203646533191,0.128063291311264,0.3866272568702698,-0.0197575334459543,-0.1652628630399704,0.3546051979064941,-0.0475986786186695,0.1489786356687545,0.7087492346763611,0.1376623809337616,-0.1441263705492019,0.685728907585144,0.1090009957551956,1
219,0.0122406538575887,-0.6455063819885254,-0.2247851639986038,0.1630844473838806,-0.5099177360534668,-0.0726316645741462,0.2573924660682678,-0.706191897392273,-0.1486797928810119,-0.1317587941884994,-0.517961323261261,-0.0817538797855377,-0.2294948548078537,-0.7013404965400696,-0.1514004468917846,0.2489619702100753,-0.9310601353645324,-0.2110987901687622,-0.1786696910858154,-0.9402973651885986,-0.2044093608856201,0.1139606609940528,0.0022242900449782,0.0062798969447612,-0.1142448857426643,-0.0026222201995551,-0.0051331953145563,0.1276261210441589,0.3864648044109344,-0.0117525327950716,-0.1607979238033294,0.358167439699173,-0.0379146076738834,0.1473350971937179,0.7100403308868408,0.146780639886856,-0.14323391020298,0.6898400187492371,0.1164906248450279,1
220,0.0123827597126364,-0.6462402939796448,-0.2146417498588562,0.1620626747608184,-0.5127179026603699,-0.0613568872213363,0.2520166635513305,-0.7094603180885315,-0.1334531307220459,-0.133845180273056,-0.5206596851348877,-0.0768781602382659,-0.2301702946424484,-0.7040036916732788,-0.1497316062450409,0.2492266297340393,-0.93471497297287,-0.1973299384117126,-0.1785246580839157,-0.9403452277183532,-0.2039805352687835,0.1137387305498123,0.0021586122456938,0.0067895492538809,-0.1140114665031433,-0.0025712237693369,-0.0056334845721721,0.1255702227354049,0.3880078494548797,-0.0004672598151955,-0.152601346373558,0.3619665503501892,-0.0307107437402009,0.146817147731781,0.7133339047431946,0.159626692533493,-0.1350347846746444,0.6939917802810669,0.1234522312879562,1
221,0.0101338094100356,-0.6436505913734436,-0.2292923927307129,0.1614981591701507,-0.5125072002410889,-0.0790678039193153,0.2488465011119842,-0.7092037796974182,-0.1581917554140091,-0.1337725669145584,-0.5205848217010498,-0.0863533839583396,-0.2303152084350586,-0.704348623752594,-0.1574869453907013,0.2487289607524871,-0.9350256323814392,-0.2210100144147873,-0.1815005093812942,-0.9399577379226683,-0.2135365754365921,0.113334871828556,0.0019898251630365,0.0068047386594116,-0.1136077269911766,-0.0024235404562205,-0.0056467182002961,0.1194759085774421,0.3926070034503937,0.0141523946076631,-0.1451981216669082,0.3662614524364471,-0.0211694110184907,0.1463300883769989,0.7157983779907227,0.1708070486783981,-0.1352462321519851,0.6972005367279053,0.1336704045534134,1
222,0.0144300563260912,-0.6472166180610657,-0.2276903986930847,0.1608234047889709,-0.5136675238609314,-0.0775448381900787,0.24118173122406,-0.7097298502922058,-0.1565630435943603,-0.1339627206325531,-0.5222460627555847,-0.0865267515182495,-0.224989503622055,-0.7058151960372925,-0.1619840115308761,0.2475806027650833,-0.9348819255828856,-0.2205427885055542,-0.1793610602617263,-0.9416596293449402,-0.2182700335979461,0.1130817830562591,0.0016013910062611,0.0069441846571862,-0.1133345738053321,-0.0020553190261125,-0.005778738297522,0.1167872697114944,0.3935849666595459,0.0148691963404417,-0.1429349035024643,0.3689128160476684,-0.0145567180588841,0.1449752002954483,0.7158157825469971,0.1706561893224716,-0.1355258524417877,0.6983271837234497,0.1402855813503265,1
223,0.0122649297118186,-0.6471787691116333,-0.2330588698387146,0.1593933552503585,-0.5140722990036011,-0.0827669948339462,0.2348904013633728,-0.7110165953636169,-0.1599499136209488,-0.1341038942337036,-0.5227474570274353,-0.0899243429303169,-0.224566638469696,-0.7077295780181885,-0.1635947972536087,0.2464069426059723,-0.9366267919540404,-0.2226771563291549,-0.180044949054718,-0.94260835647583,-0.2204274237155914,0.11275465041399,0.0014244138728827,0.0064382026903331,-0.113001175224781,-0.0019024554640054,-0.0052674585022032,0.1151501685380935,0.3943974077701568,0.0227957386523485,-0.1365844458341598,0.3741891980171203,0.0074413628317415,0.1427495777606964,0.7170955538749695,0.179817795753479,-0.1361826956272125,0.7023331522941589,0.1598758101463318,1
224,0.0085362708196043,-0.6472539305686951,-0.2328522354364395,0.1580310016870498,-0.5151242017745972,-0.0836377516388893,0.2317704409360885,-0.7139313817024231,-0.1592063158750534,-0.134112536907196,-0.5238132476806641,-0.0891399979591369,-0.2232430726289749,-0.7102062106132507,-0.1582439988851547,0.2434731870889663,-0.9401780962944032,-0.2207754254341125,-0.1802045702934265,-0.9430108070373536,-0.2173831760883331,0.1122156903147697,0.0012498658616095,0.0054543972946703,-0.1124577522277832,-0.0017499205423519,-0.0042554489336907,0.1060752943158149,0.3975298404693603,0.0376909188926219,-0.1295449882745742,0.3804766833782196,0.0232922341674566,0.1410235613584518,0.7189526557922363,0.1959825456142425,-0.1377735137939453,0.71100252866745,0.1751547008752823,1
225,0.0081865293905138,-0.646673321723938,-0.2473552376031875,0.1571573913097381,-0.5149704813957214,-0.0939267352223396,0.2298355400562286,-0.7139001488685608,-0.1652386933565139,-0.1341589838266372,-0.5237982869148254,-0.1028153896331787,-0.2225647568702697,-0.7130916714668274,-0.1710584908723831,0.2434597909450531,-0.9408926367759703,-0.2248810976743698,-0.1803249716758728,-0.94368714094162,-0.2289833277463913,0.111861377954483,0.0010526448022574,0.0053887916728854,-0.1121135205030441,-0.0015724898548796,-0.0041894265450537,0.1009405776858329,0.4003618955612182,0.0463319234549999,-0.1262374222278595,0.3832680284976959,0.0267907343804836,0.1351571679115295,0.7250739336013794,0.1980504393577575,-0.138675108551979,0.7145619988441467,0.1767822355031967,1
226,0.0081486590206623,-0.6440689563751221,-0.2511709034442901,0.1567274779081344,-0.5143812894821167,-0.0962231680750846,0.2301760911941528,-0.7129849791526794,-0.1668187528848648,-0.1342135071754455,-0.5229722261428833,-0.1055513694882392,-0.2224363088607788,-0.7126466631889343,-0.1755357533693313,0.2436117231845855,-0.9406965374946594,-0.2263733148574829,-0.1804217547178268,-0.9434553384780884,-0.2365524619817733,0.1116294711828231,0.0010068786796182,0.0047965818084776,-0.1118842884898185,-0.0015297525096684,-0.0036134978290647,0.0966402739286422,0.4036879539489746,0.0416558384895324,-0.1251857578754425,0.3846017718315124,0.0275289993733167,0.133089542388916,0.7339263558387756,0.1963490396738052,-0.1386246383190155,0.717133104801178,0.1743765622377395,1
227,0.0095900660380721,-0.6391051411628723,-0.2819635570049286,0.1570027619600296,-0.5102612972259521,-0.1245907023549079,0.230460450053215,-0.7129508852958679,-0.1911351531744003,-0.130485787987709,-0.5182989239692688,-0.1355523467063903,-0.2144643366336822,-0.7087651491165161,-0.2064857184886932,0.2451089471578598,-0.9406669735908508,-0.2453977763652801,-0.1744445413351059,-0.9392484426498412,-0.2663479149341583,0.1112772598862648,0.0009830766357481,0.0046122246421873,-0.1115492656826973,-0.0015144502976909,-0.0034349604975432,0.0975947380065918,0.4047832787036896,0.0397596135735511,-0.1175865232944488,0.3856033086776733,0.0267808064818382,0.1334387809038162,0.7361094951629639,0.1938710659742355,-0.1376949101686477,0.7181265354156494,0.1735928803682327,1
228,0.0030746583361178,-0.6381176710128784,-0.2767834961414337,0.1507570892572403,-0.509425938129425,-0.1218011230230331,0.2253888398408889,-0.7124230861663818,-0.195110484957695,-0.1325062811374664,-0.517410933971405,-0.1308343708515167,-0.2146885395050048,-0.7090505957603455,-0.2025407254695892,0.237931877374649,-0.94123512506485,-0.2524556517601013,-0.1746481209993362,-0.9438557624816896,-0.2611317932605743,0.1107247993350029,0.0009701126255095,0.0048377937637269,-0.1109772622585296,-0.0015065574552863,-0.0036544420290738,0.0859905108809471,0.4082844257354736,0.0414740517735481,-0.1186054870486259,0.3856962323188782,0.0231521762907505,0.1252713352441787,0.7375102043151855,0.1924956738948822,-0.1448883861303329,0.7218682169914246,0.1657193303108215,1
229,0.0008412787574343,-0.6366023421287537,-0.2835682928562164,0.1504763960838318,-0.5088213682174683,-0.1331789940595626,0.2249273061752319,-0.7124392986297607,-0.2099003344774246,-0.1325416415929794,-0.515013575553894,-0.1363490521907806,-0.2148930430412292,-0.7062894701957703,-0.2076465636491775,0.2368692606687545,-0.9423638582229614,-0.266790509223938,-0.1774563491344452,-0.9409009218215942,-0.2667229771614074,0.1104503273963928,0.0008887239382602,0.0046428139321506,-0.1107196807861328,-0.0014275250723585,-0.0034601753577589,0.0875232592225074,0.4092579782009125,0.0407016426324844,-0.1192421913146972,0.3876464068889618,0.0238054431974887,0.125820517539978,0.7391396760940552,0.1911314129829406,-0.1439854055643081,0.7233566045761108,0.1709338575601577,1
230,0.0001515936601208,-0.6342752575874329,-0.2902556359767914,0.1483714133501052,-0.507442831993103,-0.1354379951953888,0.2225353419780731,-0.7100520730018616,-0.2112277895212173,-0.1347470432519912,-0.5133647322654724,-0.1422454565763473,-0.2209046185016632,-0.7038208246231079,-0.2141302078962326,0.2342928349971771,-0.9407277703285216,-0.2712925672531128,-0.1822632104158401,-0.9402257800102234,-0.2725137770175934,0.1103609055280685,0.0008622161112725,0.0043592187575995,-0.1106301099061966,-0.0014037309447303,-0.0031897316221147,0.086790531873703,0.4101380705833435,0.0385143123567104,-0.1195155009627342,0.3877269327640533,0.023156601935625,0.1242634132504463,0.7406003475189209,0.1902373880147934,-0.1439157128334045,0.7230529189109802,0.1709889471530914,1
231,-0.0023220952134579,-0.6318802833557129,-0.3032378256320953,0.1457275301218032,-0.5067046880722046,-0.1460722535848617,0.221649944782257,-0.7107239961624146,-0.2195629328489303,-0.1359041035175323,-0.5094377398490906,-0.1599514782428741,-0.2212631106376648,-0.6987583041191101,-0.2413670122623443,0.2323289960622787,-0.9418702125549316,-0.2774359583854675,-0.1848209202289581,-0.9324153065681458,-0.3075308203697204,0.1101689785718917,0.0007785219349898,0.0045756660401821,-0.1104552000761032,-0.0013210456818342,-0.0034123572986572,0.0870004147291183,0.4101875424385071,0.0379592925310134,-0.1201251149177551,0.3880442082881927,0.0222356710582971,0.1221924573183059,0.7410383224487305,0.1880016922950744,-0.1453211009502411,0.722927451133728,0.1703374236822128,1
232,-0.0032491649035364,-0.6322618722915649,-0.2995325922966003,0.1447266638278961,-0.5068321228027344,-0.1431179940700531,0.220425009727478,-0.7124505639076233,-0.2174770087003708,-0.1370462477207183,-0.5095152854919434,-0.1555767804384231,-0.2258870601654052,-0.7003847360610962,-0.2364762276411056,0.2314489036798477,-0.9445895552635192,-0.2764641940593719,-0.1879196017980575,-0.935041844844818,-0.3057052195072174,0.110103003680706,0.0007225730223581,0.0043541593477129,-0.1103879958391189,-0.0012699941871687,-0.0031997584737837,0.0870804265141487,0.4101439416408539,0.0376872234046459,-0.120526373386383,0.3887367844581604,0.0228798799216747,0.1189912632107734,0.7410096526145935,0.1878882795572281,-0.1443934142589569,0.7233161926269531,0.1717969626188278,1
233,-0.003649943973869,-0.6323384046554565,-0.2986611127853393,0.1447445899248123,-0.5069437623023987,-0.1415311694145202,0.2204499095678329,-0.712660014629364,-0.2157562673091888,-0.1375024616718292,-0.509811282157898,-0.1519984602928161,-0.2296488434076309,-0.7016947865486145,-0.2271454334259033,0.2315314710140228,-0.9446327090263368,-0.2750603854656219,-0.1910705119371414,-0.9372610449790956,-0.2936840653419494,0.1100357621908187,0.0006449028733186,0.0038149186875671,-0.1103251278400421,-0.0011953978100791,-0.0026678056456148,0.0871982127428054,0.4099796414375305,0.0375504754483699,-0.1207097396254539,0.3890063762664795,0.0250450577586889,0.1191340759396553,0.7411195635795593,0.1878846734762191,-0.1437586545944214,0.7232520580291748,0.1753341555595398,1
234,-0.001402934314683,-0.6328425407409668,-0.2896179556846618,0.1455872654914856,-0.5072109699249268,-0.128523364663124,0.2229998558759689,-0.7125614881515503,-0.1946414113044738,-0.137486457824707,-0.510490894317627,-0.1449997127056121,-0.2310734689235687,-0.7019765973091125,-0.2199989855289459,0.2389785945415496,-0.9432225823402404,-0.2525478303432464,-0.1911901384592056,-0.9373481273651124,-0.2823831439018249,0.1099703386425972,0.0006141111953184,0.0040828357450664,-0.1102619543671608,-0.0011671797838062,-0.0029350300319492,0.08791384100914,0.4099401235580444,0.0379500053822994,-0.1207033395767211,0.3889414966106415,0.0248852111399173,0.1187511682510376,0.7411699891090393,0.1892082393169403,-0.1434552073478698,0.7224951982498169,0.1755254119634628,1
235,-0.0009180709603242,-0.6329057216644287,-0.2898131608963012,0.1456909477710724,-0.5072218179702759,-0.1285284906625747,0.2234024852514267,-0.712554395198822,-0.1947816908359527,-0.137505292892456,-0.5102582573890686,-0.1449577212333679,-0.2321880310773849,-0.7006418108940125,-0.2195411324501037,0.2390064597129821,-0.9432129263877868,-0.2528839409351349,-0.1930992901325225,-0.9366355538368224,-0.2808509767055511,0.1099169105291366,0.000586598936934,0.0040931245312094,-0.1102115362882614,-0.0011419580550864,-0.0029461430385708,0.0880229100584983,0.4099069237709045,0.0378379374742507,-0.1214382499456405,0.3889194428920746,0.0249709859490394,0.1188605427742004,0.7411516904830933,0.1890963017940521,-0.1435372233390808,0.7222070693969727,0.1756823509931564,1
236,-0.0008670358802191,-0.6328767538070679,-0.2896346151828766,0.1466353833675384,-0.5072514414787292,-0.1293890625238418,0.2243478596210479,-0.7124471664428711,-0.1951371133327484,-0.1370674073696136,-0.5107314586639404,-0.1446318328380584,-0.2322523593902588,-0.7016997337341309,-0.2168091982603073,0.2394129931926727,-0.9433576464653016,-0.2531083226203918,-0.1931213736534118,-0.937841296195984,-0.2778888642787933,0.109874427318573,0.0005724981892853,0.0040509835816919,-0.1101703271269798,-0.0011323228245601,-0.0029054102487862,0.089606299996376,0.4098198115825653,0.0377539098262786,-0.1214208304882049,0.3888570666313171,0.0253531895577907,0.1189430579543113,0.7413346171379089,0.1893337219953537,-0.143134132027626,0.7217708230018616,0.1772545874118805,1
237,-0.0017811231082305,-0.6322219371795654,-0.2904542684555053,0.1463974118232727,-0.506926953792572,-0.1318037956953048,0.2241729944944381,-0.7112285494804382,-0.1999129801988601,-0.1375242471694946,-0.5105925798416138,-0.1443344801664352,-0.2349263727664947,-0.7013674378395081,-0.2162946611642837,0.2389591485261917,-0.9407244920730592,-0.2600637972354889,-0.1963797360658645,-0.9374393224716188,-0.2773770987987518,0.1098157092928886,0.000559045060072,0.0034062850754708,-0.1101124137639999,-0.0011215913109481,-0.002268734620884,0.0892374515533447,0.4098572432994842,0.0364035032689571,-0.1221184730529785,0.3888866603374481,0.0262877847999334,0.1199216321110725,0.7413402199745178,0.1870613843202591,-0.1430924087762832,0.7217260599136353,0.1774675250053405,1
238,-0.0032538063824176,-0.6330006122589111,-0.2893606722354889,0.1461756229400634,-0.5071370601654053,-0.1318236291408538,0.2238642573356628,-0.7112240195274353,-0.199962630867958,-0.1382442414760589,-0.510911762714386,-0.1426008641719818,-0.2365203946828842,-0.7019307613372803,-0.2127133011817932,0.2389823645353317,-0.9403059482574464,-0.260030448436737,-0.1975109726190567,-0.9371898770332336,-0.2740911245346069,0.1097705289721489,0.0005439649685285,0.0032493739854544,-0.1100687086582183,-0.0011086171725764,-0.002111732494086,0.0896647721529007,0.4095068275928497,0.0364408604800701,-0.1221845224499702,0.3888760507106781,0.027096627280116,0.1197949051856994,0.741296112537384,0.1874308437108993,-0.1432317942380905,0.7215760350227356,0.1787465363740921,1
239,-0.0033376379869878,-0.632957398891449,-0.2963911294937134,0.1448587924242019,-0.507063627243042,-0.1369396746158599,0.2233445197343826,-0.7120423316955566,-0.2050139904022216,-0.1391612589359283,-0.5104939937591553,-0.1506083160638809,-0.2362061142921447,-0.7017164826393127,-0.2211495786905288,0.2372159361839294,-0.9420209527015686,-0.2639690339565277,-0.1975591033697128,-0.9373406767845154,-0.2795862555503845,0.1097320541739463,0.000495939340908,0.0032383862417191,-0.1100311949849128,-0.0010637091472744,-0.0020999759435653,0.0895959064364433,0.4097110331058502,0.0363466180860996,-0.1223111152648925,0.3892295658588409,0.0271378904581069,0.1192492917180061,0.7415549159049988,0.1877337843179702,-0.1425866931676864,0.7218567728996277,0.1788266748189926,1
240,-0.0056843105703592,-0.6316909790039062,-0.2957580983638763,0.145447090268135,-0.5072006583213806,-0.1376384198665619,0.223972350358963,-0.7125447392463684,-0.2056460827589035,-0.1385883837938308,-0.5107205510139465,-0.1450943648815155,-0.2349593490362167,-0.702095627784729,-0.2068424671888351,0.2390014380216598,-0.942662477493286,-0.2639921605587005,-0.1969619244337082,-0.9374361634254456,-0.2685590982437134,0.1096341088414192,0.0004909996641799,0.0028950008563697,-0.1099313199520111,-0.0010596974752843,-0.0017441943055018,0.0898195132613182,0.4098116159439087,0.036258578300476,-0.1213626340031623,0.3892238736152649,0.0268950872123241,0.1230458915233612,0.7420619130134583,0.1834697425365448,-0.1414181143045425,0.7223737239837646,0.1768833994865417,1
241,-0.003525347681716,-0.6308902502059937,-0.3003274202346802,0.1463612169027328,-0.5071519613265991,-0.1400259882211685,0.2250114530324936,-0.7125307321548462,-0.2065483033657074,-0.1376015394926071,-0.510734498500824,-0.1499000340700149,-0.2349611669778823,-0.6995940208435059,-0.2131296098232269,0.2401940822601318,-0.9454692602157592,-0.2647968530654907,-0.1989527344703674,-0.9339874386787416,-0.2758000493049621,0.1096271574497222,0.0005055765504948,0.0033089162316173,-0.1099292039871215,-0.0010792214889079,-0.002151797292754,0.0896837413311004,0.4102611839771271,0.0369020998477935,-0.1213871240615844,0.3891244530677795,0.0224162973463535,0.1230176761746406,0.7419193387031555,0.1835338324308395,-0.1417011767625808,0.7223659157752991,0.1707050651311874,1
242,-0.0040817377157509,-0.6301644444465637,-0.3035063743591308,0.1463789939880371,-0.5068683624267578,-0.1443073004484176,0.2250547707080841,-0.7115907073020935,-0.2125999331474304,-0.1376514881849289,-0.510432779788971,-0.1518669724464416,-0.235041543841362,-0.698677122592926,-0.2144297659397125,0.2396434247493744,-0.9443829655647278,-0.2703922390937805,-0.2001863569021225,-0.932543933391571,-0.2760688960552215,0.1096070855855941,0.0005013748304918,0.0033989374060183,-0.1099108755588531,-0.0010771970264613,-0.0022367066703736,0.0898796245455741,0.4102843105792999,0.0370248332619667,-0.1214003935456276,0.3887608349323272,0.0209720060229301,0.1229934990406036,0.741727888584137,0.1833487451076507,-0.1424689143896103,0.7217624187469482,0.1688442230224609,1
243,-0.0051112538203597,-0.6302791237831116,-0.3037217259407043,0.1464963257312774,-0.5069480538368225,-0.1488894075155258,0.2249721586704254,-0.7132228016853333,-0.2178795635700225,-0.1372000277042389,-0.510449230670929,-0.1517797410488128,-0.2343527972698211,-0.6994338035583496,-0.2139247059822082,0.2385392040014267,-0.9471949934959412,-0.2727466821670532,-0.2001800090074539,-0.9335306286811828,-0.2747617959976196,0.1095491349697113,0.0005839784280396,0.0029083385597914,-0.1098533198237419,-0.0011576360557228,-0.0017514143837615,0.0899081900715828,0.4103716313838959,0.0366012156009674,-0.1215325742959976,0.3885359466075897,0.022809587419033,0.1243030056357383,0.7417973279953003,0.1829618066549301,-0.1422603726387024,0.7204030156135559,0.1722063273191452,1
244,-0.0078393071889877,-0.6304498314857483,-0.2964548468589782,0.1458889842033386,-0.506942868232727,-0.1456185132265091,0.2226099073886871,-0.7115861177444458,-0.2151375114917755,-0.1376580595970153,-0.5105798840522766,-0.1413054168224334,-0.2347506135702133,-0.6984319090843201,-0.1970546692609787,0.2338369637727737,-0.9447118043899536,-0.2701917290687561,-0.2004235535860061,-0.9304601550102234,-0.2575726211071014,0.1095148026943206,0.0006158230826258,0.0027702518273144,-0.1098142340779304,-0.0011929809115827,-0.0016007586382329,0.0894808247685432,0.4106045067310333,0.0388615317642688,-0.121575653553009,0.3882066905498504,0.0228276308625936,0.1235821321606636,0.7417342662811279,0.1847733855247497,-0.143598586320877,0.7204872965812683,0.1712621450424194,1
245,-0.0086802402511239,-0.6292641758918762,-0.2985310554504394,0.1450118720531463,-0.5060405135154724,-0.1465353667736053,0.2209004461765289,-0.7096576690673828,-0.2163612097501754,-0.1381847262382507,-0.5104770660400391,-0.1427741348743438,-0.2351221740245819,-0.6981110572814941,-0.1992973238229751,0.2314283102750778,-0.9440038800239564,-0.2721800208091736,-0.2008433490991592,-0.9302079677581788,-0.2615018486976623,0.1095033958554267,0.0006457359413616,0.0026338214520365,-0.1098038479685783,-0.0012250303989276,-0.001463615335524,0.0887304544448852,0.4113677144050598,0.0351832769811153,-0.1216802969574928,0.3882156312465668,0.0221684910356998,0.1235165894031524,0.7429811954498291,0.179220050573349,-0.1425118893384933,0.7212239503860474,0.1691782176494598,1
246,-0.0079954583197832,-0.6311463117599487,-0.2863520681858063,0.1456038206815719,-0.5073004364967346,-0.1354177892208099,0.2210435420274734,-0.7121437788009644,-0.2028584778308868,-0.1381073147058487,-0.5121532678604126,-0.133559837937355,-0.2351879179477691,-0.7027961015701294,-0.1942744851112365,0.2314896583557129,-0.9463456869125366,-0.2561652064323425,-0.2008564323186874,-0.9365598559379578,-0.2571221590042114,0.1094727218151092,0.0006199826020747,0.0026098689995706,-0.1097715944051742,-0.0012013736413791,-0.0014392298180609,0.0891452431678772,0.4112737476825714,0.0350712053477764,-0.1216207444667816,0.388556569814682,0.0222319457679986,0.1236638128757476,0.743606448173523,0.1789281517267227,-0.1407933384180069,0.7230067849159241,0.1689367294311523,1
247,-0.0057818428613245,-0.6303998231887817,-0.2943448424339294,0.1458111703395843,-0.5070094466209412,-0.139079213142395,0.2220652252435684,-0.7112398743629456,-0.2079216390848159,-0.1378470063209533,-0.5118705630302429,-0.1413410305976867,-0.2361621558666229,-0.7013753056526184,-0.2045634090900421,0.2324463874101638,-0.9455912709236144,-0.2652277648448944,-0.2010672092437744,-0.9357898831367492,-0.2659323811531067,0.1094380393624305,0.0006599667249247,0.0027462521102279,-0.1097347736358642,-0.0012411531060934,-0.0015829503536224,0.0891799330711364,0.4117040038108825,0.0339285321533679,-0.1210198998451232,0.388155072927475,0.0205039121210575,0.1270378679037094,0.7442269921302795,0.1747901290655136,-0.1390978395938873,0.7219825387001038,0.1669928133487701,1
248,-0.0039807693101465,-0.6303913593292236,-0.2977631688117981,0.1475120037794113,-0.5070023536682129,-0.1428408324718475,0.2229974865913391,-0.7122308611869812,-0.2107633203268051,-0.1353632658720016,-0.5118864178657532,-0.1444973349571228,-0.2335579246282577,-0.7023307085037231,-0.2059471607208252,0.2330992221832275,-0.9470849633216858,-0.2661729753017425,-0.1970885246992111,-0.9360016584396362,-0.2665557563304901,0.1094034388661384,0.0006846780888736,0.0027585185598582,-0.1097009479999542,-0.0012675935868173,-0.0015950908418744,0.0892727226018905,0.4117277562618255,0.0357369557023048,-0.1199456974864006,0.3882589936256408,0.0207959339022636,0.127855896949768,0.7441266179084778,0.1764875799417495,-0.1387044638395309,0.722147524356842,0.1675150394439697,1
249,-0.0040497202426195,-0.6306179761886597,-0.287914514541626,0.1473956108093261,-0.5068744421005249,-0.1345764100551605,0.2228071391582489,-0.7073401808738708,-0.2032366693019867,-0.1355101764202118,-0.5119079947471619,-0.1338322013616562,-0.2341273128986358,-0.6998519897460938,-0.1953744143247604,0.232881486415863,-0.9416221380233764,-0.2602613866329193,-0.1973049789667129,-0.9320651888847352,-0.2567958533763885,0.1092859879136085,0.0008217304130084,0.0026311466936022,-0.1095730140805244,-0.0014050152385607,-0.0014703753404319,0.0882791429758071,0.4120502769947052,0.0357270576059818,-0.1199558675289154,0.3875653743743896,0.0217720456421375,0.12638820707798,0.7446380257606506,0.1765290200710296,-0.138570174574852,0.7210540771484375,0.1693596690893173,1
250,-0.0001106482377508,-0.6304360628128052,-0.2971056699752807,0.1486199051141739,-0.5067295432090759,-0.1387788653373718,0.2244372069835662,-0.7079010605812073,-0.2061392664909362,-0.1348094493150711,-0.5118231177330017,-0.146889328956604,-0.2335839867591858,-0.7008550763130188,-0.2128205448389053,0.2348870635032653,-0.9431347846984864,-0.2630561292171478,-0.1954077631235122,-0.934667706489563,-0.2714438736438751,0.1092729568481445,0.0007869013352319,0.0031880969181656,-0.1095627024769783,-0.0013738900888711,-0.0020311197731643,0.088678665459156,0.4120872318744659,0.0376618988811969,-0.1195354983210563,0.3877328336238861,0.0211780406534671,0.1269533932209015,0.7444531321525574,0.1793635636568069,-0.1385477930307388,0.721185028553009,0.1690876930952072,1
251,0.0002184858749387,-0.630064070224762,-0.2894188165664673,0.1495093554258346,-0.5067281126976013,-0.1324274539947509,0.2247171849012375,-0.7038943767547607,-0.2004695981740951,-0.1342207342386245,-0.5120559930801392,-0.1380592435598373,-0.2330730557441711,-0.7000200152397156,-0.2034833431243896,0.2359396964311599,-0.9359720349311828,-0.2601197957992553,-0.1945351213216781,-0.9328362345695496,-0.2653439044952392,0.1092042550444603,0.000791500788182,0.0031955917365849,-0.1094916015863418,-0.0013793213292956,-0.0020378255285322,0.0887807309627533,0.4121157526969909,0.0378886424005031,-0.1189266964793205,0.3876823484897613,0.021368259564042,0.1281353831291198,0.7443354725837708,0.1793468594551086,-0.1373274773359298,0.7211368083953857,0.169110432267189,1
252,-0.0016194238560274,-0.6299164295196533,-0.283840149641037,0.1474696993827819,-0.5068228244781494,-0.1284633874893188,0.2234287708997726,-0.7039383053779602,-0.1981289088726043,-0.1363217681646347,-0.5119592547416687,-0.1340674459934234,-0.2335363328456878,-0.6979227066040039,-0.2012968808412552,0.2346624135971069,-0.9362812638282776,-0.2580143511295318,-0.1954077929258346,-0.9313161373138428,-0.2626081705093384,0.1091148555278778,0.0007980113732628,0.0031811129301786,-0.1093952357769012,-0.0013854500139132,-0.0020265134517103,0.08819480240345,0.4121947884559631,0.0340542048215866,-0.1189584285020828,0.3881505727767944,0.0208252314478158,0.1281907558441162,0.7450657486915588,0.1717441529035568,-0.136385291814804,0.7250120639801025,0.1652470827102661,1
253,-0.0023881003726273,-0.631769061088562,-0.2750963866710663,0.1486759185791015,-0.5079802870750427,-0.1281537264585495,0.2239931523799896,-0.7088662981987,-0.1983735412359237,-0.1356798857450485,-0.515575110912323,-0.1194104328751564,-0.2322642654180526,-0.7077984809875488,-0.1777078956365585,0.2346185743808746,-0.9425444602966307,-0.2572326064109802,-0.1946305036544799,-0.942602515220642,-0.2400723844766616,0.1090752854943275,0.0007718637934885,0.0014026378048583,-0.1093523427844047,-0.0013576670316979,-0.0002763801312539,0.0923420861363411,0.4104223251342773,0.0330121554434299,-0.1187960430979728,0.3885885179042816,0.0244140736758708,0.1312741935253143,0.744763195514679,0.1720226407051086,-0.1345467418432235,0.7265117764472961,0.167042389512062,1
254,-0.0028124826494604,-0.6306639313697815,-0.2714487016201019,0.1472909599542617,-0.5080416798591614,-0.1186196506023407,0.2234090864658355,-0.7070341110229492,-0.1849228292703628,-0.1379050612449646,-0.5156171321868896,-0.1190770491957664,-0.235727310180664,-0.7073119878768921,-0.1801062375307083,0.2345475107431411,-0.941331386566162,-0.2430583089590072,-0.1956543773412704,-0.940515637397766,-0.2420791387557983,0.1089966371655464,0.0007780511514283,0.0018610826227813,-0.1092660799622535,-0.0013643939746543,-0.0007297070696949,0.0916619598865509,0.4108242392539978,0.0327720902860164,-0.1190497577190399,0.388573557138443,0.022679328918457,0.1312067508697509,0.7460218667984009,0.1688601672649383,-0.1347501575946808,0.7271292209625244,0.162245973944664,1
255,-0.0020265313796699,-0.6309790015220642,-0.2685372829437256,0.1484558135271072,-0.5090533494949341,-0.1161958873271942,0.2235942035913467,-0.7089218497276306,-0.1840380877256393,-0.1374756097793579,-0.5163776874542236,-0.1170103847980499,-0.2348775565624237,-0.7075512409210205,-0.1804880797863006,0.2345274984836578,-0.9449120163917542,-0.2404645234346389,-0.1953984946012497,-0.9420843720436096,-0.2424066215753555,0.1089976802468299,0.0007674324442632,0.0017093854257836,-0.1092663779854774,-0.0013543692184612,-0.0005873419577255,0.0935817956924438,0.4106864929199219,0.0316999740898609,-0.1192171797156333,0.389070600271225,0.0236140824854373,0.1321453601121902,0.7460812926292419,0.1689900606870651,-0.1331922709941864,0.7279341220855713,0.1638119220733642,1
256,-0.0028240792453289,-0.6290821433067322,-0.2825760245323181,0.1485174596309662,-0.5069291591644287,-0.1308741718530655,0.2240873724222183,-0.7057358622550964,-0.2018422931432724,-0.1366931796073913,-0.5152158737182617,-0.1297702193260193,-0.2332141995429992,-0.7060564756393433,-0.1930932104587555,0.2342816442251205,-0.939630389213562,-0.2586686611175537,-0.1952296495437622,-0.9395602345466614,-0.2545563876628876,0.10890494287014,0.0007922017248347,0.0017752588028088,-0.1091776341199874,-0.0013790793018415,-0.0006540836184285,0.0935398787260055,0.4106095135211944,0.0318561121821403,-0.1182539835572242,0.3889587521553039,0.0232736635953187,0.1321264058351516,0.7457616329193115,0.1691853702068328,-0.133342906832695,0.7275023460388184,0.1639200747013092,1
257,-0.003625079523772,-0.6284440755844116,-0.2847195267677307,0.1468982100486755,-0.5067328214645386,-0.1307520419359207,0.2229038029909134,-0.7054813504219055,-0.2008097618818283,-0.137603148818016,-0.5139209628105164,-0.1346994042396545,-0.2355044186115265,-0.7022241950035095,-0.1996736228466034,0.2341876775026321,-0.9391575455665588,-0.2583318948745727,-0.1974616944789886,-0.9333637356758118,-0.2596539556980133,0.1088822558522224,0.0007915669702924,0.0027613786514848,-0.1091545820236206,-0.0013791318051517,-0.00162143423222,0.0934012457728385,0.4107356667518616,0.0323448106646537,-0.1183080896735191,0.3888871371746063,0.0201008319854736,0.132617563009262,0.7457621097564697,0.1692969053983688,-0.1336324661970138,0.727386474609375,0.1615385562181472,1
258,-0.0034872514661401,-0.6284328699111938,-0.2819153666496277,0.1491403579711914,-0.5074512362480164,-0.1297229677438736,0.2244812250137329,-0.7093810439109802,-0.199811652302742,-0.1352329105138778,-0.5150901675224304,-0.1292449384927749,-0.2323080897331237,-0.7073416709899902,-0.1891838759183883,0.2342041879892349,-0.9459276795387268,-0.2546481490135193,-0.1943772286176681,-0.9426252245903016,-0.2482602745294571,0.1088778376579284,0.0007860324112698,0.0025600369554013,-0.1091506853699684,-0.0013747953344136,-0.0014237209688872,0.09373240172863,0.4106779992580414,0.0330570712685585,-0.1181315183639526,0.3893744647502899,0.0208803657442331,0.1326411366462707,0.7454655766487122,0.1750183254480362,-0.1336477547883987,0.7283370494842529,0.1636982709169387,1
259,-0.0020926839206367,-0.6298431158065796,-0.2710107564926147,0.150115504860878,-0.5077303051948547,-0.1248363628983497,0.2244986593723297,-0.7076566219329834,-0.1980061680078506,-0.1341191083192825,-0.5157893300056458,-0.1183578222990036,-0.2320126146078109,-0.7075304985046387,-0.1815055459737777,0.2345134317874908,-0.9426918029785156,-0.2539862394332886,-0.1934110224246978,-0.9423628449440002,-0.2428646683692932,0.1086897701025009,0.0008402433013543,0.0023272316902875,-0.1089470162987709,-0.0014245265629142,-0.00119493692182,0.0937129855155944,0.410697191953659,0.033704288303852,-0.117928646504879,0.3888604044914245,0.0248705260455608,0.1315820515155792,0.7452312111854553,0.1778965443372726,-0.1336477249860763,0.7248654961585999,0.1738487631082534,1
260,-0.0018982866313308,-0.629875123500824,-0.2760559618473053,0.1498809456825256,-0.5076152682304382,-0.1249470114707946,0.2254591286182403,-0.7063173651695251,-0.1964185833930969,-0.136180967092514,-0.5150337815284729,-0.1253606528043747,-0.2389812022447586,-0.7037898302078247,-0.1920731514692306,0.2351020574569702,-0.9389426708221436,-0.2536009550094604,-0.1987922489643097,-0.935540497303009,-0.2539101541042328,0.1086764484643936,0.0009269675356335,0.0022947462275624,-0.1089351773262023,-0.0015137465670704,-0.0011659592855721,0.0917363837361335,0.4107745587825775,0.0339021310210228,-0.1195040121674537,0.3881930708885193,0.0261141415685415,0.1296622604131698,0.7449690699577332,0.1782808005809784,-0.1355469822883606,0.7232343554496765,0.1746350675821304,1
261,-0.0015613186405971,-0.6299850344657898,-0.2803870141506195,0.150257259607315,-0.5076932907104492,-0.1286373287439346,0.2255888730287552,-0.7093639373779297,-0.1988777667284011,-0.1355559527873993,-0.5154200792312622,-0.1303673088550567,-0.2348569482564926,-0.7075803279876709,-0.196509838104248,0.2355005890130996,-0.9413855671882628,-0.2556478083133697,-0.1950647234916687,-0.9391825795173644,-0.2572174966335296,0.1087083369493484,0.000871067342814,0.0022212928161025,-0.1089733690023422,-0.0014606657205149,-0.0010914691956713,0.09467663615942,0.4094291627407074,0.0335876606404781,-0.1193476244807243,0.3888243734836578,0.0262662675231695,0.1340475082397461,0.7441434264183044,0.1780720353126526,-0.1345070004463195,0.7243760824203491,0.174437940120697,0
262,-0.0021387001033872,-0.6331759691238403,-0.2609753012657165,0.1502632945775985,-0.508250892162323,-0.1163271516561508,0.2247839570045471,-0.7091041803359985,-0.1911511272192001,-0.1355461478233337,-0.518187940120697,-0.1073960736393928,-0.2340119183063507,-0.7121980786323547,-0.1682377159595489,0.2333696335554123,-0.941361129283905,-0.2496017068624496,-0.193331629037857,-0.9457951188087464,-0.2282562404870987,0.1086864247918129,0.0009036643314175,0.0017153153894469,-0.1089450940489769,-0.0014916561776772,-0.0005874612252227,0.094850830733776,0.4093511700630188,0.0323739945888519,-0.1195208430290222,0.3882179856300354,0.0263358652591705,0.1344712227582931,0.7439954280853271,0.1776050478219986,-0.1331604719161987,0.7237080335617065,0.1743176728487014,0
263,-0.0012721945531666,-0.6330488324165344,-0.2626619935035705,0.1515980064868927,-0.5085148215293884,-0.1168485134840011,0.2265601158142089,-0.7088739275932312,-0.1911475509405136,-0.1345315128564834,-0.517571747303009,-0.1095954626798629,-0.2335115075111389,-0.7062122821807861,-0.1707687526941299,0.2374200224876403,-0.9387413859367372,-0.2496703416109085,-0.1933747082948684,-0.9384409785270692,-0.2307494133710861,0.1086538136005401,0.0009177753236144,0.0016620451351627,-0.1089117601513862,-0.001504092477262,-0.0005323654040694,0.0947705283761024,0.4097979664802551,0.0315638892352581,-0.1194191873073577,0.3883426189422607,0.0256847236305475,0.1359893977642059,0.7450127005577087,0.1712470948696136,-0.133672833442688,0.7258123755455017,0.1689223796129226,0
264,-0.0012472699163481,-0.6332495808601379,-0.2588086724281311,0.1503986716270446,-0.5085265040397644,-0.1084239557385444,0.2264199703931808,-0.7076137065887451,-0.1795512586832046,-0.1357681155204773,-0.5175265669822693,-0.1058296039700508,-0.2337082326412201,-0.7036438584327698,-0.1692219823598861,0.2376273274421692,-0.9377323985099792,-0.2387958467006683,-0.1934447884559631,-0.937163770198822,-0.2302975207567215,0.1086817532777786,0.0009339219541288,0.0016831113025546,-0.1089333072304725,-0.0015217453474178,-0.0005518406396731,0.0932520255446434,0.4102380871772766,0.0309970490634441,-0.1205513328313827,0.3881913423538208,0.0243719164282083,0.1353131234645843,0.7450329065322876,0.1710414886474609,-0.1335707008838653,0.7259582281112671,0.1668375134468078,0
265,-0.0018244422972202,-0.6332352757453918,-0.268296331167221,0.1498392075300216,-0.5084904432296753,-0.1170963048934936,0.2233136147260666,-0.7076930999755859,-0.190859779715538,-0.136573389172554,-0.5171318054199219,-0.1166997849941253,-0.2342951446771621,-0.703671395778656,-0.1852556020021438,0.2345985323190689,-0.9380563497543336,-0.2509038150310516,-0.1947359144687652,-0.9373210668563844,-0.2468766868114471,0.1087444126605987,0.000826490460895,0.0016386787174269,-0.1090033575892448,-0.0014182291924953,-0.0005070386687293,0.0932473167777061,0.4101900160312652,0.0308574587106704,-0.1206684038043022,0.3886231482028961,0.0242025628685951,0.1321515887975692,0.7450698018074036,0.1718751788139343,-0.1335202157497406,0.7263714671134949,0.1667831987142563,0
