FrameNo,head_x,head_y,head_z,left_shoulder_x,left_shoulder_y,left_shoulder_z,left_elbow_x,left_elbow_y,left_elbow_z,right_shoulder_x,right_shoulder_y,right_shoulder_z,right_elbow_x,right_elbow_y,right_elbow_z,left_hand_x,left_hand_y,left_hand_z,right_hand_x,right_hand_y,right_hand_z,left_hip_x,left_hip_y,left_hip_z,right_hip_x,right_hip_y,right_hip_z,left_knee_x,left_knee_y,left_knee_z,right_knee_x,right_knee_y,right_knee_z,left_foot_x,left_foot_y,left_foot_z,right_foot_x,right_foot_y,right_foot_z,running_video
0,0.0304144136607646,-0.5922840237617493,-0.3134406805038452,0.1732919365167617,-0.443559467792511,-0.0865818709135055,0.1955472826957702,-0.2122051864862442,-0.0237621627748012,-0.1429996490478515,-0.4472517669200897,-0.1093990579247474,-0.2147777378559112,-0.2130014598369598,-0.0379453860223293,0.2435419559478759,0.0017154293600469,-0.0989790186285972,-0.2790647745132446,-0.0142001155763864,-0.1195070669054985,0.1159469559788703,0.0048675704747438,0.0061247195117175,-0.1161445751786232,-0.0056054992601275,-0.0046046390198171,0.1146240532398223,0.4295053780078888,-0.0254656597971916,-0.1256531924009323,0.4055957496166229,-0.017543863505125,0.1386727094650268,0.8031216263771057,0.0464107543230056,-0.1027795150876045,0.7878642082214355,0.0624659545719623,0
1,0.0232223588973283,-0.6011972427368164,-0.266264796257019,0.1693561822175979,-0.4466212689876556,-0.0478249788284301,0.1961189210414886,-0.2295052111148834,0.0110269207507371,-0.146917313337326,-0.4518868327140808,-0.0780177861452102,-0.23899607360363,-0.2340154200792312,-0.0165321491658687,0.2477697879076004,-0.0418252907693386,-0.0606886968016624,-0.3171799778938293,-0.0544019900262355,-0.0979348793625831,0.1157273352146148,0.00488967821002,0.0069197784177958,-0.1159155592322349,-0.0056238560937345,-0.0053945486433804,0.1147442609071731,0.4293399155139923,-0.0258834455162286,-0.1261270493268966,0.4028463661670685,-0.0217810962349176,0.1360479146242141,0.8020481467247009,0.0453351736068725,-0.1048562377691268,0.786003053188324,0.0553101412951946,0
2,0.0246304050087928,-0.6154979467391968,-0.1034125611186027,0.1694839298725128,-0.4595088958740234,0.0671479701995849,0.2175146788358688,-0.2514260709285736,0.0363820753991603,-0.1449618339538574,-0.4527640640735626,0.0630701035261154,-0.2470043003559112,-0.2330792695283889,0.0566369444131851,0.2753538489341736,-0.0872011631727218,-0.0849865525960922,-0.3391028046607971,-0.0658740103244781,-0.0663812234997749,0.1146843284368515,0.0042194840498268,0.0067817447707057,-0.1147047281265258,-0.0047905161045491,-0.0052996519953012,0.1116905733942985,0.4260181486606598,-0.0412327572703361,-0.116357035934925,0.4023253917694092,-0.0310079641640186,0.1368867307901382,0.8019934296607971,0.015861278399825,-0.1001240685582161,0.7864087820053101,0.0367446839809417,0
3,0.0215760711580514,-0.6219078302383423,-0.0687749311327934,0.1671602576971054,-0.4687165915966034,0.1004525125026702,0.2285689264535904,-0.2733011841773987,0.0549854710698127,-0.1476525068283081,-0.4545279443264007,0.0931159928441047,-0.2665019035339355,-0.2442618459463119,0.0694993585348129,0.2914041578769684,-0.1342208534479141,-0.0916256532073021,-0.374957799911499,-0.0993453711271286,-0.0713753178715705,0.1141505315899849,0.0037054989952594,0.0068758223205804,-0.1140812188386917,-0.0041568684391677,-0.0054394360631704,0.1077587753534317,0.4240666925907135,-0.048016719520092,-0.1174205914139747,0.4007329940795898,-0.0375494807958602,0.1303437352180481,0.8004416227340698,0.0021831030026078,-0.1020213291049003,0.7857798933982849,0.0232200473546981,0
4,0.028581615537405,-0.6202985644340515,-0.0152970552444458,0.1713077425956726,-0.4691621959209442,0.1347178667783737,0.2488377541303634,-0.2910655438899994,0.0149752013385295,-0.1476316004991531,-0.4564210772514343,0.1406096220016479,-0.277114599943161,-0.2897886037826538,0.0680008232593536,0.3281143009662628,-0.2156815826892852,-0.2511578202247619,-0.4134694039821625,-0.2087771445512771,-0.1277047246694564,0.1140854880213737,0.0033687942195683,0.0062229260802268,-0.1139691695570945,-0.0037797796539962,-0.0049398280680179,0.1075523570179939,0.4229010641574859,-0.0477143079042434,-0.116178959608078,0.3947421312332153,-0.0418923124670982,0.1292376071214676,0.7964969277381897,0.002742774086073,-0.1018088683485984,0.7796183228492737,0.0161652639508247,0
5,0.0268984027206897,-0.6192600727081299,-0.0044592400081455,0.1711346954107284,-0.4718101620674133,0.144335925579071,0.2519117891788482,-0.3303930759429931,-0.0229115840047597,-0.147576630115509,-0.4652735888957977,0.1461398303508758,-0.2758488357067108,-0.3430376052856445,0.0546544045209884,0.3399615585803985,-0.3325055837631225,-0.2922323644161224,-0.4146336615085602,-0.335759162902832,-0.2004735618829727,0.1140055507421493,0.0033452701754868,0.0059545440599322,-0.1138503551483154,-0.0037556607276201,-0.0047670742496848,0.1071051955223083,0.4220744669437408,-0.0496388152241706,-0.1173599958419799,0.3928905725479126,-0.0443308465182781,0.1238754764199256,0.7940483689308167,-0.0049739968962967,-0.1018116176128387,0.7768254280090332,0.0056499475613236,0
6,0.0257623642683029,-0.6191375255584717,-0.0279120001941919,0.1742375344038009,-0.4716930687427521,0.119548462331295,0.270695298910141,-0.3764139413833618,-0.089219756424427,-0.1457105427980423,-0.4732011556625366,0.1244184225797653,-0.2771145105361938,-0.4007215797901153,0.0077731977216899,0.3678597807884216,-0.445023626089096,-0.3653105795383453,-0.4012902379035949,-0.4650538563728332,-0.2303460091352462,0.1137463971972465,0.0033577657304704,0.0051931198686361,-0.1135530173778534,-0.0037629462312906,-0.0041660503484308,0.1080358624458313,0.4232893288135528,-0.0508610978722572,-0.1177168115973472,0.3930860161781311,-0.0440162271261215,0.1240343376994133,0.7929875254631042,-0.0036563368048518,-0.0992605537176132,0.7796114087104797,0.0072698746807873,0
7,0.0251662619411945,-0.6189116835594177,-0.0365298986434936,0.1738063842058181,-0.4721076488494873,0.1111690998077392,0.2826248407363891,-0.4087538719177246,-0.0950017869472503,-0.1477549225091934,-0.4796957075595855,0.1163066551089286,-0.2966894507408142,-0.4403174221515655,-0.0049502728506922,0.3880877792835235,-0.4952008724212646,-0.3631299436092376,-0.4149975180625915,-0.5186790227890015,-0.232623741030693,0.1136044710874557,0.0033214488066732,0.0045110285282135,-0.1133712455630302,-0.0037203100509941,-0.0035649859346449,0.1097557693719863,0.4234274923801422,-0.0522279813885688,-0.1167509779334068,0.3943922221660614,-0.0415187887847423,0.126440167427063,0.7929354906082153,-0.0109030231833457,-0.0968208238482475,0.7814798951148987,0.0067860139533877,0
8,0.0313840433955192,-0.6169965267181396,-0.039309062063694,0.1731807440519333,-0.4712395071983337,0.1320681124925613,0.2924278676509857,-0.4375025331974029,-0.0287754442542791,-0.1483099311590194,-0.4819516539573669,0.1139522492885589,-0.2975519895553589,-0.487017422914505,-0.0371612049639225,0.4123533368110657,-0.5766085982322693,-0.2330613434314727,-0.4093256294727325,-0.5853427052497864,-0.2443873286247253,0.1133278384804725,0.0033443684224039,0.0084589552134275,-0.1131083369255065,-0.003735147183761,-0.0076601831242442,0.1138218268752098,0.4269721508026123,-0.0459196306765079,-0.11513701826334,0.3958874046802521,-0.0455991551280021,0.1268811672925949,0.7932790517807007,-0.0075586782768368,-0.0953364521265029,0.7815028429031372,-0.0003535397700034,0
9,0.031066158786416,-0.6185888648033142,-0.0428470596671104,0.1704107224941253,-0.4811126589775085,0.1248747333884239,0.2946894764900207,-0.5119493007659912,0.0511930100619792,-0.1471866071224212,-0.4892561733722687,0.1128174439072609,-0.2955554723739624,-0.5418370366096497,0.0128436908125877,0.4153147339820862,-0.6721700429916382,-0.0536709353327751,-0.4080447256565094,-0.6857165694236755,-0.1068562194705009,0.1125767678022384,0.0030682818032801,0.0083736693486571,-0.1124466955661773,-0.0034757435787469,-0.0075719808228313,0.1158344596624374,0.4262903034687042,-0.0414672642946243,-0.1119928658008575,0.3950400054454803,-0.0453049093484878,0.1319523453712463,0.7882767915725708,0.0123557765036821,-0.0956514999270439,0.7747953534126282,0.0081564392894506,0
10,0.0308988522738218,-0.6252813339233398,-0.074414886534214,0.1699335873126983,-0.4889439940452575,0.1064776107668876,0.3071127831935882,-0.5749205350875854,0.0870891064405441,-0.1447305977344513,-0.49707892537117,0.0831243842840194,-0.3018018305301666,-0.5856996774673462,0.0271146968007087,0.4250935316085815,-0.7538360357284546,0.0411745570600032,-0.4114649593830108,-0.7574393153190613,-0.0748885795474052,0.1123569086194038,0.0030436387751251,0.0089910998940467,-0.1122522950172424,-0.0034579834900796,-0.0081182522699236,0.1238923445343971,0.4272020161151886,-0.028095006942749,-0.1097187399864196,0.3949037790298462,-0.04297486692667,0.1420601457357406,0.7826821804046631,0.0478052832186222,-0.0943707674741745,0.7716147899627686,0.0308744851499795,0
11,0.0270898267626762,-0.6265218257904053,-0.150949478149414,0.1698219627141952,-0.4906123578548431,0.0275372471660375,0.3108474910259247,-0.5924931168556213,0.0551144890487194,-0.1397386789321899,-0.4973900914192199,0.025320516899228,-0.3071063756942749,-0.6009770035743713,0.0102007687091827,0.424795001745224,-0.7802025675773621,-0.0333453267812728,-0.4121547341346741,-0.793851375579834,-0.0952287167310714,0.1121022924780845,0.0029059443622827,0.0089280381798744,-0.1120146736502647,-0.0033610132522881,-0.0080152777954936,0.124351255595684,0.4271855056285858,-0.0229577720165252,-0.1089290902018547,0.394748330116272,-0.0352062508463859,0.1447459608316421,0.7824775576591492,0.0438390038907527,-0.091585986316204,0.7716450095176697,0.0352409034967422,0
12,0.0216688495129346,-0.6201271414756775,-0.2826974987983703,0.1681836247444152,-0.4891071915626526,-0.1015904694795608,0.3101519048213959,-0.6188467144966125,-0.1245586425065994,-0.1360799223184585,-0.4925488233566284,-0.0985475480556488,-0.3056749999523163,-0.6097533702850342,-0.1250867992639541,0.4042864739894867,-0.8231521844863892,-0.1958624869585037,-0.4023360013961792,-0.8218481540679932,-0.2196436375379562,0.1115891337394714,0.0029015033505856,0.0081953788176178,-0.1115605160593986,-0.0033750676084309,-0.0072580683045089,0.1229034587740898,0.4271968603134155,-0.0172280985862016,-0.1089974865317344,0.3946493864059448,-0.0143306264653801,0.1411408334970474,0.7824302315711975,0.0618023946881294,-0.0884208306670188,0.7677022814750671,0.0704632475972175,0
13,0.0248363334685564,-0.608622133731842,-0.3399669528007507,0.1658317148685455,-0.4863208830356598,-0.1603642702102661,0.2955723404884338,-0.6593189239501953,-0.1972452849149704,-0.1347680985927581,-0.4900193214416504,-0.1706792265176773,-0.3004066944122314,-0.6398998498916626,-0.2285512089729309,0.3754144608974457,-0.8769335746765137,-0.2677554786205292,-0.3790889680385589,-0.8556329607963562,-0.3360279500484466,0.1111421585083007,0.0027422832790762,0.0076463813893496,-0.1111930981278419,-0.0032385690137743,-0.0067207184620201,0.1209343299269676,0.4262825548648834,-0.0153030660003423,-0.1103701665997505,0.3952833414077759,-0.0068311202339828,0.1395912915468216,0.782534122467041,0.0688164234161377,-0.0875368565320968,0.7675872445106506,0.0802032724022865,0
14,0.0215748734772205,-0.6008222103118896,-0.3833257555961609,0.1571506857872009,-0.4805064797401428,-0.2034002691507339,0.2671946287155151,-0.6703816652297974,-0.2547771632671356,-0.1351166665554046,-0.4834111332893371,-0.2177167385816574,-0.2931084334850311,-0.6348295211791992,-0.3019079864025116,0.342338502407074,-0.8944022059440613,-0.3309933841228485,-0.3585098087787628,-0.8438203930854797,-0.4233801662921905,0.1108137220144271,0.0026445942930877,0.007388197351247,-0.1109243407845497,-0.0031529867555946,-0.0064379698596894,0.1105955690145492,0.4260530471801758,-0.0077353133819997,-0.1161252856254577,0.3957255184650421,0.0039314646273851,0.1305702924728393,0.7814850211143494,0.0861386880278587,-0.0924692302942276,0.7647512555122375,0.1009615734219551,0
15,0.0232786424458026,-0.5945215821266174,-0.3900021016597748,0.1573535054922104,-0.4734925627708435,-0.2152393460273742,0.2552025318145752,-0.6652714014053345,-0.2768988907337188,-0.1334171742200851,-0.4828594028949737,-0.2262991368770599,-0.279710441827774,-0.6470310091972351,-0.3199955821037292,0.3227600157260895,-0.8978260159492493,-0.3532882630825043,-0.3292826414108276,-0.8695020079612732,-0.4395928680896759,0.1106618866324424,0.0026178646367043,0.0056003686040639,-0.1108118444681167,-0.0031299332622438,-0.0046331831254065,0.1093467846512794,0.42481330037117,-0.0054394551552832,-0.1185882315039634,0.3957112431526184,0.0131014268845319,0.1305181086063385,0.7766932249069214,0.0979313254356384,-0.0997730121016502,0.7581473588943481,0.1188364773988723,0
16,0.0200051330029964,-0.5931434035301208,-0.3614900708198547,0.1549929976463318,-0.4737227857112884,-0.1930968761444091,0.2472082674503326,-0.6718372702598572,-0.261105328798294,-0.1335008889436721,-0.48373544216156,-0.1939485520124435,-0.2753545343875885,-0.6505648493766785,-0.2859419286251068,0.3125254809856415,-0.8987938761711121,-0.3385463654994964,-0.3176919817924499,-0.8726354241371155,-0.4070720374584198,0.1101670265197753,0.0026667730417102,0.0026563378050923,-0.1103197187185287,-0.0031808712519705,-0.0016740937717258,0.102863997220993,0.4230460822582245,-0.0098910117521882,-0.1194085702300071,0.3962086141109466,0.0141220586374402,0.1305849105119705,0.776608943939209,0.0954661890864372,-0.0994735285639762,0.7583819627761841,0.1125421002507209,0
17,0.0193009916692972,-0.5916053652763367,-0.3613738417625427,0.1544166207313537,-0.4734061658382416,-0.1999930739402771,0.2417910248041153,-0.6677426695823669,-0.2845645546913147,-0.1334337145090103,-0.4837656319141388,-0.190133735537529,-0.2695659399032593,-0.652399480342865,-0.2869908511638641,0.3028829395771026,-0.8930991888046265,-0.3709302544593811,-0.3128494322299957,-0.8783000111579895,-0.4123309254646301,0.1097582653164863,0.0026204059831798,-0.0008518669055774,-0.1099181100726127,-0.0031330841593444,0.0018089272780343,0.1016233935952186,0.4215906262397766,-0.0108406282961368,-0.1195098608732223,0.3976394236087799,0.0200791768729686,0.1308870762586593,0.7757039666175842,0.0912248119711875,-0.0985653400421142,0.7588743567466736,0.1202540695667266,0
18,0.0185843557119369,-0.5931618809700012,-0.3536165654659271,0.1545770615339279,-0.4746917486190796,-0.1865071803331375,0.2420603781938552,-0.6822619438171387,-0.2631942927837372,-0.1326235979795456,-0.4845645725727081,-0.1828721165657043,-0.2697212994098663,-0.6622902154922485,-0.2730312645435333,0.301428735256195,-0.9147853255271912,-0.3385480642318725,-0.3062601089477539,-0.886825442314148,-0.3967114388942718,0.1095205917954444,0.0026175614912062,-0.000858741288539,-0.1096866279840469,-0.0031325311865657,0.0018168889218941,0.1018328368663787,0.4213460683822632,-0.0093664145097136,-0.1208590790629386,0.397116094827652,0.0182080306112766,0.13241907954216,0.7751893401145935,0.0920053496956825,-0.0983734279870987,0.7581016421318054,0.116695649921894,0
19,0.0191387049853801,-0.5897029638290405,-0.3580808937549591,0.1549092084169387,-0.4746161699295044,-0.1946035027503967,0.2409228533506393,-0.683800995349884,-0.271677553653717,-0.1284485012292862,-0.4838325381278991,-0.1890054196119308,-0.2585260570049286,-0.6573413610458374,-0.2901500761508941,0.2917831540107727,-0.9141159057617188,-0.34492889046669,-0.2977782785892486,-0.8769932389259338,-0.41956228017807,0.1092424988746643,0.0027665907982736,-0.0009857896948233,-0.1094062179327011,-0.0032842543441802,0.0019590775482356,0.0988587513566017,0.4214802980422973,-0.0103045227006077,-0.1212185993790626,0.3971038162708282,0.0177253857254982,0.1281082034111023,0.7763597965240479,0.0890880078077316,-0.0989813506603241,0.7585738301277161,0.1141600236296653,0
20,0.0161110050976276,-0.5948785543441772,-0.3310986161231994,0.1512330919504165,-0.4797040224075317,-0.1746997833251953,0.236469030380249,-0.6865366101264954,-0.2486766576766967,-0.13460274040699,-0.4881693124771118,-0.1633810847997665,-0.2650598585605621,-0.6705596446990967,-0.2594145536422729,0.2889262437820434,-0.9133427739143372,-0.3163963854312897,-0.2993004322052002,-0.8951209187507629,-0.377636969089508,0.1091488525271415,0.0024499322753399,-0.0010311793303117,-0.1093107387423515,-0.0029758503660559,0.0020116432569921,0.0977756530046463,0.4212685823440552,-0.0095556965097785,-0.1232859939336776,0.3969466388225555,0.0172348078340291,0.1282356083393097,0.7754773497581482,0.0911418795585632,-0.098941832780838,0.7586207985877991,0.1135000213980674,0
21,0.0187372863292694,-0.5967597961425781,-0.3312017023563385,0.1530654728412628,-0.4796517491340637,-0.175353854894638,0.2359048873186111,-0.6849945187568665,-0.2517419457435608,-0.1333383023738861,-0.488714188337326,-0.163811445236206,-0.2615885138511657,-0.6675626635551453,-0.2628675401210785,0.2883110344409942,-0.9145588874816896,-0.3213807940483093,-0.2919643521308899,-0.8917141556739807,-0.382476657629013,0.1090847328305244,0.0024409594479948,-0.0019870745018124,-0.1092439666390419,-0.0029675017576664,0.0029910209123045,0.0988023579120636,0.4210413694381714,-0.0125812003389,-0.1266037374734878,0.3969850838184356,0.0168782006949186,0.1283060163259506,0.7754412293434143,0.088517926633358,-0.1090379282832145,0.7587018013000488,0.1125651374459266,0
22,0.0164039954543113,-0.601349413394928,-0.3146093785762787,0.1523852944374084,-0.4805420339107513,-0.1649394482374191,0.2332475185394287,-0.6837493777275085,-0.2491500377655029,-0.1333636194467544,-0.4901801347732544,-0.1468733996152877,-0.2587009370326996,-0.6725893020629883,-0.2475774735212326,0.2852739095687866,-0.9128738641738892,-0.3195133507251739,-0.2855894267559051,-0.8944458961486816,-0.3634807765483856,0.1089370101690292,0.0022922402713447,-0.0022519943304359,-0.1090897992253303,-0.002818047767505,0.0032620194833725,0.098831906914711,0.4206117689609527,-0.0144177777692675,-0.1265366375446319,0.3972101807594299,0.0151024451479315,0.128333568572998,0.7753579616546631,0.0848512426018714,-0.1079405844211578,0.7608531713485718,0.1061215475201606,0
23,0.0165615659207105,-0.6106644868850708,-0.2990179061889648,0.1527922451496124,-0.4825792908668518,-0.1512735038995742,0.2334146648645401,-0.6874333620071411,-0.2422480434179306,-0.1326297670602798,-0.4914328157901764,-0.1381417363882064,-0.248756006360054,-0.6739714741706848,-0.2432035356760025,0.2851618528366089,-0.9148542881011964,-0.3139622211456299,-0.2756928205490112,-0.8970562219619751,-0.3577411770820617,0.1088671013712883,0.0020896692294627,-0.0018820170080289,-0.1090210229158401,-0.0026091092731803,0.0029002430383116,0.0989075154066085,0.4206247925758362,-0.0132572706788778,-0.1269522756338119,0.397100955247879,0.0122771188616752,0.1283796280622482,0.7753583788871765,0.0872947201132774,-0.1076843366026878,0.7607578039169312,0.1059492081403732,0
24,0.014146857894957,-0.6119439601898193,-0.2887930870056152,0.1521321982145309,-0.4850155115127563,-0.1412190347909927,0.2272118777036667,-0.6898067593574524,-0.2206007093191146,-0.1327097713947296,-0.4916440844535827,-0.1287962794303894,-0.2495103478431701,-0.6729309558868408,-0.2403263002634048,0.2758917510509491,-0.9191076755523682,-0.2853165566921234,-0.2697989344596863,-0.8961400985717773,-0.3593654036521911,0.1087799668312072,0.0020465045236051,-0.0015641853678971,-0.1089259088039398,-0.0025647501461207,0.0025858695153146,0.0989613607525825,0.4205378592014313,-0.0123591870069503,-0.1279481351375579,0.3969697058200836,0.0098668476566672,0.1263693273067474,0.7753786444664001,0.0871186479926109,-0.1096928492188453,0.7610480189323425,0.1030598953366279,0
25,0.0155579391866922,-0.6178230047225952,-0.2611026167869568,0.1541230380535125,-0.494303286075592,-0.1200170293450355,0.2260606735944748,-0.6934947967529297,-0.1999753266572952,-0.1308099627494812,-0.5000026822090149,-0.098473884165287,-0.2473043948411941,-0.6795445084571838,-0.2033382207155227,0.2756440043449402,-0.9200379252433776,-0.2650308012962341,-0.263198971748352,-0.9061410427093506,-0.3184115290641784,0.10867590457201,0.0020900114905089,-0.0029552667401731,-0.108809694647789,-0.0026008589193224,0.0039684334769845,0.0990998744964599,0.4181269407272339,-0.0138285579159855,-0.1280034780502319,0.3949233889579773,0.0098775113001465,0.1252895891666412,0.7735068798065186,0.0866485312581062,-0.1075320541858673,0.7559145092964172,0.1040148511528968,0
26,0.0163569115102291,-0.6196405291557312,-0.2485067844390869,0.1545357853174209,-0.4966207146644592,-0.1026229411363601,0.2256263792514801,-0.6929770708084106,-0.1745736896991729,-0.1303134113550186,-0.5005742907524109,-0.0882155001163482,-0.2477788627147674,-0.6774241924285889,-0.1993619203567505,0.276420533657074,-0.9197237491607666,-0.2404359430074691,-0.2641661465167999,-0.9047406315803528,-0.322694331407547,0.1086160913109779,0.0021044169552624,-0.0026595972012728,-0.1087506711483001,-0.0026137332897633,0.003684036899358,0.0985006168484687,0.4186361730098724,-0.0152126867324113,-0.1280104666948318,0.3947246372699737,0.0052847256883978,0.1253281235694885,0.7760829925537109,0.0735975578427314,-0.1072783544659614,0.7572439908981323,0.0900650843977928,0
27,0.0163383446633815,-0.6181431412696838,-0.2482191175222396,0.1543105542659759,-0.4966914057731628,-0.1012914478778839,0.223481684923172,-0.6926808953285217,-0.1779374480247497,-0.130661278963089,-0.5004042387008667,-0.089193619787693,-0.247830718755722,-0.6743780970573425,-0.200175791978836,0.2731574773788452,-0.9199392795562744,-0.2472160011529922,-0.2649799287319183,-0.9043411016464232,-0.3245722353458404,0.1085641160607338,0.0018865501042455,-0.0018452141666784,-0.1086943745613098,-0.0023973600473254,0.0028801157604902,0.0985053479671478,0.4187557995319366,-0.0150702344253659,-0.1279477179050445,0.394753485918045,0.000353201146936,0.1245612129569053,0.7760221362113953,0.0736996382474899,-0.1067584976553917,0.7593563199043274,0.0826750323176384,0
28,0.0159959215670824,-0.6167964935302734,-0.2571961283683777,0.1530835479497909,-0.4949256181716919,-0.1062027513980865,0.2228144109249115,-0.6896646618843079,-0.1843117475509643,-0.1316813677549362,-0.4998035132884979,-0.1013660579919815,-0.2476049661636352,-0.6720713973045349,-0.2190092355012893,0.2736001312732696,-0.9156959652900696,-0.2570219039916992,-0.2646068334579468,-0.9015952944755554,-0.3465426564216614,0.1085227131843566,0.0018313787877559,-0.0017651576781645,-0.1086501404643058,-0.002342298394069,0.0028017826844006,0.0982387959957122,0.4188729226589203,-0.0162542648613452,-0.129671573638916,0.3951314985752105,0.00035080613452,0.1243656203150749,0.7772665619850159,0.0723651424050331,-0.1107919663190841,0.7601938843727112,0.0836811587214469,0
29,0.015191794373095,-0.6169969439506531,-0.258315771818161,0.1528323143720626,-0.4952631592750549,-0.1087644770741462,0.2208876460790634,-0.6925907135009766,-0.1862835586071014,-0.1317762285470962,-0.4996751248836517,-0.0999702215194702,-0.2483448684215545,-0.6718727946281433,-0.2173099517822265,0.2727575004100799,-0.9198254942893982,-0.2560966908931732,-0.2653765976428985,-0.9011366367340088,-0.3461006581783294,0.1084766313433647,0.0018147787777706,-0.0019166293786838,-0.1086000055074691,-0.0023252174723893,0.0029540613759309,0.0983789563179016,0.4189339876174927,-0.0174510460346937,-0.1317038536071777,0.3951804637908935,0.0004177104274276,0.1242500990629196,0.7783765196800232,0.0693592429161071,-0.1116212680935859,0.7611662745475769,0.0841801986098289,1
30,0.0151907615363597,-0.617033064365387,-0.2594147026538849,0.152562528848648,-0.4947950839996338,-0.1102202162146568,0.2193913459777832,-0.6908506751060486,-0.1872205436229705,-0.1321160793304443,-0.4980297386646271,-0.1007194221019744,-0.2484436929225921,-0.6676631569862366,-0.2198396474123001,0.2710683345794678,-0.9171754717826844,-0.2571265697479248,-0.2649428248405456,-0.8947397470474243,-0.3515764474868774,0.1084418222308158,0.0017762559000402,-0.0019876775331795,-0.1085635647177696,-0.0022863906342536,0.0030215277802199,0.0974936261773109,0.4189344346523285,-0.0179153606295585,-0.1320220082998275,0.3953410387039184,0.0009660848882049,0.1238509714603424,0.7787083387374878,0.0688082948327064,-0.1120225936174392,0.7615522146224976,0.0843962952494621,1
31,0.0154413357377052,-0.6214751601219177,-0.2515929043292999,0.1538014411926269,-0.4960629940032959,-0.1040396764874458,0.2200513482093811,-0.6923443078994751,-0.1765109598636627,-0.1317181885242462,-0.4996210932731628,-0.0925983563065528,-0.2471445202827453,-0.6708104014396667,-0.2051655203104019,0.2721313536167145,-0.9190927743911744,-0.2408045679330825,-0.2634605169296264,-0.8955846428871155,-0.3297331631183624,0.1084126308560371,0.0017551673809066,-0.0018631252460181,-0.1085309237241745,-0.0022654654458165,0.0029068295843899,0.0976016297936439,0.4195453226566314,-0.0177331715822219,-0.1312969624996185,0.3953670859336853,0.0009475718834437,0.1252239644527435,0.7796940207481384,0.0688418969511985,-0.1117198094725608,0.761816143989563,0.084737978875637,1
32,0.015324548818171,-0.6194173693656921,-0.2525104284286499,0.1536729037761688,-0.4960234761238098,-0.1037583276629448,0.219953641295433,-0.6922812461853027,-0.177174374461174,-0.1313572824001312,-0.4965440034866333,-0.0933371111750602,-0.2468897998332977,-0.6634646058082581,-0.2155605256557464,0.2722319960594177,-0.9190323948860168,-0.2436646819114685,-0.2635018229484558,-0.8890097141265869,-0.3522416651248932,0.1083820909261703,0.0016335926484316,-0.0007702159346081,-0.1084996834397316,-0.002143329475075,0.0017960428958758,0.0987997129559516,0.4196443259716034,-0.018243633210659,-0.1296986639499664,0.3955030441284179,-0.0034459116868674,0.1254699230194091,0.7803635597229004,0.0630711168050766,-0.1075805649161338,0.7654122114181519,0.0748762488365173,1
33,0.0135020911693573,-0.6195752620697021,-0.2527956068515777,0.1508468985557556,-0.4970053434371948,-0.103914089500904,0.2178696990013122,-0.6932351589202881,-0.1781014949083328,-0.1341408640146255,-0.496933251619339,-0.0940603017807006,-0.2498077303171157,-0.6644151210784912,-0.215490773320198,0.2716477513313293,-0.9204532504081726,-0.2450052350759506,-0.2670618593692779,-0.8900547623634338,-0.3506176769733429,0.1083549261093139,0.0014972379431128,-0.0002901558182202,-0.1084710732102394,-0.0020067377481609,0.0013249072944745,0.097083680331707,0.4198277592658996,-0.0145497750490903,-0.1290850341320037,0.3955628573894501,-0.0035512603353708,0.1209579929709434,0.7800781726837158,0.0720053985714912,-0.1076545938849449,0.7654878497123718,0.0756164118647575,1
34,0.0176572706550359,-0.6185335516929626,-0.2712114155292511,0.1574031114578247,-0.4968933463096618,-0.1193131953477859,0.225766509771347,-0.6932291388511658,-0.1855711042881012,-0.1282577067613601,-0.4973461329936981,-0.1123142689466476,-0.2392128556966781,-0.6642888784408569,-0.2262268215417862,0.2758960425853729,-0.9215430617332458,-0.2456715852022171,-0.2598598599433899,-0.8899953961372375,-0.3554424047470093,0.1083300858736038,0.0016606174176558,-0.0002953392686322,-0.1084447428584098,-0.0021664849482476,0.0013263520086184,0.1042636111378669,0.4196993708610534,-0.0176761094480752,-0.1257750242948532,0.3955809772014618,-0.0026308391243219,0.1293181627988815,0.7810958623886108,0.0678824484348297,-0.10574322193861,0.7643234133720398,0.0799321085214614,1
35,0.0124581838026642,-0.6232137680053711,-0.2649239301681518,0.1545467376708984,-0.4974417984485626,-0.1188624799251556,0.224985733628273,-0.6931799650192261,-0.1919386535882949,-0.1296928972005844,-0.4996330440044403,-0.1029691845178604,-0.2396289855241775,-0.6713142395019531,-0.2061815857887268,0.2758169770240783,-0.919693112373352,-0.2605253458023071,-0.2642111480236053,-0.8960315585136414,-0.3252988457679748,0.1083033233880996,0.0015329543966799,-0.0008350189891643,-0.1084174513816833,-0.0020364748779684,0.0018596786540001,0.104149155318737,0.4186592698097229,-0.0176489036530256,-0.1241978555917739,0.3962413072586059,-0.0015403463039547,0.1316135227680206,0.7784276008605957,0.0702490955591201,-0.1025197058916091,0.7648118138313293,0.0812238901853561,1
36,0.0124604180455207,-0.6387135982513428,-0.2446607500314712,0.1535037904977798,-0.5056387782096863,-0.1005369201302528,0.2248759418725967,-0.7055246829986572,-0.1668208539485931,-0.132134810090065,-0.5056183934211731,-0.0875589326024055,-0.2458980977535247,-0.6808213591575623,-0.1852856278419494,0.2770934700965881,-0.9280319213867188,-0.22630275785923,-0.2657320201396942,-0.9027315378189088,-0.2918604612350464,0.1082866191864013,0.0015302276005968,-0.0011542009888216,-0.1083981245756149,-0.0020326469093561,0.0021964532788842,0.1036501452326774,0.418264091014862,-0.0133380265906453,-0.1244690343737602,0.3958821594715118,0.0036727809347212,0.1314615607261657,0.7757884860038757,0.0819250792264938,-0.1040391400456428,0.7602750658988953,0.0959971472620964,1
37,0.0134978843852877,-0.637274980545044,-0.2427757084369659,0.1562543362379074,-0.5066331028938293,-0.0996444001793861,0.2263650149106979,-0.7049893736839294,-0.1658829450607299,-0.1299733221530914,-0.506538987159729,-0.0815833285450935,-0.2446949034929275,-0.680332362651825,-0.1705734729766845,0.2771575450897217,-0.9278486371040344,-0.2262091040611267,-0.2626648545265198,-0.9044697880744934,-0.2750697731971741,0.1082068085670471,0.0017187226330861,-0.0038130551110953,-0.1083210706710815,-0.0022178371436893,0.0048410040326416,0.1035387590527534,0.4178465604782104,-0.0171707179397344,-0.1244370713829994,0.3958359956741333,0.0076032406650483,0.1334499567747116,0.7755975723266602,0.0777707621455192,-0.1052529439330101,0.759986400604248,0.0984387248754501,1
38,0.0106333866715431,-0.6345439553260803,-0.2414152175188064,0.1541405320167541,-0.5069419741630554,-0.099726028740406,0.2263795435428619,-0.7023805379867554,-0.1662948131561279,-0.131128579378128,-0.5078930854797363,-0.0774168819189071,-0.2471832633018493,-0.6817313432693481,-0.1615183055400848,0.2797807157039642,-0.9226284623146056,-0.2332985401153564,-0.2702392935752868,-0.907476246356964,-0.2630935311317444,0.1081524491310119,0.0017228994984179,-0.0044669224880635,-0.1082626283168792,-0.0022199258673936,0.005517547018826,0.1022495403885841,0.4178330600261688,-0.022969277575612,-0.1244597882032394,0.3964425921440124,0.0075072273612022,0.1331278532743454,0.7771694660186768,0.0666449666023254,-0.1021563485264778,0.7613200545310974,0.094959519803524,1
39,0.0128194680437445,-0.6361240148544312,-0.2227242141962051,0.1561252176761627,-0.5120387673377991,-0.0828493386507034,0.2269087880849838,-0.7036967277526855,-0.147048681974411,-0.1311303824186325,-0.5154147744178772,-0.057235013693571,-0.2471631020307541,-0.6873965263366699,-0.1361706107854843,0.2829703986644745,-0.925857961177826,-0.2114559412002563,-0.2691252827644348,-0.9107305407524108,-0.2369922250509262,0.1081305220723152,0.0018148032249882,-0.0058200135827064,-0.1082381606101989,-0.0023107915185391,0.0068781562149524,0.1019546464085578,0.4173411726951599,-0.022112887352705,-0.1200859695672988,0.3962458074092865,0.0125749567523598,0.1339962482452392,0.7759256362915039,0.0691179186105728,-0.0990861803293228,0.7599003911018372,0.1040505990386009,1
40,0.0163014102727174,-0.6358477473258972,-0.2266877144575119,0.1560768336057663,-0.51179438829422,-0.0846131518483161,0.2268103957176208,-0.7037106156349182,-0.1510780155658722,-0.1311334371566772,-0.5150267481803894,-0.0627612322568893,-0.2475421726703643,-0.6860271692276001,-0.160374715924263,0.2839422523975372,-0.9262417554855348,-0.2158020138740539,-0.2677763402462005,-0.9105843901634216,-0.2761761546134949,0.1081266701221466,0.0017342297360301,-0.005821468308568,-0.108232781291008,-0.0022303769364953,0.006878491025418,0.1015055254101753,0.4173116683959961,-0.0161654166877269,-0.1201238930225372,0.3963217139244079,0.0135863618925213,0.1338982284069061,0.7748041749000549,0.0801873579621315,-0.0973478555679321,0.7598389387130737,0.1059206277132034,1
41,0.0163910314440727,-0.6372338533401489,-0.2290151715278625,0.1560331135988235,-0.5110254883766174,-0.0867116600275039,0.230041354894638,-0.7038992643356323,-0.1517485529184341,-0.1308239102363586,-0.5144586563110352,-0.0684783682227134,-0.2472366392612457,-0.6853833198547363,-0.1715970933437347,0.2898056209087372,-0.9265956878662108,-0.2181322127580642,-0.2675889730453491,-0.9103659391403198,-0.2883167862892151,0.1080543249845504,0.0017150286585092,-0.0058005391620099,-0.1081647425889968,-0.0022080154158174,0.0068542696535587,0.1043249145150184,0.4155960381031036,-0.0156187517568469,-0.1201197728514671,0.396347314119339,0.0134701319038867,0.1378621160984039,0.7739925980567932,0.082879900932312,-0.0977520495653152,0.7597687244415283,0.1058486178517341,1
42,0.0076358788646757,-0.6370744705200195,-0.2811695337295532,0.1482105553150177,-0.5091835856437683,-0.1357819139957428,0.2293585687875747,-0.7087963819503784,-0.2049604505300521,-0.1372282356023788,-0.5135940909385681,-0.1210444644093513,-0.2567539811134338,-0.6875333786010742,-0.2144984751939773,0.2912324666976928,-0.9351041316986084,-0.2678676247596741,-0.2803970873355865,-0.9105124473571776,-0.3180573880672455,0.1080352291464805,0.0016865284414961,-0.0059341415762901,-0.1081466525793075,-0.0021749453153461,0.0069685177877545,0.1063338965177536,0.4142644107341766,-0.0169650074094533,-0.1240402311086654,0.3965491652488708,0.013722869567573,0.1438232958316803,0.772911787033081,0.0831686705350875,-0.1037810370326042,0.7593753337860107,0.1078772693872451,1
43,0.0087786056101322,-0.6388003826141357,-0.2754144072532654,0.1497905999422073,-0.5129254460334778,-0.1299274265766143,0.2352661937475204,-0.7172079086303711,-0.198748305439949,-0.1371012926101684,-0.5187662839889526,-0.1170189455151557,-0.2574402689933777,-0.7041547298431396,-0.2049856632947921,0.3033904731273651,-0.9456658959388732,-0.2625508308410644,-0.2801257073879242,-0.9278516173362732,-0.2728753387928009,0.1080177575349807,0.0016995127080008,-0.0058812033385038,-0.1081317588686943,-0.0021837814711034,0.0069119920954108,0.1191877350211143,0.4110308885574341,-0.0152910808101296,-0.1229316368699073,0.3950629234313965,0.0158085841685533,0.1624372899532318,0.7661119103431702,0.0973500907421112,-0.1032566577196121,0.7499595880508423,0.1220660582184791,1
44,0.0051862788386642,-0.6397160291671753,-0.2745106220245361,0.1490123122930526,-0.5141739845275879,-0.1269627809524536,0.2382191568613052,-0.719075083732605,-0.1949939727783203,-0.1388058364391327,-0.5183594822883606,-0.1224095821380615,-0.2591417133808136,-0.7026639580726624,-0.2017417848110199,0.3053053319454193,-0.94708651304245,-0.2509998679161072,-0.2798749804496765,-0.9270716905593872,-0.2648036777973175,0.1079450622200965,0.0017583908047527,-0.0029386640526354,-0.1080727726221084,-0.002239218680188,0.0039544124156236,0.1207531169056892,0.4048855900764465,-0.0093884905800223,-0.1225435808300972,0.389884740114212,0.0092073567211627,0.159908190369606,0.7581446766853333,0.106065422296524,-0.1033727005124092,0.741189181804657,0.1212561652064323,1
45,0.0054770144633948,-0.6400220990180969,-0.2729665338993072,0.1504554003477096,-0.517721951007843,-0.1253318637609481,0.2412155717611313,-0.7208163142204285,-0.1940699517726898,-0.1387455910444259,-0.5192005038261414,-0.1199040934443473,-0.2591527700424194,-0.7034410834312439,-0.1883114725351333,0.3078091144561767,-0.9474931359291076,-0.2504080832004547,-0.2805446684360504,-0.9303945899009703,-0.250931054353714,0.107951134443283,0.0016970511060208,-0.0017285568173974,-0.1080826073884964,-0.0021765758283436,0.0027720911893993,0.1256276965141296,0.402927815914154,-0.0002486090816091,-0.1210042089223861,0.3888222277164459,0.0099703557789325,0.1607855409383773,0.750238835811615,0.1241931393742561,-0.1019967123866081,0.7348471283912659,0.1256847232580185,1
46,0.0066842380911111,-0.6338604688644409,-0.2840487360954284,0.151358351111412,-0.5172260403633118,-0.1335478872060775,0.2473901808261871,-0.7185909152030945,-0.1967084109783172,-0.1385453045368194,-0.5190805792808533,-0.1295248717069625,-0.2579291462898254,-0.7027795314788818,-0.1895862817764282,0.3105377852916717,-0.9451406598091124,-0.2573678195476532,-0.2797491252422333,-0.9291366338729858,-0.2539519965648651,0.1078599318861961,0.0017992366338148,-0.0017794996965676,-0.1079990714788436,-0.0022749931085854,0.0028219684027135,0.1324163228273391,0.3994866609573364,-0.0007294628885574,-0.1173557937145233,0.3870548009872436,0.0117532741278409,0.1683726012706756,0.7455760836601257,0.1202430352568626,-0.1003081053495407,0.7317644357681274,0.1268496066331863,1
47,0.0059420494362711,-0.6330046057701111,-0.290815532207489,0.15126433968544,-0.5141900181770325,-0.140501469373703,0.2527363896369934,-0.7189912796020508,-0.2051721215248108,-0.1379150748252868,-0.5176359415054321,-0.1399606168270111,-0.257995992898941,-0.7023084759712219,-0.203887477517128,0.3219676315784454,-0.9472896456718444,-0.2655626237392425,-0.2802845239639282,-0.926458477973938,-0.2673776745796203,0.107664406299591,0.0017980572301894,-0.0003161381755489,-0.1078273430466651,-0.0022703201975673,0.0013447065139189,0.1335262507200241,0.3978675603866577,-0.0001050654536811,-0.1171327605843544,0.3845980763435364,0.004670675843954,0.168591171503067,0.7461104989051819,0.1214870661497116,-0.0992983728647232,0.7292200326919556,0.1246384382247924,1
48,0.0063620107248425,-0.6321626901626587,-0.2889740765094757,0.1510344594717025,-0.5123119354248047,-0.1388587951660156,0.2546253204345703,-0.7188642621040344,-0.2038597166538238,-0.1378665268421173,-0.5161139965057373,-0.1393555551767349,-0.2577925026416778,-0.6994085311889648,-0.2080001980066299,0.3271900415420532,-0.9482399225234984,-0.2643170356750488,-0.2804792821407318,-0.92611426115036,-0.2763926088809967,0.1074921414256095,0.0017588164191693,0.0009452096419408,-0.1076647564768791,-0.0022236090153455,5.426622374216095e-05,0.1405117809772491,0.3925019204616546,-0.0053155128844082,-0.1169549375772476,0.382888913154602,-0.0041051097214221,0.1679057329893112,0.7403795123100281,0.1195108667016029,-0.0983335897326469,0.728572428226471,0.1192507520318031,1
49,0.0055684647522866,-0.6310215592384338,-0.2967102229595184,0.1505163013935089,-0.5111175179481506,-0.1483210325241089,0.255435585975647,-0.7176058292388916,-0.2190698832273483,-0.1378211379051208,-0.5152740478515625,-0.1480013132095337,-0.2580519616603851,-0.6989786624908447,-0.2171676456928253,0.3317934274673462,-0.9481157064437866,-0.2854290902614593,-0.2868309617042541,-0.9273017048835754,-0.2833427488803863,0.107324831187725,0.0016944204689934,0.0014523287536576,-0.1075081601738929,-0.0021436037495732,-0.0004708107735496,0.1397790908813476,0.3898282647132873,-0.0151057252660393,-0.1177388057112693,0.3815321326255798,-0.0107991639524698,0.1675921827554702,0.7385857701301575,0.1112431138753891,-0.0966842994093895,0.7249946594238281,0.1150858104228973,1
50,0.0058575812727212,-0.6329552531242371,-0.2882271409034729,0.1512929201126098,-0.5119665265083313,-0.144193634390831,0.2628276944160461,-0.7192021012306213,-0.2169616371393203,-0.1377828270196914,-0.5171937942504883,-0.1447945982217788,-0.2583962082862854,-0.7074019908905029,-0.2148603051900863,0.3425585031509399,-0.9481358528137208,-0.2815961539745331,-0.2939570844173431,-0.9349026679992676,-0.2786768972873688,0.1070392802357673,0.0017860175576061,0.0017277589067816,-0.1072169244289398,-0.0022087590768933,-0.0007645821897312,0.1399781852960586,0.3870353400707245,-0.0245052985846996,-0.1177317947149276,0.3794287145137787,-0.0162253323942422,0.169274017214775,0.7378882765769958,0.0996357649564743,-0.0963236168026924,0.7199543118476868,0.1095391437411308,1
51,0.0102993221953511,-0.6339246034622192,-0.2937384247779846,0.1528985649347305,-0.5116258263587952,-0.1455427706241607,0.2651688456535339,-0.718300998210907,-0.2187989801168441,-0.1376997679471969,-0.5174579620361328,-0.1501184403896331,-0.2586193680763244,-0.709177553653717,-0.2277221977710724,0.3485426008701324,-0.9449974298477172,-0.2857720553874969,-0.2950060665607452,-0.9364004135131836,-0.3007002472877502,0.1070073917508125,0.0016849435633048,0.0031643116381019,-0.1071875020861625,-0.0020990113262087,-0.0022026204969733,0.1412447988986969,0.3869006335735321,-0.0147437071427702,-0.1195744574069976,0.3740010559558868,-0.0172450672835111,0.1702995747327804,0.7339749336242676,0.1191353499889373,-0.0963051319122314,0.7066072225570679,0.1164001002907753,1
52,0.0126115810126066,-0.633823037147522,-0.289302259683609,0.1585868448019027,-0.511427640914917,-0.1436550617218017,0.2763028144836426,-0.7233716249465942,-0.2159037441015243,-0.1327832341194152,-0.5178001523017883,-0.1468444317579269,-0.2561070621013641,-0.7102784514427185,-0.218075081706047,0.3558110892772674,-0.9558366537094116,-0.2781494855880737,-0.2969447076320648,-0.9383203387260436,-0.2801271677017212,0.1066776737570762,0.002290990203619,0.0031326536554843,-0.1068468242883682,-0.0026296370197087,-0.0021832736674696,0.1428357064723968,0.3635664284229278,-0.0940826833248138,-0.1196222379803657,0.3642574250698089,-0.0308113954961299,0.1705017983913421,0.7211077213287354,0.0281772930175066,-0.0964020192623138,0.6996755003929138,0.0880913138389587,1
53,0.0132542373612523,-0.6397164463996887,-0.2850916087627411,0.158481016755104,-0.5137416124343872,-0.1391969621181488,0.2776700556278229,-0.7334504723548889,-0.2011235058307647,-0.1345532834529876,-0.5221360325813293,-0.1464883983135223,-0.2589051723480224,-0.722479522228241,-0.2170020192861557,0.3588198125362396,-0.96351420879364,-0.259413480758667,-0.297292947769165,-0.9533326029777528,-0.2790863215923309,0.1066464930772781,0.0025746987666934,0.003130582626909,-0.1068142652511596,-0.0028907454106956,-0.0021822997368872,0.1425227373838424,0.3640255630016327,-0.086629070341587,-0.1272556036710739,0.3527795672416687,-0.045009396970272,0.1713489443063736,0.7144358158111572,0.0451602488756179,-0.0953527092933654,0.6826925873756409,0.0872976183891296,1
54,0.0125480415299534,-0.6553047895431519,-0.2657716870307922,0.160115048289299,-0.5165298581123352,-0.1269676983356475,0.2770057618618011,-0.7446660995483398,-0.1919669806957245,-0.1346336603164672,-0.5235092043876648,-0.1309674680233001,-0.2589393854141235,-0.7310608625411987,-0.1944191008806228,0.3588627874851227,-0.9858348369598388,-0.2429526448249817,-0.3093613684177398,-0.966136395931244,-0.2518056333065033,0.1074795946478843,0.002533379709348,0.0048750848509371,-0.1076504662632942,-0.0028310930356383,-0.0038911844603717,0.1552204340696334,0.3161506652832031,-0.1756757795810699,-0.1322941482067108,0.3093599081039428,-0.123294286429882,0.171311154961586,0.6584265828132629,-0.0447492823004722,-0.0989150628447532,0.6346439123153687,-0.0067537087015807,1
55,0.0161623340100049,-0.6464072465896606,-0.2670829594135284,0.1663925498723983,-0.5082554817199707,-0.1270758360624313,0.2922719120979309,-0.7434937953948975,-0.1863214820623397,-0.1330452412366867,-0.5186824798583984,-0.1326806396245956,-0.2552950978279114,-0.7263407111167908,-0.1954498440027237,0.3741104304790497,-0.9827556610107422,-0.2204442620277404,-0.3094344437122345,-0.9648661017417908,-0.2513374388217926,0.1095623597502708,0.002987869316712,0.0060538835823535,-0.1097066700458526,-0.0032610620837658,-0.0050150407478213,0.1574613898992538,0.2884819805622101,-0.2450719177722931,-0.1453894823789596,0.2713803648948669,-0.1855380535125732,0.1711969226598739,0.6117793917655945,-0.0995702892541885,-0.09079060703516,0.5904325246810913,-0.0774588137865066,1
56,0.0161025691777467,-0.6471088528633118,-0.2619711756706238,0.1679828464984893,-0.5053665041923523,-0.1219621375203132,0.2913353145122528,-0.7427300810813904,-0.1807567477226257,-0.1333793401718139,-0.5168983936309814,-0.1234901621937751,-0.2541421055793762,-0.7255537509918213,-0.1843898445367813,0.3750109672546386,-0.9817734360694884,-0.2123144716024398,-0.3126550614833832,-0.9625608921051024,-0.239339679479599,0.1114243790507316,0.0030712210573256,0.0061821932904422,-0.1115533113479614,-0.0033362086396664,-0.0051344507373869,0.1570876240730285,0.2707642912864685,-0.2714548707008362,-0.1564544290304184,0.2567932307720184,-0.2002922445535659,0.1682443767786026,0.5923152565956116,-0.1401996910572052,-0.090965136885643,0.5785066485404968,-0.1099462732672691,1
57,0.0158983375877141,-0.6468896865844727,-0.2578674852848053,0.1681553274393081,-0.5045315623283386,-0.1165245622396469,0.2902134358882904,-0.7418283820152283,-0.1766902804374694,-0.1336920410394668,-0.516319751739502,-0.1199949383735656,-0.2534836530685425,-0.7275300621986389,-0.1780880540609359,0.3753677606582641,-0.9809051156044006,-0.2115499377250671,-0.3129569888114929,-0.969290852546692,-0.2284951210021972,0.1126369833946228,0.0031348180491477,0.0064207427203655,-0.1127599030733108,-0.0033946160692721,-0.0053527429699897,0.153432622551918,0.2590915858745575,-0.2842176258563995,-0.1634092628955841,0.236550897359848,-0.2226982861757278,0.1654697209596634,0.5740223526954651,-0.1458446979522705,-0.0943071916699409,0.567204475402832,-0.1286932080984115,1
58,0.0185836665332317,-0.646156907081604,-0.2636513411998749,0.1685604602098465,-0.502669632434845,-0.1171410232782363,0.2917013168334961,-0.7409261465072632,-0.177373930811882,-0.1337275803089141,-0.5140864849090576,-0.1291479170322418,-0.2532159388065338,-0.7271929979324341,-0.1870803534984588,0.3817429840564728,-0.9815601706504822,-0.2146681100130081,-0.3137438893318176,-0.9682849049568176,-0.2314175814390182,0.1134403571486473,0.0033467123284935,0.0076612480916082,-0.1135579347610473,-0.0035985701251775,-0.0065579917281866,0.1556275188922882,0.2520280182361603,-0.2970915138721466,-0.1635481715202331,0.2212596237659454,-0.239131361246109,0.1654156744480133,0.5621961951255798,-0.148638367652893,-0.0939521789550781,0.5466252565383911,-0.1372729986906051,1
59,0.0184089038521051,-0.6460115909576416,-0.2531812191009521,0.1720846891403198,-0.504219651222229,-0.1115236654877662,0.2898058891296386,-0.7406361103057861,-0.175447940826416,-0.1333184391260147,-0.5141410231590271,-0.1146598383784294,-0.2504442930221557,-0.7270658612251282,-0.1683461815118789,0.3808664679527282,-0.9812145233154296,-0.211471751332283,-0.3150629699230194,-0.968842089176178,-0.2185028940439224,0.1154567077755928,0.003524248721078,0.0075823478400707,-0.1155531704425811,-0.0037767000030726,-0.006458924151957,0.1482210755348205,0.2133064121007919,-0.3243061900138855,-0.1646737456321716,0.1729985624551773,-0.2687209844589233,0.1580244451761245,0.5205164551734924,-0.183211550116539,-0.0953607782721519,0.5049667954444885,-0.1802148818969726,1
60,0.0172008052468299,-0.6343693733215332,-0.2538304030895233,0.1725857257843017,-0.5042848587036133,-0.1121220886707305,0.287209004163742,-0.7396436333656311,-0.1779405176639557,-0.1334143579006195,-0.5081202387809753,-0.114700511097908,-0.2503960430622101,-0.714358925819397,-0.1689168214797973,0.3803487718105316,-0.9798111319541932,-0.2157156765460968,-0.3204029500484466,-0.9588230848312378,-0.2218788564205169,0.1175958067178726,0.0038972983602434,0.0073533868417143,-0.1176145449280738,-0.0041396473534405,-0.0061795003712177,0.1341144442558288,0.1509109437465667,-0.3729684054851532,-0.1777655780315399,0.1260951906442642,-0.3205930590629577,0.1350943148136139,0.4705806970596313,-0.2562325298786163,-0.1174134165048599,0.4739705920219421,-0.2511313557624817,1
61,0.0207930766046047,-0.626644492149353,-0.276928573846817,0.1732992678880691,-0.4952270984649658,-0.127220019698143,0.2870272397994995,-0.7293118238449097,-0.2048316895961761,-0.1331619173288345,-0.50389164686203,-0.133203774690628,-0.2491202801465988,-0.7147365808486938,-0.1934629827737808,0.3855683207511902,-0.9699789881706238,-0.25528284907341,-0.320590078830719,-0.9617472290992736,-0.2513419985771179,0.1180099919438362,0.0047847903333604,0.0073092076927423,-0.1180154606699943,-0.0050353896804153,-0.006116135045886,0.1381642520427703,0.147951528429985,-0.3716805875301361,-0.1855466216802597,0.0900203585624694,-0.336391270160675,0.1382297724485397,0.4547750055789947,-0.248279869556427,-0.1153847649693489,0.4418385922908783,-0.2492018342018127,1
62,0.020723033696413,-0.6232466697692871,-0.2614378631114959,0.1727029681205749,-0.4895046949386596,-0.1137367933988571,0.2866564989089966,-0.7222829461097717,-0.1941578537225723,-0.1367359161376953,-0.4972521960735321,-0.1229098215699195,-0.2557407915592193,-0.7124185562133789,-0.191190168261528,0.3865794539451599,-0.967910647392273,-0.248164877295494,-0.3258315324783325,-0.9615797400474548,-0.2507832050323486,0.1186476349830627,0.0052827256731688,0.007449603639543,-0.1186453104019165,-0.00552923604846,-0.0062288301996886,0.1426956355571746,0.1057547777891159,-0.3710589706897735,-0.1833479851484298,0.0671391412615776,-0.3511213660240173,0.1388017833232879,0.4357168078422546,-0.2745985090732574,-0.1148305088281631,0.42849862575531,-0.2828725278377533,1
63,0.0195937473326921,-0.6207606792449951,-0.2623937726020813,0.1717901825904846,-0.4889439344406128,-0.1162816509604454,0.2865407168865204,-0.7228618264198303,-0.1996556222438812,-0.1373673677444458,-0.4961867928504944,-0.1256977319717407,-0.2573235034942627,-0.7126432657241821,-0.1947708874940872,0.3864419460296631,-0.970226526260376,-0.2535662055015564,-0.3284290730953216,-0.9624736309051514,-0.2569594383239746,0.1187340319156646,0.0053698858246207,0.0074154739268124,-0.1187351867556572,-0.0056172967888414,-0.0061784097924828,0.1430772691965103,0.0979031696915626,-0.3703751266002655,-0.1955201029777526,0.0546446591615676,-0.3491539359092712,0.1396948099136352,0.4244006872177124,-0.2592425346374511,-0.1153926998376846,0.4159133434295654,-0.2648087441921234,1
64,0.0051735010929405,-0.6162161827087402,-0.2624804377555847,0.1710666120052337,-0.4916321337223053,-0.1174244061112403,0.2864006459712982,-0.7240515351295471,-0.2113686203956604,-0.1431193351745605,-0.4965197741985321,-0.1241184994578361,-0.2723827064037323,-0.7146285176277161,-0.1914149522781372,0.3841327130794525,-0.970129132270813,-0.2778312563896179,-0.3374470174312591,-0.9656414985656738,-0.2602692544460296,0.1189706027507782,0.0054185395129024,0.0065041328780353,-0.1189852058887481,-0.0056643038988113,-0.0052264248952269,0.1502071022987365,0.0530296564102172,-0.3763815462589264,-0.1989544481039047,0.0037295266520231,-0.3496792614459991,0.1405049264430999,0.3744721412658691,-0.2788076102733612,-0.1316042095422744,0.3667880296707153,-0.2784361243247986,1
65,0.0047670742496848,-0.6084638833999634,-0.2726231813430786,0.1692959517240524,-0.4851979911327362,-0.1249899491667747,0.2851773202419281,-0.7157109379768372,-0.2180315256118774,-0.1470115631818771,-0.490166038274765,-0.1337951719760894,-0.2810907363891601,-0.7122393250465393,-0.1998163163661956,0.3840084969997406,-0.9635326266288756,-0.2810143828392029,-0.3473153412342071,-0.9641655087471008,-0.2719732820987701,0.1191528812050819,0.0054489532485604,0.0065052504651248,-0.1191741973161697,-0.0056947357952594,-0.0052206483669579,0.1527449637651443,0.0605410598218441,-0.3776330649852752,-0.1981616467237472,0.0142272170633077,-0.3518726229667663,0.1404982656240463,0.3721119165420532,-0.270094096660614,-0.1347391605377197,0.3655129075050354,-0.269871711730957,1
66,0.0078377816826105,-0.609268844127655,-0.2666630446910858,0.1695810854434967,-0.4850364029407501,-0.1152006387710571,0.2851662039756775,-0.7150761485099792,-0.1979138106107711,-0.1468382179737091,-0.4906806349754333,-0.1294993013143539,-0.2833606004714966,-0.7168099880218506,-0.1951538622379303,0.3885740041732788,-0.9611648321151732,-0.2541143596172333,-0.3526049554347992,-0.9693873524665833,-0.2622291445732116,0.1193244904279708,0.0055280267260968,0.0069606374017894,-0.1193497851490974,-0.0057763229124248,-0.0056425505317747,0.1665444821119308,0.0696991756558418,-0.3748812079429626,-0.1982569992542266,0.0291077718138694,-0.3485496342182159,0.1509587168693542,0.3821340203285217,-0.2658412158489227,-0.1352015733718872,0.369828999042511,-0.2607268989086151,1
67,0.0080717075616121,-0.6098092794418335,-0.2665153741836548,0.1693508625030517,-0.4853224754333496,-0.1160889193415641,0.2847333550453186,-0.7162098288536072,-0.19887575507164,-0.1469639986753463,-0.4899323284626007,-0.1298702955245971,-0.2823996841907501,-0.7158852815628052,-0.1956934183835983,0.3883777260780334,-0.9628481268882751,-0.2553962171077728,-0.3553985059261322,-0.9672982692718506,-0.2624666690826416,0.1193817555904388,0.0055613103322684,0.0070562539622187,-0.1194092631340026,-0.0058097601868212,-0.005729844328016,0.1657720953226089,0.0566784031689167,-0.3739696443080902,-0.1980157792568206,0.0170645434409379,-0.349514752626419,0.1508420705795288,0.3671713769435882,-0.2630363702774048,-0.1274880617856979,0.3553703129291534,-0.2595518827438354,1
68,0.0086008198559284,-0.6090918183326721,-0.2641932368278503,0.169919416308403,-0.4862051606178283,-0.113834299147129,0.2847985327243805,-0.7203758955001831,-0.1941136717796325,-0.1465884149074554,-0.4901334643363952,-0.1265763640403747,-0.2816800475120544,-0.7172776460647583,-0.1875142008066177,0.388176679611206,-0.9719145894050598,-0.2475305199623108,-0.3564622402191162,-0.9700896143913268,-0.2511752545833587,0.1195718571543693,0.0058504729531705,0.0073021398857235,-0.1195901781320571,-0.0060972361825406,-0.0059556066989898,0.1659988462924957,0.0556997172534465,-0.3729063868522644,-0.1942741125822067,0.0084060747176408,-0.3533152341842651,0.147610068321228,0.3625776767730713,-0.2616035640239715,-0.1340639889240265,0.3467186987400055,-0.2636057436466217,1
69,0.0106928870081901,-0.6082324385643005,-0.2654662728309631,0.1701791137456894,-0.4853638410568237,-0.1148905158042907,0.2877621650695801,-0.719495952129364,-0.1942881196737289,-0.1465107202529907,-0.4888772070407867,-0.1274659633636474,-0.2813809812068939,-0.7151814103126526,-0.1880315542221069,0.3918766379356384,-0.9713174700737,-0.2478579878807068,-0.3562003374099731,-0.9696326851844788,-0.2513824105262756,0.1196976080536842,0.0058871116489171,0.0074958140030503,-0.1197084933519363,-0.0061338525265455,-0.006134451366961,0.1666972339153289,0.0443085432052612,-0.3724950850009918,-0.194186270236969,0.0011915774084627,-0.3520271480083465,0.1461195647716522,0.3497963547706604,-0.2611512243747711,-0.1344524621963501,0.334647536277771,-0.2631804049015045,1
70,0.0152634512633085,-0.6108016967773438,-0.2575621902942657,0.1696133464574813,-0.4869730770587921,-0.1100428849458694,0.2863419353961944,-0.7234553694725037,-0.1851011514663696,-0.1462826877832412,-0.4895096719264984,-0.1266756653785705,-0.2801124453544616,-0.7150416374206543,-0.1880498379468917,0.3896057307720184,-0.9769178628921508,-0.2363522201776504,-0.3540623486042022,-0.9698559641838074,-0.2489470094442367,0.1197266727685928,0.0060354433953762,0.0077642286196351,-0.1197399944067001,-0.0062792692333459,-0.0063872677274048,0.1634558588266372,0.0233480427414178,-0.3721605241298675,-0.188139870762825,-0.028333755210042,-0.3538087010383606,0.1426296234130859,0.3195877075195312,-0.2608417868614197,-0.1319861263036728,0.3003104627132416,-0.2646909952163696,1
71,0.0106027200818061,-0.6107989549636841,-0.2574453949928283,0.1696445941925048,-0.4875832498073578,-0.1104820445179939,0.2851642370223999,-0.7234414219856262,-0.1896587610244751,-0.1472341269254684,-0.4896034002304077,-0.1221444383263588,-0.2887777388095855,-0.7064106464385986,-0.185933381319046,0.3808872699737549,-0.9772542715072632,-0.247772216796875,-0.3610625267028808,-0.9587618708610536,-0.2532134652137756,0.1198086217045784,0.005956832319498,0.0071638817898929,-0.1198300570249557,-0.0062114163301885,-0.0057727750390768,0.1638335436582565,0.0002637828874867,-0.3703710436820984,-0.1914077252149582,-0.0200206898152828,-0.3378830254077911,0.1419570744037628,0.3160329163074493,-0.2634062469005584,-0.1366674751043319,0.3061135113239288,-0.2641648054122925,1
72,0.0035634879022836,-0.6050586104393005,-0.2614224851131439,0.1683152914047241,-0.4884883165359497,-0.1156559735536575,0.2836047112941742,-0.7257274985313416,-0.1991926729679107,-0.1485029608011245,-0.4897578954696655,-0.1229972764849662,-0.2970980107784271,-0.7067285776138306,-0.1861105263233184,0.3747984170913696,-0.9810509085655212,-0.259815514087677,-0.3684492409229278,-0.9590948224067688,-0.2593943178653717,0.1197862923145294,0.006006047129631,0.00675262324512,-0.1198123097419738,-0.00626409240067,-0.0053521175868809,0.1619971245527267,-0.0086337132379412,-0.3697609603404999,-0.1952590346336364,-0.0267793796956539,-0.3306348323822021,0.1362819820642471,0.3056913316249847,-0.2630312144756317,-0.1452136188745498,0.2946573197841644,-0.2590070068836212,1
73,-0.003520535537973,-0.5989579558372498,-0.2614544630050659,0.1661637872457504,-0.4878503084182739,-0.1157053485512733,0.2833605706691742,-0.7235471606254578,-0.2000190615653991,-0.1530908197164535,-0.4900660514831543,-0.1231316104531288,-0.3005430698394775,-0.7047030329704285,-0.1882661134004593,0.3744997978210449,-0.9803568720817566,-0.2628690004348755,-0.3739981055259704,-0.9557451605796814,-0.2740467488765716,0.1197979971766471,0.0060338713228702,0.0067428932525217,-0.119828462600708,-0.0062946346588432,-0.0053396895527839,0.163032591342926,-0.0148399211466312,-0.3617878258228302,-0.2018159031867981,-0.0259322132915258,-0.3231874108314514,0.1398546695709228,0.302436351776123,-0.2629918754100799,-0.1474950313568115,0.2967098951339721,-0.2584426999092102,1
74,-0.0034221350215375,-0.5947179198265076,-0.2664249539375305,0.1655361056327819,-0.4860438108444214,-0.1196743994951248,0.2828416526317596,-0.7208055853843689,-0.2054809033870697,-0.153405413031578,-0.4892844259738922,-0.1277872771024704,-0.3001674115657806,-0.7017949819564819,-0.196825236082077,0.3728906512260437,-0.9769271016120912,-0.2677915096282959,-0.3735862076282501,-0.9534467458724976,-0.2825216650962829,0.119793526828289,0.0060189897194504,0.0067198267206549,-0.119830198585987,-0.0062845759093761,-0.005312368273735,0.1634364575147628,-0.0207017473876476,-0.360304057598114,-0.2057569324970245,-0.029680673032999,-0.3230912387371063,0.1440147906541824,0.2941685020923614,-0.2604968547821045,-0.1472899764776229,0.293426513671875,-0.2567784488201141,1
75,-0.0133383572101593,-0.5899614691734314,-0.2687029540538788,0.1621233969926834,-0.4850329458713531,-0.123284138739109,0.2821610867977142,-0.7162583470344543,-0.2156615704298019,-0.1563618928194046,-0.4868234395980835,-0.1280582994222641,-0.3033500015735626,-0.6928902268409729,-0.1970027089118957,0.3696781694889068,-0.9719911217689514,-0.2816013097763061,-0.377181738615036,-0.945870876312256,-0.2831181287765503,0.1197132989764213,0.0060128234326839,0.0062642656266689,-0.1197614967823028,-0.006281279027462,-0.0048482250422239,0.1617804616689682,-0.0353071093559265,-0.3555997908115387,-0.20622119307518,-0.0494800172746181,-0.3205685913562774,0.1415864378213882,0.2829231321811676,-0.260163277387619,-0.1488986164331436,0.278400719165802,-0.2554509937763214,1
76,-0.0147997960448265,-0.590234637260437,-0.2622144520282745,0.1618482321500778,-0.4848924279212951,-0.1154947429895401,0.2816463708877563,-0.7103180289268494,-0.2059639692306518,-0.1579403281211853,-0.4867590069770813,-0.1212542876601219,-0.3085508048534393,-0.6911690831184387,-0.1906268149614334,0.3698105812072754,-0.961804747581482,-0.2770946323871612,-0.3814602792263031,-0.9425222277641296,-0.2827464640140533,0.1196957975625991,0.0059686587192118,0.0062858248129487,-0.1197531595826149,-0.0062374123372137,-0.0048782182857394,0.1656468361616134,-0.0525977462530136,-0.349816620349884,-0.1986146420240402,-0.0502912960946559,-0.3163941502571106,0.1448919773101806,0.275266021490097,-0.258884072303772,-0.1473474502563476,0.2730376124382019,-0.2537569105625152,1
77,-0.0142500456422567,-0.5855661630630493,-0.2659182548522949,0.16169473528862,-0.4810458123683929,-0.117290049791336,0.2820815742015838,-0.7060790061950684,-0.209140658378601,-0.158040314912796,-0.4842978715896606,-0.123683288693428,-0.3081389665603637,-0.6867843270301819,-0.194111481308937,0.3704288303852081,-0.9598284363746644,-0.2803167104721069,-0.3809516131877899,-0.9400197267532348,-0.2845168113708496,0.1196877285838127,0.0059738256968557,0.0062708999030292,-0.1197500228881836,-0.00624217139557,-0.004863841459155,0.1656000316143036,-0.0575346015393734,-0.3489132225513458,-0.1986416280269622,-0.0633738487958908,-0.317323088645935,0.1448540240526199,0.2653738856315613,-0.256366491317749,-0.1452617198228836,0.2602145373821258,-0.2537024617195129,1
78,-0.0109553160145878,-0.5756358504295349,-0.2718896269798279,0.1629556566476822,-0.4738509356975555,-0.1223527416586875,0.2826799154281616,-0.6924451589584351,-0.2182244509458542,-0.1553554981946945,-0.4796995520591736,-0.1291626691818237,-0.3038352429866791,-0.6767829060554504,-0.2016714066267013,0.3725015223026275,-0.9457805752754213,-0.2918314337730407,-0.3767708539962768,-0.9327823519706726,-0.2946933209896087,0.1196490302681922,0.0059697646647691,0.0062683103606104,-0.1197192966938018,-0.0062405755743384,-0.0048623848706483,0.16556017100811,-0.0633364021778106,-0.3483196496963501,-0.1984546482563018,-0.0641795620322227,-0.3170917928218841,0.1448777765035629,0.2607905566692352,-0.2526556551456451,-0.1436135321855545,0.2576572895050049,-0.2482462525367736,1
79,-0.0080256545916199,-0.549960196018219,-0.2961413562297821,0.1628663092851638,-0.4651772677898407,-0.1381935626268386,0.2870649993419647,-0.6839491724967957,-0.2340163588523864,-0.1558917462825775,-0.4744915664196014,-0.1505351662635803,-0.3037365674972534,-0.6682321429252625,-0.2242765128612518,0.3827755153179168,-0.9327287077903748,-0.3110708892345428,-0.3791147768497467,-0.9154019951820374,-0.3212355673313141,0.1195979714393615,0.0060334717854857,0.0064089079387485,-0.1196726784110069,-0.0063085886649787,-0.0049948566593229,0.1679869890213012,-0.0450587086379528,-0.3485293388366699,-0.1988030821084976,-0.0470802597701549,-0.3174937069416046,0.1495939046144485,0.2797388732433319,-0.2529058158397674,-0.1405605226755142,0.2824457883834839,-0.2484954297542572,1
80,-0.007106757722795,-0.5542411208152771,-0.2939459085464477,0.1630387753248214,-0.4660280346870422,-0.137737438082695,0.2896747291088104,-0.6855568885803223,-0.2327135503292083,-0.1556980311870575,-0.4747068881988525,-0.1499511301517486,-0.3046189248561859,-0.6698616743087769,-0.2173699140548706,0.384060651063919,-0.9343697428703308,-0.3093688189983368,-0.379742830991745,-0.9183771014213562,-0.3075689971446991,0.1194863617420196,0.0060835126787424,0.006371543277055,-0.1195669248700141,-0.0063564833253622,-0.0049589383415877,0.1667354702949524,-0.0642739310860633,-0.3466197550296783,-0.1985407918691635,-0.0772249400615692,-0.3173559904098511,0.1474945694208145,0.2562023401260376,-0.2493437826633453,-0.1384343802928924,0.2459543198347091,-0.2448216825723648,1
81,-0.0060666040517389,-0.5576058030128479,-0.2924146354198456,0.1630043983459472,-0.4668125212192535,-0.1373822838068008,0.2922232449054718,-0.6867489218711853,-0.2312158942222595,-0.1560480743646621,-0.4747569262981415,-0.1488630324602127,-0.3053248226642608,-0.6689864993095398,-0.2168714553117752,0.3840795159339905,-0.9364762902259828,-0.3063607811927795,-0.3796272873878479,-0.9194138050079346,-0.3055296540260315,0.1194194108247757,0.0060935975052416,0.0063656093552708,-0.1195041835308075,-0.0063673043623566,-0.0049523822963237,0.1653744876384735,-0.0711186900734901,-0.3461911976337433,-0.1995079964399337,-0.0846166387200355,-0.3186088502407074,0.1450017690658569,0.2507879137992859,-0.2456440478563308,-0.1378521472215652,0.2401708662509918,-0.2443688660860061,1
82,-0.0074698962271213,-0.5573683977127075,-0.2926479578018188,0.1622131168842315,-0.4671149551868438,-0.1377954185009002,0.2921156883239746,-0.6865189671516418,-0.2311620563268661,-0.1559775471687317,-0.4749160408973694,-0.1482440084218979,-0.3030293881893158,-0.6694589853286743,-0.2161168158054351,0.3818500936031341,-0.9311779141426086,-0.3058150112628937,-0.3790743052959442,-0.920149266719818,-0.3047750890254974,0.1190715506672859,0.0061014471575617,0.0059940917417407,-0.1191626042127609,-0.0063769565895199,-0.0045824889093637,0.1604306846857071,-0.0850858986377716,-0.344975858926773,-0.2024089843034744,-0.0976945459842681,-0.3142144083976745,0.1401071846485138,0.2347373962402343,-0.2422268986701965,-0.1372686177492141,0.2249353528022766,-0.2343113720417022,1
83,-0.0059223496355116,-0.5560035705566406,-0.2997856438159942,0.1624155342578888,-0.4653562903404236,-0.1454550772905349,0.292072594165802,-0.680972695350647,-0.2434848546981811,-0.153545469045639,-0.4707618951797485,-0.156342476606369,-0.2998510301113128,-0.6575598120689392,-0.2242781519889831,0.3817850649356842,-0.9289880394935608,-0.3190411925315857,-0.3741851150989532,-0.9127564430236816,-0.3095679581165313,0.1188369318842887,0.0061906380578875,0.0059582516551017,-0.1189375221729278,-0.0064697479829192,-0.0045448271557688,0.1584775447845459,-0.0890933126211166,-0.3424128592014313,-0.1992297917604446,-0.1206011846661567,-0.3139750063419342,0.1384320259094238,0.2192034721374511,-0.2222169637680053,-0.1344287097454071,0.202015683054924,-0.2200615108013153,1
84,0.0042797438800334,-0.5387570858001709,-0.3039930462837219,0.1621640622615814,-0.4597349464893341,-0.1453252583742141,0.2923795878887176,-0.6726569533348083,-0.2417911440134048,-0.1533261984586715,-0.4676504731178283,-0.1639635264873504,-0.2954720556735992,-0.6568493247032166,-0.2301583886146545,0.3817386925220489,-0.9170584082603456,-0.3173471689224243,-0.3674181699752807,-0.9134608507156372,-0.306611567735672,0.1186083108186721,0.0064414208754897,0.0065622306428849,-0.1187122985720634,-0.0067280875518918,-0.0051413532346487,0.1547674536705017,-0.0936838835477829,-0.3430239558219909,-0.1802479028701782,-0.1433595269918441,-0.3136769235134125,0.1247628033161163,0.1879786998033523,-0.2151804268360138,-0.1341583132743835,0.1658070534467697,-0.2206120640039444,1
85,-0.0018721094820648,-0.5357508063316345,-0.3039391040802002,0.1565228402614593,-0.458689421415329,-0.1456164568662643,0.2792181074619293,-0.6680371761322021,-0.2427132129669189,-0.1575913429260254,-0.4617291092872619,-0.1627767384052276,-0.299820989370346,-0.6433718204498291,-0.2290593683719635,0.365755021572113,-0.9170477390289308,-0.3162300288677215,-0.3694353103637695,-0.9034593105316162,-0.3063240945339203,0.1185703873634338,0.0065412884578108,0.0062192976474761,-0.118675947189331,-0.0068384506739676,-0.004769530147314,0.1326132118701934,-0.1099256798624992,-0.3449872136116028,-0.1820312887430191,-0.1596765965223312,-0.3123037219047546,0.1100846007466316,0.1778912395238876,-0.2173756957054138,-0.1439434289932251,0.1617739349603653,-0.2244059294462204,1
86,-0.0019720823038369,-0.5376468896865845,-0.2880233228206634,0.1566183269023895,-0.458002507686615,-0.126725822687149,0.2799072563648224,-0.6666913032531738,-0.2189776599407196,-0.1593511253595352,-0.4619990289211273,-0.1453724205493927,-0.3041845560073852,-0.6446983814239502,-0.2146049439907074,0.3667700588703155,-0.9162930846214294,-0.2906014621257782,-0.3695504665374756,-0.9024023413658142,-0.2947112321853637,0.1186345890164375,0.0066176187247037,0.0062124240212142,-0.1187454462051391,-0.0069208675995469,-0.0047595500946044,0.1350314021110534,-0.11333829164505,-0.3422583341598511,-0.1863602250814438,-0.1539253741502761,-0.3119814395904541,0.112156368792057,0.1847975105047226,-0.2313965559005737,-0.1434961110353469,0.1684175133705139,-0.2351308315992355,1
87,-0.0039368313737213,-0.5383282899856567,-0.2900444567203522,0.1564104408025741,-0.4574075043201446,-0.1290168613195419,0.2801266312599182,-0.6637227535247803,-0.2247874289751052,-0.1596875637769699,-0.4613651931285858,-0.1475909650325775,-0.3076260387897491,-0.6456217169761658,-0.215397298336029,0.365861177444458,-0.9108237624168396,-0.3014937937259674,-0.3740288019180298,-0.9029461145401,-0.2949832677841186,0.1185199916362762,0.006591088604182,0.0062084039673209,-0.118641622364521,-0.0068961521610617,-0.0047540008090436,0.1362979561090469,-0.1146064698696136,-0.3399839699268341,-0.1866970807313919,-0.1534197032451629,-0.3063771426677704,0.1098619550466537,0.1860890388488769,-0.2313102632761001,-0.1432890444993972,0.1694142967462539,-0.2322972565889358,1
88,-0.0051753157749772,-0.5379945635795593,-0.2918157279491424,0.1560475826263427,-0.45750692486763,-0.1309314221143722,0.2802324593067169,-0.6642332673072815,-0.2256021052598953,-0.1601739823818206,-0.4615028500556946,-0.1477504521608352,-0.311288058757782,-0.6458668112754822,-0.2151408046483993,0.3662162125110626,-0.9115294814109802,-0.3017969727516174,-0.3805657029151916,-0.9032750129699708,-0.2949684858322143,0.1182585209608078,0.0066022584214806,0.0061557865701615,-0.1183849051594734,-0.0069092372432351,-0.0047059850767254,0.1394456475973129,-0.1174094974994659,-0.3357226848602295,-0.1868575513362884,-0.1519941240549087,-0.2946219444274902,0.1106690466403961,0.1875652968883514,-0.2323009371757507,-0.1428624540567398,0.1702931821346283,-0.2254738509654998,1
89,-0.006388462614268,-0.5295016765594482,-0.2939756512641907,0.154150128364563,-0.4566587209701538,-0.1335598826408386,0.279088944196701,-0.6635040044784546,-0.2310991287231445,-0.1629372835159301,-0.459029346704483,-0.1499676257371902,-0.3140403926372528,-0.6434327363967896,-0.2171979695558548,0.3639950752258301,-0.9111546874046326,-0.3082439601421356,-0.3832875788211822,-0.900981307029724,-0.2977104783058166,0.1182289645075798,0.006576127372682,0.0058677173219621,-0.1183567494153976,-0.0068853194825351,-0.0044022114016115,0.1393729150295257,-0.119268037378788,-0.3352064788341522,-0.1890507787466049,-0.1591517329216003,-0.2953305840492248,0.1111711040139198,0.1836355328559875,-0.231335237622261,-0.1428685486316681,0.1666644513607025,-0.2262077778577804,1
90,-0.0050345677882432,-0.5303453207015991,-0.2886597812175751,0.1542326956987381,-0.4565954804420471,-0.1266387999057769,0.2791734039783478,-0.6637665629386902,-0.2176437228918075,-0.163270503282547,-0.4588227570056915,-0.1440621614456176,-0.319830447435379,-0.642712414264679,-0.211532786488533,0.3639359474182129,-0.9114124178886414,-0.2909133732318878,-0.3845854103565216,-0.899858832359314,-0.2914368510246277,0.1182132586836814,0.0064701405353844,0.0058809160254895,-0.1183437183499336,-0.0067850174382328,-0.0044118450023233,0.1440071016550064,-0.1243527978658676,-0.3276652693748474,-0.1908370405435562,-0.1578651368618011,-0.2951395511627197,0.1151436045765876,0.1820970028638839,-0.231452390551567,-0.1428041607141494,0.1662500351667404,-0.2289881557226181,1
91,-0.0049354531802237,-0.5303824543952942,-0.2931081354618072,0.1532671749591827,-0.4569307565689087,-0.1303419768810272,0.2772265672683716,-0.6678860187530518,-0.2239948809146881,-0.1633395105600357,-0.4584957957267761,-0.1493498086929321,-0.3194676041603088,-0.6429656147956848,-0.2183703035116195,0.3623996078968048,-0.9171000719070436,-0.2966359257698059,-0.38451087474823,-0.8999725580215454,-0.2958238422870636,0.1179811954498291,0.0064036310650408,0.0059043923392891,-0.1181205511093139,-0.0067282714881002,-0.0044411071576178,0.1435901671648025,-0.1266754865646362,-0.3203177154064178,-0.1920195519924163,-0.1600720286369323,-0.2925074994564056,0.1144368350505828,0.1788536310195922,-0.2205887734889984,-0.1432471871376037,0.1611631661653518,-0.2220288813114166,1
92,-0.0069427182897925,-0.5346471071243286,-0.2899623215198517,0.1526495963335037,-0.4590789377689361,-0.1294902265071869,0.2740136384963989,-0.6689961552619934,-0.223037913441658,-0.1640323102474212,-0.458998441696167,-0.1465965509414672,-0.3220993280410766,-0.6439928412437439,-0.2153563350439071,0.3574182093143463,-0.9173957705497742,-0.2947361767292022,-0.3856801688671112,-0.9008843302726746,-0.2923183441162109,0.1178800463676452,0.0063506164588034,0.0058333966881036,-0.1180281117558479,-0.0066782557405531,-0.0043781218118965,0.1411243379116058,-0.1295277029275894,-0.3211206495761871,-0.1921213120222091,-0.1601613312959671,-0.2897701859474182,0.1117074191570282,0.1763955056667328,-0.2212645262479782,-0.1431677788496017,0.1607733368873596,-0.2213050127029419,1
93,-0.0081139151006937,-0.5466753244400024,-0.2833682894706726,0.1529241353273391,-0.4598982334136963,-0.1255686730146408,0.2724622786045074,-0.6664966940879822,-0.2158471345901489,-0.1642315238714218,-0.4610836505889892,-0.1408539861440658,-0.3201279044151306,-0.6444925665855408,-0.2067327499389648,0.3541891574859619,-0.9157442450523376,-0.2851692736148834,-0.3851689100265503,-0.9023051857948304,-0.2810516357421875,0.1180861964821815,0.0063464296981692,0.005738309584558,-0.1182408034801483,-0.0066736293956637,-0.004278642591089,0.1373724043369293,-0.1259544342756271,-0.3342381715774536,-0.1921765357255935,-0.1595706790685653,-0.294731467962265,0.1120821312069892,0.1770711541175842,-0.2291963249444961,-0.1431711018085479,0.1627718955278396,-0.2295605391263961,1
94,-0.0078105805441737,-0.5565023422241211,-0.2833119034767151,0.1552345603704452,-0.4607993066310882,-0.1242083385586738,0.274702787399292,-0.6732486486434937,-0.2087369114160537,-0.1639026254415512,-0.4653187692165375,-0.1395651251077652,-0.3173450231552124,-0.6548102498054504,-0.204169288277626,0.3627199828624725,-0.9256027340888976,-0.2726363241672516,-0.3852462768554687,-0.9079959392547609,-0.2809727489948272,0.1181855797767639,0.0063077453523874,0.0062181912362575,-0.118334949016571,-0.006630833260715,-0.0047802575863897,0.1528578549623489,-0.0856147408485412,-0.3481616675853729,-0.181189939379692,-0.0999619886279106,-0.3038886785507202,0.1290516257286071,0.2252193987369537,-0.2396353781223297,-0.1301205158233642,0.2209112048149109,-0.2311790883541107,1
95,-0.0077958679758012,-0.5715073943138123,-0.2831065654754638,0.1569485664367675,-0.4629749059677124,-0.1257739216089248,0.2747487723827362,-0.6736043095588684,-0.2104436606168747,-0.1617710888385772,-0.4709954857826233,-0.1397398859262466,-0.3120020031929016,-0.6635047197341919,-0.2065941542387008,0.3675473928451538,-0.9253465533256532,-0.2755484879016876,-0.3842770457267761,-0.911491334438324,-0.2871673107147217,0.1183022409677505,0.0063345874659717,0.006371786352247,-0.1184513792395591,-0.0066521898843348,-0.0049446141347289,0.1581495404243469,-0.07295773178339,-0.3512709140777588,-0.180360808968544,-0.0926185399293899,-0.3160196244716644,0.1345280259847641,0.2401990294456482,-0.2391678243875503,-0.1239297017455101,0.229635089635849,-0.2340773642063141,1
96,-0.0055502578616142,-0.5748961567878723,-0.2832901775836944,0.1609068661928177,-0.4667291343212127,-0.1298518031835556,0.2822564244270324,-0.6812302470207214,-0.2182165682315826,-0.1587896794080734,-0.4749024510383606,-0.1399930268526077,-0.308791309595108,-0.6665715575218201,-0.2067878544330597,0.3741745054721832,-0.9382494688034058,-0.2869881987571716,-0.3799492418766022,-0.9164809584617616,-0.2887919247150421,0.1186185777187347,0.0062058633193373,0.0063774925656616,-0.1187558621168136,-0.0065208813175559,-0.0049527739174664,0.158737227320671,-0.0514695048332214,-0.3610852062702179,-0.1806271970272064,-0.0603242218494415,-0.3230698108673095,0.1425278484821319,0.2607575356960296,-0.240020141005516,-0.1248469948768615,0.2616576254367828,-0.2363059073686599,1
97,0.0009972077095881,-0.5916491150856018,-0.2802469134330749,0.1672779321670532,-0.4727517366409302,-0.1294061839580536,0.2877106964588165,-0.6901441216468811,-0.2143292725086212,-0.153397336602211,-0.4804433584213257,-0.1377273052930832,-0.3064703047275543,-0.6753069758415222,-0.2032873183488845,0.3844750225543976,-0.9435681104660034,-0.2840446829795837,-0.3787881433963775,-0.9210335612297058,-0.286158800125122,0.1188440024852752,0.0059881187044084,0.0065569141879677,-0.1189763695001602,-0.0062955445609986,-0.0051485518924891,0.172149047255516,-0.0335269346833229,-0.3647940456867218,-0.1808916926383972,-0.0341631770133972,-0.3282719254493713,0.1538779437541961,0.2847760617733001,-0.2398838400840759,-0.12409458309412,0.2852320075035095,-0.236018493771553,1
98,0.0111451875418424,-0.6076101660728455,-0.2770008444786072,0.1734894663095474,-0.4807251393795013,-0.1283294111490249,0.2957415878772735,-0.6952886581420898,-0.2055666148662567,-0.1508130580186844,-0.4866063594818115,-0.136614516377449,-0.3058339357376098,-0.6882097721099854,-0.1997229903936386,0.3912170231342315,-0.942296862602234,-0.2716742753982544,-0.3797334134578705,-0.936337113380432,-0.2735437452793121,0.1194210723042488,0.0056342734023928,0.0068977884948253,-0.1195240095257759,-0.0059427437372505,-0.0055006756447255,0.1793185323476791,-0.0079350732266902,-0.370209127664566,-0.1847429871559143,-0.006310261785984,-0.3362811803817749,0.1592762470245361,0.3077948987483978,-0.239653930068016,-0.124154694378376,0.3065003752708435,-0.2368347644805908,1
99,0.0119612924754619,-0.6099491119384766,-0.2718236744403839,0.1767759621143341,-0.4832338392734527,-0.1228273808956146,0.3017995059490204,-0.7102836966514587,-0.1947601437568664,-0.1485425531864166,-0.4885425567626953,-0.1285546571016311,-0.3024868965148926,-0.694504976272583,-0.1842238754034042,0.3975106179714203,-0.9623671770095824,-0.2538089454174042,-0.3787922859191894,-0.9398637413978576,-0.2560197412967682,0.1198575794696807,0.0055817421525716,0.0071158753708004,-0.1199404075741767,-0.005886869970709,-0.0057274913415312,0.1796589642763137,0.0170868057757616,-0.3749737441539764,-0.1744870692491531,0.0118337757885456,-0.3385365605354309,0.1571810096502304,0.334929883480072,-0.2584140002727508,-0.122407428920269,0.3270181715488434,-0.2517128586769104,1
100,0.0116762826219201,-0.6099588871002197,-0.2706973850727081,0.1764149963855743,-0.4863388240337372,-0.1216366216540336,0.3014435470104217,-0.7165591716766357,-0.1941536664962768,-0.1483993828296661,-0.4884162843227386,-0.1266945451498031,-0.301021546125412,-0.6968104839324951,-0.1802292019128799,0.3964052498340606,-0.9687352776527404,-0.2496696412563324,-0.3758676946163177,-0.946354329586029,-0.2427708953619003,0.1202410757541656,0.0057119098491966,0.0071281781420111,-0.1202994510531425,-0.0060060326941311,-0.0057385079562664,0.1655244380235672,0.0249660219997167,-0.3862243592739105,-0.1686521470546722,-0.0055918167345225,-0.3544291853904724,0.1390582770109176,0.3249743282794952,-0.2580173313617706,-0.1262465268373489,0.3141495287418365,-0.2631154358386993,1
101,0.011377353221178,-0.6096495389938354,-0.2705900073051452,0.1779835075139999,-0.4870281517505646,-0.1216333732008934,0.3027951717376709,-0.7143009305000305,-0.1950541287660598,-0.1464047133922577,-0.490584135055542,-0.1258452385663986,-0.2950740754604339,-0.6989235281944275,-0.1763319373130798,0.3975282609462738,-0.9658732414245604,-0.2520893812179565,-0.3737676739692688,-0.9482347369194032,-0.2433112859725952,0.1205643564462661,0.0055554895661771,0.0071771806105971,-0.1206181347370147,-0.0058496668934822,-0.0057887164875864,0.1655567586421966,0.0353651382029056,-0.3845827877521515,-0.1621567904949188,0.0112697910517454,-0.3516878187656402,0.1406504958868026,0.3343826532363891,-0.2574833035469055,-0.1238553076982498,0.3265237212181091,-0.2618695497512817,1
102,0.0145142031833529,-0.6089550256729126,-0.2784442007541656,0.1784399598836898,-0.4868828058242798,-0.1253638863563537,0.3043141663074493,-0.7134825587272644,-0.1981061100959777,-0.1437453180551529,-0.4905165731906891,-0.1342237889766693,-0.2914178669452667,-0.7009993195533752,-0.1828016489744186,0.4050615131855011,-0.9646486043930054,-0.2526850998401642,-0.3738095760345459,-0.9482345581054688,-0.2467447519302368,0.1205994188785553,0.0056397137232124,0.0077168261632323,-0.1206514090299606,-0.0059230993501842,-0.0063214190304279,0.1657441109418869,0.0759588479995727,-0.383573830127716,-0.1632065922021865,0.0434181243181228,-0.3459548354148865,0.1422757357358932,0.3729842603206634,-0.2493826597929,-0.1238013952970504,0.3628261387348175,-0.238148495554924,1
103,0.0147996302694082,-0.6011760234832764,-0.3043905794620514,0.1785608083009719,-0.4851093292236328,-0.1406992524862289,0.3051283359527588,-0.7128207087516785,-0.217181459069252,-0.1433551460504531,-0.4883557260036468,-0.1524622440338134,-0.28965824842453,-0.6970826387405396,-0.2010310739278793,0.4057644009590149,-0.9635822772979736,-0.2731228172779083,-0.3738613128662109,-0.9404683113098145,-0.2663334310054779,0.1208079978823661,0.0057470849715173,0.0078268442302942,-0.1208449974656105,-0.006018292158842,-0.0064327595755457,0.1613175719976425,0.1006498709321022,-0.3862355053424835,-0.1636048704385757,0.0602663829922676,-0.3490009009838104,0.137344405055046,0.4019141793251037,-0.2512474656105041,-0.1254963129758834,0.3946669697761535,-0.2443301379680633,1
104,0.0223751794546842,-0.6033128499984741,-0.3008371591567993,0.178687646985054,-0.4853440225124359,-0.1371220201253891,0.305785208940506,-0.7185592651367188,-0.2070454657077789,-0.1425895541906356,-0.4882453083992004,-0.1505890488624572,-0.2839753627777099,-0.6967166662216187,-0.2005323320627212,0.4046675860881805,-0.965715229511261,-0.2553928792476654,-0.3654294908046722,-0.939624547958374,-0.2629987001419067,0.1212977543473243,0.0059203500859439,0.0079176435247063,-0.1213065162301063,-0.0061775795184075,-0.0065278708934783,0.1538853198289871,0.1114430800080299,-0.3896898627281189,-0.1704967021942138,0.0685179382562637,-0.3613523840904236,0.1335820108652115,0.4202787280082702,-0.2849311828613281,-0.1256813555955886,0.4019978642463684,-0.2822664976119995,1
105,0.0219529941678047,-0.6019738912582397,-0.3127974271774292,0.1786880195140838,-0.4856569170951843,-0.1428552418947219,0.3031938076019287,-0.7194311022758484,-0.2173273116350174,-0.1393298059701919,-0.4879241287708282,-0.1538028717041015,-0.2733710706233978,-0.693627655506134,-0.2029331177473068,0.3903558552265167,-0.9651814699172974,-0.2677661776542663,-0.3578360676765442,-0.9334387183189392,-0.2651286125183105,0.1213903650641441,0.0061418926343321,0.0066888574510812,-0.1213826164603233,-0.0063778609037399,-0.0053363926708698,0.1307211816310882,0.1389095187187194,-0.4015972018241882,-0.1815160363912582,0.0870624408125877,-0.3638682067394256,0.1238372325897216,0.4523703753948211,-0.3253283202648163,-0.1255902647972107,0.4427010118961334,-0.3055496215820312,1
106,0.0204517133533954,-0.6076028347015381,-0.330372542142868,0.1745742857456207,-0.4848449528217315,-0.1698555499315261,0.2991428673267364,-0.7192894220352173,-0.2403963059186935,-0.1396028101444244,-0.4902930557727813,-0.1767947673797607,-0.273853987455368,-0.7027856707572937,-0.2241015285253524,0.389065682888031,-0.9652349352836608,-0.2843434512615204,-0.3594905436038971,-0.9447584748268129,-0.2765121161937713,0.1207281500101089,0.0060416418127715,0.006870184559375,-0.1207426711916923,-0.0062632681801915,-0.0055562411434948,0.1342990100383758,0.2646618187427521,-0.3413888216018677,-0.1800691038370132,0.2048295587301254,-0.2838969528675079,0.132624477148056,0.5693845748901367,-0.231238767504692,-0.1246923059225082,0.5515026450157166,-0.2040669023990631,1
107,0.0118759451434016,-0.6214773058891296,-0.3254256248474121,0.1663405299186706,-0.4879454672336578,-0.1683612614870071,0.2956721782684326,-0.7213333249092102,-0.2368841171264648,-0.1418475955724716,-0.4924304485321045,-0.1756843775510788,-0.2773514091968536,-0.7022846341133118,-0.2336734682321548,0.3788627684116363,-0.964981198310852,-0.282981812953949,-0.3598794043064117,-0.9436106085777284,-0.2879705429077148,0.117706723511219,0.0049459775909781,0.0072449683211743,-0.1178334578871727,-0.0051327683031558,-0.0060220211744308,0.1436989307403564,0.307473361492157,-0.2459096163511276,-0.1684485524892807,0.2823661863803863,-0.2031779587268829,0.1481067985296249,0.6364373564720154,-0.1171813756227493,-0.1177824437618255,0.6175577044487,-0.0985318720340728,1
108,0.0034488765522837,-0.625545859336853,-0.3231134712696075,0.1585211008787155,-0.4966396987438202,-0.1672150939702987,0.2875578105449676,-0.7268364429473877,-0.2354435324668884,-0.1427822560071945,-0.49822998046875,-0.1736297756433487,-0.2859251797199249,-0.7019211649894714,-0.2302881479263305,0.3692953288555145,-0.96831876039505,-0.2819597423076629,-0.3606605529785156,-0.9407759308815002,-0.2872394025325775,0.1142316609621048,0.0039347987622022,0.0067814090289175,-0.1144833192229271,-0.0041290088556706,-0.005622040014714,0.145742267370224,0.3415558934211731,-0.1541686803102493,-0.168788656592369,0.3171464800834656,-0.1411820352077484,0.1576108038425445,0.678495466709137,-0.0060233552940189,-0.1239468231797218,0.6548328995704651,-0.0088777784258127,1
109,0.0074572670273482,-0.6324763298034668,-0.3160222768783569,0.1587297767400741,-0.5003514885902405,-0.1597570180892944,0.2833910584449768,-0.7256401181221008,-0.2228767573833465,-0.1413560211658477,-0.5079482197761536,-0.1692767441272735,-0.2795645892620086,-0.7010312080383301,-0.2397847473621368,0.3554935753345489,-0.958985447883606,-0.2812443077564239,-0.3295086920261383,-0.935165286064148,-0.3258717954158783,0.1114978194236755,0.0038807624951004,0.005093989893794,-0.1117216944694519,-0.0040870727971196,-0.0040135327726602,0.1461899280548095,0.3780944645404815,-0.0438430644571781,-0.1347866356372833,0.3553425967693329,-0.0282593891024589,0.1631873995065689,0.7245726585388184,0.0919971466064453,-0.1023768335580825,0.6840133666992188,0.1132068410515785,1
110,0.0075149517506361,-0.6352121233940125,-0.3118687868118286,0.1582084745168686,-0.501228928565979,-0.1593240052461624,0.2820101082324981,-0.7254041433334351,-0.2243310660123825,-0.1406642794609069,-0.5083611011505127,-0.1628799587488174,-0.2769396901130676,-0.6957128643989563,-0.2380167543888092,0.3443241119384765,-0.9590540528297424,-0.2841051518917084,-0.3157438337802887,-0.9179016947746276,-0.3283838331699371,0.1091806963086128,0.0038838568143546,0.0018768791342154,-0.1093827039003372,-0.0040967054665088,-0.0008705768268555,0.1440072804689407,0.3820411264896393,-0.0338829420506954,-0.1179061532020568,0.3674080371856689,-0.0048692086711525,0.1637060493230819,0.7353310585021973,0.0950463935732841,-0.0908679366111755,0.7019115090370178,0.1269803494215011,1
111,0.0083668818697333,-0.636317253112793,-0.3031964898109436,0.1583239883184433,-0.5037118196487427,-0.1540050208568573,0.2780748605728149,-0.7270876169204712,-0.2196983844041824,-0.1398651599884033,-0.5101515054702759,-0.1527990996837616,-0.2760452032089233,-0.6940847039222717,-0.2372520416975021,0.3415922820568084,-0.9616302847862244,-0.2817506492137909,-0.3102858960628509,-0.9142084717750548,-0.3376496732234955,0.1085070371627807,0.0038621562998741,0.0012319097295403,-0.1086980029940605,-0.004079011734575,-0.0002643394109327,0.1435099989175796,0.379447340965271,-0.0390075072646141,-0.1213871091604232,0.366771250963211,-0.0009965456556528,0.1631549149751663,0.7265114784240723,0.0998371765017509,-0.087152399122715,0.6935028433799744,0.143652468919754,1
112,0.0123871723189949,-0.6372570991516113,-0.3036585748195648,0.1591257601976394,-0.5036782622337341,-0.1533673852682113,0.276914119720459,-0.7232243418693542,-0.2149109542369842,-0.1382306218147277,-0.5100893974304199,-0.1537208259105682,-0.2731879651546478,-0.6940941214561462,-0.2391398400068283,0.3427827954292297,-0.9540358185768129,-0.2788457572460174,-0.2996515035629272,-0.9142752289772034,-0.3361230492591858,0.1085079237818718,0.0036333431489765,0.001987833995372,-0.1087066084146499,-0.0038885900285094,-0.0010212977649644,0.1419449150562286,0.3937312066555023,0.0071022016927599,-0.1213775128126144,0.3728183507919311,0.0032421688083559,0.1651818603277206,0.7411147952079773,0.1414757370948791,-0.0892954021692276,0.7097333073616028,0.1430001258850097,1
113,0.0082044573500752,-0.6368710398674011,-0.3033320605754852,0.1550021767616272,-0.5038516521453857,-0.1527161002159118,0.260562390089035,-0.7135406732559204,-0.2140997797250747,-0.1388270705938339,-0.5098989009857178,-0.1522513478994369,-0.273351639509201,-0.6904770731925964,-0.2371776849031448,0.3270806074142456,-0.9363134503364564,-0.2788063585758209,-0.301103800535202,-0.9091578125953674,-0.3334274888038635,0.108127549290657,0.0035249867942184,0.0018600460607558,-0.108327567577362,-0.0038013951852917,-0.0008830852457322,0.1327285766601562,0.397554486989975,0.0069282562471926,-0.1209669336676597,0.3800402879714966,0.0156206944957375,0.164848119020462,0.7467207312583923,0.1307942271232605,-0.0917957946658134,0.7222288846969604,0.1405373513698578,1
114,0.0159981586039066,-0.6377905607223511,-0.3013821840286255,0.1583124697208404,-0.5038248896598816,-0.1490519195795059,0.2623863220214844,-0.7126571536064148,-0.2117279469966888,-0.1357174217700958,-0.5101757049560547,-0.1512147635221481,-0.2652901709079742,-0.6903955936431885,-0.2371415197849273,0.3293598294258117,-0.937475323677063,-0.2770386040210724,-0.2919189631938934,-0.9091553688049316,-0.3337221443653106,0.1081448420882225,0.0032801383640617,0.0027137068100273,-0.1083447113633155,-0.0035884496755898,-0.0017200310248881,0.1324007958173751,0.4009090662002563,0.0139939859509468,-0.116885207593441,0.3818336129188537,0.0132982963696122,0.1657871454954147,0.747991681098938,0.1379805654287338,-0.0909450873732566,0.7255292534828186,0.1379649341106414,1
115,0.0174281317740678,-0.6372790932655334,-0.3020666539669037,0.1586218029260635,-0.5031393766403198,-0.1501049697399139,0.2600610554218292,-0.7094695568084717,-0.2129254043102264,-0.134236678481102,-0.5100829601287842,-0.1493613868951797,-0.2652179300785064,-0.6921173334121704,-0.2289766520261764,0.3281325101852417,-0.9317466616630554,-0.2779440283775329,-0.2914334833621979,-0.9105432033538818,-0.3204655945301056,0.1081021875143051,0.0032605321612209,0.0015901834703981,-0.1082962602376937,-0.0035800223704427,-0.0005616506678052,0.1237412989139556,0.4060275852680206,0.0059573045000433,-0.1153518408536911,0.3873228132724762,0.0201855301856994,0.1655533909797668,0.7546131610870361,0.1271247267723083,-0.0843773111701011,0.735057532787323,0.1395496279001236,1
116,0.0174096003174781,-0.6371365785598755,-0.2962701618671417,0.158562034368515,-0.503089427947998,-0.1437783688306808,0.2554797232151031,-0.7080597281455994,-0.2042360752820968,-0.1341249644756317,-0.51011723279953,-0.13997682929039,-0.2646452486515045,-0.692300021648407,-0.2092470675706863,0.3220056593418121,-0.932131290435791,-0.2672116160392761,-0.2862192094326019,-0.9124431014060974,-0.2909281849861145,0.108096994459629,0.0032313351985067,0.0014134246157482,-0.1082904413342475,-0.0035603349097073,-0.0003755953803192,0.1216470524668693,0.4061030745506286,0.0103118252009153,-0.1151280999183654,0.387142539024353,0.0214340928941965,0.1579975038766861,0.7507678270339966,0.1378705948591232,-0.0851728022098541,0.7339843511581421,0.1443158537149429,1
117,0.0177536811679601,-0.6369718313217163,-0.2892951667308807,0.158955305814743,-0.5034133195877075,-0.1394331604242324,0.2527068853378296,-0.7072222828865051,-0.2009505629539489,-0.1325697749853134,-0.5100728869438171,-0.1289801895618438,-0.2630026340484619,-0.6910325288772583,-0.1954229176044464,0.3171551823616028,-0.9322501420974731,-0.26262366771698,-0.2839609682559967,-0.9123510122299194,-0.2768016457557678,0.1080426797270774,0.0032117222435772,0.0004537469649221,-0.1082322970032692,-0.0035488402936607,0.0005847059655934,0.1214664727449417,0.4064159393310547,0.0059589189477264,-0.1151203885674476,0.3874736428260803,0.0207668207585811,0.1580702066421508,0.7496702671051025,0.1315311789512634,-0.0855428054928779,0.7369494438171387,0.1398836225271225,1
118,0.0178625974804162,-0.6360628008842468,-0.2797812223434448,0.158770740032196,-0.505064070224762,-0.1298091262578964,0.2489805370569229,-0.7073143124580383,-0.1898209154605865,-0.132577583193779,-0.5106900334358215,-0.1183946281671524,-0.2620425820350647,-0.6959335207939148,-0.1810927987098693,0.3114712238311767,-0.9315556883811952,-0.248971089720726,-0.281779021024704,-0.9206324815750122,-0.2590755820274353,0.1080087274312973,0.0031741720158606,1.1650126907625236e-05,-0.1081879138946533,-0.0035223332233726,0.001035782857798,0.1169073060154914,0.4077469110488891,0.0040340977720916,-0.1152908280491828,0.3895060420036316,0.0200550910085439,0.1579659581184387,0.7549194693565369,0.1276932805776596,-0.0857603847980499,0.7415332794189453,0.1377732753753662,1
119,0.0181142520159482,-0.6363081336021423,-0.2777988910675049,0.1592029780149459,-0.5050626993179321,-0.1289033442735672,0.2478499263525009,-0.7053202986717224,-0.1910127252340316,-0.132012203335762,-0.5107691884040833,-0.1161981001496315,-0.2600271999835968,-0.6953840255737305,-0.1858722120523452,0.3111177086830139,-0.9301274418830872,-0.2507483959197998,-0.2800870537757873,-0.9205339550971984,-0.2652793526649475,0.1080163791775703,0.0031130111310631,-0.0002887743758037,-0.1081913188099861,-0.0034717216622084,0.0013378899311646,0.1167498603463172,0.4079660475254059,0.0045006177388131,-0.1147746816277504,0.3895088732242584,0.0206001941114664,0.1572579145431518,0.7542064785957336,0.1254294067621231,-0.0860334932804107,0.7408374547958374,0.1374836564064026,1
120,0.020215967670083,-0.6277923583984375,-0.2835803031921386,0.1603512167930603,-0.5037767291069031,-0.1353075951337814,0.2470836490392685,-0.7019303441047668,-0.196334034204483,-0.1283053308725357,-0.5095667839050293,-0.1176065504550933,-0.2556218802928924,-0.6922802329063416,-0.1880998909473419,0.3099101185798645,-0.9275690317153932,-0.2567147016525268,-0.2768275737762451,-0.9185917973518372,-0.268499344587326,0.1078797504305839,0.0031651565805077,-0.0015529413940384,-0.108049675822258,-0.0035407019313424,0.0025818203575909,0.1134705245494842,0.408535748720169,0.0002635673736222,-0.1143601089715957,0.3913115859031677,0.0205255020409822,0.1498918235301971,0.7574013471603394,0.1110395342111587,-0.0872261151671409,0.7469427585601807,0.1333225667476654,1
121,0.0201945342123508,-0.6274327635765076,-0.2912496328353882,0.1603521108627319,-0.5026733875274658,-0.1429296135902404,0.2468465566635131,-0.7021451592445374,-0.2064149677753448,-0.1283192038536071,-0.5090326070785522,-0.1307461261749267,-0.253042459487915,-0.6915318965911865,-0.219105526804924,0.3076221942901611,-0.9282360672950744,-0.2650348842144012,-0.2741158306598663,-0.9168250560760498,-0.3220650255680084,0.1078982949256897,0.0031853597611188,-0.0012432655785232,-0.1080632731318473,-0.0035708337090909,0.002286180621013,0.1103898212313652,0.4114242494106293,0.0036668896209448,-0.1144004613161087,0.3909655511379242,0.0206568352878093,0.1437544226646423,0.7573866248130798,0.1176536083221435,-0.0881631895899772,0.7455937266349792,0.1355489194393158,1
122,0.0201787650585174,-0.630221962928772,-0.2616934776306152,0.1612207442522049,-0.5067708492279053,-0.1145059391856193,0.2466246336698532,-0.7063908576965332,-0.1730252355337143,-0.1283447742462158,-0.5105688571929932,-0.104929968714714,-0.2512220740318298,-0.6915040016174316,-0.1871783584356308,0.306438148021698,-0.933188259601593,-0.226978600025177,-0.2693434059619903,-0.91691917181015,-0.2857435941696167,0.1080266535282135,0.0031869134400039,-0.0010374024277552,-0.108177937567234,-0.0035809022374451,0.0020923598203808,0.1106591522693634,0.411613255739212,0.0065865498036146,-0.1145442798733711,0.3907380402088165,0.0203949473798275,0.1442098319530487,0.7572866082191467,0.119546890258789,-0.091297261416912,0.7447772026062012,0.1349817961454391,1
123,0.0200179405510425,-0.6288118958473206,-0.2830202281475067,0.1618531942367553,-0.5033119320869446,-0.1340934634208679,0.2470045685768127,-0.7042075395584106,-0.1926196217536926,-0.127656489610672,-0.5092890858650208,-0.1252449303865432,-0.2467177212238311,-0.6868314743041992,-0.2160195559263229,0.3063163459300995,-0.930740773677826,-0.2436050921678543,-0.2650322616100311,-0.9090638160705566,-0.323900043964386,0.1080114245414733,0.0033482348080724,-0.0011095169465988,-0.1081581264734268,-0.0037611457519233,0.0021657499019056,0.1102775856852531,0.4114859104156494,0.006341824773699,-0.1140146404504776,0.3905096650123596,0.0219825617969036,0.1438749730587005,0.7573478817939758,0.1194349005818367,-0.0912873670458793,0.7443895936012268,0.1367474347352981,1
124,0.0179233532398939,-0.628498375415802,-0.2860191762447357,0.1615011394023895,-0.5013993382453918,-0.1392365247011184,0.2471048533916473,-0.7028611898422241,-0.2012623399496078,-0.1275654435157776,-0.5088108777999878,-0.1267680376768112,-0.2461763322353363,-0.6858329772949219,-0.2176329344511032,0.3064163327217102,-0.928742527961731,-0.2544864118099212,-0.2642962038516998,-0.9073803424835204,-0.3239744901657104,0.1079235225915908,0.0033845882862806,-0.0012744591804221,-0.1080674976110458,-0.0038041775114834,0.0023366806562989,0.1102400124073028,0.4114001989364624,0.0046660150401294,-0.1142060458660125,0.3913517296314239,0.0218795277178287,0.1436946541070938,0.7580272555351257,0.117958128452301,-0.0911336913704872,0.7475451827049255,0.1346960961818695,1
125,0.0179488416761159,-0.6194461584091187,-0.2956944406032562,0.1614389270544052,-0.4982080459594726,-0.1446008682250976,0.2465806156396865,-0.6988639235496521,-0.2063874453306198,-0.1270962655544281,-0.5033373832702637,-0.135686308145523,-0.2450539916753769,-0.6747393608093262,-0.2348735779523849,0.3028976023197174,-0.9266036748886108,-0.2610286176204681,-0.2623935043811798,-0.9008893370628356,-0.3533231019973755,0.1079284325242042,0.0033406584989279,-0.0008010695455595,-0.108070932328701,-0.003771137446165,0.0018605719087645,0.1091369614005088,0.4126884043216705,0.0043203453533351,-0.114232525229454,0.3925116062164306,0.0178243108093738,0.140672817826271,0.7613420486450195,0.1145249530673027,-0.0915942788124084,0.7519310712814331,0.1247662976384162,1
126,0.0133974645286798,-0.6245622634887695,-0.2828615605831146,0.1597092300653457,-0.4983888566493988,-0.1374475359916687,0.2466190904378891,-0.7055123448371887,-0.200074017047882,-0.1276140064001083,-0.5033529996871948,-0.1228022798895835,-0.2463821023702621,-0.6753860712051392,-0.2263037264347076,0.3012068569660187,-0.9321554899215698,-0.2525761127471924,-0.2648904025554657,-0.8984188437461853,-0.3507651090621948,0.1078196614980697,0.0034016140270978,-0.0013520652428269,-0.1079612746834755,-0.0038312971591949,0.00239461613819,0.1064203158020973,0.4134893119335174,0.0010440236655995,-0.1166342571377754,0.3926674127578735,0.017823252826929,0.1398047655820846,0.7670668363571167,0.1076787561178207,-0.0926041007041931,0.7528698444366455,0.1237914413213729,1
127,0.0155825559049844,-0.6200939416885376,-0.2892703115940094,0.1601730436086654,-0.4950118362903595,-0.1398404538631439,0.2450926452875137,-0.6994207501411438,-0.2024999409914016,-0.1268875002861023,-0.501778244972229,-0.1281685829162597,-0.2443400472402572,-0.6748180985450745,-0.231016144156456,0.3003186583518982,-0.9290984869003296,-0.254775196313858,-0.2622451186180115,-0.8987547755241394,-0.3512246012687683,0.1079061403870582,0.0034003728069365,-0.0008927169255912,-0.1080399230122566,-0.0038363446947187,0.0019590794108808,0.1062222570180893,0.4158988893032074,0.0007357774302363,-0.1189605742692947,0.3922225832939148,0.0161453317850828,0.133179560303688,0.7699227333068848,0.1065378636121749,-0.0960799530148506,0.7496119737625122,0.1231824979186058,1
128,0.0152337234467267,-0.6201235055923462,-0.2826015949249267,0.160416841506958,-0.4945877194404602,-0.1369458436965942,0.2466656118631363,-0.6984037756919861,-0.20227812230587,-0.1265613734722137,-0.5014009475708008,-0.1187814325094223,-0.2443969249725341,-0.6750827431678772,-0.2222673445940017,0.3005074262619018,-0.926135241985321,-0.2552433907985687,-0.2624334990978241,-0.8986620306968689,-0.348688393831253,0.1079104468226432,0.0033938603010028,-0.0011371165746822,-0.1080425083637237,-0.0038324564229696,0.002205820987001,0.105324663221836,0.4171810150146484,-0.0053061633370816,-0.1200697347521781,0.3930222690105438,0.014186437241733,0.134427398443222,0.772538959980011,0.0937339290976524,-0.095622070133686,0.7531943917274475,0.1138190403580665,1
129,0.0132041359320282,-0.6253268122673035,-0.282796561717987,0.158811405301094,-0.4946262240409851,-0.1369750648736953,0.2462415099143982,-0.7051541805267334,-0.2021157890558242,-0.1271463483572006,-0.4997358620166778,-0.1193112134933471,-0.2460642755031585,-0.6702746152877808,-0.2273238003253936,0.2956413626670837,-0.933458685874939,-0.2550812065601349,-0.26419797539711,-0.8887152075767517,-0.3572048544883728,0.1077906936407089,0.0033964850008487,-0.0011657370487228,-0.1079182997345924,-0.0038369244430214,0.0022326388861984,0.1048563048243522,0.4172796607017517,-0.0050085904076695,-0.1212470009922981,0.3931173086166382,0.0145587967708706,0.1346790641546249,0.7730420827865601,0.0947303399443626,-0.0958748161792755,0.7542780637741089,0.1142582669854164,1
130,0.0132287349551916,-0.6233769655227661,-0.2794318199157715,0.1588319391012191,-0.4947707951068878,-0.1300462782382965,0.2441771775484085,-0.7066701650619507,-0.1889445036649704,-0.1270448565483093,-0.4995359480381012,-0.1163450330495834,-0.2458533495664596,-0.6704490780830383,-0.2235499173402786,0.2955200970172882,-0.93653804063797,-0.2386208921670913,-0.2628400027751922,-0.8905651569366455,-0.3517501354217529,0.1077933460474014,0.00340520683676,-0.0013726413017138,-0.1079205274581909,-0.003851082874462,0.0024363747797906,0.1037949919700622,0.4183165729045868,-0.0049585574306547,-0.1223340108990669,0.3932279348373413,0.0148104317486286,0.131410926580429,0.7751722931861877,0.0954084545373916,-0.0988697707653045,0.7542294859886169,0.1145373731851577,1
131,0.0132524697110056,-0.6212982535362244,-0.296190857887268,0.1583430618047714,-0.4920649230480194,-0.1436760574579239,0.2445281893014907,-0.701949954032898,-0.2074332237243652,-0.1270181685686111,-0.4987736940383911,-0.1353192627429962,-0.245862603187561,-0.668933093547821,-0.2463646233081817,0.3020778894424438,-0.931382179260254,-0.2661380469799042,-0.2641220092773437,-0.8891531825065613,-0.3740235567092895,0.1077732667326927,0.0033629145473241,-0.0010876123560592,-0.1079032272100448,-0.0038101493846625,0.0021407827734947,0.1036399602890014,0.41840660572052,-0.0053196172229945,-0.1220495775341987,0.3940307199954986,0.0126867201179265,0.1369496285915374,0.7750516533851624,0.0955076590180397,-0.0971538722515106,0.7565246820449829,0.1116014719009399,1
132,0.0177657417953014,-0.6250908970832825,-0.2436389625072479,0.1606232523918151,-0.5004027485847473,-0.0968064740300178,0.244431659579277,-0.7041821479797363,-0.1535534560680389,-0.126173198223114,-0.5031532049179077,-0.0845149382948875,-0.2465161383152008,-0.6763550043106079,-0.1628182977437973,0.3019089698791504,-0.9324514865875244,-0.205380380153656,-0.2648166716098785,-0.9032912850379944,-0.2548743188381195,0.1078009828925132,0.0034343511797487,-0.001022026874125,-0.1079234033823013,-0.0038924880791455,0.0020783138461411,0.103432297706604,0.4184933006763458,-0.0051059038378298,-0.1226768642663955,0.3928186893463135,0.0113790109753608,0.1353603452444076,0.7749485969543457,0.0961104184389114,-0.0983850434422493,0.7532488703727722,0.1114370003342628,1
133,0.0184596069157123,-0.6254298686981201,-0.2515569031238556,0.1605618745088577,-0.5002194046974182,-0.1023027747869491,0.2446943521499633,-0.704418957233429,-0.1564529538154602,-0.1261625289916992,-0.5029757618904114,-0.0907163247466087,-0.2474123984575271,-0.6761213541030884,-0.1689550131559372,0.3029012382030487,-0.932357668876648,-0.2089007794857025,-0.2654486298561096,-0.9006980061531067,-0.2641386389732361,0.1077490225434303,0.0034897523000836,-0.0002473090717103,-0.1078697070479393,-0.0039527132175862,0.0013051335699856,0.102993756532669,0.4183894693851471,-0.0040496718138456,-0.1231942549347877,0.3922016322612762,0.0097231641411781,0.1359436810016632,0.7749455571174622,0.0953425616025924,-0.0992483869194984,0.7529215216636658,0.1078207790851593,1
134,0.0184825025498867,-0.6223495006561279,-0.2529788017272949,0.1608891487121582,-0.5005916953086853,-0.1032404005527496,0.2439542412757873,-0.7037532925605774,-0.1600078046321869,-0.1257525533437729,-0.5029193162918091,-0.09269330650568,-0.2474216818809509,-0.676020085811615,-0.1798976063728332,0.3014240860939026,-0.9304764866828918,-0.2140319943428039,-0.2656486332416534,-0.9005825519561768,-0.2850090265274048,0.1077918484807014,0.0034647069405764,-0.0001871672429842,-0.1079092472791671,-0.0039354804903268,0.0012473933165892,0.1033263728022575,0.4191044569015503,-0.0068901772610843,-0.1243661195039749,0.3923391699790954,0.0060712480917572,0.1340773701667785,0.7751765847206116,0.0926306694746017,-0.100391037762165,0.7538238763809204,0.102350004017353,1
135,0.015078698284924,-0.6243099570274353,-0.2522485554218292,0.1572987884283065,-0.5008274912834167,-0.103206917643547,0.2419466376304626,-0.7044262290000916,-0.1608291566371917,-0.1291204541921615,-0.5029396414756775,-0.0927389040589332,-0.2517455518245697,-0.6763952374458313,-0.1838911026716232,0.3002230226993561,-0.9307740926742554,-0.2154822200536728,-0.2696399688720703,-0.9004717469215393,-0.2924717366695404,0.1078020706772804,0.0033988601062446,-0.0001735899422783,-0.1079182177782058,-0.0038762036710977,0.00123534607701,0.1032531410455703,0.4192222952842712,-0.006958348210901,-0.1269853711128235,0.3920489847660064,0.0058105471543967,0.1331942081451416,0.7751508355140686,0.09172123670578,-0.1005776450037956,0.7536026835441589,0.1014710068702697,1
136,0.0179174449294805,-0.6212871074676514,-0.2550574541091919,0.1580049395561218,-0.5004879832267761,-0.1041663065552711,0.2399319261312484,-0.7041696310043335,-0.1605816483497619,-0.1285258084535598,-0.5019256472587585,-0.0937073826789856,-0.2528339326381683,-0.6751100420951843,-0.1876696348190307,0.2987203598022461,-0.9307640194892884,-0.2144600301980972,-0.269631415605545,-0.9001984596252441,-0.2981199920177459,0.1078987494111061,0.0033158008009195,9.607714309822768e-05,-0.1080122143030166,-0.0038062760140746,0.0009748983429744,0.103482186794281,0.4200214743614197,-0.0069257514551281,-0.1281768530607223,0.3920345902442932,0.0052460078150033,0.1315519511699676,0.775149405002594,0.0931828618049621,-0.1049582064151763,0.7534677982330322,0.1017313078045845,1
137,0.0173756647855043,-0.6214087605476379,-0.252058207988739,0.1581163704395294,-0.5006330013275146,-0.1042854413390159,0.2399599254131317,-0.7037665843963623,-0.1608623564243316,-0.1282502263784408,-0.5027413964271545,-0.0867390930652618,-0.2527635991573334,-0.6771518588066101,-0.1698587983846664,0.2987571954727173,-0.9286887049674988,-0.2159705460071563,-0.2712358236312866,-0.9014569520950316,-0.2728376984596252,0.107904627919197,0.0033274651505053,-0.0014459152007475,-0.1080152913928031,-0.0038198155816644,0.002540529705584,0.1034031212329864,0.4199200272560119,-0.0106767555698752,-0.1289510279893875,0.3920517563819885,0.0081850215792655,0.1315644681453704,0.775133490562439,0.0884465053677558,-0.1039168313145637,0.7530490756034851,0.1038844287395477,1
138,0.0171285755932331,-0.6304692029953003,-0.2399609982967376,0.1579571515321731,-0.5010491013526917,-0.0946437940001487,0.2391483932733535,-0.7037396430969238,-0.1529649496078491,-0.1284518539905548,-0.5031702518463135,-0.080544002354145,-0.2527342736721039,-0.6779696345329285,-0.1723452657461166,0.2987899780273437,-0.9269793033599854,-0.205436110496521,-0.271717756986618,-0.9012901782989502,-0.2790552377700805,0.1079210564494133,0.0033219608012586,-0.0011514123762026,-0.108026422560215,-0.0038159457035362,0.002261703601107,0.1042543426156044,0.4201267957687378,-0.0099792145192623,-0.1292583793401718,0.391092449426651,0.0077564697712659,0.1304445266723632,0.7747161984443665,0.0903844460844993,-0.1038637235760688,0.7515097260475159,0.1040123775601387,1
139,0.0180089548230171,-0.6229560375213623,-0.2547911703586578,0.1579701900482177,-0.4995917379856109,-0.1033278703689575,0.2348855286836624,-0.701271116733551,-0.1609031409025192,-0.1281166225671768,-0.5001757740974426,-0.0923844054341316,-0.252911627292633,-0.6719790697097778,-0.1935764253139495,0.2938629984855652,-0.9265429973602296,-0.2133833169937133,-0.2721538543701172,-0.8974717855453491,-0.3122875690460205,0.1079655811190605,0.0032690360676497,-0.0008009105222299,-0.1080660000443458,-0.0037715234793722,0.0019117979099974,0.1042443886399269,0.4214339256286621,-0.010083669796586,-0.1306781321763992,0.3911181986331939,0.0061951489187777,0.1261327713727951,0.7760802507400513,0.0886934846639633,-0.1064285337924957,0.7517390251159668,0.1025513559579849,1
140,0.0194532014429569,-0.6222909092903137,-0.2533246576786041,0.15865258872509,-0.4995875060558319,-0.1013444438576698,0.2348422557115554,-0.7013835906982422,-0.1592352837324142,-0.1269034743309021,-0.4999175369739532,-0.0918205454945564,-0.25196373462677,-0.6717917919158936,-0.1930404752492904,0.2939474284648895,-0.9267880320549012,-0.2124300301074981,-0.2709556818008423,-0.8970449566841125,-0.3118327260017395,0.1080366522073745,0.0032485716510564,-0.0002400447265245,-0.1081345751881599,-0.0037564889062196,0.0013610477326437,0.104477047920227,0.4226977229118347,-0.0101611530408263,-0.1306304633617401,0.391067236661911,0.002751720836386,0.125445619225502,0.7753550410270691,0.0916998609900474,-0.1065580248832702,0.7518173456192017,0.1011727824807167,1
141,0.0197013821452856,-0.6257193088531494,-0.2524232268333435,0.1592514663934707,-0.4993821084499359,-0.101064532995224,0.2386634200811386,-0.6990109086036682,-0.1588450372219085,-0.1265420019626617,-0.5016666650772095,-0.0916048884391784,-0.2493716329336166,-0.6767494678497314,-0.1929041147232055,0.3016309440135956,-0.919165313243866,-0.21257284283638,-0.2695183157920837,-0.8976913094520569,-0.3106934130191803,0.1080390214920044,0.0032317317090928,-0.000200554553885,-0.1081355512142181,-0.0037405129987746,0.0013218941166996,0.1053671762347221,0.4224230945110321,-0.0097384164109826,-0.1297556608915329,0.391138345003128,0.0031972276046872,0.1310398876667022,0.7751744389533997,0.0908364430069923,-0.1023828387260437,0.7527104020118713,0.1007119119167327,1
142,0.0219914391636848,-0.620880663394928,-0.2558784186840057,0.1595086008310318,-0.4973929226398468,-0.1044651567935943,0.2380226403474807,-0.6932578682899475,-0.1721496731042862,-0.1255289763212204,-0.4997668266296386,-0.096046932041645,-0.2473967373371124,-0.6711997985839844,-0.2062697410583496,0.2989854216575622,-0.914759397506714,-0.2368954420089721,-0.2693601548671722,-0.8949425220489502,-0.3343293368816376,0.1080484762787818,0.0031096506863832,-4.137694122618996e-05,-0.1081434413790702,-0.0036208860110491,0.0011528127361088,0.1044754832983017,0.4226945340633392,-0.0111364442855119,-0.1298087239265442,0.3923376500606537,0.0002247017982881,0.1284809410572052,0.7789906859397888,0.0815800577402114,-0.1032530590891838,0.7575788497924805,0.0907776802778244,1
143,0.0206602960824966,-0.6179680824279785,-0.2587363421916961,0.1567411571741104,-0.4959677159786224,-0.1063592508435249,0.2345186620950698,-0.6910455226898193,-0.1818979382514953,-0.1280539482831955,-0.4959131181240082,-0.1001166552305221,-0.2506015598773956,-0.6685596704483032,-0.2209592014551162,0.2974498867988586,-0.9123085141181946,-0.2552456259727478,-0.2732352018356323,-0.8932505249977112,-0.3570034801959991,0.10805694013834,0.0028172493912279,0.0007203418645076,-0.1081499382853508,-0.0033276758622378,0.0003776896337512,0.1034815907478332,0.4232920706272125,-0.0111737418919801,-0.1318242698907852,0.3926241993904114,-0.0017689014784991,0.1261697560548782,0.7802591323852539,0.0811095014214515,-0.1066277474164962,0.759148359298706,0.0891695544123649,1
144,0.0164749398827552,-0.6264548897743225,-0.2122477740049362,0.1562780737876892,-0.5026876330375671,-0.0680251494050026,0.2356938421726226,-0.6970526576042175,-0.1252800077199936,-0.131069928407669,-0.5053880214691162,-0.0469257272779941,-0.2547463476657867,-0.6810010671615601,-0.0987210646271705,0.297461062669754,-0.9184698462486268,-0.1838085651397705,-0.2744753956794739,-0.9080250263214112,-0.1692405790090561,0.1080721095204353,0.0027865204028785,-0.0010873498395085,-0.1081631109118461,-0.0032973857596516,0.0022248856257647,0.10137440264225,0.4226019382476806,-0.0102331340312957,-0.1318659782409668,0.3927657306194305,0.0048672663979232,0.1282745152711868,0.779838502407074,0.0813627690076828,-0.1086145490407943,0.7581070065498352,0.0942867845296859,1
145,0.0162658207118511,-0.6246311068534851,-0.2391864955425262,0.1561693847179412,-0.5025726556777954,-0.0884052813053131,0.2365692704916,-0.6975015997886658,-0.1459252685308456,-0.1314259320497512,-0.5050204992294312,-0.075286716222763,-0.2550669014453888,-0.6762427687644958,-0.1639159917831421,0.2975302040576935,-0.9203353524208068,-0.2071920335292816,-0.2748577892780304,-0.904191553592682,-0.2769878804683685,0.1080788895487785,0.0026953043416142,-0.001956773456186,-0.1081712543964386,-0.0032021116930991,0.0030562810134142,0.1010020747780799,0.4217693209648132,-0.0124287595972418,-0.1343619525432586,0.3944118320941925,0.0055456454865634,0.1294705867767334,0.7798577547073364,0.077934980392456,-0.1124796941876411,0.7602956891059875,0.0943629518151283,1
146,0.0158666782081127,-0.6251074075698853,-0.239999234676361,0.1554962545633316,-0.5031887888908386,-0.0892675668001174,0.2365939915180206,-0.7002332210540771,-0.1463259607553482,-0.1319474577903747,-0.5047826170921326,-0.0764015763998031,-0.2591482698917389,-0.6761407852172852,-0.1665260046720504,0.297037810087204,-0.9225308895111084,-0.2056642919778823,-0.2797182202339172,-0.9038275480270386,-0.2770553529262543,0.1080876588821411,0.0026227163616567,-0.0016922277864068,-0.1081812530755996,-0.0031300438567996,0.0027962904423475,0.1015401929616928,0.4217036962509155,-0.0120989317074418,-0.1344670802354812,0.3944209218025207,0.0047004274092614,0.1303470134735107,0.7797380685806274,0.077168308198452,-0.1133546903729438,0.7605965733528137,0.0910950526595115,1
147,0.0142524456605315,-0.625839114189148,-0.2353082746267318,0.1552323997020721,-0.5040798783302307,-0.0876099914312362,0.2365477830171585,-0.7010995149612427,-0.1465868651866912,-0.1329693049192428,-0.5060142278671265,-0.0716350674629211,-0.2604215145111084,-0.6790613532066345,-0.153405487537384,0.2951947450637817,-0.9241056442260742,-0.2065217196941375,-0.2826896905899048,-0.9057241082191468,-0.2557353377342224,0.1080944463610649,0.0025927599053829,-0.0025833698455244,-0.108188509941101,-0.003100951667875,0.0036711785942316,0.1015611067414283,0.4209917187690735,-0.0127125428989529,-0.1357156932353973,0.3944352865219116,0.0055813719518482,0.1310131251811981,0.7796998023986816,0.0768588110804557,-0.1150713860988617,0.7603045701980591,0.0925025716423988,1
148,0.0135682905092835,-0.624851644039154,-0.2390166968107223,0.1552375853061676,-0.5040213465690613,-0.0916650220751762,0.2368307560682296,-0.701267421245575,-0.1507059931755066,-0.1331328004598617,-0.5058439373970032,-0.0742474198341369,-0.261761873960495,-0.6789698600769043,-0.1559848040342331,0.2944081127643585,-0.9248476028442384,-0.2087568342685699,-0.2850843667984009,-0.9054151177406312,-0.2593641877174377,0.1080972403287887,0.0025710898917168,-0.0028069477993994,-0.1081925332546234,-0.0030793671030551,0.003900529583916,0.0998143851757049,0.4209609031677246,-0.0128034437075257,-0.1359616219997406,0.3946205377578735,0.0063686370849609,0.1301353871822357,0.7793444991111755,0.0772202238440513,-0.1152840703725814,0.7601075172424316,0.0947157070040702,1
149,0.0133041469380259,-0.6246404051780701,-0.246761679649353,0.1551163792610168,-0.5010809898376465,-0.1021741554141044,0.236791729927063,-0.6927687525749207,-0.1712225526571273,-0.1328269839286804,-0.5041879415512085,-0.0790040120482444,-0.2620737552642822,-0.6785995364189148,-0.1600744128227234,0.294433057308197,-0.907162606716156,-0.238577589392662,-0.2855041623115539,-0.902982234954834,-0.2623170614242553,0.1080754399299621,0.0025496340822428,-0.0030458702240139,-0.1081704199314117,-0.0030583129264414,0.0041440590284764,0.0997836366295814,0.4208928048610687,-0.0155005427077412,-0.1361561119556427,0.3947584331035614,0.0063440389931201,0.1301230937242508,0.7790755033493042,0.0735631138086319,-0.1147670820355415,0.7603519558906555,0.0940947085618972,0
150,0.0132921952754259,-0.6296476125717163,-0.2190567553043365,0.1549619734287262,-0.506999671459198,-0.0715149194002151,0.2368336915969848,-0.7038522958755493,-0.124603547155857,-0.133445605635643,-0.5064094662666321,-0.0571736507117748,-0.2642866671085357,-0.6822313070297241,-0.1230801939964294,0.2953674793243408,-0.9252212047576904,-0.1799269467592239,-0.2856216132640838,-0.9067376255989076,-0.2066922485828399,0.1080824360251426,0.0025292998179793,-0.0026105095166713,-0.1081757992506027,-0.003038392169401,0.0037203636020421,0.09910649061203,0.4208493828773498,-0.0097135677933692,-0.1349145174026489,0.3946351408958435,0.0061104102060198,0.1301612704992294,0.7790290713310242,0.0798380821943283,-0.1137407422065734,0.7603204846382141,0.0937693268060684,0
151,0.0132186757400631,-0.6260089874267578,-0.2599917948246002,0.1534661054611206,-0.5019552707672119,-0.1053685098886489,0.2363418042659759,-0.7024708390235901,-0.1622523963451385,-0.134073793888092,-0.5032188296318054,-0.0978122949600219,-0.2642788887023926,-0.6761425733566284,-0.193119391798973,0.2946926653385162,-0.9253051280975342,-0.2184690684080124,-0.2857601344585418,-0.9034437537193298,-0.306019514799118,0.1080763861536979,0.0024418798275291,-0.0023655067197978,-0.1081713810563087,-0.002953867195174,0.0034720841795206,0.0988386422395706,0.4209999442100525,-0.0092262728139758,-0.1362994611263275,0.3947210907936096,0.006084160413593,0.1286554187536239,0.7791364789009094,0.0816447436809539,-0.1146411150693893,0.7601659297943115,0.095314159989357,0
152,0.0125970477238297,-0.6254810094833374,-0.2543440461158752,0.1533066183328628,-0.5023442506790161,-0.1028014346957206,0.234625294804573,-0.7005691528320312,-0.1618970781564712,-0.1341456770896911,-0.5032009482383728,-0.0896054431796073,-0.2644740343093872,-0.6759865880012512,-0.1799649149179458,0.2903198897838592,-0.9207870960235596,-0.2185286730527877,-0.2871387600898742,-0.9037685394287108,-0.288628339767456,0.1080556437373161,0.0024056581314653,-0.0028671191539615,-0.1081516817212104,-0.0029166208114475,0.0039795162156224,0.0978979021310806,0.4209932684898376,-0.0117368195205926,-0.1377726942300796,0.3952411413192749,0.0063412385061383,0.1278437376022339,0.7791584730148315,0.0782631039619445,-0.1183337196707725,0.7605245113372803,0.0950559601187706,0
153,0.0108276065438985,-0.6251446008682251,-0.253294438123703,0.1517295092344284,-0.5011500716209412,-0.102236807346344,0.23385851085186,-0.693226158618927,-0.1684266775846481,-0.140149787068367,-0.501793622970581,-0.0875348597764968,-0.2787956893444061,-0.6741903424263,-0.1778534948825836,0.2910304665565491,-0.91191428899765,-0.2438116818666458,-0.3052819669246673,-0.9021345376968384,-0.2921521365642547,0.1081626564264297,0.0023445405531674,-0.0036540052387863,-0.108254387974739,-0.0028540510684251,0.0047230110503733,0.0929941311478614,0.4206163585186004,-0.0125048477202653,-0.1410993486642837,0.3951500356197357,0.0078825317323207,0.1170208007097244,0.7787977457046509,0.0781297087669372,-0.1194104924798011,0.7597087025642395,0.0981055870652198,0
154,0.010319210588932,-0.6293473243713379,-0.2129728496074676,0.1536495983600616,-0.5034239292144775,-0.0624924041330814,0.246486485004425,-0.6914790272712708,-0.1198934242129325,-0.1420768648386001,-0.504179060459137,-0.0438528545200824,-0.2837690114974975,-0.6754298210144043,-0.1016718596220016,0.3003864288330078,-0.9070756435394288,-0.185604527592659,-0.3129013478755951,-0.9082657694816588,-0.1873195171356201,0.1082988753914833,0.0023602668661624,-0.0038054503966122,-0.1083832308650016,-0.0028726062737405,0.0048842770047485,0.0928673669695854,0.4202978014945984,-0.0125654833391308,-0.1427319496870041,0.3908098042011261,0.0072059836238622,0.1148675978183746,0.7775352001190186,0.0784884169697761,-0.1201668232679367,0.7496380805969238,0.099287062883377,0
155,0.0100061977282166,-0.626896858215332,-0.230736494064331,0.1535658091306686,-0.5015448927879333,-0.074661448597908,0.2460298687219619,-0.6837140321731567,-0.1484115272760391,-0.1469448059797287,-0.5004873275756836,-0.0625694766640663,-0.2920476198196411,-0.6752508878707886,-0.1353534609079361,0.3000924587249756,-0.8938022255897522,-0.2307776510715484,-0.3222649991512298,-0.9090702533721924,-0.2358079403638839,0.1085971444845199,0.0021366996224969,-0.0038080583326518,-0.1086871027946472,-0.0026540935505181,0.0048840888775885,0.0913336724042892,0.4200002253055572,-0.0124948658049106,-0.1487297415733337,0.3887346982955932,0.006007008254528,0.1085594892501831,0.7728449106216431,0.0844412744045257,-0.124159388244152,0.7451308369636536,0.1020696312189102,0
156,0.0103452205657958,-0.6233946084976196,-0.2828782498836517,0.1537729650735855,-0.4955797791481018,-0.1120503395795822,0.2507081925868988,-0.6735625863075256,-0.1672951430082321,-0.1469200253486633,-0.4962692856788635,-0.1163731217384338,-0.2971119284629822,-0.6736109852790833,-0.1871993988752365,0.300047367811203,-0.8785504102706909,-0.2375542819499969,-0.3246285915374756,-0.9071441888809204,-0.2765080034732818,0.1086807623505592,0.002101186197251,-0.0018914000829681,-0.1087909415364265,-0.002627475420013,0.0029655830003321,0.0973292961716651,0.4193829298019409,-0.0059332163073122,-0.1520009934902191,0.3820848762989044,0.0033464815933257,0.1072564646601677,0.7630765438079834,0.098996952176094,-0.1333295106887817,0.7341875433921814,0.1052008643746376,0
157,0.0116590010002255,-0.624269962310791,-0.2750679850578308,0.155397891998291,-0.4933781325817108,-0.1081532388925552,0.2670415043830871,-0.6570616960525513,-0.1517869234085083,-0.1485978960990905,-0.4963808059692383,-0.108315497636795,-0.307865172624588,-0.6774686574935913,-0.1636489033699035,0.3027600944042206,-0.8508261442184448,-0.2195236682891845,-0.3277240395545959,-0.907289743423462,-0.2324569821357727,0.1089019626379013,0.0020639542490243,-0.0018707795534282,-0.1090353578329086,-0.0026023378595709,0.0029466378036886,0.0980459079146385,0.4192920923233032,-0.0060798656195402,-0.155491441488266,0.3806821703910827,0.0026961795520037,0.1046911999583244,0.7605991363525391,0.0980832576751709,-0.1342669576406479,0.7347517609596252,0.1045368462800979,0
158,0.0164019651710987,-0.6217796802520752,-0.2795149385929107,0.156084805727005,-0.4900159835815429,-0.1046461313962936,0.2791074514389038,-0.6484808921813965,-0.1339829266071319,-0.1495634764432907,-0.494890034198761,-0.1107916086912155,-0.3122431635856628,-0.6776822209358215,-0.1633496135473251,0.305362343788147,-0.8469000458717346,-0.1890134960412979,-0.3279731571674347,-0.9068195819854736,-0.2282260805368423,0.108992263674736,0.0019681912381201,0.0002377593045821,-0.1091442331671714,-0.0025301210116595,0.0007977553759701,0.1083087250590324,0.4192606806755066,-0.0082233836874365,-0.162625715136528,0.3768143653869629,-0.0107390517368912,0.0991297736763954,0.7608773112297058,0.0892142504453659,-0.1385212987661361,0.7346044182777405,0.0852267891168594,0
159,0.0193895827978849,-0.6472017168998718,-0.1379122585058212,0.1593158543109893,-0.4964449405670166,0.0406252481043338,0.314943790435791,-0.6336107850074768,0.0122432736679911,-0.1541999280452728,-0.495274156332016,0.040845401585102,-0.3417918682098388,-0.664922833442688,0.0122537901625037,0.3101745843887329,-0.8293120265007019,-0.0305933039635419,-0.3375186026096344,-0.8853219747543335,-0.044066734611988,0.1093485578894615,0.0018044721800833,0.0007816530414856,-0.1094555705785751,-0.0023734050337225,0.0002732709981501,0.1076856553554534,0.4187928438186645,-0.013638406060636,-0.1640179455280304,0.374265968799591,-0.0179938226938247,0.0879193618893623,0.7578633427619934,0.0801008865237236,-0.1483411937952041,0.7304120063781738,0.0747681409120559,0
160,0.0294277146458625,-0.6444122791290283,-0.1169148385524749,0.1646213680505752,-0.4944620132446289,0.0648101419210434,0.3425548672676086,-0.601265549659729,0.0373044498264789,-0.1553349941968917,-0.4901597499847412,0.0660979002714157,-0.3501207828521728,-0.6465870141983032,0.0484626777470111,0.3179502487182617,-0.7874847054481506,-0.0043885149061679,-0.3455383777618408,-0.8595245480537415,0.0001830844121286,0.1096468120813369,0.0015587153611704,0.0010523125529289,-0.1097148284316062,-0.0021415629889816,5.471575605042744e-06,0.1041657254099845,0.4183503687381744,-0.0222516115754842,-0.1578367352485656,0.3742478787899017,-0.0200104806572198,0.0805620029568672,0.7572633624076843,0.0606158785521984,-0.1548236906528473,0.7281402349472046,0.0635418072342872,0
161,0.0261674039065837,-0.6449630260467529,-0.1019949615001678,0.1640810072422027,-0.4967287480831146,0.0740503072738647,0.3361567854881286,-0.5910426378250122,0.0280238036066293,-0.1603799164295196,-0.4902310669422149,0.0836704969406127,-0.354518711566925,-0.6315224170684814,0.0675377324223518,0.3113611936569214,-0.7781316637992859,-0.0302518513053655,-0.3487602174282074,-0.8393425941467285,0.0251998696476221,0.1097016483545303,0.0015196261228993,0.0010322198504582,-0.1097597628831863,-0.0021051838994026,2.5564269890310243e-05,0.0998818427324295,0.4183500707149505,-0.0272626932710409,-0.1500297635793686,0.3744594752788543,-0.0193250272423028,0.0700543299317359,0.7564570903778076,0.0577553212642669,-0.1647874116897583,0.7260903716087341,0.0657431408762931,0
162,0.0308251548558473,-0.6454417109489441,-0.1273637115955352,0.1631907820701599,-0.4976814985275268,0.0547490417957305,0.3411634862422943,-0.5418407917022705,0.0055804969742894,-0.1611353009939193,-0.4922464787960052,0.0750531405210495,-0.3508182168006897,-0.5540140271186829,-0.0245047695934772,0.311698853969574,-0.701845109462738,-0.1029647439718246,-0.3297701179981231,-0.7209678888320923,-0.1296119838953018,0.1095043718814849,0.0017913318006321,0.0039660553447902,-0.1095596477389335,-0.0023604615125805,-0.0029490888118743,0.0872130617499351,0.4191877841949463,-0.0247627906501293,-0.1416895091533661,0.3810147643089294,-0.0187348444014787,0.0532579123973846,0.757149338722229,0.0680036321282386,-0.1631612777709961,0.7330507040023804,0.0670453980565071,0
163,0.0265488475561141,-0.6450172066688538,-0.1448889374732971,0.1600293666124344,-0.4891077578067779,0.045048039406538,0.3448397219181061,-0.4746983647346496,0.0016525130486115,-0.1616386324167251,-0.4784455597400665,0.0524988882243633,-0.3477891087532043,-0.4209041595458984,-0.0561263673007488,0.3188323378562927,-0.6175305843353271,-0.1420296728610992,-0.3216356635093689,-0.5621445775032043,-0.1945562362670898,0.1092371344566345,0.0019506677053868,0.0058682616800069,-0.1093000844120979,-0.0025066134985536,-0.0049486747011542,0.0590223371982574,0.4209916293621063,-0.0207291729748249,-0.1180248707532882,0.3849060833454132,-0.0169132780283689,0.0188648365437984,0.7572759389877319,0.106331780552864,-0.1320411711931228,0.7357027530670166,0.0976417809724807,0
164,0.0195982940495014,-0.6384928226470947,-0.16455078125,0.1575300395488739,-0.4770372807979584,0.042601328343153,0.3492664992809295,-0.4478864967823028,-0.0043099760077893,-0.1621165424585342,-0.4726793766021728,0.0261801127344369,-0.3437859416007995,-0.3785078227519989,-0.0601994134485721,0.3256635367870331,-0.5983889102935791,-0.1349987089633941,-0.3214521706104278,-0.4966949224472046,-0.2055278420448303,0.1069667264819145,0.0026874509640038,0.016558239236474,-0.1070822700858116,-0.003221915801987,-0.0157735273241996,0.0486167706549167,0.4212643504142761,-0.0093081444501876,-0.0808276906609535,0.3847909271717071,-0.0251621082425117,-0.0152290193364024,0.7576249837875366,0.1216430589556694,-0.1164884269237518,0.7320436835289001,0.0952334776520729,0
165,0.0295696798712015,-0.6274968385696411,-0.1750839650630951,0.1571877002716064,-0.4710297584533691,0.0496993400156497,0.346643716096878,-0.3873851299285888,-0.0259202551096677,-0.1612980216741562,-0.4720742404460907,-0.0193146094679832,-0.2772244215011596,-0.2941077947616577,-0.1322916746139526,0.3325616121292114,-0.5160243511199951,-0.2383806705474853,-0.3081775307655334,-0.3206902742385864,-0.3658778071403503,0.1058013960719108,0.0026649571955204,0.0221908930689096,-0.1058955490589141,-0.0032106721773743,-0.0212755016982555,0.0402505509555339,0.4214538633823395,-0.0074178255163133,-0.0522852800786495,0.3867080211639404,-0.0358299501240253,-0.0216593835502862,0.7570902705192566,0.115497276186943,-0.0399747975170612,0.7461223006248474,0.069586157798767,0
166,0.0655354708433151,-0.621644914150238,-0.1242644265294075,0.1571439802646637,-0.4574937224388122,0.0926279202103614,0.3342541754245758,-0.3329654037952423,0.0203376971185207,-0.1598866283893585,-0.4670576453208923,0.009292165748775,-0.2562119960784912,-0.2521894574165344,-0.0419860891997814,0.3477326035499573,-0.4592144787311554,-0.1996266543865203,-0.3022785484790802,-0.1673860698938369,-0.2161981612443924,0.103526271879673,0.0002264888462377,0.0227536242455244,-0.1035842522978782,-0.0008515962981618,-0.0217016488313674,0.0255173500627279,0.4055733680725097,-0.0100384699180722,0.0350873954594135,0.396233856678009,-0.0460701622068882,-0.0674111098051071,0.7397252321243286,0.053773432970047,0.1377597451210022,0.7691453099250793,0.0047505511902272,0
167,0.0675690323114395,-0.6207129955291748,-0.1046494394540786,0.1528755873441696,-0.4571117758750915,0.095515064895153,0.3042753934860229,-0.3252024948596954,0.015113397501409,-0.1600563675165176,-0.4690473973751068,0.0202365517616271,-0.2542373836040497,-0.257502406835556,-0.0030378028750419,0.3413121104240417,-0.4287771582603454,-0.1942047327756881,-0.2976400256156921,-0.124940812587738,-0.1356991231441497,0.0996854752302169,-0.000240736932028,0.0270755682140588,-0.0996713489294052,-0.0004075917822774,-0.025833960622549,0.0186207853257656,0.4015611708164215,0.0232471488416194,0.0631583631038665,0.3931199312210083,-0.0957906618714332,-0.0789764076471328,0.7230174541473389,0.1063053980469703,0.1576835215091705,0.765224277973175,-0.0843325927853584,0
168,0.0570126362144947,-0.6210663318634033,-0.1028362289071083,0.1523678004741668,-0.4565118551254272,0.0957040563225746,0.2902494966983795,-0.3080879747867584,0.0248196609318256,-0.1605829149484634,-0.4748455882072449,0.0371770709753036,-0.2547083795070648,-0.2475830465555191,0.0820136964321136,0.345591276884079,-0.3998848497867584,-0.1862570494413375,-0.2806692719459533,-0.0777545422315597,0.0290607810020446,0.0984255000948906,-0.0002859633241314,0.029756074771285,-0.0984446331858635,-0.0003750827163457,-0.0283753462135791,-0.0164684392511844,0.4042131900787353,0.0447450764477252,0.0977756083011627,0.3822304904460907,-0.1321031749248504,-0.115189105272293,0.7225112318992615,0.1460212916135788,0.237792357802391,0.7490283846855164,-0.1461625695228576,0
169,0.0615371316671371,-0.617030143737793,-0.100230723619461,0.1448069363832473,-0.4559420049190521,0.0978703796863555,0.2766112089157104,-0.3045801818370819,0.0348405800759792,-0.1605964452028274,-0.4749811589717865,0.0340855047106742,-0.2520518898963928,-0.2287937402725219,0.0715231746435165,0.3511687219142914,-0.3771019279956817,-0.1823051869869232,-0.2790117263793945,-0.0276548527181148,0.0223851855844259,0.0928098186850547,-0.0004593845515046,0.0315150059759616,-0.0928945168852806,-0.0002138082491001,-0.0300523620098829,-0.0395282730460166,0.4094737470149994,0.0414738655090332,0.106977991759777,0.3823382556438446,-0.1174868568778038,-0.1445769965648651,0.723891019821167,0.1436799168586731,0.2485205829143524,0.7492005825042725,-0.1129105314612388,0
170,0.0770273134112358,-0.5954732298851013,-0.0997166782617569,0.1262412220239639,-0.4544217884540558,0.1027672514319419,0.2379927635192871,-0.2879117727279663,0.0777340307831764,-0.1686486303806305,-0.4642743170261383,-0.000643674575258,-0.2424285113811493,-0.1974995881319046,0.0523885041475296,0.3871374130249023,-0.3065774142742157,-0.1163486540317535,-0.2578292489051819,0.0328669138252735,-0.0011097537353634,0.0909151062369346,-0.0007228322792798,0.0397287383675575,-0.0910275429487228,7.857226592022926e-05,-0.0381067171692848,-0.0556271933019161,0.4091153740882873,0.0443392544984817,0.0953404903411865,0.3802276849746704,-0.1238188445568084,-0.1914678364992141,0.6938006281852722,0.1798484176397323,0.2231495082378387,0.7249009013175964,-0.0928195863962173,0
171,0.073741964995861,-0.5975229144096375,-0.1158911436796188,0.1211892440915107,-0.4537663459777832,0.1014483571052551,0.2226674407720565,-0.2732037603855133,0.1247493848204612,-0.1684367656707763,-0.4601892530918121,-0.0263228937983512,-0.2364962846040725,-0.1848312318325042,0.0393682420253753,0.4090879559516907,-0.2716446220874786,-0.022695243358612,-0.2548628747463226,0.0442562028765678,-0.0153999030590057,0.087650217115879,-0.0010080018546432,0.050114918500185,-0.0878900438547134,0.0003874952381011,-0.0483787059783935,-0.0535247027873992,0.414777398109436,0.0574207864701747,0.0935310497879982,0.3799273073673248,-0.1391904950141906,-0.1970739662647247,0.6927309036254883,0.1968738138675689,0.2250431776046753,0.7272847294807434,-0.1213400065898895,0
172,0.0722606629133224,-0.5953186750411987,-0.1146831661462783,0.1143948882818222,-0.4536142647266388,0.1056432425975799,0.2093009352684021,-0.2577871084213257,0.1410054862499237,-0.1698175817728042,-0.4575445652008056,-0.0211333148181438,-0.234215959906578,-0.1759749948978424,0.033940140157938,0.3996763229370117,-0.2243810594081878,-0.0095811123028397,-0.2527339458465576,0.0554221756756305,-0.0232512708753347,0.0874457657337188,-0.001755533972755,0.0485753342509269,-0.0877071842551231,0.0011422960087656,-0.0469165258109569,-0.0578119270503521,0.4107040762901306,0.0384406000375747,0.088836170732975,0.3836212754249573,-0.1321211159229278,-0.2071199119091034,0.6740425229072571,0.1905504465103149,0.2226877212524414,0.7368833422660828,-0.0889060348272323,0
173,0.0714477896690368,-0.5963342785835266,-0.1100613102316856,0.1074940487742424,-0.4571013152599334,0.1132206842303276,0.2013445645570755,-0.267112523317337,0.1490080207586288,-0.1713109314441681,-0.4613427221775055,-0.0246038176119327,-0.2344510406255722,-0.1877352893352508,0.0043083243072032,0.396510362625122,-0.2188608795404434,-0.0123652489855885,-0.2494841516017913,0.0350070148706436,-0.0715059265494346,0.0873162299394607,-0.0024509897921234,0.0508681684732437,-0.0875633060932159,0.0017999925184994,-0.0491562709212303,0.010351276025176,0.4083235263824463,0.0105943698436021,0.0585274249315261,0.3864135444164276,-0.1154373288154602,-0.1794461756944656,0.6571826338768005,0.1448037326335907,0.1717985421419143,0.7466572523117065,-0.0400715805590152,0
174,0.0715807527303695,-0.5949482321739197,-0.1661450564861297,0.1082080230116844,-0.4571192562580108,0.0762497931718826,0.1772297471761703,-0.2517620027065277,0.1353034079074859,-0.178666815161705,-0.469929039478302,-0.0741363167762756,-0.2355025708675384,-0.2094146013259887,-0.0695589780807495,0.3905791044235229,-0.1827488541603088,-0.0228901207447052,-0.2521820068359375,0.0326635725796222,-0.1684898883104324,0.0921343937516212,-0.0037623911630362,0.0525978691875934,-0.092418149113655,0.0029655541293323,-0.05086624994874,0.1282299309968948,0.4068028926849365,0.0039858790114521,0.0092561552301049,0.3920311331748962,-0.0918504074215889,0.0415401980280876,0.6785964965820312,0.165407583117485,0.0766541436314582,0.7500725388526917,-0.0100507549941539,0
175,0.1054033786058425,-0.5927647352218628,-0.1030128672719001,0.1360889673233032,-0.4535172581672668,0.1047844365239143,0.1875671595335006,-0.2246656268835067,0.1270950436592102,-0.1609998643398285,-0.4826242327690124,0.0008411951130256,-0.230929896235466,-0.2394796460866928,-0.0606031976640224,0.3887536227703094,-0.1580067276954651,-0.0306307189166545,-0.2458643764257431,-0.0483695864677429,-0.1731644421815872,0.1010295450687408,-0.007031001150608,0.0383366644382476,-0.101326122879982,0.0062429415993392,-0.0368610247969627,0.1699349731206894,0.375858336687088,-0.0669609010219574,0.004699092824012,0.3939251601696014,-0.0602608583867549,0.2122383564710617,0.7071978449821472,0.0030316605698317,0.0749594122171402,0.7499054074287415,0.048119731247425,0
176,0.1093935891985893,-0.5884191989898682,-0.0964257568120956,0.1413166671991348,-0.4477114081382751,0.1017475351691246,0.1904221624135971,-0.2266970723867416,0.1192685812711715,-0.1574000865221023,-0.4850497245788574,0.0038389968685805,-0.2316184043884277,-0.2538433969020843,-0.0473015867173671,0.3913419842720032,-0.1634962111711502,-0.0379269309341907,-0.2404496967792511,-0.0742921605706214,-0.1899110674858093,0.1048433408141136,-0.0076774829067289,0.0274195279926061,-0.1051655262708664,0.0068523879162967,-0.0259497873485088,0.1684991866350174,0.3801213204860687,-0.0448896288871765,-0.00755350664258,0.3942250609397888,-0.0517389327287673,0.2690339386463165,0.7318671941757202,0.026369197294116,0.0623991787433624,0.7539168000221252,0.0394460335373878,0
177,0.1110165789723396,-0.5695973634719849,-0.0794649943709373,0.1564282327890396,-0.4237422049045563,0.114682450890541,0.222720131278038,-0.2034180462360382,0.1195814684033393,-0.1449929177761078,-0.4842797219753265,0.040163479745388,-0.2272810488939285,-0.2531914412975311,-0.0116866985335946,0.4098814725875854,-0.1365849524736404,-0.0364296212792396,-0.2272816896438598,-0.0759267583489418,-0.1705978065729141,0.1081086322665214,-0.0076019139960408,0.0224761627614498,-0.1083267629146575,0.0067742764949798,-0.0209001079201698,0.193227544426918,0.3731108605861664,-0.0696497336030006,-0.0041651935316622,0.3943433165550232,-0.0544744431972503,0.3003082573413849,0.7266718149185181,-0.0505752600729465,0.0605732947587966,0.7548049688339233,0.026332126930356,0
178,0.121022991836071,-0.5654675364494324,-0.0797066688537597,0.1539641469717025,-0.4215187132358551,0.1133457720279693,0.2224439233541488,-0.2067791819572448,0.1185249164700508,-0.1440579444169998,-0.483758807182312,0.0317516773939132,-0.2218580543994903,-0.2526344656944275,-0.0306361224502325,0.408762663602829,-0.1400178968906402,-0.0284066572785377,-0.2201380580663681,-0.0808005183935165,-0.1895546615123748,0.1083911508321762,-0.0073638590984046,0.0217671636492013,-0.1086320728063583,0.006525486242026,-0.0201721265912055,0.1838361620903015,0.3745305836200714,-0.0600528717041015,-0.0104875760152935,0.3958476185798645,-0.0547774843871593,0.2921088933944702,0.7309787273406982,-0.0325315073132514,0.0509693473577499,0.754587709903717,0.0263788532465696,0
179,0.1357717514038086,-0.562476396560669,-0.0804357305169105,0.1495352685451507,-0.4225184321403503,0.10416791588068,0.2181556969881057,-0.2101270109415054,0.1178637593984603,-0.1450551748275756,-0.4839166402816772,-0.0005136862746439,-0.2224977165460586,-0.2596690654754638,-0.063918225467205,0.4073443114757538,-0.1459750086069107,-0.0221678521484136,-0.2208174020051956,-0.0950180292129516,-0.2226274758577346,0.108144111931324,-0.007405174896121,0.0223290789872407,-0.1084586307406425,0.0065630134195089,-0.0207575857639312,0.1703757345676422,0.3863774538040161,-0.0540365651249885,-0.02605433575809,0.3957778811454773,-0.0501501858234405,0.2592587172985077,0.7436279058456421,-0.014283837750554,0.031420636922121,0.7546387314796448,0.0417197979986667,0
180,0.1311688274145126,-0.5598570704460144,-0.1070351153612136,0.1593038141727447,-0.4187411963939667,0.1001938730478286,0.2296596467494964,-0.2061706334352493,0.1167746558785438,-0.1359051913022995,-0.4837388694286346,-0.0082319630309939,-0.2222485095262527,-0.2620949745178222,-0.0633090734481811,0.4106476008892059,-0.1234299838542938,-0.0244441404938697,-0.2221924215555191,-0.0927299931645393,-0.2240053117275238,0.1082392856478691,-0.0054667950607836,0.023958072066307,-0.1085493937134742,0.0046206396073102,-0.0222829300910234,0.1653987467288971,0.399561196565628,-0.0513177923858165,-0.0386742353439331,0.3932790160179138,-0.0581992529332637,0.2393055260181427,0.7553466558456421,-0.004802017007023,0.0001511263108113,0.7530831694602966,0.0300192851573228,0
181,0.1289028525352478,-0.557020902633667,-0.1065832525491714,0.1503309309482574,-0.4199685752391815,0.0947530716657638,0.2269350290298462,-0.2085883617401123,0.1160246133804321,-0.1410610526800155,-0.4816437065601349,-0.0176322013139724,-0.2281408905982971,-0.2611339688301086,-0.0605727843940258,0.3877371549606323,-0.1006130278110504,-0.0059106550179421,-0.253141701221466,-0.0909573882818222,-0.2210661470890045,0.1077895909547805,-0.0034260228276252,0.024243114516139,-0.1081225425004959,0.0025941163767129,-0.022577928379178,0.1442798525094986,0.4133386015892029,-0.0376244783401489,-0.0608041174709796,0.3941505849361419,-0.0625652223825454,0.2314958572387695,0.771743893623352,0.0144956894218921,-0.032793004065752,0.7590115666389465,0.0170518979430198,0
182,0.1468334943056106,-0.5585609078407288,-0.1095587760210037,0.1617426872253418,-0.4214451313018799,0.0857714787125587,0.2292549014091491,-0.2097272723913192,0.1021043434739112,-0.1320678889751434,-0.4866446256637573,-0.0222652498632669,-0.2195404767990112,-0.2656420171260834,-0.065229408442974,0.3885000348091125,-0.1063612625002861,-0.0184074193239212,-0.2461856007575988,-0.0896801054477691,-0.220656469464302,0.1076660528779029,-0.0031764018349349,0.0236743874847888,-0.1079994514584541,0.0023345861118286,-0.022049767896533,0.1446331888437271,0.4120810627937317,-0.0375066846609115,-0.0575439892709255,0.3948328197002411,-0.0561470612883567,0.2321270108222961,0.7668389678001404,0.0152853149920701,-0.0206937137991189,0.7606528997421265,0.0336324535310268,0
183,0.1324233263731002,-0.5570501089096069,-0.1093491092324256,0.1561008542776107,-0.4219543933868408,0.0822344049811363,0.2109312266111374,-0.2095920294523239,0.0754305496811866,-0.1412368714809417,-0.4819402992725372,-0.0191650129854679,-0.2289190143346786,-0.2549991309642792,-0.0377284362912178,0.339703768491745,-0.103543147444725,-0.0724691599607467,-0.2563992142677307,-0.057764034718275,-0.1547910273075103,0.1078218892216682,-0.0014220920857042,0.0231126509606838,-0.1081526204943656,0.0005894681089557,-0.0214604269713163,0.1318427324295044,0.4168841242790222,-0.0367372222244739,-0.0698565542697906,0.3933886289596557,-0.0562458932399749,0.2169433683156967,0.7777549028396606,0.0155741199851036,-0.0546449348330497,0.7592101693153381,0.033045407384634,0
184,0.1392495781183242,-0.557633638381958,-0.1107380092144012,0.1559477895498275,-0.4283825159072876,0.0677511021494865,0.2100709676742553,-0.2117276787757873,0.0524315424263477,-0.1420265883207321,-0.4847411215305328,-0.0243466291576623,-0.2314589917659759,-0.2553147077560425,-0.0387936569750309,0.324977159500122,-0.1015879586338996,-0.0947334915399551,-0.2549438178539276,-0.0463410839438438,-0.1471185833215713,0.1078712344169616,-0.0013734507374465,0.0213941186666488,-0.108233094215393,0.0005450891330838,-0.0197880249470472,0.1293807178735733,0.4118682742118835,-0.0377385206520557,-0.0684577524662017,0.3930826187133789,-0.0533133186399936,0.2075050175189972,0.7747382521629333,0.0157776959240436,-0.0526960380375385,0.7578503489494324,0.0356954298913478,0
185,0.1533953249454498,-0.5507299304008484,-0.1249397620558738,0.1577879190444946,-0.4294334948062897,0.0537759587168693,0.210405021905899,-0.2133839428424835,0.0376581773161888,-0.1377288699150085,-0.4832533001899719,-0.0523498468101024,-0.2246576100587844,-0.2458734363317489,-0.0529296323657035,0.3305754661560058,-0.1017967835068702,-0.1126475557684898,-0.254529595375061,-0.0214522667229175,-0.1464397758245468,0.1077092140913009,-0.0006248390418477,0.0217192154377698,-0.1081031337380409,-0.0001754295226419,-0.0201417952775955,0.1151001155376434,0.4120761454105377,-0.033057015389204,-0.069471076130867,0.392312079668045,-0.0592197179794311,0.1790099740028381,0.7756752371788025,0.0282105300575494,-0.0639736205339431,0.7567340135574341,0.0245385766029357,0
186,0.1596303582191467,-0.5513941645622253,-0.1099691241979599,0.1561169028282165,-0.4346411824226379,0.0604818314313888,0.2054307907819748,-0.2213272601366043,0.045665618032217,-0.1362228095531463,-0.4832172691822052,-0.0474630035459995,-0.2233682721853256,-0.2447332739830017,-0.0527556538581848,0.3159554302692413,-0.1026322990655899,-0.1029329076409339,-0.2525990307331085,-0.0194276757538318,-0.1373483836650848,0.1068600416183471,-0.0004595788195729,0.0238758232444524,-0.1073084771633148,-0.0003415667160879,-0.0223734620958566,0.1170522645115852,0.4085370004177093,-0.0264935139566659,-0.0688948631286621,0.3892271518707275,-0.060900542885065,0.1748356521129608,0.7742424011230469,0.0342144295573234,-0.0717335492372512,0.7523394823074341,0.0252224560827016,0
187,0.1573848873376846,-0.546317458152771,-0.0968721285462379,0.1541464775800705,-0.4364541172981262,0.0627943724393844,0.1966661661863327,-0.2242983430624008,0.0358646400272846,-0.1392918080091476,-0.4822611212730407,-0.0348609499633312,-0.2238069027662277,-0.2398875057697296,-0.0265159048140048,0.2876369059085846,-0.1194483935832977,-0.1430298238992691,-0.2530296742916107,-0.0153466612100601,-0.097062699496746,0.1068407297134399,-0.0001008435428957,0.0237616896629333,-0.107291892170906,-0.0006857817061245,-0.0222787372767925,0.1107827723026275,0.407628983259201,-0.0264350157231092,-0.0742803812026977,0.3860281109809875,-0.0557112917304039,0.1610126048326492,0.7729834914207458,0.0312845818698406,-0.0839174762368202,0.7439813017845154,0.0380577184259891,0
188,0.1677639633417129,-0.5427854657173157,-0.097348928451538,0.1528622657060623,-0.4412490725517273,0.0640416145324707,0.1928780525922775,-0.2267384827136993,0.0378711894154548,-0.1365339010953903,-0.4811547994613647,-0.0494331941008567,-0.2186354696750641,-0.2363929748535156,-0.0484659262001514,0.288532555103302,-0.1194275468587875,-0.1316826939582824,-0.2528167068958282,-0.0134618282318115,-0.1021852418780326,0.1060560047626495,0.0002765511162579,0.0258872509002685,-0.1065743863582611,-0.0010551633313298,-0.0244131721556186,0.1064069718122482,0.4079018533229828,-0.0276910122483968,-0.0828582197427749,0.3838333487510681,-0.0524151511490345,0.1566842347383499,0.7722007036209106,0.0214699991047382,-0.0967199206352233,0.7392323017120361,0.0549187511205673,0
189,0.1647795289754867,-0.5433283448219299,-0.095940425992012,0.150335356593132,-0.4410924017429352,0.0665685459971427,0.1932855993509292,-0.2267789840698242,0.0404097624123096,-0.1372449994087219,-0.480685293674469,-0.0485748425126075,-0.218373492360115,-0.2355545312166214,-0.0484784469008445,0.2899347841739654,-0.1184956431388855,-0.1272425502538681,-0.2526645958423614,-0.0145074147731065,-0.1086936891078949,0.1059722527861595,0.0006431183428503,0.025999940931797,-0.1065008342266082,-0.0014142164727672,-0.0245368890464305,0.1042720228433609,0.4084315001964569,-0.0229135267436504,-0.0859273076057434,0.3826869428157806,-0.0600446499884128,0.1500679701566696,0.7718915343284607,0.0375243313610553,-0.1059382408857345,0.7396115660667419,0.0322994887828826,0
190,0.1802075654268264,-0.5413942337036133,-0.0849197506904602,0.1471771448850631,-0.4443284869194031,0.0762227550148963,0.1885721087455749,-0.2304962873458862,0.0583678595721721,-0.1311070472002029,-0.4804983735084533,-0.0600681230425834,-0.2090095430612564,-0.2343701869249344,-0.0700801610946655,0.2830838859081268,-0.1208299025893211,-0.093710072338581,-0.247634470462799,-0.0134680047631263,-0.1363357454538345,0.1036017686128616,0.0009938210714608,0.0302486568689346,-0.1042336449027061,-0.0017618522979319,-0.0288510639220476,0.1008757054805755,0.4081619679927826,-0.0166668538004159,-0.0876296311616897,0.3802899420261383,-0.0622265227138996,0.1373768299818039,0.7709974646568298,0.0460658147931098,-0.1138409003615379,0.7362890839576721,0.0313517488539218,0
191,0.1770175397396087,-0.5398606657981873,-0.0741016790270805,0.1412404775619506,-0.443920761346817,0.0879318714141845,0.1853322237730026,-0.2297500222921371,0.0646237060427665,-0.1313499361276626,-0.4793982207775116,-0.052256166934967,-0.2095932513475418,-0.2335513085126876,-0.0670254305005073,0.2783858478069305,-0.1165906712412834,-0.0896703973412513,-0.2514273226261139,-0.0123536260798573,-0.1339599937200546,0.1032003536820411,0.0017562388675287,0.030605936422944,-0.1038246601819992,-0.0025062563363462,-0.0291989911347627,0.0934748575091362,0.4128194153308868,-0.0122474785894155,-0.0953211784362793,0.379959374666214,-0.0724453777074813,0.1240742653608322,0.7770631313323975,0.0501305609941482,-0.1309742480516433,0.736541211605072,0.0080493595451116,0
192,0.1676277369260788,-0.5394567251205444,-0.0668289735913276,0.1390294432640075,-0.4412127137184143,0.0968337133526802,0.1709877252578735,-0.2179302871227264,0.0712312832474708,-0.1319299042224884,-0.475376695394516,-0.0386468321084976,-0.2099605351686477,-0.2260305285453796,-0.0478900372982025,0.2665177583694458,-0.1017087996006012,-0.0800168514251709,-0.2490411102771759,0.0001326202327618,-0.1086845248937606,0.1032399907708168,0.0023911946918815,0.0312814638018608,-0.1038566455245018,-0.0031118367332965,-0.0298073273152112,0.0922343581914901,0.4136230647563934,-0.0126809645444154,-0.0988998338580131,0.3799676597118377,-0.0726226940751075,0.1244616732001304,0.77686607837677,0.0471052601933479,-0.1399567425251007,0.7366312742233276,0.0099124182015657,0
193,0.1421754509210586,-0.5415957570075989,-0.0680044665932655,0.1277132034301757,-0.4406787157058716,0.0963759794831276,0.159217432141304,-0.216394305229187,0.098366692662239,-0.1427240073680877,-0.4744337201118469,-0.037144761532545,-0.2197085320949554,-0.2247101366519928,-0.0359452255070209,0.2555992305278778,-0.0899482145905494,-0.0136377057060599,-0.2543222308158874,0.0013661555713042,-0.0931103304028511,0.1033070236444473,0.0031623581890016,0.0315564908087253,-0.1039112955331802,-0.0038678932469338,-0.0300226788967847,0.0877945721149444,0.4153411388397217,-0.0133249768987298,-0.1077330783009529,0.3799788951873779,-0.07229845225811,0.1173813417553901,0.776875376701355,0.0434795171022415,-0.146959975361824,0.7362536191940308,0.0105835413560271,0
194,0.1434249877929687,-0.5405948758125305,-0.0658579692244529,0.12725330889225,-0.4396542012691498,0.1011999249458313,0.1532937884330749,-0.2057262510061264,0.1175556853413581,-0.1412922888994217,-0.4737530648708343,-0.0356917902827262,-0.2121972143650055,-0.2240886986255645,-0.0365333743393421,0.2573728859424591,-0.0727591887116432,0.0230332743376493,-0.2425381988286972,0.0004280878929421,-0.0980049073696136,0.1032537892460823,0.0032189371995627,0.0329285003244876,-0.1038431897759437,-0.0039244825020432,-0.0313407517969608,0.0884959697723388,0.4141695201396942,-0.013510669581592,-0.106460690498352,0.3823986649513244,-0.0761812478303909,0.1195680052042007,0.774169385433197,0.0454716831445694,-0.1420916467905044,0.7393016219139099,0.0058148265816271,0
195,0.1458438336849212,-0.5412167906761169,-0.066812627017498,0.1291221380233764,-0.4347500801086426,0.0968298017978668,0.1552602648735046,-0.1887471228837967,0.1134527027606964,-0.1410881429910659,-0.470804750919342,-0.0363522917032241,-0.2119065374135971,-0.2185342609882354,-0.040140077471733,0.2593361735343933,-0.0493531562387943,0.0001053798332577,-0.2411220967769622,0.0036340502556413,-0.1079235300421714,0.1033673956990242,0.0034708147868514,0.0328983291983604,-0.1039460152387619,-0.0041578263044357,-0.0313092023134231,0.0888838917016983,0.4143851399421692,-0.0139472372829914,-0.1053996309638023,0.382330983877182,-0.0759047716856002,0.1228283196687698,0.7751239538192749,0.045134212821722,-0.1396583914756775,0.7396121025085449,0.0064740539528429,0
196,0.1451321542263031,-0.5467955470085144,-0.0676342919468879,0.1300840675830841,-0.4330725967884063,0.0969048961997032,0.1534046828746795,-0.1843031346797943,0.1089589074254036,-0.1409171819686889,-0.4740197956562042,-0.0302898660302162,-0.209365576505661,-0.2211346328258514,-0.0397136732935905,0.2583037316799164,-0.0415280163288116,-0.0072533483617007,-0.2281285375356674,0.0032675813417881,-0.1146466583013534,0.1034251302480697,0.0035646460019052,0.0327739864587783,-0.1039908677339553,-0.0042535597458481,-0.031185183674097,0.0887283682823181,0.4125341773033142,-0.0132034020498394,-0.1047532185912132,0.3823381662368774,-0.0791843608021736,0.1239620223641395,0.7704573273658752,0.0522276759147644,-0.1432754695415496,0.7406219244003296,-0.0048884614370763,0
