FrameNo,head_x,head_y,head_z,left_shoulder_x,left_shoulder_y,left_shoulder_z,left_elbow_x,left_elbow_y,left_elbow_z,right_shoulder_x,right_shoulder_y,right_shoulder_z,right_elbow_x,right_elbow_y,right_elbow_z,left_hand_x,left_hand_y,left_hand_z,right_hand_x,right_hand_y,right_hand_z,left_hip_x,left_hip_y,left_hip_z,right_hip_x,right_hip_y,right_hip_z,left_knee_x,left_knee_y,left_knee_z,right_knee_x,right_knee_y,right_knee_z,left_foot_x,left_foot_y,left_foot_z,right_foot_x,right_foot_y,right_foot_z,running_video
0,0.0274576749652624,-0.606408417224884,-0.3066185712814331,0.1571252197027206,-0.4504020810127258,-0.0928693190217018,0.1664620339870453,-0.2152412086725235,-0.0448510870337486,-0.1478508859872818,-0.4497799575328827,-0.1247865110635757,-0.1851759552955627,-0.1955919861793518,-0.067712515592575,0.1948989927768707,0.0085075236856937,-0.1281185895204544,-0.2088836282491684,0.0193349607288837,-0.1369833499193191,0.112274944782257,0.0031205960549414,0.0067415451630949,-0.1124234795570373,-0.0038230549544095,-0.0053933328017592,0.1006944999098777,0.4217660129070282,-0.026464419439435,-0.1233715042471885,0.4045882225036621,-0.0229819230735301,0.1273224204778671,0.7954095602035522,0.0543036237359046,-0.1034888103604316,0.7846850752830505,0.0703683793544769,0
1,0.0278454944491386,-0.6075029969215393,-0.3044463992118835,0.1565583050251007,-0.4458233118057251,-0.0859769955277443,0.1658795922994613,-0.2088828533887863,-0.03663806989789,-0.1481086611747741,-0.4487811923027038,-0.1251855790615081,-0.185819074511528,-0.195497989654541,-0.0708675235509872,0.1960887610912323,0.0123686138540506,-0.1207819506525993,-0.2080851197242736,0.0194106120616197,-0.1466845124959945,0.1122797131538391,0.0033199547324329,0.0087345652282238,-0.1124324202537536,-0.0040331520140171,-0.007297633215785,0.0985540375113487,0.4258029162883758,-0.0167182926088571,-0.1237032040953636,0.4042369723320007,-0.0227522533386945,0.1252526491880417,0.7968491911888123,0.0657010227441787,-0.1035715565085411,0.783658504486084,0.0711782202124595,0
2,0.0254337657243013,-0.6065109968185425,-0.3471630811691284,0.1566589176654815,-0.4406082928180694,-0.1133325695991516,0.166018009185791,-0.2054230719804763,-0.0468661449849605,-0.1489935517311096,-0.4440270066261291,-0.1586866080760955,-0.1859975457191467,-0.1925260573625564,-0.0969395339488983,0.2007057815790176,0.0162012074142694,-0.1213961318135261,-0.2078216224908828,0.0206852816045284,-0.1772305220365524,0.1126850023865699,0.0034670811146497,0.0094961244612932,-0.1129024028778076,-0.0042090965434908,-0.0079982997849583,0.0965750962495803,0.4320049285888672,-0.0145354904234409,-0.1254823207855224,0.4046943485736847,-0.0212005581706762,0.1198552325367927,0.7978798747062683,0.0821903496980667,-0.1035829186439514,0.7824365496635437,0.0805475264787674,0
3,0.0299226306378841,-0.6034613847732544,-0.340154230594635,0.1577873229980468,-0.4384406507015228,-0.1106662601232528,0.1665258854627609,-0.2013713419437408,-0.0455969385802745,-0.1478054672479629,-0.4416349232196808,-0.1538421511650085,-0.1860124170780182,-0.1903498172760009,-0.0941904038190841,0.2030939608812332,0.0190184600651264,-0.1225344985723495,-0.2051525264978408,0.0222912915050983,-0.1737632602453231,0.112704612314701,0.0036638625897467,0.0100521733984351,-0.1129281222820282,-0.0044163200072944,-0.0085190720856189,0.0959940552711486,0.4325094223022461,-0.0150348115712404,-0.1256233751773834,0.4045789837837219,-0.0211460702121257,0.1200208887457847,0.800790548324585,0.0789547562599182,-0.1021172106266021,0.7824562788009644,0.0768055170774459,0
4,0.032507337629795,-0.6044346690177917,-0.3374399542808532,0.1586451977491378,-0.438420295715332,-0.1063482761383056,0.1665300577878952,-0.2002633213996887,-0.0439795814454555,-0.1467072367668151,-0.4417170286178589,-0.1514123380184173,-0.1857552230358123,-0.1905027627944946,-0.0930013135075569,0.2030009627342224,0.0213966835290193,-0.1222316771745681,-0.2039315551519394,0.0224032960832119,-0.1711857765913009,0.112685777246952,0.0040457742288708,0.0108443610370159,-0.1129122078418731,-0.0048031220212578,-0.0093084154650568,0.0955350548028945,0.4327024817466736,-0.0133338393643498,-0.1234871745109558,0.4044281840324402,-0.0208002626895904,0.1187031641602516,0.802158772945404,0.0768634974956512,-0.1021858602762222,0.7824687361717224,0.0767919868230819,0
5,0.0361126139760017,-0.6044790744781494,-0.3366848528385162,0.1587088257074356,-0.4383480250835418,-0.1003251746296882,0.1662696897983551,-0.2004969120025634,-0.0378057956695556,-0.1456072479486465,-0.4415444731712341,-0.1499440521001815,-0.1864326447248459,-0.1907445639371872,-0.0934822708368301,0.203369528055191,0.0199452396482229,-0.1219455301761627,-0.204065665602684,0.0222903247922658,-0.1725167632102966,0.1126612499356269,0.0042031989432871,0.0118224741891026,-0.1128925308585167,-0.0049697589129209,-0.0102517241612076,0.0927485078573226,0.4339165985584259,-0.0132887214422225,-0.1241299957036972,0.4049083590507507,-0.021131757646799,0.115280345082283,0.8071860074996948,0.0753213390707969,-0.102260336279869,0.7854899168014526,0.0742457956075668,0
6,0.0364739000797271,-0.6045467257499695,-0.3340099453926086,0.1587788611650467,-0.4375545978546142,-0.1023648381233215,0.1662824302911758,-0.2001301050186157,-0.0426621697843074,-0.1455766856670379,-0.4411861002445221,-0.1503138542175293,-0.1880759447813034,-0.1910099238157272,-0.0949167981743812,0.2034356147050857,0.0212253890931606,-0.1246675923466682,-0.2037646621465683,0.0220529921352863,-0.1722699999809265,0.1126587986946106,0.004264339338988,0.0117826871573925,-0.1128941252827644,-0.0050335177220404,-0.0102122966200113,0.0927432850003242,0.4339503943920135,-0.0132175916805863,-0.1227663531899452,0.4051363468170166,-0.0204172376543283,0.1161823123693466,0.8070584535598755,0.0746839866042137,-0.1017055958509445,0.786830484867096,0.0734341144561767,0
7,0.0341053083539009,-0.6045395135879517,-0.3398393094539642,0.1590926647186279,-0.4368824660778045,-0.1117161139845848,0.1680556386709213,-0.1999787390232086,-0.0524946451187133,-0.145719975233078,-0.4407148063182831,-0.1530916094779968,-0.1879475116729736,-0.1902646273374557,-0.095638982951641,0.2047375589609146,0.0218610223382711,-0.1322061121463775,-0.2037536203861236,0.023334601894021,-0.172756478190422,0.1127808019518852,0.0043440894223749,0.0112228002399206,-0.1130272969603538,-0.0051172818057239,-0.0096562700346112,0.0930316448211669,0.4339889585971832,-0.0135502172634005,-0.122654341161251,0.4052814245223999,-0.0171683225780725,0.1164272353053093,0.8070597648620605,0.0743405222892761,-0.1016761288046836,0.7868310213088989,0.0757154673337936,0
8,0.0364656299352645,-0.6058883666992188,-0.3210611045360565,0.1592023074626922,-0.4373855888843536,-0.0920436531305313,0.1676656454801559,-0.2003550380468368,-0.0366934910416603,-0.1454958021640777,-0.4409884810447693,-0.1462762355804443,-0.1877302527427673,-0.1912962347269058,-0.093183659017086,0.2050492167472839,0.0204072818160057,-0.1233904734253883,-0.2034952491521835,0.0227359477430582,-0.1711058318614959,0.112754687666893,0.0044090133160352,0.0123492116108536,-0.1130023375153541,-0.0051828934811055,-0.0107629848644137,0.0929967537522316,0.4339068531990051,-0.0136348772794008,-0.1232829093933105,0.4048132598400116,-0.0192301534116268,0.1165399178862571,0.8070007562637329,0.0727767869830131,-0.1016993001103401,0.7860512733459473,0.0731751695275306,0
9,0.0374499037861824,-0.6105809211730957,-0.2967143058776855,0.1595095247030258,-0.4397874176502228,-0.0742601528763771,0.1677041053771972,-0.2013082802295684,-0.0226960517466068,-0.1448661834001541,-0.4451952576637268,-0.1277400404214859,-0.1870383024215698,-0.1961028128862381,-0.0786616057157516,0.2046942412853241,0.0201326739042997,-0.1071127131581306,-0.2033088952302932,0.0196043085306882,-0.1590631455183029,0.1126967966556549,0.0044820741750299,0.0123301707208156,-0.112940713763237,-0.0052552563138306,-0.0107486145570874,0.0930051282048225,0.4336445033550262,-0.0135720921680331,-0.1229907423257827,0.404942125082016,-0.0191909223794937,0.1168244481086731,0.8066628575325012,0.0722116455435752,-0.1002173200249672,0.7862895131111145,0.0731576234102249,0
10,0.0362103246152401,-0.6105283498764038,-0.3066849112510681,0.1594692915678024,-0.4398019015789032,-0.08055180311203,0.1694062799215316,-0.2030214220285415,-0.02364968881011,-0.1455574184656143,-0.4449334144592285,-0.12816122174263,-0.1962755173444748,-0.1964335739612579,-0.079243004322052,0.2138677537441253,0.013995885848999,-0.1085459887981414,-0.2182950675487518,0.014961926266551,-0.1593481749296188,0.1128093972802162,0.00449686544016,0.011952705681324,-0.1130601242184639,-0.0052719870582222,-0.0103739900514483,0.0930879637598991,0.4336997270584106,-0.0144616914913058,-0.1240902543067932,0.4049772620201111,-0.0188103429973125,0.1170280501246452,0.8066161274909973,0.0719119235873222,-0.1005018278956413,0.7857306003570557,0.0739002972841262,0
11,0.0329518727958202,-0.6009079813957214,-0.3292613625526428,0.1587928980588913,-0.4387299418449402,-0.0981602668762207,0.1739047914743423,-0.2041089981794357,-0.0324415452778339,-0.1482374966144561,-0.4414653480052948,-0.1377001851797104,-0.2164035141468048,-0.1964525431394577,-0.0813506096601486,0.2325751334428787,0.0091733410954475,-0.1132721379399299,-0.2464847564697265,0.0142748719081282,-0.159486323595047,0.1129636541008949,0.0044647213071584,0.0112062068656086,-0.1132269129157066,-0.0052374838851392,-0.0096279364079236,0.0935628339648246,0.4337725639343261,-0.0177796632051467,-0.1257839798927307,0.4060304462909698,-0.0181807503104209,0.1187191233038902,0.8092520833015442,0.0631122812628746,-0.1007736399769783,0.7873786687850952,0.0714995041489601,0
12,0.0325759425759315,-0.605364203453064,-0.2694063186645508,0.1617133170366287,-0.4410666823387146,-0.0533739328384399,0.1874337792396545,-0.2163937389850616,-0.0021489989012479,-0.1482207328081131,-0.4470621943473816,-0.088411621749401,-0.2297408878803253,-0.2183640748262405,-0.0335368812084198,0.2478547990322113,-0.0242542698979377,-0.0935368165373802,-0.2815248370170593,-0.0217948481440544,-0.1145160421729087,0.1131125688552856,0.0044899806380271,0.0110916951671242,-0.1133672073483467,-0.0052547971718013,-0.0095230070874094,0.0957881808280944,0.4325226843357086,-0.0209687892347574,-0.1247897073626518,0.4047927260398865,-0.0231912173330783,0.1219580993056297,0.8079949617385864,0.0568202994763851,-0.1006368622183799,0.7867878675460815,0.061340220272541,0
13,0.0325594246387481,-0.6305712461471558,-0.1232655569911003,0.1692827492952346,-0.4627053439617157,0.056443303823471,0.2134605497121811,-0.2489300817251205,0.0593523681163787,-0.1459395289421081,-0.4582379758358001,0.0403681956231594,-0.2363302260637283,-0.2357740998268127,0.0532446503639221,0.2757773399353027,-0.082233153283596,-0.0569804459810256,-0.3078817427158355,-0.0563255734741687,-0.0544451437890529,0.1131315529346466,0.0043507716618478,0.010464821010828,-0.113376148045063,-0.0050402479246258,-0.0089577296748757,0.0947581678628921,0.4280028641223907,-0.0294206999242305,-0.1188855022192001,0.4018457233905792,-0.0300636477768421,0.121806763112545,0.8036983609199524,0.0363308116793632,-0.0977567732334137,0.7846279144287109,0.0450797379016876,0
14,0.02945845015347,-0.630401074886322,-0.0508467741310596,0.1726410090923309,-0.4758846461772918,0.1105691939592361,0.2414858937263488,-0.3027534484863281,0.0454977750778198,-0.1458213478326797,-0.4648370146751404,0.111061118543148,-0.2755765616893768,-0.2898402512073517,0.0822295174002647,0.3236051499843597,-0.2072677612304687,-0.2057956010103225,-0.4288703203201294,-0.1614565253257751,-0.0660233572125434,0.1130346059799194,0.004314643330872,0.0092948740348219,-0.1131897643208503,-0.0049565290100872,-0.0079468935728073,0.0921820998191833,0.4250794947147369,-0.0392803475260734,-0.1186346337199211,0.3975847065448761,-0.0383087247610092,0.1158419549465179,0.7991750240325928,0.0076003172434866,-0.0993072837591171,0.7812926173210144,0.0198921523988246,0
15,0.0252521093934774,-0.6290590763092041,0.0071491966955363,0.1653046905994415,-0.474365770816803,0.1535903960466385,0.2409638315439224,-0.3676417768001556,0.0179248563945293,-0.1527693122625351,-0.4710452258586883,0.1394804865121841,-0.2819702625274658,-0.377648115158081,0.0634767264127731,0.353459894657135,-0.3537935018539428,-0.2371474057435989,-0.4287328422069549,-0.3524862229824066,-0.2022663056850433,0.1133491098880767,0.0037085816729813,0.0091232191771268,-0.1134826764464378,-0.0042137675918638,-0.0078907338902354,0.0924034491181373,0.4207568168640136,-0.0407610386610031,-0.1166411712765693,0.3941388130187988,-0.0435267463326454,0.1154710128903389,0.78724205493927,0.015475096181035,-0.0983689799904823,0.7685339450836182,0.0261867530643939,0
16,0.0274663064628839,-0.6268548965454102,-0.046356413513422,0.1750621944665908,-0.4765644967556,0.1049081534147262,0.3047611713409424,-0.4221857786178589,-0.1322474181652069,-0.1509492844343185,-0.478219211101532,0.0935496464371681,-0.2790707647800445,-0.4395346939563751,-0.055283099412918,0.4249202013015747,-0.4938991963863373,-0.41916424036026,-0.4071974754333496,-0.4828785955905914,-0.2927035689353943,0.11329285800457,0.0036429569590836,0.0072092493064701,-0.1133817061781883,-0.004109485540539,-0.0063467524014413,0.0942140817642211,0.4210606217384338,-0.0461289659142494,-0.1144739985466003,0.3946285247802734,-0.0388712771236896,0.113968625664711,0.7881043553352356,0.0200491715222597,-0.0917210578918457,0.7703282237052917,0.0286301877349615,0
17,0.0275194644927978,-0.6352169513702393,-0.0689485520124435,0.1746399402618408,-0.4865348041057586,0.0986089929938316,0.3195907175540924,-0.5092287659645081,0.063600555062294,-0.1468557864427566,-0.4902258813381195,0.0815194323658943,-0.314673513174057,-0.5136047601699829,-0.0094850836321711,0.4509820640087127,-0.6568742990493774,0.0049184868112206,-0.4384459555149078,-0.6194255948066711,-0.1748058944940567,0.1122073680162429,0.0035783238708972,0.0074370298534631,-0.1122750714421272,-0.0040350281633436,-0.0066095949150621,0.1117733269929885,0.4225309491157532,-0.0260573551058769,-0.1126254424452781,0.3947440087795257,-0.0385256297886371,0.1221941709518432,0.787077009677887,0.0390874072909355,-0.0919341817498207,0.7709914445877075,0.0304969269782304,0
18,0.0305763389915227,-0.6389331817626953,-0.0766617059707641,0.1742064803838729,-0.4964108169078827,0.0914128124713897,0.3406393527984619,-0.5756462216377258,0.0873401463031768,-0.1468242704868316,-0.493067055940628,0.064653679728508,-0.343477189540863,-0.5643548369407654,-0.0084812678396701,0.4700809121131897,-0.7440677881240845,0.0486952848732471,-0.4555986523628235,-0.7209889888763428,-0.1350706964731216,0.1119081005454063,0.0035616161767393,0.0103902900591492,-0.1119688600301742,-0.0040155118331313,-0.0095749171450734,0.1146852821111679,0.4243980348110199,-0.0075474162586033,-0.1136194542050361,0.3935747742652893,-0.036611333489418,0.1224898397922515,0.7816982269287109,0.067116729915142,-0.0920621007680893,0.7639343738555908,0.0422263145446777,0
19,0.0307371374219656,-0.6403151750564575,-0.086768627166748,0.1738986819982528,-0.4975050687789917,0.0881740376353263,0.3369942009449005,-0.59132981300354,0.0743452236056327,-0.1467942148447036,-0.4959310591220855,0.0544759109616279,-0.3369101881980896,-0.5939464569091797,-0.0073155225254595,0.4575135707855224,-0.7738168835639954,0.011504627764225,-0.4497703015804291,-0.7724158763885498,-0.1207635626196861,0.1118106171488761,0.0035203455481678,0.0114930244162678,-0.1118668988347053,-0.0039837146177887,-0.0106407115235924,0.1169214993715286,0.4244846105575561,-0.0086786309257149,-0.1135194227099418,0.3922398388385772,-0.0363404043018817,0.1239256411790847,0.7784136533737183,0.0653372481465339,-0.0886430591344833,0.7602957487106323,0.0424269028007984,0
20,0.0299959406256675,-0.6387068033218384,-0.215506762266159,0.168009877204895,-0.4959505200386047,-0.0145530151203274,0.3271797299385071,-0.6105107069015503,-0.0146456882357597,-0.1464834660291671,-0.4958627820014953,-0.0498404391109943,-0.3315638303756714,-0.6211123466491699,-0.0820182934403419,0.4437951147556305,-0.8129814267158508,-0.0704730227589607,-0.4417731165885925,-0.8163264989852905,-0.1760734617710113,0.1113626733422279,0.0030403886921703,0.0122562032192945,-0.1114382073283195,-0.0035781052429229,-0.0113380281254649,0.1167565807700157,0.424895316362381,-0.0026539745740592,-0.1141810864210128,0.3915229439735412,-0.0306708756834268,0.1237750425934791,0.7759445309638977,0.087166428565979,-0.0878438353538513,0.7589458227157593,0.0618109814822673,0
21,0.0297947358340024,-0.6202196478843689,-0.3026278018951416,0.1671085953712463,-0.4919531643390655,-0.1050829067826271,0.3246935904026031,-0.6337165236473083,-0.1216816529631614,-0.140922263264656,-0.4942480623722076,-0.1339145302772522,-0.3217087686061859,-0.6315078139305115,-0.1829702109098434,0.4371490776538849,-0.8468786478042603,-0.1908565163612365,-0.4153877794742584,-0.8366294503211975,-0.2839175760746002,0.1110223606228828,0.0026185556780546,0.0122922891750931,-0.1111479103565216,-0.0031926159281283,-0.0113725326955318,0.1163512095808982,0.4251755177974701,0.0006456126575358,-0.1142747402191162,0.3924488723278045,-0.0210286118090152,0.1261542290449142,0.776160478591919,0.0854337960481643,-0.0881052762269973,0.7622455954551697,0.0691416189074516,0
22,0.0235907025635242,-0.6100706458091736,-0.3428553640842438,0.155488520860672,-0.4899607896804809,-0.1601764559745788,0.2857517600059509,-0.6722615957260132,-0.1967238783836364,-0.1425441950559616,-0.4919907450675964,-0.1777933835983276,-0.3194637298583984,-0.6493123769760132,-0.2521498203277588,0.3767297267913818,-0.8951115608215332,-0.2678366303443908,-0.3894421458244324,-0.86700040102005,-0.3679330945014953,0.1104958951473236,0.0022048624232411,0.0112838596105575,-0.1106619760394096,-0.0027894489467144,-0.0103693036362528,0.1091420277953147,0.4247650504112243,0.0019060837803408,-0.1164454445242881,0.3933586180210113,-0.0093024913221597,0.1222888380289077,0.7764723300933838,0.0931800305843353,-0.096401609480381,0.7624562978744507,0.089936651289463,0
23,0.0222749356180429,-0.6046980619430542,-0.3589904010295868,0.1543453633785247,-0.4886324405670166,-0.1792174726724624,0.2764514982700348,-0.6838065385818481,-0.2191682010889053,-0.1425519436597824,-0.490331619977951,-0.1948252022266388,-0.3110633194446563,-0.6564047336578369,-0.2633101940155029,0.3589737713336944,-0.9063844680786132,-0.2852545976638794,-0.3788070380687713,-0.8758142590522766,-0.3675060868263244,0.1103177368640899,0.0020552615169435,0.0090794619172811,-0.1105189174413681,-0.0026383951772004,-0.0081352414563298,0.1089535281062126,0.4228487908840179,0.0015891764778643,-0.1221201047301292,0.3933898508548736,-0.002178996335715,0.1267800480127334,0.775238573551178,0.0928489118814468,-0.1067944392561912,0.7580513954162598,0.0992114916443824,0
24,0.0223486628383398,-0.6058863401412964,-0.3556303381919861,0.155397891998291,-0.4872017502784729,-0.1869368404150009,0.2728852331638336,-0.6869216561317444,-0.2406240254640579,-0.138854518532753,-0.4900699257850647,-0.1898582875728607,-0.295071542263031,-0.6587938070297241,-0.2708853781223297,0.3489730954170227,-0.9137821197509766,-0.3086771368980407,-0.3563791811466217,-0.8737867474555969,-0.384345680475235,0.1101748496294021,0.002121407771483,0.0033219412434846,-0.1103918552398681,-0.0026970154140144,-0.0023838148918002,0.1070296391844749,0.4208123981952667,-0.0002043004787992,-0.1242877021431922,0.3935776054859161,0.0118940230458974,0.1283597499132156,0.7726142406463623,0.0962511897087097,-0.1074040010571479,0.7548684477806091,0.1186029687523841,0
25,0.0207277107983827,-0.606794536113739,-0.340036541223526,0.1527563035488128,-0.4869810938835144,-0.1744425594806671,0.2546809315681457,-0.6826639771461487,-0.2332858443260193,-0.1397102028131485,-0.4933310449123382,-0.1755280792713165,-0.2909646332263946,-0.664289653301239,-0.2604231238365173,0.3381817638874054,-0.9090222716331482,-0.3030361235141754,-0.3445361256599426,-0.8780990242958069,-0.3744882941246032,0.1099785417318344,0.0022179984953254,0.0014206859050318,-0.1101752668619155,-0.0027865800075232,-0.0004103746905457,0.100743643939495,0.4200494587421417,-0.000586713082157,-0.1256272345781326,0.3934905230998993,0.0153825366869568,0.1261324733495712,0.7699514031410217,0.0991161912679672,-0.1082380264997482,0.7509133219718933,0.1235715746879577,0
26,0.0240618921816349,-0.614464521408081,-0.2973512411117553,0.1550062000751495,-0.4916314482688904,-0.1526561230421066,0.2460511922836303,-0.6876152753829956,-0.2129829823970794,-0.1357152014970779,-0.500201404094696,-0.1382916122674942,-0.2670080065727234,-0.674127459526062,-0.2477081418037414,0.3139003813266754,-0.9159837365150452,-0.2902235388755798,-0.2961796224117279,-0.8996560573577881,-0.349486380815506,0.1098364368081092,0.0022050207480788,-0.0001302764721913,-0.1100249141454696,-0.0027699454221874,0.0011369660496711,0.1022500842809677,0.4175170361995697,-0.0034369314089417,-0.1268361955881118,0.3927966058254242,0.0136740813031792,0.1262414753437042,0.7695922255516052,0.0982395783066749,-0.1081412732601165,0.7484785318374634,0.1191661730408668,0
27,0.0248784758150577,-0.6194496750831604,-0.275638610124588,0.1562735140323639,-0.4960086941719055,-0.1334621310234069,0.2425802648067474,-0.6953347325325012,-0.2049553394317627,-0.1304498314857483,-0.5030800104141235,-0.1175065785646438,-0.2523360848426819,-0.6763624548912048,-0.2376943677663803,0.3086658120155334,-0.92128187417984,-0.2629660069942474,-0.2798333764076233,-0.898979663848877,-0.3457729518413543,0.1095562577247619,0.0022464029025286,-0.0005460098618641,-0.1097199842333793,-0.002804358722642,0.0015646307729184,0.1012975797057151,0.4171551167964935,-0.0049308505840599,-0.1266420781612396,0.3928916156291961,0.0125436345115304,0.1289137005805969,0.770800769329071,0.0932053476572036,-0.1066181138157844,0.7495297193527222,0.1173585280776023,0
28,0.0214211829006671,-0.6265690922737122,-0.2608410716056824,0.154207706451416,-0.4993548393249511,-0.116371676325798,0.2360481768846511,-0.6982893943786621,-0.1892694383859634,-0.13066366314888,-0.5048242807388306,-0.100991703569889,-0.2568980753421783,-0.6796455979347229,-0.2241571992635727,0.3062305450439453,-0.9196304082870485,-0.248255044221878,-0.2852797508239746,-0.8989810943603516,-0.3433647155761719,0.1092692092061042,0.0022396959830075,-0.0010384627385064,-0.1094024777412414,-0.0027944997418671,0.0020694825798273,0.1001991331577301,0.4168332815170288,-0.0050887572579085,-0.1264151632785797,0.3931154906749725,0.0123669123277068,0.1298910677433014,0.7717847228050232,0.0917778313159942,-0.1044404506683349,0.7514572739601135,0.1164834350347518,0
29,0.0224243141710758,-0.6368283629417419,-0.2359841167926788,0.1563350558280944,-0.5043049454689026,-0.0910120531916618,0.2368419170379638,-0.7036584615707397,-0.1586866676807403,-0.1303974688053131,-0.509471595287323,-0.079343169927597,-0.2539193332195282,-0.689483642578125,-0.1742815375328064,0.3037861883640289,-0.926452100276947,-0.218708723783493,-0.2796335220336914,-0.9107218384742736,-0.2755976617336273,0.1092056110501289,0.0022719791159033,-0.001309648505412,-0.1093284338712692,-0.0028205637354403,0.0023463852703571,0.1001089140772819,0.416836529970169,-0.0052179433405399,-0.1266763061285019,0.3926902115345001,0.0119785601273179,0.1299551576375961,0.771857738494873,0.0914835408329963,-0.1058467179536819,0.7509928345680237,0.1149714738130569,0
30,0.0222381446510553,-0.6363451480865479,-0.2326803654432296,0.1563039571046829,-0.5059261322021484,-0.0859567523002624,0.2338758260011673,-0.707071840763092,-0.1497207283973693,-0.130469873547554,-0.5090720653533936,-0.0766011700034141,-0.2539562880992889,-0.6875095963478088,-0.1750835627317428,0.2967348098754883,-0.9294739961624146,-0.2079899311065673,-0.2795693278312683,-0.9080796241760254,-0.2836697399616241,0.1090515106916427,0.0022807091008871,-0.0012147285742685,-0.1091566756367683,-0.0028263046406209,0.002260758774355,0.0986648872494697,0.4169804155826568,-0.0069838492199778,-0.1273935437202453,0.3926515281200409,0.0084087047725915,0.1271976083517074,0.7756038308143616,0.0826720744371414,-0.1063100174069404,0.7532344460487366,0.101171463727951,0
31,0.02222984097898,-0.635843813419342,-0.2379129827022552,0.1563960164785385,-0.5056596994400024,-0.0871688947081565,0.2340588867664337,-0.7054409980773926,-0.1555233597755432,-0.1305658370256424,-0.5089717507362366,-0.0810004696249961,-0.2543500065803528,-0.6857374906539917,-0.1896097809076309,0.2991599440574646,-0.9287238717079164,-0.2146100103855133,-0.2799214422702789,-0.9052778482437134,-0.3153685927391052,0.1089938059449195,0.002305116970092,-0.0013202383415773,-0.1090988293290138,-0.0028476507868617,0.0023657940328121,0.0980295911431312,0.4169993698596954,-0.0070430017076432,-0.1280409544706344,0.3925948441028595,0.0084333419799804,0.1267694532871246,0.77556312084198,0.0837671011686325,-0.1072836890816688,0.7531666159629822,0.1017818674445152,0
32,0.0242618732154369,-0.6354302167892456,-0.2400205731391906,0.1580967307090759,-0.505861759185791,-0.0898083820939064,0.2329385429620742,-0.7044652104377747,-0.1563313156366348,-0.1278068870306015,-0.5092626214027405,-0.0822427868843078,-0.2457999140024185,-0.6850396990776062,-0.1898512691259384,0.297384649515152,-0.927133560180664,-0.2159925997257232,-0.2699143588542938,-0.9041314721107484,-0.3151488900184631,0.1088463813066482,0.002372388029471,-0.0018686834955587,-0.1089366227388382,-0.0029102340340614,0.0029169016052037,0.0975159108638763,0.4170520007610321,-0.0102494191378355,-0.1272299587726593,0.3926401138305664,0.0086652319878339,0.1264734268188476,0.7761014699935913,0.0779235661029815,-0.1061852946877479,0.7533062100410461,0.1017438694834709,0
33,0.0216241795569658,-0.6350575089454651,-0.2435479164123535,0.1572740077972412,-0.50570148229599,-0.096165157854557,0.232836440205574,-0.7057534456253052,-0.1641636192798614,-0.1280894577503204,-0.5084291100502014,-0.0862967669963836,-0.2466932386159896,-0.6835193634033203,-0.199300542473793,0.2966468930244446,-0.9306807518005372,-0.2217618227005005,-0.2710907459259033,-0.903819978237152,-0.3261443674564361,0.1086432188749313,0.0024005561135709,-0.0017904222477227,-0.1087228283286094,-0.0029338609892874,0.0028393547981977,0.0976286903023719,0.4170064032077789,-0.0102519001811742,-0.1273419708013534,0.3925030529499054,0.0085816141217947,0.1265872418880462,0.776135265827179,0.0781496986746788,-0.1054628565907478,0.7533382773399353,0.1013784855604171,0
34,0.0212661027908325,-0.6344510316848755,-0.2346028536558151,0.1566760838031768,-0.5075511932373047,-0.0848888084292411,0.2326040565967559,-0.7055181264877319,-0.1484734117984771,-0.1303369700908661,-0.5099107623100281,-0.0779068693518638,-0.2471017241477966,-0.6828888058662415,-0.1795139610767364,0.2961126267910003,-0.9305131435394288,-0.2072908729314804,-0.2700352668762207,-0.905939757823944,-0.2926356494426727,0.10858666151762,0.0024118998553603,-0.0017896206118166,-0.1086622476577758,-0.0029435632750391,0.0028399329166859,0.0976343154907226,0.4169249534606933,-0.0108491210266947,-0.1275299489498138,0.3921079337596893,0.0076405126601457,0.1271107792854309,0.7759909629821777,0.0780867263674736,-0.1087311804294586,0.7528796792030334,0.0996462926268577,0
35,0.0211992487311363,-0.6347359418869019,-0.2179544866085052,0.1571410596370697,-0.5092257857322693,-0.0718698129057884,0.2310687899589538,-0.7063459753990173,-0.1362919360399246,-0.1302070766687393,-0.5101917386054993,-0.0636819154024124,-0.2455766797065735,-0.6818066239356995,-0.1651017069816589,0.2901284098625183,-0.9328857064247132,-0.194990187883377,-0.266267716884613,-0.9054187536239624,-0.2774043083190918,0.1085391417145729,0.0024692891165614,-0.0018011776264756,-0.1086121574044227,-0.002995922928676,0.0028522259090095,0.097632385790348,0.4170064330101013,-0.0115432841703295,-0.1293096095323562,0.3915378749370575,0.0059189843013882,0.1272597163915634,0.7759350538253784,0.07619409263134,-0.1137470379471778,0.7526014447212219,0.094756044447422,0
36,0.0200972743332386,-0.6340909004211426,-0.22132608294487,0.1566365957260131,-0.5091560482978821,-0.0739755854010582,0.2309446483850479,-0.7041401267051697,-0.1388144940137863,-0.1303056329488754,-0.5104013681411743,-0.0652037039399147,-0.2473959475755691,-0.6817427277565002,-0.1674201190471649,0.2926825881004333,-0.9251883029937744,-0.1982195973396301,-0.266714870929718,-0.9051737189292908,-0.2817689478397369,0.1084330454468727,0.0025801702868193,-0.001855224603787,-0.1084959581494331,-0.0031055358704179,0.0029130752664059,0.0973510816693306,0.4170138239860534,-0.0148109309375286,-0.1293881982564926,0.3917491436004638,0.0058478624559938,0.1272448599338531,0.7782379388809204,0.0681083351373672,-0.1135596632957458,0.7534055709838867,0.0931989625096321,0
37,0.0199270471930503,-0.6331660747528076,-0.2313920110464096,0.1566277742385864,-0.5088676810264587,-0.0799425169825553,0.2302827090024948,-0.7040480971336365,-0.1419422477483749,-0.1302747726440429,-0.5103912949562073,-0.0774828121066093,-0.2455144226551056,-0.682676374912262,-0.1779796928167343,0.2930338084697723,-0.9250723123550416,-0.2000933140516281,-0.2663780748844147,-0.9050666689872742,-0.2899891436100006,0.1084427535533905,0.0025395236443728,-0.0008213543333113,-0.1085007265210151,-0.0030673865694552,0.0019232454942539,0.0973918661475181,0.4181224107742309,-0.0144431162625551,-0.1298761963844299,0.3922060132026672,0.0024705182295292,0.12510547041893,0.7789338827133179,0.0684077888727188,-0.1140574812889099,0.7544815540313721,0.0903030037879943,0
38,0.019844364374876,-0.6322128176689148,-0.2365847676992416,0.156604528427124,-0.5060411095619202,-0.0844800770282745,0.2312498837709427,-0.6962196230888367,-0.1456983238458633,-0.1296931803226471,-0.5102022886276245,-0.079772837460041,-0.2426236271858215,-0.6822609901428223,-0.1783800721168518,0.3000917136669159,-0.9156221747398376,-0.2057284861803054,-0.2647730410099029,-0.9041388034820556,-0.2909469902515411,0.1083190962672233,0.002545827999711,-0.0008858758956193,-0.1083786264061927,-0.0030738851055502,0.0019908405374735,0.0970344915986061,0.4182282984256744,-0.014871971681714,-0.1292763352394104,0.3930552899837494,0.0023919276427477,0.1247871667146682,0.7801830172538757,0.0680479407310485,-0.1101190671324729,0.7574224472045898,0.0891806855797767,1
39,0.0133173633366823,-0.6323575973510742,-0.2320315688848495,0.1541892141103744,-0.5064965486526489,-0.0846918746829032,0.2298719137907028,-0.6963149309158325,-0.1469743102788925,-0.1307803988456726,-0.5114911794662476,-0.0729079395532608,-0.2427402734756469,-0.6863520741462708,-0.1623693704605102,0.2983966767787933,-0.9159006476402284,-0.2088542878627777,-0.2666827738285064,-0.9078789353370668,-0.2664723098278045,0.1082280278205871,0.0024635419249534,-0.0011721800547093,-0.108288824558258,-0.0029883924871683,0.0022680992260575,0.0971293672919273,0.4178205728530884,-0.0141864838078618,-0.1272562444210052,0.393642395734787,0.0029465320985764,0.125238224864006,0.7798529863357544,0.0728629752993583,-0.1058058142662048,0.7583978772163391,0.0908218994736671,1
40,0.0139442402869462,-0.6334848403930664,-0.2324338853359222,0.1542358547449112,-0.506629228591919,-0.0843779146671295,0.2305847406387329,-0.6957607865333557,-0.1443313807249069,-0.1309116035699844,-0.5136634707450867,-0.0734745413064956,-0.2425058931112289,-0.6878013014793396,-0.1634429395198822,0.3007456362247467,-0.9146295785903932,-0.2040011584758758,-0.2645664811134338,-0.9089568853378296,-0.2665669322013855,0.1081699654459953,0.0025023850612342,-0.0012148834066465,-0.1082274541258812,-0.0030273159500211,0.0023136150557547,0.0971855893731117,0.4173718392848968,-0.015062260441482,-0.1268462836742401,0.3934298455715179,0.0030684813391417,0.124965526163578,0.7796851992607117,0.0716204494237899,-0.1058650687336921,0.7575151324272156,0.0908932834863662,1
41,0.0136877186596393,-0.6298668384552002,-0.2464261651039123,0.1542454659938812,-0.5058526396751404,-0.0967461690306663,0.2307316213846206,-0.694507896900177,-0.1580245047807693,-0.1307910680770874,-0.5129731297492981,-0.0885464623570442,-0.2424411624670028,-0.6844835877418518,-0.1838555037975311,0.3016531765460968,-0.914682686328888,-0.2183191925287246,-0.2648200988769531,-0.9053848385810852,-0.2933011054992676,0.1081130281090736,0.0025223027914762,-0.0012759696692228,-0.1081749871373176,-0.0030457226093858,0.0023684459738433,0.0972493663430213,0.4174478054046631,-0.0150958625599741,-0.1275584846735,0.3938568234443664,0.0033437276724725,0.1250987648963928,0.7796233296394348,0.0719675794243812,-0.1079411432147026,0.7577629089355469,0.0922194719314575,1
42,0.0131328282877802,-0.6299510598182678,-0.2462215572595596,0.1519946753978729,-0.50584477186203,-0.0965255200862884,0.2307362407445907,-0.6947750449180603,-0.1567194163799286,-0.1326320022344589,-0.512937605381012,-0.0882694348692894,-0.2441635131835937,-0.6863071918487549,-0.1835760623216629,0.3018452525138855,-0.914354145526886,-0.2163424044847488,-0.265019416809082,-0.9083267450332642,-0.2887493073940277,0.1079945042729377,0.0025108838453888,-0.0013905985979363,-0.1080577448010444,-0.0030345532577484,0.0024796179495751,0.0965844988822937,0.4174508154392242,-0.014896210283041,-0.1279903948307037,0.3940808176994324,0.004336473532021,0.1236774772405624,0.7803612947463989,0.0723893418908119,-0.1079609394073486,0.7580070495605469,0.0932993963360786,1
43,0.013138398528099,-0.6290155649185181,-0.2459892630577087,0.1518265306949615,-0.505679726600647,-0.0960548967123031,0.2306828647851944,-0.6925603151321411,-0.1586027145385742,-0.1331663280725479,-0.5126625299453735,-0.0882567539811134,-0.2443839758634567,-0.6862689852714539,-0.1866505146026611,0.303180992603302,-0.9081387519836426,-0.2237579971551895,-0.2669053971767425,-0.9094114303588868,-0.2943788170814514,0.1079608723521232,0.002466918202117,-0.0012465679319575,-0.1080225184559822,-0.002991379937157,0.0023467887658625,0.0965858325362205,0.4175319373607635,-0.0186448395252227,-0.1287639439105987,0.3941740095615387,0.0012382440036162,0.1228198632597923,0.781495988368988,0.0638094320893287,-0.10838034003973,0.7585011124610901,0.0849124267697334,1
44,0.0132208969444036,-0.6281924843788147,-0.252886950969696,0.1517526060342788,-0.5051155686378479,-0.1022274494171142,0.2288031727075576,-0.6900747418403625,-0.1720494031906128,-0.132992148399353,-0.5116659998893738,-0.0949802920222282,-0.24402417242527,-0.6849753856658936,-0.2010774314403534,0.3017351925373077,-0.9054616689682008,-0.2427162230014801,-0.2639780342578888,-0.9090303778648376,-0.3153973221778869,0.1079297736287117,0.0024007530882954,-0.0012744140112772,-0.1079905405640602,-0.002923255553469,0.0023703777696937,0.0965481698513031,0.4176698625087738,-0.0188876390457153,-0.1286860257387161,0.3955883383750915,0.0013018008321523,0.1228341534733772,0.7820655107498169,0.0642475932836532,-0.1082568243145942,0.7611426115036011,0.0853256061673164,1
45,0.0137886926531791,-0.62925785779953,-0.2507239878177643,0.1518218219280243,-0.5050650835037231,-0.0997445210814476,0.2297075539827346,-0.6873800754547119,-0.1707778871059417,-0.133171409368515,-0.5119399428367615,-0.0929901525378227,-0.2435129582881927,-0.6870299577713013,-0.1933984756469726,0.3025466799736023,-0.8982003927230835,-0.2414917200803756,-0.2612279057502746,-0.9128108620643616,-0.2955964505672455,0.1079010292887687,0.0023646980989724,-0.0014233968686312,-0.1079614609479904,-0.0028868254739791,0.002515367930755,0.0965767428278923,0.4173714220523834,-0.0188979655504226,-0.1283863186836242,0.3956086039543152,0.0019120237557217,0.1207000538706779,0.7820031642913818,0.0655722990632057,-0.1082634627819061,0.7609768509864807,0.0872380584478378,1
46,0.0152105344459414,-0.6284653544425964,-0.2504681646823883,0.1523488461971283,-0.505115270614624,-0.0994029343128204,0.2297227531671524,-0.6861922740936279,-0.1715587973594665,-0.1323342770338058,-0.5119715929031372,-0.0916485115885734,-0.243506833910942,-0.6869951486587524,-0.1912172138690948,0.3037578165531158,-0.8973882794380188,-0.2460565716028213,-0.2607291638851166,-0.9127649068832396,-0.2922401130199432,0.1078751385211944,0.0023542067501693,-0.0021981773898005,-0.1079354435205459,-0.0028758835978806,0.0032661363948136,0.0952491238713264,0.4175324738025665,-0.0194990932941436,-0.1283825635910034,0.3966183960437774,0.0027374632190912,0.1207066401839256,0.7820972800254822,0.0657183676958084,-0.1081100776791572,0.7628112435340881,0.0873848348855972,1
47,0.0175129156559705,-0.6289335489273071,-0.2505452930927276,0.1538285166025161,-0.5045176148414612,-0.0991610363125801,0.2336023896932602,-0.6860306859016418,-0.1667116433382034,-0.1310162544250488,-0.512197732925415,-0.0918345302343368,-0.2416104674339294,-0.6879590153694153,-0.1902584731578827,0.3071710467338562,-0.8977432250976562,-0.2347645759582519,-0.2535616457462311,-0.914318859577179,-0.2908375263214111,0.1078161373734474,0.0023731787223368,-0.0022180599626153,-0.1078811660408973,-0.0028949149418622,0.0032853165175765,0.0952792987227439,0.417519211769104,-0.0191603805869817,-0.1268375813961029,0.3966422080993652,0.0028026355430483,0.1209806203842163,0.7815211415290833,0.0671757757663726,-0.1081380620598793,0.76280277967453,0.0876904129981994,1
48,0.0172829013317823,-0.643678605556488,-0.2139758020639419,0.1520317196846008,-0.5111454129219055,-0.0634275078773498,0.2338625341653823,-0.6934908628463745,-0.1226761862635612,-0.1336017996072769,-0.5195911526679993,-0.0629455968737602,-0.2428212910890579,-0.6976445913314819,-0.1542113274335861,0.3128322958946228,-0.9029932618141174,-0.1870820373296737,-0.2538590431213379,-0.9219318628311156,-0.2484025061130523,0.1077896356582641,0.0023214004468172,-0.0017986325547099,-0.1078547984361648,-0.0028414751868695,0.002883075736463,0.0974117368459701,0.416248470544815,-0.0167167447507381,-0.125647634267807,0.3960738480091095,0.0023475617635995,0.1259263455867767,0.7797969579696655,0.069213829934597,-0.1062735766172409,0.7618224024772644,0.0867639407515525,1
49,0.0168421622365713,-0.6427086591720581,-0.2430621981620788,0.1520677953958511,-0.5104723572731018,-0.0837693810462951,0.2367431819438934,-0.6901457905769348,-0.1377779096364975,-0.1348669677972793,-0.5199159979820251,-0.0906165838241577,-0.2435814142227172,-0.697542130947113,-0.1780343800783157,0.3206157982349396,-0.898396372795105,-0.2047721445560455,-0.2541007101535797,-0.9215977191925048,-0.2700676620006561,0.107823222875595,0.0023640657309442,-0.0018486566841602,-0.1078934371471405,-0.0028844906482845,0.0029346719384193,0.0978061184287071,0.4158863723278045,-0.0184951201081275,-0.1261280328035354,0.3957748711109161,0.0074930815026164,0.1249813064932823,0.778627872467041,0.067701444029808,-0.1079828590154647,0.756957471370697,0.1002659201622009,1
50,0.017272600904107,-0.6421916484832764,-0.2523913085460663,0.154149055480957,-0.5103031396865845,-0.0945480838418006,0.2397297024726867,-0.6896829009056091,-0.1523605585098266,-0.1340650916099548,-0.5196691155433655,-0.1001180186867713,-0.2435514479875564,-0.6958425641059875,-0.1871914565563202,0.3242526948451996,-0.898501455783844,-0.2184374332427978,-0.2548803687095642,-0.9208556413650512,-0.276882916688919,0.1078318431973457,0.0024293588940054,-0.0014553418150171,-0.107906550168991,-0.002950444119051,0.0025445471983402,0.0998177528381347,0.415885865688324,-0.0176240261644125,-0.1262811571359634,0.3950007259845733,0.006922461092472,0.1249686703085899,0.7780995965003967,0.0739647150039672,-0.1092423573136329,0.754349946975708,0.0999393835663795,1
51,0.0157960169017314,-0.6436907649040222,-0.2466683238744735,0.1534936130046844,-0.5101307034492493,-0.0935806781053543,0.2407079935073852,-0.6884192824363708,-0.1525759398937225,-0.1346225142478943,-0.5206489562988281,-0.0910899639129638,-0.2435583174228668,-0.700839638710022,-0.1641701161861419,0.3263083398342132,-0.8970034122467041,-0.2187306731939315,-0.2547666728496551,-0.9258675575256348,-0.2430988252162933,0.1078170165419578,0.0024232110008597,-0.0018717611674219,-0.1078924164175987,-0.0029438473284244,0.0029615832027047,0.1015169993042945,0.4132373631000519,-0.0179877914488315,-0.1263636201620102,0.3939381837844848,0.0069981128908693,0.1256861686706543,0.7765983939170837,0.074250653386116,-0.1092062145471572,0.7518598437309265,0.0997301638126373,1
52,0.016335004940629,-0.6393904089927673,-0.2485546320676803,0.1542145758867263,-0.5096367597579956,-0.0935251116752624,0.244459792971611,-0.6879100799560547,-0.1507802307605743,-0.1340315043926239,-0.5206453800201416,-0.0932903960347175,-0.2430471777915954,-0.7005184292793274,-0.1647296398878097,0.3311916887760162,-0.8970346450805664,-0.2164739072322845,-0.2505221962928772,-0.925506055355072,-0.2493703663349151,0.1077974140644073,0.0024918920826166,-0.002146131824702,-0.1078811362385749,-0.0030108003411442,0.0032134412322193,0.1061895638704299,0.4110204577445984,-0.0191784668713808,-0.1247110068798065,0.3938516974449157,0.0069953170605003,0.1288735270500183,0.7753594517707825,0.0739238634705543,-0.1082715913653373,0.7518385648727417,0.098932534456253,1
53,0.0153285879641771,-0.6395665407180786,-0.2527195811271667,0.1518945693969726,-0.5080238580703735,-0.096710667014122,0.243872731924057,-0.689619779586792,-0.1575872302055359,-0.1353683024644851,-0.5207902193069458,-0.1001744344830513,-0.2444192320108413,-0.7035234570503235,-0.1856489181518554,0.3316121697425842,-0.9015876054763794,-0.2235922664403915,-0.2516438961029053,-0.9266197085380554,-0.2717351913452148,0.1077373325824737,0.0025022712070494,-0.0019393367692828,-0.1078295856714248,-0.003019151976332,0.0029905003029853,0.1068419814109802,0.4108513593673706,-0.0182081367820501,-0.1265637576580047,0.3935551047325134,0.004432535264641,0.1290615797042846,0.7744525074958801,0.0792893916368484,-0.1079925745725631,0.7517238259315491,0.098195768892765,1
54,0.0135951377451419,-0.6392782926559448,-0.2535573542118072,0.1513349562883377,-0.5051234364509583,-0.0969223305583,0.2444767504930496,-0.6892682909965515,-0.1578407287597656,-0.1359997987747192,-0.5207259058952332,-0.1010680198669433,-0.2441795617341995,-0.7044616341590881,-0.1863418221473693,0.3330970406532287,-0.9017780423164368,-0.2240512073040008,-0.2492751628160476,-0.9277946949005128,-0.2714898586273193,0.1077166646718978,0.0025413455441594,-0.0017694790149107,-0.1078164204955101,-0.0030555436387658,0.0028191094752401,0.1120025664567947,0.4098365604877472,-0.018362607806921,-0.1258973926305771,0.3933184146881103,0.0032548003364354,0.131014734506607,0.7713218927383423,0.0794402211904525,-0.1083458438515663,0.7516500949859619,0.0954686179757118,1
55,0.0147533966228365,-0.6405468583106995,-0.2554479539394378,0.1515255570411682,-0.505173921585083,-0.0973265543580055,0.2482608407735824,-0.6945683360099792,-0.157838836312294,-0.1357561200857162,-0.5211752653121948,-0.1065499186515808,-0.2436810731887817,-0.7058122158050537,-0.1935144811868667,0.3386231958866119,-0.9087315797805786,-0.2238665372133255,-0.2480806112289428,-0.9295794367790222,-0.2734631597995758,0.1077036783099174,0.0026178304105997,-0.000923017039895,-0.1078079715371131,-0.003128744661808,0.0019619767554104,0.1124873682856559,0.4098917841911316,-0.018348516896367,-0.1277142167091369,0.3930832743644714,-0.0029083078261464,0.132193237543106,0.7717670202255249,0.079634353518486,-0.1083821132779121,0.7514091730117798,0.0910425409674644,1
56,0.0128870122134685,-0.6390791535377502,-0.2653002440929413,0.1498480290174484,-0.5038763880729675,-0.1075898706912994,0.246852844953537,-0.6877191662788391,-0.1711391508579254,-0.1369049847126007,-0.5206016898155212,-0.1162836775183677,-0.2436664998531341,-0.7045362591743469,-0.2031766921281814,0.3383550345897674,-0.9032427668571472,-0.2402108609676361,-0.2481087297201156,-0.9283945560455322,-0.2874989211559295,0.1076960265636444,0.0025416298303753,-0.0001916389592224,-0.107805386185646,-0.0030481442809104,0.0012335842475295,0.1152913868427276,0.4092065393924713,-0.0176396407186985,-0.1281274110078811,0.3924562633037567,-0.004230435937643,0.133732184767723,0.7664158344268799,0.085607960820198,-0.1079886332154274,0.7498241662979126,0.0912651494145393,1
57,0.0143122002482414,-0.6350778937339783,-0.2754237055778503,0.1497166901826858,-0.502114474773407,-0.1130747720599174,0.2467913627624511,-0.6890091896057129,-0.1766698062419891,-0.1365887075662613,-0.5179113149642944,-0.1270094215869903,-0.2438657134771347,-0.7037642598152161,-0.2132438868284225,0.3381320238113403,-0.9052487015724182,-0.2468918263912201,-0.247734785079956,-0.9296451210975648,-0.2889696061611175,0.107675515115261,0.002534900791943,0.0010564812691882,-0.107793778181076,-0.003042011288926,-7.767710485495627e-06,0.1303747445344925,0.4077349901199341,-0.017693780362606,-0.1298016160726547,0.3899860978126526,-0.0114340251311659,0.1403933018445968,0.7609636187553406,0.0854926705360412,-0.1085579320788383,0.7473811507225037,0.085642397403717,1
58,0.0187795516103506,-0.6322848200798035,-0.2855716347694397,0.1514406949281692,-0.5029414892196655,-0.1227815300226211,0.2494189441204071,-0.700262725353241,-0.1850995421409607,-0.1340436488389969,-0.5191095471382141,-0.1415618956089019,-0.2399857640266418,-0.7101235389709473,-0.222441554069519,0.3393595516681671,-0.9215198755264282,-0.251968115568161,-0.2468264549970626,-0.9388507604599,-0.2906357944011688,0.10761509090662,0.0027019558474421,0.0021667110268026,-0.1077462658286094,-0.003205694258213,-0.0011202220339328,0.1298430860042572,0.4074342846870422,-0.0160393845289945,-0.1299310177564621,0.3878044784069061,-0.0137475272640585,0.1469397246837616,0.7600353956222534,0.0914393216371536,-0.1096951812505722,0.7433876395225525,0.0855786874890327,1
59,0.0188392270356416,-0.6324598789215088,-0.2774090766906738,0.1515920162200927,-0.5030098557472229,-0.1187067031860351,0.2535096406936645,-0.6997401714324951,-0.1836081147193908,-0.1340333670377731,-0.5191747546195984,-0.1402153968811035,-0.2354128211736679,-0.709824800491333,-0.2200862169265747,0.3400889039039612,-0.9209452867507936,-0.253091961145401,-0.241319477558136,-0.9400709271430968,-0.2903088927268982,0.1074785813689231,0.0027080262079834,0.0026959246024489,-0.1076103448867797,-0.0032068425789475,-0.0016719769919291,0.1305438131093979,0.4017623364925384,-0.0184967294335365,-0.1297294795513153,0.3825933039188385,-0.0188837368041276,0.1469091176986694,0.7544533610343933,0.0919069573283195,-0.1028748601675033,0.7323209047317505,0.0868915393948555,1
60,0.0262566562741994,-0.6351885795593262,-0.2562355995178222,0.1583003252744674,-0.5064146518707275,-0.0987905859947204,0.2594057917594909,-0.7009129524230957,-0.1635231375694275,-0.131022036075592,-0.5215198397636414,-0.1171185076236724,-0.2355538606643676,-0.712846577167511,-0.1941788494586944,0.3453542292118072,-0.9209657907485962,-0.2345715165138244,-0.2406394183635711,-0.9444504380226136,-0.2615329325199127,0.107462577521801,0.002730039646849,0.004035587888211,-0.107596643269062,-0.0032255894038826,-0.0030052326619625,0.1427892595529556,0.4007542729377746,-0.0162350907921791,-0.1296359598636627,0.3808292150497436,-0.0195527784526348,0.1559934467077255,0.7466071248054504,0.0989300161600112,-0.1011836752295494,0.730259895324707,0.0886330530047416,1
61,0.0275284647941589,-0.637222170829773,-0.2570494413375854,0.1592301279306411,-0.5065171122550964,-0.101265013217926,0.2630578279495239,-0.7001581192016602,-0.1681568324565887,-0.1287713050842285,-0.5227805376052856,-0.1158531606197357,-0.2347086071968078,-0.7127208113670349,-0.1933298110961914,0.3535053431987762,-0.920279324054718,-0.2403651475906372,-0.236275315284729,-0.942628026008606,-0.2639012634754181,0.1071018129587173,0.0027418904937803,0.0037806131877005,-0.1072278320789337,-0.0032337140291929,-0.0027602685149759,0.1420397162437439,0.3978108167648315,-0.0172311887145042,-0.1230237707495689,0.3808614909648895,-0.0184149537235498,0.1572484076023101,0.7456214427947998,0.0984161347150802,-0.0822722017765045,0.730817437171936,0.0961952582001686,1
62,0.0268296860158443,-0.6381099820137024,-0.2504725754261017,0.1593687683343887,-0.5093320608139038,-0.1016427874565124,0.2626893818378448,-0.7021884918212891,-0.1727021187543869,-0.127686008810997,-0.5249176025390625,-0.1064915135502815,-0.2333264201879501,-0.7197900414466858,-0.1784628629684448,0.3529346287250519,-0.9224345088005066,-0.2505137026309967,-0.2364833354949951,-0.950963258743286,-0.2417966276407241,0.1066981703042984,0.0027475852984935,0.0032035743352025,-0.1068142279982566,-0.0032298124860972,-0.0022101097274571,0.1414183378219604,0.3903065919876098,-0.0279266480356454,-0.1199978664517402,0.3799425363540649,-0.0187979415059089,0.1592109203338623,0.7420825362205505,0.0904985666275024,-0.07730483263731,0.7277965545654297,0.0966367721557617,1
63,0.0279745012521743,-0.6399419903755188,-0.2531065642833709,0.1606510579586029,-0.5078611969947815,-0.1047331094741821,0.2702387273311615,-0.7020306587219238,-0.1779937893152237,-0.1256120204925537,-0.5251330733299255,-0.1134199947118759,-0.2279117554426193,-0.7220045328140259,-0.1927654594182968,0.3613249957561493,-0.9221585988998412,-0.2548956274986267,-0.2284937053918838,-0.9524855613708496,-0.2516087889671325,0.10623549669981,0.0029615967068821,0.0036522627342492,-0.1063559129834175,-0.0034166225232183,-0.0026794644072651,0.1410106867551803,0.3876610398292541,-0.0318979918956756,-0.1166270896792411,0.3770469129085541,-0.0233258064836263,0.1603439897298813,0.7402719855308533,0.0831835716962814,-0.0758099108934402,0.7211507558822632,0.0927949100732803,1
64,0.0278573092073202,-0.640493631362915,-0.2666241228580475,0.1607626229524612,-0.5070260167121887,-0.1206060424447059,0.2717378139495849,-0.7009732723236084,-0.1962919384241104,-0.1253313720226287,-0.5255419015884399,-0.1203474923968315,-0.2296760827302932,-0.7220544219017029,-0.199331909418106,0.3651038706302643,-0.9217531085014344,-0.2693510949611664,-0.2285777926445007,-0.9533711671829224,-0.2646691501140594,0.1060157492756843,0.0029796031303703,0.002637603553012,-0.1061431542038917,-0.0034300091210752,-0.0016735483659431,0.1358104199171066,0.3878420293331146,-0.0288396477699279,-0.1165154799818992,0.3767470121383667,-0.0189540553838014,0.1601321548223495,0.7399159669876099,0.098478078842163,-0.0721295624971389,0.7171334028244019,0.1136883944272995,1
65,0.0283347722142934,-0.6467103958129883,-0.2438463717699051,0.1661825031042099,-0.5096820592880249,-0.1067290604114532,0.2786164879798889,-0.7035776376724243,-0.1847470104694366,-0.1221716850996017,-0.5313454270362854,-0.0985760614275932,-0.2232627868652343,-0.731406569480896,-0.1726402789354324,0.3705661594867706,-0.9229565858840942,-0.2567720115184784,-0.2253110259771347,-0.96303391456604,-0.2363743484020233,0.1057934761047363,0.0033156373538076,0.0011577722616493,-0.105909913778305,-0.0037198320496827,-0.000199251473532,0.1355937421321869,0.3819573521614074,-0.0438556149601936,-0.116331398487091,0.3725144863128662,-0.0148603096604347,0.1621413975954055,0.735779881477356,0.0782638043165206,-0.0731446221470832,0.7076635956764221,0.1141330823302269,1
66,0.0273841582238674,-0.6452212333679199,-0.2490842938423156,0.1660287678241729,-0.5096275210380554,-0.1086945235729217,0.2791539430618286,-0.7022704482078552,-0.184690460562706,-0.1222589835524559,-0.5319772958755493,-0.1044965088367462,-0.2235390692949295,-0.7322746515274048,-0.1763112694025039,0.3743064403533935,-0.920775830745697,-0.2568933367729187,-0.2255234569311142,-0.9635692238807678,-0.2380699813365936,0.1055764630436897,0.0035840410273522,0.0011900450335815,-0.1056899055838584,-0.0039712851867079,-0.0002332233852939,0.134470134973526,0.3837016820907593,-0.0362981893122196,-0.1128853410482406,0.3730098307132721,-0.0141722513362765,0.1629625409841537,0.7396338582038879,0.080621913075447,-0.0731076151132583,0.7081973552703857,0.1129285618662834,1
67,0.0275286175310611,-0.6444810032844543,-0.2498265355825424,0.1703617125749588,-0.5099514126777649,-0.1097664758563041,0.2880729734897613,-0.7050418257713318,-0.1858269572257995,-0.1207530051469802,-0.5321781635284424,-0.1077505052089691,-0.2234020829200744,-0.7341001033782959,-0.1827449202537536,0.3839179277420044,-0.9242151975631714,-0.2572628855705261,-0.225720927119255,-0.9670711159706116,-0.2396922260522842,0.1055443361401557,0.0037213675677776,0.0014230336528271,-0.1056612879037857,-0.0040816394612193,-0.0004885721136815,0.1449930965900421,0.3714581727981567,-0.074947603046894,-0.1150646805763244,0.3663217723369598,-0.0215395167469978,0.1671275794506073,0.728698194026947,0.0512280762195587,-0.0743686035275459,0.6977344751358032,0.1059429720044136,1
68,0.0296309944242239,-0.6449809670448303,-0.2579492926597595,0.1742399483919143,-0.5085025429725647,-0.1175441071391105,0.2972441613674164,-0.6996700763702393,-0.1915713101625442,-0.1164560616016388,-0.5339499711990356,-0.1129436492919921,-0.2148691862821579,-0.7369164228439331,-0.1845758110284805,0.3959314525127411,-0.9148839712142944,-0.2603950798511505,-0.2166260331869125,-0.9692925810813904,-0.2419960349798202,0.1053167954087257,0.0037420236039906,0.0014372153673321,-0.1054373160004615,-0.004097357392311,-0.0005030247266404,0.1446715742349624,0.3724675476551056,-0.0407796315848827,-0.1088598147034645,0.3666147589683532,-0.0120305465534329,0.1713533252477646,0.7237090468406677,0.0962382182478904,-0.0709515437483787,0.6991561651229858,0.1235666126012802,1
69,0.0309341922402381,-0.6486361622810364,-0.2543632388114929,0.1790771931409835,-0.5101656913757324,-0.1163175404071807,0.3033265769481659,-0.7033222317695618,-0.188758909702301,-0.1111696511507034,-0.5391140580177307,-0.1098608300089836,-0.2141862958669662,-0.744665265083313,-0.1765143573284149,0.406287282705307,-0.9210328459739684,-0.253313273191452,-0.2168516367673874,-0.9747912883758544,-0.2401438951492309,0.1052742972970008,0.0036649426911026,0.0023277385625988,-0.1053957939147949,-0.0040099644102156,-0.001374936196953,0.1570112109184265,0.3714863061904907,-0.0219534803181886,-0.1127817332744598,0.3642866015434265,-0.0145485401153564,0.1883868277072906,0.7116188406944275,0.1273890435695648,-0.0712560936808586,0.6937107443809509,0.1274575293064117,1
70,0.0307486224919557,-0.6485336422920227,-0.2589380741119385,0.1791037321090698,-0.5089260339736938,-0.1190084591507911,0.3033657371997833,-0.7029704451560974,-0.1896695345640182,-0.1105783805251121,-0.5390074849128723,-0.1187459081411361,-0.2116382122039795,-0.7479239106178284,-0.1860889792442321,0.4102588593959808,-0.920400321483612,-0.2538760006427765,-0.2124900221824646,-0.9816651940345764,-0.2466136664152145,0.1052705273032188,0.0035224372986704,0.0041335350833833,-0.1053953021764755,-0.0038573762867599,-0.0031600205693393,0.1595095694065094,0.3523821532726288,-0.0649392679333686,-0.1264276802539825,0.3486721515655517,-0.0566835924983024,0.1867447942495346,0.6934221982955933,0.0955912843346595,-0.070787601172924,0.6825413107872009,0.0886259973049163,1
71,0.0312577001750469,-0.6481940150260925,-0.2606094777584076,0.1803533881902694,-0.5076229572296143,-0.1196454316377639,0.3042823076248169,-0.7055432796478271,-0.1905039995908737,-0.1084148436784744,-0.5388620495796204,-0.1240554824471473,-0.2051586210727691,-0.7545135617256165,-0.1929091066122055,0.4120722413063049,-0.9245342016220092,-0.2549053728580475,-0.2071961164474487,-0.9889930486679076,-0.2506264448165893,0.1052441522479057,0.0035351121332496,0.0045650880783796,-0.1053704842925071,-0.0038641628343611,-0.0035932275932282,0.1605123430490493,0.3442987501621246,-0.0883877426385879,-0.1266102045774459,0.3423746228218078,-0.0654682219028472,0.1856582313776016,0.6847221255302429,0.07071103900671,-0.0715806931257247,0.6743021011352539,0.0809879302978515,1
72,0.034462247043848,-0.64849454164505,-0.2607084512710571,0.1793729215860366,-0.508808434009552,-0.1186733394861221,0.3002458810806274,-0.7087758183479309,-0.1877489238977432,-0.1083615124225616,-0.5398480296134949,-0.1311995536088943,-0.2039305418729782,-0.7562748789787292,-0.2068457603454589,0.4108551144599914,-0.925659716129303,-0.2532410621643066,-0.2073839008808136,-0.9902112483978271,-0.269416481256485,0.1053504198789596,0.0035550033207982,0.0067684426903724,-0.1054775416851043,-0.0038804120849817,-0.0057405838742852,0.1651086509227752,0.346900075674057,-0.0851331800222396,-0.1409919261932373,0.3349249362945556,-0.0889829620718956,0.1928949654102325,0.6785141825675964,0.1047540307044982,-0.0813759788870811,0.6583473086357117,0.0809700340032577,1
73,0.0344440974295139,-0.6503927111625671,-0.2646481990814209,0.1787654757499694,-0.5038434863090515,-0.1200378835201263,0.3009316325187683,-0.7093789577484131,-0.1871194243431091,-0.1084427908062934,-0.5384633541107178,-0.1362727284431457,-0.1994736343622207,-0.7634694576263428,-0.2081014066934585,0.4134255647659302,-0.927496373653412,-0.2453312575817108,-0.2076155990362167,-1.0000759363174438,-0.2648876905441284,0.1055977493524551,0.0035777315497398,0.0069676684215664,-0.105734571814537,-0.0038958846125751,-0.0059285508468747,0.1666866838932037,0.3216097354888916,-0.1725398600101471,-0.1408970206975937,0.3174521327018738,-0.111828789114952,0.1854060143232345,0.6530886292457581,-0.0092875659465789,-0.0812409818172454,0.6330133676528931,0.0386924259364604,1
74,0.0339089334011077,-0.6508652567863464,-0.2622027695178985,0.1803408414125442,-0.4998769760131836,-0.1167304292321205,0.3040073215961456,-0.7084358334541321,-0.1782082766294479,-0.110577218234539,-0.5344932675361633,-0.13094162940979,-0.1975424587726593,-0.7617235779762268,-0.199840560555458,0.4157924056053161,-0.9285367727279664,-0.2197011709213256,-0.2081993371248245,-0.9985617399215698,-0.2430886775255203,0.1088242828845977,0.0035835711751133,0.0077915326692163,-0.1089624166488647,-0.0038995686918497,-0.0066969031468033,0.1648905426263809,0.2734876573085785,-0.2611311674118042,-0.147980734705925,0.2620853185653686,-0.196821853518486,0.1756337732076645,0.5989730954170227,-0.1167288124561309,-0.081147700548172,0.5859534740447998,-0.0929904133081436,1
75,0.0339647606015205,-0.6507434844970703,-0.2637251615524292,0.182115226984024,-0.499311625957489,-0.1173864752054214,0.305668830871582,-0.7100206613540649,-0.178366482257843,-0.1090340390801429,-0.5335422158241272,-0.132066324353218,-0.1927940994501114,-0.7624224424362183,-0.1996410191059112,0.4205189049243927,-0.9327654242515564,-0.219172403216362,-0.2039651274681091,-0.9990382790565492,-0.2400133907794952,0.1093354225158691,0.003592069260776,0.0081438198685646,-0.1094791814684867,-0.003905018325895,-0.0070253619924187,0.169216901063919,0.2759159207344055,-0.2467421591281891,-0.1502479314804077,0.2713703215122223,-0.1785327345132827,0.1779164224863052,0.6053599715232849,-0.0927759110927581,-0.0814109519124031,0.5898945927619934,-0.0585718117654323,1
76,0.0349340662360191,-0.6535357236862183,-0.2551850378513336,0.1827234327793121,-0.5010824203491211,-0.1109542101621627,0.3055711090564728,-0.7131898403167725,-0.1740175485610962,-0.1087703257799148,-0.5362647771835327,-0.1263018250465393,-0.1914533227682113,-0.7636359930038452,-0.1957982778549194,0.419844388961792,-0.940300226211548,-0.2190805822610855,-0.2040567994117736,-1.0036059617996216,-0.2394573539495468,0.109654389321804,0.0038593378849327,0.0085619622841477,-0.1097944006323814,-0.0041497168131172,-0.0074214125052094,0.1688757091760635,0.2811926305294037,-0.2476280927658081,-0.151535302400589,0.2571530044078827,-0.1954871267080307,0.1833342164754867,0.5944113731384277,-0.0965388491749763,-0.0813636481761932,0.5753501653671265,-0.0799237117171287,1
77,0.0350510254502296,-0.6541506052017212,-0.2545653581619262,0.1837067455053329,-0.4997910261154175,-0.1111381128430366,0.3059077560901642,-0.7099336981773376,-0.1743817925453186,-0.1088049337267875,-0.5361095666885376,-0.1256670951843261,-0.1906837075948715,-0.7629780769348145,-0.1950988173484802,0.4203143715858459,-0.9398404359817504,-0.2204573154449463,-0.2025105208158493,-1.0030635595321655,-0.2396902441978454,0.1105583533644676,0.004113788716495,0.0086426837369799,-0.1107014119625091,-0.0043920474126935,-0.007489126175642,0.1635926216840744,0.2523606121540069,-0.278160035610199,-0.1509630382061004,0.2235733866691589,-0.2118845880031585,0.1769543439149856,0.562971830368042,-0.1314936131238937,-0.0800490528345108,0.5351735353469849,-0.1024369373917579,1
78,0.0320219323039054,-0.6512188911437988,-0.2490332424640655,0.1835635751485824,-0.4984514117240906,-0.1053682491183281,0.3052230179309845,-0.7084474563598633,-0.1741862744092941,-0.1114037334918975,-0.5348111987113953,-0.1218563094735145,-0.1897510588169098,-0.7616450190544128,-0.1907585859298706,0.420120894908905,-0.9391106367111206,-0.2207550257444381,-0.2018055468797683,-1.000437617301941,-0.2390766739845276,0.1124735474586486,0.0050731487572193,0.0087595870718359,-0.112613670527935,-0.0053339088335633,-0.0075714020058512,0.1487261950969696,0.2227338999509811,-0.3167167007923126,-0.1507192403078079,0.1744679510593414,-0.2723345756530761,0.1641979664564132,0.5282694101333618,-0.1955689042806625,-0.0814207717776298,0.51283198595047,-0.1892201453447342,1
79,0.0355455167591571,-0.6501837968826294,-0.2411717772483825,0.1842164993286132,-0.4955204725265503,-0.0960507467389106,0.3059235513210296,-0.7068523168563843,-0.165910854935646,-0.1130206584930419,-0.5317904353141785,-0.1186070814728736,-0.1882011443376541,-0.7608725428581238,-0.1905096024274826,0.4229081571102142,-0.9367015957832336,-0.2135918587446212,-0.1932199001312255,-1.0001510381698608,-0.2361167520284652,0.1145143508911132,0.0059381546452641,0.0093357218429446,-0.1146619319915771,-0.0062031792476773,-0.0081039117649197,0.142566293478012,0.1993910372257232,-0.3438072204589844,-0.1504994332790374,0.1492960751056671,-0.3002923727035522,0.1554985493421554,0.502341628074646,-0.2213943004608154,-0.0808889791369438,0.4886125028133392,-0.2226958721876144,1
80,0.0330036766827106,-0.6476365327835083,-0.2350118309259414,0.1838835626840591,-0.4952867925167084,-0.0913869813084602,0.3026124238967895,-0.705842912197113,-0.1664729565382003,-0.114643208682537,-0.5254765748977661,-0.108228325843811,-0.1837098151445388,-0.7419301867485046,-0.183648407459259,0.4168589115142822,-0.935192883014679,-0.2146130055189132,-0.1904101222753524,-0.9871784448623656,-0.2332816123962402,0.115946352481842,0.0064971996471285,0.0090806819498538,-0.1160660460591316,-0.00675791176036,-0.007825800217688,0.1315560936927795,0.139352947473526,-0.3785193562507629,-0.1516977846622467,0.087506778538227,-0.3394014239311218,0.1436032056808471,0.4468878507614136,-0.2694492936134338,-0.0808645412325859,0.4428164958953857,-0.2771835327148437,1
81,0.0344292521476745,-0.6408026814460754,-0.2318752408027649,0.1842518746852874,-0.4952752292156219,-0.0890847444534301,0.3025622367858886,-0.7084475755691528,-0.1668365001678466,-0.1100188046693801,-0.525597870349884,-0.1089382842183113,-0.1609110981225967,-0.7467080950737,-0.1838073432445526,0.4166717827320099,-0.9366030097007751,-0.2169262468814849,-0.1681611090898513,-0.9907247424125672,-0.2347536534070968,0.116052970290184,0.0072408011183142,0.0096900453791022,-0.1161839067935943,-0.0075036524794995,-0.0084126135334372,0.1324260681867599,0.1408311575651168,-0.3554486930370331,-0.1515549421310424,0.0915592461824417,-0.3253737390041351,0.1445823609828949,0.443877100944519,-0.2453050166368484,-0.0811773985624313,0.4297778010368347,-0.2533513009548187,1
82,0.0329210460186004,-0.6400022506713867,-0.2177667617797851,0.1850661933422088,-0.492114245891571,-0.0822798386216163,0.3027252554893493,-0.6999868750572205,-0.1643447428941726,-0.1099986284971237,-0.5253334641456604,-0.0912154614925384,-0.1639555245637893,-0.7471556067466736,-0.1606474816799163,0.4181783497333526,-0.9337941408157348,-0.215768352150917,-0.1684866845607757,-0.9950574040412904,-0.2165398746728897,0.1164653822779655,0.0074293506331741,0.0091932713985443,-0.1166011989116668,-0.0076961172744631,-0.0078827077522873,0.1333090364933014,0.1063212603330612,-0.3669427037239074,-0.1553647220134735,0.0713376849889755,-0.3243714570999145,0.1371747404336929,0.4199810326099396,-0.2644277215003967,-0.0811952650547027,0.414401650428772,-0.2587964832782745,1
83,0.0365046225488185,-0.6365525126457214,-0.2187648862600326,0.185596078634262,-0.4916152656078338,-0.0831305682659149,0.3027265667915344,-0.7028319239616394,-0.1675941944122314,-0.1095815598964691,-0.524400532245636,-0.0941838920116424,-0.1652119606733322,-0.7475036382675171,-0.1658386886119842,0.4189563989639282,-0.9390345215797424,-0.2192795425653457,-0.1670756787061691,-0.9949535131454468,-0.2178530097007751,0.1166296973824501,0.0076844515278935,0.009242239408195,-0.1167719587683677,-0.007957705296576,-0.0079319737851619,0.1386232674121856,0.0819868147373199,-0.3716892600059509,-0.1556671112775802,0.0453070849180221,-0.345000684261322,0.1354535818099975,0.388304203748703,-0.2597664296627044,-0.0809486284852027,0.3846192061901092,-0.2710661292076111,1
84,0.0356840081512928,-0.6344512104988098,-0.2206008285284042,0.1865725219249725,-0.4915069341659546,-0.0846530124545097,0.3029834926128387,-0.7041298747062683,-0.1766675412654876,-0.1075036898255348,-0.5252002477645874,-0.0957740470767021,-0.1642266064882278,-0.7636575698852539,-0.1645768880844116,0.4225073158740997,-0.9388653039932252,-0.2367641478776931,-0.1644636541604995,-1.0092562437057495,-0.2183414250612259,0.1166285127401351,0.0080789104104042,0.0089560123160481,-0.1167739406228065,-0.0083641298115253,-0.0076436894014477,0.1482937037944793,0.0864987075328826,-0.3650892674922943,-0.1674687266349792,0.0485435016453266,-0.33514603972435,0.1362085789442062,0.3898133039474487,-0.2516117990016937,-0.0844228565692901,0.3783745765686035,-0.2587718069553375,1
85,0.0375821404159069,-0.6321126222610474,-0.2251949161291122,0.1866020262241363,-0.4895944595336914,-0.0877459719777107,0.3042371571063995,-0.7026138305664062,-0.1774574965238571,-0.1060173660516738,-0.5260562300682068,-0.1018158793449401,-0.162721112370491,-0.7702829837799072,-0.1668132543563842,0.4316650629043579,-0.9343181252479552,-0.2361393421888351,-0.1595316082239151,-1.0149825811386108,-0.2189096063375473,0.1165466159582138,0.0086654089391231,0.0090211741626262,-0.1166988387703895,-0.0089727444574236,-0.0076958145946264,0.1615687906742096,0.0938546955585479,-0.348270058631897,-0.1672324538230896,0.0509586408734321,-0.3296237587928772,0.140225201845169,0.3863557577133178,-0.2362719476222992,-0.0878712907433509,0.3574454188346863,-0.227679505944252,1
86,0.0399521701037883,-0.6322342753410339,-0.2232955396175384,0.1867932230234146,-0.4894784092903137,-0.0862627625465393,0.3048884272575378,-0.7026862502098083,-0.1727402210235595,-0.1011029183864593,-0.5266165733337402,-0.1010570600628852,-0.1562624424695968,-0.7731332182884216,-0.1645362824201584,0.4377508461475372,-0.9339504837989808,-0.2259021699428558,-0.1530456095933914,-1.0177206993103027,-0.2140445113182068,0.1161041930317878,0.0092786625027656,0.0091882608830928,-0.1162669882178306,-0.0096006272360682,-0.0078402208164334,0.1702839434146881,0.0888271033763885,-0.3345120251178741,-0.1629831939935684,0.0439572893083095,-0.3250001072883606,0.1412925124168396,0.3794647753238678,-0.229502871632576,-0.087171696126461,0.3506827354431152,-0.2227731347084045,1
87,0.0289540085941553,-0.6333040595054626,-0.2231022268533706,0.1782077699899673,-0.4895108640193939,-0.0874531418085098,0.3028129935264587,-0.7029551863670349,-0.1761072725057602,-0.1070664748549461,-0.5266684293746948,-0.1009898036718368,-0.1568899452686309,-0.7726773619651794,-0.1650612354278564,0.4363431632518768,-0.9338277578353882,-0.2285408079624176,-0.1538417041301727,-1.0170668363571167,-0.214858204126358,0.1158943697810173,0.0093450145795941,0.0089452303946018,-0.1160600185394287,-0.0096702547743916,-0.0075833960436284,0.1641740202903747,0.0628896281123161,-0.3420232832431793,-0.1632187515497207,0.0056151603348553,-0.3265865445137024,0.1373464316129684,0.3463786840438843,-0.230955958366394,-0.0891177728772163,0.3212792873382568,-0.2293910682201385,1
88,0.0236291512846946,-0.6390621066093445,-0.2083061337471008,0.174231544137001,-0.4905009269714355,-0.0739943087100982,0.30132657289505,-0.7009376883506775,-0.1533644199371338,-0.1115915700793266,-0.5265127420425415,-0.0960255041718483,-0.1574448645114898,-0.7724626660346985,-0.1642573326826095,0.4361089468002319,-0.9237579703330994,-0.204397901892662,-0.1547383964061737,-1.0165181159973145,-0.2138029783964157,0.1155662536621093,0.0092406412586569,0.0092624351382255,-0.1157546564936637,-0.0095677208155393,-0.0078753139823675,0.1716993600130081,0.0240803230553865,-0.3248344957828522,-0.1657913774251938,-0.0144532527774572,-0.3184868991374969,0.1438633203506469,0.3233286142349243,-0.2143931537866592,-0.0969783067703247,0.2977950274944305,-0.2227893471717834,1
89,0.0241305865347385,-0.6364862322807312,-0.2098071724176406,0.1738619655370712,-0.4878534376621246,-0.0753308534622192,0.30137500166893,-0.6944544911384583,-0.1555171012878418,-0.1114786341786384,-0.5218666195869446,-0.1019002422690391,-0.1559357494115829,-0.7650565505027771,-0.1764066517353058,0.435792863368988,-0.9168272018432616,-0.2057778537273407,-0.1544481217861175,-1.0070102214813232,-0.226733773946762,0.1152596771717071,0.0092517239972949,0.0099588660523295,-0.1154871955513954,-0.0095796342939138,-0.0085741085931658,0.1707874834537506,-0.0109603377059102,-0.3261939585208893,-0.1550265103578567,-0.0372911617159843,-0.3232871890068054,0.1404861062765121,0.2775592803955078,-0.2115771025419235,-0.100835807621479,0.2536740303039551,-0.2230831980705261,1
90,0.0245691947638988,-0.6301566958427429,-0.2111110389232635,0.1708480268716812,-0.4826452732086181,-0.076415441930294,0.3009071350097656,-0.6814171075820923,-0.1579581946134567,-0.1120640113949775,-0.51742023229599,-0.1089333519339561,-0.1561833173036575,-0.7466816902160645,-0.1843037009239196,0.4352808892726898,-0.9068745374679564,-0.2130255699157714,-0.154491975903511,-0.9862698912620544,-0.2361064404249191,0.1149694472551345,0.0094817364588379,0.0102318190038204,-0.1152246817946434,-0.0098159033805131,-0.0088412426412105,0.1681713163852691,-0.0127015151083469,-0.3263328969478607,-0.1516313403844833,-0.0469731353223323,-0.3210361301898956,0.1365795284509658,0.2716522812843323,-0.2044067531824112,-0.1003585904836654,0.2529505491256714,-0.2128075063228607,1
91,0.0167031493037939,-0.6268734335899353,-0.2118114084005355,0.1643574237823486,-0.4827778935432434,-0.0768668353557586,0.2918285429477691,-0.682753324508667,-0.1589109599590301,-0.118640549480915,-0.514683187007904,-0.1073668375611305,-0.1713160425424575,-0.7439225316047668,-0.1840376257896423,0.4243602454662323,-0.9079653024673462,-0.2139133363962173,-0.1653151661157608,-0.9884610772132874,-0.2356787770986557,0.1144285723567009,0.0095128854736685,0.0100462976843118,-0.1147003769874572,-0.0098471594974398,-0.0086439363658428,0.1587959080934524,-0.036407571285963,-0.3112471997737884,-0.1576216518878936,-0.0756579935550689,-0.3099225759506225,0.1244399771094322,0.2466935068368911,-0.184006780385971,-0.1073537915945053,0.2253844439983368,-0.2044242471456527,1
92,0.0174166765064001,-0.6165173053741455,-0.2122201770544052,0.1622732430696487,-0.4722162783145904,-0.0762936249375343,0.2918868362903595,-0.6679662466049194,-0.158908799290657,-0.1195497214794159,-0.5090426802635193,-0.1096462607383728,-0.1707152128219604,-0.731519341468811,-0.1894478052854538,0.4245001971721649,-0.9007322788238524,-0.2141351103782653,-0.164061352610588,-0.9820374250411988,-0.2393720299005508,0.1139555945992469,0.0096700452268123,0.0104538323357701,-0.114249438047409,-0.0100192176178097,-0.0090430630370974,0.1570754945278167,-0.0537779964506626,-0.3061501383781433,-0.1574290543794632,-0.0884597972035408,-0.2986555993556976,0.1217791438102722,0.2218865901231765,-0.1878830790519714,-0.1093924865126609,0.1927116364240646,-0.1920486092567443,1
93,0.0194207690656185,-0.6110460758209229,-0.2092330753803253,0.1625085026025772,-0.4705293178558349,-0.0669670552015304,0.29707732796669,-0.660893440246582,-0.1443182379007339,-0.1218298524618148,-0.5075022578239441,-0.1091427877545356,-0.173411339521408,-0.7262745499610901,-0.1898786723613739,0.4313356578350067,-0.885678231716156,-0.199178010225296,-0.1645438075065612,-0.976506769657135,-0.2387416511774063,0.1135236173868179,0.0099792508408427,0.0112585946917533,-0.1138314381241798,-0.0103468196466565,-0.0098417112603783,0.1555826216936111,-0.0685770437121391,-0.2970521748065948,-0.1518049389123916,-0.1055644452571868,-0.2893379926681518,0.1196192651987075,0.2102778553962707,-0.1893564313650131,-0.1091017127037048,0.1821483224630355,-0.1927181929349899,1
94,0.0205133277922868,-0.6071362495422363,-0.2094974070787429,0.1666118055582046,-0.4676130712032318,-0.0623527914285659,0.3305441439151764,-0.6453328132629395,-0.1400123834609985,-0.1237364038825035,-0.5066045522689819,-0.108595959842205,-0.174078419804573,-0.7254276871681213,-0.1914689093828201,0.4836970567703247,-0.8534931540489197,-0.2007631510496139,-0.1644405275583267,-0.9699422121047974,-0.2453345954418182,0.1133440509438514,0.0101997414603829,0.0117918727919459,-0.1136658117175102,-0.0105733200907707,-0.010396190918982,0.1556764394044876,-0.0831727385520935,-0.2947746217250824,-0.1489261835813522,-0.1106417998671531,-0.2783481180667877,0.1199919283390045,0.2035935223102569,-0.1960318386554718,-0.1084367856383323,0.1795938462018966,-0.1949654966592788,1
95,0.0207331534475088,-0.6028195023536682,-0.2132298350334167,0.1728063374757766,-0.4670092463493347,-0.0629366189241409,0.3402547836303711,-0.6376944184303284,-0.1423254758119583,-0.1236129850149154,-0.5055825114250183,-0.1076553836464881,-0.1743036955595016,-0.7201715111732483,-0.191157579421997,0.4928815066814422,-0.8466314673423767,-0.2072108834981918,-0.1643643528223037,-0.967306911945343,-0.2473577409982681,0.1134370639920234,0.0109704202041029,0.0118555286899209,-0.1137502491474151,-0.0113511476665735,-0.0104504097253084,0.1408615708351135,-0.0713770538568496,-0.2962677180767059,-0.1343719363212585,-0.1087279170751571,-0.2858099341392517,0.1149220317602157,0.2089994996786117,-0.2220765948295593,-0.1037394404411315,0.177761510014534,-0.2274634689092636,1
96,0.0203539505600929,-0.6012319922447205,-0.2184252142906189,0.1782349646091461,-0.4656378626823425,-0.0677080154418945,0.3429876863956451,-0.6373679041862488,-0.1474238336086273,-0.1218243837356567,-0.5048395991325378,-0.1075591892004013,-0.1752399057149887,-0.7194754481315613,-0.1886780261993408,0.497373878955841,-0.8486248254776001,-0.2091177403926849,-0.1644670367240905,-0.9664605855941772,-0.2448608875274658,0.1134964376688003,0.0112830651924014,0.0118724880740046,-0.1138071864843368,-0.0116653582081198,-0.0104640591889619,0.1414559781551361,-0.076056107878685,-0.3049984574317932,-0.1233732551336288,-0.1089423894882202,-0.2945456802845001,0.1178906261920929,0.1997542381286621,-0.2159266769886016,-0.1037982106208801,0.170753076672554,-0.2161438465118408,1
97,0.0330328047275543,-0.5962695479393005,-0.2239736318588256,0.185943067073822,-0.4582573771476745,-0.0682125687599182,0.3551940321922302,-0.6353774070739746,-0.1466716080904007,-0.1139218434691429,-0.5039858222007751,-0.1126765832304954,-0.1654288619756698,-0.7254061102867126,-0.1944663226604461,0.5167791843414307,-0.8449305295944214,-0.2061518281698227,-0.1548532545566558,-0.9704500436782836,-0.2471895962953567,0.1131825968623161,0.0117553332820534,0.0122318780049681,-0.1135022640228271,-0.0121458573266863,-0.0108425244688987,0.1746092140674591,-0.0779353305697441,-0.2907947301864624,-0.1235987693071365,-0.1211040392518043,-0.282514750957489,0.1407641172409057,0.2037746608257293,-0.1917428225278854,-0.0941639095544815,0.1745205223560333,-0.1891216486692428,1
98,0.0325457528233528,-0.5966501832008362,-0.2338137924671173,0.1853420138359069,-0.4586902856826782,-0.0798703655600547,0.3515510261058807,-0.6322096586227417,-0.156435489654541,-0.1140254959464073,-0.5042436718940735,-0.1217268481850624,-0.1673586964607238,-0.7255176305770874,-0.1977324932813644,0.5096202492713928,-0.8408582806587219,-0.2183605432510376,-0.1558875739574432,-0.9704452753067015,-0.2495673894882202,0.1131933629512786,0.0118136815726757,0.0120612140744924,-0.1135154068470001,-0.0122041851282119,-0.0106643978506326,0.1718967705965042,-0.0659128427505493,-0.2993408441543579,-0.1250182688236236,-0.1145098954439163,-0.2849420011043548,0.1416438668966293,0.2136350721120834,-0.1888138055801391,-0.0960811153054237,0.1864794641733169,-0.1857067048549652,1
99,0.0315569043159484,-0.592400848865509,-0.234977975487709,0.1855961382389068,-0.4568361937999725,-0.0808038488030433,0.3502587378025055,-0.6304837465286255,-0.1600029468536377,-0.1140441074967384,-0.5018805861473083,-0.1212111189961433,-0.1695761680603027,-0.7255820631980896,-0.198455661535263,0.5060741305351257,-0.8392713069915771,-0.2205333411693573,-0.1570059955120086,-0.9704317450523376,-0.2496890723705291,0.1132224425673484,0.0118704736232757,0.0120758013799786,-0.1135464236140251,-0.0122575797140598,-0.0106792002916336,0.1709935069084167,-0.0667463690042495,-0.3080584108829498,-0.1259035468101501,-0.1133481189608573,-0.2875393331050873,0.1406425237655639,0.212173581123352,-0.1962815821170807,-0.1008231565356254,0.1831316947937011,-0.1871258020401001,1
100,0.0382122099399566,-0.5916382074356079,-0.2387425452470779,0.1887063384056091,-0.4546526670455932,-0.084168255329132,0.3559355437755584,-0.6284887194633484,-0.1652067154645919,-0.1109969094395637,-0.5001232624053955,-0.1253586858510971,-0.1647941023111343,-0.7212066650390625,-0.2078005224466323,0.5147062540054321,-0.83784419298172,-0.2286668121814727,-0.1518685817718505,-0.967886745929718,-0.2607802152633667,0.1132006272673606,0.0120571460574865,0.0121589675545692,-0.1135236173868179,-0.0124429995194077,-0.0107709309086203,0.1731808632612228,-0.0721780955791473,-0.307475745677948,-0.1265442371368408,-0.1206580251455307,-0.2887125313282013,0.1401681154966354,0.2099029868841171,-0.1964877843856811,-0.0966217964887619,0.1780018359422683,-0.1935685575008392,1
101,0.0376364029943943,-0.592732846736908,-0.2383671551942825,0.1900314092636108,-0.455525279045105,-0.0843296721577644,0.355823814868927,-0.6290226578712463,-0.163890540599823,-0.1102377325296402,-0.5006524920463562,-0.1247398480772972,-0.1649164110422134,-0.7208822965621948,-0.2002181112766266,0.5131808519363403,-0.8387013673782349,-0.2246098518371582,-0.154763638973236,-0.967586100101471,-0.2533358931541443,0.1131575256586074,0.0122234998270869,0.0120857218280434,-0.1134783178567886,-0.0126104215160012,-0.0106911230832338,0.169500783085823,-0.0657551735639572,-0.309104859828949,-0.1216400042176246,-0.1167710870504379,-0.288083016872406,0.1370633989572525,0.2135408222675323,-0.1962762027978897,-0.0956590995192527,0.1804953664541244,-0.1909413188695907,1
102,0.0379217490553855,-0.5904338359832764,-0.2403388023376464,0.1899162232875824,-0.4523226916790008,-0.086693100631237,0.3552922904491424,-0.626197338104248,-0.1659696400165558,-0.1101318225264549,-0.4977718889713287,-0.1272355765104293,-0.1649806499481201,-0.7145633101463318,-0.2048975974321365,0.5121728777885437,-0.838675320148468,-0.2263299971818924,-0.1541317701339721,-0.9637479186058044,-0.2581144571304321,0.113215148448944,0.0124609926715493,0.0122255189344286,-0.1135341227054596,-0.0128409788012504,-0.0108371842652559,0.1708022654056549,-0.065833680331707,-0.3091504573822021,-0.1214710399508476,-0.1173159927129745,-0.301235556602478,0.1364416927099228,0.2143183350563049,-0.1984883099794387,-0.095734491944313,0.1802807450294494,-0.2063226103782653,1
103,0.0259067062288522,-0.5938775539398193,-0.237947404384613,0.1867461055517196,-0.4582666158676147,-0.0865954831242561,0.346078097820282,-0.6305809020996094,-0.1667717844247818,-0.1160293817520141,-0.4984585344791412,-0.1210809648036956,-0.1788279414176941,-0.7148892283439636,-0.1943867951631546,0.4981415867805481,-0.8425535559654236,-0.2270747125148773,-0.1735471338033676,-0.9640685319900512,-0.2482785880565643,0.1134055778384208,0.0124620916321873,0.0116397654637694,-0.1137193441390991,-0.0128444712609052,-0.0102371266111731,0.1596697270870208,-0.0643327832221984,-0.3141661584377289,-0.1287241727113723,-0.1069517359137535,-0.3020237684249878,0.1266344636678695,0.2144711315631866,-0.2014015913009643,-0.1055461764335632,0.180507943034172,-0.2049288898706436,1
104,0.0261142998933792,-0.5938403606414795,-0.2391423135995865,0.1868383884429931,-0.4582357108592987,-0.0880761668086052,0.3440993130207062,-0.6311020255088806,-0.1719244420528412,-0.115202784538269,-0.4985341429710388,-0.1214766129851341,-0.1775751411914825,-0.7179701328277588,-0.1945366412401199,0.4901643991470337,-0.8442872762680054,-0.2345114201307296,-0.1729097217321396,-0.9702433347702026,-0.2483588010072708,0.1135291531682014,0.0123895490542054,0.0114000234752893,-0.1138412430882453,-0.0127701805904507,-0.0099997222423553,0.1603281050920486,-0.0555256269872188,-0.322460263967514,-0.1413378864526748,-0.0924349203705787,-0.3018408417701721,0.1267909705638885,0.2252109199762344,-0.2055448293685913,-0.112604945898056,0.1967023313045501,-0.2017875611782074,1
105,0.0243954584002494,-0.5972602367401123,-0.2363063842058181,0.1838338822126388,-0.4610965847969055,-0.0877180770039558,0.3334112167358398,-0.6335727572441101,-0.1716615259647369,-0.1192299798130989,-0.4988159239292145,-0.1195155009627342,-0.1854330450296402,-0.7143622040748596,-0.1940655410289764,0.4691579639911651,-0.8480198979377747,-0.2342246770858764,-0.1794388443231582,-0.9650160074234008,-0.248052716255188,0.1137169152498245,0.0123924491927027,0.0111293960362672,-0.114022821187973,-0.0127726327627897,-0.009719081223011,0.1546387523412704,-0.0557962842285633,-0.3232479989528656,-0.1483715623617172,-0.0935623869299888,-0.3067834079265594,0.1205689013004303,0.2249566316604614,-0.2054750025272369,-0.1167105361819267,0.1962723582983017,-0.2022562325000763,1
106,0.0245675798505544,-0.5960507392883301,-0.2348562330007553,0.1828328520059585,-0.4610799252986908,-0.0851918384432792,0.3333806097507477,-0.6376246213912964,-0.1672336161136627,-0.1189096271991729,-0.4991424083709717,-0.1192542240023613,-0.1827097088098526,-0.7216724157333374,-0.1927962005138397,0.471189022064209,-0.8532371520996094,-0.2281958013772964,-0.1786149442195892,-0.9712473154067992,-0.2448196709156036,0.1136518865823745,0.0122309112921357,0.0111603997647762,-0.1139613762497901,-0.0126136876642704,-0.009754124097526,0.1613241881132125,-0.0558242015540599,-0.3168261647224426,-0.1516359448432922,-0.0893264263868331,-0.2971085011959076,0.1206582561135292,0.2298150658607483,-0.2058210670948028,-0.1167954131960868,0.2027322500944137,-0.1999569535255432,1
107,0.034263826906681,-0.5960738658905029,-0.23491732776165,0.1831725686788559,-0.4599172472953796,-0.0853744745254516,0.3337069451808929,-0.6367508769035339,-0.1668925285339355,-0.1133442670106887,-0.4994004964828491,-0.1241166889667511,-0.1707082837820053,-0.7218748331069946,-0.1989061087369918,0.4734752178192138,-0.8531712293624878,-0.2279601991176605,-0.1735467463731765,-0.97146475315094,-0.2531183063983917,0.1136102154850959,0.0118547109887003,0.0117980455979704,-0.1139222234487533,-0.0122387027367949,-0.0104092452675104,0.1771618127822876,-0.0397188514471054,-0.3125106692314148,-0.1413648575544357,-0.0550668984651565,-0.297624409198761,0.1385062783956527,0.2578876614570617,-0.2017227709293365,-0.1029547601938247,0.2400344163179397,-0.2018421441316604,1
108,0.0244618151336908,-0.6058087944984436,-0.2372306734323501,0.1797102838754654,-0.4671710133552551,-0.0951171666383743,0.3287859857082367,-0.649712324142456,-0.1832926869392395,-0.1167038157582283,-0.5012887716293335,-0.1251358091831207,-0.1745665520429611,-0.7301039099693298,-0.1989623010158538,0.4680963456630707,-0.8695257306098938,-0.2423072755336761,-0.1800737231969833,-0.9813873767852784,-0.2532350420951843,0.1142500787973404,0.0113553237169981,0.0114779341965913,-0.1145394518971443,-0.0117386737838387,-0.0100849270820617,0.1688926666975021,-0.0283388625830411,-0.3353279232978821,-0.1480729728937149,-0.0505112819373607,-0.3310600221157074,0.1320046782493591,0.2626901268959045,-0.2018709480762481,-0.1119598150253295,0.2396504580974578,-0.2087249010801315,1
109,0.0348991155624389,-0.6177864670753479,-0.2272090017795562,0.1796442866325378,-0.4695096611976623,-0.0839675143361091,0.3281225860118866,-0.6520147919654846,-0.1605967581272125,-0.1164229288697242,-0.5035737156867981,-0.1252086609601974,-0.1768810003995895,-0.7319546341896057,-0.2008699774742126,0.4675867259502411,-0.8694370985031128,-0.2223725169897079,-0.1825354397296905,-0.9808309674263,-0.2537980377674103,0.1142763420939445,0.0110360272228717,0.0121876448392868,-0.1145721226930618,-0.011430699378252,-0.0108173443004488,0.174466386437416,-0.0159701183438301,-0.3328588306903839,-0.1590413302183151,-0.0373749360442161,-0.3270646631717682,0.139604702591896,0.2832629978656769,-0.2017854750156402,-0.1102872192859649,0.2569586336612701,-0.2117801010608673,1
110,0.0354053489863872,-0.6270431876182556,-0.2275718003511428,0.1798022389411926,-0.4735372066497803,-0.0849531590938568,0.3275651633739471,-0.654758095741272,-0.1609809398651123,-0.1162222996354103,-0.5117883682250977,-0.1244399026036262,-0.1765118390321731,-0.7366006970405579,-0.1930447071790695,0.4685952663421631,-0.8775745630264282,-0.2225825190544128,-0.1822115182876587,-0.983442723751068,-0.2462588548660278,0.1149294003844261,0.0102020511403679,0.0120978504419326,-0.1152205169200897,-0.0105966599658131,-0.0107211051508784,0.1738828271627426,0.0277209058403968,-0.3478196859359741,-0.1579691916704177,-0.0008819199283607,-0.3331610858440399,0.146832674741745,0.3212050199508667,-0.2019260227680206,-0.1098955646157264,0.2886305749416351,-0.209952712059021,1
111,0.0395075380802154,-0.6296679377555847,-0.2275174558162689,0.1824696063995361,-0.4737323522567749,-0.0849487334489822,0.3273380994796753,-0.6612862944602966,-0.1616288274526596,-0.1113951802253723,-0.5138717293739319,-0.1241807863116264,-0.1742515712976455,-0.7563506364822388,-0.1932103782892227,0.4681856036186218,-0.8811953067779541,-0.2250531166791916,-0.1796184778213501,-0.9947944283485411,-0.2463954091072082,0.1149716004729271,0.010016887448728,0.0121168242767453,-0.1152679547667503,-0.0103970533236861,-0.0107489116489887,0.1842860281467437,0.0314930751919746,-0.3451878428459167,-0.1607929021120071,0.0161698516458272,-0.33146733045578,0.1470523178577423,0.3423207700252533,-0.2103229165077209,-0.1077562347054481,0.3154596090316772,-0.2159642577171325,1
112,0.0420800261199474,-0.6283321380615234,-0.2387354671955108,0.1825047135353088,-0.4735913276672363,-0.0942770093679428,0.3283085227012634,-0.6678528785705566,-0.1734862029552459,-0.1118814125657081,-0.5139147639274597,-0.1341902464628219,-0.1742962002754211,-0.7550076842308044,-0.2071021944284439,0.4685486257076263,-0.8967936635017395,-0.2334964275360107,-0.1793799251317978,-0.9998335242271424,-0.2531940340995788,0.115411028265953,0.0100414818152785,0.0122413598001003,-0.115697406232357,-0.0104143964126706,-0.0108894603326916,0.1740735173225402,0.0738893523812294,-0.3487929701805115,-0.1557992547750473,0.0302809253334999,-0.342708945274353,0.1338349431753158,0.3600024878978729,-0.2070164680480957,-0.1035193800926208,0.3276275396347046,-0.2155247628688812,1
113,0.0430229790508747,-0.6280021071434021,-0.2355472445487976,0.1876273900270462,-0.4757516980171203,-0.0893620401620864,0.3283441066741943,-0.6730100512504578,-0.1694138497114181,-0.1120286658406257,-0.5170474052429199,-0.1203765124082565,-0.1766204982995987,-0.7561589479446411,-0.1963165998458862,0.4643995463848114,-0.9012022614479064,-0.2295553237199783,-0.1809789091348648,-1.0024709701538086,-0.2464107424020767,0.1162311807274818,0.0100195035338401,0.0122539103031158,-0.1164845377206802,-0.0103912036865949,-0.0109049780294299,0.1658684164285659,0.0774625316262245,-0.3548687100410461,-0.1463771909475326,0.0377903878688812,-0.3407619297504425,0.1339773535728454,0.3756153285503387,-0.2363733798265457,-0.0971316024661064,0.3513065874576568,-0.2433626800775528,1
114,0.0431660786271095,-0.6324924826622009,-0.233653649687767,0.1905752569437027,-0.4797059297561645,-0.0872717052698135,0.3285724818706512,-0.6749383211135864,-0.1637498140335083,-0.1125746592879295,-0.5206024646759033,-0.1172626689076423,-0.1802607923746109,-0.7599161863327026,-0.1920409649610519,0.4644588232040405,-0.899185299873352,-0.2266590744256973,-0.1861550956964492,-1.0071300268173218,-0.2399263232946396,0.1168768480420112,0.0100315501913428,0.0120447687804698,-0.1171232983469963,-0.0103932619094848,-0.0107050174847245,0.1530639976263046,0.1217202842235565,-0.3594834506511688,-0.1470157355070114,0.059761356562376,-0.3406754732131958,0.1420631259679794,0.4107276201248169,-0.24891397356987,-0.0902586579322815,0.3838967680931091,-0.2561870813369751,1
115,0.0472928956151008,-0.6292694807052612,-0.2334795147180557,0.1980562061071396,-0.4795412123203277,-0.0852002799510955,0.3320889174938202,-0.6748008728027344,-0.1625411361455917,-0.1111135855317115,-0.5204486846923828,-0.1135181635618209,-0.1778617799282074,-0.7594991326332092,-0.1879449933767318,0.4646027982234955,-0.899311900138855,-0.2263341695070266,-0.1838624626398086,-1.0092427730560305,-0.2372134178876876,0.1175977140665054,0.01020681951195,0.0120178703218698,-0.1178064569830894,-0.0105387391522526,-0.0106855435296893,0.1504919826984405,0.1237872168421745,-0.3690509498119354,-0.1469062268733978,0.0693308562040329,-0.3449459969997406,0.1413631588220596,0.4259312152862549,-0.2724283933639526,-0.0869904682040214,0.4059673547744751,-0.2764468789100647,1
116,0.0476121976971626,-0.6257947683334351,-0.2397594004869461,0.1976810693740844,-0.479419857263565,-0.088424876332283,0.3319467008113861,-0.6743397116661072,-0.163563534617424,-0.1122013852000236,-0.520118236541748,-0.1186776235699653,-0.1840698271989822,-0.7535272240638733,-0.190703272819519,0.4643891155719757,-0.8987917900085449,-0.2272127419710159,-0.1915751844644546,-1.003677487373352,-0.2393738776445388,0.1178399994969368,0.0105967679992318,0.0122650498524308,-0.1180327087640762,-0.0108915790915489,-0.0109489159658551,0.1505539268255233,0.157479852437973,-0.3676185607910156,-0.1463629454374313,0.0857987776398658,-0.3475280404090881,0.1412643939256668,0.4518755376338959,-0.2639607787132263,-0.0832545161247253,0.4261695444583893,-0.2725801765918731,1
117,0.0436106324195861,-0.6258196830749512,-0.2632067203521728,0.1904321163892746,-0.4796984493732452,-0.1096604466438293,0.3290213644504547,-0.6731435060501099,-0.1887287050485611,-0.1201889067888259,-0.5208114385604858,-0.1389626711606979,-0.1969733387231826,-0.7507166862487793,-0.2200497090816497,0.4575639069080353,-0.8909738063812256,-0.2586493790149688,-0.2030840367078781,-0.9957095384597778,-0.280632734298706,0.1178445518016815,0.0102373091503977,0.0122688626870512,-0.1180435493588447,-0.0105091799050569,-0.0109572829678654,0.1449842453002929,0.206264317035675,-0.3374305963516235,-0.1497933566570282,0.1447513103485107,-0.3109479546546936,0.1543167829513549,0.5031598210334778,-0.2488585263490677,-0.0837653428316116,0.4907814860343933,-0.2474639862775802,1
118,0.0358243249356746,-0.6266005635261536,-0.2952778041362762,0.1796203851699829,-0.4806036055088043,-0.1310610622167587,0.3223400115966797,-0.680944561958313,-0.199964553117752,-0.1224600076675415,-0.5196242332458496,-0.1701919883489608,-0.2101695537567138,-0.7432126998901367,-0.2518502175807953,0.4544564187526703,-0.8981938362121582,-0.2676432132720947,-0.2192838937044143,-0.9816526770591736,-0.3068598508834839,0.1156512126326561,0.0097514791414141,0.0123742008581757,-0.115930825471878,-0.0100017329677939,-0.0111099351197481,0.1480383872985839,0.2805287539958954,-0.2562554180622101,-0.1502678394317627,0.2357357442378997,-0.2258841693401336,0.1655095219612121,0.5908647775650024,-0.12884221971035,-0.0850059539079666,0.5685082077980042,-0.1199452579021453,1
119,0.0335552357137203,-0.6300462484359741,-0.3071189224720001,0.1790609508752823,-0.4855097234249115,-0.1445307582616806,0.3200044631958008,-0.6875870227813721,-0.2080108821392059,-0.121456004679203,-0.5198548436164856,-0.1788146495819091,-0.2154559791088104,-0.7428333759307861,-0.2574477195739746,0.4521098136901855,-0.9013023972511292,-0.2705628871917724,-0.2269876897335052,-0.980388641357422,-0.3091659843921661,0.1137974932789802,0.0081231342628598,0.0123631674796342,-0.1140946373343467,-0.0083570340648293,-0.0111145786941051,0.1635676324367523,0.304047018289566,-0.2039826214313507,-0.1492295116186142,0.2821678221225738,-0.1661837548017501,0.179587572813034,0.6220656037330627,-0.0342374555766582,-0.0855371356010437,0.5960316061973572,-0.0212242268025875,1
120,0.0298601482063531,-0.6335464119911194,-0.3098962903022766,0.172525092959404,-0.4913202226161957,-0.1500044167041778,0.3156594336032867,-0.6950743198394775,-0.213791474699974,-0.1213573068380355,-0.52024906873703,-0.180356815457344,-0.2135479897260666,-0.7386400103569031,-0.2646608352661133,0.440418392419815,-0.9040068984031676,-0.2792357802391052,-0.2239662557840347,-0.9781717658042908,-0.3242194354534149,0.1116170138120651,0.0067395670339465,0.0122172692790627,-0.1118843108415603,-0.0069812918081879,-0.0110114477574825,0.1630917936563491,0.3523556292057037,-0.0952330976724624,-0.140283852815628,0.3295580446720123,-0.0971293449401855,0.1785488575696945,0.6776371002197266,0.0797133594751358,-0.0857490003108978,0.6460371017456055,0.0727816373109817,1
121,0.0296150539070367,-0.6338929533958435,-0.309266060590744,0.173090174794197,-0.4911085665225982,-0.1501084119081497,0.3159483075141907,-0.6939098238945007,-0.2132570892572403,-0.1189573109149932,-0.5213317275047302,-0.1771562993526458,-0.2180119901895523,-0.735529899597168,-0.2601095139980316,0.4407185018062591,-0.9029527306556702,-0.27785524725914,-0.2255339175462722,-0.962784707546234,-0.3171411156654358,0.1084071770310401,0.0064573460258543,0.0077637759968638,-0.1086863651871681,-0.0066861184313893,-0.0067529832012951,0.1607009917497635,0.3456443846225738,-0.1070133596658706,-0.118581622838974,0.3469648361206054,-0.0399450920522213,0.1769698113203048,0.6890591382980347,0.048878040164709,-0.0702356696128845,0.6726794838905334,0.1030930131673812,1
122,0.0357950776815414,-0.633437991142273,-0.3085156679153442,0.1734548211097717,-0.49069744348526,-0.1476192623376846,0.3109422624111175,-0.688372790813446,-0.2127130180597305,-0.1168137639760971,-0.5203284621238708,-0.1756234914064407,-0.2163979560136795,-0.7239264845848083,-0.2612322270870209,0.4242525398731231,-0.8964794874191284,-0.2771604061126709,-0.223807230591774,-0.9589305520057678,-0.3408689796924591,0.1078821569681167,0.0060947611927986,0.0077710961923003,-0.1081080287694931,-0.0063691171817481,-0.006762508302927,0.1561318933963775,0.3845856487751007,-0.0292209740728139,-0.106885939836502,0.3690288066864013,-0.0210117176175117,0.1801863312721252,0.7293674349784851,0.109438732266426,-0.0621202886104583,0.704096257686615,0.1232485175132751,1
123,0.0360332243144512,-0.6336966156959534,-0.2805004417896271,0.1737213730812072,-0.4927160739898681,-0.1207862198352813,0.3051936626434326,-0.6863918900489807,-0.1803179830312729,-0.1168076768517494,-0.5206707715988159,-0.1347679197788238,-0.2169698476791381,-0.7217333316802979,-0.211126834154129,0.411458671092987,-0.8958512544631958,-0.2506966888904571,-0.2244622260332107,-0.9558566212654114,-0.2809720039367676,0.1071958392858505,0.006047414150089,0.0073522180318832,-0.1073677018284797,-0.0063261897303164,-0.0063688280060887,0.1549014002084732,0.3812287747859955,-0.0444927103817462,-0.1021706536412239,0.3737344741821289,-0.008876459673047,0.1789993941783905,0.7353577613830566,0.0818564519286155,-0.0573015473783016,0.707953691482544,0.1261439472436905,1
124,0.0360057726502418,-0.639551043510437,-0.259970873594284,0.1723996996879577,-0.4948666393756866,-0.104511834681034,0.2928315103054046,-0.6860176920890808,-0.1656206399202346,-0.1173354536294937,-0.5237282514572144,-0.1136904805898666,-0.2163494229316711,-0.7192574739456177,-0.1957072168588638,0.392861932516098,-0.8964391350746155,-0.2393846362829208,-0.2239725142717361,-0.9528531432151794,-0.2753702104091644,0.1069694608449935,0.0060207545757293,0.0059761484153568,-0.1071116104722023,-0.0063009210862219,-0.0049955286085605,0.141146644949913,0.3939301669597626,-0.0143568245694041,-0.104555070400238,0.3784117698669433,-0.0036875247023999,0.1787190735340118,0.7490537166595459,0.1016700342297554,-0.0579795353114604,0.7222053408622742,0.1229771748185157,1
125,0.0308067463338375,-0.6398314833641052,-0.2635777592658996,0.1655460149049759,-0.4951221048831939,-0.1059773489832878,0.2764298319816589,-0.6826658844947815,-0.1786932945251464,-0.1220445781946182,-0.5236814022064209,-0.1136505976319313,-0.2294400930404663,-0.7107073068618774,-0.1983156949281692,0.3747498691082001,-0.8951530456542969,-0.2560873925685882,-0.2321780323982238,-0.9356607794761658,-0.2779670059680938,0.1065894663333892,0.0056305075995624,0.0023965330328792,-0.1067159622907638,-0.0059353029355406,-0.0014128561597317,0.1356023848056793,0.3943741917610168,-0.0189732126891613,-0.1049636155366897,0.3822746574878692,0.002920152619481,0.1745477467775344,0.7524353861808777,0.099235899746418,-0.0532921850681304,0.7267637848854065,0.1281043142080307,1
126,0.0263179652392864,-0.6397503018379211,-0.2652249932289123,0.1595257520675659,-0.4958425164222717,-0.1070852130651474,0.2632677257061004,-0.6825737953186035,-0.179292619228363,-0.1256984770298004,-0.5236483812332153,-0.1172177344560623,-0.2303788363933563,-0.7061981558799744,-0.2038014680147171,0.3597035706043243,-0.8957201838493347,-0.2562403976917267,-0.2352866530418396,-0.927623212337494,-0.3056249022483825,0.1064086034893989,0.0054416763596236,0.0017234833212569,-0.1065311133861541,-0.005768303759396,-0.0007334724650718,0.1289352178573608,0.3975571691989898,-0.0120176309719681,-0.1055366024374961,0.3861565589904785,0.0060778791084885,0.1673746854066848,0.7545620203018188,0.1023193597793579,-0.0565889589488506,0.7346804141998291,0.1232053264975547,1
127,0.0244515389204025,-0.6413633227348328,-0.2590796649456024,0.1588055491447448,-0.4994273781776428,-0.1041717380285263,0.2608838081359863,-0.6913325190544128,-0.1695899963378906,-0.1269012093544006,-0.5235307812690735,-0.1066421419382095,-0.2334558367729187,-0.7024137377738953,-0.1926035732030868,0.3452363312244415,-0.910308301448822,-0.238071009516716,-0.2365734279155731,-0.9261340498924256,-0.2884946465492248,0.1063994839787483,0.0049927295185625,0.0006520405877381,-0.106521800160408,-0.0053570559248328,0.0003582453937269,0.1266075074672699,0.4010010361671448,-0.0086563462391495,-0.1045055463910102,0.3924423456192016,0.0123452665284276,0.1674404591321945,0.7581758499145508,0.1022213175892829,-0.0573820434510707,0.7478404641151428,0.1202540174126625,1
128,0.0239860769361257,-0.6417803764343262,-0.2600116729736328,0.1568289548158645,-0.4997295141220093,-0.1087895482778549,0.2499240040779113,-0.6911342144012451,-0.1809607893228531,-0.1269143223762512,-0.5231712460517883,-0.1082530990242958,-0.2339600473642349,-0.700400173664093,-0.1953123807907104,0.3277378976345062,-0.9101474285125732,-0.2505531013011932,-0.2363239377737045,-0.9233041405677797,-0.2930287420749664,0.106170505285263,0.004744610749185,-0.0012274569598957,-0.1062891855835914,-0.0051198075525462,0.0022525393869727,0.1198495402932167,0.4012000858783722,-0.0136890225112438,-0.1054523661732673,0.3913721442222595,0.0095632262527942,0.1609959453344345,0.7599129676818848,0.0978393331170082,-0.0597124472260475,0.745807945728302,0.1175731644034385,1
129,0.0200681369751691,-0.6386008858680725,-0.2609331607818603,0.1537753641605377,-0.5002936720848083,-0.1111718341708183,0.232429027557373,-0.6942611336708069,-0.1907384097576141,-0.1287967711687088,-0.514776885509491,-0.1062192395329475,-0.2409630417823791,-0.6869553327560425,-0.1982652842998504,0.2890598475933075,-0.91878342628479,-0.2587237954139709,-0.2478502690792083,-0.9165144562721252,-0.3111660778522491,0.1061685234308242,0.004331752192229,-0.0018732040189206,-0.1062846556305885,-0.0047262264415621,0.0028956809546798,0.1113235056400299,0.4060023427009582,-0.0121045354753732,-0.108992762863636,0.3917764127254486,0.0104817803949117,0.1454266160726547,0.7643805742263794,0.0958194136619567,-0.0732239261269569,0.7486814260482788,0.1159278377890586,1
130,0.0220741666853427,-0.638555645942688,-0.2563036382198334,0.1586981415748596,-0.5009368062019348,-0.111233927309513,0.2338732481002807,-0.6961084604263306,-0.1923703253269195,-0.1257440894842147,-0.5137130618095398,-0.1025785207748413,-0.2292798906564712,-0.6885697841644287,-0.1994848102331161,0.2809658944606781,-0.923352837562561,-0.2599611282348633,-0.2344896793365478,-0.9180698990821838,-0.3105250597000122,0.1064014062285423,0.004169154446572,-0.0017412351444363,-0.1065210849046707,-0.0045718164183199,0.0027598859742283,0.1115687042474746,0.4107464551925659,-0.0041958368383347,-0.1097816750407219,0.3906438946723938,0.0116646196693182,0.1429259032011032,0.7655565142631531,0.1066595539450645,-0.0890167579054832,0.7463712692260742,0.1215027123689651,1
131,0.0201491378247737,-0.6380128264427185,-0.25673308968544,0.1564754545688629,-0.5024772882461548,-0.1153063625097274,0.2251932024955749,-0.6958884000778198,-0.1955883800983429,-0.1272142827510833,-0.5130326747894287,-0.1029273569583892,-0.2306881994009018,-0.685885488986969,-0.2002886831760406,0.2714617550373077,-0.9224963784217834,-0.2614038586616516,-0.2347487211227417,-0.916997730731964,-0.3102294504642486,0.1063648536801338,0.0039372332394123,-0.0034669179003685,-0.1064800694584846,-0.0043472996912896,0.004458553623408,0.1110769733786583,0.4091420173645019,-0.0065363282337784,-0.1100838482379913,0.3914783000946045,0.0195486452430486,0.1440954804420471,0.7649723887443542,0.1046244502067565,-0.087219163775444,0.7474183440208435,0.1270231008529663,1
132,0.0202065743505954,-0.6312933564186096,-0.2751658260822296,0.1567043215036392,-0.5037200450897217,-0.1290195137262344,0.2225197404623031,-0.7053736448287964,-0.2030012160539627,-0.126345008611679,-0.5088151097297668,-0.1239289194345474,-0.2293765991926193,-0.6837803721427917,-0.2318196296691894,0.2685226798057556,-0.937376081943512,-0.2624747455120086,-0.2363699674606323,-0.914747714996338,-0.3444317877292633,0.1064782366156578,0.0038580500986427,-0.0016968271229416,-0.1065958514809608,-0.0042754015885293,0.0027173326816409,0.1091248989105224,0.4139771461486816,-0.0066062277182936,-0.1163846477866172,0.3919678032398224,0.0147109664976596,0.141382411122322,0.7684369683265686,0.1041937544941902,-0.1027730330824852,0.7509965300559998,0.1162289306521415,1
133,0.0164358038455247,-0.631118655204773,-0.2651885449886322,0.1565897315740585,-0.5071637630462646,-0.1270353347063064,0.221460536122322,-0.7089746594429016,-0.2013261169195175,-0.1267796009778976,-0.5093225836753845,-0.1097360998392105,-0.2316950559616089,-0.6905177235603333,-0.1948001086711883,0.2541378140449524,-0.9361274838447572,-0.2574101984500885,-0.2378570586442947,-0.9239550232887268,-0.2830271422863006,0.1065150871872901,0.0038006191607564,-0.0033021848648786,-0.1066334471106529,-0.0042192647233605,0.0043309712782502,0.1064231917262077,0.413202702999115,-0.0114771090447902,-0.1170582845807075,0.3936483860015869,0.0146035542711615,0.1416349709033966,0.7689961791038513,0.0930071026086807,-0.1002414301037788,0.7552788257598877,0.1140631809830665,1
134,0.0150063978508114,-0.6279152631759644,-0.2463408261537552,0.15646693110466,-0.5089799761772156,-0.1118180826306343,0.2171243280172348,-0.7115498781204224,-0.187256246805191,-0.1266665160655975,-0.5090950131416321,-0.0907079353928566,-0.2291569709777832,-0.687963604927063,-0.1832731515169143,0.2463264465332031,-0.9396788477897644,-0.2394996136426925,-0.2377837598323822,-0.92370867729187,-0.2820270657539367,0.1065028756856918,0.0037768040783703,-0.0040410649962723,-0.1066199988126754,-0.0042010648176074,0.005062439944595,0.0996423661708831,0.4137126803398132,-0.0118790064007043,-0.1212795600295066,0.3934469521045685,0.0140628283843398,0.1297908723354339,0.7712973952293396,0.0901141241192817,-0.1045412719249725,0.7550454139709473,0.1106656119227409,1
135,0.0139461122453212,-0.6249386072158813,-0.2479309141635894,0.1559010744094848,-0.5097262263298035,-0.1122236177325248,0.2152921706438064,-0.7138709425926208,-0.1895602345466613,-0.1268033534288406,-0.5087131261825562,-0.0912398621439933,-0.2281773388385772,-0.6868751645088196,-0.2031799256801605,0.2482939809560775,-0.941150426864624,-0.2411590665578842,-0.2377812713384628,-0.9221373200416564,-0.3192838728427887,0.1065173521637916,0.0037398124113678,-0.0040032435208559,-0.1066333651542663,-0.004165653605014,0.0050230645574629,0.0965487957000732,0.4143651723861694,-0.0136444000527262,-0.1264597475528717,0.3933116197586059,0.0108502637594938,0.1298350691795349,0.7732970118522644,0.085734024643898,-0.1096804291009903,0.7548662424087524,0.1041968166828155,1
136,0.0121792685240507,-0.6248710751533508,-0.2466674596071243,0.1554431021213531,-0.5095747113227844,-0.1125099658966064,0.2111191749572754,-0.7134412527084351,-0.199274480342865,-0.1272437423467636,-0.5082207918167114,-0.0916020274162292,-0.2283120453357696,-0.6874321699142456,-0.2005385458469391,0.2409112900495529,-0.9408549070358276,-0.2582902312278747,-0.239167034626007,-0.9228750467300416,-0.3095452487468719,0.106578804552555,0.0037081877235323,-0.003996152896434,-0.1066922098398208,-0.0041352249681949,0.0050179413519799,0.0956191048026084,0.4155250787734985,-0.0138257713988423,-0.1315764188766479,0.3928146660327911,0.0105752144008874,0.1249799281358718,0.7737431526184082,0.0859690010547638,-0.1152790710330009,0.7538534998893738,0.1043351963162422,0
137,0.0156756322830915,-0.6253366470336914,-0.2479865103960037,0.1571316719055175,-0.5094593167304993,-0.1128623858094215,0.2143421322107315,-0.7134832143783569,-0.1990492641925811,-0.1265006214380264,-0.5085053443908691,-0.0950803384184837,-0.2249581068754196,-0.6874909400939941,-0.2059483826160431,0.2447281330823898,-0.9420382380485536,-0.2566248178482055,-0.2354292571544647,-0.9224372506141664,-0.3148192763328552,0.1066267788410186,0.0036820585373789,-0.0039563388563692,-0.1067403554916381,-0.0041109323501586,0.0049782167188823,0.0973471403121948,0.4154074192047119,-0.0137303117662668,-0.1311361342668533,0.3918583393096924,0.0104617429897189,0.126854196190834,0.7736198306083679,0.0869384557008743,-0.114477552473545,0.7505946159362793,0.1057831496000289,0
138,0.0145624158903956,-0.6225661635398865,-0.2520252466201782,0.1548041105270385,-0.5092389583587646,-0.1146071031689643,0.2131409794092178,-0.7138367295265198,-0.1994758695363998,-0.1267662644386291,-0.5066267251968384,-0.0978482812643051,-0.2256078124046325,-0.6813544034957886,-0.2133405208587646,0.246265560388565,-0.9422429203987122,-0.2573140561580658,-0.2360491603612899,-0.9165928363800048,-0.331100732088089,0.1066092699766159,0.0036239216569811,-0.0039502442814409,-0.1067178025841713,-0.0040587238036096,0.004972543567419,0.0975186824798584,0.4152633845806122,-0.0143495053052902,-0.1307873725891113,0.3919948041439056,0.0103770233690738,0.1274343281984329,0.7714076042175293,0.0893613472580909,-0.1116842925548553,0.7512763142585754,0.1063739731907844,0
139,0.0141395833343267,-0.6188593506813049,-0.2675312161445617,0.1539133638143539,-0.5056291222572327,-0.1278063058853149,0.213241159915924,-0.7098886370658875,-0.2215027511119842,-0.1273567080497741,-0.5049743056297302,-0.1137338057160377,-0.2264370322227478,-0.681574285030365,-0.2326211929321289,0.246985986828804,-0.9345433712005616,-0.2872547805309295,-0.238510176539421,-0.916588306427002,-0.3477182686328888,0.1066137701272964,0.003487005829811,-0.0038313386030495,-0.106722354888916,-0.0039230086840689,0.0048511242493987,0.0976131632924079,0.415153443813324,-0.0148935141041874,-0.132694587111473,0.3918609917163849,0.0088401893153786,0.1277359873056411,0.7726137042045593,0.0872824788093566,-0.1115183681249618,0.7511072158813477,0.1052929013967514,0
140,0.0141499638557434,-0.6190093159675598,-0.2669273316860199,0.1538857370615005,-0.504655659198761,-0.1275513172149658,0.213380753993988,-0.7061352133750916,-0.2191524654626846,-0.1274255961179733,-0.505033552646637,-0.1131732165813446,-0.226138025522232,-0.6800744533538818,-0.2319608181715011,0.2519899308681488,-0.932032823562622,-0.2864713072776794,-0.2383136749267578,-0.9127973914146424,-0.352222591638565,0.1066240444779396,0.0034564225934445,-0.0038314675912261,-0.1067334339022636,-0.0038936228957027,0.0048500807024538,0.0975554436445236,0.4150683283805847,-0.0148194301873445,-0.1328905671834945,0.3918093740940094,0.0090686744078993,0.1266314387321472,0.7730733752250671,0.0874890685081482,-0.1120022162795066,0.7505694627761841,0.1062052100896835,0
141,0.0154880536720156,-0.6202927827835083,-0.2666620910167694,0.1544148474931717,-0.504030704498291,-0.1263187825679779,0.2146177291870117,-0.7049179077148438,-0.2112575471401214,-0.1269949525594711,-0.5052180290222168,-0.1106034517288208,-0.2240363955497741,-0.6800632476806641,-0.2304876148700714,0.2566209435462951,-0.9313092827796936,-0.2721043527126312,-0.2357556968927383,-0.9122982025146484,-0.3490976095199585,0.106636643409729,0.0034167252015322,-0.0040062866173684,-0.1067441180348396,-0.0038604193832725,0.0050347372889518,0.0998325943946838,0.4148090779781341,-0.014816221781075,-0.1327735036611557,0.3914768397808075,0.0106751099228858,0.1239139586687088,0.7724539637565613,0.0878219902515411,-0.1094623655080795,0.7497630715370178,0.1082126796245575,0
142,0.0155278630554676,-0.6202445030212402,-0.2632738947868347,0.1547415554523468,-0.5033513903617859,-0.1234733685851097,0.2159799486398697,-0.7008690237998962,-0.210133209824562,-0.1269929856061935,-0.5050528645515442,-0.1056838929653167,-0.2260670661926269,-0.6799716949462891,-0.2189085334539413,0.2616340517997741,-0.9273200035095216,-0.2714394032955169,-0.2397119253873825,-0.9129520654678344,-0.3377447426319122,0.1066735908389091,0.0033899466507136,-0.0039765476249158,-0.1067762225866317,-0.0038351891562342,0.0050090961158275,0.0978868752717971,0.4151251018047333,-0.0151244224980473,-0.1353490203619003,0.391520082950592,0.0103944335132837,0.1223609074950218,0.7738597989082336,0.0855776369571685,-0.1112293824553489,0.7501091957092285,0.106883205473423,0
143,0.0161248762160539,-0.618412971496582,-0.2632100880146026,0.1554319262504577,-0.5033416152000427,-0.1237814724445343,0.216106042265892,-0.7018786072731018,-0.2118567079305648,-0.1265856623649597,-0.5055949091911316,-0.1059199050068855,-0.2257885634899139,-0.6844301223754883,-0.2190103530883789,0.2616468369960785,-0.9294252395629884,-0.2741528749465942,-0.2397348135709762,-0.9175971746444702,-0.3371499180793762,0.1066831722855568,0.0034069754183292,-0.0041116857901215,-0.1067841872572898,-0.0038533406332135,0.0051432424224913,0.0960225537419319,0.4150975346565246,-0.0151618113741278,-0.1396633684635162,0.3909775912761688,0.0104581816121935,0.1187411174178123,0.7738456726074219,0.0860654488205909,-0.1122448146343231,0.748900294303894,0.1085100248456001,0
144,0.0164902955293655,-0.6179502010345459,-0.2631386816501617,0.1558519452810287,-0.502643883228302,-0.1234211027622222,0.2178704440593719,-0.6978083252906799,-0.2096911817789077,-0.1265981048345565,-0.5046495199203491,-0.1059946566820144,-0.2279005646705627,-0.6806042194366455,-0.2190121859312057,0.2680738270282745,-0.9257583618164062,-0.2737781405448913,-0.2397136390209198,-0.9165006279945374,-0.337029218673706,0.1067933663725853,0.0034038214944303,-0.0040969960391521,-0.1069023981690406,-0.0038518707733601,0.0051272483542561,0.0963435471057891,0.4150786995887756,-0.0152565957978367,-0.1395928263664245,0.3907235860824585,0.0095052849501371,0.1154744774103164,0.7709929347038269,0.0882712006568908,-0.1199583262205123,0.7488840222358704,0.1076318770647049,0
145,0.0187031459063291,-0.6157581210136414,-0.2757876813411712,0.1560273766517639,-0.5025397539138794,-0.1260489672422409,0.2220160812139511,-0.7001391053199768,-0.2080456316471099,-0.1268140971660614,-0.5037388801574707,-0.1223333030939102,-0.2300796657800674,-0.6788697838783264,-0.2358536124229431,0.2751499116420746,-0.9303438067436218,-0.2703277170658111,-0.2395551055669784,-0.91629558801651,-0.3510462641716003,0.1068937480449676,0.0033511461224406,-0.0017119995318353,-0.107007972896099,-0.0038040340878069,0.0027701784856617,0.0991680696606636,0.4150353968143463,-0.0148791316896677,-0.1397559493780136,0.3889767825603485,0.0040732473134994,0.1138557344675064,0.770895779132843,0.0886187702417373,-0.1236698701977729,0.7465083003044128,0.1027938053011894,0
146,0.0192704666405916,-0.6156179308891296,-0.272371381521225,0.1565313786268234,-0.5014268159866333,-0.1234260722994804,0.2229328900575637,-0.6931505799293518,-0.2078225761651992,-0.1266690194606781,-0.5027477145195007,-0.1168926134705543,-0.2308275252580642,-0.6772180199623108,-0.2294293791055679,0.2745708525180816,-0.9175997972488404,-0.2732244431972503,-0.2399749755859375,-0.9157307147979736,-0.3466019928455353,0.1069758087396621,0.0033473074436187,-0.0016848446102812,-0.1070891544222831,-0.0038030133582651,0.0027442357968539,0.0969884321093559,0.4156050980091095,-0.0162212327122688,-0.1414018720388412,0.3889252245426178,0.0026001532096415,0.1049404069781303,0.7717970013618469,0.0845272913575172,-0.1287735849618911,0.7470640540122986,0.0970942303538322,0
147,0.0193232931196689,-0.6130820512771606,-0.295281320810318,0.1560327261686325,-0.4976241290569305,-0.1466884911060333,0.2229020893573761,-0.6879966259002686,-0.2390882223844528,-0.1275200098752975,-0.5019737482070923,-0.1345717906951904,-0.2337292730808258,-0.6769928336143494,-0.2407276183366775,0.2729312479496002,-0.9125670790672302,-0.3152685463428497,-0.2405034154653549,-0.9158392548561096,-0.3517645001411438,0.1070198714733123,0.0033670510165393,-0.0024779988452792,-0.1071362346410751,-0.0038252249360084,0.0035156374797225,0.0948280617594719,0.4156093895435333,-0.017302019521594,-0.1477204263210296,0.3888702988624573,0.0046269483864307,0.0985377579927444,0.7709712982177734,0.0846335291862487,-0.1336659342050552,0.7463124990463257,0.1008860766887664,0
148,0.0105934459716081,-0.6130942702293396,-0.315695583820343,0.1438218057155609,-0.4967747032642364,-0.1546605825424194,0.2236668616533279,-0.6873862147331238,-0.2365347445011139,-0.1435922533273697,-0.500709593296051,-0.1517199724912643,-0.2701058983802795,-0.674828827381134,-0.2426225543022155,0.2712955176830292,-0.9055947065353394,-0.3097757399082184,-0.2645322978496551,-0.9141166806221008,-0.3392345309257507,0.1070641204714775,0.0032654835376888,-0.0023881017696112,-0.1071912050247192,-0.0037339080590754,0.0034279148094356,0.0943402871489524,0.4153765141963959,-0.0153681868687272,-0.154902771115303,0.3880142271518707,0.0067044459283351,0.0788246244192123,0.7651113867759705,0.0894547700881958,-0.157803937792778,0.745459258556366,0.1016497164964675,0
149,0.0038781415205448,-0.6091484427452087,-0.3179436028003692,0.1361239999532699,-0.4936009049415588,-0.1518071889877319,0.2236958593130111,-0.6759724617004395,-0.2322788834571838,-0.1557670682668686,-0.4914101362228393,-0.15292389690876,-0.3034050464630127,-0.6605473756790161,-0.2424922436475753,0.2637467086315155,-0.880164623260498,-0.3066196143627167,-0.2863988876342773,-0.8928789496421814,-0.3319048285484314,0.1071182265877723,0.0026706855278462,-0.0022166611161082,-0.1072726473212242,-0.0031747200991958,0.0032487472053617,0.0942226275801658,0.4150631725788116,-0.0158272050321102,-0.1605743169784546,0.3870840966701507,0.0051647378131747,0.0655945390462875,0.760590672492981,0.0866763442754745,-0.1692139655351638,0.74281245470047,0.0970631092786789,0
150,0.0076151802204549,-0.6392580270767212,-0.1795736402273178,0.1397436559200287,-0.5041274428367615,0.0001154490382759,0.2562623023986816,-0.6688230037689209,-0.0242928266525268,-0.1618491560220718,-0.4973564743995666,-0.010205378755927,-0.3264566361904144,-0.6614980697631836,-0.0585912875831127,0.269379049539566,-0.8672019243240356,-0.0535447336733341,-0.2840534448623657,-0.8888162970542908,-0.1032490506768226,0.107640691101551,0.0024685924872756,-0.0020468344446271,-0.1077610626816749,-0.0029982258565723,0.0031293416395783,0.0934675857424736,0.4147926270961761,-0.0086210211738944,-0.1553163826465606,0.3845717310905456,0.0079715913161635,0.065418541431427,0.7551540732383728,0.0883323848247528,-0.1746115535497665,0.7306064963340759,0.0971766635775566,0
151,0.0090802619233727,-0.6482291221618652,-0.1456917524337768,0.1446642428636551,-0.5094741582870483,0.036181878298521,0.2891221344470978,-0.6593755483627319,0.0154550075531005,-0.1630237102508545,-0.5017906427383423,0.0265943352133035,-0.3354503512382507,-0.6681168079376221,-0.0091828564181923,0.2868921756744385,-0.8543316721916199,-0.0132614849135279,-0.2810903787612915,-0.8893516063690186,-0.0434759296476841,0.107841171324253,0.0023614116944372,-0.0010661755222827,-0.1079421937465667,-0.0029000171925872,0.0021792079787701,0.0864377841353416,0.4142199158668518,-0.0013464220101013,-0.1487158089876175,0.3805051445960998,0.0079422695562243,0.0600270368158817,0.7552202343940735,0.0966037958860397,-0.1709739118814468,0.7196555733680725,0.1017482429742813,0
152,0.0209978278726339,-0.6399962306022644,-0.1612101346254348,0.1541101783514022,-0.5056958198547363,0.0361903123557567,0.3396978676319122,-0.6100462079048157,0.0202136505395174,-0.1617112904787063,-0.4887349903583526,0.0175679698586463,-0.3546770513057709,-0.5818066596984863,-0.0135100837796926,0.3177604675292969,-0.7928548455238342,-0.0197381116449832,-0.2803770005702972,-0.7775973081588745,-0.0558748245239257,0.1078742370009422,0.0023970494512468,0.0004710071079898,-0.1079770997166633,-0.0029317990411072,0.0006003421149216,0.0690833032131195,0.4184018969535827,-0.0017899035010486,-0.1158417016267776,0.3817232549190521,0.0049728620797395,0.0431942343711853,0.7664715051651001,0.0920862108469009,-0.1256597340106964,0.7226532101631165,0.0993180498480796,0
153,0.0310178603976964,-0.6304042339324951,-0.1377449035644531,0.1585098505020141,-0.4683368504047394,0.0779765918850898,0.3620012402534485,-0.4552760422229767,0.0561158843338489,-0.154860034584999,-0.4684751629829407,0.0404517315328121,-0.3427042067050934,-0.4165250360965729,-0.002112376037985,0.3573732674121856,-0.6191214919090271,-0.031025355681777,-0.2821314632892608,-0.5593860149383545,-0.1032222658395767,0.1071805283427238,0.001844935119152,0.0071727316826581,-0.1072932779788971,-0.0024150607641786,-0.0060338834300637,0.0520744509994983,0.4183451235294342,-0.0212747603654861,-0.0578807108104229,0.395838975906372,-0.0351118370890617,0.0119586726650595,0.7606121897697449,0.0843840539455413,-0.0279314927756786,0.7631151080131531,0.0388904027640819,0
154,0.0338142774999141,-0.6258606910705566,-0.153450921177864,0.1597261279821396,-0.4702573716640472,0.0573640912771225,0.361531913280487,-0.4535984396934509,0.0350732505321502,-0.1578708589076995,-0.4718314409255981,0.0204096958041191,-0.3290359079837799,-0.3787392079830169,-0.0427312143146991,0.3775518238544464,-0.6109882593154907,-0.0559084713459014,-0.291308045387268,-0.4799305498600006,-0.2523673772811889,0.1065864041447639,0.0011636859271675,0.0076537122949957,-0.1066295206546783,-0.0017871771706268,-0.0064924145117402,0.0353109054267406,0.403373122215271,-0.0493832267820835,-0.0199236590415239,0.3975896835327148,-0.0336183384060859,-0.0514460504055023,0.7256272435188293,0.047269057482481,0.0733546614646911,0.7592683434486389,0.028970930725336,0
155,0.0700253322720527,-0.625593900680542,-0.1594058573246002,0.1647162437438964,-0.4693470299243927,0.0629080161452293,0.3549318015575409,-0.4055202305316925,0.0241557080298662,-0.1477208137512207,-0.4724625051021576,0.0166755653917789,-0.2777628302574157,-0.3248367607593536,-0.0960626229643821,0.3829788863658905,-0.5467455387115479,-0.1136595904827117,-0.2859565019607544,-0.3984481990337372,-0.3356656432151794,0.1050869897007942,0.000268293370027,0.0096762962639331,-0.1050495207309722,-0.0009504801128059,-0.0085079679265618,0.0222991351038217,0.4024825990200043,-0.0480166189372539,0.0171747338026762,0.4004830420017242,-0.0456265360116958,-0.0741679072380065,0.7171563506126404,0.0395474545657634,0.1272957623004913,0.7606036067008972,0.0098547954112291,0
156,0.0657633990049362,-0.6211358308792114,-0.1435034871101379,0.165300115942955,-0.4573349952697754,0.0930386260151863,0.3514347076416015,-0.3582281768321991,0.0284776985645294,-0.144877478480339,-0.4735252857208252,0.0100584030151367,-0.2282639294862747,-0.2692633867263794,-0.0698779225349426,0.3905324041843414,-0.5010453462600708,-0.1493231356143951,-0.2872692048549652,-0.2366731315851211,-0.2841793596744537,0.1009190380573272,0.0002428227016935,0.0361504480242729,-0.1008535623550415,-0.0009218196501024,-0.0348478816449642,0.0015324540436267,0.4062573611736297,0.059639848768711,0.0745842233300209,0.3818601667881012,-0.1264635771512985,-0.1072403118014335,0.7208846211433411,0.1503018587827682,0.2088202983140945,0.7531377077102661,-0.1307091563940048,0
157,0.0639199763536453,-0.6186330318450928,-0.1411978304386139,0.1520849913358688,-0.4555802643299103,0.0808679163455963,0.3134419620037079,-0.344388335943222,0.0136516895145177,-0.1670458614826202,-0.469631165266037,0.0074950857087969,-0.2448217719793319,-0.2338089346885681,0.001653887447901,0.3877384066581726,-0.4627120494842529,-0.1978233754634857,-0.3317148983478546,-0.1156786829233169,-0.0857218652963638,0.0996175706386566,-0.0001382856571581,0.0346871763467788,-0.0995797961950302,-0.0005345868412405,-0.0333831459283828,-0.0229502525180578,0.4067613482475281,0.0480308160185813,0.0858479589223861,0.3826022148132324,-0.1070953458547592,-0.1334127932786941,0.7216701507568359,0.1543094515800476,0.2292281091213226,0.7521355152130127,-0.0841308087110519,0
158,0.0608677454292774,-0.6158570051193237,-0.1031633839011192,0.1480583995580673,-0.4520138800144195,0.1003245711326599,0.3013391196727752,-0.3281112611293793,0.0371599942445755,-0.1654565781354904,-0.4704397320747375,0.021729439496994,-0.2360477447509765,-0.2342832833528518,0.0835284441709518,0.3976730108261108,-0.4508889615535736,-0.1827667355537414,-0.3252160847187042,-0.0927062705159187,0.0725161507725715,0.0957603156566619,0.0001364683703286,0.0374844036996364,-0.0959505289793014,-0.0008009554003365,-0.0362122766673564,-0.0320703797042369,0.4089955687522888,0.0445802174508571,0.098379373550415,0.3730120658874511,-0.1355771571397781,-0.1535393893718719,0.7212910056114197,0.156486377120018,0.2162671536207199,0.7360095977783203,-0.1469065397977829,0
159,0.0582395084202289,-0.6017009615898132,-0.0951327010989189,0.1342027336359024,-0.4449237883090973,0.108933225274086,0.2828591763973236,-0.3000192642211914,0.0582098253071308,-0.1715708971023559,-0.4688594043254852,0.0226190742105245,-0.2388759404420852,-0.2167170494794845,0.0958272963762283,0.4041165709495544,-0.3933414220809936,-0.1570521742105484,-0.3145016729831695,-0.0441725365817546,0.0961158573627471,0.0921833217144012,0.0002464636054355,0.0455562099814415,-0.0924853757023811,-0.0008952224743552,-0.0442989058792591,-0.0362854488193988,0.4095387160778045,0.0536862686276435,0.0860156714916229,0.3696191906929016,-0.1387939155101776,-0.1729883253574371,0.7027277946472168,0.1888536214828491,0.1909504234790802,0.729942262172699,-0.1459423601627349,0
160,0.0634971037507057,-0.6021043062210083,-0.08159851282835,0.1183658167719841,-0.4459775984287262,0.1227966323494911,0.2428223341703415,-0.2857909202575683,0.1186496168375015,-0.171268492937088,-0.468202143907547,0.0209146235138177,-0.2330483198165893,-0.202745571732521,0.0856755524873733,0.4054513573646545,-0.3465800881385803,-0.0520973168313503,-0.2877715229988098,-0.0169816650450229,0.0807989835739135,0.0883850082755088,-8.995239477371797e-05,0.0486443936824798,-0.0887605175375938,-0.0005297441966831,-0.0472630374133586,-0.0385551191866397,0.4109907746315002,0.0600987561047077,0.0835190415382385,0.3703587353229522,-0.1346766501665115,-0.1697142422199249,0.7004196643829346,0.2134159803390503,0.1870325356721878,0.7290728092193604,-0.125897079706192,0
161,0.0599752515554428,-0.6007882356643677,-0.0799154490232467,0.109146274626255,-0.4471197724342346,0.1334792077541351,0.2271856218576431,-0.2741859853267669,0.1411063820123672,-0.1750173270702362,-0.4674761891365051,0.024211848154664,-0.2351281940937042,-0.1955617070198059,0.0845730230212211,0.4040225744247436,-0.3169939517974853,-0.0260098315775394,-0.2798345386981964,0.0019378723809495,0.0557074509561061,0.087101437151432,-0.0001795779389794,0.0476277694106102,-0.0874697864055633,-0.000429051258834,-0.0462254434823989,-0.0385036021471023,0.4110866487026214,0.0570626817643642,0.0799014493823051,0.3744871914386749,-0.129704937338829,-0.1732995212078094,0.693179190158844,0.1974680870771408,0.1721809953451156,0.7349985837936401,-0.098800741136074,0
162,0.0578208118677139,-0.6011586785316467,-0.0824301615357399,0.108788676559925,-0.4474162757396698,0.1364796459674835,0.2260568737983703,-0.2709514200687408,0.1407442837953567,-0.1779511868953704,-0.4687433242797851,0.0232323352247476,-0.2364615499973297,-0.2017690539360046,0.0754068791866302,0.4036292135715484,-0.3061492145061493,-0.0391190201044082,-0.2767199873924255,-0.0060660834424197,0.0375146605074405,0.0874534323811531,-0.0007426744559779,0.0476951338350772,-0.087814949452877,0.0001143360932474,-0.0462639331817626,0.0350381806492805,0.4112141728401184,0.0036053524818271,0.0630619078874588,0.3808469772338867,-0.1076201051473617,-0.1506111919879913,0.661919116973877,0.1623008698225021,0.1656447201967239,0.7428151965141296,-0.0289328228682279,0
163,0.0695490464568138,-0.6069698929786682,-0.0849902927875518,0.1108186095952987,-0.4495350420475006,0.1479266583919525,0.2311367094516754,-0.268764466047287,0.1962501406669616,-0.1711365282535553,-0.4717938899993896,-0.0045887622982263,-0.2347161322832107,-0.2026004791259765,0.0176547914743423,0.4137875437736511,-0.282655656337738,0.0565734654664993,-0.2640932500362396,0.0086119612678885,-0.0475290045142173,0.0877840742468833,-0.0007606334984302,0.0556984692811965,-0.0881608948111534,0.0001305817422689,-0.0542628839612007,0.0909160077571868,0.417674571275711,-0.013685586862266,0.0410648994147777,0.3838739991188049,-0.106573961675167,-0.1040361523628234,0.6694032549858093,0.1348602026700973,0.1362523287534713,0.7455156445503235,-0.0150629533454775,0
164,0.0701532587409019,-0.6074433326721191,-0.0974456518888473,0.1046596989035606,-0.4584383368492126,0.1442228108644485,0.1998356133699417,-0.2712509334087372,0.1902393698692321,-0.1767540127038955,-0.4767550230026245,-0.0319217517971992,-0.2351592630147934,-0.2065696567296981,-0.0534937605261802,0.4124619662761688,-0.2357877790927887,0.050928495824337,-0.2617802917957306,-0.0120411813259124,-0.1731660813093185,0.0891108959913253,-0.0036815700586885,0.0594894476234912,-0.0894365608692169,0.0028979706112295,-0.0579210296273231,0.1384767144918441,0.4050702154636383,-0.0160665269941091,0.0102679030969738,0.3945833742618561,-0.1004395335912704,0.0202489588409662,0.6851304769515991,0.1245881393551826,0.0838134735822677,0.755901038646698,-0.0164897795766592,0
165,0.0798480883240699,-0.6074790954589844,-0.1031620725989341,0.1166822910308837,-0.4579911231994629,0.1205346286296844,0.2040777951478958,-0.2607969939708709,0.1565413624048233,-0.1754519939422607,-0.4808417856693268,-0.0269275661557912,-0.2362447381019592,-0.2341096848249435,-0.0544905439019203,0.4137357473373413,-0.2316263020038604,-0.0219640042632818,-0.2588440775871277,-0.0305447559803724,-0.1938323676586151,0.0944370701909065,-0.0062729772180318,0.0542129054665565,-0.0948221608996391,0.0054228585213422,-0.052663467824459,0.1703507751226425,0.3634519577026367,-0.0948411598801612,0.0050783036276698,0.3999276161193847,-0.09764114767313,0.1018757000565528,0.681464433670044,0.0426844544708728,0.0792872309684753,0.756447434425354,-0.0118432231247425,0
166,0.0887624844908714,-0.6055505275726318,-0.0922016054391861,0.1213132590055465,-0.457965075969696,0.1200777143239975,0.1920904517173767,-0.2485138177871704,0.1336687505245208,-0.1725590676069259,-0.4848878681659698,-0.0074533536098897,-0.2380980998277664,-0.2416489422321319,-0.0459471642971038,0.3939226865768432,-0.2144745141267776,-0.0543659627437591,-0.2531477808952331,-0.0384796075522899,-0.1943773627281189,0.09971584379673,-0.0072246827185153,0.0425177477300167,-0.1001101806759834,0.0063744015060365,-0.0410836488008499,0.16628198325634,0.3717881143093109,-0.0704299062490463,0.0010036878520622,0.3992739021778106,-0.0894662886857986,0.1568809002637863,0.7084767818450928,0.0441307872533798,0.0733199715614318,0.7551234364509583,0.0061609493568539,0
167,0.1005597487092018,-0.6002350449562073,-0.0928817689418792,0.1340434402227401,-0.4566692113876343,0.1115583628416061,0.1971878111362457,-0.2467688471078872,0.1189269721508026,-0.1629212647676468,-0.4890434145927429,-0.0066786068491637,-0.2316161841154098,-0.2579777240753174,-0.0547293163836002,0.3984077572822571,-0.2119003981351852,-0.0597666911780834,-0.2348370403051376,-0.0727771520614624,-0.224639281630516,0.104254275560379,-0.0087925028055906,0.0374608449637889,-0.1046852022409439,0.0079135475680232,-0.0359128974378109,0.1846740394830703,0.3694207072257995,-0.0685955882072448,-0.0135598266497254,0.4015927016735077,-0.0722756385803222,0.225809246301651,0.7130405902862549,0.0193061735481023,0.0505077540874481,0.7400040030479431,0.0723181366920471,0
168,0.0988364815711975,-0.5973488688468933,-0.0974079221487045,0.1504377722740173,-0.4490542709827423,0.0913953483104705,0.2210744023323059,-0.2381598949432373,0.0912839695811271,-0.1558232754468917,-0.4887562394142151,0.0056283064186573,-0.2321664690971374,-0.2565568089485168,-0.0465564504265785,0.4181536734104156,-0.1970615237951278,-0.0802169144153595,-0.2334053665399551,-0.0747064650058746,-0.1982440501451492,0.108424074947834,-0.008877320215106,0.0249270927160978,-0.108814999461174,0.0079998150467872,-0.0233689360320568,0.1952654272317886,0.3708766102790832,-0.0690314397215843,-0.0250681079924106,0.4012539982795715,-0.0465487800538539,0.2787643074989319,0.7247364521026611,-0.0106193544343113,0.0463999584317207,0.74156653881073,0.0655234307050705,0
169,0.1065125539898872,-0.5784615874290466,-0.1355508714914322,0.154150128364563,-0.4377299547195434,0.0693350061774253,0.2347098141908645,-0.2310556471347808,0.082723893225193,-0.1518405973911285,-0.4831040203571319,-0.0255682598799467,-0.2277013212442398,-0.2493079602718353,-0.0593773089349269,0.4329500794410705,-0.1641405820846557,-0.0746550038456916,-0.2318599075078964,-0.0616303011775016,-0.2057300359010696,0.10895686596632,-0.0076272403821349,0.0241133328527212,-0.1093539670109748,0.0067448616027832,-0.0225430447608232,0.1916435956954956,0.3878344893455505,-0.067892387509346,-0.0334795154631137,0.400601714849472,-0.0528087206184864,0.2516148686408996,0.7428452968597412,-0.0121853854507207,0.0307614188641309,0.745739221572876,0.0530680641531944,0
170,0.1168762370944023,-0.5801497101783752,-0.1630616337060928,0.1696382164955139,-0.4363467693328857,0.052391517907381,0.2527892887592315,-0.2332711219787597,0.070602498948574,-0.1392910927534103,-0.4830590784549713,-0.0567297115921974,-0.2218904048204422,-0.2499664276838302,-0.0942183881998062,0.444010853767395,-0.1558189690113067,-0.0801079049706459,-0.2264828830957412,-0.0588436685502529,-0.2497710734605789,0.1090616807341575,-0.0059454129077494,0.0249877721071243,-0.10946636646986,0.0050252890214324,-0.0234227310866117,0.1828508675098419,0.3956906199455261,-0.0649885535240173,-0.0413877926766872,0.3984925448894501,-0.0559697970747947,0.2409682124853134,0.7483915686607361,0.0009858033154159,0.0167747624218463,0.7471436262130737,0.0476158373057842,0
171,0.1236083060503006,-0.5777528285980225,-0.1434025317430496,0.1683106869459152,-0.4371577203273773,0.0595379807054996,0.2466623038053512,-0.2343778610229492,0.0740175768733024,-0.1371724009513855,-0.4862503409385681,-0.0468059964478015,-0.2203340381383896,-0.2493542730808258,-0.0526907779276371,0.4203108549118042,-0.1501870900392532,-0.0659243091940879,-0.2242153286933899,-0.0410329923033714,-0.1673566550016403,0.1092612892389297,-0.0040228203870356,0.0222730543464422,-0.1096804589033126,0.0030984284821897,-0.0207323990762233,0.154501274228096,0.3993099927902221,-0.0477712377905845,-0.0560496971011161,0.394585371017456,-0.044068906456232,0.2318464517593383,0.7459763288497925,0.0093073863536119,-0.0170756392180919,0.7444039583206177,0.0587556399405002,0
172,0.1226665154099464,-0.574483335018158,-0.1399627774953842,0.1714942902326584,-0.4377367198467254,0.0597122944891452,0.2312024235725402,-0.2331796139478683,0.0426145270466804,-0.1359701007604599,-0.484061449766159,-0.044916097074747,-0.2158782482147216,-0.2407094538211822,-0.0335595645010471,0.3619068264961242,-0.1348668485879898,-0.1313881427049636,-0.2262405306100845,-0.0137972766533494,-0.1286701261997223,0.1099776104092598,-0.0018923446768894,0.0219644550234079,-0.1103719621896743,0.0009929030202329,-0.0203540306538343,0.1420297026634216,0.4040368199348449,-0.0449395589530468,-0.0718263387680053,0.389796495437622,-0.0444075353443622,0.224671795964241,0.7561976313591003,0.0098586156964302,-0.0558567829430103,0.7407357692718506,0.0566533394157886,0
173,0.1243185177445411,-0.5712333917617798,-0.130366176366806,0.170445904135704,-0.438173234462738,0.0618235282599926,0.2157551497220993,-0.2325952053070068,0.0358228869736194,-0.1367078870534896,-0.4820360839366913,-0.0410804003477096,-0.213020771741867,-0.2294112741947174,-0.0243006739765405,0.3311893045902252,-0.1293676197528839,-0.1419373750686645,-0.2263629734516143,-0.005911920685321,-0.1120063886046409,0.1102262139320373,-0.0001739436411298,0.0211119651794433,-0.1106405481696128,-0.00068993185414,-0.019471738487482,0.1229777410626411,0.4060841202735901,-0.0487323403358459,-0.0796836838126182,0.388612300157547,-0.027177033945918,0.1954899877309799,0.7651841044425964,-0.0107036912813782,-0.0724491849541664,0.7388837933540344,0.0855592638254165,0
174,0.1305450201034546,-0.5717865228652954,-0.0916698351502418,0.169579416513443,-0.4400110244750976,0.0695678442716598,0.2092164456844329,-0.2328131943941116,0.0254918597638607,-0.1338246762752533,-0.4813456237316131,-0.0045788893476128,-0.209652841091156,-0.2289937734603881,0.0023819094058126,0.3127069175243377,-0.1360282152891159,-0.1752210706472396,-0.223952904343605,-0.0053216875530779,-0.0795512050390243,0.1105679869651794,0.0003390061319805,0.0181335974484682,-0.1109833568334579,-0.001186107401736,-0.0165151674300432,0.1210033446550369,0.4040065407752991,-0.0478268414735794,-0.0768079981207847,0.3880676627159118,-0.0263043884187936,0.1953444182872772,0.7623504400253296,-0.0061354823410511,-0.0609985403716564,0.7388720512390137,0.0793864727020263,0
175,0.1298913061618805,-0.565563976764679,-0.1064647063612937,0.1689107716083526,-0.4397089183330536,0.0648508220911026,0.2037360519170761,-0.2301913946866989,0.0253280289471149,-0.1332054287195205,-0.4796994030475616,-0.014558115042746,-0.2065415233373642,-0.2250008285045623,-0.0025041177868843,0.3100215494632721,-0.1264342814683914,-0.1590142399072647,-0.2242674082517624,-4.15955983044114e-05,-0.096900574862957,0.1107058301568031,0.0019895299337804,0.0180387180298566,-0.1111020669341087,-0.0028043373022228,-0.0163747053593397,0.1076076552271843,0.4126713573932647,-0.0513208694756031,-0.0833059474825859,0.3883582055568695,-0.0233660489320755,0.1825045198202133,0.7758369445800781,-0.0178405754268169,-0.0722247809171676,0.7391067743301392,0.0871797278523445,0
176,0.1411965638399124,-0.5606590509414673,-0.1085930541157722,0.1694539487361908,-0.4368630349636078,0.063932791352272,0.212107852101326,-0.22522933781147,0.0288192331790924,-0.1298798471689224,-0.4789133369922638,-0.0280591528862714,-0.1997407078742981,-0.2228433191776275,-0.0290811266750097,0.315733253955841,-0.1119637414813041,-0.1460426747798919,-0.2254988104104995,0.0062242103740572,-0.1206172853708267,0.1105403453111648,0.0032523747067898,0.0176631398499012,-0.1109675914049148,-0.0040562241338193,-0.0160250961780548,0.1063689291477203,0.4105040729045868,-0.0512359179556369,-0.0882401391863823,0.3865858912467956,-0.0127270119264721,0.1766107678413391,0.7731223106384277,-0.0146836228668689,-0.0890948623418808,0.7316529154777527,0.1100886687636375,0
177,0.1535683125257492,-0.5539129972457886,-0.1215434819459915,0.1715203076601028,-0.4326443970203399,0.0509118437767028,0.2103839367628097,-0.2154578566551208,0.0088690416887402,-0.1276005357503891,-0.4770034849643707,-0.0450079627335071,-0.2004249840974807,-0.2165780067443847,-0.0442591682076454,0.3159271478652954,-0.1029964461922645,-0.1757402122020721,-0.2278424799442291,0.0102972704917192,-0.1287526041269302,0.1105344071984291,0.0035247798077762,0.0179743040353059,-0.1109618544578552,-0.0043468843214213,-0.0163399837911129,0.1079895496368408,0.4094438254833221,-0.0486240349709987,-0.0863178670406341,0.3865866065025329,-0.0212097391486167,0.177058145403862,0.772235631942749,-0.0094531197100877,-0.0853509902954101,0.7330657243728638,0.102596215903759,0
178,0.1497149467468261,-0.5489954352378845,-0.1553837954998016,0.1736236363649368,-0.4282621145248413,0.0343292132019996,0.2184633016586303,-0.2139602154493332,-0.0023795620072633,-0.1275320649147033,-0.4693809449672699,-0.0590239688754081,-0.1989692151546478,-0.2075169086456298,-0.0562373511493206,0.3198123574256897,-0.101234532892704,-0.174789696931839,-0.2296118736267089,0.016325119882822,-0.1414433419704437,0.1106538400053978,0.0045008328743278,0.0180100817233324,-0.1110913679003715,-0.0053130611777305,-0.0163740776479244,0.1042403504252433,0.4092121124267578,-0.0528556145727634,-0.0892179012298584,0.3855782151222229,-0.0233043208718299,0.161273255944252,0.7704373002052307,-0.0150590883567929,-0.094130739569664,0.7320145964622498,0.0975454747676849,0
179,0.1554401218891143,-0.5386692881584167,-0.1528558433055877,0.1732859909534454,-0.4273488223552704,0.0355552956461906,0.210727259516716,-0.2144960016012191,-0.0014875888591632,-0.1283843517303466,-0.4686205685138702,-0.0679471492767334,-0.1996592581272125,-0.2067157477140426,-0.0606322549283504,0.301731526851654,-0.1032955721020698,-0.1857275366783142,-0.2307711690664291,0.0154981780797243,-0.1423555314540863,0.1105928346514701,0.0045119393616914,0.0209914967417716,-0.1110316067934036,-0.0053274459205567,-0.0193620007485151,0.1043219193816185,0.408340185880661,-0.0510857105255126,-0.0902663245797157,0.3840497136116028,-0.039987925440073,0.1574747413396835,0.7662608027458191,-0.0021962723694741,-0.104369968175888,0.7312831878662109,0.0752259269356727,0
180,0.153714433312416,-0.5404898524284363,-0.2053739726543426,0.1791305840015411,-0.4212960600852966,0.0033115043770521,0.2193821370601654,-0.2027609497308731,-0.0051030223257839,-0.1247098296880722,-0.4686005413532257,-0.1082275211811065,-0.1989150792360305,-0.2087055444717407,-0.0983239188790321,0.3589968681335449,-0.0788634568452835,-0.1697814464569091,-0.235672190785408,0.0133930705487728,-0.1841254979372024,0.1105903685092926,0.005124932155013,0.0218192972242832,-0.1110289022326469,-0.005961415823549,-0.0201893039047718,0.104795716702938,0.4067298769950866,-0.0504535846412181,-0.0897300243377685,0.3843599557876587,-0.0372107289731502,0.1487648487091064,0.763119101524353,0.000425320235081,-0.1023308634757995,0.7314049601554871,0.088134191930294,0
181,0.1537077873945236,-0.5448554754257202,-0.1820750832557678,0.1788546591997146,-0.4296149611473083,0.0173807200044393,0.2183313071727752,-0.2135435044765472,0.016612134873867,-0.1245746687054634,-0.4768788516521454,-0.1005356460809707,-0.1947953701019287,-0.2197336554527282,-0.0957319810986518,0.3560016453266144,-0.0875051841139793,-0.1338180154561996,-0.2332825511693954,0.0066130030900239,-0.1762194037437439,0.110204316675663,0.0054344688542187,0.0218279641121625,-0.1106579825282096,-0.0062781549058854,-0.0201973617076873,0.0954098999500274,0.4125093221664428,-0.04482227191329,-0.0923563241958618,0.3843530714511871,-0.0390316992998123,0.1457124799489975,0.772914469242096,0.0108418641611933,-0.1019922271370887,0.733850359916687,0.075898103415966,0
182,0.1532060950994491,-0.55330491065979,-0.1760603785514831,0.1808966100215912,-0.434508204460144,0.0207276996225118,0.2190695405006408,-0.2187949270009994,0.0165455695241689,-0.1230699717998504,-0.4797779321670532,-0.0979568809270858,-0.1928260028362274,-0.2216711342334747,-0.0942687392234802,0.3457272350788116,-0.0904437601566314,-0.1351316720247268,-0.2338473051786422,0.0063812527805566,-0.1722005158662796,0.1101533845067024,0.0058432859368622,0.0214293468743562,-0.1106116101145744,-0.0066778790205717,-0.0198119226843118,0.0914705842733383,0.4151117205619812,-0.0438249632716178,-0.0925233513116836,0.3844063580036163,-0.04248658567667,0.1402613222599029,0.7771363854408264,0.0151673387736082,-0.1009756848216056,0.7370805144309998,0.0619507730007171,0
183,0.1415902823209762,-0.5576835870742798,-0.1907351315021515,0.1817209273576736,-0.4343137145042419,0.0065530552528798,0.2212240844964981,-0.2191792577505111,-0.0122340871021151,-0.1237707138061523,-0.4809737801551819,-0.091820515692234,-0.1986483633518219,-0.2250454723834991,-0.0869288370013237,0.3351006805896759,-0.0917183235287666,-0.1835186630487442,-0.2405276149511337,0.0001192138297483,-0.1723167598247528,0.1105373576283454,0.0060546267777681,0.0207705646753311,-0.1109823733568191,-0.0069091590121388,-0.0191611684858798,0.097595639526844,0.4074162244796753,-0.044787660241127,-0.0979038104414939,0.384255439043045,-0.0445887073874473,0.1413308084011078,0.7660234570503235,0.0146562550216913,-0.1030633524060249,0.7368131279945374,0.051751147955656,0
184,0.1515717953443527,-0.5580493807792664,-0.1886003464460373,0.1843724846839904,-0.4352043569087982,0.0071018510498106,0.2206707298755645,-0.2184219807386398,-0.0093844141811132,-0.1213575899600982,-0.4821843206882477,-0.0899569988250732,-0.1960031688213348,-0.2270438820123672,-0.0837824270129203,0.324214905500412,-0.0832094997167587,-0.1675977259874344,-0.240371823310852,-0.0044654202647507,-0.1710766106843948,0.1105372533202171,0.0064755477942526,0.0206990484148263,-0.1109810024499893,-0.0073022572323679,-0.0190900396555662,0.0902689695358276,0.4131093025207519,-0.0448767021298408,-0.0980149358510971,0.3844984769821167,-0.0446685329079628,0.1348604559898376,0.7743808627128601,0.0145587008446455,-0.1025935038924217,0.7370717525482178,0.0534185245633125,0
185,0.1514233946800232,-0.5534215569496155,-0.2283448576927185,0.1844982355833053,-0.424651563167572,-0.0174239501357078,0.2119414359331131,-0.1955146193504333,-0.0120094111189246,-0.1201318055391311,-0.4784148037433624,-0.1204793378710746,-0.1958921998739242,-0.2190530002117157,-0.1064171865582466,0.3242167532444,-0.0485189706087112,-0.164289966225624,-0.2347700297832489,0.0018281099619343,-0.1920420527458191,0.1105278506875038,0.0068525597453117,0.0217027142643928,-0.1109645441174507,-0.0077035408467054,-0.0200457442551851,0.0913122221827507,0.4131143391132355,-0.044907197356224,-0.0936784520745277,0.3861163854598999,-0.0462056063115596,0.1361804455518722,0.7758263349533081,0.0144043797627091,-0.102748803794384,0.7395153045654297,0.0542548708617687,0
186,0.1513422280550003,-0.5573603510856628,-0.1765369325876236,0.1838392317295074,-0.4216771423816681,0.0160313472151756,0.2011294066905975,-0.1786534488201141,0.0206773430109024,-0.1183288320899009,-0.4763119220733642,-0.0873119533061981,-0.1955714076757431,-0.2147044688463211,-0.0834396854043006,0.3176398873329162,-0.0289598181843757,-0.1155583709478378,-0.2316271662712097,0.0016062482027336,-0.1693808734416961,0.1102503761649131,0.0069731622934341,0.0219418127089738,-0.1106514111161232,-0.0078107696026563,-0.0203112382441759,0.0968582779169082,0.4075347185134887,-0.0383488051593303,-0.0883312448859214,0.3864262700080871,-0.0474138706922531,0.1409488469362259,0.7717923521995544,0.0221324730664491,-0.1025636494159698,0.7422934174537659,0.0548977293074131,0
187,0.1558048874139785,-0.555842936038971,-0.1769957393407821,0.1802347302436828,-0.4187707006931305,0.0150585873052477,0.1892390251159668,-0.1692871004343032,0.021747414022684,-0.1181769222021102,-0.4740233719348907,-0.0935105234384536,-0.1939660161733627,-0.2091363221406936,-0.0863874554634094,0.3026238083839416,-0.0115979807451367,-0.10283824801445,-0.2263023853302002,0.0044898791238665,-0.1693619936704635,0.1100552454590797,0.0070228753611445,0.0225505232810974,-0.1104481592774391,-0.0078605143353343,-0.0209170710295438,0.1002807691693306,0.4068489670753479,-0.0384886302053928,-0.0853686481714248,0.3881401717662811,-0.0491140149533748,0.1524525880813598,0.7713258862495422,0.0216718446463346,-0.0994268208742141,0.7455691695213318,0.0553696043789386,0
