FrameNo,head_x,head_y,head_z,left_shoulder_x,left_shoulder_y,left_shoulder_z,left_elbow_x,left_elbow_y,left_elbow_z,right_shoulder_x,right_shoulder_y,right_shoulder_z,right_elbow_x,right_elbow_y,right_elbow_z,left_hand_x,left_hand_y,left_hand_z,right_hand_x,right_hand_y,right_hand_z,left_hip_x,left_hip_y,left_hip_z,right_hip_x,right_hip_y,right_hip_z,left_knee_x,left_knee_y,left_knee_z,right_knee_x,right_knee_y,right_knee_z,left_foot_x,left_foot_y,left_foot_z,right_foot_x,right_foot_y,right_foot_z,running_video
0,-0.0345061458647251,-0.6242881417274475,-0.2237259894609451,0.133134663105011,-0.4808777868747711,-0.0083617670461535,0.1785193085670471,-0.2359213829040527,0.026174671947956,-0.1878750026226043,-0.4701714515686035,-0.0523969456553459,-0.246679425239563,-0.2130908071994781,-0.016752328723669,0.2144446969032287,-0.0152116809040308,-0.073502779006958,-0.2090172618627548,0.0025751357898116,-0.108515940606594,0.1117122322320938,-8.992524817585945e-05,0.0133680021390318,-0.1119928136467933,-0.0004689008928835,-0.0121534783393144,0.1422155201435089,0.4040077328681946,-0.0005012576002627,-0.1139163076877594,0.4001148343086242,-0.028809642419219,0.2086264044046402,0.7619681358337402,0.0867865979671478,-0.1219688206911087,0.7798916101455688,0.0612219423055648,0
1,-0.0337038785219192,-0.6242853403091431,-0.2508943974971771,0.1343361884355545,-0.4778952598571777,-0.0287053864449262,0.180980771780014,-0.2339341789484024,0.0141442772001028,-0.1867277920246124,-0.4660623371601105,-0.072233036160469,-0.2466632276773452,-0.2088247686624527,-0.0293878894299268,0.2142716944217682,-0.0114170955494046,-0.0836514011025428,-0.2089529633522033,0.0073015191592276,-0.1210994720458984,0.1117269471287727,1.9741950382012877e-05,0.0134873073548078,-0.1120092570781707,-0.0005857141804881,-0.0122617920860648,0.1440765410661697,0.4040185511112213,-0.0049894023686647,-0.1144382953643798,0.400093674659729,-0.0293729286640882,0.2088168412446975,0.7639899849891663,0.0844134241342544,-0.1213597729802131,0.779808521270752,0.0607330612838268,0
2,-0.0306985396891832,-0.6245505809783936,-0.2699836194515228,0.1354314386844635,-0.4742179214954376,-0.0458376742899417,0.1811727881431579,-0.2320247739553451,0.0028970185667276,-0.1849269121885299,-0.4599865674972534,-0.0905908942222595,-0.2465455532073974,-0.206148013472557,-0.0439754351973533,0.214182049036026,-0.0092343864962458,-0.0898383259773254,-0.2089959979057312,0.0112265031784772,-0.1292487233877182,0.1117259413003921,0.0001481868821429,0.0138341123238205,-0.112005665898323,-0.0007254577358253,-0.0125614209100604,0.146335557103157,0.4047092497348785,-0.0095884399488568,-0.1162179410457611,0.4001080393791199,-0.02946213260293,0.2119708061218261,0.7697504758834839,0.0719084069132804,-0.1195656880736351,0.7798815965652466,0.0581916235387325,0
3,-0.0305867996066808,-0.6235706210136414,-0.2955828607082367,0.1354314684867859,-0.4703577160835266,-0.0707002878189086,0.1808640360832214,-0.2281896024942398,-0.0173635818064212,-0.1853896975517273,-0.4549359679222107,-0.1113421618938446,-0.2469781190156936,-0.2017420679330825,-0.0592077188193798,0.2136679738759994,-0.0025696861557662,-0.1045025438070297,-0.2091388255357742,0.016236400231719,-0.1384450942277908,0.1118096560239791,0.000149268656969,0.013802720233798,-0.1120981648564338,-0.0007299029384739,-0.0125231957063078,0.1466141492128372,0.4058343470096588,-0.0093473279848694,-0.11643698066473,0.4002531170845032,-0.0267506334930658,0.2122165262699127,0.7713499069213867,0.0727750435471534,-0.119397796690464,0.7799619436264038,0.0615584068000316,0
4,-0.0313947387039661,-0.6190575957298279,-0.3049987554550171,0.1354347765445709,-0.4667827785015106,-0.0798695906996727,0.1817467957735061,-0.2248175740242004,-0.0270860213786363,-0.185271605849266,-0.4512406885623932,-0.1177300065755844,-0.2478130459785461,-0.1993639767169952,-0.0653244256973266,0.2133599668741226,0.0022347483318299,-0.1127378046512603,-0.209536001086235,0.0176720116287469,-0.1462136358022689,0.111833669245243,0.000137934446684,0.0137732559815049,-0.1121280863881111,-0.0007237934623844,-0.0124823413789272,0.1468768119812011,0.4057878851890564,-0.008967419154942,-0.1160379350185394,0.4005005061626434,-0.0265937447547912,0.2126728743314743,0.7711840271949768,0.0734321847558021,-0.1186133474111557,0.7807248830795288,0.0611093826591968,0
5,-0.030746579170227,-0.6179496049880981,-0.3142941296100616,0.1354764252901077,-0.4633089900016784,-0.0894672349095344,0.1829567104578018,-0.2234784066677093,-0.0348023399710655,-0.1853862255811691,-0.4469904601573944,-0.1263322085142135,-0.2479767203330993,-0.1972215175628662,-0.0713903605937957,0.2185714691877365,0.003403854323551,-0.1183277815580368,-0.2098879963159561,0.0192625597119331,-0.1490807086229324,0.1119812279939651,0.0001094219333026,0.013468774035573,-0.1122948750853538,-0.0007002950878813,-0.0121578816324472,0.1459685713052749,0.4064030349254608,-0.0088393595069646,-0.1160529032349586,0.4005291759967804,-0.0258658900856971,0.2126566022634506,0.7710679173469543,0.0739755481481552,-0.1213615238666534,0.7807651162147522,0.0623958781361579,0
6,-0.0307064056396484,-0.6181607246398926,-0.3009983599185943,0.1353664398193359,-0.4635436236858368,-0.0794407725334167,0.1877774745225906,-0.2246869355440139,-0.0304999742656946,-0.1854579746723175,-0.4473762512207031,-0.1141582652926445,-0.2473917305469513,-0.1973877698183059,-0.0647719129920005,0.2262529581785202,0.0014532229397445,-0.1159310564398765,-0.2097965478897094,0.0157271195203065,-0.1485544443130493,0.1120009422302246,6.35104879620485e-05,0.0132755814120173,-0.1123147159814834,-0.00065631425241,-0.0119598759338259,0.1464083343744278,0.4063888192176819,-0.0086958408355712,-0.115613967180252,0.4006184339523315,-0.0264948550611734,0.2136051654815673,0.770455539226532,0.0748068466782569,-0.1211088225245475,0.7812743782997131,0.0611266903579235,0
7,-0.0305969342589378,-0.6186595559120178,-0.238485038280487,0.1337189972400665,-0.4707678556442261,-0.0193329397588968,0.1924029737710952,-0.2387929558753967,0.0181602891534566,-0.1861646622419357,-0.4503035545349121,-0.0638006329536438,-0.2517354190349579,-0.203040063381195,-0.0294141434133052,0.2377704530954361,-0.0194100588560104,-0.0789731293916702,-0.2117751538753509,0.0026472460012882,-0.1232755705714225,0.1118589863181114,-8.894106940715574e-06,0.0132365338504314,-0.1121540665626525,-0.0005722183268517,-0.0119241122156381,0.1464306563138961,0.4063693284988403,-0.0099284537136554,-0.115143671631813,0.4003419876098633,-0.0286699626594781,0.2148084789514541,0.77046799659729,0.07210124284029,-0.1205142214894294,0.7810401320457458,0.0576879791915416,0
8,-0.0297212861478328,-0.6243652701377869,-0.1591589599847793,0.131811574101448,-0.4818149209022522,0.0466706044971942,0.1965285241603851,-0.2631438672542572,0.0716022625565528,-0.186186596751213,-0.4599810838699341,-0.0034306175075471,-0.2609074711799621,-0.2283481806516647,0.0200249981135129,0.247181236743927,-0.0526535399258136,-0.0347383618354797,-0.2222636193037033,-0.025640906766057,-0.0711972340941429,0.1116333603858947,-7.848542009014636e-05,0.0134124914184212,-0.1118895187973976,-0.0004835179424844,-0.0120949558913707,0.1464321911334991,0.4057150781154632,-0.0116218756884336,-0.1129511147737503,0.3993465602397918,-0.0390945710241794,0.2133351415395736,0.7702287435531616,0.0646064132452011,-0.1190127283334732,0.7808539867401123,0.0385455712676048,0
9,-0.0289665944874286,-0.6278394460678101,-0.1076093837618827,0.1226682588458061,-0.5026667714118958,0.0939037874341011,0.2023326307535171,-0.3202876150608063,0.1351561844348907,-0.1905887722969055,-0.4685586094856262,0.0408981069922447,-0.2877241969108581,-0.2598009705543518,0.0854643657803535,0.2608481049537658,-0.1451139599084854,0.0439336635172367,-0.2490819692611694,-0.0719020366668701,0.0264048893004655,0.1112765446305275,-0.0009399242699146,0.0134190507233142,-0.1115060597658157,0.0004306052869651,-0.0120981791988015,0.1409598290920257,0.4072421193122864,-0.0135680576786398,-0.1146356984972953,0.3979397416114807,-0.0422029346227645,0.2042564898729324,0.7690452337265015,0.0587591752409935,-0.1189718842506408,0.7787985801696777,0.0347318314015865,0
10,-0.0290331281721591,-0.6335312128067017,-0.1456882804632187,0.1200268566608429,-0.5111814141273499,0.0627386048436164,0.2074559777975082,-0.364407330751419,0.1930466741323471,-0.1906051635742187,-0.4797568321228027,0.0133320661261677,-0.2861435711383819,-0.3027365803718567,0.130352571606636,0.2758232653141022,-0.2521334290504455,0.235675036907196,-0.2595434486865997,-0.1598508805036544,0.1554635018110275,0.1116474196314811,-0.0012057613348588,0.0130479913204908,-0.1119523495435714,0.0006445519393309,-0.0116933099925518,0.1417544335126876,0.4118127822875976,-0.0101664289832115,-0.1167664602398872,0.3944247663021087,-0.0415935516357421,0.2017218023538589,0.7659887075424194,0.0646378621459007,-0.1193443611264228,0.7721044421195984,0.0360703691840171,0
11,-0.0258357059210538,-0.6327790021896362,-0.070217452943325,0.1217726543545723,-0.5077103972434998,0.1017635092139244,0.2164170444011688,-0.3671523034572601,-0.0459857732057571,-0.1964216530323028,-0.4789391458034515,0.0624507740139961,-0.2679497301578522,-0.2984795272350311,-0.0404563434422016,0.2652296721935272,-0.3189370632171631,-0.3142183721065521,-0.2371269762516021,-0.2352094948291778,-0.2523253262042999,0.1118148863315582,-0.0023114865180104,0.012563438154757,-0.112026460468769,0.0018004300072789,-0.0113524217158555,0.1452135592699051,0.4110692739486694,-0.0238339137285947,-0.1172124966979026,0.3937385380268097,-0.040414672344923,0.1989321410655975,0.7624204158782959,0.0517778098583221,-0.1177080199122428,0.7721244096755981,0.0368850827217102,0
12,-0.0258066561073064,-0.6331095099449158,-0.0669415444135665,0.1217964738607406,-0.5064922571182251,0.0916280373930931,0.2080200314521789,-0.4273704588413238,-0.133861094713211,-0.1958763152360916,-0.4866221845149994,0.0423004850745201,-0.2617246210575104,-0.387681633234024,-0.1716213524341583,0.2582171857357025,-0.4328498542308807,-0.3941841721534729,-0.2244344800710678,-0.3655125200748443,-0.386000245809555,0.111144483089447,-0.0023389521520584,0.0132309300824999,-0.1112297624349594,0.0018308631842955,-0.0122079709544777,0.1425025910139084,0.4119833111763,-0.0227529555559158,-0.1205803900957107,0.3940135538578033,-0.0402273498475551,0.1992101967334747,0.7704617977142334,0.0517195090651512,-0.1182841584086418,0.77693110704422,0.0316775739192962,0
13,-0.0300429798662662,-0.6354928016662598,-0.0756309255957603,0.1219265237450599,-0.5075528621673584,0.0892501324415206,0.2024872899055481,-0.4542552530765533,-0.1679761558771133,-0.1953170448541641,-0.4899669587612152,0.0343975760042667,-0.2553027272224426,-0.4228107035160064,-0.1852419078350067,0.2414351254701614,-0.507716715335846,-0.4140991270542145,-0.2211924046278,-0.4408160746097564,-0.3876717984676361,0.110760360956192,-0.0026495151687413,0.0125823514536023,-0.1107979565858841,0.0022053553257137,-0.01167834084481,0.137488305568695,0.4131228327751159,-0.0222070403397083,-0.1237427592277526,0.3971057832241058,-0.0377521775662899,0.1992543041706085,0.776089608669281,0.0499934703111648,-0.1185175701975822,0.7862992882728577,0.0315689370036125,0
14,-0.0298628155142068,-0.6388164162635803,-0.0834584236145019,0.1218606680631637,-0.5005832314491272,0.0583036914467811,0.1957174241542816,-0.484655350446701,-0.2114877253770828,-0.1896242052316665,-0.4888865649700165,0.0161438509821891,-0.2418955266475677,-0.4717019498348236,-0.2136080116033554,0.2208531349897384,-0.6122827529907227,-0.4482338726520538,-0.2214553952217102,-0.5718784332275391,-0.3937918841838836,0.1101000308990478,-0.0027812777552753,0.0125819332897663,-0.1101128086447715,0.0023618938867002,-0.0116914873942732,0.1371446698904037,0.4132783114910126,-0.021873140707612,-0.1245580837130546,0.3980889320373535,-0.0375055894255638,0.2018202692270279,0.7768024206161499,0.0503716915845871,-0.1187653392553329,0.7872712016105652,0.0308386664837598,0
15,-0.0296479705721139,-0.6402982473373413,-0.0997221693396568,0.1219261512160301,-0.5025845170021057,0.0095986975356936,0.1849971711635589,-0.559907078742981,-0.2654998302459717,-0.1850452423095703,-0.4894017279148102,-0.0083379009738564,-0.2423174679279327,-0.5408215522766113,-0.2488683015108108,0.1907339543104171,-0.7146983742713928,-0.4920190572738647,-0.2230637818574905,-0.680048942565918,-0.426714539527893,0.1097487360239029,-0.0031389319337904,0.0119158485904335,-0.1097092106938362,0.0027376955840736,-0.0110311806201934,0.139236643910408,0.4138511121273041,-0.0213845651596784,-0.1251830160617828,0.3981179893016815,-0.0349016599357128,0.2043387591838836,0.7765743732452393,0.0505539812147617,-0.1121554300189018,0.7869424223899841,0.0310489013791084,0
16,-0.0252207238227128,-0.6379919052124023,-0.1023043692111969,0.125956043601036,-0.5069665908813477,0.0064947237260639,0.176792487502098,-0.5922495126724243,-0.247925654053688,-0.1761546730995178,-0.4936834573745727,-0.0081610651686787,-0.2446152865886688,-0.5796244740486145,-0.2374761253595352,0.1907745003700256,-0.765833854675293,-0.4602196216583252,-0.2210583388805389,-0.7452760338783264,-0.4176180362701416,0.1097192838788032,-0.0034877357538789,0.0101048899814486,-0.109679140150547,0.003098557004705,-0.009317772462964,0.1400998383760452,0.4138202667236328,-0.0212100949138402,-0.1233497709035873,0.4016061127185821,-0.0331710167229175,0.2065901756286621,0.7763931751251221,0.0534519255161285,-0.1059352904558181,0.7879623174667358,0.0362946987152099,0
17,-0.0240070912986993,-0.6381524801254272,-0.07359030097723,0.1261264234781265,-0.5106565356254578,0.0538457855582237,0.1773077547550201,-0.6677054166793823,-0.1074020266532898,-0.1738743484020233,-0.4931356906890869,0.0393864139914512,-0.2499664723873138,-0.6194553375244141,-0.1278089135885238,0.1890435069799423,-0.889712929725647,-0.2433990389108657,-0.221993938088417,-0.8399510383605957,-0.2574918866157532,0.1097034737467765,-0.0037267450243234,0.0094363624230027,-0.1096727475523948,0.0033365110866725,-0.0086905267089605,0.1336811184883117,0.4136585891246795,-0.0184100307524204,-0.1216550394892692,0.4009306132793426,-0.0323468074202537,0.2049014121294021,0.7713580131530762,0.0666068717837333,-0.1047915369272232,0.7789424657821655,0.0431897193193435,0
18,-0.0241123959422111,-0.6398662328720093,-0.0840702056884765,0.1260279566049575,-0.5173296928405762,0.0428107641637325,0.1736702620983123,-0.7184401154518127,-0.0583264864981174,-0.1702674180269241,-0.4979199469089508,0.0337033346295356,-0.2511852383613586,-0.6745159029960632,-0.0587405376136302,0.1741070002317428,-0.9605040550231934,-0.1229022443294525,-0.2235406935214996,-0.9182535409927368,-0.1161928847432136,0.1097009629011154,-0.0037807454355061,0.0076928399503231,-0.1096885725855827,0.0033920651767402,-0.0067915488034486,0.1207941845059394,0.4137337207794189,-0.0008469401509501,-0.1223186329007148,0.3945549726486206,-0.0221345927566289,0.1887734979391098,0.7611942887306213,0.1032555550336837,-0.1071616038680076,0.7569556832313538,0.0788119882345199,0
19,-0.026998832821846,-0.633618175983429,-0.2206789702177047,0.1265002191066742,-0.5155133008956909,-0.0975072234869003,0.1745716333389282,-0.7256224155426025,-0.1831615418195724,-0.1606558859348297,-0.4975736439228058,-0.07697444409132,-0.2487922310829162,-0.6837612390518188,-0.1498230546712875,0.1652554273605346,-0.9689754843711852,-0.1989402920007705,-0.2204787582159042,-0.9316580891609192,-0.1828945875167846,0.1096486449241638,-0.003724142210558,0.0033780641388148,-0.1096656844019889,0.0033225964289158,-0.0024003842845559,0.1210500076413154,0.4142432808876037,-0.0015368468593806,-0.125410720705986,0.394961953163147,-0.0072489827871322,0.1888877004384994,0.7565754055976868,0.1204825565218925,-0.1140553727746009,0.756659209728241,0.1100431308150291,0
20,-0.0270421635359525,-0.6276983022689819,-0.2655512988567352,0.1264884322881698,-0.5148979425430298,-0.1390873193740844,0.1749583482742309,-0.7352577447891235,-0.2264390438795089,-0.1565586775541305,-0.4978758096694946,-0.1278115659952163,-0.2378896325826645,-0.6971469521522522,-0.2034512311220169,0.1591319888830185,-0.9767498970031738,-0.2421245723962783,-0.2103767544031143,-0.9410529136657716,-0.2364925146102905,0.1095329374074935,-0.0037097935564816,0.0026602423749864,-0.1095931455492973,0.0032978549133986,-0.001655303989537,0.1202054694294929,0.4141401946544647,-0.0023449212312698,-0.1252787709236145,0.3950546979904175,-0.0042187869548797,0.1900531500577926,0.7495235800743103,0.1321080178022384,-0.1124552190303802,0.752834677696228,0.1190875023603439,0
21,-0.0257322564721107,-0.6222788095474243,-0.2841369211673736,0.1265403479337692,-0.5132541656494141,-0.1527966409921646,0.1752403378486633,-0.7446660399436951,-0.2406518906354904,-0.1534742712974548,-0.497961938381195,-0.1502602845430374,-0.2346479445695877,-0.7072297930717468,-0.2321084886789322,0.1583563238382339,-0.9800994396209716,-0.2766354084014892,-0.2105920165777206,-0.9495770931243896,-0.2757285237312317,0.1093521416187286,-0.0035591574851423,0.0026751069817692,-0.1094588860869407,0.0031260352116078,-0.0016663599526509,0.1195016279816627,0.4144808351993561,-0.0029335457365959,-0.1254564523696899,0.3951281309127807,-0.0055343667045235,0.1870791316032409,0.7501443028450012,0.1290400177240371,-0.1124432533979415,0.753873348236084,0.1119356751441955,0
22,-0.0257278848439455,-0.6152276992797852,-0.3201735615730285,0.1255029737949371,-0.5083620548248291,-0.1864542514085769,0.1713426113128662,-0.7470179200172424,-0.2830483019351959,-0.1526564061641693,-0.4970237016677856,-0.1920739561319351,-0.2322011142969131,-0.7130735516548157,-0.2886492609977722,0.1513299345970153,-0.9793227314949036,-0.3336102366447449,-0.210935965180397,-0.9492400884628296,-0.3429296314716339,0.1089229136705398,-0.0034052529372274,0.0032305270433425,-0.1090994477272033,0.0029616085812449,-0.0021919889841228,0.1194068789482116,0.4148377478122711,7.775706762913615e-06,-0.1257003992795944,0.3952121436595917,-0.0060488246381282,0.1858953982591629,0.7506965398788452,0.1282197088003158,-0.1174220144748687,0.7543261647224426,0.1078981533646583,0
23,-0.0256584659218788,-0.6100444197654724,-0.3205461800098419,0.1251966506242752,-0.5074659585952759,-0.1854721903800964,0.1678614616394043,-0.7502350807189941,-0.2808522284030914,-0.1515910178422927,-0.4969319701194763,-0.1902860701084137,-0.2319045662879943,-0.7192351818084717,-0.27888885140419,0.1437654346227646,-0.9808536767959596,-0.333858460187912,-0.2111991643905639,-0.9562055468559264,-0.3306334316730499,0.1086597591638565,-0.0032253507524728,0.003265279578045,-0.1088785156607627,0.0027635463047772,-0.0022220804821699,0.1199621558189392,0.4131370484828949,-0.0024299779906868,-0.1254143863916397,0.3945380747318268,-0.0064823888242244,0.1868553459644317,0.7507151365280151,0.1268436759710312,-0.1196301653981208,0.7544755935668945,0.1060547903180122,0
24,-0.0264286827296018,-0.6091949343681335,-0.328002393245697,0.1228917241096496,-0.507416844367981,-0.1907808184623718,0.1639183461666107,-0.7559494972229004,-0.2852702438831329,-0.1518677920103073,-0.4968641698360443,-0.1970163732767105,-0.2320526093244552,-0.7148247361183167,-0.2902595698833465,0.1435377299785614,-0.9904480576515198,-0.3360188007354736,-0.2136241942644119,-0.9463309049606324,-0.3506280481815338,0.1083867698907852,-0.0030054918024688,0.0032788247335702,-0.1086339205503463,0.0025322269648313,-0.0022305648308247,0.1199654266238212,0.4126133620738983,-6.944716005818918e-06,-0.1254598647356033,0.3945702314376831,-0.0027904328890144,0.1865080744028091,0.7507643103599548,0.1340036392211914,-0.1220246404409408,0.7547392845153809,0.1144922822713851,0
25,-0.0258442685008049,-0.6091533303260803,-0.3226820826530456,0.1229715347290039,-0.5104569792747498,-0.1845577210187912,0.164250910282135,-0.7691370844841003,-0.2769833505153656,-0.1512241512537002,-0.4970734119415283,-0.193086102604866,-0.2321945875883102,-0.7152965664863586,-0.2820256352424621,0.1400182098150253,-1.0032178163528442,-0.3337648808956146,-0.2151554226875305,-0.945257604122162,-0.3412456214427948,0.1081219539046287,-0.0028171399608254,0.0030706515535712,-0.1083961203694343,0.0023418818600475,-0.0020146572496742,0.121250107884407,0.4116507470607757,-0.0001458907645428,-0.1250498741865158,0.3945836126804352,0.0011623124592006,0.1910656690597534,0.7507044076919556,0.1322953850030899,-0.1224663853645324,0.7546459436416626,0.1184527203440666,0
26,-0.0257349759340286,-0.6144847273826599,-0.3253053426742553,0.1227510571479797,-0.5119953155517578,-0.1901957541704177,0.1619913130998611,-0.7659669518470764,-0.2847707867622375,-0.1511590331792831,-0.4983136653900146,-0.1937800347805023,-0.234330728650093,-0.7169346809387207,-0.2782188951969147,0.1408940106630325,-0.997182309627533,-0.3383510708808899,-0.2164038270711898,-0.9420645833015442,-0.3365802466869354,0.1079339757561683,-0.0027529378421604,0.0029626383911818,-0.1082121059298515,0.0022782040759921,-0.0018845301819965,0.1220713332295417,0.4111132621765136,0.0046607046388089,-0.1290648579597473,0.394419401884079,0.0073856790550053,0.1914373189210891,0.749837338924408,0.1389007121324539,-0.1313395053148269,0.751921534538269,0.1280283629894256,0
27,-0.021379142999649,-0.614508867263794,-0.3240158557891845,0.1226589158177375,-0.5137902498245239,-0.1852722615003585,0.1607690602540969,-0.7654361724853516,-0.2745338380336761,-0.1510797291994094,-0.4989147782325744,-0.1990962922573089,-0.2343735098838806,-0.7155075073242188,-0.2855576276779175,0.1414881348609924,-0.995607614517212,-0.3261961638927459,-0.2164714187383651,-0.940062403678894,-0.3351158499717712,0.1077496036887168,-0.0027343982364982,0.0051526171155273,-0.1080427765846252,0.0022579899523407,-0.0040320144034922,0.1223498955368995,0.4118870198726654,0.0141709027811884,-0.12724669277668,0.3948053419589996,0.0069674355909228,0.1909593343734741,0.7498865723609924,0.1462940126657486,-0.1312495470046997,0.7521865367889404,0.1264418512582779,0
28,-0.0230107102543115,-0.6145434975624084,-0.3182984590530395,0.1186360716819763,-0.5170037150382996,-0.1723150461912155,0.1523778140544891,-0.7703068852424622,-0.2541219890117645,-0.1522347778081894,-0.4989259839057922,-0.1958772242069244,-0.2381078451871872,-0.7126069068908691,-0.2766278386116028,0.134213700890541,-0.9981245398521424,-0.3050171136856079,-0.2262440472841262,-0.9322202801704408,-0.3210116922855377,0.107367880642414,-0.0026960661634802,0.0060119815170764,-0.1076598688960075,0.0022198150400072,-0.0048748264089226,0.122852973639965,0.412079781293869,0.0164274889975786,-0.1271354705095291,0.3950933814048767,0.0059846388176083,0.1911785751581192,0.7497093081474304,0.1451817899942398,-0.1326139122247696,0.7542051672935486,0.1240293979644775,0
29,-0.0134140914306044,-0.6144996285438538,-0.3168739080429077,0.1206580102443695,-0.5180054306983948,-0.1684482544660568,0.1528030037879943,-0.7709488272666931,-0.2458818107843399,-0.1479663550853729,-0.5008144974708557,-0.1947943419218063,-0.2365781366825103,-0.7129448652267456,-0.2803904712200165,0.1349864602088928,-0.9980065822601318,-0.2978518605232239,-0.2260985970497131,-0.9319573640823364,-0.3240557014942169,0.1069499626755714,-0.0024801408872008,0.0078672189265489,-0.107242003083229,0.0020029456354677,-0.0066928709857165,0.1229181289672851,0.4142615497112274,0.0190157517790794,-0.1231715977191925,0.3952533006668091,0.0030056568793952,0.1937233209609985,0.7507517337799072,0.1446728259325027,-0.1324288547039032,0.7539565563201904,0.1225136741995811,0
30,-0.0136664761230349,-0.6093092560768127,-0.3292585611343384,0.1201182231307029,-0.5168734192848206,-0.1791625022888183,0.1505700349807739,-0.7701453566551208,-0.266804426908493,-0.1480682492256164,-0.500245988368988,-0.2103989720344543,-0.2362283766269683,-0.7127387523651123,-0.306235134601593,0.1354013234376907,-0.9993139505386353,-0.326871782541275,-0.2259248942136764,-0.9316497445106506,-0.3597074747085571,0.1067846566438674,-0.0023199617862701,0.0090050203725695,-0.1070826202630996,0.0018390475306659,-0.0078170765191316,0.1230147331953048,0.414252758026123,0.0193334389477968,-0.123743250966072,0.3950636982917785,0.0012503027683123,0.1924890577793121,0.7505101561546326,0.1454892307519912,-0.1347528547048568,0.7533921003341675,0.1204489916563034,0
31,-0.0130716608837246,-0.6089785695075989,-0.3209654688835144,0.1204926669597625,-0.5179057717323303,-0.1704025566577911,0.1492730975151062,-0.7710442543029785,-0.248988464474678,-0.1480900645256042,-0.5008338689804077,-0.1977003514766693,-0.2368802428245544,-0.7125400900840759,-0.283035010099411,0.133400410413742,-1.0003777742385864,-0.2989072799682617,-0.227079764008522,-0.9304800033569336,-0.3303401172161102,0.1067193821072578,-0.0022402596659958,0.0087598850950598,-0.1070206239819526,0.0017587717156857,-0.0075769769027829,0.1236238256096839,0.4142734408378601,0.0176541041582822,-0.1237643659114837,0.3950925767421722,0.0013059244956821,0.1925486326217651,0.7499454617500305,0.1452023535966873,-0.1343968361616134,0.753071665763855,0.1204032599925994,0
32,-0.0131814898923039,-0.6088988780975342,-0.3192938268184662,0.1207778602838516,-0.5176200270652771,-0.1691174507141113,0.1492136865854263,-0.7682022452354431,-0.2502076029777527,-0.1480654925107956,-0.5008600950241089,-0.1927757263183593,-0.236986294388771,-0.7122886776924133,-0.2749730348587036,0.1342306584119796,-0.9931624531745912,-0.3086258172988891,-0.2277414351701736,-0.9300000071525574,-0.323236733675003,0.1066651493310928,-0.0022056296002119,0.0086333975195884,-0.1069688275456428,0.0017228681826964,-0.0074418233707547,0.1234472468495369,0.4142709076404571,0.0162469055503606,-0.1244891285896301,0.3961037397384643,0.0011887658620253,0.1909217983484268,0.7500655651092529,0.1388275325298309,-0.1363139599561691,0.759952962398529,0.11532773822546,0
33,-0.0138511778786778,-0.6089434027671814,-0.3156869411468506,0.1194855868816375,-0.5176018476486206,-0.1671001315116882,0.1489156037569046,-0.7670095562934875,-0.249637946486473,-0.149549663066864,-0.5008960962295532,-0.1917658299207687,-0.2361010164022445,-0.7118045687675476,-0.282791256904602,0.1343975812196731,-0.9897911548614502,-0.3081501722335815,-0.2276664227247238,-0.9297425150871276,-0.3392240107059479,0.1066126227378845,-0.0020649759098887,0.0085960803553462,-0.1069175228476524,0.0015781230758875,-0.0074113272130489,0.1240857988595962,0.414307564496994,0.0080094393342733,-0.1238160729408264,0.3961958885192871,-0.0011430317535996,0.192272737622261,0.751240611076355,0.1340885311365127,-0.1252456456422805,0.7597922682762146,0.1129846647381782,0
34,-0.0132868569344282,-0.6086989045143127,-0.3089599013328552,0.1201836392283439,-0.5180180668830872,-0.1598594933748245,0.149002194404602,-0.7673242092132568,-0.2383963763713836,-0.1492538154125213,-0.5016764402389526,-0.1863310188055038,-0.2347559034824371,-0.7121102213859558,-0.2726274728775024,0.1346491128206253,-0.9915257096290588,-0.2922854721546173,-0.2272901237010955,-0.9298166632652284,-0.320234477519989,0.1065685525536537,-0.0020305176731199,0.0089351767674088,-0.1068746522068977,0.0015427167527377,-0.0077476343140006,0.1248176842927932,0.4151799082756042,0.0107952142134308,-0.1234438493847847,0.3962382078170776,-0.0019915918819606,0.1958210617303848,0.751285970211029,0.1346410661935806,-0.1255283057689666,0.7596361041069031,0.1119663789868354,0
35,-0.0134865529835224,-0.6092180609703064,-0.2907473146915436,0.1201999112963676,-0.5198918581008911,-0.1443943977355957,0.1477407068014145,-0.7697259187698364,-0.2238703668117523,-0.149203211069107,-0.503118634223938,-0.167642056941986,-0.235262244939804,-0.7124943733215332,-0.2490247935056686,0.1341227293014526,-0.996185541152954,-0.2764005959033966,-0.2298370450735092,-0.9301705360412598,-0.297542929649353,0.1064112111926078,-0.0019362524617463,0.008972437120974,-0.1067080274224281,0.0014519210672006,-0.0077839842997491,0.1249775141477584,0.415194571018219,0.0116307856515049,-0.1263014674186706,0.395785391330719,-0.0022136110346764,0.1947997212409973,0.7512868046760559,0.1337867528200149,-0.1337802410125732,0.7589936852455139,0.110399417579174,0
36,-0.0185496993362903,-0.6115288734436035,-0.2884770631790161,0.1172210127115249,-0.5185438990592957,-0.1459296643733978,0.1468228697776794,-0.7627291083335876,-0.226216435432434,-0.1506427824497223,-0.5039081573486328,-0.1679660081863403,-0.2307975441217422,-0.7163128852844238,-0.2514936029911041,0.1326624006032943,-0.9940460920333862,-0.2788592278957367,-0.2247054129838943,-0.9437976479530334,-0.2969145178794861,0.1063685342669487,-0.0019329306669533,0.008735803887248,-0.1066651567816734,0.0014444107655435,-0.0075635812245309,0.1250007003545761,0.4141877889633178,0.0048731570132076,-0.1244405731558799,0.395270973443985,-0.0101595753803849,0.1941235959529876,0.7518305778503418,0.1260664761066436,-0.1275968551635742,0.7589681148529053,0.0966797843575477,0
37,-0.0183787979185581,-0.610584020614624,-0.3070094287395477,0.1165188178420066,-0.518556535243988,-0.1590766161680221,0.146975502371788,-0.7687087059020996,-0.2447509318590164,-0.1506990492343902,-0.4999843835830688,-0.1914018541574478,-0.2308389991521835,-0.7037531137466431,-0.2996706962585449,0.1346805840730667,-1.0048161745071411,-0.2972023785114288,-0.2250236719846725,-0.9296303391456604,-0.3629613816738128,0.1062796637415885,-0.0019210540922358,0.0093531599268317,-0.106581225991249,0.0014331829734146,-0.008189333602786,0.1240697428584098,0.4158537685871124,0.0073153330013155,-0.1233347058296203,0.3953242003917694,-0.0103628858923912,0.1942597180604934,0.7520206570625305,0.1331894099712371,-0.1262995600700378,0.758219301700592,0.098205916583538,0
38,-0.0183002613484859,-0.6112626791000366,-0.3069615960121155,0.1166759952902793,-0.5195487141609192,-0.1590293943881988,0.1476939171552658,-0.7745780348777771,-0.243821233510971,-0.1505877375602722,-0.4998715221881866,-0.1902951598167419,-0.2342650443315506,-0.7034204602241516,-0.2954039275646209,0.1346508711576461,-1.0107616186141968,-0.2952187061309814,-0.2307188659906387,-0.9290149807929992,-0.3539221584796905,0.1060889810323715,-0.0019086840329691,0.0095739029347896,-0.1063892096281051,0.0014215077972039,-0.0084072444587945,0.1240757182240486,0.4166752099990845,0.0083052478730678,-0.1226743459701538,0.3953025043010711,-0.0102704940363764,0.1944266408681869,0.7544201016426086,0.1324229687452316,-0.1277523338794708,0.7581297159194946,0.0985386744141578,0
39,-0.0187033675611019,-0.6126835346221924,-0.2921112477779388,0.1167367026209831,-0.5208032131195068,-0.1484178751707077,0.1479449868202209,-0.7749672532081604,-0.2307603508234024,-0.1515373289585113,-0.4999882280826568,-0.1703139394521713,-0.2375589311122894,-0.703576385974884,-0.2633959352970123,0.1342775374650955,-1.010081768035889,-0.2809710502624511,-0.2320859730243683,-0.9303297996520996,-0.3165377080440521,0.1060520485043525,-0.0019480562768876,0.0094716139137744,-0.1063529327511787,0.0014618268469348,-0.0083085428923368,0.1240888833999633,0.4166821241378784,0.0078430622816085,-0.1226870790123939,0.3955363929271698,-0.0101913558319211,0.1937903761863708,0.7552413940429688,0.1273894011974334,-0.1277716606855392,0.7607209086418152,0.0966245383024215,0
40,-0.0217689648270607,-0.6161651611328125,-0.287166953086853,0.1162518411874771,-0.5217992067337036,-0.1439344435930252,0.1484298110008239,-0.7748435139656067,-0.2233403623104095,-0.1540537625551223,-0.5009354948997498,-0.1648282259702682,-0.240200474858284,-0.709503710269928,-0.2521703839302063,0.1342706233263015,-1.0070593357086182,-0.2753409743309021,-0.232613205909729,-0.936859369277954,-0.293927252292633,0.1060731559991836,-0.0019314318196848,0.008734630420804,-0.1063805669546127,0.0014458169462159,-0.0075896857306361,0.1240893006324768,0.4169899225234985,0.0061684399843215,-0.1231384351849556,0.3953611254692077,-0.0091263763606548,0.1939566433429718,0.7560184001922607,0.126117542386055,-0.1277828961610794,0.7590241432189941,0.0981495827436447,0
41,-0.0219670552760362,-0.6148349642753601,-0.3013680577278137,0.1149289309978485,-0.5218643546104431,-0.1536536067724228,0.1469199657440185,-0.7765012383460999,-0.2336561679840088,-0.1546783298254013,-0.4996570646762848,-0.1790797263383865,-0.2418294101953506,-0.7032274007797241,-0.2759637832641601,0.1342239379882812,-1.011062502861023,-0.2826940417289734,-0.2339175343513488,-0.9299191236495972,-0.3307739794254303,0.1059661358594894,-0.0019096471369266,0.0085772294551134,-0.1062756180763244,0.0014256124850362,-0.0074389791116118,0.124083325266838,0.4172769486904144,0.0085191614925861,-0.1237912327051162,0.3953633606433868,-0.0051196264103055,0.1966108530759811,0.75563645362854,0.1305301338434219,-0.1291764676570892,0.7567960619926453,0.1083199605345726,0
42,-0.018332490697503,-0.6150190234184265,-0.3023632764816284,0.1163036748766899,-0.5218907594680786,-0.1540783047676086,0.1475715935230255,-0.7764314413070679,-0.2342632710933685,-0.1533066034317016,-0.4999952316284179,-0.1840666383504867,-0.2414389848709106,-0.7054599523544312,-0.2779833674430847,0.1342456936836242,-1.0108126401901243,-0.2853618264198303,-0.233680859208107,-0.9323827624320984,-0.3291073441505432,0.1058886125683784,-0.0019068621331825,0.0089921997860074,-0.1062022522091865,0.0014235994312912,-0.0078442702069878,0.1238544210791587,0.417286068201065,0.0093272160738706,-0.1231262162327766,0.3953807055950165,-0.0058709434233605,0.1965904831886291,0.7556487917900085,0.130523219704628,-0.1296217590570449,0.7568988800048828,0.1073854714632034,0
43,-0.0182795096188783,-0.616895318031311,-0.2834225594997406,0.1163731068372726,-0.5218958854675293,-0.1351851671934127,0.1504374742507934,-0.7744148969650269,-0.2121922969818115,-0.1537558287382125,-0.5008724331855774,-0.1676163524389267,-0.2414888739585876,-0.709575891494751,-0.2623537480831146,0.1385778188705444,-1.0073626041412354,-0.2657501399517059,-0.2330769598484039,-0.937837302684784,-0.307764858007431,0.1058838218450546,-0.0018932152306661,0.0095330299809575,-0.1061987280845642,0.0014091194607317,-0.0083901789039373,0.1243264898657798,0.4173286259174347,0.0091940378770232,-0.1230961382389068,0.3954656720161438,-0.0103569589555263,0.1948230266571045,0.7575313448905945,0.1255672872066497,-0.1294490247964859,0.7603636980056763,0.0921913385391235,0
44,-0.018784986808896,-0.6152603030204773,-0.3071726262569427,0.1160848513245582,-0.5214887857437134,-0.1608946919441223,0.1496234983205795,-0.7749025821685791,-0.2475429475307464,-0.1540252864360809,-0.4999493062496185,-0.185451865196228,-0.2418407350778579,-0.7087787985801697,-0.281509518623352,0.1364670842885971,-1.0090584754943848,-0.3011986017227173,-0.233094722032547,-0.9377030730247498,-0.3316637575626373,0.1058645993471145,-0.0018928319914266,0.0089315278455615,-0.1061812490224838,0.0014093174831941,-0.0077989664860069,0.1243120282888412,0.4172949194908142,0.0090973228216171,-0.123144544661045,0.3954663276672363,-0.0071510919369757,0.195167139172554,0.7570539116859436,0.1277187615633011,-0.1290068924427032,0.7585486769676208,0.1018935739994049,0
45,-0.0181936752051115,-0.6140113472938538,-0.312383234500885,0.1179249659180641,-0.521339476108551,-0.1657791286706924,0.1527409255504608,-0.7762191295623779,-0.2509016394615173,-0.1512050479650497,-0.499897688627243,-0.1902788579463958,-0.2395384758710861,-0.7083953022956848,-0.2817685604095459,0.138360321521759,-1.0110070705413818,-0.3018316626548767,-0.2323116064071655,-0.9358948469161988,-0.3313680291175842,0.1057784557342529,-0.001839364063926,0.0088840648531913,-0.1060980930924415,0.0013579527148976,-0.0077481223270297,0.1238525062799453,0.4173984825611114,0.0120920957997441,-0.1225407645106315,0.3954249620437622,-0.0048281690105795,0.1957656592130661,0.7567427754402161,0.1346959471702575,-0.1307205855846405,0.7571389079093933,0.1120511963963508,0
46,-0.0234856512397527,-0.6284169554710388,-0.2989546060562134,0.1166133359074592,-0.5224871039390564,-0.1569584757089615,0.1505411714315414,-0.7756847739219666,-0.2397697120904922,-0.1530467122793197,-0.5056127309799194,-0.1802049130201339,-0.2375411093235016,-0.7179306745529175,-0.2639447748661041,0.137680783867836,-1.0098124742507937,-0.2936709225177765,-0.23310486972332,-0.9413254261016846,-0.308222085237503,0.1057905778288841,-0.0018462185980752,0.0087651973590254,-0.1061140745878219,0.0013636322692036,-0.007616932503879,0.1244135722517967,0.4158477485179901,0.0131284408271312,-0.1273961961269378,0.3944942951202392,-0.0036235109437257,0.1924820393323898,0.753130316734314,0.137752428650856,-0.1353757232427597,0.7559177279472351,0.1117316558957099,0
47,-0.0233983844518661,-0.6235764622688293,-0.3024482131004333,0.1176183596253395,-0.5223544239997864,-0.1607695817947387,0.151525616645813,-0.7748732566833496,-0.2464895844459533,-0.1527842134237289,-0.5054609775543213,-0.1803111433982849,-0.2383692562580108,-0.7166114449501038,-0.2644068896770477,0.1401238590478897,-1.0090712308883667,-0.3004069328308105,-0.2334527820348739,-0.938797116279602,-0.3145003616809845,0.1057479977607727,-0.0018828734755516,0.0083514116704463,-0.1060715615749359,0.0014029821613803,-0.0071939192712306,0.123063251376152,0.4162074625492096,0.0129498783499002,-0.1250591278076172,0.3945165276527405,-0.0025801728479564,0.1916771084070205,0.7542581558227539,0.1375207155942917,-0.1350052207708358,0.7554811835289001,0.1139669492840766,0
48,-0.0233836192637681,-0.624384880065918,-0.2883845865726471,0.1176076307892799,-0.5221413969993591,-0.1505994498729705,0.1515905112028122,-0.7690873146057129,-0.2349059432744979,-0.1529247611761093,-0.5058926343917847,-0.1664923876523971,-0.2378721684217453,-0.7188593149185181,-0.2501885890960693,0.1404528766870498,-0.9979326725006104,-0.2879733741283417,-0.2309334278106689,-0.9418505430221558,-0.2943109273910522,0.1057323515415191,-0.0019403384067118,0.008298372849822,-0.1060566082596778,0.0014558134134858,-0.0071423444896936,0.1233613789081573,0.4156364202499389,0.0126819899305701,-0.1245021745562553,0.3946993052959442,-0.0040510948747396,0.1918159425258636,0.7541183829307556,0.1357617825269699,-0.1322370022535324,0.7574380040168762,0.1081655696034431,0
49,-0.021607531234622,-0.6209926009178162,-0.289303719997406,0.1173260137438774,-0.5224716663360596,-0.1471254229545593,0.1505191177129745,-0.771589457988739,-0.2276004552841186,-0.1529274880886078,-0.5029786825180054,-0.1671778857707977,-0.2377166301012039,-0.7085923552513123,-0.2574492692947387,0.1389761865139007,-1.00005304813385,-0.2804519236087799,-0.2313760668039322,-0.9315986037254332,-0.3061083257198334,0.1057097241282463,-0.0019137561321258,0.0091361245140433,-0.1060326695442199,0.0014294289285317,-0.0079896114766597,0.1231196001172065,0.4165975749492645,0.0142537355422973,-0.1231110692024231,0.3949126303195953,-0.0056956852786242,0.191721498966217,0.7535799145698547,0.1395532041788101,-0.1293724030256271,0.7572538256645203,0.1079485267400741,0
50,-0.0196775812655687,-0.6184561848640442,-0.300245463848114,0.117485262453556,-0.5225540995597839,-0.1514883041381836,0.151198148727417,-0.7734879851341248,-0.230541706085205,-0.1526262909173965,-0.5017207264900208,-0.1828853636980056,-0.236790046095848,-0.7064827084541321,-0.273881047964096,0.140783280134201,-1.0051939487457275,-0.283016562461853,-0.2307069897651672,-0.9298322796821594,-0.3196171224117279,0.1056494265794754,-0.001912971958518,0.0102761667221784,-0.1059744581580162,0.0014290597755461,-0.0091286655515432,0.124309591948986,0.4166073799133301,0.0174156446009874,-0.1227507293224334,0.3946604132652282,-0.0064329621382057,0.1918118298053741,0.7536627054214478,0.1421682387590408,-0.1307811588048935,0.7558583617210388,0.107938565313816,0
51,-0.0196506548672914,-0.6183938980102539,-0.3011073768138885,0.1174060106277465,-0.5225034952163696,-0.1529535949230194,0.151273712515831,-0.7738147974014282,-0.2326921671628952,-0.1525623649358749,-0.5017971396446228,-0.1829062849283218,-0.2364407181739807,-0.7101224064826965,-0.2735930681228637,0.1407544165849685,-1.0053280591964722,-0.2847990095615387,-0.2257771790027618,-0.9342989921569824,-0.3188136219978332,0.1056270450353622,-0.0019465836230665,0.0102746188640594,-0.1059519127011299,0.0014622280141338,-0.0091268457472324,0.1262242645025253,0.4163492023944855,0.0184652302414178,-0.1231626644730568,0.3946714699268341,-0.0058559109456837,0.1929714679718017,0.7531089186668396,0.1450196951627731,-0.1332867592573166,0.7558146715164185,0.1103792116045951,0
52,-0.0196458082646131,-0.6156113743782043,-0.3010780215263366,0.1170212104916572,-0.5220762491226196,-0.1529855132102966,0.1511435806751251,-0.7731380462646484,-0.2330784350633621,-0.1534081101417541,-0.5012598633766174,-0.1822894513607025,-0.2379658222198486,-0.7091789245605469,-0.2721409201622009,0.1414560675621032,-1.0047171115875244,-0.2863366603851318,-0.2295901030302047,-0.9333679676055908,-0.3186269104480743,0.1056192815303802,-0.0019682953134179,0.0101364646106958,-0.1059431880712509,0.0014846252743154,-0.0089849093928933,0.1256896406412124,0.416348934173584,0.0163178164511919,-0.1231428384780883,0.3946852385997772,-0.0060036377981305,0.1926854997873306,0.7523065209388733,0.143039271235466,-0.1319826543331146,0.7553926110267639,0.1100086420774459,0
53,-0.0179760456085205,-0.613983690738678,-0.3076303005218506,0.1181052327156066,-0.5217241644859314,-0.1604311615228653,0.1522344499826431,-0.7730152010917664,-0.2417378723621368,-0.1529268771409988,-0.5012466907501221,-0.185177206993103,-0.2389301657676696,-0.7085855603218079,-0.272891491651535,0.1438257694244384,-1.004967451095581,-0.2929431200027466,-0.2296231389045715,-0.9319086074829102,-0.3217031955718994,0.1056010574102401,-0.0020092220511287,0.0095787858590483,-0.1059242412447929,0.0015260685468092,-0.0084164747968316,0.1242441534996032,0.4164164960384369,0.0170530639588832,-0.1224061697721481,0.3944326937198639,-0.0023278431035578,0.1939933151006698,0.7518801689147949,0.144277885556221,-0.1320149600505828,0.7511363625526428,0.119487814605236,0
54,-0.0199167616665363,-0.6138174533843994,-0.3127284049987793,0.1168757230043411,-0.5220298171043396,-0.1666203439235687,0.1504960656166076,-0.7740679979324341,-0.2521654069423675,-0.1544443666934967,-0.5005630850791931,-0.1904142796993255,-0.240873321890831,-0.7069961428642273,-0.2783117294311523,0.1404021680355072,-1.0068256855010986,-0.3052622377872467,-0.2308366000652313,-0.930358111858368,-0.3272359371185303,0.1055977568030357,-0.0021146938670426,0.0095533961430192,-0.1059228554368019,0.0016334240790456,-0.0083894971758127,0.1225524991750717,0.4159789979457855,0.0180164370685815,-0.1257089972496032,0.3946148157119751,-0.0018831215566024,0.1906395256519317,0.7471606135368347,0.151154562830925,-0.1331295073032379,0.7510724663734436,0.1201056540012359,1
55,-0.0166975911706686,-0.6137383580207825,-0.3130592107772827,0.1193984076380729,-0.521824300289154,-0.1666685789823532,0.1516900062561035,-0.7741205096244812,-0.2518069148063659,-0.1520075052976608,-0.5007274746894836,-0.1902499198913574,-0.2405939549207687,-0.7078682780265808,-0.2768191993236542,0.1422275006771087,-1.0069235563278198,-0.3049225807189941,-0.2300171703100204,-0.9311283230781556,-0.3269938826560974,0.105568990111351,-0.0021208345424383,0.0091023705899715,-0.1058924123644828,0.0016405145870521,-0.0079287374392151,0.1230243816971778,0.4160120189189911,0.0180083699524402,-0.1239335834980011,0.3946318030357361,0.0004217815876472,0.191754013299942,0.7477430701255798,0.1507112234830856,-0.1351173371076584,0.7504037618637085,0.1239918768405914,1
56,-0.020295538008213,-0.6142018437385559,-0.3110731244087219,0.1186769753694534,-0.521530270576477,-0.1666697859764099,0.1509001851081848,-0.7739137411117554,-0.2541144490242004,-0.1522529274225235,-0.5006303191184998,-0.1864960640668869,-0.2399590760469436,-0.7078746557235718,-0.2707827985286712,0.1366415321826934,-1.006630539894104,-0.3079351484775543,-0.2286318987607956,-0.9316568970680236,-0.3194077908992767,0.105575755238533,-0.0021200911141932,0.0082867983728647,-0.1058995798230171,0.0016390782548114,-0.0071193468756973,0.122926227748394,0.4148354828357696,0.0128714069724082,-0.1249174103140831,0.3948436677455902,0.0002731320273596,0.1917856633663177,0.7477643489837646,0.1426857113838195,-0.1328456550836563,0.7548235654830933,0.1191733032464981,1
57,-0.0199049822986125,-0.6141610145568848,-0.3110854029655456,0.1186441034078598,-0.5213096737861633,-0.1667529344558715,0.1509054899215698,-0.7744807004928589,-0.2539401054382324,-0.1521618068218231,-0.5007277131080627,-0.1873950660228729,-0.2384387105703354,-0.7121260762214661,-0.2736136019229889,0.1368675976991653,-1.007562279701233,-0.3077658712863922,-0.2255789488554,-0.9387603402137756,-0.3206928670406341,0.1055706217885017,-0.0021180370822548,0.0083013623952865,-0.1058954000473022,0.0016364188631996,-0.0071348822675645,0.1230038478970527,0.4152914881706238,0.0130609422922134,-0.1248439624905586,0.3949120938777923,-0.0007637297967448,0.1919154226779937,0.7492049932479858,0.1425685882568359,-0.1328617185354232,0.7551981806755066,0.1158580854535102,1
58,-0.0203288979828357,-0.614098072052002,-0.3120225667953491,0.1186278387904167,-0.5210340619087219,-0.1698706001043319,0.1511816531419754,-0.7742354273796082,-0.25931116938591,-0.1521590799093246,-0.5014142394065857,-0.1867413222789764,-0.2386965006589889,-0.7129619121551514,-0.2691311240196228,0.1370493620634079,-1.0070918798446655,-0.313323050737381,-0.2262333631515503,-0.9388553500175476,-0.3184883594512939,0.105605624616146,-0.0021333117038011,0.0071926550008356,-0.1059290617704391,0.0016527054831385,-0.0060177682898938,0.1225341036915779,0.4150339663028717,0.0094093037769198,-0.1279844641685485,0.3949589729309082,-0.0002479869872331,0.1920257806777954,0.7480977773666382,0.1417744606733322,-0.1329662948846817,0.7547481060028076,0.1175773441791534,1
59,-0.0194089729338884,-0.6116107106208801,-0.3186565637588501,0.1186060011386871,-0.5198814272880554,-0.1734539568424224,0.1525375545024871,-0.7737197875976562,-0.2633275985717773,-0.152166411280632,-0.5010325908660889,-0.1964697390794754,-0.2383621633052826,-0.7129597067832947,-0.2842892706394195,0.1372094452381134,-1.005634307861328,-0.3204350173473358,-0.2258636504411697,-0.9394384026527404,-0.331975907087326,0.1055793613195419,-0.0021303761750459,0.0077248844318091,-0.1059056222438812,0.001650130492635,-0.0065466249361634,0.1212807297706604,0.4154187738895416,0.011792435310781,-0.1276418715715408,0.3949530124664306,-0.0016006284859031,0.1897733956575393,0.7491772770881653,0.142396941781044,-0.1337285637855529,0.7540497183799744,0.1160455793142318,1
60,-0.0171328298747539,-0.6124471426010132,-0.3240249454975128,0.1199098378419876,-0.5186557769775391,-0.1805218011140823,0.1526292413473129,-0.7731491923332214,-0.2711959183216095,-0.1490253508090973,-0.5010716915130615,-0.2036000937223434,-0.2355056554079055,-0.7148821949958801,-0.2895592153072357,0.1363099366426468,-1.0043277740478516,-0.3276932537555694,-0.2262675911188125,-0.940317153930664,-0.3362810313701629,0.1055987700819969,-0.0021244070958346,0.0077998931519687,-0.1059293299913406,0.0016432193806394,-0.006610466632992,0.1204631254076957,0.4153468310832977,0.012351837940514,-0.1306890696287155,0.3942919373512268,-0.0021432188805192,0.1890747398138046,0.7475890517234802,0.1464205384254455,-0.1380695849657058,0.7501857280731201,0.1165302321314811,1
61,-0.01868830434978,-0.6124429106712341,-0.3209960460662842,0.1199721172451973,-0.5162390470504761,-0.1800399422645568,0.1543709188699722,-0.769146203994751,-0.2711078524589538,-0.1477685272693634,-0.5010499954223633,-0.1961259841918945,-0.2299643009901046,-0.7149941325187683,-0.2746385037899017,0.1381936073303222,-1.0022122859954834,-0.3266845941543579,-0.2188107371330261,-0.9403792023658752,-0.3248679041862488,0.1055932715535163,-0.0021431148052215,0.0078289397060871,-0.1059225872159004,0.0016617611981928,-0.006636809092015,0.1205314174294471,0.4144169986248016,0.0104820569977164,-0.1305419504642486,0.3935078978538513,-0.0064451182261109,0.1876444071531295,0.7477820515632629,0.1451586633920669,-0.13823963701725,0.7503522038459778,0.1141732856631279,1
62,-0.0174522884190082,-0.6126530170440674,-0.3213081359863281,0.119461603462696,-0.5160484313964844,-0.1797700673341751,0.1534495204687118,-0.7705410122871399,-0.2706229090690613,-0.1479219943284988,-0.5007255673408508,-0.1997879892587661,-0.231036365032196,-0.7151044011116028,-0.2844317555427551,0.1358187794685363,-1.004472732543945,-0.3261956870555877,-0.218199074268341,-0.9411501884460448,-0.3284591734409332,0.105600006878376,-0.0022121178917586,0.0086160097271204,-0.105935201048851,0.0017247239593416,-0.0074112224392592,0.1193731129169464,0.4143856763839721,0.0104052349925041,-0.1328691840171814,0.3934661448001861,-0.0119961034506559,0.1851506233215332,0.7470332384109497,0.1470237523317337,-0.139583870768547,0.7503596544265747,0.1081736013293266,1
63,-0.0176741685718297,-0.614663302898407,-0.3214606344699859,0.1186167746782302,-0.5160273909568787,-0.180946797132492,0.1499130576848983,-0.772145688533783,-0.2724330723285675,-0.1481166183948516,-0.5007309913635254,-0.2015810310840606,-0.2312915027141571,-0.7184898257255554,-0.2874024510383606,0.1337683200836181,-1.0090588331222534,-0.327944666147232,-0.2177994847297668,-0.9442569017410278,-0.3311140537261963,0.1055737882852554,-0.0022906181402504,0.0087381433695554,-0.1059169992804527,0.0018025587778538,-0.0075325183570384,0.1172226890921592,0.4144227504730224,0.0125073976814746,-0.1335048675537109,0.3929344415664673,-0.0120837548747658,0.1828237771987915,0.7469778060913086,0.1506498306989669,-0.1421320736408233,0.7487219572067261,0.108333021402359,1
64,-0.0160997416824102,-0.6120634078979492,-0.3295519351959228,0.1194376349449157,-0.5146325826644897,-0.1885107457637787,0.1508667320013046,-0.7718747854232788,-0.285002738237381,-0.1469590663909912,-0.5002850890159607,-0.2069844305515289,-0.2311071008443832,-0.7184522747993469,-0.2937326729297638,0.135336548089981,-1.008581280708313,-0.3426586389541626,-0.2185446321964264,-0.9442595839500428,-0.3410907685756683,0.1055907979607582,-0.0022670216858386,0.0087259458377957,-0.1059354990720748,0.0017791894497349,-0.0075154928490519,0.1151966303586959,0.4153196811676025,0.0124253006651997,-0.1336876153945922,0.392802357673645,-0.0122364107519388,0.182015985250473,0.747442364692688,0.1507038027048111,-0.1455279886722564,0.7472212314605713,0.1085753962397575,1
65,-0.0147171951830387,-0.6127384305000305,-0.3223020434379577,0.1205720975995063,-0.5150682926177979,-0.1791340559720993,0.1518668979406356,-0.7732838988304138,-0.2703887522220611,-0.146075814962387,-0.501534640789032,-0.2054960280656814,-0.2302474975585937,-0.725904107093811,-0.29323410987854,0.136600837111473,-1.0098098516464231,-0.3300445675849914,-0.2146387696266174,-0.952132761478424,-0.3399670124053955,0.1055364236235618,-0.0022145789116621,0.0100851142778992,-0.1058892756700515,0.0017287087393924,-0.008876983076334,0.1143686845898628,0.4149777591228485,0.0139789385721087,-0.1362284719944,0.3915818631649017,-0.0152547573670744,0.1798576414585113,0.745678722858429,0.1535866111516952,-0.150223821401596,0.7428032159805298,0.1057954728603363,1
66,-0.0097623150795698,-0.6129580140113831,-0.3197846710681915,0.1261100172996521,-0.5154817700386047,-0.1780008822679519,0.1612960249185562,-0.7769939303398132,-0.2695643007755279,-0.1420479267835617,-0.5022513270378113,-0.2043954133987426,-0.22246615588665,-0.726040780544281,-0.2916768193244934,0.143472209572792,-1.013668417930603,-0.3277290761470794,-0.2092932611703872,-0.9518056511878968,-0.3373105525970459,0.1055594235658645,-0.0018946514464914,0.0100951502099633,-0.1059202626347541,0.0014188343193382,-0.0088873766362667,0.1150917708873748,0.4149726629257202,0.0118565624579787,-0.1368588805198669,0.3886299431324005,-0.0168363861739635,0.1793605536222458,0.7454951405525208,0.1533926725387573,-0.1510935425758361,0.7380797266960144,0.1044175028800964,1
67,-0.0111229494214057,-0.6125911474227905,-0.3420212864875793,0.1248651891946792,-0.513032078742981,-0.2038606107234954,0.1611263155937194,-0.7784473896026611,-0.3019720911979675,-0.1417766362428665,-0.5012855529785156,-0.2279951274394989,-0.2197506427764892,-0.726618230342865,-0.317062109708786,0.1442455798387527,-1.0213932991027832,-0.3537261188030243,-0.2048231959342956,-0.954597234725952,-0.3625716269016266,0.1055905446410179,-0.0018816894153133,0.010223289951682,-0.1059595197439193,0.0014076299266889,-0.0090149622410535,0.1180073544383049,0.4109468460083008,0.0117542035877704,-0.1411022543907165,0.385666012763977,-0.0222434755414724,0.181019902229309,0.7398195862770081,0.1588029414415359,-0.1512063890695572,0.7315188646316528,0.1052417680621147,1
68,-0.0114876218140125,-0.6080529689788818,-0.3497576117515564,0.1241212636232376,-0.5119885206222534,-0.2046690583229065,0.1608981490135193,-0.7802826166152954,-0.3020945191383362,-0.1424857527017593,-0.4989752769470215,-0.23863385617733,-0.2208424061536789,-0.7242680788040161,-0.3317724764347076,0.1467916220426559,-1.024841070175171,-0.3553536832332611,-0.207753986120224,-0.9524904489517212,-0.378543347120285,0.1055394560098648,-0.0016938984626904,0.0107290716841816,-0.1059214025735855,0.001229605753906,-0.0095170810818672,0.1178795397281646,0.4100233912467956,0.0178958754986524,-0.1436290889978408,0.3796004951000213,-0.0285781696438789,0.1765036880970001,0.7378312945365906,0.1631752997636795,-0.1571216136217117,0.7243520021438599,0.0961729437112808,1
69,-0.0116395261138677,-0.6050041317939758,-0.3506443798542022,0.1240247637033462,-0.511789858341217,-0.2061721533536911,0.1605978012084961,-0.7802278399467468,-0.3064633011817932,-0.142409399151802,-0.4993348717689514,-0.2373346537351608,-0.2210882306098938,-0.727992594242096,-0.3292774558067322,0.1468192040920257,-1.0246407985687256,-0.3585887551307678,-0.2031928896903991,-0.9583284854888916,-0.3753992021083832,0.1055272966623306,-0.0017426167614758,0.01072983071208,-0.1059162095189094,0.0012861517025157,-0.0095157399773597,0.1228296980261802,0.4053650796413421,0.0201607812196016,-0.1480143517255783,0.3751723170280456,-0.029279813170433,0.1787764877080917,0.726942241191864,0.1666126996278762,-0.1580906808376312,0.7162531018257141,0.0965343192219734,1
70,-0.0126861641183495,-0.6030003428459167,-0.3636924624443054,0.1222982034087181,-0.5085473656654358,-0.2206269055604934,0.1604355275630951,-0.7796564102172852,-0.3268453180789947,-0.142328068614006,-0.4974924027919769,-0.2516946792602539,-0.2171570062637329,-0.7282509207725525,-0.346824586391449,0.1524340808391571,-1.0267553329467771,-0.3790844678878784,-0.1961566656827926,-0.9617154002189636,-0.395284354686737,0.1055061742663383,-0.0017619227292016,0.0106900259852409,-0.1059072464704513,0.0013102864613756,-0.0094796102494001,0.1273900121450424,0.3971505761146545,0.017961349338293,-0.1506837457418441,0.3681662678718567,-0.0354819782078266,0.1811010539531707,0.7150228023529053,0.1703636646270752,-0.1608549356460571,0.7053123116493225,0.0973606705665588,1
71,-0.0126386592164635,-0.6014930009841919,-0.3646845817565918,0.1227058172225952,-0.5078727602958679,-0.2243739068508148,0.1597825288772583,-0.7793802618980408,-0.3318943679332733,-0.1388550698757171,-0.4976358711719513,-0.2528193891048431,-0.2127665132284164,-0.7337257862091064,-0.3464269638061523,0.1520639210939407,-1.0265592336654663,-0.3843562304973602,-0.1910992115736007,-0.968393623828888,-0.3947104811668396,0.1055052354931831,-0.0018151158001273,0.0105931460857391,-0.1059140339493751,0.0013719451380893,-0.009382008574903,0.1333849430084228,0.3891470730304718,0.0121383760124444,-0.1555917114019394,0.3628159463405609,-0.0448270998895168,0.1849972456693649,0.7016946077346802,0.1779982596635818,-0.1612563282251358,0.6968950629234314,0.0977682024240493,1
72,-0.0177912656217813,-0.6015932559967041,-0.3638533353805542,0.1204812452197074,-0.5074628591537476,-0.222576156258583,0.1575652509927749,-0.7772237062454224,-0.3298792839050293,-0.1398279517889022,-0.4976110458374023,-0.2512138485908508,-0.2120049893856048,-0.7328113317489624,-0.3378467559814453,0.1497519016265869,-1.0257174968719482,-0.3818475902080536,-0.1919956654310226,-0.9677312970161438,-0.3913669884204864,0.1054998114705085,-0.0017206313787028,0.010148387402296,-0.1059111431241035,0.0012908999342471,-0.0089283715933561,0.1329917162656784,0.3897943496704101,0.0084790559485554,-0.1631416380405426,0.3557851612567901,-0.0504600778222084,0.1817041784524917,0.7031885981559753,0.1778856813907623,-0.1627130061388015,0.6854438185691833,0.0978736206889152,1
73,-0.0215797461569309,-0.5996666550636292,-0.3645411133766174,0.1205763146281242,-0.5075377225875854,-0.2273056954145431,0.1591396182775497,-0.7764666080474854,-0.3345566987991333,-0.1397280991077423,-0.4976254403591156,-0.2494295090436935,-0.2118166834115982,-0.7326242923736572,-0.3325710296630859,0.149639219045639,-1.025234937667847,-0.3824441730976105,-0.192513957619667,-0.9679459929466248,-0.3857644498348236,0.1057580038905143,-0.0019180601229891,0.008799803443253,-0.1062020435929298,0.0015123462071642,-0.0075889406725764,0.1384812891483307,0.3869318664073944,0.0052750739268958,-0.1740982681512832,0.3494748473167419,-0.0598020516335964,0.190958172082901,0.6939793229103088,0.191275268793106,-0.1630693227052688,0.6768919825553894,0.0980320870876312,1
74,-0.0214721616357564,-0.5984803438186646,-0.3650931417942047,0.1216740757226944,-0.5062352418899536,-0.2282948940992355,0.159546747803688,-0.7743856310844421,-0.3364334106445312,-0.1388859003782272,-0.4965128600597381,-0.249065026640892,-0.2116483300924301,-0.7298993468284607,-0.3335595428943634,0.1501922011375427,-1.0236839056015017,-0.3840237557888031,-0.1938265562057495,-0.9642764329910278,-0.388446182012558,0.1057942062616348,-0.0020740216132253,0.008441180922091,-0.106250450015068,0.0016784723848104,-0.0072279507294297,0.1426936239004135,0.3760407865047455,-0.0029650279320776,-0.1745402067899704,0.3432960510253906,-0.0761796906590461,0.1948552578687667,0.6776851415634155,0.1912837326526641,-0.1568982154130935,0.6746799945831299,0.0850800052285194,1
75,-0.0213835481554269,-0.596266508102417,-0.3659324049949646,0.1217627748847007,-0.5053385496139526,-0.2279098927974701,0.1604876369237899,-0.7710977792739868,-0.3353658318519592,-0.1386423408985138,-0.4949998259544372,-0.2492295205593109,-0.2113450914621353,-0.7285904288291931,-0.334867000579834,0.1549858301877975,-1.0181666612625122,-0.3837416768074035,-0.1934543848037719,-0.9636660814285278,-0.3900254070758819,0.1058637350797653,-0.0022456899750977,0.0084215439856052,-0.1063330247998237,0.0018584148492664,-0.0072083584964275,0.1491295993328094,0.3687130212783813,-0.0116044487804174,-0.1809637695550918,0.3381312489509582,-0.0768844634294509,0.2041888087987899,0.667649507522583,0.1903329938650131,-0.1569848358631134,0.6646878719329834,0.0907440036535263,1
76,-0.0203791577368974,-0.5962847471237183,-0.3656785786151886,0.1218647882342338,-0.5053545832633972,-0.226795345544815,0.1606621146202087,-0.772891640663147,-0.3332120776176452,-0.1389747709035873,-0.4938434064388275,-0.2512719631195068,-0.2115869522094726,-0.7282789945602417,-0.3444757759571075,0.1555432081222534,-1.020035743713379,-0.3826480507850647,-0.1933451443910598,-0.9630446434020996,-0.3981131315231323,0.1059272810816764,-0.0022041429765522,0.0085244840011,-0.1064117476344108,0.0018217260949313,-0.007309250999242,0.1498612165451049,0.3673828542232513,-0.0105330077931284,-0.183951050043106,0.3312495350837707,-0.0970233157277107,0.2072396576404571,0.6663042902946472,0.1974054276943206,-0.1639571785926818,0.6577641367912292,0.0671330317854881,1
77,-0.0206479057669639,-0.6016628742218018,-0.3539420366287231,0.1214981377124786,-0.5054386258125305,-0.216342955827713,0.1609395444393158,-0.7742401957511902,-0.3210756480693817,-0.1400634348392486,-0.493737518787384,-0.242747351527214,-0.2149672210216522,-0.7292959690093994,-0.3362038433551788,0.1562760472297668,-1.021507978439331,-0.3740202784538269,-0.2007922232151031,-0.965213179588318,-0.3907171189785003,0.1058793440461158,-0.0019885366782546,0.0080820899456739,-0.1063752397894859,0.0016299537383019,-0.0068916990421712,0.1558780223131179,0.3530715703964233,-0.0478641167283058,-0.1892005950212478,0.313415378332138,-0.1206928789615631,0.2083026766777038,0.6584832668304443,0.1513409912586212,-0.1629689633846283,0.6407997608184814,0.049075786024332,1
78,-0.0203675851225852,-0.6013506054878235,-0.3542567193508148,0.1221236810088157,-0.5042969584465027,-0.2164284586906433,0.1656574755907058,-0.7750370502471924,-0.3211715221405029,-0.1398981660604477,-0.4911814928054809,-0.2443534284830093,-0.2149994224309921,-0.727074384689331,-0.3389989733695984,0.1570217609405517,-1.0235276222229004,-0.3739837408065796,-0.2008027285337448,-0.9638500809669496,-0.3937374651432037,0.1060045734047889,-0.0015691486187279,0.0079703209921717,-0.1065186783671379,0.0012379066320136,-0.0067870253697037,0.1567567735910415,0.3501594960689544,-0.0518741197884082,-0.1897123008966446,0.2959330081939697,-0.1566585302352905,0.2117703706026077,0.6504313349723816,0.1543975323438644,-0.1576973795890808,0.6295651793479919,0.0120040541514754,1
79,-0.0188807863742113,-0.6062833070755005,-0.3366329967975616,0.1231200620532035,-0.5044131278991699,-0.1997807919979095,0.1701289117336273,-0.7785435318946838,-0.2972354590892792,-0.139616385102272,-0.4934210181236267,-0.2341015785932541,-0.2141969949007034,-0.7390186786651611,-0.3274274170398712,0.1629392951726913,-1.0286734104156494,-0.3491810262203216,-0.1987709701061248,-0.9769725799560548,-0.3752707839012146,0.1063544750213623,-0.0007047380204312,0.0079500460997223,-0.1068771854043006,0.0004142988764215,-0.0067681050859391,0.1671710908412933,0.3331214785575866,-0.0941812843084335,-0.1979776471853256,0.263241708278656,-0.2054797857999801,0.2223569005727768,0.6208041310310364,0.1182617545127868,-0.1533285826444625,0.5938273668289185,-0.0222615730017423,1
80,-0.014499107375741,-0.6113554239273071,-0.3197729289531708,0.1262293457984924,-0.5058284401893616,-0.1847713589668274,0.1780815571546554,-0.7829111814498901,-0.2790341079235077,-0.1369311660528183,-0.4959320724010467,-0.2212444096803665,-0.2134176343679428,-0.7451205253601074,-0.3136137425899505,0.1680334657430648,-1.0343327522277832,-0.3317303657531738,-0.1949468851089477,-0.9840306043624878,-0.3559409379959106,0.1068547293543815,-0.000357301934855,0.0080991815775632,-0.1073848381638526,9.939674782799555e-05,-0.0069332509301602,0.172961413860321,0.3125246465206146,-0.1408801823854446,-0.2034150809049606,0.2457998543977737,-0.2308730185031891,0.2272366732358932,0.5863888263702393,0.0761145129799842,-0.1491196751594543,0.5709838271141052,-0.0420296899974346,1
81,-0.0124596869572997,-0.6153006553649902,-0.3165277540683746,0.1269288808107376,-0.506156325340271,-0.1807755231857299,0.1774897128343582,-0.785025417804718,-0.2745838463306427,-0.1357914805412292,-0.4961175322532654,-0.2193056344985962,-0.2125099897384643,-0.7485144138336182,-0.3124231696128845,0.1687457263469696,-1.0392131805419922,-0.3291784524917602,-0.1941378712654113,-0.9910237193107604,-0.3541846573352813,0.1073888689279556,0.0002520694397389,0.0082337250933051,-0.1079225689172744,-0.0004977155476808,-0.0070767900906503,0.1726024001836776,0.2989285886287689,-0.1783847957849502,-0.2147398144006729,0.2345873266458511,-0.2411713004112243,0.2282040119171142,0.5619580149650574,0.0335555151104927,-0.148771658539772,0.5419257283210754,-0.0463388115167617,1
82,-0.0124768521636724,-0.6150239109992981,-0.3174760639667511,0.1290497779846191,-0.5045166015625,-0.1832813620567321,0.1805591583251953,-0.7801316976547241,-0.2784300446510315,-0.1351605206727981,-0.4964306950569153,-0.2136464864015579,-0.2114115953445434,-0.7491159439086914,-0.298524260520935,0.1740276515483856,-1.034077763557434,-0.3325229585170746,-0.1917337328195572,-0.9937652349472046,-0.3366258144378662,0.1085528135299682,0.0003229028370697,0.0074246595613658,-0.1090556755661964,-0.0005665985518135,-0.0062656812369823,0.1722394824028015,0.2913578450679779,-0.2002432495355606,-0.2276026904582977,0.228297010064125,-0.2609283626079559,0.2274585366249084,0.5366254448890686,0.0347036011517047,-0.1508391797542572,0.518899142742157,-0.0411362685263156,1
83,-0.0149795617908239,-0.612232506275177,-0.3189157247543335,0.1302371770143509,-0.5030954480171204,-0.1888940632343292,0.1795371174812317,-0.7765995860099792,-0.2992279231548309,-0.1351233422756195,-0.4959964752197265,-0.2107466012239456,-0.2093258202075958,-0.7488183379173279,-0.292563259601593,0.1716598868370056,-1.0319846868515017,-0.3565256893634796,-0.1917837113142013,-0.9965249300003052,-0.3357397019863128,0.1097527965903282,0.0008193482644855,0.0044291345402598,-0.1102475151419639,-0.0010878383181989,-0.0032039242796599,0.1539453417062759,0.2808248996734619,-0.2410588562488556,-0.2498878091573715,0.1935909390449524,-0.2650186121463775,0.2042610198259353,0.5153324007987976,-0.0095095532014966,-0.167200893163681,0.4867613613605499,-0.0589620806276798,1
84,-0.0071219159290194,-0.6129317283630371,-0.3193463087081909,0.1328452080488205,-0.5025129914283752,-0.1913803368806839,0.1812525689601898,-0.7713394165039062,-0.2988132238388061,-0.1348898857831955,-0.4946525394916534,-0.2147158235311508,-0.2052360028028488,-0.7421318888664246,-0.2971778810024261,0.1776148080825805,-1.027814269065857,-0.346875250339508,-0.1822964698076248,-0.9853995442390442,-0.3475328087806701,0.1099006906151771,0.0011707171797752,0.0037032943218946,-0.1103976592421531,-0.001437728642486,-0.0024117045104503,0.1452958434820175,0.2979817986488342,-0.0964165851473808,-0.2443413734436035,0.1790779680013656,-0.2898770272731781,0.2044975608587265,0.5328757762908936,0.1813704967498779,-0.1618464589118957,0.4962524175643921,-0.1007919460535049,1
85,-0.0059982230886816,-0.6072232127189636,-0.3326532244682312,0.1341420710086822,-0.498873621225357,-0.2077002078294754,0.181037038564682,-0.7656484246253967,-0.3150777518749237,-0.1344609260559082,-0.4901669919490814,-0.2236615121364593,-0.2054037600755691,-0.7348155975341797,-0.3078355491161346,0.1790539026260376,-1.023726463317871,-0.3613264858722687,-0.1826033741235733,-0.978525161743164,-0.3636921644210815,0.1099868565797805,0.0014830091968178,0.0023402168881148,-0.1104854866862297,-0.001751817530021,-0.001023995806463,0.1365624666213989,0.3030316531658172,-0.0995562002062797,-0.2421153336763382,0.1812331229448318,-0.2860170304775238,0.1993952989578247,0.5402613878250122,0.1782500594854354,-0.1632471531629562,0.4989605247974396,-0.0887283384799957,1
86,-0.0062022460624575,-0.598478376865387,-0.3406664729118347,0.1337223351001739,-0.4931191205978393,-0.2155670225620269,0.1786939948797226,-0.7565158009529114,-0.3216842710971832,-0.1348392963409423,-0.4856063723564148,-0.2281261831521988,-0.2047729641199112,-0.7291005253791809,-0.3079631924629211,0.1801141947507858,-1.0172555446624756,-0.3674804866313934,-0.182913988828659,-0.9728559851646424,-0.3633080422878265,0.1101237908005714,0.0018133553676307,0.0013362100580707,-0.1106123998761177,-0.0020952760241925,2.9080008971504867e-05,0.1316082924604416,0.3027986288070678,-0.1074393689632415,-0.2407453209161758,0.1660755276679992,-0.2939763069152832,0.1894099414348602,0.5281332731246948,0.1846081018447876,-0.1631349176168441,0.4742734730243683,-0.087797500193119,1
87,-0.0064813066273927,-0.5882724523544312,-0.3444534540176391,0.136818915605545,-0.4863779544830322,-0.2199512422084808,0.1786233633756637,-0.7454060316085815,-0.3363407552242279,-0.133845180273056,-0.4812089502811432,-0.2286210358142852,-0.2043446153402328,-0.7214492559432983,-0.3080522418022156,0.1774633079767227,-1.0077327489852903,-0.3873715400695801,-0.1843371242284774,-0.9663571119308472,-0.3632906675338745,0.1110215112566948,0.0018539767479524,0.0003409832424949,-0.1115079522132873,-0.0021377499215304,0.0010490365093573,0.1332406401634216,0.2788986563682556,-0.1923757344484329,-0.2405396848917007,0.1526881903409958,-0.2982828617095947,0.1912461668252945,0.4914844334125519,0.0935456752777099,-0.1631679981946945,0.4587548375129699,-0.0839221850037574,1
88,-0.006639486644417,-0.5891843438148499,-0.3312958180904388,0.1403287202119827,-0.4868872463703155,-0.2100863009691238,0.1794393211603164,-0.7468245625495911,-0.3303999900817871,-0.1337164044380188,-0.4836273789405823,-0.213568314909935,-0.2035991102457046,-0.7255562543869019,-0.2884500622749328,0.1780597865581512,-1.0086039304733276,-0.3837158381938934,-0.1866507232189178,-0.9790117740631104,-0.3414255678653717,0.1126992627978324,0.0018368483288213,0.0001082637536455,-0.1131271794438362,-0.002130952430889,0.0013018165482208,0.1510021984577179,0.229075089097023,-0.2962597012519836,-0.2568464279174804,0.1396170109510421,-0.2947130501270294,0.1926774829626083,0.4450834989547729,-0.0574280247092247,-0.1650921702384948,0.4244712889194488,-0.0851402133703231,1
89,-0.0073684654198586,-0.5897897481918335,-0.3228010237216949,0.1404809653759002,-0.4872340857982635,-0.2006724178791046,0.1793919950723648,-0.7462466359138489,-0.3223422467708587,-0.1354263424873352,-0.4827447831630707,-0.203174814581871,-0.2049261778593063,-0.722051203250885,-0.2776102423667907,0.1803712248802185,-1.009249567985535,-0.3825677335262298,-0.1903963387012481,-0.975633144378662,-0.3293114602565765,0.1140799671411514,0.001878390670754,9.33757910388522e-05,-0.114467442035675,-0.0021843244321644,0.0013178241206333,0.1662709861993789,0.2070772796869278,-0.3229879736900329,-0.2724266052246094,0.1174257472157478,-0.2983850240707397,0.1934351623058319,0.4146983921527862,-0.0845223367214202,-0.1821640431880951,0.4015381932258606,-0.0973829552531242,1
90,-0.0115488311275839,-0.5948270559310913,-0.3129222393035888,0.1405911296606063,-0.4880253970623016,-0.1919596046209335,0.1807114332914352,-0.7467554211616516,-0.3139970302581787,-0.1371936053037643,-0.4825986921787262,-0.1943455636501312,-0.2057578116655349,-0.7209729552268982,-0.2680901288986206,0.186877354979515,-1.0104542970657349,-0.3708592653274536,-0.1929832398891449,-0.9744296073913574,-0.3195021152496338,0.1149836331605911,0.0021607945673167,8.090140181593597e-05,-0.1153659000992775,-0.0025033149868249,0.0013310676440596,0.1844067871570587,0.1969396322965622,-0.3166545629501343,-0.272590696811676,0.0762954279780387,-0.2979329228401184,0.1892672181129455,0.3826122581958771,-0.0911142081022262,-0.1827847510576248,0.3755569458007812,-0.1144505962729454,1
91,-0.0099712619557976,-0.6048322916030884,-0.2916677296161651,0.1418850272893905,-0.4949139952659607,-0.172811359167099,0.1813689172267913,-0.7502586245536804,-0.2863944172859192,-0.1391620934009552,-0.4858072400093078,-0.1819722652435302,-0.2063669860363006,-0.7211109399795532,-0.260354220867157,0.1878744959831237,-1.0192021131515503,-0.3440032303333282,-0.1944438517093658,-0.9741209745407104,-0.3074131608009338,0.115344688296318,0.0027649940457195,0.0009532227413728,-0.1157084926962852,-0.0031268389429897,0.0004320046282373,0.1816927343606948,0.1695425659418106,-0.3206577599048614,-0.2647158503532409,0.0539079792797565,-0.3102289140224457,0.1953209638595581,0.3572819530963897,-0.1154016479849815,-0.1693274527788162,0.3407382369041443,-0.13133305311203,1
92,-0.0084808953106403,-0.6106918454170227,-0.2919823229312897,0.1434373706579208,-0.4955542087554931,-0.175410121679306,0.1851913332939148,-0.7496362924575806,-0.2878604233264923,-0.1384221464395523,-0.4931835234165191,-0.1821653544902801,-0.205325037240982,-0.7216460108757019,-0.2587563693523407,0.193107932806015,-1.0209728479385376,-0.3407759666442871,-0.1944335103034973,-0.9752734899520874,-0.3037793636322021,0.1151067912578582,0.0028193611651659,0.0012852313229814,-0.1154822558164596,-0.0031755766831338,3.634477252489887e-05,0.1849731206893921,0.1537432223558426,-0.3073678612709045,-0.2321897447109222,0.06502116471529,-0.3264767527580261,0.1941679716110229,0.3096736371517181,-0.0885620638728141,-0.1447838842868805,0.2883724272251129,-0.1139047220349311,1
93,-0.0076523879542946,-0.613632082939148,-0.2790691256523132,0.1446968466043472,-0.4978671371936798,-0.1633927524089813,0.1888616532087326,-0.7512139678001404,-0.2725473642349243,-0.1374734044075012,-0.4946935474872589,-0.1675622910261154,-0.2052548080682754,-0.7200406789779663,-0.2368611544370651,0.2006115168333053,-1.0258888006210327,-0.3266714513301849,-0.1950672417879104,-0.9741942286491394,-0.2886614203453064,0.1145790144801139,0.0044728107750415,0.0014576185494661,-0.1149422153830528,-0.0048353113234043,-0.0001624152064323,0.1739490181207656,0.1461337804794311,-0.3025072813034057,-0.2329173237085342,0.0230445973575115,-0.3180158138275146,0.1810316294431686,0.2901429235935211,-0.0908330455422401,-0.147331565618515,0.2894317805767059,-0.112739659845829,1
94,-0.0029279410373419,-0.6130433678627014,-0.2760058343410492,0.1539370417594909,-0.4977655708789825,-0.1606315523386001,0.2019488662481308,-0.7444865703582764,-0.2736578583717346,-0.1341307610273361,-0.4947270154953003,-0.1628601253032684,-0.2052240967750549,-0.711855411529541,-0.2386776953935623,0.2087040841579437,-1.0184828042984009,-0.3293658196926117,-0.192290797829628,-0.9668643474578856,-0.2921787202358246,0.1145669296383857,0.005235890392214,0.001736257574521,-0.1149288117885589,-0.0056117428466677,-0.0004608877643477,0.175538495182991,0.1193996220827102,-0.3002497255802154,-0.223355546593666,0.0157354027032852,-0.316974401473999,0.1802229881286621,0.2963253557682037,-0.114648662507534,-0.148744598031044,0.2854184508323669,-0.1248452067375183,1
95,-0.0003797988174483,-0.6109071373939514,-0.2709071934223175,0.1588999181985855,-0.4957365095615387,-0.1561824381351471,0.2090704441070556,-0.7384909987449646,-0.2691369354724884,-0.1315640211105346,-0.4954247772693634,-0.1548180729150772,-0.2055141180753708,-0.7121064066886902,-0.2294773310422897,0.2163238525390625,-1.0145868062973022,-0.3238455653190613,-0.1903926581144333,-0.9650112390518188,-0.2872174084186554,0.1146969497203826,0.0053011775016784,0.0021476168185472,-0.115049198269844,-0.0056776576675474,-0.0008682683692313,0.1975698620080948,0.0823138505220413,-0.3010907769203186,-0.2237773090600967,0.0209791827946901,-0.3241682350635528,0.2083208262920379,0.3033836483955383,-0.1373004764318466,-0.1505025625228881,0.2739470601081848,-0.1310829520225525,1
96,-0.0003916572313755,-0.616274356842041,-0.24319688975811,0.1583519130945205,-0.4966761469841003,-0.1360834389925003,0.2076363414525985,-0.7384257912635803,-0.2436996847391128,-0.1313222795724868,-0.4951969981193542,-0.127104178071022,-0.2057671993970871,-0.7043468356132507,-0.2064981907606125,0.2149123400449752,-1.0076539516448977,-0.2865831851959228,-0.1853359192609787,-0.958951473236084,-0.2568824589252472,0.1146062090992927,0.005509671755135,0.0021716973278671,-0.1149500012397766,-0.0059108803980052,-0.0008925789734348,0.1930243372917175,0.0267843212932348,-0.30022794008255,-0.2289294600486755,-0.0128422845155,-0.3159999251365661,0.1933026015758514,0.2530976235866546,-0.1468909829854965,-0.1516277492046356,0.2330663204193115,-0.1437597423791885,1
97,0.0022881608456373,-0.6166378259658813,-0.2389187663793563,0.1616798639297485,-0.4961074292659759,-0.1327175199985504,0.2119946777820587,-0.733054518699646,-0.2437655478715896,-0.1252809166908264,-0.4939963221549988,-0.1235312074422836,-0.1994480043649673,-0.6995838284492493,-0.2095860689878463,0.2195332944393158,-1.0001332759857178,-0.2887738645076751,-0.1707947850227356,-0.9592942595481871,-0.2617403864860534,0.1142370849847793,0.0055679720826447,0.0024390129838138,-0.1145825162529945,-0.0059877005405724,-0.001187348854728,0.1963091194629669,0.0099193826317787,-0.2897794544696808,-0.2251075208187103,-0.0275542810559272,-0.3140601813793182,0.1316712647676468,0.2024519592523574,-0.138372853398323,-0.1414530128240585,0.2059174627065658,-0.1467460393905639,1
98,0.0040076877921819,-0.6164365410804749,-0.2407710403203964,0.1615897119045257,-0.4958215057849884,-0.1331934779882431,0.2120071798563003,-0.7334915399551392,-0.2462508827447891,-0.1251365393400192,-0.491901159286499,-0.1265051215887069,-0.1998208612203598,-0.6934683322906494,-0.2127715200185775,0.2189391106367111,-1.0009602308273315,-0.2923237681388855,-0.1700370758771896,-0.9544451236724854,-0.2651819586753845,0.1139078363776207,0.0061619002372026,0.0028169099241495,-0.1142413020133972,-0.0066343606449663,-0.0015875671524554,0.226598858833313,0.025867536664009,-0.2746672928333282,-0.2251947224140167,-0.0387265346944332,-0.3106816112995147,0.1243374347686767,0.2004816085100174,-0.1212189570069313,-0.1427354663610458,0.212884709239006,-0.1450412720441818,1
99,0.0084096686914563,-0.616664469242096,-0.2424298971891403,0.1618173122406005,-0.4958009719848633,-0.1320564150810241,0.2138818949460983,-0.7337853312492371,-0.2444840669631958,-0.1248438879847526,-0.4913422763347626,-0.1290126889944076,-0.2011792510747909,-0.6947638988494873,-0.2161889970302581,0.2248782366514206,-0.9996440410614014,-0.2924962043762207,-0.1676172167062759,-0.9568000435829164,-0.2660649418830871,0.1135770305991172,0.0064207762479782,0.0038350457325577,-0.1139176711440086,-0.0069184154272079,-0.0026345108635723,0.2396765202283859,0.0239953137934207,-0.2624013423919678,-0.2258969843387603,-0.0525976568460464,-0.3102672398090362,0.0714447796344757,0.1880830377340316,-0.1205904111266136,-0.1381525099277496,0.2053457349538803,-0.1531559824943542,1
100,0.0090248417109251,-0.6144805550575256,-0.2444001287221908,0.1629614382982254,-0.4946291446685791,-0.1358461081981659,0.2142265737056732,-0.7339250445365906,-0.2524676322937011,-0.1224157810211181,-0.4906594455242157,-0.1299713402986526,-0.1987100392580032,-0.6955585479736328,-0.2186242789030075,0.2233565002679824,-1.000067114830017,-0.30020871758461,-0.1661518812179565,-0.9570300579071044,-0.2721545994281769,0.1133656352758407,0.0067457514815032,0.0039371512830257,-0.1137124225497245,-0.0072603276930749,-0.002750968793407,0.2356260567903518,0.0196630470454692,-0.2629152238368988,-0.2260538339614868,-0.0499352142214775,-0.3097369968891144,0.0938585177063942,0.187856838107109,-0.1157117933034896,-0.1425971984863281,0.2089450359344482,-0.1516623347997665,1
101,0.0034940522164106,-0.6153417229652405,-0.2383909523487091,0.1615762263536453,-0.4965705573558807,-0.131163939833641,0.2140365689992904,-0.737846851348877,-0.2477515786886215,-0.1230996996164321,-0.490620881319046,-0.1234162002801895,-0.199978619813919,-0.6956478357315063,-0.2056684494018554,0.2222907245159149,-1.000269055366516,-0.2943554520606994,-0.1736861020326614,-0.9524884223937988,-0.2641155421733856,0.1129506900906562,0.0074474993161857,0.0039777015335857,-0.1133061647415161,-0.0079731857404112,-0.002792798448354,0.2325349897146225,0.0195309203118085,-0.2636125385761261,-0.2249378263950348,-0.0567415654659271,-0.3042369186878204,0.0692950412631034,0.1861424744129181,-0.1211030781269073,-0.150427758693695,0.2077409923076629,-0.1590770035982132,1
102,0.0058670057915151,-0.61445152759552,-0.247996374964714,0.1635609865188598,-0.4933750927448272,-0.1372660398483276,0.2165988236665725,-0.7373325824737549,-0.25457763671875,-0.121123157441616,-0.4888970255851745,-0.1344161331653595,-0.1970091611146927,-0.6959445476531982,-0.2225958853960037,0.2260301113128662,-1.0025441646575928,-0.3050821721553802,-0.1722247451543808,-0.9526532888412476,-0.2821813225746155,0.1129436120390892,0.0076890476047992,0.0043953177519142,-0.1133017987012863,-0.0082175452262163,-0.0032436680048704,0.2351893633604049,0.0301373694092035,-0.2640461325645447,-0.2250290513038635,-0.0529052875936031,-0.3104687929153442,0.1007767915725708,0.1910452991724014,-0.1011014431715011,-0.1526762098073959,0.2175434529781341,-0.1520557254552841,1
103,0.0060062739066779,-0.6152916550636292,-0.2470372766256332,0.1633235067129135,-0.4951134622097015,-0.1344470083713531,0.2171924859285354,-0.7438137531280518,-0.2498494088649749,-0.1221010610461235,-0.4888896644115448,-0.1344458162784576,-0.2002618461847305,-0.6960484385490417,-0.2198299020528793,0.2247514277696609,-1.005272388458252,-0.2986866235733032,-0.1797975152730941,-0.947622776031494,-0.2755621969699859,0.1129257977008819,0.0081508513540029,0.0046153683215379,-0.1132846921682357,-0.0086698131635785,-0.003468633396551,0.2343613505363464,0.0420185066759586,-0.2744978666305542,-0.227709487080574,-0.0186037793755531,-0.3157074451446533,0.0605921894311904,0.1932191103696823,-0.114464022219181,-0.1591736227273941,0.207014575600624,-0.1463353037834167,1
104,0.002091284841299,-0.615047037601471,-0.2494160383939743,0.1595184206962585,-0.4956820607185364,-0.1363371014595031,0.2133737355470657,-0.7439702153205872,-0.2502109706401825,-0.1257115453481674,-0.4889932572841644,-0.1357976496219635,-0.2036955803632736,-0.695822536945343,-0.2201088070869445,0.2213144302368164,-1.0098739862442017,-0.2987681627273559,-0.1796059757471084,-0.9478368163108826,-0.2755474150180816,0.1130286008119583,0.0082177016884088,0.0048942123539745,-0.1133811995387077,-0.0087371282279491,-0.0037277902010828,0.221478670835495,0.0439546257257461,-0.2751035988330841,-0.2182325571775436,-0.0201165359467268,-0.3201996088027954,0.1364234685897827,0.2115665972232818,-0.105790764093399,-0.1545953303575515,0.2091821432113647,-0.140234887599945,1
105,0.0029097732622176,-0.6140378713607788,-0.2618736326694488,0.1607901155948639,-0.4941849112510681,-0.1467549353837967,0.2140481173992157,-0.7415184378623962,-0.2620236575603485,-0.1254954040050506,-0.4890111684799194,-0.1472818106412887,-0.2006663978099823,-0.6958886981010437,-0.2316228449344635,0.2215992510318756,-1.0109952688217163,-0.3108226060867309,-0.1766867935657501,-0.9497066736221312,-0.2837364673614502,0.1133849173784256,0.0081706205382943,0.0049550971016287,-0.1137394532561302,-0.0086789838969707,-0.0037872334942221,0.2043394595384597,0.066017560660839,-0.2899920642375946,-0.2186566144227981,-0.0069105089642107,-0.3250205516815185,0.1342822462320327,0.2186796963214874,-0.0929250493645668,-0.1512688994407653,0.2319374680519104,-0.1267394423484802,1
106,-8.55833786772564e-05,-0.6129282116889954,-0.2652964293956756,0.159892052412033,-0.4946350753307342,-0.1520656496286392,0.2125951796770095,-0.7422943115234375,-0.2678423225879669,-0.1257552355527877,-0.4919919967651367,-0.1480282992124557,-0.2012198567390442,-0.6980988383293152,-0.2282560467720031,0.2128659337759018,-1.012017846107483,-0.3171365857124328,-0.1807585656642913,-0.949841558933258,-0.2836106419563293,0.1133888065814971,0.00811717659235,0.0047137876972556,-0.1137411966919899,-0.0086049297824501,-0.0035156232770532,0.1836276948451995,0.0708383917808532,-0.2891530990600586,-0.2170269042253494,0.0292445756494998,-0.3258224725723266,0.1671937853097915,0.2688027322292328,-0.0883508548140525,-0.1502115875482559,0.2399256229400634,-0.0920498520135879,1
107,-0.002101098652929,-0.605597198009491,-0.2875117659568786,0.158487856388092,-0.4929140210151672,-0.1746702045202255,0.2093524783849716,-0.7358332872390747,-0.2949308753013611,-0.1256527155637741,-0.4946612119674682,-0.1661232709884643,-0.1988974660634994,-0.7076135277748108,-0.2419323772192001,0.2096977829933166,-1.0083668231964111,-0.3487970232963562,-0.1787087321281433,-0.9614256024360656,-0.3029705882072449,0.1134415045380592,0.0077626551501452,0.0043601971119642,-0.1137915179133415,-0.0082117794081568,-0.0031345481984317,0.1711591631174087,0.0973278954625129,-0.2942254841327667,-0.2172161489725113,0.0601900666952133,-0.3258028328418731,0.1749077141284942,0.3159793019294739,-0.0862431973218917,-0.1503000855445861,0.2776317000389099,-0.0846156030893325,1
108,-0.0101865483447909,-0.616478443145752,-0.281163215637207,0.1562082469463348,-0.4936199188232422,-0.1712252348661422,0.2068021446466446,-0.7373291254043579,-0.2910858690738678,-0.1264561414718628,-0.4955056607723236,-0.1618742942810058,-0.1995382010936737,-0.7073581218719482,-0.2220360934734344,0.2102915793657302,-1.011307954788208,-0.3456401526927948,-0.1828953325748443,-0.9592875838279724,-0.2965008020401001,0.1137721017003059,0.00774558307603,0.0026086017023772,-0.1141204833984375,-0.0081833405420184,-0.0012955787824466,0.1599094420671463,0.1603104919195175,-0.318069577217102,-0.2471924722194671,0.0822773724794387,-0.3096235394477844,0.1753790825605392,0.3750368952751159,-0.0998807027935981,-0.1545962989330291,0.3284033536911011,-0.0906145125627517,1
109,-0.0097629921510815,-0.6166046261787415,-0.2895416021347046,0.1539086103439331,-0.4922885298728943,-0.1721669733524322,0.2025812119245529,-0.7316186428070068,-0.2903841137886047,-0.1309314221143722,-0.4951696097850799,-0.1673082113265991,-0.2080337256193161,-0.7074130773544312,-0.2365741431713104,0.2081202417612075,-1.0073245763778689,-0.3479227423667907,-0.2010998427867889,-0.9643654823303224,-0.303244948387146,0.1147070378065109,0.0077090738341212,0.0020755501464009,-0.115068644285202,-0.0081423660740256,-0.0007403584313578,0.1607803404331207,0.2107466906309127,-0.3159265518188476,-0.2517301440238952,0.0707947686314582,-0.310340940952301,0.175134539604187,0.3845440447330475,-0.0849583148956298,-0.1569805890321731,0.3544978499412536,-0.1018098518252372,1
110,-0.0095357960090041,-0.6157174110412598,-0.30539271235466,0.1513658761978149,-0.4914215207099914,-0.1829007565975189,0.2017184197902679,-0.7327159643173218,-0.2958672940731048,-0.1313125789165496,-0.4945791959762573,-0.1842377781867981,-0.2078536599874496,-0.7101039886474609,-0.2508864998817444,0.2076288759708404,-1.0074957609176636,-0.3553787469863891,-0.202809602022171,-0.9647585153579712,-0.3152845501899719,0.1147592887282371,0.0074948938563466,0.0019076426979154,-0.1151196956634521,-0.0079081794247031,-0.0005562666920013,0.1636839210987091,0.2269355356693267,-0.3117072284221649,-0.2493991255760193,0.087752491235733,-0.3006872832775116,0.1847048550844192,0.4104029238224029,-0.0650835633277893,-0.1570010781288147,0.3736191391944885,-0.0962645709514617,1
111,-0.0094549618661403,-0.6158683896064758,-0.310176283121109,0.1498129814863205,-0.4914390444755554,-0.1906854659318924,0.1996652036905288,-0.7365495562553406,-0.29798024892807,-0.1333580464124679,-0.4946914315223694,-0.1911250352859497,-0.2088411003351211,-0.7190394997596741,-0.2574100792407989,0.2060175240039825,-1.007896900177002,-0.3531859815120697,-0.2034932523965835,-0.972470998764038,-0.3167301714420318,0.1149496808648109,0.0075251529924571,0.0016414149431511,-0.1153199151158332,-0.0079303393140435,-0.0002848498697858,0.1652399748563766,0.2611942589282989,-0.1958293318748474,-0.2545495629310608,0.0884734541177749,-0.3062840402126312,0.1832445412874221,0.4153076708316803,0.1112851798534393,-0.1878797113895416,0.3911953270435333,-0.1046220660209655,1
112,-0.0092065213248133,-0.6097754836082458,-0.3237197697162628,0.1498685926198959,-0.4865269064903259,-0.2037335932254791,0.1995678842067718,-0.7323559522628784,-0.3173277080059051,-0.1311865150928497,-0.4943231344223022,-0.1996265351772308,-0.2087318301200866,-0.7187957167625427,-0.2671388387680053,0.2060442268848419,-1.0036628246307373,-0.3780090808868408,-0.2041333317756652,-0.9698978066444396,-0.3312287330627441,0.1149312704801559,0.0071821832098066,0.0007081776275299,-0.1153046935796737,-0.0075655314140021,0.0006691913004033,0.1527576446533203,0.265368789434433,-0.223903015255928,-0.2549335956573486,0.1329466551542282,-0.2774867415428161,0.1997668743133545,0.4742823243141174,0.0458522401750087,-0.1839358508586883,0.4251628518104553,-0.066288985311985,1
113,-0.0046334569342434,-0.6067763566970825,-0.3318947851657867,0.1492272317409515,-0.4866178631782532,-0.210339218378067,0.2009928226470947,-0.7371757626533508,-0.3182634115219116,-0.1290077567100525,-0.491469532251358,-0.2111774981021881,-0.2073084414005279,-0.7168299555778503,-0.2786894738674164,0.2093551754951477,-1.0038217306137085,-0.3743361234664917,-0.2037862837314605,-0.9637222290039062,-0.342205137014389,0.1140746921300888,0.0067838737741112,0.000387861742638,-0.1144385635852813,-0.0071397712454199,0.0009942665928974,0.1433995962142944,0.2986783981323242,-0.1139903366565704,-0.2463031560182571,0.1757863312959671,-0.2590092718601227,0.2018361240625381,0.5232944488525391,0.1710529774427414,-0.1624035835266113,0.4585276544094085,-0.041371114552021,1
114,-0.0039533032104372,-0.5956529974937439,-0.3536126613616943,0.1490870714187622,-0.4838718473911285,-0.2273897528648376,0.2021189779043197,-0.7374109625816345,-0.3371342718601227,-0.1283894926309585,-0.4859413802623749,-0.224869966506958,-0.2089934051036834,-0.7104899287223816,-0.2921652793884277,0.2115322053432464,-1.003109097480774,-0.3850192129611969,-0.2034222781658172,-0.9521288275718688,-0.3610019385814667,0.1137038245797157,0.0062773707322776,-0.0003398546832613,-0.114065334200859,-0.0066167726181447,0.001752428128384,0.1346899420022964,0.3165389001369476,-0.0789914801716804,-0.2417794167995453,0.1871983557939529,-0.2632655501365661,0.1996147185564041,0.5501207113265991,0.2092878222465515,-0.1625284701585769,0.4903109669685364,-0.0519252605736255,1
115,-0.0026944675482809,-0.5949251055717468,-0.3592574000358581,0.147341638803482,-0.4837139248847961,-0.2308311909437179,0.2022005468606948,-0.7428516745567322,-0.3381471335887909,-0.1283111423254013,-0.4830618798732757,-0.2347194105386734,-0.2125439047813415,-0.7094665765762329,-0.3088595867156982,0.2118971496820449,-1.0034525394439695,-0.3860586583614349,-0.2031162530183792,-0.9523800015449524,-0.3716822564601898,0.1131719946861267,0.0058047492057085,-0.0003719504165928,-0.113536462187767,-0.00612432975322,0.00178153894376,0.1372000128030777,0.3256526887416839,-0.0866298004984855,-0.2401744723320007,0.2144921272993087,-0.2428729832172393,0.2049148976802826,0.5720452070236206,0.1846615523099899,-0.1588569730520248,0.5150092244148254,-0.0287735238671302,1
116,-0.0053426013328135,-0.5912145376205444,-0.3621388673782348,0.1472948640584945,-0.4834837317466736,-0.2349123656749725,0.2022782415151596,-0.7431334853172302,-0.3431383669376373,-0.1280705481767654,-0.4828936457633972,-0.2342357039451599,-0.2124457210302353,-0.7134798765182495,-0.3080960512161255,0.2117473930120468,-1.0024516582489014,-0.3875100016593933,-0.2005121856927871,-0.9556009769439696,-0.3733379244804382,0.1127908006310463,0.0056286607868969,-0.0007072256412357,-0.1131622120738029,-0.0059360936284065,0.0021072009112685,0.1313441842794418,0.3437383770942688,-0.0592893920838832,-0.2395138442516327,0.2157056927680969,-0.2429090738296508,0.207916185259819,0.5971354246139526,0.208096832036972,-0.1552227288484573,0.5223957300186157,-0.0362778641283512,1
117,-0.0054241861216723,-0.5841010808944702,-0.3657477796077728,0.1433876454830169,-0.482642650604248,-0.2332776337862014,0.199521780014038,-0.7434403896331787,-0.3408730924129486,-0.1298377066850662,-0.4789307117462158,-0.2385684996843338,-0.2138708978891372,-0.7105031609535217,-0.3205206394195556,0.2086186110973358,-0.999964714050293,-0.3862903714179992,-0.1995511651039123,-0.9535168409347534,-0.384328693151474,0.1122384071350097,0.0051350221037864,-0.0003605760866776,-0.11263058334589,-0.0054581272415816,0.0017368781846016,0.1298118382692337,0.3409942388534546,-0.0670697391033172,-0.2354238033294677,0.2386591434478759,-0.2293330281972885,0.2071357071399688,0.6009088158607483,0.1919280439615249,-0.1460374295711517,0.5404101610183716,-0.0193218979984521,1
118,-0.005949281156063,-0.5982064604759216,-0.3573401272296905,0.1417841762304306,-0.4880436658859253,-0.2249474376440048,0.197274312376976,-0.7518811225891113,-0.3297663331031799,-0.130106434226036,-0.4808690249919891,-0.2370260506868362,-0.2141364812850952,-0.7114576697349548,-0.3171457648277282,0.2060192972421646,-1.0059106349945068,-0.3811290562152862,-0.2014043480157852,-0.9557418823242188,-0.3776978850364685,0.1121541783213615,0.0045856996439397,0.0004916505422443,-0.1125513538718223,-0.0048866379074752,0.0008351848227903,0.1368962824344635,0.3334621787071228,-0.1081947162747383,-0.2311310172080993,0.2499630600214004,-0.2283622920513153,0.2057363837957382,0.5918921232223511,0.1314180940389633,-0.1467105150222778,0.5389409065246582,-0.0103235663846135,1
119,-0.0100167579948902,-0.6015748381614685,-0.3496781885623932,0.1333423405885696,-0.4934003055095672,-0.2088501006364822,0.1948310136795044,-0.7600772976875305,-0.3034494817256927,-0.1372804343700409,-0.4859693050384521,-0.235540896654129,-0.2195115089416504,-0.7243838906288147,-0.3143742084503174,0.2061432301998138,-1.009826898574829,-0.3534308075904846,-0.2014673948287964,-0.9649192690849304,-0.3741707801818847,0.1115616336464881,0.0042099370621144,0.0025614509359002,-0.1119730025529861,-0.0045098555274307,-0.0012938424479216,0.1395090818405151,0.3363043963909149,-0.0881501510739326,-0.2301599234342575,0.2646699547767639,-0.2088212072849273,0.205960601568222,0.6063130497932434,0.1428266912698745,-0.1485462337732315,0.5555321574211121,-0.0001086092743207,1
120,-0.0099581601098179,-0.6141858100891113,-0.3326512575149536,0.1338751763105392,-0.4998901784420013,-0.1987215876579284,0.1943709850311279,-0.772741436958313,-0.2938913702964782,-0.1349693089723587,-0.4954482614994049,-0.2186446785926818,-0.2186388224363327,-0.7345389127731323,-0.2935371100902557,0.2031223326921463,-1.0250495672225952,-0.3436160683631897,-0.2038460373878479,-0.973065197467804,-0.3463033437728882,0.1113625466823577,0.0039820466190576,0.002557243220508,-0.1117801368236541,-0.0042654015123844,-0.0012933708494529,0.1544666737318039,0.3388644456863403,-0.085601232945919,-0.2277020663022995,0.273342490196228,-0.2025097161531448,0.2117314487695694,0.6168442368507385,0.1495490968227386,-0.148860216140747,0.5905188918113708,-0.0008824712713249,1
121,-0.0098897265270352,-0.6092469096183777,-0.3386681675910949,0.134248673915863,-0.4994992613792419,-0.202289342880249,0.1938232183456421,-0.7707836627960205,-0.2990931570529938,-0.13485749065876,-0.4957107901573181,-0.2248972654342651,-0.2157563865184784,-0.7376689314842224,-0.3118472397327423,0.2016468644142151,-1.019977331161499,-0.3506980836391449,-0.1994017660617828,-0.978284239768982,-0.3638012111186981,0.1109753400087356,0.0039223004132509,0.002470911713317,-0.1114103645086288,-0.0042053693905472,-0.0012163276551291,0.1498449295759201,0.3522549569606781,-0.0622098222374916,-0.2282199561595916,0.2726041674613952,-0.1922104358673095,0.2107163518667221,0.6429752111434937,0.1619006097316742,-0.1588317453861236,0.6078694462776184,-0.0035003533121198,1
122,-0.0098407892510294,-0.6019822359085083,-0.3459404408931732,0.1333501785993576,-0.5000035166740417,-0.2082612514495849,0.1872248202562332,-0.7706797122955322,-0.3084488213062286,-0.1347208172082901,-0.4960553050041199,-0.230298712849617,-0.2155032753944397,-0.7375262975692749,-0.3169893622398376,0.1914281547069549,-1.0194402933120728,-0.359638899564743,-0.1964303702116012,-0.9774771928787231,-0.3667446374893188,0.1103982329368591,0.0035944038536399,0.0025992530863732,-0.1108482405543327,-0.003886557649821,-0.0013507258845493,0.1481040716171264,0.3596751391887665,-0.0489761717617511,-0.2232050597667694,0.2891635596752167,-0.1701568961143493,0.2121389657258987,0.6584981679916382,0.1672272384166717,-0.1649198830127716,0.6293150186538696,0.000838944572024,1
123,-0.008220836520195,-0.6018457412719727,-0.3459638953208923,0.1368764638900756,-0.5023975372314453,-0.2084356695413589,0.1910914033651352,-0.7722634077072144,-0.3096435070037842,-0.1318771094083786,-0.4993464946746826,-0.2298987805843353,-0.213810920715332,-0.7392756342887878,-0.3163017332553863,0.192610964179039,-1.0193521976470947,-0.3600850105285644,-0.1959671080112457,-0.977185606956482,-0.3667975068092346,0.1097946241497993,0.0033739311620593,0.0026954708155244,-0.1102539598941803,-0.0036625568754971,-0.0014579294947907,0.1464384794235229,0.3687435090541839,-0.0372755639255046,-0.2083892673254013,0.3106676042079925,-0.1367384493350982,0.211925521492958,0.6772579550743103,0.1665751785039901,-0.1665888130664825,0.6526004672050476,0.0141766434535384,1
124,-0.0010124656837433,-0.6018087863922119,-0.3480423092842102,0.1392576843500137,-0.5031630992889404,-0.2091621309518814,0.1917280405759811,-0.7732897996902466,-0.3100019693374634,-0.1245439201593399,-0.499259352684021,-0.2330754548311233,-0.1974975615739822,-0.7380149364471436,-0.3214685618877411,0.1941123604774475,-1.019255518913269,-0.3603953123092651,-0.1789488345384597,-0.9765135645866394,-0.3713003695011139,0.1095232740044593,0.0032870578579604,0.0039553036913275,-0.1099831908941268,-0.003584895748645,-0.0027553567197173,0.1447367221117019,0.3780158162117004,-0.0316320694983005,-0.1931506246328354,0.3314400613307953,-0.103895366191864,0.213092491030693,0.6831645369529724,0.1690836995840072,-0.1643510907888412,0.6636769771575928,0.0643846467137336,1
125,0.0004989384906366,-0.6046371459960938,-0.3407282829284668,0.1384551674127578,-0.5046720504760742,-0.2030040770769119,0.1887059509754181,-0.7735377550125122,-0.3025138974189758,-0.1246509402990341,-0.5038772225379944,-0.2293361276388168,-0.1984553337097168,-0.7406957745552063,-0.3209773600101471,0.1935525089502334,-1.0192171335220337,-0.3589116930961609,-0.1804174333810806,-0.977687656879425,-0.3710711002349853,0.108492687344551,0.0032307212240993,0.0049995006993412,-0.1089386865496635,-0.0035298583097755,-0.0038299425505101,0.1423821151256561,0.3836546838283539,-0.0272767394781112,-0.182451531291008,0.3476954400539398,-0.0764145627617836,0.2129887789487838,0.7021517753601074,0.1488596349954605,-0.1644570380449295,0.6868368983268738,0.0756476297974586,1
126,-0.001675120438449,-0.6042212247848511,-0.3376770317554474,0.1350615322589874,-0.505362331867218,-0.2008519023656845,0.1788005232810974,-0.7733696103096008,-0.3026929795742035,-0.1281595379114151,-0.5036686658859253,-0.2225384563207626,-0.2026285082101822,-0.7332471609115601,-0.3138534426689148,0.1752983629703521,-1.0184553861618042,-0.3590650260448456,-0.1808740794658661,-0.964071810245514,-0.364696204662323,0.1080755293369293,0.0030399714596569,0.0058272238820791,-0.1085052341222763,-0.0033521128352731,-0.0046663326211273,0.1387877166271209,0.3936746120452881,-0.0200576558709144,-0.1759791076183319,0.3587619960308075,-0.0601110644638538,0.207304298877716,0.718355655670166,0.1396122127771377,-0.1645908504724502,0.7019304633140564,0.082293689250946,1
127,-0.0024726302362978,-0.6140734553337097,-0.3312788009643554,0.1329036653041839,-0.5105440616607666,-0.1951562464237213,0.1770011037588119,-0.782508909702301,-0.2923904657363891,-0.1310384273529052,-0.5080391764640808,-0.2220761477947235,-0.2029426246881485,-0.7379108667373657,-0.313344657421112,0.1702718287706375,-1.0266320705413818,-0.3442434966564178,-0.1819465607404709,-0.9642960429191588,-0.3578137457370758,0.1072435230016708,0.0029723278712481,0.0071609807200729,-0.107668213546276,-0.0032860310748219,-0.0059979897923767,0.1325214654207229,0.4020570516586303,0.0022976789623498,-0.1634120196104049,0.3663260340690613,-0.0319259725511074,0.1969896554946899,0.7313550114631653,0.1413056850433349,-0.1657964587211609,0.7089748382568359,0.0990136787295341,1
128,-0.0081226080656051,-0.6136282086372375,-0.3316779732704162,0.1309323906898498,-0.5111523866653442,-0.1955560445785522,0.1719408631324768,-0.7819567918777466,-0.29563769698143,-0.1340553313493728,-0.5087535381317139,-0.2173687219619751,-0.2065637558698654,-0.7378424406051636,-0.2998275756835937,0.163618117570877,-1.025979995727539,-0.3475644290447235,-0.185322567820549,-0.9634669423103333,-0.3492601215839386,0.1070314869284629,0.0025126002728939,0.0071731661446392,-0.1074431240558624,-0.0028565777465701,-0.0060072122141718,0.1203042492270469,0.40598064661026,0.0103584714233875,-0.1513320952653885,0.3773314356803894,-0.0150566529482603,0.1781197041273117,0.7399120926856995,0.1423571407794952,-0.1658107340335846,0.7278087735176086,0.1038112267851829,1
129,-0.006874484475702,-0.6125524640083313,-0.3304025828838348,0.1316974908113479,-0.5115888714790344,-0.1894619464874267,0.1723331063985824,-0.7814744114875793,-0.2807097733020782,-0.134000688791275,-0.5090508460998535,-0.2165525257587433,-0.2065460830926895,-0.7374618649482727,-0.3001491129398346,0.1655891388654709,-1.0208163261413574,-0.3326530754566192,-0.1855924427509308,-0.955925703048706,-0.3488596975803375,0.1067867130041122,0.0024594971910119,0.0095424503087997,-0.1071841418743133,-0.0028058576863259,-0.0083344345912337,0.1193409413099289,0.410485565662384,0.019678521901369,-0.1421486139297485,0.3822657167911529,-0.0138173578307032,0.17827008664608,0.7462087869644165,0.142766460776329,-0.1656790822744369,0.7325563430786133,0.1049092337489128,1
130,-0.0066685383208096,-0.6115885376930237,-0.330588161945343,0.1262889951467514,-0.5110328793525696,-0.1828532665967941,0.1675869077444076,-0.7737696170806885,-0.2698874175548553,-0.1389299631118774,-0.5057846903800964,-0.2232624590396881,-0.2156927436590194,-0.7280930280685425,-0.3235244154930115,0.1604664772748947,-1.0016556978225708,-0.3314468562602997,-0.1959910541772842,-0.9463838934898376,-0.365552544593811,0.1062268763780593,0.0024696432519704,0.0147254541516304,-0.1066209748387336,-0.0028337428811937,-0.0135121745988726,0.1139739826321601,0.4154503643512726,0.0236056577414274,-0.1412621438503265,0.3884751200675964,-0.0215396992862224,0.1784973442554474,0.7539061307907104,0.1432667225599289,-0.1639741361141204,0.7437261343002319,0.1002694517374038,1
131,-0.0067168013192713,-0.6124510169029236,-0.3235364854335785,0.1264518052339553,-0.5129700303077698,-0.1781171113252639,0.1636403203010559,-0.7742714285850525,-0.2629888951778412,-0.1388005316257476,-0.5062719583511353,-0.2127765715122223,-0.2155312001705169,-0.7286303043365479,-0.308176189661026,0.1482038050889969,-1.002964973449707,-0.3156551420688629,-0.1971739381551742,-0.9473078846931458,-0.3490614891052246,0.1061549112200737,0.0026465069968253,0.0137780904769897,-0.1065490767359733,-0.0030333721078932,-0.0125610316172242,0.1118526384234428,0.4226411879062652,0.0202101841568946,-0.1429180800914764,0.3902482986450195,-0.0071847331710159,0.1742046624422073,0.7654488682746887,0.1428909748792648,-0.1633974015712738,0.7455223798751831,0.1094938293099403,1
132,-0.007136967498809,-0.6155205368995667,-0.3047818541526794,0.1265858858823776,-0.5142318606376648,-0.1614138633012771,0.1650681942701339,-0.7730864882469177,-0.2410341501235962,-0.138248324394226,-0.5065053105354309,-0.1913849264383316,-0.2150086015462875,-0.7250943183898926,-0.2783185839653015,0.1509045660495758,-1.001678466796875,-0.2900722026824951,-0.1965517848730087,-0.9386398196220398,-0.3220575451850891,0.1057422384619712,0.0025580590590834,0.0137520106509327,-0.1061228960752487,-0.0029570630285888,-0.0125397713854908,0.1110565140843391,0.4212319254875183,0.0211394187062978,-0.1325370371341705,0.3924979567527771,-0.0112414639443159,0.1747243404388427,0.7620023488998413,0.1427707225084304,-0.1496665775775909,0.7563980221748352,0.1065011173486709,1
133,-0.0078951641917228,-0.6182119846343994,-0.2953424155712127,0.1255613267421722,-0.5140174627304077,-0.1473549306392669,0.1654660552740097,-0.7658352255821228,-0.2281201183795929,-0.1392956376075744,-0.5027560591697693,-0.1841887682676315,-0.2163642644882202,-0.7162018418312073,-0.2800554037094116,0.1551171094179153,-0.9887494444847108,-0.2877203822135925,-0.1973212659358978,-0.9318514466285706,-0.3264796733856201,0.1056802496314048,0.0024028215557336,0.0138353118672966,-0.1060601249337196,-0.0028155934996902,-0.0126368971541523,0.1094153150916099,0.4232752621173858,0.0201364010572433,-0.1304323971271515,0.3944358825683594,-0.0138042215257883,0.180275484919548,0.7651883363723755,0.1380109339952469,-0.1422542929649353,0.7634373307228088,0.0994865149259567,1
134,-0.0078936796635389,-0.6219754219055176,-0.2750839591026306,0.127045527100563,-0.5154535174369812,-0.1303396522998809,0.169861763715744,-0.7643900513648987,-0.2015657871961593,-0.139303833246231,-0.5029401183128357,-0.1585501134395599,-0.2187021374702453,-0.7163735628128052,-0.2488477081060409,0.1663379967212677,-0.9863297343254088,-0.2509352266788482,-0.198237270116806,-0.9329826831817628,-0.293515533208847,0.1056830063462257,0.0022111732978373,0.012720163911581,-0.1060615107417106,-0.002636652207002,-0.0115603050217032,0.111378900706768,0.422778308391571,0.0198714211583137,-0.1289035528898239,0.3953821659088135,-0.0101592810824513,0.1928868889808654,0.7637619972229004,0.1348633915185928,-0.1391084492206573,0.7635032534599304,0.0999343320727348,1
135,-0.010110761038959,-0.6224150657653809,-0.2809981405735016,0.1232809051871299,-0.5163032412528992,-0.1355945169925689,0.167776808142662,-0.7641697525978088,-0.2106215357780456,-0.1426665037870407,-0.5028935670852661,-0.1652875393629074,-0.2213802337646484,-0.7142544984817505,-0.2604319453239441,0.1661932468414306,-0.9841240644454956,-0.2630455195903778,-0.2013992369174957,-0.9294365048408508,-0.3121414184570312,0.1056145057082176,0.0020314918365329,0.0126874828711152,-0.1059917211532592,-0.0024654027074575,-0.0115298368036746,0.1113132908940315,0.4233169257640838,0.0192895643413066,-0.1288914084434509,0.3983455896377563,-0.0102782435715198,0.1935248672962188,0.763469398021698,0.1352256089448928,-0.135295107960701,0.7654322981834412,0.1000136286020279,1
136,-0.0084512382745742,-0.6242202520370483,-0.2789474129676819,0.1250387728214264,-0.5162962079048157,-0.1317792385816574,0.1678657531738281,-0.7605423331260681,-0.2061727941036224,-0.1425885558128357,-0.5028091669082642,-0.1646339297294616,-0.2213357090950012,-0.7145622372627258,-0.2629933655261993,0.1662042737007141,-0.975410521030426,-0.2593110799789428,-0.199827179312706,-0.9300840497016908,-0.3112459480762481,0.1056364178657531,0.0018845322774723,0.0123296994715929,-0.1060130819678306,-0.0023250316735357,-0.0111780250445008,0.1159712970256805,0.423100471496582,0.0189755950123071,-0.1266254484653473,0.3977918028831482,-0.0061825774610042,0.1992660164833068,0.7629287242889404,0.1364524364471435,-0.131138190627098,0.7611886858940125,0.1088071390986442,1
137,-0.0084683988243341,-0.6243104338645935,-0.2930628657341003,0.1227670907974243,-0.5162903666496277,-0.1422268748283386,0.1648511886596679,-0.7619994282722473,-0.2209720313549041,-0.1442890018224716,-0.501636266708374,-0.1837237924337387,-0.2245861291885376,-0.7141607999801636,-0.2968344986438751,0.1623127609491348,-0.9761502742767334,-0.2819093465805053,-0.2021561414003372,-0.9295647740364076,-0.3479991257190704,0.1056614369153976,0.0018440397689118,0.0123720075935125,-0.1060398370027542,-0.0022861941251903,-0.0112277911975979,0.1163479387760162,0.4242480993270874,0.0185904223471879,-0.1269567906856537,0.3985219001770019,-0.006763991434127,0.1993160843849182,0.7639226317405701,0.1377384066581726,-0.1304842084646225,0.7610867023468018,0.1080807447433471,1
138,-0.0082244323566555,-0.6267313361167908,-0.2829599678516388,0.1243985742330551,-0.5171677470207214,-0.1375334560871124,0.164646714925766,-0.7623770236968994,-0.212958425283432,-0.1442360132932663,-0.5052694082260132,-0.1690816730260849,-0.2238238751888275,-0.7268400192260742,-0.2620707154273987,0.1554269790649414,-0.9780277609825134,-0.2692749500274658,-0.1997546851634979,-0.9474104642868042,-0.2981138825416565,0.105804219841957,0.0017514323117211,0.0108135808259248,-0.1061848253011703,-0.0022004863712936,-0.0096944868564605,0.1190894395112991,0.4241350293159485,0.0170053653419017,-0.1266875118017196,0.3983080983161926,-0.0040243971161544,0.2027992904186248,0.7636349201202393,0.1372860968112945,-0.1247524246573448,0.7606164216995239,0.1081437095999717,1
139,-0.009985776618123,-0.6235272884368896,-0.3043074905872345,0.121471382677555,-0.516836404800415,-0.1572943478822708,0.1594609320163726,-0.7637160420417786,-0.2388805896043777,-0.1456091850996017,-0.5041435360908508,-0.1925098150968551,-0.2242068350315094,-0.7235934734344482,-0.296979546546936,0.1442506164312362,-0.9848926067352296,-0.2953145802021026,-0.1997475624084472,-0.9462203979492188,-0.3417341411113739,0.1057659387588501,0.0016161304665729,0.010826657526195,-0.1061499714851379,-0.002070395508781,-0.0097099337726831,0.1189301535487175,0.4240731298923492,0.0169897153973579,-0.1271480917930603,0.399186223745346,-0.0043091708794236,0.2035939991474151,0.7633830308914185,0.1401947289705276,-0.1253296136856079,0.7629374265670776,0.1080294027924537,1
140,-0.0098660364747047,-0.6229929327964783,-0.3166760206222534,0.1215613409876823,-0.5167713761329651,-0.165766492486,0.1601898968219757,-0.766015887260437,-0.2449420988559723,-0.1457851380109787,-0.5020380020141602,-0.2070364505052566,-0.2232867330312729,-0.7226897478103638,-0.3124867379665375,0.1451280564069748,-0.9897879958152772,-0.3000068366527557,-0.1913290172815323,-0.9441847205162048,-0.3549283742904663,0.105733036994934,0.0011518197134137,0.0109009826555848,-0.1061266958713531,-0.0016055196756497,-0.0097840446978807,0.1179085373878479,0.4240143895149231,0.0218856167048215,-0.1235270947217941,0.3990426361560821,-0.0011001953389495,0.1985835582017898,0.7617337703704834,0.1533257365226745,-0.1238632276654243,0.759333610534668,0.1166046112775802,1
141,-0.0100272931158542,-0.6225273609161377,-0.3182014524936676,0.1202611848711967,-0.5174552798271179,-0.1655157506465912,0.1597926616668701,-0.7706757187843323,-0.2441673874855041,-0.1464303731918335,-0.5015857815742493,-0.2116637676954269,-0.228152334690094,-0.7200725674629211,-0.319720059633255,0.145752727985382,-0.9935314059257508,-0.298783928155899,-0.198698341846466,-0.9387882351875304,-0.3630622923374176,0.1054767072200775,0.0010251619387418,0.0133299892768263,-0.1058729961514473,-0.0014796945033594,-0.0121933184564113,0.1179554760456085,0.4232074022293091,0.0280259549617767,-0.1234752163290977,0.3989543318748474,-0.0029732317198067,0.1960520893335342,0.7592605948448181,0.1568978577852249,-0.1252797096967697,0.7583968639373779,0.1146708875894546,1
142,-0.0124200135469436,-0.6226506233215332,-0.3094114065170288,0.1213679686188697,-0.5184341073036194,-0.1640733480453491,0.1612558215856552,-0.7725443840026855,-0.243616297841072,-0.1464023739099502,-0.5025878548622131,-0.1942148059606552,-0.228022038936615,-0.7213265299797058,-0.2861486673355102,0.1462682783603668,-0.9977349042892456,-0.2959880530834198,-0.2033695131540298,-0.9417721033096312,-0.3279290795326233,0.10550407320261,0.0009771321201696,0.0114465514197945,-0.1059018298983573,-0.0014339026529341,-0.0103264926001429,0.1178498193621635,0.4231483936309814,0.0244539398699998,-0.1235113963484764,0.3980454206466675,-0.0017360997153446,0.1945495158433914,0.7596229910850525,0.1522721797227859,-0.1254238784313202,0.7579717040061951,0.1147855818271637,1
143,-0.0126715432852506,-0.6227037310600281,-0.3134935200214386,0.1184442713856697,-0.5191816091537476,-0.1635376811027526,0.1614357084035873,-0.7727837562561035,-0.2425109446048736,-0.1497132331132888,-0.5029103755950928,-0.2055408060550689,-0.2293543964624405,-0.7226986885070801,-0.3051108717918396,0.1503850072622299,-0.9967030882835388,-0.29570072889328,-0.2038742452859878,-0.944177508354187,-0.3390038609504699,0.1054523959755897,0.0006360810366459,0.0133034298196434,-0.1058508902788162,-0.0010999769438058,-0.0121823251247406,0.1206947043538093,0.422972559928894,0.0272581446915864,-0.1244957894086837,0.3982689380645752,-0.0043635345064103,0.2030346989631652,0.7580010294914246,0.1548853814601898,-0.129088819026947,0.7579320073127747,0.1117762476205825,1
144,-0.0142693761736154,-0.6205118298530579,-0.3242338001728058,0.1185157895088195,-0.5191729068756104,-0.1766645610332489,0.1601320505142212,-0.7764410376548767,-0.2604895532131195,-0.1495144069194793,-0.5001063346862793,-0.2111279368400573,-0.2306723296642303,-0.7123773694038391,-0.312097817659378,0.1461631506681442,-1.008594632148743,-0.3091419339179992,-0.2110319882631302,-0.93520325422287,-0.3634171485900879,0.1054097115993499,0.0004153060435783,0.0125156315043568,-0.1058097183704376,-0.0008782498189248,-0.0113797541707754,0.1216989606618881,0.4182253777980804,0.0228062365204095,-0.1247802823781967,0.3976173400878906,-0.0038002338260412,0.2014496922492981,0.7559887170791626,0.1504824310541153,-0.1351981163024902,0.7573727965354919,0.1130055859684944,1
145,-0.0175533927977085,-0.619866132736206,-0.3296032547950744,0.118558295071125,-0.5182324051856995,-0.185196191072464,0.161190778017044,-0.7768695950508118,-0.2706193625926971,-0.1503326892852783,-0.4984314441680908,-0.2117161452770233,-0.2337437719106674,-0.7124010920524597,-0.3113857805728912,0.1508218646049499,-1.0102381706237793,-0.3180529475212097,-0.2107284516096115,-0.9347002506256104,-0.3619273006916046,0.1054195240139961,0.0003019664436578,0.0101005164906382,-0.1058220416307449,-0.000764784112107,-0.0089497100561857,0.1208736523985862,0.4173044860363006,0.0207351148128509,-0.1263155788183212,0.3963387906551361,0.0030237401369959,0.2006019502878189,0.7549534440040588,0.1504048854112625,-0.1364612579345703,0.7526161670684814,0.1242616474628448,1
146,-0.0175992492586374,-0.6162700653076172,-0.3326980173587799,0.119009718298912,-0.5168279409408569,-0.1873455643653869,0.1624181121587753,-0.7753077149391174,-0.2728825211524963,-0.1503484398126602,-0.4983189404010772,-0.2113669514656067,-0.2363458275794983,-0.7117114663124084,-0.3062724173069,0.1534439921379089,-1.0091887712478638,-0.3232537508010864,-0.2114201933145523,-0.9341763257980348,-0.3602376878261566,0.1054213941097259,0.0002278972096974,0.0078386571258306,-0.105823166668415,-0.0006923757027834,-0.0066934628412127,0.120748721063137,0.4154516756534576,0.0154406772926449,-0.1251441985368728,0.396316647529602,0.0046579213812947,0.2004077732563018,0.7518105506896973,0.1444696187973022,-0.1357641667127609,0.7526073455810547,0.1248286515474319,1
147,-0.0182047728449106,-0.6162865161895752,-0.3276205658912658,0.1191044449806213,-0.5168477892875671,-0.1812628209590912,0.1660637259483337,-0.7771429419517517,-0.2637026011943817,-0.1506240665912628,-0.498968094587326,-0.2023054957389831,-0.2364984899759292,-0.7121097445487976,-0.2865647375583648,0.1607579290866851,-1.0127407312393188,-0.3145025074481964,-0.2140530943870544,-0.9347193837165833,-0.3372282981872558,0.105414405465126,0.0001733687386149,0.0073519274592399,-0.1058159545063972,-0.0006397232646122,-0.0062113530002534,0.1204688549041748,0.415140300989151,0.015012121759355,-0.1251776814460754,0.3963414132595062,0.004483263939619,0.198496013879776,0.7514335513114929,0.143476977944374,-0.1344900876283645,0.7548820376396179,0.1230551451444625,1
148,-0.0181653425097465,-0.6181483268737793,-0.3129338324069977,0.1203309670090675,-0.5178179740905762,-0.1650858670473098,0.1705081760883331,-0.7773208618164062,-0.2391155362129211,-0.1506193131208419,-0.5000149011611938,-0.192864328622818,-0.2371252179145813,-0.7125110030174255,-0.2806794643402099,0.1628515571355819,-1.0122759342193604,-0.2868275344371795,-0.2173212319612503,-0.9348735809326172,-0.3290181159973144,0.1054426804184913,8.26547693577595e-05,0.0077378484420478,-0.105848804116249,-0.0005450178286992,-0.006620401982218,0.1230622678995132,0.414795845746994,0.0150243379175663,-0.1254465728998184,0.3953241109848022,0.0022294428199529,0.2018755078315735,0.7483622431755066,0.1490469127893448,-0.1311255395412445,0.7508212924003601,0.1228109151124954,1
149,-0.0267443470656871,-0.6181743741035461,-0.3158914446830749,0.1188540086150169,-0.5172014236450195,-0.1728182137012481,0.1707577258348465,-0.7754839062690735,-0.2552297413349151,-0.1553817689418792,-0.4993396699428558,-0.1933028995990753,-0.2430065125226974,-0.711233913898468,-0.2813833057880401,0.1642970889806747,-1.0092830657958984,-0.3047972023487091,-0.2259678840637207,-0.9346290230751038,-0.342544823884964,0.1055166870355606,-0.0001254249364137,0.0070772571489214,-0.105920523405075,-0.0003398468543309,-0.0059596416540443,0.124206505715847,0.4144596755504608,0.0129056116566061,-0.1269745081663131,0.394838273525238,0.0025811595842242,0.2032352089881897,0.7494475245475769,0.14557746052742,-0.1288159489631652,0.7507635354995728,0.1227972954511642,1
150,-0.025680573657155,-0.6128683090209961,-0.3156608939170837,0.120947740972042,-0.5159944295883179,-0.1683413982391357,0.1842461377382278,-0.7730700373649597,-0.2471221834421157,-0.1552968472242355,-0.499103844165802,-0.1871353387832641,-0.2438146620988845,-0.7059769630432129,-0.2813034355640411,0.1948367953300476,-1.0089733600616455,-0.2982964217662811,-0.2264384180307388,-0.9316023588180542,-0.3494446575641632,0.1055219694972038,-0.0001993634505197,0.0068824845366179,-0.1059258803725242,-0.0002644316409714,-0.0057894885540008,0.1252292990684509,0.4133737981319427,0.011116424575448,-0.1244893297553062,0.3949591219425201,0.0017067904118448,0.2048538774251938,0.7490401268005371,0.1382912695407867,-0.1242671161890029,0.7519833445549011,0.1186566650867462,1
151,-0.0324588231742382,-0.6121487617492676,-0.3202550411224365,0.119002990424633,-0.5154895186424255,-0.172764852643013,0.1848733574151992,-0.7653330564498901,-0.2518954873085022,-0.1582902818918228,-0.4975090324878692,-0.1876690834760666,-0.249658465385437,-0.689238429069519,-0.2818646728992462,0.2012702077627182,-1.0047483444213867,-0.3037791550159454,-0.2392287403345108,-0.9177711009979248,-0.3651373088359833,0.1055585891008377,-0.0006226612604223,0.006860077381134,-0.1059619933366775,0.0001556007046019,-0.0057733785361051,0.1250481307506561,0.4129151701927185,0.0137194003909826,-0.1244817152619361,0.395635187625885,0.0017280945321545,0.2047812640666961,0.7488030791282654,0.1481097191572189,-0.124619074165821,0.7534947991371155,0.1209385469555854,1
152,-0.0323841273784637,-0.6109794974327087,-0.3223910629749298,0.1192607209086418,-0.507981538772583,-0.1742612719535827,0.1916316449642181,-0.7425743937492371,-0.2527366280555725,-0.1587872505187988,-0.4944490790367126,-0.1870118230581283,-0.2567382156848907,-0.6841515898704529,-0.2822846472263336,0.2254142463207245,-0.9871556758880616,-0.3064852058887481,-0.2497110515832901,-0.918567419052124,-0.3732469975948334,0.1056482270359993,-0.000929425121285,0.0063361222855746,-0.106056734919548,0.0004636977682821,-0.0052927676588296,0.12610624730587,0.4110976755619049,0.0112855480983853,-0.1230601966381073,0.3956968486309051,0.0015606380766257,0.2076014876365661,0.7485116720199585,0.1457023173570633,-0.1213895753026008,0.7532444000244141,0.122416503727436,1
153,-0.0303110815584659,-0.6107344627380371,-0.3190694451332092,0.1192889139056205,-0.5013470649719238,-0.1631999015808105,0.2044456750154495,-0.7262547016143799,-0.2325295805931091,-0.158941701054573,-0.4904138743877411,-0.1721900701522827,-0.2730088829994201,-0.6582275629043579,-0.2685024738311767,0.2617766261100769,-0.9732316136360168,-0.2930603921413421,-0.2776528596878052,-0.8948841691017151,-0.3713304698467254,0.1056599020957946,-0.0011650716187432,0.0064737228676676,-0.1060670539736747,0.0006931812968105,-0.0054260636679828,0.1255309730768203,0.4110803604125976,0.0106806298717856,-0.1193564981222152,0.3956970572471618,-0.0015809637261554,0.2068120688199997,0.7486579418182373,0.1389953345060348,-0.113234132528305,0.7539198398590088,0.1163706183433532,0
154,-0.0283778794109821,-0.6061198711395264,-0.3159354031085968,0.1203757002949714,-0.4989195466041565,-0.1518175303936004,0.222424179315567,-0.7076306343078613,-0.2117172628641128,-0.1628729850053787,-0.4872624576091766,-0.1627970933914184,-0.3014294505119324,-0.6402196288108826,-0.2524049580097198,0.2855616807937622,-0.95017808675766,-0.2844251692295074,-0.3245131075382232,-0.8791635632514954,-0.3605732917785644,0.1060313433408737,-0.001581163960509,0.0061139590106904,-0.106431096792221,0.0010945431422442,-0.0050815404392778,0.1259119361639022,0.4108445644378662,0.0031594149768352,-0.1193810403347015,0.3950772881507873,-0.0052106021903455,0.2082658261060714,0.7449113726615906,0.1275566071271896,-0.1088581606745719,0.7524585723876953,0.1140770390629768,0
155,-0.0236157607287168,-0.6101700067520142,-0.2757061123847961,0.1344626098871231,-0.4992479979991913,-0.1089057400822639,0.2557582259178161,-0.6879857182502747,-0.1540521085262298,-0.1624360382556915,-0.4876416623592376,-0.1095905974507331,-0.3119900226593017,-0.6368957757949829,-0.1586950868368148,0.3084241449832916,-0.9203248023986816,-0.2278731316328048,-0.3419869542121887,-0.8781455755233765,-0.2471574991941452,0.1063855215907096,-0.0016487399116158,0.0036930942442268,-0.106782428920269,0.0011607274645939,-0.0026735609862953,0.1258250772953033,0.4107297360897064,0.0030472422949969,-0.1181633919477462,0.3945476412773132,-0.0012218825286254,0.2082489430904388,0.744458794593811,0.122858814895153,-0.1094417870044708,0.7520625591278076,0.1141793429851532,0
156,-0.0253717955201864,-0.6239599585533142,-0.1866533458232879,0.142181247472763,-0.5072262287139893,-0.0169892515987157,0.2914343476295471,-0.6753727197647095,-0.0324683710932731,-0.1665714979171753,-0.4917395710945129,-0.0243470929563045,-0.3259752988815307,-0.6315738558769226,-0.0621160194277763,0.3560462594032287,-0.8917027711868286,-0.090465672314167,-0.3465600609779358,-0.8586985468864441,-0.1510220468044281,0.1072549223899841,-0.0016172502655535,0.0036704395897686,-0.1075902357697486,0.0011300409678369,-0.0026456203777343,0.1293458342552185,0.409821480512619,0.0031891521066427,-0.1177790537476539,0.3915690183639526,-0.0011174494866281,0.2170303463935852,0.7447181344032288,0.1140801832079887,-0.1081474423408508,0.7502933740615845,0.1042458638548851,0
157,-0.0204964540898799,-0.6271898150444031,-0.0973460376262664,0.1507210880517959,-0.5103566646575928,0.0806872472167015,0.3152408301830292,-0.6291607618331909,0.0745874047279357,-0.1664000153541565,-0.4901180863380432,0.0713386833667755,-0.3478118777275085,-0.6035926342010498,0.0601282753050327,0.3750996589660644,-0.8264574408531189,0.0152486637234687,-0.3783096075057983,-0.8146747350692749,-0.0257003027945756,0.1080188080668449,-0.0015843381406739,0.0036592062097042,-0.1082593277096748,0.0010912453290075,-0.0026274344418197,0.1320515573024749,0.4100503027439117,-0.0145505685359239,-0.1170854344964027,0.3909688591957092,-0.0129256378859281,0.2142575830221176,0.7551711201667786,0.0480588860809803,-0.1067599430680275,0.751051664352417,0.0532522313296794,0
158,-0.0175079572945833,-0.6301100850105286,-0.1080957204103469,0.1490242034196853,-0.5057648420333862,0.0820307061076164,0.3254798948764801,-0.5405719876289368,0.0605539344251155,-0.1697124540805816,-0.4838061332702636,0.0513279661536216,-0.372852087020874,-0.527554452419281,0.0092291980981826,0.4103129208087921,-0.7042719125747681,-0.0155146196484565,-0.4061194658279419,-0.6981191635131836,-0.0874929502606391,0.108021929860115,-0.0015870099887251,0.0050534754991531,-0.1082528382539749,0.0010978471254929,-0.0041055409237742,0.1416471004486084,0.4122175276279449,-0.0137185975909233,-0.1170428618788719,0.3916281163692474,-0.0149083454161882,0.2138005346059799,0.7607730031013489,0.0657809898257255,-0.1065485030412674,0.7534303665161133,0.0588012635707855,0
159,-0.0134273273870348,-0.6292334198951721,-0.0750553086400032,0.1481030285358429,-0.4958917498588562,0.0990444347262382,0.3170815110206604,-0.4426693022251129,-0.010265870951116,-0.1764552742242813,-0.479318231344223,0.0664174035191536,-0.3663941621780395,-0.4427886605262756,-0.0262125190347433,0.4029168784618377,-0.5256978869438171,-0.2692941427230835,-0.4189750850200653,-0.5356432795524597,-0.1737440675497055,0.1081952527165412,-0.0019404073245823,0.0067584044300019,-0.1083764359354972,0.0014860756928101,-0.0059662307612597,0.1414276510477066,0.4132404029369354,-0.0137619199231266,-0.1102435812354087,0.39772629737854,-0.0313744992017746,0.2142016887664795,0.7625942826271057,0.0643061175942421,-0.103759579360485,0.7714352607727051,0.0341987162828445,0
160,-0.0119120609015226,-0.6290194988250732,-0.0394055508077144,0.1477044969797134,-0.4880996346473694,0.11452616751194,0.3108099102973938,-0.4065071642398834,-0.0563250482082366,-0.1844097226858139,-0.4764023423194885,0.0905874669551849,-0.3388632237911224,-0.3852287530899048,-0.0382073260843753,0.4190892577171325,-0.4231124222278595,-0.3335634768009186,-0.405488908290863,-0.4106949269771576,-0.2412807792425155,0.1095151230692863,-0.0023948035668581,0.0067801331169903,-0.1096059679985046,0.0019944366067647,-0.0060171009972691,0.1411194801330566,0.4132306575775146,-0.0245740842074155,-0.1071138903498649,0.3975134491920471,-0.0370094515383243,0.2164444029331207,0.7626990675926208,0.0666005164384841,-0.096880666911602,0.7702861428260803,0.0404601097106933,0
161,-0.0108075840398669,-0.6292853355407715,-0.0074121421203017,0.1423351615667343,-0.4878009855747223,0.14933642745018,0.2886464297771454,-0.3714876174926758,-0.0045809843577444,-0.1913390010595321,-0.4708612859249115,0.1117816790938377,-0.3078570365905761,-0.351222276687622,-0.0287313107401132,0.4080827534198761,-0.3207124471664428,-0.2746025919914245,-0.3996317684650421,-0.3131516575813293,-0.2456334978342056,0.1106654480099678,-0.0038044112734496,0.0070173381827771,-0.1106921955943107,0.0034657286014407,-0.0062727723270654,0.1409266293048858,0.4103278517723083,-0.0297588314861059,-0.10589100420475,0.3967941701412201,-0.0404683798551559,0.2154275327920913,0.7613117694854736,0.0579458214342594,-0.0928901359438896,0.7694517970085144,0.0384345203638076,0
162,-0.0108878100290894,-0.6340612769126892,-0.0396319068968296,0.1422787308692932,-0.4974876642227173,0.1333582103252411,0.2821378707885742,-0.3730381727218628,0.1995522677898407,-0.185881033539772,-0.4693937301635742,0.0996087491512298,-0.3039249181747436,-0.3215544819831848,0.1094237491488456,0.4019283950328827,-0.2520572245121002,0.1945828050374984,-0.4179712831974029,-0.2008754462003708,0.0154629843309521,0.1109520345926284,-0.003699850756675,0.0068404474295675,-0.1110158562660217,0.0033623951021581,-0.0060374666936695,0.1414203494787216,0.407700777053833,-0.02933213673532,-0.1059397831559181,0.3956786394119262,-0.0411976873874664,0.2156385332345962,0.75470370054245,0.0580872371792793,-0.1031542643904686,0.7689157128334045,0.0373727791011333,0
163,-0.0151236439123749,-0.6283217072486877,-0.1070379912853241,0.1413979530334472,-0.4951642155647278,0.0769053921103477,0.2617044746875763,-0.309189110994339,0.1073240339756012,-0.1854301542043686,-0.4666622877120971,0.0655623152852058,-0.297005295753479,-0.2787764072418213,0.0617932491004467,0.3539584577083587,-0.1338300108909607,0.0082670859992504,-0.3978335857391357,-0.1224718391895294,-0.0599051974713802,0.1109857559204101,-0.0034778348635882,0.0068232067860662,-0.1110443919897079,0.0031504929065704,-0.0059717376716434,0.1400592625141143,0.4081553518772125,-0.0286596938967704,-0.1162770837545394,0.3960091769695282,-0.0402914136648178,0.2157684415578842,0.7608514428138733,0.0462717525660991,-0.1112010553479194,0.7722877860069275,0.036134447902441,0
164,-0.0168197862803936,-0.6000036001205444,-0.2671924531459808,0.1412688940763473,-0.4709668755531311,-0.0552631132304668,0.23541921377182,-0.2564144134521484,-0.0056923287920653,-0.1851294934749603,-0.4551824629306793,-0.068468764424324,-0.2794495224952698,-0.2382102310657501,-0.002327527385205,0.3198813199996948,-0.0548037216067314,-0.0905995517969131,-0.3537824153900146,-0.0298122875392436,-0.0854021832346916,0.1114223226904869,-0.0030110774096101,0.0060624326579272,-0.1115303412079811,0.0026040498632937,-0.005006231367588,0.1407194882631302,0.4086264073848724,-0.0341380089521408,-0.1197578534483909,0.3973869383335113,-0.0325321182608604,0.218666061758995,0.7701230049133301,0.0359141677618026,-0.1113891974091529,0.7734407186508179,0.0415349341928958,0
165,-0.0181624740362167,-0.5939050912857056,-0.3260446190834045,0.1406587660312652,-0.4533549547195434,-0.1047819107770919,0.2104177623987198,-0.219452679157257,-0.0502647869288921,-0.1859210878610611,-0.441616952419281,-0.1203589290380477,-0.2533121407032013,-0.2001859247684478,-0.0481564700603485,0.2780795693397522,-0.003471947973594,-0.1350423544645309,-0.3028807938098907,0.0109650921076536,-0.1221478879451751,0.1118647530674934,-0.002626810921356,0.0059086065739393,-0.1120442822575569,0.0021461418364197,-0.0047810482792556,0.1403809934854507,0.4094706177711487,-0.0327499918639659,-0.1194956749677658,0.3981461822986603,-0.0265644695609807,0.218651533126831,0.7726362943649292,0.044360801577568,-0.1112509444355964,0.7732158303260803,0.06090584769845,0
166,-0.022369097918272,-0.595314621925354,-0.3304190337657928,0.1379684954881668,-0.4511211812496185,-0.1096513047814369,0.1895010024309158,-0.2108786106109619,-0.0567881353199481,-0.1862857937812805,-0.4402391910552978,-0.1286250203847885,-0.2441595047712326,-0.1901057064533233,-0.0647740811109542,0.2518476247787475,0.0070388279855251,-0.140917956829071,-0.2660462260246277,0.0324137397110462,-0.1421996802091598,0.1120270639657974,-0.0024430500343441,0.0059826713986694,-0.1122393012046814,0.0019161644158884,-0.0048132799565792,0.1409626603126526,0.4097218513488769,-0.0312610603868961,-0.1192980036139488,0.398508757352829,-0.0228319894522428,0.2191045582294464,0.7736097574234009,0.0469573363661766,-0.1108047664165496,0.7746907472610474,0.0623890794813632,0
167,-0.028073888272047,-0.5959973335266113,-0.3213412463665008,0.130861759185791,-0.4543339908123016,-0.1024783626198768,0.1642235070466995,-0.2163649350404739,-0.0528048276901245,-0.1864838302135467,-0.4399334788322449,-0.1204354092478752,-0.2140272259712219,-0.1756342351436615,-0.0575473718345165,0.204007014632225,0.0103655951097607,-0.1403434723615646,-0.2276088744401931,0.0629979819059372,-0.1416536122560501,0.1120680943131446,-0.0022834159899502,0.0048850835300982,-0.1122853532433509,0.0017271905671805,-0.003652737243101,0.1393522471189499,0.4097576737403869,-0.0305580254644155,-0.1192872524261474,0.3990657031536102,-0.0184708219021558,0.2194268554449081,0.7709373235702515,0.0506176985800266,-0.1134418696165084,0.7765607833862305,0.0635620504617691,0
168,-0.0286311097443103,-0.5964991450309753,-0.3321347832679748,0.1309754699468612,-0.4559230506420135,-0.1103970557451248,0.1539424657821655,-0.2127425670623779,-0.0563893467187881,-0.1855956017971038,-0.4407311975955963,-0.1357893943786621,-0.2119365334510803,-0.1806588470935821,-0.0691712573170661,0.1775588244199752,0.0157894566655159,-0.1399240046739578,-0.2147626429796219,0.0577657520771026,-0.1447416543960571,0.1121718659996986,-0.0020807362161576,0.0051646283827722,-0.1124480068683624,0.0014869910664856,-0.0039102467708289,0.1370178610086441,0.4116094410419464,-0.021715085953474,-0.1205363944172859,0.4004944562911987,-0.0187062323093414,0.2187902629375457,0.7683604955673218,0.0769015252590179,-0.1221135631203651,0.7805227637290955,0.0671543404459953,0
169,-0.0305239092558622,-0.5971015691757202,-0.3361964523792267,0.1304924339056015,-0.4551628828048706,-0.1108444780111312,0.1447303742170334,-0.2119010686874389,-0.0548241361975669,-0.1857678145170211,-0.4383545815944671,-0.1444524377584457,-0.2085367888212204,-0.1716207712888717,-0.0767863988876342,0.1582879424095153,0.0034017784055322,-0.1381673365831375,-0.2022464126348495,0.0588251240551471,-0.147194430232048,0.1122871488332748,-0.001993770012632,0.0055041667073965,-0.1126119941473007,0.001380591886118,-0.0042338366620242,0.1331556141376495,0.4128983318805694,-0.0215646587312221,-0.1208643615245819,0.4004929661750793,-0.0189513526856899,0.2184454500675201,0.7644877433776855,0.082924872636795,-0.1226499825716018,0.7780140042304993,0.0730963796377182,0
170,-0.0304199494421482,-0.6089784502983093,-0.325282335281372,0.1323782950639724,-0.4592322707176208,-0.1069582104682922,0.1494458019733429,-0.2177368104457855,-0.0353074744343757,-0.1855049580335617,-0.4366384148597717,-0.1341412216424942,-0.1981210857629776,-0.1804308742284774,-0.0543828681111335,0.1534529775381088,-0.0019096451578661,-0.1109030619263649,-0.1930967569351196,0.039898831397295,-0.105160504579544,0.1125503331422805,-0.0019818013533949,0.0059987558051943,-0.112930841743946,0.0013556075282394,-0.004688115324825,0.1323037445545196,0.4130920171737671,-0.0160583034157753,-0.1213880106806755,0.4015040993690491,-0.0187615901231765,0.2172287255525589,0.7618154287338257,0.0968290865421295,-0.122281514108181,0.7782514095306396,0.0817193612456321,0
171,-0.0303199309855699,-0.618556022644043,-0.2958931624889374,0.133681520819664,-0.4660360515117645,-0.0708595737814903,0.1519251316785812,-0.2282797843217849,-0.0051300446502864,-0.1854988187551498,-0.4403998851776123,-0.109279565513134,-0.2009401619434356,-0.1847990751266479,-0.0301085710525512,0.150132730603218,-0.0146483089774847,-0.0851088091731071,-0.1983711421489715,0.0314875431358814,-0.0882714167237281,0.1126862689852714,-0.0017994397785514,0.0069549153558909,-0.1130775362253189,0.0011574605014175,-0.0056302165612578,0.1308262348175048,0.4135394692420959,-0.0143140880391001,-0.1227392628788948,0.4015485346317291,-0.0188549850136041,0.2133690416812896,0.7618178725242615,0.0990968197584152,-0.1221331879496574,0.7773414254188538,0.086248368024826,0
172,-0.0302452519536018,-0.6175829172134399,-0.3146859407424927,0.1337400525808334,-0.4640941917896271,-0.0851803347468376,0.1501710563898086,-0.2243276685476303,-0.0219626519829034,-0.1853489428758621,-0.4399542808532715,-0.1238864287734031,-0.1962764710187912,-0.1815776824951172,-0.0534018836915493,0.1560546159744262,-0.0153465885668993,-0.0963564291596412,-0.1939490437507629,0.0384122505784034,-0.1231751963496208,0.112733855843544,-0.0017397555056959,0.0072308685630559,-0.1131269037723541,0.0010869450634345,-0.0058998423628509,0.1302134543657302,0.4136838018894195,-0.0136379469186067,-0.122247964143753,0.4013199210166931,-0.0189203489571809,0.211183875799179,0.7607842683792114,0.1000350639224052,-0.1221102625131607,0.7753745317459106,0.0867572128772735,0
173,-0.030217707157135,-0.6141961216926575,-0.3256254494190216,0.1339620947837829,-0.4632684290409088,-0.0958617553114891,0.1502613127231598,-0.2210669517517089,-0.0319572016596794,-0.1852821409702301,-0.4400272071361542,-0.1316801011562347,-0.1982991993427276,-0.1757460087537765,-0.0592218860983848,0.158744677901268,-0.0094714947044849,-0.1130046397447586,-0.1983475685119629,0.050399724394083,-0.1329067796468734,0.1128352433443069,-0.0014976517995819,0.0067916675470769,-0.1132454499602317,0.0008271829574368,-0.0054704146459698,0.1286932677030563,0.4149600863456726,-0.0153814386576414,-0.1221529468894004,0.4012845158576965,-0.017927648499608,0.2118550837039947,0.762222409248352,0.0939717665314674,-0.121887132525444,0.7743501663208008,0.0869126990437507,0
174,-0.0317232422530651,-0.6046961545944214,-0.3419211208820343,0.1324637681245803,-0.4620798528194427,-0.1180732250213623,0.1509069055318832,-0.2160481959581375,-0.0593938529491424,-0.1854637861251831,-0.4422352313995361,-0.1389240622520446,-0.1994316279888153,-0.1771122515201568,-0.0655611529946327,0.1646324694156646,0.0101950913667678,-0.1414400786161422,-0.2051901370286941,0.0514924898743629,-0.1425832360982895,0.112862728536129,-0.0012717311037704,0.00498460046947,-0.1132781505584716,0.0005940048140473,-0.003689233912155,0.1287930756807327,0.4146900475025177,-0.0177599508315324,-0.1218362972140312,0.4013813138008117,-0.0133530395105481,0.2120309770107269,0.7636957168579102,0.0806207582354545,-0.1213865876197815,0.7752217054367065,0.0863482430577278,0
175,-0.0315484106540679,-0.6060943007469177,-0.328836441040039,0.132481575012207,-0.4621399343013763,-0.1157697290182113,0.1556825339794159,-0.2154331356287002,-0.0560453459620475,-0.1852252185344696,-0.4489339292049408,-0.1259396225214004,-0.2100069373846054,-0.1882021874189376,-0.0593057796359062,0.1834955960512161,0.0105838133022189,-0.1394239366054535,-0.2200197428464889,0.0454072915017604,-0.1415939629077911,0.1128593385219574,-0.0012095144484192,0.0045223333872854,-0.1132701560854911,0.0005391068407334,-0.0032457348424941,0.1322662681341171,0.4128751158714294,-0.0175506975501775,-0.1167483925819397,0.4013707637786865,-0.0131877474486827,0.2193981856107711,0.7636966705322266,0.0788915902376174,-0.1183509305119514,0.7761954665184021,0.0853545889258384,0
176,-0.0311753619462251,-0.6061549186706543,-0.3268548250198364,0.1323705464601516,-0.4620994925498962,-0.1132823228836059,0.1602094024419784,-0.2160695642232895,-0.0543358065187931,-0.1853168606758117,-0.4509407877922058,-0.1237249821424484,-0.2211303859949112,-0.1994157433509826,-0.0586816854774951,0.200941577553749,0.008086790330708,-0.1378524750471115,-0.2415195256471634,0.0304114650934934,-0.1404743641614914,0.1128558591008186,-0.0011746729724109,0.0047150854952633,-0.1132575944066047,0.0005020348471589,-0.0034321441780775,0.1384249925613403,0.4116423726081848,-0.0175090264528989,-0.1166194900870323,0.4013791978359222,-0.0137635190039873,0.2192793935537338,0.7641795873641968,0.0760871246457099,-0.1161871924996376,0.7788912653923035,0.0775711387395858,0
177,-0.0301425494253635,-0.5974594950675964,-0.3490026593208313,0.1325791776180267,-0.4582991898059845,-0.1291237622499466,0.1696815639734268,-0.2148710042238235,-0.0687353536486625,-0.1853233873844146,-0.4501031935214996,-0.1387953013181686,-0.2311334460973739,-0.2027445286512375,-0.0676526203751564,0.2290752530097961,0.0072645442560315,-0.15096016228199,-0.2712105810642242,0.0190594997256994,-0.1488653421401977,0.1129351630806922,-0.0011451854370534,0.0046795303933322,-0.1133317425847053,0.0004703076556324,-0.003391861449927,0.13822902739048,0.4127238690853119,-0.0167081002146005,-0.1164987012743949,0.4025871455669403,-0.0127251213416457,0.2178416103124618,0.7694703340530396,0.0756189376115799,-0.1158072650432586,0.7823379635810852,0.0778439864516258,0
178,-0.0301917754113674,-0.5914053320884705,-0.3537596762180328,0.1326021552085876,-0.4569211602210998,-0.1326619386672973,0.1778767853975296,-0.2151407748460769,-0.0723129287362098,-0.1859120726585388,-0.4500187635421753,-0.1425607949495315,-0.2371772825717926,-0.2090315520763397,-0.0697293654084205,0.2406764477491378,0.0066186147741973,-0.1549025923013687,-0.283834308385849,0.0123419677838683,-0.1518809497356414,0.1129831373691558,-0.0011124396696686,0.0046263937838375,-0.1133772581815719,0.0004345354100223,-0.0033336710184812,0.1372006833553314,0.4129565954208374,-0.0156112080439925,-0.1166084483265876,0.4028453230857849,-0.0123657723888754,0.2135585695505142,0.7706572413444519,0.0751809328794479,-0.1157430782914161,0.7837375402450562,0.077039361000061,0
179,-0.029847003519535,-0.5871236324310303,-0.3515419661998749,0.1334367096424102,-0.4567258358001709,-0.1299540549516677,0.1891055703163147,-0.2185948342084884,-0.0711936503648758,-0.1863050907850265,-0.4519652724266052,-0.1418876200914383,-0.2390987873077392,-0.2188971936702728,-0.066982626914978,0.2557260394096374,-0.0006843815790489,-0.1535427421331405,-0.2871914207935333,0.0011118031106889,-0.147606611251831,0.1130637824535369,-0.0010267430916428,0.0045372238382697,-0.1134671717882156,0.0003494954726193,-0.0032474161125719,0.1369134336709976,0.4130729436874389,-0.0157440286129713,-0.1172013133764267,0.4028207063674927,-0.0126809384673833,0.2136888802051544,0.7707038521766663,0.0757000669836998,-0.1159601956605911,0.782980740070343,0.0774103626608848,0
180,-0.0281985383480787,-0.5842414498329163,-0.308274358510971,0.1365333497524261,-0.4585568010807037,-0.0934107825160026,0.2072778493165969,-0.2292530685663223,-0.0406410843133926,-0.1843383461236953,-0.4546603262424469,-0.1063219234347343,-0.243028849363327,-0.2265408039093017,-0.0395103804767131,0.2889831662178039,-0.0231165494769811,-0.1203606054186821,-0.294525682926178,-0.0145429736003279,-0.119681678712368,0.1130676120519638,-0.0009993356652557,0.0044570094905793,-0.1134694069623947,0.0003224534448236,-0.0031628154683858,0.1393558830022812,0.4130007922649383,-0.0160713922232389,-0.1172505691647529,0.4026521742343902,-0.0152174048125743,0.2172877192497253,0.7718743681907654,0.0706997439265251,-0.1119755208492279,0.7822569012641907,0.0694938823580741,0
181,-0.0272109620273113,-0.5877211093902588,-0.2433976083993911,0.1360779404640197,-0.4695973992347717,-0.0320297256112098,0.2095279097557068,-0.2541269361972809,0.0108827762305736,-0.1844159215688705,-0.4593496918678283,-0.0545917935669422,-0.2560873329639435,-0.2404085546731948,-0.0032220750581473,0.2993957698345184,-0.0687290281057357,-0.0818735212087631,-0.3118571639060974,-0.0389751978218555,-0.0840613916516304,0.1129685491323471,-0.0011338584590703,0.0049878559075295,-0.1133383065462112,0.0004813481355085,-0.0036729862913489,0.14031483232975,0.4106607437133789,-0.023085568100214,-0.1181161403656005,0.4021620750427246,-0.0254974383860826,0.2171081155538559,0.7717585563659668,0.0502948313951492,-0.1110275760293006,0.7817964553833008,0.0449424050748348,0
182,-0.0230281017720699,-0.5906194448471069,-0.2222410142421722,0.1367214769124984,-0.4763458669185638,-0.00855961907655,0.209395557641983,-0.2742882966995239,0.0557941272854805,-0.1835132539272308,-0.4612770080566406,-0.0360476337373256,-0.269736498594284,-0.2505758106708526,0.0376884080469608,0.301578938961029,-0.1149892956018447,-0.0134041178971529,-0.3288081586360931,-0.0648114457726478,-0.0115307252854108,0.1130091771483421,-0.0011750715784728,0.0053389621898531,-0.1133747771382331,0.000534206687007,-0.0040247519500553,0.1403224021196365,0.4104649424552917,-0.0228206701576709,-0.1182591393589973,0.4019539356231689,-0.0281866006553173,0.2168465256690979,0.7717615365982056,0.0523890852928161,-0.1081246808171272,0.7795010209083557,0.0484506711363792,0
183,-0.0285232085734605,-0.60329669713974,-0.1340589970350265,0.1290791779756546,-0.4881971478462219,0.0612873174250125,0.2017487436532974,-0.2861348092556,0.0886102467775344,-0.1847788095474243,-0.4669733047485351,0.0393489338457584,-0.2812319993972778,-0.2569474875926971,0.0586490891873836,0.2964927554130554,-0.1397981792688369,-0.0113873146474361,-0.3385282456874847,-0.0980638116598129,-0.0394831374287605,0.1124631837010383,-0.0014506375882774,0.0058513726107776,-0.1127027198672294,0.0008544481825083,-0.0045076995156705,0.1366650164127349,0.4106141030788421,-0.0266612339764833,-0.1212274804711341,0.4018894731998443,-0.0417587533593177,0.2064753472805023,0.7704266309738159,0.0379906855523586,-0.1096366643905639,0.7817848324775696,0.0197558887302875,0
184,-0.0285235736519098,-0.6121030449867249,-0.1397182345390319,0.1293382793664932,-0.4910506308078766,0.053581029176712,0.2015079259872436,-0.2925114631652832,0.0918939039111137,-0.1847592294216156,-0.4719364047050476,0.035890195518732,-0.2925284504890442,-0.26971635222435,0.0835158750414848,0.2919075489044189,-0.159566193819046,-0.0027387891896069,-0.3425080180168152,-0.1115149781107902,0.0068379719741642,0.1124620214104652,-0.0014020948437973,0.0059504811652004,-0.1126966625452041,0.0008140773279592,-0.0045871161855757,0.1363765448331833,0.4106733202934265,-0.0265928227454423,-0.1249736845493316,0.4002016186714172,-0.0413025505840778,0.2058006972074508,0.7712346911430359,0.0400533191859722,-0.1145825833082199,0.7783243060112,0.0262482538819313,0
185,-0.0299294888973236,-0.6216626167297363,-0.1005807816982269,0.1286873817443847,-0.4961682260036468,0.0856750532984733,0.2026444375514984,-0.3023568093776703,0.0979311615228653,-0.1847274899482727,-0.4754793345928192,0.0696953162550926,-0.2951831817626953,-0.2709968686103821,0.082635723054409,0.2902429699897766,-0.1732304841279983,-0.0168035514652729,-0.3381216526031494,-0.1267770528793335,-0.0059998454526066,0.1122950389981269,-0.0015477896668016,0.0059739188291132,-0.1124894097447395,0.0009947271319106,-0.0046104304492473,0.13637775182724,0.4116579592227936,-0.0272670164704322,-0.1246761828660965,0.3996150195598602,-0.0426092781126499,0.2048753499984741,0.7712283134460449,0.0363708771765232,-0.1145110502839088,0.778202474117279,0.0255949255079031,0
186,-0.035045601427555,-0.6223808526992798,-0.086082249879837,0.1262360513210296,-0.4974536895751953,0.0937617793679237,0.1996489018201828,-0.3082484602928161,0.1213896200060844,-0.184658870100975,-0.4761024713516235,0.0838656723499298,-0.2942082583904266,-0.2751568555831909,0.1362859010696411,0.2737241089344024,-0.1857717484235763,0.0286073870956897,-0.3358738124370575,-0.1309416443109512,0.0766298025846481,0.1121487244963646,-0.0015845472225919,0.0059746941551566,-0.11232540756464,0.0010421082843095,-0.0046081664040684,0.1354630142450332,0.4126333594322204,-0.0280920006334781,-0.1257581114768982,0.3986288905143738,-0.0423193946480751,0.2019579410552978,0.7720440626144409,0.0333150997757911,-0.114077016711235,0.7762110829353333,0.0268136039376258,0
187,-0.0356181040406227,-0.6226811408996582,-0.089240588247776,0.1261418312788009,-0.496907889842987,0.0886266529560089,0.2014626860618591,-0.3071380257606506,0.1077077239751815,-0.1846877634525299,-0.4759255051612854,0.082542598247528,-0.2956271767616272,-0.2734242081642151,0.1159411072731018,0.2608405947685241,-0.1848595291376114,-0.0139598408713936,-0.3325513303279876,-0.1358322352170944,0.0418776459991931,0.11199501901865,-0.0016195301432162,0.0058793686330318,-0.1121466159820556,0.0010855228174477,-0.0045140595175325,0.1331882923841476,0.4123038351535797,-0.0290463455021381,-0.1259348839521408,0.3964177370071411,-0.0422771982848644,0.1994268894195556,0.7721761465072632,0.0314764641225338,-0.1146153286099433,0.7736499905586243,0.0270232744514942,0
188,-0.0361276343464851,-0.6237919926643372,-0.0972251519560813,0.126143530011177,-0.4977961480617523,0.085841991007328,0.2019547522068023,-0.308039903640747,0.1110228449106216,-0.1847587078809738,-0.4760721027851105,0.0758486315608024,-0.2947649657726288,-0.2735342979431152,0.1255978047847747,0.2562583982944488,-0.1797860860824585,0.0037921681068837,-0.3265880346298218,-0.1362617760896682,0.0570982322096824,0.1120320707559585,-0.0017307004891335,0.0057557448744773,-0.1121795326471328,0.0011950902407988,-0.0043842992745339,0.1364351212978363,0.4122779369354248,-0.0294156540185213,-0.1258787363767624,0.3957410752773285,-0.0423969849944114,0.2012848109006881,0.7695192098617554,0.0306984353810548,-0.1156116276979446,0.7735064029693604,0.0265959911048412,0
