FrameNo,head_x,head_y,head_z,left_shoulder_x,left_shoulder_y,left_shoulder_z,left_elbow_x,left_elbow_y,left_elbow_z,right_shoulder_x,right_shoulder_y,right_shoulder_z,right_elbow_x,right_elbow_y,right_elbow_z,left_hand_x,left_hand_y,left_hand_z,right_hand_x,right_hand_y,right_hand_z,left_hip_x,left_hip_y,left_hip_z,right_hip_x,right_hip_y,right_hip_z,left_knee_x,left_knee_y,left_knee_z,right_knee_x,right_knee_y,right_knee_z,left_foot_x,left_foot_y,left_foot_z,right_foot_x,right_foot_y,right_foot_z,running_video
0,-0.0206860937178134,-0.6305034160614014,-0.2702769637107849,0.1453032046556472,-0.5208436846733093,-0.117593415081501,0.2406913489103317,-0.7074733376502991,-0.1878751665353775,-0.1414158344268798,-0.5124065279960632,-0.1235763281583786,-0.2512131035327911,-0.6804265379905701,-0.1825690567493438,0.2860927879810333,-0.9113186001777648,-0.2638108730316162,-0.2420963943004608,-0.8920251727104187,-0.2738315165042877,0.1044634878635406,-0.0044308998622,0.0014150073984637,-0.1047934740781784,0.0040321955457329,-3.3679374610073864e-05,0.1032328009605407,0.3879534006118774,0.0018009206978604,-0.0960870310664177,0.3792565166950226,0.0075078587979078,0.1399209201335907,0.7270284295082092,0.1085133329033851,-0.0947534590959549,0.7253938317298889,0.1185296848416328,1
1,-0.0232815444469451,-0.6292943954467773,-0.2867536246776581,0.1441666632890701,-0.5120689272880554,-0.133172795176506,0.2408277690410614,-0.6912320256233215,-0.1967366188764572,-0.1438804566860199,-0.5114142298698425,-0.1242881268262863,-0.2586724162101745,-0.6666570901870728,-0.195017471909523,0.2881951034069061,-0.9048479199409484,-0.268564224243164,-0.2532441914081573,-0.8868004083633423,-0.3130176365375519,0.1049675419926643,-0.00299500557594,0.0008606592891737,-0.1052422150969505,0.0025469136890023,0.0004740146978292,0.0977946743369102,0.3965107500553131,0.0025089457631111,-0.0947437062859535,0.3813259899616241,0.0076761706732213,0.1400008052587509,0.7323147654533386,0.1139860078692436,-0.0759695321321487,0.7277346849441528,0.1215891912579536,1
2,-0.023237919434905,-0.6224411725997925,-0.3062693178653717,0.1441341340541839,-0.5045251846313477,-0.1436789184808731,0.2408328056335449,-0.6830694079399109,-0.2027211934328079,-0.1443921476602554,-0.5072617530822754,-0.1380945146083831,-0.2632363140583038,-0.6617137789726257,-0.2189030200242996,0.2895085215568542,-0.9008406400680542,-0.2736560702323913,-0.2604350447654724,-0.8853465914726257,-0.3333449065685272,0.1060552671551704,-0.0020254510454833,0.0021219050977379,-0.1062949448823928,0.001519346027635,-0.0008765016682446,0.0977080836892128,0.407596081495285,0.0139230238273739,-0.0922158807516098,0.3850732743740082,0.0062576560303568,0.1385896354913711,0.7472963929176331,0.1358246207237243,-0.0660788044333458,0.7334506511688232,0.1254370510578155,1
3,-0.0235963352024555,-0.6242728233337402,-0.3053862750530243,0.1440200805664062,-0.5046870708465576,-0.1429619044065475,0.2425003498792648,-0.68354731798172,-0.1916451603174209,-0.1455851793289184,-0.5073267817497253,-0.1242981553077697,-0.267009824514389,-0.6624268293380737,-0.1914353668689727,0.292093425989151,-0.9010183811187744,-0.2544955909252167,-0.2627977430820465,-0.8871942758560181,-0.2971566319465637,0.106575109064579,-0.0013901733327656,0.0010186611907556,-0.1067804396152496,0.0008551737992092,0.00017188883794,0.0967157781124115,0.4103738367557525,0.0136677827686071,-0.0906426459550857,0.3885433971881866,0.0140022728592157,0.1393256187438964,0.7498399615287781,0.1412225812673568,-0.0584062226116657,0.7342976331710815,0.1453060656785965,1
4,-0.0223672483116388,-0.6216855049133301,-0.308013916015625,0.14457768201828,-0.5028852820396423,-0.1479862034320831,0.243313729763031,-0.6820134520530701,-0.2022096663713455,-0.145159900188446,-0.5072250366210938,-0.1318012624979019,-0.2661705315113067,-0.6628223061561584,-0.2006337195634842,0.2941681742668152,-0.9010607600212096,-0.2665179371833801,-0.2620611786842346,-0.8884989619255066,-0.3078854382038116,0.1072903126478195,-0.0011708337115123,0.0010774323018267,-0.1074761301279068,0.0006222056690603,0.0001024787488859,0.0969770029187202,0.4112987518310547,0.0133348917588591,-0.0886493995785713,0.390099823474884,0.0121294409036636,0.1438887864351272,0.7490646839141846,0.1441366374492645,-0.0536785684525966,0.7352757453918457,0.1435567438602447,1
5,-0.0223838128149509,-0.6220845580101013,-0.3060521483421325,0.1442738324403762,-0.5027005076408386,-0.1469305455684662,0.2433692514896392,-0.6819922924041748,-0.2020555883646011,-0.1455113589763641,-0.5071737170219421,-0.1318105459213256,-0.2662654221057892,-0.6630867123603821,-0.2002960443496704,0.2952719032764435,-0.900399386882782,-0.2670029401779175,-0.2627236545085907,-0.8894732594490051,-0.3066796660423279,0.1075363010168075,-0.0009294794872403,0.0009103660704568,-0.1077117621898651,0.0003709386510308,0.0002641090541146,0.0967016145586967,0.4118098318576813,0.0133462194353342,-0.0880380347371101,0.3910200297832489,0.0127182910218834,0.1438296139240265,0.7489824295043945,0.1452448815107345,-0.0542839802801609,0.7356767058372498,0.1456989645957946,1
6,-0.0238233543932437,-0.6220943331718445,-0.3057816922664642,0.1442563682794571,-0.5027223229408264,-0.1488275676965713,0.2434233874082565,-0.6820144653320312,-0.2043316662311554,-0.1455806046724319,-0.5076471567153931,-0.1321366727352142,-0.2655505836009979,-0.6632829904556274,-0.1954172849655151,0.2959943413734436,-0.901035726070404,-0.2687971591949463,-0.2625766694545746,-0.8899334073066711,-0.2949036061763763,0.1077424064278602,-0.0005952448118478,0.0006889842334203,-0.1079144924879074,3.2174590160138905e-05,0.0004722030716948,0.0963423699140548,0.412022054195404,0.0132222129032015,-0.0871526896953582,0.3910744488239288,0.0126202013343572,0.1436087042093277,0.7496621012687683,0.1446974873542785,-0.0546605922281742,0.7356967926025391,0.1454572975635528,1
7,-0.0253791287541389,-0.6226716637611389,-0.2935437560081482,0.1442602425813675,-0.5033969283103943,-0.138613685965538,0.2445562928915023,-0.6831473112106323,-0.1888639479875564,-0.1456258445978164,-0.5091333389282227,-0.1193075478076934,-0.264384001493454,-0.6657683253288269,-0.1690935939550399,0.2963672578334808,-0.9043923020362854,-0.2482111901044845,-0.2612158954143524,-0.8923936486244202,-0.2592213451862335,0.107778325676918,-0.0004692303191404,0.0005909908795729,-0.1079510599374771,-9.62627527769655e-05,0.0005639952141791,0.0971986502408981,0.4118647575378418,0.0133598865941166,-0.085105150938034,0.3910823464393616,0.0129734948277473,0.1471028625965118,0.7494643330574036,0.1442175954580307,-0.0511796474456787,0.7360429167747498,0.1450891345739364,1
8,-0.0215478613972663,-0.6227556467056274,-0.2935242652893066,0.1458227038383484,-0.5035133957862854,-0.1384380161762237,0.2446940243244171,-0.6833420395851135,-0.1904594749212265,-0.1439587771892547,-0.5091218948364258,-0.1199113503098487,-0.260071724653244,-0.6656065583229065,-0.1878650188446045,0.2965980172157287,-0.9044026136398317,-0.253926545381546,-0.2588942050933838,-0.8924068212509155,-0.2958605587482452,0.1079130172729492,-0.0004285211907699,0.0007731117657385,-0.1080792769789695,-0.0001367815129924,0.000375646923203,0.0972254648804664,0.4117486774921417,0.0133095066994428,-0.0853334218263626,0.3915544748306274,0.0115650249645113,0.1475254446268081,0.7495630383491516,0.1432453095912933,-0.0514257028698921,0.7378238439559937,0.1420175731182098,1
9,-0.0226149000227451,-0.6228207349777222,-0.2935961782932281,0.1457754224538803,-0.5035610795021057,-0.1394530236721038,0.2448658794164657,-0.6833819150924683,-0.192582681775093,-0.1439765095710754,-0.5090459585189819,-0.119953267276287,-0.2602753937244415,-0.6647171378135681,-0.184093177318573,0.297452300786972,-0.9048357605934144,-0.2554267942905426,-0.2589295208454132,-0.8924547433853149,-0.289984792470932,0.1079619526863098,-0.0002241734036942,0.000227268479648,-0.1081239730119705,-0.000339623511536,0.0009142163908109,0.0960250049829483,0.4117657840251922,0.0125623121857643,-0.0854499414563179,0.3916252553462982,0.0120403673499822,0.1463898718357086,0.7499876022338867,0.1415067464113235,-0.0517702810466289,0.7379090785980225,0.1421692818403244,1
10,-0.0215201918035745,-0.6234532594680786,-0.2942088544368744,0.1458309888839721,-0.5035825967788696,-0.1394274830818176,0.2449407875537872,-0.6835797429084778,-0.1929152756929397,-0.1439840942621231,-0.5091812610626221,-0.1216138377785682,-0.2602606415748596,-0.6649804711341858,-0.1909187883138656,0.2976364195346832,-0.9049695730209352,-0.2562408447265625,-0.2574635446071625,-0.8924481868743896,-0.2990986704826355,0.1080851182341575,-0.0001801337202778,0.0002415160706732,-0.1082466691732406,-0.0003863938036374,0.0008992596413008,0.0960009172558784,0.4120009839534759,0.0131128942593932,-0.0854120999574661,0.3916909992694855,0.0120541388168931,0.1459721028804779,0.7501186728477478,0.1441930383443832,-0.0520067252218723,0.7379006743431091,0.1433345973491668,1
11,-0.0240948740392923,-0.6259918212890625,-0.2842506766319275,0.1452036201953888,-0.504663348197937,-0.1329795122146606,0.2448503524065017,-0.6850676536560059,-0.185336172580719,-0.1444472223520279,-0.5099598169326782,-0.1123414039611816,-0.2596000134944916,-0.6672998666763306,-0.1655236482620239,0.2975635528564453,-0.9057028889656068,-0.2455388605594635,-0.2576771676540375,-0.8954653143882751,-0.2562782168388366,0.1081215068697929,-0.0001266039325855,0.0001751295785652,-0.1082813218235969,-0.0004390158865135,0.0009672027663327,0.0964437127113342,0.4119572937488556,0.0135324243456125,-0.0853294506669044,0.3917388319969177,0.0126795815303921,0.1475381553173065,0.7501347064971924,0.1446990072727203,-0.0511768609285354,0.7379186749458313,0.1442018747329712,1
12,-0.0240575782954692,-0.6248775124549866,-0.2819429039955139,0.1457530260086059,-0.5051736831665039,-0.1309328526258468,0.244305819272995,-0.6856845617294312,-0.1853438168764114,-0.1439324766397476,-0.5099796652793884,-0.1096517518162727,-0.2585660517215729,-0.6677892804145813,-0.1659590303897857,0.2934168875217438,-0.9065117239952089,-0.2461917251348495,-0.2575536668300628,-0.8974586129188538,-0.2611466944217682,0.1081545352935791,-2.251853402412962e-05,1.3697596841666382e-05,-0.108313538134098,-0.0005410984158515,0.0011266705114394,0.0963857322931289,0.4120127260684967,0.0128702409565448,-0.0856897011399269,0.3915629982948303,0.0127221466973423,0.1465789824724197,0.750363290309906,0.141912579536438,-0.0532172545790672,0.7378169298171997,0.1439363360404968,1
13,-0.0219045542180538,-0.6247624754905701,-0.2821802496910095,0.1462692022323608,-0.5053573846817017,-0.1315011084079742,0.2434463948011398,-0.685954213142395,-0.1889928728342056,-0.1430069953203201,-0.5097386240959167,-0.1102343946695327,-0.2589985430240631,-0.6679094433784485,-0.1671365052461624,0.2921676337718963,-0.9068499207496644,-0.2522145807743072,-0.2567110955715179,-0.8986861109733582,-0.2634658515453338,0.1081751659512519,9.033342212205751e-05,-0.0003410147037357,-0.1083317548036575,-0.0006505794008262,0.0014723931672051,0.0959295779466629,0.4120717346668243,0.0124124698340892,-0.0866857320070266,0.3914902210235595,0.0133156152442097,0.146952673792839,0.7507890462875366,0.1399865746498108,-0.0534275583922863,0.7371673583984375,0.1441783607006073,1
14,-0.0165208503603935,-0.6232701539993286,-0.3022033870220184,0.1470393240451812,-0.5031245946884155,-0.1467364579439163,0.24345663189888,-0.6858066320419312,-0.2120426595211029,-0.1416355222463607,-0.5078902244567871,-0.1298482418060302,-0.2591704130172729,-0.6671576499938965,-0.2063827663660049,0.2932060360908508,-0.9068908095359802,-0.2839069068431854,-0.2566811144351959,-0.8973396420478821,-0.3144140839576721,0.108189433813095,0.0001706508192,-0.0004574930062517,-0.1083447411656379,-0.0007318075513467,0.001583305071108,0.0946289449930191,0.4123473763465881,0.012382848188281,-0.0873334407806396,0.3918568193912506,0.0147161623463034,0.1465456038713455,0.7515451312065125,0.1386869996786117,-0.0534138455986976,0.737923800945282,0.1449039280414581,1
15,-0.0165952984243631,-0.6218782067298889,-0.301351934671402,0.1474382728338241,-0.5026389360427856,-0.1480046063661575,0.2428860515356063,-0.6857180595397949,-0.2118008434772491,-0.1399272829294204,-0.5074876546859741,-0.1281903833150863,-0.2587770521640777,-0.6687255501747131,-0.1890798360109329,0.2909539341926574,-0.9064149260520936,-0.2804506123065948,-0.2559348344802856,-0.8988231420516968,-0.2838219702243805,0.1081771627068519,0.0004092042509,-0.0014173553790897,-0.1083266362547874,-0.0009693639585748,0.0025478792376816,0.0937973409891128,0.4126961529254913,0.0123383533209562,-0.0880613327026367,0.3919588923454284,0.0189312547445297,0.1452966034412384,0.7524760365486145,0.1369694322347641,-0.0542366355657577,0.7379390001296997,0.1474195271730423,1
16,-0.0149094564840197,-0.6185283660888672,-0.3151210844516754,0.1476306617259979,-0.4977349638938904,-0.1591998487710952,0.2428740710020065,-0.680351197719574,-0.2292581796646118,-0.1396645307540893,-0.5035911202430725,-0.1411893516778946,-0.2589067220687866,-0.6623461246490479,-0.2207351177930832,0.2920312285423279,-0.9026034474372864,-0.3035455346107483,-0.2562776505947113,-0.8932716250419617,-0.3344194889068603,0.1082268878817558,0.0005007939180359,-0.0014334183651953,-0.1083739623427391,-0.0010614227503538,0.0025606607086956,0.0927372574806213,0.4128796458244324,0.0119161615148186,-0.0885616540908813,0.3920113444328308,0.0188850909471511,0.1434531658887863,0.7521504759788513,0.1377408057451248,-0.0540618486702442,0.7376484870910645,0.1484873294830322,1
17,-0.0149432076141238,-0.6186167597770691,-0.313182532787323,0.1479834020137787,-0.4973296821117401,-0.1583509147167205,0.2436845451593399,-0.680433452129364,-0.2260001450777053,-0.1393581926822662,-0.5030717849731445,-0.1406109929084777,-0.2593898475170135,-0.6612403988838196,-0.2149958610534668,0.2937465310096741,-0.9027923345565796,-0.2990623116493225,-0.2563568949699402,-0.892308235168457,-0.3253929018974304,0.1082329303026199,0.0005952972569502,-0.0021024611778557,-0.1083774790167808,-0.0011541864369064,0.0032102714758366,0.0923144519329071,0.412926584482193,0.0114488322287797,-0.0892788097262382,0.3920839130878448,0.0210585333406925,0.1430782526731491,0.7524034380912781,0.1360911577939987,-0.0539456084370613,0.7377661466598511,0.1494722068309784,1
18,-0.0037869554944336,-0.6186538338661194,-0.3146063089370727,0.1503358632326126,-0.4965051710605621,-0.1577612608671188,0.2442981600761413,-0.6806641221046448,-0.2225220948457718,-0.1371435970067978,-0.5013411045074463,-0.1452323794364929,-0.2582556903362274,-0.6579220294952393,-0.2404796630144119,0.2998086512088775,-0.903716802597046,-0.2969058752059936,-0.2554336488246918,-0.8899650573730469,-0.3657596111297607,0.1083180829882621,0.0006094876443967,-0.0012131242547184,-0.1084650307893753,-0.001170452684164,0.0023055414203554,0.0928990095853805,0.4131185710430145,0.0131370164453983,-0.0891091004014015,0.3924093544483185,0.0208240430802106,0.1426871865987777,0.7524454593658447,0.1383866518735885,-0.0537111237645149,0.7384448647499084,0.1495952904224395,1
19,-0.0030345409177243,-0.6192250847816467,-0.3103983402252197,0.150152787566185,-0.4969301521778106,-0.1476041972637176,0.2442208230495453,-0.6831350326538086,-0.2083190679550171,-0.1375885605812072,-0.4999308586120605,-0.1437874138355255,-0.2592434585094452,-0.6517508029937744,-0.2466143667697906,0.3023259043693542,-0.9091144800186156,-0.2823043763637543,-0.258579820394516,-0.885837972164154,-0.3758341670036316,0.108351744711399,0.000628208508715,0.000435386726167,-0.1084982380270958,-0.0011889179004356,0.0006431560032069,0.0928235128521919,0.4131442606449127,0.0138946287333965,-0.0900007337331771,0.3914216756820678,0.0162282716482877,0.1399876028299331,0.7525586485862732,0.1383352130651474,-0.0553317070007324,0.7369524836540222,0.1456973105669021,1
20,0.0032561854459345,-0.6206802725791931,-0.3020305633544922,0.1516175121068954,-0.4973654150962829,-0.1370389759540558,0.2435046583414077,-0.6831809878349304,-0.198517620563507,-0.1361536532640457,-0.4999025464057922,-0.1375413089990615,-0.2589523792266845,-0.6520780324935913,-0.2425733506679535,0.3023409247398376,-0.9090667963027954,-0.2753621637821197,-0.2580729722976684,-0.888031542301178,-0.3668771386146545,0.1084478199481964,0.0005739660700783,0.0007079108618199,-0.1085946708917617,-0.0011391197331249,0.0003661428636405,0.0929656252264976,0.4131755828857422,0.01513899769634,-0.0900046676397323,0.3920600712299347,0.0164677873253822,0.1388425678014755,0.752527117729187,0.1409516781568527,-0.0550352595746517,0.7378667593002319,0.1460734158754348,1
21,0.0026303711347281,-0.6211996674537659,-0.3001359403133392,0.1509552001953125,-0.4981818795204162,-0.1341879218816757,0.2431037873029709,-0.6847527623176575,-0.1918305307626724,-0.1370116770267486,-0.4994364976882934,-0.1372991055250167,-0.2593773305416107,-0.6509128212928772,-0.2415734678506851,0.3021200001239776,-0.909562349319458,-0.2638105750083923,-0.2585148811340332,-0.8874739408493042,-0.3671295940876007,0.1084697395563125,0.0005581902223639,0.0013146506389603,-0.1086160242557525,-0.0011245139176025,-0.0002501649141777,0.0920706689357757,0.4135323464870453,0.0159783624112606,-0.0914492979645729,0.3921083509922027,0.0140617555007338,0.1371893882751464,0.7534200549125671,0.1403949558734893,-0.0559873543679714,0.7391125559806824,0.1401206851005554,1
22,0.0021843600552529,-0.6233564615249634,-0.2892176806926727,0.1514132022857666,-0.4996655583381653,-0.1295296996831894,0.2427690625190735,-0.6853026747703552,-0.1891176104545593,-0.1365991085767746,-0.499883770942688,-0.1236838176846504,-0.2593433856964111,-0.6529157161712646,-0.2206863164901733,0.3000580966472626,-0.9095656275749208,-0.2595831453800201,-0.2588459849357605,-0.8895352482795715,-0.3427391052246094,0.1084858849644661,0.0005626317579299,0.0011196366976946,-0.1086307018995285,-0.0011286995140835,-5.022185723646544e-05,0.0921510681509971,0.4135604798793793,0.0158672854304313,-0.0924407616257667,0.3922712802886963,0.0157050266861915,0.1376555114984512,0.7534258961677551,0.140593335032463,-0.0576879158616066,0.7391965985298157,0.1440265774726867,1
23,0.0018179536564275,-0.6218836903572083,-0.2990610599517822,0.1516505926847458,-0.4992165267467499,-0.1370847225189209,0.2444685399532318,-0.6863644123077393,-0.1949308067560196,-0.1362496763467788,-0.4998522698879242,-0.1338637769222259,-0.2592696845531463,-0.6530542969703674,-0.2339968532323837,0.3010055124759674,-0.9124150276184082,-0.2630522549152374,-0.2588224112987518,-0.8887932300567627,-0.3623462617397308,0.1085077673196792,0.0006482094177044,0.0015137720620259,-0.1086530834436416,-0.0012158658355474,-0.0004497611080296,0.0921028330922126,0.4135621786117553,0.0158778373152017,-0.0925638303160667,0.3916927874088287,0.0139813562855124,0.1359295099973678,0.753418505191803,0.140574499964714,-0.0575681068003177,0.7380423545837402,0.1429958343505859,1
24,0.0025967545807361,-0.6226882338523865,-0.3049207627773285,0.1512488424777984,-0.4991399645805359,-0.139670193195343,0.2453337907791137,-0.6875035762786865,-0.1964486539363861,-0.1364032477140426,-0.4997997879981994,-0.1432061642408371,-0.2619815766811371,-0.6521685719490051,-0.2453139722347259,0.3037044703960418,-0.9140324592590332,-0.2663975954055786,-0.2590451240539551,-0.8870423436164856,-0.3698544204235077,0.1084793359041214,0.0006659872597083,0.0022930318955332,-0.1086273118853569,-0.0012332539772614,-0.0012091706739738,0.0919315814971923,0.4131067395210266,0.0151088144630193,-0.0926145613193512,0.388548344373703,0.0038566228467971,0.1328989863395691,0.7534552812576294,0.13134765625,-0.0590210035443306,0.7350382208824158,0.1288903802633285,1
25,0.0050508403219282,-0.6248583197593689,-0.3005287647247314,0.15123151242733,-0.4991506934165954,-0.1317970901727676,0.2453711777925491,-0.6884074807167053,-0.1806147396564483,-0.1371200531721115,-0.4997780323028564,-0.1406075060367584,-0.2645111978054046,-0.6520572900772095,-0.2434361428022384,0.3092797398567199,-0.9153565764427184,-0.2477460503578186,-0.2598364949226379,-0.8869214653968811,-0.3635012805461883,0.1085792705416679,0.0005829652072861,0.0023687155917286,-0.1087322980165481,-0.0011537733953446,-0.0012931816745549,0.0922450125217437,0.4130910336971283,0.0166466273367404,-0.0927090868353843,0.3900357484817505,0.0093159023672342,0.13289475440979,0.752899169921875,0.1414330750703811,-0.0586755461990833,0.7357234358787537,0.1386400461196899,1
26,0.0102025186643004,-0.6252554655075073,-0.2957763969898224,0.1528504788875579,-0.4990374445915222,-0.1260015666484832,0.2454645037651062,-0.6872497797012329,-0.1739087402820587,-0.1362842470407486,-0.4997833669185638,-0.1363661289215088,-0.2632755637168884,-0.6503844261169434,-0.2415143400430679,0.3109564781188965,-0.9143295288085938,-0.2409710735082626,-0.2594698667526245,-0.8851512670516968,-0.3630960583686828,0.1086239591240882,0.0005583113525062,0.002459317445755,-0.1087774187326431,-0.0011309816036373,-0.0013905267696827,0.0924588143825531,0.413224846124649,0.0202108733355999,-0.0910727903246879,0.3906809985637665,0.011793372221291,0.1334748119115829,0.7525760531425476,0.1456997394561767,-0.0556816719472408,0.7370580434799194,0.1411563456058502,1
27,0.0112474570050835,-0.6244317293167114,-0.3007583618164062,0.152669295668602,-0.4981071949005127,-0.1269642263650894,0.2455271333456039,-0.6864325404167175,-0.175302505493164,-0.1366074979305267,-0.4995133876800537,-0.1456641405820846,-0.2641386091709137,-0.6495722532272339,-0.2524348795413971,0.3115380108356476,-0.9141815900802612,-0.2507960498332977,-0.2598067820072174,-0.8839429020881653,-0.3745887577533722,0.1086752712726593,0.0004871182609349,0.0041035339236259,-0.108837753534317,-0.0010630266042426,-0.0030464765150099,0.0928590968251228,0.4131799638271332,0.0195763427764177,-0.0911287069320678,0.3894428610801697,0.0014572081854566,0.1333883553743362,0.7527986168861389,0.1380472332239151,-0.0588418059051036,0.7366814017295837,0.12638521194458,1
28,0.0110486838966608,-0.6240761280059814,-0.299464076757431,0.1524957120418548,-0.498078852891922,-0.1271767616271972,0.244778424501419,-0.684988796710968,-0.1766499280929565,-0.1368414312601089,-0.4994677007198334,-0.1416404545307159,-0.2650814056396484,-0.6497834324836731,-0.2440964579582214,0.3103023171424866,-0.9107874631881714,-0.2510647177696228,-0.2615050971508026,-0.8851601481437683,-0.3632538318634033,0.1087278574705123,0.0003853687085211,0.0040308306924998,-0.1088910773396492,-0.0009628075058571,-0.0029764610808342,0.0929681584239006,0.4133131206035614,0.0203406661748886,-0.0915187671780586,0.3902580738067627,0.0085466597229242,0.1351480334997177,0.7518689036369324,0.1475957334041595,-0.0585534535348415,0.7366781234741211,0.1410973966121673,1
29,0.0121167786419391,-0.6239422559738159,-0.2996740043163299,0.1530399471521377,-0.4979176223278045,-0.1273363083600998,0.2450204342603683,-0.6852073669433594,-0.1763414740562439,-0.1366414725780487,-0.4995113909244537,-0.1413965225219726,-0.2654389142990112,-0.6512463688850403,-0.2435161173343658,0.311295211315155,-0.9113205075263976,-0.2490345686674118,-0.2619222998619079,-0.8867177963256836,-0.3611436486244201,0.108800895512104,0.0003672003513202,0.0040583629161119,-0.108968935906887,-0.0009473232785239,-0.0030070478096604,0.0930013507604599,0.4135779142379761,0.0212154295295476,-0.0915434584021568,0.3905410468578338,0.0106419492512941,0.1347301006317138,0.7518823146820068,0.1483086347579956,-0.0585502386093139,0.7368268966674805,0.1430360376834869,1
30,0.0121240066364407,-0.6183763146400452,-0.3329309225082397,0.1520511209964752,-0.4938312470912933,-0.1564177125692367,0.2441936433315277,-0.6808037757873535,-0.2136067003011703,-0.1370579898357391,-0.4973474144935608,-0.1726949512958526,-0.2658714056015014,-0.6503360271453857,-0.2742511928081512,0.3111737668514251,-0.9045448899269104,-0.2952420711517334,-0.2627228498458862,-0.8848947286605835,-0.3932667672634125,0.108860544860363,0.0003578861651476,0.0041347774676978,-0.1090325564146041,-0.0009393813088536,-0.0030813992489129,0.0929840356111526,0.4134951829910278,0.0196902062743902,-0.0915680229663848,0.3905631005764007,0.0105270463973283,0.1342994123697281,0.751875102519989,0.14417465031147,-0.0585722960531711,0.7361475825309753,0.1424677819013595,1
31,0.0144633296877145,-0.6184704899787903,-0.3288179039955139,0.1526275128126144,-0.4938592314720154,-0.1511540412902832,0.2440910041332245,-0.680891215801239,-0.2013460844755172,-0.1360905170440673,-0.4973859190940857,-0.1679531633853912,-0.2652243077754974,-0.6504908204078674,-0.2683222889900207,0.3111564815044403,-0.9047360420227052,-0.2750205397605896,-0.262761116027832,-0.8851932883262634,-0.3862939476966858,0.1088722497224807,0.0003476215642876,0.0040625277906656,-0.1090454831719398,-0.0009301081881858,-0.0030130709055811,0.0929131507873535,0.413783997297287,0.0212351251393556,-0.0908166170120239,0.3917618989944458,0.0135396076366305,0.1341680288314819,0.7521156668663025,0.1445798277854919,-0.0571235194802284,0.7390903234481812,0.1430690288543701,1
32,0.0147690782323479,-0.6201484203338623,-0.3256234526634216,0.1526564508676529,-0.4939756989479065,-0.1460199356079101,0.2442640364170074,-0.6809507608413696,-0.1943692564964294,-0.1359891295433044,-0.4978813230991363,-0.1668645590543747,-0.2652287781238556,-0.6505199074745178,-0.2650325894355774,0.3120249509811401,-0.9049354195594788,-0.2698498368263244,-0.2622079849243164,-0.8841511607170105,-0.3831464946269989,0.1088909283280372,0.000341273844242,0.0044439639896154,-0.1090649887919426,-0.0009248999995179,-0.0033909021876752,0.0930522233247757,0.4137616157531738,0.0213293340057134,-0.0908616110682487,0.3915408253669739,0.012349784374237,0.1337463706731796,0.752510666847229,0.1428515017032623,-0.0579444989562034,0.7390398979187012,0.1394189596176147,1
33,0.0152420029044151,-0.6204522848129272,-0.3184134662151336,0.1534610092639923,-0.4939624369144439,-0.1405617147684097,0.2450399100780487,-0.6810712814331055,-0.1876542717218399,-0.1352184265851974,-0.4978896975517273,-0.1576557606458664,-0.2640656530857086,-0.6498106718063354,-0.2582836747169494,0.3136880695819855,-0.9063258171081544,-0.2596274316310882,-0.2608028054237366,-0.8831990957260132,-0.3789381980895996,0.1089086532592773,0.0003334560315124,0.004458196926862,-0.1090834140777587,-0.0009182013454847,-0.0034055586438626,0.0930465385317802,0.4146887063980102,0.0223076976835727,-0.0907985642552375,0.3923299312591553,0.0127261141315102,0.133125752210617,0.7539135217666626,0.1436269283294677,-0.0576839223504066,0.7418049573898315,0.1395254731178283,1
34,0.0144112659618258,-0.6205097436904907,-0.3176106214523315,0.153251513838768,-0.4939617216587066,-0.140283927321434,0.244743674993515,-0.6811351776123047,-0.186537280678749,-0.1352943927049636,-0.4978762567043304,-0.1571268588304519,-0.2651747763156891,-0.6494778394699097,-0.2576078176498413,0.3134974837303161,-0.9068825244903564,-0.2577217519283294,-0.2608829736709595,-0.8818685412406921,-0.3786149024963379,0.1089236512780189,0.0003631642903201,0.004607138223946,-0.1090991348028183,-0.0009499249863438,-0.0035532044712454,0.092969425022602,0.4146569371223449,0.0224330518394708,-0.0911077708005905,0.3919322192668915,0.0126045551151037,0.1315504908561706,0.7539283633232117,0.143265813589096,-0.0602476745843887,0.7410047054290771,0.1392113268375396,1
35,0.0139744086191058,-0.6205661296844482,-0.3172236382961273,0.1532286405563354,-0.4941928088665008,-0.1399665027856826,0.2447352707386016,-0.6830424666404724,-0.1858328580856323,-0.1353543847799301,-0.4978537261486053,-0.1564396023750305,-0.2654041945934295,-0.6495274901390076,-0.257143497467041,0.3133159577846527,-0.91029292345047,-0.2558411359786987,-0.2611933648586273,-0.8820961713790894,-0.3777708411216736,0.1089898943901062,0.0003309530438855,0.0047474387101829,-0.1091698706150055,-0.0009199029300361,-0.0036920681595802,0.0929570943117141,0.4148969948291778,0.0228131487965583,-0.0912518799304962,0.3919234871864319,0.0121705932542681,0.1315622329711914,0.7539420127868652,0.1450970768928527,-0.0603945180773735,0.7407509684562683,0.1394008845090866,1
36,0.0094573451206088,-0.6279932856559753,-0.2828387916088104,0.1516220718622207,-0.4997027218341827,-0.1103261411190033,0.2441696971654892,-0.6875420212745667,-0.1514601409435272,-0.1384903192520141,-0.4993754923343658,-0.1259426176548004,-0.2657710611820221,-0.6508327126502991,-0.2209251672029495,0.3129094839096069,-0.9105654954910278,-0.2172399014234542,-0.2612084746360779,-0.8838024735450745,-0.3335650861263275,0.1090729311108589,0.0002992001827806,0.0047627110034227,-0.109247900545597,-0.000891568372026,-0.0037044137716293,0.0924781784415245,0.4150100648403168,0.0240813642740249,-0.0937914997339248,0.3925226032733917,0.0145348524674773,0.1315413117408752,0.7537909150123596,0.1523193269968032,-0.0640423074364662,0.7407323718070984,0.1459833532571792,1
37,0.009492615237832,-0.6259757876396179,-0.285005509853363,0.1501626074314117,-0.5002843737602234,-0.1129649505019187,0.2410874217748642,-0.6877159476280212,-0.1527970880270004,-0.1400385200977325,-0.4994006752967834,-0.1279511302709579,-0.2691557705402374,-0.6491135954856873,-0.2241428643465042,0.3082947134971618,-0.9125880599021912,-0.2194336503744125,-0.263618916273117,-0.8841522336006165,-0.3378841876983642,0.1090899109840393,0.000261574430624,0.004401902668178,-0.1092663183808326,-0.0008584706229157,-0.0033493952360004,0.0912915021181106,0.4154333472251892,0.0225813705474138,-0.0948066860437393,0.3938105702400207,0.0172887034714221,0.1298536509275436,0.7544769644737244,0.1519549936056137,-0.064207874238491,0.7418210506439209,0.1476122587919235,1
38,0.0069285007193684,-0.6277561783790588,-0.2860345244407654,0.1494164764881134,-0.5016613602638245,-0.1140414550900459,0.2403796166181564,-0.6878592371940613,-0.1552318632602691,-0.1410830467939376,-0.4992044270038605,-0.1290034651756286,-0.2693116366863251,-0.648722767829895,-0.2255529165267944,0.3061912059783935,-0.9109959602355956,-0.2206484824419021,-0.2637307345867157,-0.8841257095336914,-0.3388170301914215,0.1092210784554481,9.405572200194e-06,0.004398591350764,-0.1093996316194534,-0.0006094608688727,-0.003342559793964,0.0941545963287353,0.4150478839874267,0.0225216094404459,-0.0962999761104583,0.395143985748291,0.0183410812169313,0.1394307166337967,0.7539481520652771,0.1520048677921295,-0.0652214512228965,0.7429922819137573,0.1493715494871139,1
39,0.0067543326877057,-0.6280436515808105,-0.2772037386894226,0.1493432819843292,-0.5036137104034424,-0.1049739643931388,0.2401496320962906,-0.6892588138580322,-0.1419815421104431,-0.1420517116785049,-0.4994614124298095,-0.1201936677098274,-0.2707487642765045,-0.6491798162460327,-0.2117461711168289,0.3057330846786499,-0.9118483662605286,-0.2053135931491851,-0.2663013041019439,-0.8862018585205078,-0.3216974437236786,0.1093293726444244,-3.639976057456806e-05,0.0041362512856721,-0.1095107495784759,-0.0005684461211785,-0.0030792329926043,0.0941138938069343,0.4150764346122741,0.0214424803853034,-0.0971240550279617,0.3956356942653656,0.019381308928132,0.1386152654886245,0.7541494965553284,0.1518702059984207,-0.0651131272315979,0.7431559562683105,0.1502018123865127,1
40,0.0037986515089869,-0.6300851106643677,-0.2760966718196869,0.1478591412305832,-0.5047116875648499,-0.1026268899440765,0.2397225797176361,-0.6893786191940308,-0.140880674123764,-0.1437941044569015,-0.499468594789505,-0.1210363432765007,-0.2704282104969024,-0.6490944623947144,-0.2143315821886062,0.3033479452133178,-0.9102423787117004,-0.2059500515460968,-0.2638493478298187,-0.8857559561729431,-0.3262025415897369,0.1094532683491706,-0.0002000647509703,0.0043112211860716,-0.1096368506550788,-0.0004095089389011,-0.0032462158706039,0.0949833169579505,0.4149538576602936,0.0224661529064178,-0.0979691594839096,0.3962279856204986,0.0195823796093463,0.1391141563653946,0.7538769245147705,0.1540672332048416,-0.0657761842012405,0.743538498878479,0.1509601920843124,1
41,0.0028069675900042,-0.6291712522506714,-0.2913697063922882,0.1468423008918762,-0.5047501921653748,-0.1154255792498588,0.2356925904750824,-0.6901469230651855,-0.155861347913742,-0.1438313424587249,-0.4991920888423919,-0.1368938386440277,-0.2698822319507599,-0.649810791015625,-0.238030195236206,0.2992221117019653,-0.9105812907218932,-0.2225922048091888,-0.261922538280487,-0.8869366645812988,-0.3518004417419433,0.1095053106546402,-0.0002633822732605,0.0043621626682579,-0.109696514904499,-0.0003482993342913,-0.0032957959920167,0.0949403718113899,0.4149452149868011,0.0224912893027067,-0.098383679986,0.3962275981903076,0.01908740401268,0.1365250647068023,0.7544018030166626,0.1529716700315475,-0.0674414336681366,0.7434731125831604,0.1502609252929687,1
42,0.0021542413160204,-0.6281080842018127,-0.2921426594257355,0.1467587351799011,-0.5045750141143799,-0.1166553422808647,0.234888806939125,-0.6883530020713806,-0.1621314138174057,-0.1439051926136016,-0.4980404078960418,-0.137290820479393,-0.2680135369300842,-0.6476997137069702,-0.2432369738817215,0.2962775230407715,-0.9075424075126648,-0.2342207431793213,-0.2615410089492798,-0.8854840993881226,-0.3660650849342346,0.1096831336617469,-0.000367019616533,0.004315132740885,-0.1098798140883445,-0.0002481816918589,-0.0032474338077008,0.0929425284266471,0.4159665703773498,0.0218768958002328,-0.1016318500041961,0.3964389264583587,0.0186875909566879,0.1314897239208221,0.7557628154754639,0.1517909169197082,-0.0694548785686492,0.7439699769020081,0.1500306874513626,1
43,0.0032386551611125,-0.6279139518737793,-0.2957416474819183,0.1466631591320037,-0.5045731067657471,-0.1174880489706993,0.2345853745937347,-0.6887906193733215,-0.1619198471307754,-0.1437270045280456,-0.4977970123291015,-0.1429376751184463,-0.2673584222793579,-0.64769446849823,-0.2497258484363556,0.2958490252494812,-0.9082322120666504,-0.2328635901212692,-0.2597988545894623,-0.885998010635376,-0.3690779209136963,0.1097197979688644,-0.0004002330533694,0.0048603368923068,-0.1099172309041023,-0.0002163851459044,-0.0037864896003156,0.0929868146777153,0.4159084856510162,0.0226079858839511,-0.1007323041558265,0.3963155746459961,0.0181245282292366,0.1305833905935287,0.755530834197998,0.1517403125762939,-0.0698794871568679,0.7433618903160095,0.1494382917881012,1
44,0.0027319265063852,-0.627882182598114,-0.2923923432826996,0.1465658098459243,-0.5045773983001709,-0.1163903474807739,0.2346449941396713,-0.6879967451095581,-0.160796657204628,-0.1445710510015487,-0.4979323446750641,-0.1345755457878112,-0.2702344954013824,-0.6472225785255432,-0.2349981665611267,0.2958821058273315,-0.9067533016204834,-0.2319041341543197,-0.2636992633342743,-0.8849179744720459,-0.3555866777896881,0.1097525209188461,-0.0004266360192559,0.0036603345070034,-0.1099511310458183,-0.0001921415969263,-0.0025841458700597,0.0910702720284462,0.4163223206996918,0.0215624086558818,-0.10100719332695,0.396660715341568,0.0211025681346654,0.1260386854410171,0.7571008205413818,0.1495004445314407,-0.0692369565367698,0.7441015243530273,0.1504386514425277,1
45,0.0029053902253508,-0.6279343366622925,-0.290686696767807,0.1465929746627807,-0.5052251219749451,-0.1130283176898956,0.2349271178245544,-0.6880050897598267,-0.1546489596366882,-0.1446598023176193,-0.4984270930290222,-0.1340762376785278,-0.2695185840129852,-0.6479951739311218,-0.2327713221311569,0.2963302135467529,-0.9060235023498536,-0.2241586595773697,-0.2625505030155182,-0.8858391046524048,-0.3464468121528625,0.1098206713795661,-0.0004881977802142,0.0038515739142894,-0.1100218445062637,-0.0001332746032858,-0.0027750351000577,0.0914943739771843,0.4162977337837219,0.0217650886625051,-0.100946731865406,0.3964829742908478,0.0209098719060421,0.1258463710546493,0.7570530772209167,0.1494876146316528,-0.0687602534890174,0.7430452704429626,0.1502778679132461,1
46,0.002605294343084,-0.6286540627479553,-0.2905059456825256,0.14646677672863,-0.5053598880767822,-0.1139267459511756,0.2338819354772567,-0.6903964877128601,-0.1547082066535949,-0.1446432471275329,-0.4987134635448456,-0.1330585479736328,-0.2704033255577087,-0.6496614813804626,-0.2286815196275711,0.2955633401870727,-0.910835027694702,-0.2224295437335968,-0.2635653018951416,-0.8867299556732178,-0.3411938846111297,0.1098473891615867,-0.000512255996,0.0036483837757259,-0.1100497022271156,-0.000110557404696,-0.0025665631983429,0.0920665636658668,0.4159541428089142,0.0231210608035326,-0.1005963608622551,0.3966190218925476,0.0221336856484413,0.1313197761774063,0.7554868459701538,0.1523064374923706,-0.0686422362923622,0.7430694699287415,0.1528515368700027,1
47,0.0028100756462663,-0.6284027099609375,-0.2914881110191345,0.1462832689285278,-0.5051173567771912,-0.1138487011194229,0.2341644912958145,-0.6900684833526611,-0.1526602655649185,-0.1449789255857467,-0.4980135858058929,-0.136065274477005,-0.2725759446620941,-0.6463321447372437,-0.2362010478973388,0.2960784435272217,-0.9106352925300598,-0.2209695726633072,-0.2649898827075958,-0.8833290338516235,-0.3546163737773895,0.1099501177668571,-0.000564205693081,0.0041377828456461,-0.1101593151688575,-6.261005182750523e-05,-0.0030554165132343,0.0922492295503616,0.4161876738071441,0.0231853611767292,-0.1008060052990913,0.3967670798301697,0.0217254478484392,0.1314786672592163,0.7555822730064392,0.1524743735790252,-0.0701025947928428,0.7433016300201416,0.1525232642889022,1
48,0.0030168530065566,-0.6286863088607788,-0.2862194776535034,0.1464008688926696,-0.5062413811683655,-0.1110243424773216,0.2344885915517807,-0.692699670791626,-0.1512019336223602,-0.1444993019104004,-0.498308926820755,-0.1309876441955566,-0.272448718547821,-0.6463711261749268,-0.2330286055803299,0.2964321970939636,-0.9142347574234008,-0.2188041359186172,-0.2677101790904999,-0.883646547794342,-0.3532211482524872,0.1099356636404991,-0.0005774889141321,0.0045925476588308,-0.110143095254898,-4.972530587110669e-05,-0.0035030005965381,0.0913490206003189,0.4163753390312195,0.0231719203293323,-0.1006328761577606,0.3961067795753479,0.0160264056175947,0.127516895532608,0.7560858726501465,0.1522421687841415,-0.0706816166639328,0.7433066368103027,0.1459602415561676,1
49,0.0030443191062659,-0.6282011866569519,-0.2906820178031921,0.1462749689817428,-0.5054271221160889,-0.1181340217590332,0.2344052493572235,-0.6918429732322693,-0.1623902320861816,-0.1445004194974899,-0.4982219934463501,-0.1319072097539901,-0.2761772572994232,-0.6464527249336243,-0.2321589887142181,0.2976111471652984,-0.9141696691513062,-0.232984185218811,-0.2750443518161773,-0.8837342858314514,-0.3497025966644287,0.1099311411380767,-0.0005592817324213,0.0040377620607614,-0.1101389080286026,-6.710577144986019e-05,-0.0029650463256984,0.0908140987157821,0.4160583913326263,0.020850159227848,-0.1018115878105163,0.3950479030609131,0.0157737806439399,0.1239535734057426,0.7556023001670837,0.1507268846035003,-0.0706837549805641,0.7413356900215149,0.1460450887680053,1
50,0.0030625364743173,-0.6281901001930237,-0.2984049618244171,0.1462553143501281,-0.5052576661109924,-0.1259444206953048,0.2342524826526641,-0.6914874315261841,-0.1794866323471069,-0.1442734748125076,-0.4982245862483978,-0.1401263177394867,-0.2755235731601715,-0.6469915509223938,-0.242248386144638,0.2989937961101532,-0.9122769832611084,-0.2587941586971283,-0.2748901844024658,-0.8834003806114197,-0.3599945604801178,0.1099789589643478,-0.0005648043006658,0.0040811118669807,-0.110188141465187,-6.136052979854867e-05,-0.0030025686137378,0.0908630266785621,0.415575236082077,0.0205240510404109,-0.1020436063408851,0.394304484128952,0.0113450475037097,0.1238439455628395,0.7543260455131531,0.1505575329065323,-0.0704456716775894,0.7403593063354492,0.143182635307312,1
51,0.002909293398261,-0.6278371810913086,-0.3012340068817138,0.1458816528320312,-0.5044564604759216,-0.130055084824562,0.2340685576200485,-0.6894892454147339,-0.182868406176567,-0.1445286273956298,-0.498329609632492,-0.1407122761011123,-0.275855153799057,-0.6474213004112244,-0.2419259697198867,0.2992006838321686,-0.9101353287696838,-0.260465919971466,-0.2751992046833038,-0.883349597454071,-0.3595387637615204,0.1099871546030044,-0.0005671457620337,0.0033648139797151,-0.1101957261562347,-5.85511043027509e-05,-0.0022868737578392,0.0909479185938835,0.4150764644145965,0.019807344302535,-0.1020584404468536,0.3942256271839142,0.0134549159556627,0.1247401610016822,0.7536008358001709,0.1484920382499694,-0.069768525660038,0.7401018738746643,0.143860638141632,1
52,0.0040414817631244,-0.6277075409889221,-0.3010827004909515,0.1463358104228973,-0.5040386915206909,-0.1296776384115219,0.2341901808977127,-0.6887372732162476,-0.1813005805015564,-0.1444183439016342,-0.4984612464904785,-0.1406580507755279,-0.2762150764465332,-0.6474186778068542,-0.2414955794811248,0.2998386025428772,-0.9100796580314636,-0.257994532585144,-0.2762311100959778,-0.8832994103431702,-0.3592724800109863,0.110057920217514,-0.0005613233661279,0.0032045312691479,-0.1102674603462219,-6.470752123277634e-05,-0.0021238827612251,0.0909972563385963,0.4148314595222473,0.0184496603906154,-0.1020550802350044,0.3939944207668304,0.0142863532528281,0.1247545778751373,0.7529174089431763,0.1488047242164611,-0.0686875283718109,0.7368987798690796,0.1481774896383285,1
53,0.0036898439284414,-0.6264684796333313,-0.3023948073387146,0.1449777632951736,-0.5044268369674683,-0.1293698847293853,0.2340186536312103,-0.68918776512146,-0.1804766505956649,-0.1458357572555542,-0.4983841180801391,-0.1441750675439834,-0.2768658995628357,-0.6463519930839539,-0.2435019016265869,0.3000039458274841,-0.9105559587478638,-0.2564370036125183,-0.2781426906585693,-0.8824673891067505,-0.3597169518470764,0.110062725841999,-0.0005636753048747,0.0036677361931651,-0.1102724224328994,-6.184687663335353e-05,-0.0025838220026344,0.0909869149327278,0.4148364663124084,0.0185072571039199,-0.1021274551749229,0.3927300274372101,0.0080620516091585,0.1243322640657424,0.7528103590011597,0.147081658244133,-0.0690353438258171,0.7368072867393494,0.140478104352951,1
54,0.0037761630956083,-0.6269119381904602,-0.3068121075630188,0.1454392671585083,-0.5041903853416443,-0.1337203830480575,0.2350018620491027,-0.6893833875656128,-0.1839651316404342,-0.145461767911911,-0.4981160759925842,-0.1481113731861114,-0.2768614590167999,-0.6443789005279541,-0.2490681856870651,0.3004615008831024,-0.9106125831604004,-0.2595585882663727,-0.2782636284828186,-0.8771782517433167,-0.3686187863349914,0.1100650057196617,-0.000506778655108,0.0036332658492028,-0.1102743595838546,-0.0001166509682661,-0.0025428738445043,0.0930033177137374,0.4143970906734466,0.0184022150933742,-0.100892536342144,0.3926966488361358,0.0124607002362608,0.1255828887224197,0.7533729672431946,0.1460943520069122,-0.0690905079245567,0.7366899251937866,0.1436070054769516,1
55,0.0032695315312594,-0.6270193457603455,-0.3043916523456573,0.1449726670980453,-0.5049787759780884,-0.1285841614007949,0.2350147366523742,-0.6912663578987122,-0.1660763770341873,-0.1467873007059097,-0.4988396167755127,-0.1451754868030548,-0.2818607687950134,-0.6468889117240906,-0.2356151193380355,0.300888180732727,-0.9132362604141236,-0.2334738075733184,-0.2814295291900635,-0.8805999755859375,-0.3459105789661407,0.110083557665348,-0.0004824811767321,0.0035640196874737,-0.1102941706776619,-0.0001432291610399,-0.0024777452927082,0.0927744060754776,0.4138962030410766,0.0192230120301246,-0.1017331928014755,0.3924061059951782,0.0148319080471992,0.1243566423654556,0.752052903175354,0.1492228358983993,-0.0690283477306366,0.735120415687561,0.1487884819507599,1
56,0.0030045607127249,-0.6288928389549255,-0.3017729520797729,0.1449136137962341,-0.5068548917770386,-0.1248598098754882,0.2354457080364227,-0.696060061454773,-0.1622669994831085,-0.1470682621002197,-0.4990901052951813,-0.1444038301706314,-0.2818495631217956,-0.6467260718345642,-0.2358075678348541,0.3010160624980926,-0.9170074462890624,-0.2299529314041137,-0.2815225422382355,-0.8801402449607849,-0.3469178974628448,0.1101455241441726,-0.0004845534567721,0.0040388614870607,-0.1103587672114372,-0.0001417821040377,-0.0029415565077215,0.0937574654817581,0.4132541120052337,0.0202504992485046,-0.1020480021834373,0.3918392062187195,0.0136795351281762,0.1237763017416,0.7511481046676636,0.1517505496740341,-0.0706964656710624,0.7339305281639099,0.1484981477260589,1
57,0.0017010241281241,-0.6297524571418762,-0.2908836603164673,0.1436821520328521,-0.5091328620910645,-0.1114259511232376,0.2350915372371673,-0.6974349021911621,-0.1460468471050262,-0.1495772898197174,-0.4995999634265899,-0.1366740018129348,-0.2844346463680267,-0.6467500925064087,-0.2256660014390945,0.3008707463741302,-0.9172384142875672,-0.2121476382017135,-0.2829118967056274,-0.8805786967277527,-0.3292244672775268,0.1102167293429374,-0.000482109026052,0.0045303418301045,-0.1104305833578109,-0.0001451837451895,-0.0034230018500238,0.0941971987485885,0.4125709235668182,0.0211028903722763,-0.103646270930767,0.3908847868442535,0.0136307571083307,0.1210991442203521,0.7492992281913757,0.1554031819105148,-0.0741140469908714,0.7303520441055298,0.1488150209188461,1
58,0.0013644060818478,-0.629789412021637,-0.290749192237854,0.1436589211225509,-0.5092175602912903,-0.1115621849894523,0.235608160495758,-0.6985732913017273,-0.1461844146251678,-0.1497292816638946,-0.4996946156024933,-0.1356291621923446,-0.2867414951324463,-0.6470668911933899,-0.2209241688251495,0.3008224964141845,-0.9185783863067628,-0.2121243178844452,-0.2833468019962311,-0.8805563449859619,-0.3208574950695038,0.1102481558918953,-0.0004911758587695,0.0047127278521656,-0.1104646772146225,-0.0001375238789478,-0.0036002211272716,0.0984682142734527,0.4118020832538605,0.0211623981595039,-0.1054247766733169,0.3904311060905456,0.0126794120296835,0.1238718330860138,0.7488338351249695,0.1554045528173446,-0.0742028802633285,0.7303380966186523,0.1475479304790496,1
59,0.0026413544546812,-0.6309154033660889,-0.2802063226699829,0.146111398935318,-0.5108081698417664,-0.1024924367666244,0.2390600889921188,-0.7008305788040161,-0.135877639055252,-0.1490606963634491,-0.5009756684303284,-0.1265381276607513,-0.285477340221405,-0.6511949896812439,-0.2103321403264999,0.3056036531925201,-0.9207779169082642,-0.1975041478872299,-0.2832694947719574,-0.8863702416419983,-0.3055993914604187,0.1103549227118492,-0.0004906116519123,0.0049461722373962,-0.1105738952755928,-0.0001389003591611,-0.0038413605652749,0.1020270586013794,0.4110725820064544,0.0210093315690755,-0.1052615940570831,0.3903760313987732,0.0127747524529695,0.125718742609024,0.748182475566864,0.1581056714057922,-0.071537397801876,0.7297414541244507,0.1483709663152694,1
60,0.0011185709154233,-0.6322073340415955,-0.2810604870319366,0.1450478136539459,-0.5106979012489319,-0.1049202680587768,0.2384283393621444,-0.6979200839996338,-0.15127894282341,-0.1500589549541473,-0.501156210899353,-0.1278774142265319,-0.2818405330181122,-0.6506777405738831,-0.2214294672012329,0.3055464029312134,-0.9163972735404968,-0.2257768660783767,-0.2799510061740875,-0.8843430876731873,-0.330121099948883,0.1103781908750534,-0.0005114910891279,0.0051936423406004,-0.1105972155928611,-0.0001150444586528,-0.0040829060599207,0.1022583395242691,0.4094483256340027,0.0200769957154989,-0.1054184064269065,0.389103353023529,0.0103039816021919,0.1261282265186309,0.7456386089324951,0.1580290496349334,-0.0715499296784401,0.7269020676612854,0.1482772529125213,1
61,0.00187509204261,-0.6319948434829712,-0.281300276517868,0.145008847117424,-0.5107351541519165,-0.1056740283966064,0.238287404179573,-0.6973341107368469,-0.1537451148033142,-0.1499254405498504,-0.5019001960754395,-0.1275954693555832,-0.2817396521568298,-0.6508985161781311,-0.2197357267141342,0.3054971396923065,-0.915735125541687,-0.2296247035264969,-0.2795766592025757,-0.8841069936752319,-0.3227519690990448,0.110365130007267,-0.0006544393254444,0.005243512801826,-0.1105817481875419,3.185540117556229e-05,-0.0041312482208013,0.1082335039973259,0.4076777398586273,0.0154899209737777,-0.1055157259106636,0.3884419202804565,0.0061697880737483,0.1303936839103698,0.7452954053878784,0.1532848179340362,-0.0680435821413993,0.7267429828643799,0.1438459604978561,1
62,0.0019124281825497,-0.6350076794624329,-0.2721347212791443,0.1450261175632476,-0.512409508228302,-0.0988156273961067,0.2387811839580536,-0.6990710496902466,-0.1411915868520736,-0.1499417424201965,-0.502922773361206,-0.1178002581000328,-0.2820748686790466,-0.6514831185340881,-0.2006804943084716,0.3054355978965759,-0.9167349934577942,-0.2099724411964416,-0.2792096436023712,-0.8846338987350464,-0.2956441938877105,0.1103442013263702,-0.00061926105991,0.0052316752262413,-0.1105553656816482,-3.417598236410413e-06,-0.0041139656677842,0.1080192103981971,0.4072776138782501,0.0189662110060453,-0.1052328050136566,0.3880331218242645,0.0111569082364439,0.1301064640283584,0.7452717423439026,0.1537413597106933,-0.0682121440768241,0.7255277633666992,0.1470111012458801,1
63,0.0023889844305813,-0.6366275548934937,-0.273122638463974,0.1452200561761856,-0.5115591883659363,-0.0995113477110862,0.2406893670558929,-0.6968298554420471,-0.1416992247104644,-0.1505572199821472,-0.5032259821891785,-0.1183772683143615,-0.2822222709655761,-0.6526773571968079,-0.2028523683547973,0.3087914884090423,-0.9136834740638732,-0.2099278718233108,-0.2796245813369751,-0.8849725723266602,-0.299288660287857,0.1104372218251228,-0.0006248291465453,0.0054974160157144,-0.1106461659073829,1.5348466604336863e-06,-0.0043666870333254,0.1079236939549446,0.4071221947669983,0.020119909197092,-0.1052314043045044,0.3869510293006897,0.0111573142930865,0.1296769976615905,0.7436472177505493,0.1599723696708679,-0.0679662674665451,0.7221671342849731,0.1504218727350235,1
64,0.0029391548596322,-0.6344385147094727,-0.2783627212047577,0.1463561803102493,-0.5108462572097778,-0.1059128269553184,0.2416735142469406,-0.6959462761878967,-0.1574802249670028,-0.1497097462415695,-0.5032577514648438,-0.1242031827569007,-0.2799348831176758,-0.6522858142852783,-0.216135561466217,0.3087912797927856,-0.9134528040885924,-0.231489673256874,-0.2780675888061523,-0.8824660181999207,-0.3163966536521911,0.1104882434010505,-0.0007229753537103,0.0058695306070148,-0.1107011586427688,0.0001032235086313,-0.0047370605170726,0.1106694191694259,0.4070809185504913,0.0183308217674493,-0.1058886498212814,0.3855696320533752,-0.0001651473139645,0.1305707395076751,0.7434335350990295,0.1573322415351867,-0.0673170909285545,0.7221814393997192,0.1391947269439697,1
65,0.0037884970661252,-0.6378526091575623,-0.2651567161083221,0.1470986157655716,-0.5132654309272766,-0.0917504057288169,0.2439433485269546,-0.6972554922103882,-0.1322596967220306,-0.1499188691377639,-0.5064383745193481,-0.1108357384800911,-0.280716061592102,-0.6569219827651978,-0.1874719262123108,0.3104844093322754,-0.9134358167648317,-0.2019573003053665,-0.2796576917171478,-0.8876268863677979,-0.2777453064918518,0.110509917140007,-0.0007304343162104,0.0056756399571895,-0.1107196658849716,0.0001105105111491,-0.0045359665527939,0.1114378422498703,0.4051690697669983,0.0193315297365188,-0.1049651056528091,0.3855327069759369,0.0065539791248738,0.133973091840744,0.7402787208557129,0.1577269583940506,-0.0647026225924491,0.7219806909561157,0.1449823081493377,1
66,0.0034132988657802,-0.6378809809684753,-0.2673406898975372,0.1465802043676376,-0.5126383900642395,-0.0934739336371421,0.2438031584024429,-0.6957807540893555,-0.138960987329483,-0.1503371447324752,-0.5066555142402649,-0.1136005893349647,-0.2795699834823608,-0.655918538570404,-0.1987507194280624,0.3114730715751648,-0.911129891872406,-0.2142223268747329,-0.2797006070613861,-0.8848751783370972,-0.3006550669670105,0.1105762422084808,-0.0007493980810977,0.0056929131969809,-0.1107824817299842,0.0001287335471715,-0.0045514302328228,0.1113558188080787,0.4052813351154327,0.018701234832406,-0.1050268039107322,0.3854527473449707,0.0055171898566186,0.1348321884870529,0.7399827241897583,0.1578537225723266,-0.063435673713684,0.721906840801239,0.1450929939746856,1
67,0.002554005710408,-0.6429687738418579,-0.2406055927276611,0.1465773731470108,-0.5163010954856873,-0.070903867483139,0.2440792769193649,-0.7002392411231995,-0.1101551502943039,-0.1519561558961868,-0.5104963183403015,-0.0854157283902168,-0.281301349401474,-0.6613354682922363,-0.1503905057907104,0.3114473819732666,-0.9149385690689088,-0.175867959856987,-0.2826867401599884,-0.8904632925987244,-0.2284838408231735,0.1105822399258613,-0.0006919605075381,0.0047357473522424,-0.1107849851250648,7.41704716347158e-05,-0.0036045820452272,0.1113888919353485,0.4045840799808502,0.0161870662122964,-0.1072192564606666,0.3844312727451324,0.0076361973769962,0.1346525400876999,0.7400442361831665,0.1553340852260589,-0.0633789449930191,0.7200568914413452,0.1472163796424865,1
68,0.0016439427854493,-0.642832338809967,-0.2522143125534057,0.145254448056221,-0.5162017345428467,-0.0765173360705375,0.2440654188394546,-0.7001757025718689,-0.1196146309375763,-0.1543081104755401,-0.5104448199272156,-0.1016166433691978,-0.284400463104248,-0.6613159775733948,-0.1741178333759308,0.3115580081939697,-0.9132694005966188,-0.1917289793491363,-0.2890908420085907,-0.8902691006660461,-0.2473360449075698,0.1107304394245147,-0.0008178447606042,0.0054732505232095,-0.1109381318092346,0.0001979926746571,-0.0043111466802656,0.1120899692177772,0.4046010971069336,0.0162824522703886,-0.1092610955238342,0.3838792443275451,0.0016308545600622,0.1348282843828201,0.7386207580566406,0.1595389246940612,-0.0653659328818321,0.7186886668205261,0.1446636170148849,1
69,0.0019285676535218,-0.6393868923187256,-0.282280683517456,0.1459962427616119,-0.514143705368042,-0.1045587584376335,0.2474062591791153,-0.6986491680145264,-0.1529170274734497,-0.1542835831642151,-0.5097403526306152,-0.1288641840219497,-0.2848072350025177,-0.6602156162261963,-0.2106229066848755,0.3135297894477844,-0.910595953464508,-0.2290419489145279,-0.2897104024887085,-0.8862354159355164,-0.3008901476860046,0.1108521744608879,-0.0008970333728939,0.0055584786459803,-0.1110697463154792,0.0002781536895781,-0.0043917251750826,0.1156353875994682,0.4043561220169067,0.0162602718919515,-0.1083139032125473,0.3838372528553009,0.0017641740851104,0.139434814453125,0.7373124957084656,0.1590456962585449,-0.0666705816984176,0.7186744809150696,0.1441460698843002,1
70,0.0020930985920131,-0.6375170946121216,-0.2929532825946808,0.1458274275064468,-0.5124799013137817,-0.1107912436127662,0.2488101571798324,-0.697109043598175,-0.1569539010524749,-0.154862105846405,-0.50875324010849,-0.1424480974674224,-0.2852040827274322,-0.6590864062309265,-0.2333462089300155,0.3183339536190033,-0.9073705673217772,-0.2342259138822555,-0.2922189235687256,-0.8859155774116516,-0.3321488499641418,0.1109647750854492,-0.0009612403227947,0.0067617269232869,-0.1111871823668479,0.0003428366908337,-0.005603736732155,0.1189071014523506,0.4022994041442871,0.0167514812201261,-0.1081304550170898,0.3815251290798187,-0.0011440557427704,0.1406535804271698,0.733428418636322,0.1612478047609329,-0.0666792243719101,0.7129541039466858,0.1441776156425476,1
71,0.0045499010011553,-0.636886477470398,-0.291699081659317,0.1469416618347168,-0.5124200582504272,-0.1101071387529373,0.2523506581783294,-0.6971652507781982,-0.1558975279331207,-0.1547980457544326,-0.5087649822235107,-0.1413660049438476,-0.2872596085071563,-0.6593387722969055,-0.2287297546863556,0.3224170506000519,-0.9074115753173828,-0.2322310507297516,-0.2974618077278137,-0.8859146237373352,-0.3268059194087982,0.1110454276204109,-0.0009995566215366,0.0071183964610099,-0.1112769767642021,0.0003836853720713,-0.0059634745121002,0.1206640899181366,0.4020337760448456,0.0168363209813833,-0.1081042140722274,0.3803208172321319,-0.0025216613430529,0.1408879160881042,0.7332083582878113,0.1612930446863174,-0.0663373917341232,0.7109502553939819,0.1436157375574112,1
72,0.0065930737182497,-0.6441971063613892,-0.2543644607067108,0.1476215124130249,-0.5181968808174133,-0.0803927332162857,0.2525078058242798,-0.7015117406845093,-0.1230013445019722,-0.1545043736696243,-0.5136458277702332,-0.1016982495784759,-0.2888530492782593,-0.6693029403686523,-0.1662652343511581,0.3222421705722809,-0.9132702946662904,-0.1974921375513076,-0.3013601899147033,-0.9000620245933533,-0.2486932277679443,0.1109980121254921,-0.0010340509470552,0.007128186058253,-0.1112173572182655,0.0004188102902844,-0.0059698484838008,0.116563506424427,0.4019059240818023,0.023615414276719,-0.1078837439417839,0.3803146183490753,0.0009972110856324,0.1396730244159698,0.730682909488678,0.1742947548627853,-0.0662289783358573,0.7107658386230469,0.1505032181739807,1
73,0.0066282106563448,-0.6454086303710938,-0.255826324224472,0.1476078331470489,-0.5183554291725159,-0.0825659111142158,0.2557815313339233,-0.701905369758606,-0.1258698254823684,-0.1544981151819229,-0.5145419836044312,-0.1065171882510185,-0.2908950448036194,-0.6705200672149658,-0.1751873344182968,0.3298381567001343,-0.9138455986976624,-0.2000093013048172,-0.3081386685371399,-0.9012930989265442,-0.2594419121742248,0.1110277697443962,-0.0010211567860096,0.0082272356376051,-0.1112462952733039,0.0004057805927004,-0.0070532611571252,0.1165293827652931,0.4009509086608886,0.0335458256304264,-0.1101270020008087,0.3769301772117615,0.0010357231367379,0.1363873183727264,0.7242987751960754,0.1941896677017212,-0.0732266306877136,0.6991936564445496,0.161135196685791,1
74,0.0078796800225973,-0.6424892544746399,-0.293438196182251,0.1484389901161193,-0.5151448249816895,-0.1151817291975021,0.2581524550914764,-0.6988677382469177,-0.1655413806438446,-0.1534194946289062,-0.5119621753692627,-0.1415924131870269,-0.2905219495296478,-0.6630982160568237,-0.2256465256214141,0.3312131762504577,-0.9114177227020264,-0.2459827810525894,-0.3092166483402252,-0.8912030458450317,-0.3222681283950805,0.1110329926013946,-0.0010714257368817,0.0082495287060737,-0.1112550571560859,0.0004628477618098,-0.0070753321051597,0.1177521124482154,0.4008156955242157,0.0311774350702762,-0.1112461686134338,0.3763414621353149,-0.0049257790669798,0.1385897248983383,0.7245165109634399,0.1833488941192627,-0.0741943418979644,0.6999277472496033,0.1506058424711227,1
75,0.0088631138205528,-0.6413002610206604,-0.2982648015022278,0.1497099995613098,-0.5136160850524902,-0.1185140162706375,0.2646611332893371,-0.6982529759407043,-0.1670942157506942,-0.1525270193815231,-0.5112601518630981,-0.1488867998123169,-0.2900377213954925,-0.6630527377128601,-0.2340058535337448,0.3399916589260101,-0.911430597305298,-0.2453062087297439,-0.3131643831729889,-0.8915716409683228,-0.3303885757923126,0.1110803410410881,-0.001156669226475,0.009628914296627,-0.1113106980919838,0.0005507975583896,-0.0084695238620042,0.1178248450160026,0.4002697765827179,0.0357574559748172,-0.1117821261286735,0.373804360628128,-0.0098045701161026,0.1368981152772903,0.7208232879638672,0.1966726332902908,-0.0752412006258964,0.6951496005058289,0.1520189791917801,1
76,0.0086673758924007,-0.6424285769462585,-0.2890286743640899,0.1493679583072662,-0.5156857967376709,-0.1095260828733444,0.2648234963417053,-0.7007322311401367,-0.1537406593561172,-0.1530653238296508,-0.5129247903823853,-0.1408725678920745,-0.2912899851799011,-0.6693984866142273,-0.2111126035451889,0.3409248292446136,-0.9129568338394164,-0.2307047247886657,-0.3218452632427215,-0.9001584649085999,-0.2925339639186859,0.1110864952206611,-0.0011874632909893,0.009745149873197,-0.1113183721899986,0.0005838195211254,-0.0085883643478155,0.1176066175103187,0.3999039232730865,0.0351963825523853,-0.1144484877586364,0.3719706535339355,-0.012861618772149,0.13678540289402,0.7199429869651794,0.1947921812534332,-0.0755556970834732,0.6933269500732422,0.1518828719854354,1
77,0.0086880456656217,-0.6425436735153198,-0.288682609796524,0.1494132727384567,-0.5156548619270325,-0.108920007944107,0.2659703195095062,-0.6993426084518433,-0.1515918225049972,-0.1541037708520889,-0.5128391981124878,-0.1402328014373779,-0.2951923310756683,-0.6692566871643066,-0.2111408114433288,0.343258798122406,-0.9074777364730836,-0.2293834388256073,-0.328264981508255,-0.899907648563385,-0.293188989162445,0.111170195043087,-0.0013128942809998,0.0097871655598282,-0.1114010289311409,0.0007121875532902,-0.0086240544915199,0.1201348528265953,0.3992712199687958,0.0344581380486488,-0.1162805929780006,0.3720825612545013,-0.011702237650752,0.1386491060256958,0.7196848392486572,0.1900922358036041,-0.0783441811800003,0.6936653256416321,0.1510208696126938,1
78,0.0093013290315866,-0.6420097351074219,-0.2921302318572998,0.1501620560884475,-0.5153241157531738,-0.1092210859060287,0.2692896425724029,-0.6964407563209534,-0.1515362560749054,-0.154303953051567,-0.512807309627533,-0.1434754580259323,-0.295441210269928,-0.6690000295639038,-0.214939996600151,0.3452436029911041,-0.901464819908142,-0.2301858961582183,-0.3288025856018066,-0.8989852070808411,-0.3005683720111847,0.1111840978264808,-0.0013832185650244,0.010093905031681,-0.1114161387085914,0.0007827153312973,-0.0089271925389766,0.1205319464206695,0.3992235660552978,0.0372990742325782,-0.113490380346775,0.3723691999912262,-0.0062313298694789,0.1407224237918853,0.7197391390800476,0.1895074099302292,-0.0790428444743156,0.6943644285202026,0.1512088179588318,1
79,0.0060921935364604,-0.6418920755386353,-0.288052886724472,0.1500428617000579,-0.5163894295692444,-0.1050722151994705,0.269898772239685,-0.6963956356048584,-0.1488675475120544,-0.1555856764316558,-0.5130062699317932,-0.138787105679512,-0.2987072765827179,-0.6681867241859436,-0.2078462988138198,0.3449351489543915,-0.9003888368606567,-0.2299176007509231,-0.3397938311100006,-0.8972514271736145,-0.293991357088089,0.1111993044614791,-0.0014103510184213,0.0101353544741868,-0.1114333570003509,0.0008124347659759,-0.0089719519019126,0.1211039498448371,0.398753821849823,0.0367522537708282,-0.1159160584211349,0.37140554189682,-0.0090545648708939,0.1406945139169693,0.7182517051696777,0.1892733573913574,-0.0790128484368324,0.6939741969108582,0.1496308743953704,1
80,0.0050458163022994,-0.6410828232765198,-0.2805598676204681,0.1506363004446029,-0.5193435549736023,-0.0955247208476066,0.2712658643722534,-0.6973458528518677,-0.1324968189001083,-0.1556041091680526,-0.5133113265037537,-0.1295482665300369,-0.2991620600223541,-0.6664713025093079,-0.1941515654325485,0.3479392528533935,-0.9007028341293335,-0.2114372253417968,-0.3460237681865692,-0.8945707678794861,-0.2828730344772339,0.111216552555561,-0.001356630702503,0.0101989982649683,-0.1114489510655403,0.000761741423048,-0.009033964946866,0.1193166151642799,0.3997915089130401,0.0378613248467445,-0.1164882481098175,0.3720166087150574,-0.0061895539984107,0.1401208937168121,0.7190797328948975,0.1888086050748825,-0.0802684500813484,0.6953577399253845,0.1501790881156921,1
81,0.0047959107905626,-0.6410378813743591,-0.2726244330406189,0.150621086359024,-0.5204387307167053,-0.0826567932963371,0.2741966247558594,-0.696752667427063,-0.1133816018700599,-0.1569692194461822,-0.513695478439331,-0.122876301407814,-0.3027778565883636,-0.6606848835945129,-0.1890751868486404,0.3549734950065613,-0.8962514400482178,-0.1963490694761276,-0.3527733087539673,-0.8860651850700378,-0.2820508480072021,0.1112828403711319,-0.0013019952457398,0.0104499403387308,-0.1115129366517067,0.0007087927078828,-0.0092870658263564,0.119111455976963,0.3998058438301086,0.0371416322886943,-0.1166641265153884,0.3726103603839874,-0.0061565949581563,0.1400267332792282,0.7193726897239685,0.1869620680809021,-0.0802663043141365,0.6982018351554871,0.1497608572244644,1
82,0.0059184688143432,-0.6388620734214783,-0.2778972685337066,0.1530933678150177,-0.5200011730194092,-0.0866342484951019,0.278431624174118,-0.693604052066803,-0.1188646852970123,-0.155409887433052,-0.5132274031639099,-0.1290949136018753,-0.2996824085712433,-0.6576461791992188,-0.2028241008520126,0.3591473698616028,-0.8933115005493164,-0.2054377943277359,-0.3510439693927765,-0.8824896216392517,-0.3036648333072662,0.111445739865303,-0.0013460785849019,0.0111436434090137,-0.1116891428828239,0.0007527731359004,-0.0099877649918198,0.1191094666719436,0.3999443352222442,0.0378484278917312,-0.1157614588737487,0.3729139566421509,-0.0082304291427135,0.1401827484369278,0.7189455628395081,0.1944072097539901,-0.0789668262004852,0.6984620094299316,0.1497211158275604,1
83,0.0049935849383473,-0.6392545700073242,-0.2632306814193725,0.1538441479206085,-0.5215750932693481,-0.0816006436944007,0.2807033956050873,-0.6896620392799377,-0.1207374930381774,-0.1554969102144241,-0.5147485733032227,-0.1084318980574607,-0.3044289648532867,-0.6539750695228577,-0.1763370037078857,0.359115868806839,-0.884350061416626,-0.2089894860982895,-0.361475795507431,-0.8760742545127869,-0.2843076586723327,0.1114779189229011,-0.0011424993863329,0.0097205881029367,-0.1117163002490997,0.00055678980425,-0.0085804918780922,0.1179292649030685,0.4002346694469452,0.0328892916440963,-0.115087978541851,0.37314373254776,0.0018392795464023,0.1396163403987884,0.718852698802948,0.1938254386186599,-0.0785491988062858,0.698262631893158,0.1631074100732803,1
84,0.0049802381545305,-0.6298479437828064,-0.2840659022331238,0.1548623144626617,-0.519525945186615,-0.1043046712875366,0.2826186120510101,-0.6839534044265747,-0.1480818539857864,-0.1543278694152832,-0.5141605138778687,-0.1211509406566619,-0.3078122735023498,-0.6529501080513,-0.1794101148843765,0.3615232706069946,-0.8831627368927002,-0.2381296008825302,-0.3650281131267547,-0.8761634230613708,-0.2874827086925506,0.1115138381719589,-0.00091503810836,0.0090081728994846,-0.1117505729198455,0.0003292909532319,-0.0078574819490313,0.1169589906930923,0.4009785652160644,0.025183118879795,-0.1150122359395027,0.3741847574710846,0.0017527635209262,0.1395687013864517,0.7195460796356201,0.1862569600343704,-0.0786308571696281,0.699684202671051,0.1620483249425888,1
85,-0.0037315350491553,-0.6293547749519348,-0.2878366410732269,0.1519341766834259,-0.5195786952972412,-0.1108990535140037,0.2824978232383728,-0.6842160224914551,-0.1605073064565658,-0.157267689704895,-0.5142987966537476,-0.1257170438766479,-0.3122832179069519,-0.6530437469482422,-0.1802784949541092,0.3613263070583343,-0.8834798336029053,-0.2550061047077179,-0.3734996318817138,-0.875897228717804,-0.2876700460910797,0.1115435361862182,-0.0007858118624426,0.0081769181415438,-0.1117783263325691,0.0002069933107122,-0.007024414371699,0.1168669313192367,0.4004567563533783,0.0211498420685529,-0.1203644201159477,0.3731544315814972,0.0004269907367415,0.1384492218494415,0.7180230617523193,0.187612235546112,-0.0788637623190879,0.6930173635482788,0.165626510977745,1
86,-0.0025329028721898,-0.6231687068939209,-0.310631513595581,0.1541018635034561,-0.5177308320999146,-0.1214322075247764,0.2831690311431885,-0.6839620471000671,-0.1692101508378982,-0.1565933674573898,-0.5079548358917236,-0.1558019071817398,-0.3123233318328857,-0.6436501741409302,-0.2365843951702118,0.3657882213592529,-0.8831424713134766,-0.263425350189209,-0.3721447288990021,-0.8643341064453125,-0.3473775684833526,0.1118391305208206,-0.0008755561430007,0.0097506614401936,-0.112101711332798,0.0003032395325135,-0.0086030792444944,0.1228315681219101,0.39863121509552,0.0131057286635041,-0.1230448931455612,0.3726496696472168,-0.0159066691994667,0.1402651071548462,0.7179755568504333,0.1647582352161407,-0.0895157679915428,0.6932503581047058,0.1336105912923813,1
87,-0.0024526619818061,-0.6236127614974976,-0.3090830445289612,0.1544421464204788,-0.5178987979888916,-0.1194411292672157,0.2861867845058441,-0.6840860247612,-0.1699683368206024,-0.1565681248903274,-0.5107182860374451,-0.1532362550497055,-0.3134761452674866,-0.6457313895225525,-0.2290050387382507,0.3659475743770599,-0.8837466835975647,-0.2670477926731109,-0.374291330575943,-0.8653269410133362,-0.3372306227684021,0.1118982210755348,-0.0007740065339021,0.0097468337044119,-0.1121661365032196,0.0002075781812891,-0.0086034620180726,0.1226862743496894,0.398598313331604,0.0161514449864625,-0.122914582490921,0.3714536726474762,-0.015103505924344,0.1399422734975814,0.714782178401947,0.1857964247465133,-0.0889987051486969,0.6911181807518005,0.144057348370552,1
88,-0.002202961128205,-0.6252555847167969,-0.2997058033943176,0.1545864194631576,-0.5183779001235962,-0.114356555044651,0.28715381026268,-0.6857494711875916,-0.1645971983671188,-0.1567110121250152,-0.5147984027862549,-0.142674520611763,-0.3173897564411163,-0.6510359644889832,-0.2119890302419662,0.3658197820186615,-0.8840038776397705,-0.265156626701355,-0.3806245028972626,-0.8669530153274536,-0.3204617798328399,0.1119403839111328,-0.0005714851431548,0.0088307978585362,-0.1122077479958534,1.2211602552270053e-05,-0.0077069601975381,0.1232346892356872,0.3984850943088531,0.016639856621623,-0.1247066110372543,0.3706208765506744,-0.0091496594250202,0.1403381675481796,0.7137624025344849,0.1869590878486633,-0.088646650314331,0.6896266341209412,0.1584399044513702,1
89,-0.0049864836037158,-0.6196384429931641,-0.3215270042419433,0.1548749059438705,-0.5127402544021606,-0.1401843130588531,0.2912507653236389,-0.6799598336219788,-0.1983754187822342,-0.1567987352609634,-0.5118523240089417,-0.1581619679927826,-0.3186467289924621,-0.6469945311546326,-0.2298610508441925,0.3657880425453186,-0.8806222081184387,-0.2986621558666229,-0.3828771114349365,-0.8609129190444946,-0.3447125554084778,0.1120758280158042,-0.0004365682834759,0.007655621971935,-0.1123581528663635,-0.0001159063031082,-0.006571362260729,0.1238846778869628,0.397691398859024,0.0055295503698289,-0.1250686049461364,0.3702501654624939,-0.0135862976312637,0.1407028585672378,0.7134627103805542,0.1778733879327774,-0.0884407237172126,0.6897458434104919,0.1542493253946304,1
90,-0.0057135210372507,-0.620097815990448,-0.3183940351009369,0.1545272767543792,-0.5127161741256714,-0.1359816938638687,0.290010005235672,-0.6779810786247253,-0.1938564181327819,-0.15715092420578,-0.511142373085022,-0.1560764610767364,-0.3185330331325531,-0.6439642310142517,-0.2274960279464721,0.3651267290115356,-0.8752594590187073,-0.2981245815753937,-0.3821972906589508,-0.8578523993492126,-0.3409819900989532,0.1121088564395904,-0.0003951127582695,0.007407849188894,-0.1123918667435646,-0.0001531733869342,-0.0063153714872896,0.1250311881303787,0.3967833817005157,0.0054695094004273,-0.1274687051773071,0.3701781332492828,-0.0133675383403897,0.1437968164682388,0.7134616374969482,0.1669429242610931,-0.0919621884822845,0.6913717985153198,0.1478031128644943,1
91,-0.0060807433910667,-0.6188862919807434,-0.3171033263206482,0.1537249386310577,-0.511367678642273,-0.1347954273223877,0.2896082401275635,-0.6713569164276123,-0.1964291185140609,-0.1585989594459533,-0.5101636052131653,-0.1572059988975525,-0.3235358595848083,-0.6414770483970642,-0.2284972220659256,0.3643103241920471,-0.869203507900238,-0.304000586271286,-0.3860122859477997,-0.8532215356826782,-0.3389589190483093,0.1121972054243087,-0.0003784770378842,0.0076328171417117,-0.1124868169426918,-0.0001689182390691,-0.0065458682365715,0.1249811723828315,0.3969516158103943,0.0066949180327355,-0.1274138242006302,0.3700990378856659,-0.0143937431275844,0.1426753401756286,0.7129977941513062,0.1778803765773773,-0.0917156934738159,0.6907825469970703,0.1487598419189453,1
92,-0.0052771759219467,-0.6123166680335999,-0.3261205852031708,0.1555217802524566,-0.507404625415802,-0.1422219574451446,0.2908670902252197,-0.6635256409645081,-0.2152429074048996,-0.1584603488445282,-0.5060207843780518,-0.1683580726385116,-0.3232601881027221,-0.632014274597168,-0.254453033208847,0.3648388385772705,-0.8640708923339844,-0.3305660486221313,-0.385668396949768,-0.8424679040908813,-0.374334841966629,0.1124581173062324,-0.0003617789188865,0.0078294230625033,-0.1127678677439689,-0.0001829442626331,-0.0067595466971397,0.1269905120134353,0.394863486289978,-0.0085898544639348,-0.1297503113746643,0.367778331041336,-0.0310755297541618,0.1429275274276733,0.7115465402603149,0.1595006436109542,-0.0913403928279876,0.6899029016494751,0.1306822896003723,1
93,-0.0084551433101296,-0.6135406494140625,-0.3118783831596374,0.1549951285123825,-0.5077581405639648,-0.1333421468734741,0.2895673513412475,-0.6623559594154358,-0.2140647619962692,-0.1589264124631881,-0.5060834288597107,-0.1534029245376587,-0.3234027028083801,-0.6308815479278564,-0.2314645498991012,0.3635045886039734,-0.8622458577156067,-0.3221082389354706,-0.3860088884830475,-0.8392065763473511,-0.3486762642860412,0.1124967485666275,-0.0002871331525966,0.0078490246087312,-0.1128073930740356,-0.0002536869724281,-0.0067783612757921,0.1258649379014969,0.3952313363552093,-0.0080666616559028,-0.1295838803052902,0.3676158785820007,-0.0294135231524705,0.1411413550376892,0.7114783525466919,0.1624875217676162,-0.0917696356773376,0.689965009689331,0.1326696425676345,1
94,-0.0089483223855495,-0.6091920137405396,-0.3311448395252228,0.1546668112277984,-0.5039435625076294,-0.1473380029201507,0.2896282970905304,-0.6593751907348633,-0.2219500988721847,-0.1602725684642791,-0.5001133680343628,-0.1713499128818512,-0.3238855004310608,-0.6265956163406372,-0.2601491808891296,0.3633503317832947,-0.8619569540023804,-0.3310669362545013,-0.3869141340255737,-0.8355695009231567,-0.3843724131584167,0.1127201318740844,-0.0003085989155806,0.0079482924193143,-0.1130451261997222,-0.0002271887788083,-0.0068902992643415,0.1250052750110626,0.3943002820014953,-0.0120753040537238,-0.1321996599435806,0.3653481304645538,-0.0429776310920715,0.1372564136981964,0.7098162174224854,0.1586399674415588,-0.0918716490268707,0.6875525712966919,0.1237953230738639,1
95,-0.0093298610299825,-0.6081523895263672,-0.3289359509944916,0.1544166654348373,-0.5041215419769287,-0.14621202647686,0.2899409234523773,-0.65787672996521,-0.2179509550333023,-0.1607844531536102,-0.4994122087955475,-0.169574961066246,-0.3242029249668121,-0.6223778128623962,-0.2557241320610046,0.3633782267570495,-0.8576592803001404,-0.3301220238208771,-0.387703388929367,-0.83232182264328,-0.3775990307331085,0.1129055395722389,-0.0003548544482327,0.008070002309978,-0.1132355779409408,-0.0001747186324791,-0.0070189866237342,0.1277813762426376,0.3908337354660034,-0.027564700692892,-0.1376950293779373,0.3643138706684112,-0.0516526065766811,0.1391130089759826,0.705010712146759,0.1503289937973022,-0.091762751340866,0.6862673759460449,0.1174081861972808,1
96,-0.0102306278422474,-0.6035122275352478,-0.3303335309028625,0.1541763991117477,-0.5042452216148376,-0.1448516547679901,0.2944390475749969,-0.6576930284500122,-0.2043664008378982,-0.1617129147052765,-0.4980449676513672,-0.1688484847545623,-0.3296091258525848,-0.6182268857955933,-0.2530818879604339,0.3679996728897095,-0.8593900799751282,-0.3026516735553741,-0.3935214281082153,-0.829386293888092,-0.3752044141292572,0.1129471808671951,-0.0004091049777343,0.0081488406285643,-0.1132796108722686,-0.0001175801080535,-0.0070973709225654,0.1260964572429657,0.3939949870109558,-0.0266380999237298,-0.1356679648160934,0.366329550743103,-0.048967208713293,0.1377278417348861,0.7152716517448425,0.1442748755216598,-0.0933673903346061,0.6957138180732727,0.1088150590658187,1
97,-0.0176002439111471,-0.5982479453086853,-0.3478788733482361,0.1532202512025833,-0.4990452229976654,-0.1637818366289138,0.2943399846553802,-0.6413758397102356,-0.2458498328924179,-0.1625393033027649,-0.4939959943294525,-0.181427776813507,-0.3284735977649688,-0.602799654006958,-0.268169641494751,0.367054134607315,-0.8455325961112976,-0.3645367920398712,-0.3948685526847839,-0.8078873753547668,-0.4010539054870605,0.1130736097693443,-0.0004082218802068,0.008167240768671,-0.1134101599454879,-0.0001170467730844,-0.007116378750652,0.1256411671638488,0.3940054178237915,-0.027280293405056,-0.1352784633636474,0.3667800426483154,-0.0492895096540451,0.1334953904151916,0.7150465846061707,0.1421586126089096,-0.0945198237895965,0.69563889503479,0.1067481637001037,1
98,-0.0174535550177097,-0.5941368937492371,-0.3461523056030273,0.15292289853096,-0.4991706311702728,-0.1613658815622329,0.2961196005344391,-0.6381986141204834,-0.235374629497528,-0.1635724157094955,-0.4923535287380218,-0.1809066832065582,-0.3352468013763428,-0.5983145833015442,-0.2649377286434173,0.3675950467586517,-0.8442695140838623,-0.3520854115486145,-0.4018168449401855,-0.8037676811218262,-0.3938864469528198,0.1131680607795715,-0.0004548224678728,0.0086314529180526,-0.113513208925724,-6.775513611501083e-05,-0.0075961356051266,0.1255663633346557,0.3936018049716949,-0.0331123806536197,-0.1366353929042816,0.3674075305461883,-0.054285567253828,0.1320152580738067,0.7143011689186096,0.1339786797761917,-0.0974292084574699,0.6961511969566345,0.0969846472144126,1
99,-0.0172999557107687,-0.5855938196182251,-0.3668926358222961,0.1529312580823898,-0.4917267262935638,-0.1762700676918029,0.2974036037921905,-0.6296122074127197,-0.2633938789367676,-0.1637116372585296,-0.4843465983867645,-0.2004301995038986,-0.3359580039978027,-0.5861785411834717,-0.29715496301651,0.3676195740699768,-0.8349563479423523,-0.3908445537090301,-0.4046546816825866,-0.7911050915718079,-0.4343456923961639,0.113415703177452,-0.0004580877721309,0.0090351123362779,-0.1137677729129791,-6.17211771896109e-05,-0.0080269873142242,0.1263621598482132,0.3899378478527069,-0.0592646859586238,-0.138547733426094,0.3664478957653045,-0.0679529160261154,0.1271239668130874,0.7094770669937134,0.115074522793293,-0.0989784821867942,0.6918551921844482,0.0882456749677658,1
100,-0.0171600561589002,-0.5809375047683716,-0.3796745240688324,0.1531016081571579,-0.4864873886108398,-0.1873106956481933,0.2995840311050415,-0.622326672077179,-0.2787686586380005,-0.1640792191028595,-0.4779899716377258,-0.2135699987411499,-0.3371006548404693,-0.5810160636901855,-0.315465360879898,0.3691588640213012,-0.8277001976966858,-0.4057777523994446,-0.4099957644939422,-0.7868034839630127,-0.4550789296627044,0.1137115433812141,-0.0004551964229904,0.009174421429634,-0.1140653043985366,-5.8938778238371015e-05,-0.0081736957654356,0.1264689564704895,0.3870630860328674,-0.0826752856373786,-0.1441235393285751,0.3627797365188598,-0.0967581495642662,0.1272435039281845,0.7084424495697021,0.0785890594124794,-0.1032888889312744,0.6900492310523987,0.0539195463061332,1
101,-0.017039380967617,-0.5807406306266785,-0.3832735419273376,0.1528867036104202,-0.4846448898315429,-0.1898747533559799,0.2994413375854492,-0.6159198880195618,-0.2928574979305267,-0.1663740128278732,-0.4767437279224396,-0.2162471860647201,-0.3408529758453369,-0.5786240696907043,-0.3173482418060303,0.3692812025547027,-0.8169233202934265,-0.4356700181961059,-0.4225215911865234,-0.7805581092834473,-0.4582405388355255,0.1142147779464721,-0.0004459286574274,0.0095109362155199,-0.1145487055182457,-6.461831799242646e-05,-0.0085012419149279,0.1217564642429351,0.3866773545742035,-0.0859556496143341,-0.1441957950592041,0.3624178171157837,-0.0917699113488197,0.1173356547951698,0.7078673839569092,0.071688175201416,-0.1077396348118782,0.6895396113395691,0.0554718188941478,1
102,-0.0169027149677276,-0.5726529955863953,-0.3899039030075073,0.1525030881166458,-0.4844067990779876,-0.1883886456489563,0.2994733154773712,-0.6126161813735962,-0.2850455939769745,-0.1676450073719024,-0.4743062257766723,-0.2187435328960418,-0.346763014793396,-0.5726650357246399,-0.3122109770774841,0.3726391196250915,-0.8153162002563477,-0.4203464686870575,-0.4274224042892456,-0.7770271301269531,-0.4495372772216797,0.1144119277596473,-0.0005018084193579,0.0097951795905828,-0.1147491484880447,-7.325308615691027e-06,-0.0087900506332516,0.1217037215828895,0.3852602839469909,-0.0883713066577911,-0.1462977975606918,0.361487478017807,-0.0967216491699218,0.115947812795639,0.707809329032898,0.0630166828632354,-0.112386018037796,0.6886652708053589,0.0475115552544593,1
103,-0.0168222356587648,-0.5700665712356567,-0.4035751819610595,0.1508758217096328,-0.4781097769737243,-0.200571060180664,0.2962477505207062,-0.6011043787002563,-0.3059218525886535,-0.1690329909324646,-0.4699428677558899,-0.2347755134105682,-0.3465237319469452,-0.5645452737808228,-0.3346602618694305,0.3725872635841369,-0.8031448721885681,-0.4528597295284271,-0.430666834115982,-0.7664339542388916,-0.4730845093727112,0.1146070286631584,-0.0005898795789107,0.0104163428768515,-0.114944040775299,8.41618311824277e-05,-0.009400138631463,0.1224929094314575,0.3830736875534057,-0.0922036096453666,-0.1465074121952057,0.3607552647590637,-0.0995982587337493,0.1164608970284462,0.7069318294525146,0.0621065571904182,-0.113624706864357,0.6871188879013062,0.0463115274906158,1
104,-0.0167454797774553,-0.5697274208068848,-0.3993920385837555,0.1508813053369522,-0.4778749048709869,-0.1999214142560959,0.2977412939071655,-0.6007596254348755,-0.2978418469429016,-0.1693395525217056,-0.4696893393993377,-0.2324947267770767,-0.348026692867279,-0.5643337368965149,-0.3285030722618103,0.3782930076122284,-0.8026717901229858,-0.4395383298397064,-0.4358078241348266,-0.7661823034286499,-0.4662790298461914,0.1147729232907295,-0.0006616424070671,0.0104668866842985,-0.1151079088449478,0.0001620345865376,-0.0094517236575484,0.1231948807835578,0.3737799227237701,-0.1218374595046043,-0.151942953467369,0.3538455069065094,-0.1177627369761467,0.1151445135474205,0.7003238201141357,0.0339538045227527,-0.113477773964405,0.6799969673156738,0.0294967908412218,1
105,-0.0181801710277795,-0.5701265335083008,-0.3960229754447937,0.1491069346666336,-0.4780846238136291,-0.1897312700748443,0.2975617349147796,-0.6009761691093445,-0.2804747521877289,-0.1721381694078445,-0.4700589776039123,-0.2316749393939972,-0.3553741872310638,-0.5654128193855286,-0.3260502815246582,0.3829759061336517,-0.8040324449539185,-0.4210824370384216,-0.4414239525794983,-0.7665875554084778,-0.463185042142868,0.1149584576487541,-0.0005901494296267,0.0106811355799436,-0.1153010949492454,9.9105789558962e-05,-0.0096665937453508,0.1229144781827926,0.3742172718048095,-0.114177219569683,-0.1562724709510803,0.3501097857952118,-0.1254575103521347,0.1126960292458534,0.6997471451759338,0.0419379025697708,-0.1175591722130775,0.6720399856567383,0.0330479927361011,1
106,-0.0187630057334899,-0.5606898665428162,-0.4090621471405029,0.149582102894783,-0.4655646681785583,-0.2068429738283157,0.2967625260353088,-0.5826146006584167,-0.3419235944747925,-0.1724069267511367,-0.4628184139728546,-0.2405895441770553,-0.3534165620803833,-0.5585625171661377,-0.3578438460826874,0.3828943073749542,-0.7787863612174988,-0.5050225257873535,-0.4463928043842315,-0.7550143599510193,-0.5037206411361694,0.1154244020581245,-0.0005673488485626,0.0106970053166151,-0.1157436445355415,8.279612666228786e-05,-0.0096758743748068,0.123774342238903,0.3619737029075622,-0.1596049815416336,-0.1572144329547882,0.338392436504364,-0.1626808941364288,0.1112015470862388,0.6888181567192078,0.0098952753469347,-0.1173561736941337,0.6618378758430481,0.0006280541419982,1
107,-0.0195782240480184,-0.5588337182998657,-0.4067170023918152,0.1495332270860672,-0.4651597440242767,-0.2044472992420196,0.2992544174194336,-0.57798832654953,-0.3299830555915832,-0.1732766777276992,-0.462670236825943,-0.2375595569610595,-0.3536617755889892,-0.5565056800842285,-0.350007951259613,0.3845033347606659,-0.774938702583313,-0.4869210720062256,-0.4487649202346802,-0.752634584903717,-0.4943847060203552,0.115594632923603,-0.000546307535842,0.0107266521081328,-0.1159141808748245,6.646363181062043e-05,-0.0097040021792054,0.1257396042346954,0.3621439039707184,-0.1509856134653091,-0.1585367619991302,0.3361567854881286,-0.1648551374673843,0.1115840896964073,0.68682861328125,0.0199965331703424,-0.1179733276367187,0.6594890356063843,0.0019659583922475,1
108,-0.0235083065927028,-0.5633953213691711,-0.3686003983020782,0.1476987898349762,-0.4685870110988617,-0.1697631180286407,0.3011089563369751,-0.5786880254745483,-0.28139728307724,-0.1792690306901931,-0.4630107283592224,-0.1963841170072555,-0.3651738166809082,-0.5512247681617737,-0.3025859594345093,0.3845110535621643,-0.7738507986068726,-0.4358884394168854,-0.4562203288078308,-0.7487956285476685,-0.4588719308376312,0.1157776266336441,-0.000890138442628,0.0106595326215028,-0.1160748153924942,0.0004371934046503,-0.0096341781318187,0.1253129541873932,0.3512952923774719,-0.2022842317819595,-0.1596468836069107,0.3301419019699096,-0.1921878159046173,0.1107790470123291,0.6772931814193726,-0.0533465109765529,-0.1178250983357429,0.6575554013252258,-0.0589044764637947,1
109,-0.0257365368306636,-0.5580310821533203,-0.3862916529178619,0.1476868391036987,-0.46098792552948,-0.184774175286293,0.3011098802089691,-0.5603680610656738,-0.3229386806488037,-0.1800721883773803,-0.4547778964042663,-0.2068722695112228,-0.364579439163208,-0.5422996282577515,-0.327252060174942,0.3843303918838501,-0.7522777318954468,-0.490928590297699,-0.4607049822807312,-0.7348833084106445,-0.4920501708984375,0.116047665476799,-0.0010335323167964,0.0104687055572867,-0.1163237541913986,0.0005853150505572,-0.009430082514882,0.1246734857559204,0.3515357971191406,-0.2035776823759079,-0.1596643626689911,0.331037312746048,-0.1920936107635498,0.1059379801154136,0.6784838438034058,-0.0495386496186256,-0.1142775043845176,0.658708930015564,-0.0543555654585361,1
110,-0.0256782975047826,-0.5581064224243164,-0.388327419757843,0.1476838439702987,-0.4577095806598663,-0.1856032013893127,0.3042967319488525,-0.5537248253822327,-0.3223228454589844,-0.18010775744915,-0.4495463967323303,-0.2079909592866897,-0.3651231825351715,-0.5331188440322876,-0.3272455632686615,0.3898787796497345,-0.7441690564155579,-0.4895742535591125,-0.4653389453887939,-0.7228756546974182,-0.4893262386322021,0.1163069009780883,-0.001394617720507,0.0104395989328622,-0.116558164358139,0.0009604287333786,-0.0093923639506101,0.1251243948936462,0.3445926010608673,-0.2236273139715194,-0.1596135944128036,0.331547200679779,-0.1997358500957489,0.1044725552201271,0.6742862462997437,-0.06777273863554,-0.1085177809000015,0.6590731143951416,-0.0687900111079216,1
111,-0.0281275156885385,-0.5587204694747925,-0.3792865574359894,0.1463136374950409,-0.4681120812892914,-0.1714043766260147,0.3105058968067169,-0.5603331327438354,-0.2629171311855316,-0.1814628541469574,-0.454493910074234,-0.2013626992702484,-0.3707320392131805,-0.535064697265625,-0.2957162261009216,0.4051060080528259,-0.7508424520492554,-0.4064440727233886,-0.4774618148803711,-0.7253620624542236,-0.4430939853191376,0.1163847967982292,-0.001692003919743,0.0105131780728697,-0.1166353076696395,0.0012665663380175,-0.0094641223549842,0.1270678490400314,0.3456791639328003,-0.2107635289430618,-0.1594231873750686,0.3339098393917084,-0.1849859207868576,0.1047790274024009,0.6749486327171326,-0.0540892891585826,-0.1084658131003379,0.660869300365448,-0.0575497969985008,1
112,-0.0285633374005556,-0.5580998063087463,-0.3785378932952881,0.1463186740875244,-0.4654863178730011,-0.1729024052619934,0.3098512291908264,-0.5554597973823547,-0.2799049019813537,-0.1818839609622955,-0.4522113800048828,-0.1997923851013183,-0.376966655254364,-0.5265684723854065,-0.2998769283294678,0.4037956297397613,-0.7458183765411377,-0.440775454044342,-0.4815103709697723,-0.7127419114112854,-0.4503796398639679,0.1166076064109802,-0.0018939833389595,0.0104971816763281,-0.1168374940752983,0.0014845436671748,-0.009443181566894,0.1282789558172226,0.3399761617183685,-0.2359680980443954,-0.1594838351011276,0.332595020532608,-0.2034780383110046,0.1043662875890731,0.6711676716804504,-0.0863827913999557,-0.1075993701815605,0.6609569787979126,-0.080947108566761,1
113,-0.0288746189326047,-0.5575668215751648,-0.3699500560760498,0.1463062465190887,-0.4682772755622864,-0.1636078357696533,0.3177115321159363,-0.5559327602386475,-0.2755328416824341,-0.185262382030487,-0.4532946646213531,-0.1943987011909485,-0.3920316100120544,-0.5281782150268555,-0.290208637714386,0.4106010198593139,-0.74470454454422,-0.4328877925872803,-0.4960906207561493,-0.7137957215309143,-0.4305051565170288,0.1168938875198364,-0.0022057665046304,0.0106655675917863,-0.1171103194355964,0.0018205571686848,-0.0096060410141944,0.1345893740653991,0.3274063169956207,-0.253410279750824,-0.1612616032361984,0.3267286717891693,-0.2229246199131012,0.1052972227334976,0.6591619849205017,-0.1014490351080894,-0.1078486740589141,0.6527484655380249,-0.0947213470935821,1
114,-0.0312245413661003,-0.5576241612434387,-0.3708749413490295,0.142855554819107,-0.4684224426746368,-0.1650670319795608,0.3174312710762024,-0.5554084181785583,-0.2778200805187225,-0.1909169107675552,-0.453257292509079,-0.1953595429658889,-0.404536634683609,-0.5280430316925049,-0.2915916740894317,0.4092190861701965,-0.7433719635009766,-0.4335772693157196,-0.5145395994186401,-0.7125782370567322,-0.4335943758487701,0.116972804069519,-0.0027192183770239,0.0106540424749255,-0.1171854063868522,0.0023462362587451,-0.0095874089747667,0.1350051909685135,0.3278591334819793,-0.2445901334285736,-0.1666963100433349,0.3264178335666656,-0.2190019637346267,0.1053559035062789,0.6588013172149658,-0.0934096947312355,-0.1087098568677902,0.6532391309738159,-0.08858273178339,1
115,-0.031202970072627,-0.5460905432701111,-0.3787742555141449,0.1426321268081665,-0.4624920785427093,-0.1673027873039245,0.3168367743492126,-0.5440230965614319,-0.2811324596405029,-0.190790519118309,-0.4474429190158844,-0.1989655643701553,-0.4036495089530945,-0.5112376809120178,-0.3024882972240448,0.408901959657669,-0.7361184358596802,-0.4344857335090637,-0.5109192728996277,-0.6857529282569885,-0.4492401778697967,0.1170402690768241,-0.0029928493313491,0.0109349628910422,-0.1172526329755783,0.00262739113532,-0.0098883798345923,0.1333234459161758,0.3122437000274658,-0.270700454711914,-0.16744364798069,0.3135250806808471,-0.235466718673706,0.1004868373274803,0.6385607719421387,-0.1074834391474723,-0.1087528318166732,0.6316009163856506,-0.0924640297889709,1
116,-0.0310340914875268,-0.5305066108703613,-0.3806068003177643,0.1425381153821945,-0.4605550169944763,-0.1677124500274658,0.3171259462833404,-0.545342206954956,-0.2770808935165405,-0.1903634816408157,-0.4433866143226623,-0.1991862654685974,-0.401768296957016,-0.506155252456665,-0.2994127869606018,0.4103372395038605,-0.7353371977806091,-0.4177589416503906,-0.5082231760025024,-0.6794455647468567,-0.4289615154266357,0.1171168982982635,-0.0030269701965153,0.0111794732511043,-0.1173200011253357,0.0026682910975068,-0.0101302778348326,0.1308172196149826,0.2865335047245025,-0.296209305524826,-0.168309673666954,0.2818407714366913,-0.2726190090179443,0.0962274670600891,0.6119177937507629,-0.1246209740638732,-0.108339175581932,0.6024667620658875,-0.1207524165511131,1
117,-0.0303249042481184,-0.5311792492866516,-0.3807393014431,0.1427766978740692,-0.4592852890491485,-0.1680368781089782,0.3164912760257721,-0.5462950468063354,-0.2775657474994659,-0.1894859224557876,-0.441832035779953,-0.2002027481794357,-0.4011538922786712,-0.5054201483726501,-0.3000929355621338,0.4156262576580047,-0.7289848327636719,-0.4214895963668823,-0.5068140029907227,-0.6765574216842651,-0.4295494258403778,0.1176359504461288,-0.002996593946591,0.0113228168338537,-0.1178143322467804,0.0026530700270086,-0.0102620972320437,0.130251407623291,0.2770742177963257,-0.3172404766082763,-0.1684268116950988,0.2580131590366363,-0.2998817563056946,0.0936855524778366,0.59442138671875,-0.1396632641553878,-0.1082244589924812,0.5851824283599854,-0.1475158184766769,1
118,-0.0302890874445438,-0.5324152112007141,-0.37152960896492,0.1428632587194442,-0.4582606852054596,-0.1669839173555374,0.3163345754146576,-0.5336822271347046,-0.2966551184654236,-0.1893513202667236,-0.4371372759342193,-0.1964215785264969,-0.4002481400966644,-0.4908482730388641,-0.3074399530887604,0.414615273475647,-0.7042127251625061,-0.4605136513710022,-0.5087007880210876,-0.6642086505889893,-0.4534514248371124,0.117954321205616,-0.0030349746812134,0.011311762034893,-0.1181224808096885,0.0027005721349269,-0.0102436272427439,0.1275705695152282,0.2772339880466461,-0.3141897022724151,-0.1710204780101776,0.252096563577652,-0.3008672595024109,0.092980220913887,0.5928499698638916,-0.1388465911149978,-0.1093679219484329,0.585925281047821,-0.1507094204425811,1
119,-0.0310645829886198,-0.5291242003440857,-0.3664031028747558,0.1411249488592147,-0.4579854905605316,-0.1635064780712127,0.3154268562793731,-0.5326427221298218,-0.2968882322311401,-0.1902743875980377,-0.4351410865783691,-0.193553477525711,-0.4001471698284149,-0.4850096106529236,-0.3088414669036865,0.4165445566177368,-0.6974301934242249,-0.4605211317539215,-0.5106475353240967,-0.6595928072929382,-0.453509658575058,0.1180975809693336,-0.0030469731427729,0.0113418847322463,-0.1182514056563377,0.0027201776392757,-0.0102717662230134,0.1288675367832183,0.2545677423477173,-0.3221011161804199,-0.1766873598098755,0.2268280982971191,-0.3157042562961578,0.0926843807101249,0.5706587433815002,-0.1455263197422027,-0.1144255697727203,0.5626657605171204,-0.1576562076807022,1
120,-0.0312427282333374,-0.4606167376041412,-0.4281337857246399,0.1408236026763916,-0.4132080674171448,-0.2249317616224289,0.2899275124073028,-0.4811137616634369,-0.4176293015480041,-0.1869952231645584,-0.3926031589508056,-0.2548249363899231,-0.3812872171401977,-0.4489559233188629,-0.423983484506607,0.3817361891269684,-0.6349456310272217,-0.6213709712028503,-0.4746150970458984,-0.6141563057899475,-0.6026008725166321,0.1181273758411407,-0.0017925322754308,0.0114195235073566,-0.1182695254683494,0.0015418018447235,-0.010327860713005,0.1279889345169067,0.2602007389068603,-0.3313307762145996,-0.176485002040863,0.2270968854427337,-0.3181960582733154,0.084378995001316,0.5679823756217957,-0.1445954144001007,-0.1143620982766151,0.5597901344299316,-0.1613549590110778,1
121,-0.0301929339766502,-0.4625855982303619,-0.4271107912063598,0.1399395018815994,-0.4075582027435303,-0.2197359502315521,0.2907232344150543,-0.4699185192584991,-0.4048515558242798,-0.1862683892250061,-0.3907456994056701,-0.2495406866073608,-0.3822079002857208,-0.4472374618053436,-0.4125094413757324,0.3774920403957367,-0.6256497502326965,-0.5928463339805603,-0.477817177772522,-0.6159196496009827,-0.5810085535049438,0.1181655973196029,-0.0010528234997764,0.011499160900712,-0.1183010339736938,0.0008360106730833,-0.010389401577413,0.1190118119120597,0.2431251257658004,-0.3428927659988403,-0.1760147809982299,0.1899728924036026,-0.3455071747303009,0.0748639851808548,0.5417107939720154,-0.1493816375732422,-0.1142765507102012,0.5308424234390259,-0.1843876242637634,1
122,-0.0249489415436983,-0.4716638028621673,-0.422690749168396,0.1428764909505844,-0.4132633209228515,-0.2184544652700424,0.2885119020938873,-0.4710241556167602,-0.3962534070014953,-0.1846262216567993,-0.3949638605117798,-0.2484263628721237,-0.3873648047447204,-0.4455754458904266,-0.3967105150222778,0.3792516887187958,-0.6201871633529663,-0.5959557294845581,-0.4832963049411773,-0.614783525466919,-0.5568017959594727,0.1184906288981437,-0.0009505139314569,0.0115584237501025,-0.1186137422919273,0.0007417013985104,-0.0104418052360415,0.119260162115097,0.2248928546905517,-0.347390353679657,-0.1822402328252792,0.1921858936548233,-0.3389673829078674,0.0760250315070152,0.5340428948402405,-0.1662646830081939,-0.1160488203167915,0.5327688455581665,-0.1884788125753402,1
123,-0.0224980004131793,-0.4614868462085724,-0.4344989061355591,0.1415064930915832,-0.4113669395446777,-0.2222959846258163,0.2881447672843933,-0.4734455943107605,-0.4041838347911834,-0.1849485337734222,-0.3940767645835876,-0.2575135231018066,-0.3882635235786438,-0.4435999393463135,-0.4122087359428406,0.3882405757904053,-0.6211683750152588,-0.601885974407196,-0.4857054650783539,-0.6041738390922546,-0.5723488926887512,0.1184608936309814,-0.0007482349174097,0.0116112455725669,-0.1185758262872695,0.0005534871597774,-0.0104891862720251,0.1323123425245285,0.2301660776138305,-0.3460260033607483,-0.1855829954147339,0.196829080581665,-0.3340876400470733,0.0769618079066276,0.5380263924598694,-0.1519820392131805,-0.1181890442967414,0.5319951772689819,-0.1820596605539322,1
124,-0.0231917053461074,-0.4627611041069031,-0.4299066364765167,0.140867069363594,-0.4131712615489959,-0.2184710055589676,0.2874273955821991,-0.4752096235752105,-0.3969430327415466,-0.1853294968605041,-0.3944617509841919,-0.2538344860076904,-0.3911150693893432,-0.4373702108860016,-0.404753178358078,0.3991883397102356,-0.6145921945571899,-0.5899093151092529,-0.4953168928623199,-0.5935268402099609,-0.5631450414657593,0.1185156852006912,-0.0007350080413743,0.0114193093031644,-0.1186292469501495,0.000542986090295,-0.0102901477366685,0.1301406472921371,0.2268505990505218,-0.3459829092025757,-0.1905413717031479,0.1976537704467773,-0.3339384198188782,0.0775319412350654,0.53731369972229,-0.1638696938753128,-0.1207138448953628,0.5349534749984741,-0.1847013682126999,1
125,-0.0219030641019344,-0.4525006413459778,-0.439140647649765,0.1407942026853561,-0.4037027359008789,-0.227017804980278,0.2862235009670257,-0.4716551303863525,-0.4308706521987915,-0.1849734038114547,-0.3819068372249603,-0.2626186013221741,-0.3843051493167877,-0.4318079054355621,-0.4253461360931396,0.3969888687133789,-0.592420756816864,-0.6487533450126648,-0.4925471544265747,-0.5901182889938354,-0.5895571708679199,0.1185405477881431,-0.000331558228936,0.0114288134500384,-0.1186516061425209,0.00016786683409,-0.0102931652218103,0.1272475868463516,0.223919928073883,-0.3509707748889923,-0.1909533143043518,0.1919167041778564,-0.3366566002368927,0.0770757794380188,0.5296707153320312,-0.1626993268728256,-0.1206470802426338,0.5277706980705261,-0.1842168569564819,1
126,-0.0164628848433494,-0.4384086728096008,-0.4552779793739319,0.1444402933120727,-0.3916629254817962,-0.2404168844223022,0.2913939356803894,-0.4648500978946686,-0.4702871143817901,-0.1818518042564392,-0.3645907342433929,-0.2771065533161163,-0.3793013989925384,-0.4254089593887329,-0.454447329044342,0.3836310505867004,-0.5631566643714905,-0.7019924521446228,-0.4847175478935241,-0.5836004018783569,-0.6195632219314575,0.118722379207611,2.644899905135389e-05,0.0114976353943347,-0.1188354939222335,-0.0001522772072348,-0.0103480583056807,0.1195344924926757,0.1989120095968246,-0.3664933443069458,-0.1914148181676864,0.1811960488557815,-0.3450560271739959,0.0753269642591476,0.5088729858398438,-0.1801863759756088,-0.1193546131253242,0.5133116841316223,-0.1958765536546707,1
127,-0.0031821280717849,-0.4428962171077728,-0.4339927732944488,0.1529973447322845,-0.4045290946960449,-0.2188838869333267,0.3134109079837799,-0.4640628695487976,-0.4336753189563751,-0.1802894622087478,-0.3667945265769958,-0.2483505010604858,-0.3797962367534637,-0.4162883460521698,-0.4034635424613952,0.4068239033222198,-0.57452791929245,-0.6570984125137329,-0.4944559633731842,-0.584304690361023,-0.5597733855247498,0.1192005947232246,-0.0003402175207156,0.011453878134489,-0.1192746385931968,0.0002004864800255,-0.0102882916107773,0.12336216121912,0.1737241297960281,-0.3633805513381958,-0.1899312436580658,0.1676679104566574,-0.3438082635402679,0.0809894427657127,0.5015389323234558,-0.1885863691568374,-0.1162280365824699,0.5083274841308594,-0.1987583488225937,1
128,0.0013196733780205,-0.4454854428768158,-0.434334248304367,0.1593562662601471,-0.4044995605945587,-0.2194349318742752,0.333771675825119,-0.4652094542980194,-0.4289708137512207,-0.1764675080776214,-0.3699776828289032,-0.2486473172903061,-0.3791142404079437,-0.4151796102523803,-0.3978257477283478,0.4262148737907409,-0.5739730000495911,-0.644244372844696,-0.4955470860004425,-0.5724227428436279,-0.55560302734375,0.1192199364304542,-0.000262862042291,0.0111312065273523,-0.119290716946125,0.0001290106883971,-0.0099742300808429,0.1368530988693237,0.1767421662807464,-0.3615487515926361,-0.1870301812887191,0.1638198941946029,-0.3430156707763672,0.081303171813488,0.5006939768791199,-0.1765477359294891,-0.1130613610148429,0.5048406720161438,-0.1852384358644485,1
129,0.0131221171468496,-0.4454281628131866,-0.4335851073265075,0.1685260236263275,-0.3991866409778595,-0.2149446904659271,0.3508811593055725,-0.4651584029197693,-0.4059084355831146,-0.168002963066101,-0.3718566298484802,-0.244764968752861,-0.373833954334259,-0.4149509072303772,-0.3831557035446167,0.4445677697658539,-0.5770138502120972,-0.6016106605529785,-0.4908002316951751,-0.5728671550750732,-0.5377399921417236,0.1192468181252479,-0.0001716240512905,0.011146237142384,-0.1193158850073814,3.950107202399522e-05,-0.0099867563694715,0.1457993388175964,0.1562003940343856,-0.3614136874675751,-0.1808361113071441,0.1594672948122024,-0.3450238704681396,0.083954356610775,0.4879845678806305,-0.1764675080776214,-0.1035191565752029,0.4927426874637604,-0.185648962855339,1
130,0.0164301302284002,-0.4464355111122131,-0.420335978269577,0.1733736991882324,-0.397661954164505,-0.2010217905044555,0.3730719685554504,-0.4728528559207916,-0.3844367563724518,-0.163040742278099,-0.3727343380451202,-0.2334957122802734,-0.3689530789852142,-0.4154466688632965,-0.376378059387207,0.4696263670921325,-0.5769677758216858,-0.567358672618866,-0.4834944903850555,-0.5733570456504822,-0.5400386452674866,0.1194632276892662,0.000535259314347,0.0110374139621853,-0.1195039227604866,-0.0006174886948429,-0.0098812896758317,0.1450428813695907,0.1212825179100036,-0.3737411797046661,-0.1677818149328231,0.1175018697977066,-0.3691224157810211,0.0845055654644966,0.4635048806667328,-0.2207314819097519,-0.0928442701697349,0.4637094140052795,-0.2324551790952682,1
131,0.0155312428250908,-0.4446934759616852,-0.4206897914409637,0.1742409169673919,-0.3937041461467743,-0.2000419646501541,0.3820255100727081,-0.4731425046920776,-0.3733314573764801,-0.160777136683464,-0.373228371143341,-0.2331319898366928,-0.3592067956924438,-0.4152080118656158,-0.3749074041843414,0.4748923182487488,-0.5427471399307251,-0.5497497916221619,-0.4738401174545288,-0.5669410228729248,-0.5408473610877991,0.1193030700087547,0.0014829718274995,0.0110268183052539,-0.119337186217308,-0.0014979990664869,-0.0098735867068171,0.1530653983354568,0.1244650781154632,-0.3730684816837311,-0.1666372567415237,0.1262696981430053,-0.3653986752033233,0.0866588354110717,0.4630760550498962,-0.2115391045808792,-0.0941722095012664,0.4662202000617981,-0.2236558198928833,1
132,0.0135673023760318,-0.4446151554584503,-0.4316512942314148,0.1739400923252105,-0.3904109001159668,-0.2225773930549621,0.3543210029602051,-0.4523927867412567,-0.425408124923706,-0.1612003892660141,-0.3735038936138153,-0.2547617554664612,-0.3550298810005188,-0.4170299470424652,-0.4303757548332214,0.4678213894367218,-0.5198530554771423,-0.6378563046455383,-0.4674154818058014,-0.5657637119293213,-0.6116660833358765,0.1193084344267845,0.0019960876088589,0.0128293130546808,-0.1193359196186065,-0.0020206603221595,-0.0116017004474997,0.1523246467113495,0.1600463390350341,-0.3640385866165161,-0.161773532629013,0.1534445583820343,-0.3623211979866028,0.0895953848958015,0.4743426442146301,-0.1769433319568634,-0.0954284742474556,0.4889969229698181,-0.2033649533987045,1
133,0.0131090367212891,-0.4555093646049499,-0.4331041574478149,0.1732509285211563,-0.3907555043697357,-0.2228154242038726,0.357647031545639,-0.4464713037014007,-0.4190556108951568,-0.1615040451288223,-0.3792078197002411,-0.254136711359024,-0.3618741929531097,-0.4172163009643554,-0.4290964603424072,0.4912505149841308,-0.5231481194496155,-0.6205552816390991,-0.4858291149139404,-0.562248945236206,-0.6078836917877197,0.1192657724022865,0.0026774771977216,0.0128251714631915,-0.119289219379425,-0.0027258780319243,-0.0115935821086168,0.160396546125412,0.1806044727563858,-0.3388647139072418,-0.1748378872871399,0.1535459607839584,-0.3613636791706085,0.0892384946346283,0.4898667633533478,-0.1519186347723007,-0.1010401770472526,0.4915169477462768,-0.1912468820810318,1
134,0.0125939780846238,-0.4692311584949493,-0.4066258072853088,0.1728121787309646,-0.4132603704929352,-0.1979875117540359,0.3582152724266052,-0.4484557807445526,-0.360552579164505,-0.1657675355672836,-0.4018645882606506,-0.2246098667383194,-0.3750125169754028,-0.4255004823207855,-0.3624643981456756,0.5030561089515686,-0.5285046696662903,-0.556938111782074,-0.4987164139747619,-0.5666082501411438,-0.5229979753494263,0.1192843541502952,0.0020353293512016,0.0129025438800454,-0.1193049922585487,-0.0021276767365634,-0.0116714816540479,0.1864935308694839,0.1836486905813217,-0.3316930830478668,-0.1938596367835998,0.1666592508554458,-0.3476288616657257,0.09694305062294,0.4988957643508911,-0.1521061062812805,-0.1054353713989257,0.499420166015625,-0.186619758605957,1
135,0.0175571199506521,-0.4806145429611206,-0.3841749131679535,0.1753160953521728,-0.4211834669113159,-0.1741196364164352,0.363549143075943,-0.4524337649345398,-0.3259337842464447,-0.164855882525444,-0.4093780815601349,-0.1997849494218826,-0.3774143755435943,-0.431996613740921,-0.3241409063339233,0.5113731622695923,-0.533137857913971,-0.5125352144241333,-0.5033181309700012,-0.5781927704811096,-0.4742668569087982,0.1194171756505966,0.0015504492912441,0.0129242138937115,-0.1194299682974815,-0.0016917919274419,-0.0116845164448022,0.2111909091472625,0.1706617325544357,-0.3336127996444702,-0.2090496867895126,0.1582749783992767,-0.3470332324504852,0.1077108085155487,0.4863919615745544,-0.156299814581871,-0.1054607480764389,0.487546443939209,-0.1925749033689499,1
136,0.0219841729849576,-0.4795642793178558,-0.3854424357414245,0.1765147149562835,-0.4193892478942871,-0.1711639910936355,0.3683199882507324,-0.4534336924552917,-0.313873142004013,-0.164250448346138,-0.4081408083438873,-0.1974689066410064,-0.3802690207958221,-0.4344767928123474,-0.3104704618453979,0.5104106068611145,-0.5316941738128662,-0.4919067919254303,-0.4994791746139526,-0.5835961103439331,-0.4471397697925567,0.1194041445851326,0.0015537299914285,0.0128115816041827,-0.1194169521331787,-0.0016977696213871,-0.0115827042609453,0.2325605750083923,0.1451296657323837,-0.3348087966442108,-0.2134734839200973,0.1326969265937805,-0.3490509688854217,0.1107622906565666,0.4561361074447632,-0.156656265258789,-0.1056925654411315,0.4616047739982605,-0.1923493295907974,1
137,0.0214448794722557,-0.4827185571193695,-0.3856216967105865,0.1760534644126892,-0.4209056198596954,-0.1709630340337753,0.3696058988571167,-0.4588030278682709,-0.3010010123252868,-0.1642493903636932,-0.4114484786987304,-0.1964235454797744,-0.380516767501831,-0.4376369714736938,-0.2975195348262787,0.5156407952308655,-0.5322127938270569,-0.4705516993999481,-0.4988147020339966,-0.5882562398910522,-0.4266265332698822,0.1194023489952087,0.0012457465054467,0.0126285571604967,-0.1194152384996414,-0.0014336406020447,-0.0113947968930006,0.2462771087884903,0.1316605508327484,-0.3406731486320495,-0.2235476970672607,0.1240515857934951,-0.3514471352100372,0.1170597821474075,0.439325600862503,-0.1575054228305816,-0.1067951396107673,0.4559350311756134,-0.194263681769371,1
138,0.021198783069849,-0.4819728136062622,-0.3859002292156219,0.1762279272079467,-0.4203364849090576,-0.1690500527620315,0.3724763989448547,-0.4608593583106994,-0.2992353439331054,-0.1619857996702194,-0.4123587608337402,-0.1948830187320709,-0.3755343854427337,-0.4400177597999573,-0.2963205873966217,0.5205298662185669,-0.5455706715583801,-0.4633927047252655,-0.4942007660865783,-0.5925293564796448,-0.4232613742351532,0.1192737519741058,0.0012072284007444,0.0125734778121113,-0.1192856952548027,-0.0014112449716776,-0.0113287651911377,0.2457765042781829,0.1203802302479744,-0.3409687280654907,-0.2274739295244217,0.113800935447216,-0.3515335917472839,0.1161182448267936,0.4251952767372131,-0.1576401144266128,-0.1066768765449523,0.4448222219944,-0.1942108571529388,1
139,0.0217760801315307,-0.4820106029510498,-0.3675813972949981,0.1761443018913269,-0.4205544292926788,-0.1571435183286667,0.3649941384792328,-0.4574847221374511,-0.3020300567150116,-0.1618169546127319,-0.414128690958023,-0.1797156780958175,-0.3737911880016327,-0.4397898316383362,-0.2956318259239197,0.5062553882598877,-0.5455968976020813,-0.4750585556030273,-0.4914999008178711,-0.5937471389770508,-0.4353204369544983,0.1192701309919357,0.0007176773506216,0.0126143023371696,-0.119277998805046,-0.000959777040407,-0.0113748246803879,0.2480610907077789,0.1103167906403541,-0.3466406762599945,-0.2320341169834137,0.1118059009313583,-0.3530543148517608,0.1157337203621864,0.4222316145896911,-0.1653469800949096,-0.1059810891747474,0.4419339299201965,-0.1987901628017425,1
140,0.0217113569378852,-0.4828605651855469,-0.3660071790218353,0.1763830631971359,-0.4177842438220978,-0.1585975289344787,0.3590894043445587,-0.4548633396625519,-0.3120633065700531,-0.1595174223184585,-0.4137464165687561,-0.181413322687149,-0.3646580874919891,-0.4379362165927887,-0.2968597412109375,0.4987657368183136,-0.5496318936347961,-0.5006110668182373,-0.4830745458602905,-0.5930894017219543,-0.452108085155487,0.1192566901445388,0.0005534852971322,0.0125593328848481,-0.1192592531442642,-0.0008194991387426,-0.0113141583278775,0.2447773814201355,0.0913078263401985,-0.3525362908840179,-0.2330488413572311,0.1058185398578643,-0.3532295227050781,0.113593615591526,0.4071740806102752,-0.1607084423303604,-0.1060144379734993,0.4256878197193146,-0.1892768144607544,1
141,0.0202998928725719,-0.5009463429450989,-0.3717499077320099,0.1769650876522064,-0.4163855314254761,-0.1692089289426803,0.376323938369751,-0.469576895236969,-0.3130400776863098,-0.1575625389814376,-0.4134498834609985,-0.188577339053154,-0.3641206622123718,-0.4382552802562713,-0.2988396883010864,0.5240415930747986,-0.5583330392837524,-0.4852529466152191,-0.4831628501415252,-0.5928910374641418,-0.4522106349468231,0.1191800683736801,0.0005323170335032,0.0115308575332164,-0.1191830188035965,-0.0008011576719582,-0.0102608557790517,0.2483123838901519,0.0773038044571876,-0.3528795540332794,-0.2366175055503845,0.0948091819882392,-0.3537540435791015,0.1132262051105499,0.3923859894275665,-0.1475133150815963,-0.1156026348471641,0.4105102121829986,-0.1706085801124572,1
142,0.0186888445168733,-0.5174659490585327,-0.3548949062824249,0.1738966852426529,-0.4249863922595978,-0.151130124926567,0.3752849698066711,-0.468941330909729,-0.2967210710048675,-0.158074140548706,-0.4210326373577118,-0.1794608831405639,-0.3653011322021484,-0.4416062533855438,-0.3011879920959472,0.5233136415481567,-0.5636138916015625,-0.4780736863613128,-0.4837223589420318,-0.5950357913970947,-0.4563538134098053,0.1191857457160949,0.0004791914252564,0.011547359637916,-0.1191853359341621,-0.0007476756582036,-0.0102872587740421,0.2476500123739242,0.0543033666908741,-0.3555945754051208,-0.2460929453372955,0.0694578140974044,-0.3568508625030517,0.1132891625165939,0.3760721385478973,-0.1484633386135101,-0.1207528710365295,0.3907275795936584,-0.1726050376892089,1
143,0.0186415463685989,-0.5155014991760254,-0.356804758310318,0.1747100353240966,-0.4237734377384186,-0.1525969505310058,0.3821386694908142,-0.4686852395534515,-0.2747515738010406,-0.1561339199542999,-0.4210057854652405,-0.1800758391618728,-0.3666450679302215,-0.4419121444225311,-0.3000476658344269,0.5416141152381897,-0.5759323239326477,-0.4280584156513214,-0.4845145046710968,-0.5931965112686157,-0.4494909346103668,0.119135558605194,0.0005495465593412,0.0110565712675452,-0.1191394925117492,-0.0008185110636986,-0.0098318979144096,0.2470221370458603,0.0459330901503562,-0.3621284961700439,-0.2550168931484222,0.0615129619836807,-0.3690952360630035,0.1128155142068862,0.3622850477695465,-0.1533096581697464,-0.1324330419301986,0.3785327076911926,-0.1735434234142303,1
144,0.0167534686625003,-0.5139189958572388,-0.3509723544120788,0.1747116893529892,-0.443832665681839,-0.1435738205909729,0.3839738368988037,-0.4878579080104828,-0.2406800389289856,-0.1568385809659958,-0.4300704002380371,-0.1746303290128708,-0.3670210242271423,-0.4473682641983032,-0.2719437181949615,0.5518574714660645,-0.5876550078392029,-0.3802193403244018,-0.4835546612739563,-0.5958033204078674,-0.3912544548511505,0.1191840022802352,0.0006956163560971,0.0109587674960494,-0.1192004904150962,-0.0009576936718076,-0.0097558870911598,0.25392547249794,0.0541276410222053,-0.3646653294563293,-0.260363757610321,0.0631730109453201,-0.3686483502388,0.1152923628687858,0.3690853714942932,-0.1537594646215438,-0.1340949386358261,0.379429280757904,-0.1741124838590622,1
145,0.0151927201077342,-0.5139434933662415,-0.3537057936191559,0.1743380278348922,-0.4422398507595062,-0.1446070522069931,0.3841431140899658,-0.4867289066314697,-0.2401125133037567,-0.1563193798065185,-0.4298643767833709,-0.1761303842067718,-0.3684460520744324,-0.4498969316482544,-0.2677424550056457,0.5519812107086182,-0.5866101980209351,-0.3701694905757904,-0.4850803315639496,-0.5997939705848694,-0.374089628458023,0.1191815808415412,0.0007621676777489,0.0108125107362866,-0.1192049160599708,-0.0010282498551532,-0.0096179917454719,0.2654549479484558,0.057761825621128,-0.3655660450458526,-0.2591485977172851,0.0646187886595726,-0.3683983385562897,0.1178119927644729,0.3613309264183044,-0.1462513655424118,-0.1331408321857452,0.3752379119396209,-0.1667893230915069,1
146,0.0143794473260641,-0.5150853395462036,-0.3553450405597687,0.1732317805290222,-0.4447060525417328,-0.1458703726530075,0.3860826194286346,-0.4888589382171631,-0.2380208820104599,-0.1560182571411132,-0.4318635463714599,-0.1769461631774902,-0.3711708784103393,-0.4512315094470978,-0.2712709605693817,0.5528332591056824,-0.5879278182983398,-0.3629706501960754,-0.4850276410579681,-0.6070882678031921,-0.3842768371105194,0.1190625801682472,0.0007962510571815,0.0106807947158813,-0.1191034391522407,-0.0010607948061078,-0.0094925928860902,0.2636726200580597,0.052099697291851,-0.3640909790992737,-0.2579224705696106,0.0536353774368763,-0.3755741417407989,0.118252120912075,0.3497811555862427,-0.1342304050922393,-0.1320426762104034,0.3606370091438293,-0.1633029729127884,1
147,0.0152667537331581,-0.5238939523696899,-0.3544552028179168,0.1727118790149688,-0.4442358016967773,-0.1461410373449325,0.3867323398590088,-0.4875903129577636,-0.2362183183431625,-0.1559080928564071,-0.4354454278945923,-0.1776449978351593,-0.3727213442325592,-0.4542571902275085,-0.2773773968219757,0.5548357367515564,-0.591127872467041,-0.3590321838855743,-0.4827587008476257,-0.6139729619026184,-0.388757586479187,0.1190200746059417,0.000902411644347,0.0106748808175325,-0.1190694496035575,-0.0011655394919216,-0.0094885639846324,0.2626088559627533,0.0486516021192073,-0.3631864190101623,-0.2571345269680023,0.0375365689396858,-0.382794439792633,0.1172055453062057,0.3412513136863708,-0.1316490471363067,-0.1334807872772216,0.3433939814567566,-0.1639024168252945,1
148,0.0201309937983751,-0.5254894495010376,-0.3504457771778106,0.1729905605316162,-0.4490361511707306,-0.1415013670921325,0.3882623612880707,-0.4934412837028503,-0.2129905819892883,-0.1538044363260269,-0.4393255710601806,-0.1772562563419342,-0.3727664649486542,-0.4562886655330658,-0.271353542804718,0.561407208442688,-0.6050369143486023,-0.3271316289901733,-0.4816428422927856,-0.6239083409309387,-0.3853285908699035,0.118990920484066,0.0011006996501237,0.0106701804324984,-0.1190433278679847,-0.0013677502283826,-0.0094791706651449,0.2621355056762695,0.0484115704894065,-0.3601182401180267,-0.257693350315094,0.0330326743423938,-0.3833144605159759,0.1171325743198394,0.3405950665473938,-0.1327807158231735,-0.1343155056238174,0.3370112776756286,-0.1641057133674621,1
149,0.021460922434926,-0.5254303216934204,-0.3508714735507965,0.1727207899093628,-0.4491339027881622,-0.1419977098703384,0.3881581425666809,-0.4925951063632965,-0.2162122726440429,-0.152750015258789,-0.4406869411468506,-0.1776539385318756,-0.3727937042713165,-0.4582048654556274,-0.2692669332027435,0.5605536699295044,-0.6056657433509827,-0.3300036489963531,-0.4806947112083435,-0.6294425129890442,-0.3790717124938965,0.1188174486160278,0.0012202280340716,0.0106642758473753,-0.1188734471797943,-0.0014968656469136,-0.0094702141359448,0.2618186771869659,0.0416700690984725,-0.3585867881774902,-0.257408082485199,0.0229732226580381,-0.3838955461978912,0.116735391318798,0.3287168741226196,-0.133191168308258,-0.1341525465250015,0.3223608434200287,-0.1640767306089401,1
150,0.0213124733418226,-0.5250818729400635,-0.3547653555870056,0.1726734638214111,-0.4442432522773742,-0.1466537714004516,0.3865452706813812,-0.4877187609672546,-0.232792317867279,-0.1508215367794037,-0.4381554424762726,-0.1808397471904754,-0.373308390378952,-0.4581312537193298,-0.268790066242218,0.554010808467865,-0.6044942140579224,-0.3591607213020324,-0.4826351404190063,-0.6335383057594299,-0.3719391226768493,0.1187729239463806,0.0013382120523601,0.0106783537194132,-0.1188349798321724,-0.0016383790643885,-0.0094776423647999,0.2615387737751007,0.0395576693117618,-0.3546051979064941,-0.257589191198349,0.0226998887956142,-0.3835536241531372,0.1153799369931221,0.3215211629867553,-0.1334904879331588,-0.1343423426151275,0.3108143806457519,-0.1621510833501815,1
151,0.0241160579025745,-0.5235639214515686,-0.3548817932605743,0.173880323767662,-0.4439736902713775,-0.1467370241880417,0.3863325119018554,-0.4875982999801636,-0.2402137070894241,-0.1467605084180832,-0.4377792477607727,-0.1810038536787033,-0.3720265030860901,-0.4607881605625152,-0.2620621919631958,0.5485848188400269,-0.6054890751838684,-0.372920423746109,-0.4834833741188049,-0.6418234705924988,-0.3498344123363495,0.1185946464538574,0.0017415242036804,0.0106789413839578,-0.1186703145503997,-0.002057418692857,-0.009479347616434,0.2613056004047394,0.031945951282978,-0.3538546860218048,-0.2570021450519562,0.0117813777178525,-0.3867672979831695,0.1131554692983627,0.3144699931144714,-0.1370735019445419,-0.1343011856079101,0.2982211709022522,-0.1637621968984604,1
152,0.0241823885589838,-0.5234895944595337,-0.3322981595993042,0.1741178631782531,-0.4441063404083252,-0.1275269091129303,0.3772299289703369,-0.471671849489212,-0.2477087974548339,-0.1468281596899032,-0.438420683145523,-0.1608391851186752,-0.3658747971057892,-0.4609836637973785,-0.2567094266414642,0.5229220390319824,-0.5943189859390259,-0.4182814061641693,-0.476848691701889,-0.6416101455688477,-0.3540734648704529,0.1186408549547195,0.0019077867036685,0.0108384955674409,-0.1187091171741485,-0.0022313718218356,-0.0096508795395493,0.2590657770633697,0.0244756564497947,-0.3554044365882873,-0.2561545968055725,0.000907260517124,-0.3858738243579864,0.1113256886601448,0.3060591220855713,-0.1532436162233352,-0.1314079612493515,0.2893855571746826,-0.1655847430229187,1
153,0.0238823536783456,-0.5208516120910645,-0.3335263431072235,0.17408387362957,-0.4441572725772857,-0.1286579966545105,0.3740311563014984,-0.4723825752735138,-0.2504607737064361,-0.147526204586029,-0.4385968744754791,-0.1614236235618591,-0.3660541474819183,-0.4615979492664337,-0.2562078833580017,0.525702714920044,-0.594038724899292,-0.4131084978580475,-0.4842028021812439,-0.6406570076942444,-0.3576635420322418,0.1186889186501503,0.0020278091542422,0.0108525613322854,-0.1187527626752853,-0.0023558258544653,-0.0096601974219083,0.2569854259490967,0.0256514195352792,-0.3574211299419403,-0.2604060471057892,0.0041706785559654,-0.3858903646469116,0.1100369617342948,0.3089973926544189,-0.1556614637374878,-0.1359230130910873,0.2915492951869964,-0.165661409497261,1
154,0.0240571741014719,-0.5206013321876526,-0.3358994722366333,0.1753585934638977,-0.4450728595256805,-0.1304443329572677,0.3882580101490021,-0.4820614755153656,-0.2478096932172775,-0.1478183716535568,-0.4386528432369232,-0.1636338680982589,-0.3652076721191406,-0.4615105092525482,-0.262468546628952,0.5369997620582581,-0.599632203578949,-0.3956007659435272,-0.4817103743553161,-0.6337398290634155,-0.3845161497592926,0.118689514696598,0.0020693612750619,0.0108559057116508,-0.1187514066696167,-0.0023975940421223,-0.0096654398366808,0.2569660246372223,0.015741204842925,-0.357018768787384,-0.2588630318641662,-0.0043850229121744,-0.3855098187923431,0.1091489717364311,0.2975355088710785,-0.1551483273506164,-0.1358834505081176,0.28498175740242,-0.1670131534337997,1
155,0.0243141707032918,-0.5179023742675781,-0.3453085422515869,0.1779398173093795,-0.4436290562152862,-0.1388136446475982,0.3910064101219177,-0.4820435345172882,-0.2518337965011596,-0.1470773518085479,-0.4384366869926452,-0.170343816280365,-0.3648581504821777,-0.4615320265293121,-0.2618555724620819,0.542990505695343,-0.5920206904411316,-0.398086667060852,-0.4835925102233886,-0.6283632516860962,-0.3767158389091491,0.1186987906694412,0.0022107025142759,0.0108044100925326,-0.1187605261802673,-0.0025410249363631,-0.0096116960048675,0.2576674818992615,0.0167479012161493,-0.3585003316402435,-0.2611550092697143,-0.0019900356419384,-0.3860239386558532,0.1078761592507362,0.2997640669345855,-0.1608327776193618,-0.1357353925704956,0.2821815609931946,-0.1662276983261108,1
156,0.0240507032722234,-0.5282820463180542,-0.3080413937568664,0.1775269508361816,-0.4499615728855133,-0.1165807023644447,0.3766986727714538,-0.4852682948112488,-0.2325417250394821,-0.1506699323654174,-0.446694940328598,-0.1459659039974212,-0.3633991479873657,-0.4712684154510498,-0.2558934688568115,0.5416179895401001,-0.5896230340003967,-0.3909547626972198,-0.4830790162086487,-0.6283881068229675,-0.3856047391891479,0.1188555285334587,0.0026126871816813,0.010906059294939,-0.1189024746417999,-0.0029155996162444,-0.0097129549831151,0.2563310265541076,0.0206543430685997,-0.3584864437580108,-0.2609097957611084,-0.0038095500785857,-0.3817756772041321,0.111493319272995,0.3113024532794952,-0.1613772958517074,-0.1414567828178405,0.2874325513839721,-0.1707227081060409,1
157,0.0290747005492448,-0.5221911072731018,-0.3433745205402374,0.177563339471817,-0.4375258684158325,-0.1420783549547195,0.3815886974334717,-0.4721073508262634,-0.233281597495079,-0.1509142220020294,-0.4415066540241241,-0.1728474795818328,-0.371611475944519,-0.4581357538700104,-0.2745492160320282,0.5622890591621399,-0.5613549947738647,-0.370279312133789,-0.486888974905014,-0.6138784289360046,-0.3964711129665375,0.1187999323010444,0.0026577606331557,0.0107877142727375,-0.1188589110970497,-0.0029603093862533,-0.0096069453284144,0.2555107772350311,0.0169742945581674,-0.361489325761795,-0.2610306143760681,-0.0043849591165781,-0.3860893547534942,0.1072145253419876,0.3078918159008026,-0.1541203707456588,-0.1423092633485794,0.2875616550445556,-0.1705804765224456,1
158,0.0293811913579702,-0.5226746797561646,-0.3426188230514526,0.1773493438959121,-0.4378186762332916,-0.1418927162885666,0.3804945051670074,-0.470481663942337,-0.2505401372909546,-0.1525115221738815,-0.4400151073932647,-0.1726907640695572,-0.3744605779647827,-0.4554204940795898,-0.2809020578861236,0.5575632452964783,-0.5521870255470276,-0.4085796177387237,-0.4862403273582458,-0.6128365397453308,-0.4146625697612762,0.118879422545433,0.0026593797374516,0.0108213704079389,-0.1189352497458458,-0.0029583163559436,-0.0096428468823432,0.2554053664207458,0.0163996536284685,-0.3632035255432129,-0.2601659297943115,-0.0070453071966767,-0.3850360214710235,0.1079173237085342,0.3060355484485626,-0.1535686999559402,-0.1421631723642349,0.2880265414714813,-0.1706466972827911,1
159,0.0302657652646303,-0.518498957157135,-0.3476336896419525,0.1776665151119232,-0.4380926191806793,-0.146757036447525,0.3806369006633758,-0.4706964194774627,-0.254211813211441,-0.1524901837110519,-0.4388748705387115,-0.1757254898548126,-0.3743943274021148,-0.4529554545879364,-0.2796970009803772,0.5578591823577881,-0.5439779162406921,-0.4082585275173187,-0.4888455271720886,-0.6095367074012756,-0.4123444259166717,0.1189029291272163,0.0026854013558477,0.0107763223350048,-0.1189585253596305,-0.0029840695206075,-0.009591213427484,0.2589109539985657,0.0157480873167514,-0.3630234003067016,-0.2632081508636474,-0.0092028491199016,-0.3868902027606964,0.1070780828595161,0.3037398159503937,-0.1536150574684143,-0.142067402601242,0.286286860704422,-0.1724281162023544,1
160,0.0302098523825407,-0.5183941125869751,-0.3512201011180877,0.1785563677549362,-0.435877650976181,-0.1510378271341323,0.3959147930145263,-0.4774883389472961,-0.2400265485048294,-0.1520484834909439,-0.4361889064311981,-0.1761123538017273,-0.3741321563720703,-0.4515479207038879,-0.2789763808250427,0.5773026347160339,-0.5477079153060913,-0.3520447313785553,-0.4877855479717254,-0.604109525680542,-0.4113705158233642,0.118856132030487,0.0027072015218436,0.0102030634880065,-0.1189175173640251,-0.0030055898241698,-0.0090351048856973,0.2598622441291809,0.0077656763605773,-0.363276332616806,-0.2636775076389313,-0.0129543403163552,-0.387183278799057,0.1050886064767837,0.2949212491512298,-0.154487207531929,-0.1414413005113601,0.2831892073154449,-0.1734692156314849,1
161,0.0309166088700294,-0.5193490982055664,-0.3414038419723511,0.1782647520303726,-0.439003437757492,-0.1444101631641388,0.394941508769989,-0.4817811250686645,-0.2331407368183136,-0.153189480304718,-0.4368476867675781,-0.1693241596221923,-0.3758858144283294,-0.4568318128585815,-0.2773946821689605,0.5764169692993164,-0.5488904714584351,-0.3560438454151153,-0.4875261187553406,-0.606532096862793,-0.4099273085594177,0.1188699379563331,0.0026875373441725,0.0101997880265116,-0.1189305558800697,-0.002982139121741,-0.0090325623750686,0.2601992487907409,0.004813720472157,-0.3652671873569488,-0.2637224495410919,-0.0200672168284654,-0.3866113722324371,0.1051126718521118,0.291336178779602,-0.1607783734798431,-0.1386469304561615,0.2816506624221802,-0.1808375865221023,1
162,0.0308151170611381,-0.5264560580253601,-0.3407759070396423,0.1793109029531479,-0.442827045917511,-0.1443847566843032,0.4020116031169891,-0.4966195523738861,-0.216395691037178,-0.1521822065114975,-0.4378411173820495,-0.1689161360263824,-0.3730345368385315,-0.460035890340805,-0.2692263424396515,0.5930905342102051,-0.5692294239997864,-0.3161409795284271,-0.4874521493911743,-0.6127878427505493,-0.3948300182819366,0.1188747882843017,0.002702770056203,0.0100866537541151,-0.118935540318489,-0.0029992058407515,-0.0089102769270539,0.2693307995796203,0.0051229777745902,-0.3597743809223175,-0.270135760307312,-0.022456357255578,-0.3849848806858063,0.1051363870501518,0.2855231165885925,-0.1597495824098587,-0.138688713312149,0.2760571241378784,-0.1805823743343353,1
163,0.033967588096857,-0.5252909064292908,-0.3407518267631531,0.1794456988573074,-0.4429778158664703,-0.1440696269273758,0.4000268876552582,-0.4962705373764038,-0.2146781086921692,-0.1516500115394592,-0.4387902021408081,-0.1690874099731445,-0.3730686008930206,-0.4599500596523285,-0.2559655308723449,0.5902549028396606,-0.5670265555381775,-0.3216173052787781,-0.4912759363651275,-0.6128218770027161,-0.3584564924240112,0.1188354864716529,0.0029173565562814,0.0100654680281877,-0.1189040541648864,-0.0032084507402032,-0.0088912630453705,0.2744055092334747,0.0053603965789079,-0.3597531020641327,-0.2699559330940246,-0.0223436951637268,-0.3880615234375,0.1052511855959892,0.2859934568405151,-0.1592334806919098,-0.1385818272829055,0.2754154503345489,-0.1802723705768585,1
164,0.0354403927922248,-0.5306161642074585,-0.3347147703170776,0.1796368658542633,-0.445741593837738,-0.1407143324613571,0.3970087766647339,-0.4973701536655426,-0.2042849957942962,-0.1505489349365234,-0.4417575597763061,-0.1654882580041885,-0.3728795349597931,-0.4619545638561249,-0.2482044100761413,0.5890417098999023,-0.5823850035667419,-0.3057924807071686,-0.4959948360919952,-0.6194633841514587,-0.3558128178119659,0.1188961714506149,0.0029817931354045,0.0100557133555412,-0.1189651936292648,-0.0032742181792855,-0.0088786929845809,0.2758033871650696,0.0051070083864033,-0.3592233061790466,-0.272221565246582,-0.0220418572425842,-0.3856894969940185,0.106011688709259,0.2854714691638946,-0.1593337804079055,-0.1363306939601898,0.2730609476566314,-0.1787838339805603,1
165,0.0365561060607433,-0.5302960276603699,-0.3392764031887054,0.1806564927101135,-0.4434097707271576,-0.1437391191720962,0.4002607464790344,-0.4946732521057129,-0.2064796537160873,-0.1478257775306701,-0.4416163861751556,-0.1691071987152099,-0.372009664773941,-0.4601010084152221,-0.2539871335029602,0.5928657054901123,-0.5838963389396667,-0.3082188665866852,-0.4926920533180237,-0.6181965470314026,-0.36333167552948,0.1188246756792068,0.0031639984808862,0.0100137311965227,-0.1189040765166282,-0.0034647758584469,-0.0088408766314387,0.2807094156742096,0.0050417012535035,-0.3496997058391571,-0.2710297703742981,-0.0242018662393093,-0.386048674583435,0.1060025542974472,0.2820113599300384,-0.1420240402221679,-0.1327182352542877,0.2673332393169403,-0.1714353710412979,1
166,0.0328501425683498,-0.5394106507301331,-0.3300793468952179,0.1780704855918884,-0.4484080374240875,-0.1335823833942413,0.390990138053894,-0.4944595694541931,-0.2030015885829925,-0.1490195542573928,-0.4436776041984558,-0.1638126373291015,-0.3721842169761657,-0.4630599021911621,-0.2311901599168777,0.5811420679092407,-0.5857436656951904,-0.3106448352336883,-0.5031920671463013,-0.6275073289871216,-0.320463627576828,0.1188272610306739,0.0035136744845658,0.0100169405341148,-0.1189097389578819,-0.003828473156318,-0.0088424291461706,0.2902435660362243,0.0095948642119765,-0.3488414883613586,-0.2805935144424438,-0.0243145488202571,-0.3787738978862762,0.103538304567337,0.2813315689563751,-0.1425242871046066,-0.1327980309724807,0.2670119106769562,-0.1714950650930404,1
167,0.0325160957872867,-0.5472725033760071,-0.3232110440731048,0.1780863851308822,-0.4489640593528747,-0.1306555420160293,0.3922597467899322,-0.4942673742771148,-0.2035373151302337,-0.1490398198366165,-0.4467939734458923,-0.1602086871862411,-0.3717881739139557,-0.4691808819770813,-0.2448787838220596,0.5834371447563171,-0.5985140800476074,-0.3068261444568634,-0.4972462058067322,-0.633345365524292,-0.3577813804149627,0.1188111528754234,0.0035369168035686,0.0100832162424921,-0.1188940703868866,-0.0038519049994647,-0.0089087970554828,0.2891685366630554,0.0038040461950004,-0.3447683751583099,-0.2800469696521759,-0.0308078005909919,-0.3776780366897583,0.1054202392697334,0.2769936323165893,-0.1392002999782562,-0.1329084783792495,0.2598918080329895,-0.1683027595281601,1
168,0.0313932746648788,-0.5514553785324097,-0.3115337789058685,0.1770217567682266,-0.4579181671142578,-0.1167603433132171,0.3902780413627624,-0.5048837065696716,-0.1663202047348022,-0.1496223509311676,-0.4551948308944702,-0.1498127579689026,-0.3673306405544281,-0.4820652604103088,-0.2196688950061798,0.5796353816986084,-0.607340395450592,-0.2527223527431488,-0.4941902756690979,-0.6492308974266052,-0.3139112293720245,0.1188035234808921,0.0037116054445505,0.0100284228101372,-0.1188870891928672,-0.0040388032793998,-0.0088398177176713,0.2881504595279693,0.0039135976694524,-0.3450064361095428,-0.2800008058547973,-0.0391866043210029,-0.3738326728343963,0.1105625703930854,0.275815337896347,-0.141910970211029,-0.1405684947967529,0.2602588236331939,-0.1683797687292099,1
169,0.0265845991671085,-0.5573697090148926,-0.3131504654884338,0.1720068901777267,-0.4600337743759155,-0.1175701469182968,0.3887815773487091,-0.510469377040863,-0.1720597743988037,-0.156893640756607,-0.4555391371250152,-0.1533171832561493,-0.3780983388423919,-0.483769953250885,-0.2244137823581695,0.5785266160964966,-0.6130787134170532,-0.2573818266391754,-0.4973575174808502,-0.6565307974815369,-0.3175188302993774,0.1188026666641235,0.0037434685509651,0.009920828975737,-0.1188874095678329,-0.0040714340284466,-0.0087122116237878,0.2877585887908935,0.0115208327770233,-0.346337080001831,-0.2827869057655334,-0.0388867631554603,-0.3720825910568237,0.1103560402989387,0.2761241197586059,-0.142229214310646,-0.1506869047880172,0.2604621946811676,-0.1646970063447952,1
170,0.0260046161711215,-0.5649706125259399,-0.3090997636318207,0.1720746904611587,-0.4622327983379364,-0.1172362938523292,0.3886305391788482,-0.5169799327850342,-0.1738474369049072,-0.1570873856544494,-0.4570319652557373,-0.151942953467369,-0.3777502477169037,-0.4924094378948211,-0.2262107878923416,0.5730070471763611,-0.6248582005500793,-0.2584816217422485,-0.49631267786026,-0.6701431274414062,-0.316646546125412,0.1188743039965629,0.0037609848659485,0.0099198408424854,-0.1189594343304634,-0.0040900981985032,-0.0087086912244558,0.2872193455696106,0.011328243650496,-0.3533343374729156,-0.2826595306396484,-0.0399422198534011,-0.3736504018306732,0.1122339591383934,0.2742339670658111,-0.1436152458190918,-0.1499065607786178,0.2569484114646911,-0.1641686409711837,1
171,0.0255103595554828,-0.5696486830711365,-0.3084078431129455,0.1711074411869049,-0.4643131494522095,-0.1174493432044982,0.3885009586811065,-0.5162716507911682,-0.1836708188056945,-0.157182902097702,-0.4589525163173675,-0.1522826552391052,-0.3776066601276397,-0.4956633448600769,-0.2269748896360397,0.5635285377502441,-0.6279524564743042,-0.2837207913398742,-0.4961996078491211,-0.6732131838798523,-0.3125677108764648,0.11883594840765,0.0038185399025678,0.0098953125998377,-0.1189223825931549,-0.0041506369598209,-0.0086821671575307,0.2871470749378204,0.0136897219344973,-0.3520890772342682,-0.2861174643039703,-0.0396867170929908,-0.3686813712120056,0.1127925738692283,0.2743268013000488,-0.1367108523845672,-0.1495858281850814,0.2556509971618652,-0.1511734724044799,1
172,0.025518175214529,-0.5742279887199402,-0.3061350286006927,0.1710197776556015,-0.4644451439380646,-0.1158310249447822,0.3872891664505005,-0.5180935859680176,-0.1731257438659668,-0.1576281040906906,-0.4598537385463714,-0.152007058262825,-0.3798301517963409,-0.500479519367218,-0.2219205051660537,0.5640615224838257,-0.6373892426490784,-0.2578005194664001,-0.496099978685379,-0.6796497106552124,-0.2975288927555084,0.1188395768404007,0.0037864085752516,0.0096700163558125,-0.1189320459961891,-0.0041243019513785,-0.0084612099453806,0.2869581878185272,0.0140306912362575,-0.3509295880794525,-0.2861364781856537,-0.0375542864203453,-0.3663574755191803,0.1154245361685752,0.2733066976070404,-0.1243165731430053,-0.149305909872055,0.2550732493400574,-0.1396841555833816,1
173,0.0262150466442108,-0.5767917633056641,-0.3071237504482269,0.171047031879425,-0.4653843641281128,-0.116165243089199,0.3867303729057312,-0.5212907791137695,-0.1741007417440414,-0.1569634526968002,-0.459601879119873,-0.1532723754644394,-0.3797182440757751,-0.4993948340415954,-0.2160063236951828,0.5619358420372009,-0.6504011154174805,-0.2590521574020386,-0.4948925673961639,-0.6812000274658203,-0.2837008237838745,0.1188495457172393,0.0038047255948185,0.0094337286427617,-0.118942305445671,-0.0041497363708913,-0.0082089444622397,0.289431482553482,0.02101906016469,-0.3497046530246734,-0.287310242652893,-0.037413865327835,-0.3669241070747375,0.1151831895112991,0.2728183567523956,-0.1219234839081764,-0.1491169184446334,0.2543801367282867,-0.1402459144592285,1
174,0.0219521410763263,-0.5853688716888428,-0.2913534343242645,0.170555904507637,-0.4679500162601471,-0.1081598177552223,0.3839361071586609,-0.5231137275695801,-0.1767036616802215,-0.1570885330438614,-0.463652491569519,-0.140168085694313,-0.3787000775337219,-0.5112254619598389,-0.2034313976764679,0.5469396710395813,-0.6643021106719971,-0.2766939103603363,-0.494267076253891,-0.7007932662963867,-0.2739979922771454,0.1188688203692436,0.0040335096418857,0.0094076450914144,-0.1189582049846649,-0.0043985056690871,-0.0081812720745801,0.2909114360809326,0.0324869342148304,-0.3444418907165527,-0.2879208028316498,-0.0365093611180782,-0.365531325340271,0.1202333644032478,0.2757598757743835,-0.1222923547029495,-0.1476909071207046,0.2539154887199402,-0.1413361728191375,1
175,0.0209218338131904,-0.5937370657920837,-0.2716964483261108,0.1704762578010559,-0.4710003137588501,-0.0905566588044166,0.3764198720455169,-0.5260279774665833,-0.1745661050081253,-0.1568658947944641,-0.4675464034080505,-0.1206778958439827,-0.3779693245887756,-0.5254239439964294,-0.1904099732637405,0.5267339944839478,-0.6804060935974121,-0.2811900079250335,-0.4878385961055755,-0.7204528450965881,-0.2661003172397613,0.1188494339585304,0.0042333863675594,0.009446483105421,-0.118936076760292,-0.0046157240867614,-0.0082169724628329,0.2908357083797455,0.0318789631128311,-0.3358106613159179,-0.2878872156143188,-0.0373427160084247,-0.3621737658977508,0.1209005936980247,0.2757474482059479,-0.1211808621883392,-0.1476295888423919,0.2495495080947876,-0.1415038704872131,1
176,0.0188901163637638,-0.6061721444129944,-0.2633562386035919,0.1694861799478531,-0.4736866354942322,-0.0861120894551277,0.3757460117340088,-0.5367690920829773,-0.1604686081409454,-0.1583601385354995,-0.4681774079799652,-0.1138751432299614,-0.3832443952560425,-0.5284932255744934,-0.1897686719894409,0.5270305871963501,-0.7095316052436829,-0.2571225464344024,-0.48826864361763,-0.7273896932601929,-0.2702859342098236,0.1188778206706047,0.0042092590592801,0.0094327814877033,-0.1189566403627395,-0.0045953770168125,-0.0082016158849,0.2883052229881286,0.0313671380281448,-0.3345351219177246,-0.2922994196414947,-0.0353250205516815,-0.3580728471279144,0.1208192780613899,0.2751810252666473,-0.1178334131836891,-0.1496394723653793,0.2483318448066711,-0.1371218115091323,1
177,0.018882492557168,-0.6100515723228455,-0.2574701309204101,0.1691984832286834,-0.477332592010498,-0.0790154486894607,0.3756117820739746,-0.5415588617324829,-0.1472693830728531,-0.1587078273296356,-0.469609647989273,-0.1067414358258247,-0.3823367655277252,-0.5295934677124023,-0.1856362223625183,0.5284349322319031,-0.7060506939888,-0.2422813177108764,-0.4814153909683227,-0.7289031147956848,-0.272675484418869,0.1188756003975868,0.0040926458314061,0.009367236867547,-0.1189490035176277,-0.0044889501295983,-0.0081366654485464,0.2918110489845276,0.0290548261255025,-0.3331764638423919,-0.298317551612854,-0.0348738878965377,-0.3457182049751282,0.1223130449652671,0.2695294916629791,-0.1158240139484405,-0.1495489180088043,0.2477990984916687,-0.1262491941452026,1
178,0.018867153674364,-0.6111484169960022,-0.2595498263835907,0.1680053621530532,-0.4771898984909057,-0.0811755433678627,0.3707069754600525,-0.5405115485191345,-0.1454842984676361,-0.1592055559158325,-0.4696047008037567,-0.1096212044358253,-0.3821354806423187,-0.5325701236724854,-0.1787346303462982,0.5272087454795837,-0.7015630602836609,-0.2387106865644455,-0.4826478660106659,-0.7313261032104492,-0.2590731382369995,0.1188685223460197,0.0040869349613785,0.0091530811041593,-0.1189362630248069,-0.0044918935745954,-0.0078863110393285,0.2947160303592682,0.030598385259509,-0.3317400813102722,-0.3020794689655304,-0.0348697192966938,-0.3425298929214477,0.1222515925765037,0.2697130143642425,-0.1180630028247833,-0.1500057280063629,0.2495911717414856,-0.1275467425584793,1
179,0.0171524137258529,-0.6099832057952881,-0.2680127918720245,0.1654395461082458,-0.4770716726779938,-0.0861428827047348,0.3691316246986389,-0.5399666428565979,-0.1470589637756347,-0.1600906997919082,-0.4696883261203766,-0.1145986765623092,-0.3826380968093872,-0.5320408344268799,-0.1804886758327484,0.5225047469139099,-0.6984645128250122,-0.2405400723218917,-0.4828142523765564,-0.7293991446495056,-0.261531800031662,0.1188055202364921,0.004081389401108,0.0089733516797423,-0.1188718825578689,-0.0044943206012248,-0.007694068364799,0.295581966638565,0.0303720813244581,-0.3306587934494018,-0.3022987842559814,-0.0344200804829597,-0.3420455157756805,0.1218361109495163,0.2693243622779846,-0.1178461983799934,-0.148627758026123,0.2494786530733108,-0.1280255913734436,1
180,0.0104712899774312,-0.6129961013793945,-0.2512249648571014,0.162275418639183,-0.4792850613594055,-0.071836456656456,0.355614572763443,-0.5289798378944397,-0.1593149304389953,-0.1696515828371048,-0.4722743034362793,-0.0982613340020179,-0.3852191865444183,-0.5388360023498535,-0.1668320000171661,0.4944468736648559,-0.6852926015853882,-0.3032551109790802,-0.4830358028411865,-0.7341948747634888,-0.2510496973991394,0.1190018430352211,0.0033010786864906,0.0087136942893266,-0.1190586984157562,-0.003710935357958,-0.0074459915049374,0.2643874287605285,0.0304442755877971,-0.3424890041351318,-0.3018525540828705,-0.0096608959138393,-0.3358089327812195,0.1238473430275917,0.2850628495216369,-0.1179204061627388,-0.148509681224823,0.2653617560863495,-0.1115184053778648,1
181,0.0076535753905773,-0.6233675479888916,-0.2403687536716461,0.1590079665184021,-0.4805423319339752,-0.0628529861569404,0.3522499799728393,-0.5310530066490173,-0.1524938344955444,-0.170904740691185,-0.4728821218013763,-0.0867610052227974,-0.3862424492835998,-0.5536169409751892,-0.1523092836141586,0.4959414005279541,-0.6853401064872742,-0.3002663552761078,-0.4834771156311035,-0.7536769509315491,-0.2304640412330627,0.1190204247832298,0.0028517651371657,0.0086777601391077,-0.1190734431147575,-0.0032678255811333,-0.0074085812084376,0.2673157751560211,0.0315858982503414,-0.3460831344127655,-0.3017030358314514,-0.0065992940217256,-0.3365955352783203,0.1254297792911529,0.2846251428127289,-0.1179767325520515,-0.1476247608661651,0.2655216753482818,-0.1133629828691482,1
182,0.0068208803422749,-0.6300122737884521,-0.2456743568181991,0.1585909277200698,-0.4810665845870971,-0.0718395411968231,0.3529269695281982,-0.5326903462409973,-0.1557363420724868,-0.1735037267208099,-0.473942369222641,-0.0938411727547645,-0.3907321989536285,-0.552046537399292,-0.1550226509571075,0.498409628868103,-0.6906797289848328,-0.2913182973861694,-0.4889921844005584,-0.749954104423523,-0.2340976446866989,0.1191846281290054,0.0025677154771983,0.0081362016499042,-0.1192362830042839,-0.0029907959979027,-0.0068467906676232,0.2692437469959259,0.033866636455059,-0.3489157855510711,-0.3030517101287842,-0.0004238869587425,-0.336161732673645,0.1293423175811767,0.288139283657074,-0.1117520555853843,-0.148787260055542,0.2684837579727173,-0.1035934314131736,1
183,0.0030871459748595,-0.6327465772628784,-0.2289967536926269,0.1573219746351242,-0.4836134612560272,-0.0534405820071697,0.3431227505207062,-0.525044322013855,-0.1494595259428024,-0.1757622808218002,-0.4761103093624115,-0.072553664445877,-0.3950633108615875,-0.5564427375793457,-0.1402478516101837,0.4849635064601898,-0.6742473840713501,-0.2861850261688232,-0.4896755218505859,-0.7544625401496887,-0.221420481801033,0.1193311884999275,0.0021683443337678,0.0079507585614919,-0.1193742379546165,-0.0025998088531196,-0.0066894781775772,0.2699860334396362,0.0366316102445125,-0.348585307598114,-0.3047855794429779,0.0037207920104265,-0.3301500380039215,0.1303989589214325,0.2911088168621063,-0.1112914904952049,-0.1479875445365905,0.2746810615062713,-0.1032815426588058,1
184,-0.0010452042333781,-0.6383817791938782,-0.2255993485450744,0.1544596850872039,-0.4847968816757202,-0.0511587709188461,0.341291069984436,-0.5250340104103088,-0.1490393877029419,-0.1813246011734008,-0.4766286313533783,-0.0709337890148162,-0.400368183851242,-0.5571988224983215,-0.1359190940856933,0.4826114177703857,-0.6717693209648132,-0.2850129306316376,-0.4956522285938263,-0.7547206282615662,-0.2131339460611343,0.1195678189396858,0.0019443387864157,0.0076427459716796,-0.1196053624153137,-0.002377807861194,-0.0064003905281424,0.2807085514068603,0.0444713979959487,-0.3429508209228515,-0.3178824484348297,0.0088410656899213,-0.3151865005493164,0.135075956583023,0.2966788411140442,-0.1077699661254882,-0.1514703631401062,0.2803825139999389,-0.0989858210086822,1
185,-0.0026344598736613,-0.6412712335586548,-0.2280466556549072,0.1544511318206787,-0.4852317869663238,-0.0520916767418384,0.3384220004081726,-0.5232605934143066,-0.1744908392429351,-0.1830477565526962,-0.4786078035831451,-0.0732210353016853,-0.3999356031417846,-0.5577021837234497,-0.137059211730957,0.4794942140579223,-0.6633137464523315,-0.329434186220169,-0.4955612123012543,-0.7542355060577393,-0.2266633510589599,0.1198970302939415,0.0017331123817712,0.0063330866396427,-0.1199229434132576,-0.0021670984569936,-0.0051197204738855,0.2824667990207672,0.0488191097974777,-0.3420060575008392,-0.3240534365177154,0.0184366386383771,-0.3004735708236694,0.1402898728847503,0.3037309348583221,-0.1050623878836631,-0.1536769121885299,0.2935997247695923,-0.0895552486181259,1
186,-0.0024561500176787,-0.6422820091247559,-0.2286126464605331,0.1547779887914657,-0.484620451927185,-0.0533556714653968,0.3399072289466858,-0.5225812792778015,-0.1688349992036819,-0.1828080713748932,-0.4787744879722595,-0.07460767775774,-0.4009255766868591,-0.5574264526367188,-0.1361907869577407,0.4808474481105804,-0.6675812005996704,-0.3106415271759033,-0.4964804649353027,-0.7543707489967346,-0.2172098755836486,0.1202145889401435,0.0016338722780346,0.005767656955868,-0.120236687362194,-0.0020717638544738,-0.0045373258180916,0.2859575748443603,0.0576565340161323,-0.3420393764972687,-0.3337834179401397,0.0379492118954658,-0.2897979915142059,0.1438834518194198,0.3133372664451599,-0.1061339974403381,-0.1544959396123886,0.297720730304718,-0.0704693868756294,1
187,-0.0014114446239545,-0.642971932888031,-0.229887306690216,0.1547979861497879,-0.4846219420433044,-0.0541921183466911,0.339962899684906,-0.5222058892250061,-0.170605331659317,-0.183230385184288,-0.4794748723506927,-0.0757262408733367,-0.4002549052238464,-0.5572288632392883,-0.1441582441329956,0.4802700579166412,-0.667206883430481,-0.3124389350414276,-0.4968282878398895,-0.7538970112800598,-0.2325769513845443,0.1208468303084373,0.0011786718387156,0.005855749361217,-0.1208550184965133,-0.0016119993524625,-0.0046030017547309,0.2889918982982635,0.0659824907779693,-0.3414935171604156,-0.33309206366539,0.0507440492510795,-0.294880598783493,0.1501886695623397,0.3221426010131836,-0.1045689955353736,-0.1535657197237014,0.3075554668903351,-0.074669599533081,1
188,0.0054711946286261,-0.6301167607307434,-0.2256601601839065,0.1592649817466735,-0.4860216975212097,-0.0458112843334674,0.3423714935779571,-0.5206936597824097,-0.15485480427742,-0.1770919859409332,-0.4797377586364746,-0.0694216191768646,-0.3962995111942291,-0.5454446077346802,-0.14096499979496,0.480685144662857,-0.6672526597976685,-0.3038925528526306,-0.4915659427642822,-0.7433803081512451,-0.2325491309165954,0.1212185025215148,0.0008637196151539,0.0062522632069885,-0.1212238371372222,-0.0012824891600757,-0.0049988366663455,0.2917726933956146,0.0719868317246437,-0.3405704796314239,-0.3241095244884491,0.0635207593441009,-0.3039243221282959,0.1567993015050888,0.3333966732025146,-0.1072655767202377,-0.1401869505643844,0.316709041595459,-0.0768323615193367,1
189,0.0054699522443115,-0.6190536618232727,-0.2626287639141083,0.1617221087217331,-0.4832514524459839,-0.0773629173636436,0.3542168140411377,-0.52126544713974,-0.1770077049732208,-0.1699771881103515,-0.479040116071701,-0.0971856117248535,-0.3858180344104767,-0.5434055924415588,-0.1646109074354171,0.4895791411399841,-0.6683962941169739,-0.3098210990428924,-0.4883557558059692,-0.7371453046798706,-0.2561950981616974,0.1212704852223396,0.0008374050958082,0.0062862141057848,-0.121275745332241,-0.001255324226804,-0.0050317454151809,0.2897860109806061,0.0849341228604316,-0.3422152996063232,-0.2996328175067901,0.0721214860677719,-0.3174355030059814,0.1478545814752578,0.3479467034339905,-0.1102799251675605,-0.1266480535268783,0.3295363485813141,-0.0774823650717735,1
190,0.0111479787155985,-0.6198989748954773,-0.259005457162857,0.1638891696929931,-0.4834971725940704,-0.0765312612056732,0.3653132319450378,-0.5323403477668762,-0.1465430259704589,-0.1688242703676223,-0.4786104559898376,-0.0955239161849021,-0.3850944638252258,-0.5426307916641235,-0.1632334738969802,0.5060248374938965,-0.6761041283607483,-0.2557307183742523,-0.4877445101737976,-0.7365814447402954,-0.2542060613632202,0.1214295923709869,0.0008006385178305,0.0064271339215338,-0.1214351505041122,-0.001213448238559,-0.0051621408201754,0.2902670204639435,0.1009867787361145,-0.3430266678333282,-0.3009858727455139,0.0812995582818985,-0.3167860209941864,0.1478136777877807,0.361720860004425,-0.110479936003685,-0.1260959655046463,0.3496676683425903,-0.0779148861765861,1
191,0.014237031340599,-0.614429771900177,-0.2584147453308105,0.1643514633178711,-0.483510285615921,-0.0685260891914367,0.3642579913139343,-0.5275047421455383,-0.1648447960615158,-0.1681681722402572,-0.477881908416748,-0.0951376855373382,-0.3793615400791168,-0.5413709878921509,-0.1723817586898803,0.4969206750392914,-0.6682020425796509,-0.3158811926841736,-0.4797136783599853,-0.7347297072410583,-0.2740094363689422,0.1214766353368759,0.0005154712707735,0.0075519490055739,-0.121481217443943,-0.0009119246387854,-0.0063158967532217,0.2888897657394409,0.1035449206829071,-0.3464734852313995,-0.2945607006549835,0.083511471748352,-0.3353488147258758,0.1454914659261703,0.3680544793605804,-0.111228622496128,-0.1151525601744651,0.3548629581928253,-0.0926233306527137,1
192,0.0103981727734208,-0.6108995079994202,-0.272759735584259,0.1604485958814621,-0.4834941625595093,-0.0766594782471656,0.3637048304080963,-0.5299180150032043,-0.1663656234741211,-0.1682895720005035,-0.4778763651847839,-0.1153129190206527,-0.3797151744365692,-0.5370551347732544,-0.2037967145442962,0.4939332008361816,-0.6808906197547913,-0.3125108778476715,-0.4827271103858948,-0.7138630747795105,-0.320522665977478,0.1214305236935615,1.510060883447295e-05,0.0084900129586458,-0.1214378774166107,-0.0003692628524731,-0.0072151618078351,0.2785866260528564,0.1578541249036789,-0.3408564031124115,-0.2927488684654236,0.1656287163496017,-0.309276282787323,0.1490240395069122,0.433473527431488,-0.0988379418849945,-0.1156427189707756,0.4264296293258667,-0.0484116077423095,1
193,0.0097296619787812,-0.6256852149963379,-0.2691601514816284,0.1625134199857711,-0.4848963022232055,-0.0733575001358985,0.3668756186962127,-0.5373952984809875,-0.1660189777612686,-0.166742205619812,-0.477996826171875,-0.1119007691740989,-0.3793768882751465,-0.5392463803291321,-0.2005713433027267,0.4978320002555847,-0.6932311058044434,-0.3107968270778656,-0.4843938946723938,-0.7152456641197205,-0.3112294375896454,0.1218385994434356,-0.000171106934431,0.0102991741150617,-0.1218442618846893,-0.0001640760456211,-0.0090101547539234,0.2789622843265533,0.1837964504957199,-0.3357583284378052,-0.2837603092193603,0.1819888651371002,-0.3174095749855041,0.1524813175201416,0.4442831873893738,-0.0741334557533264,-0.1159309819340705,0.4368956089019775,-0.0557756312191486,1
194,0.0097205843776464,-0.6388998627662659,-0.2215413153171539,0.1625694632530212,-0.4922404885292053,-0.0303608402609825,0.3702282011508941,-0.5553817749023438,-0.1007129400968551,-0.1684996485710144,-0.4799718260765075,-0.079479843378067,-0.3816381990909576,-0.5474214553833008,-0.1871296167373657,0.4982383549213409,-0.7110704779624939,-0.213019385933876,-0.4837808012962341,-0.725792646408081,-0.308007538318634,0.1221378669142723,-0.0002605413319543,0.0129377534613013,-0.1221206411719322,-5.744475129176863e-05,-0.0116816526278853,0.2797288596630096,0.1869070082902908,-0.3296625018119812,-0.2837632894515991,0.1794058233499527,-0.3293793499469757,0.1539123505353927,0.4516244232654571,-0.0787407234311103,-0.1154294162988662,0.4400277435779571,-0.0807293802499771,1
195,0.0089940587058663,-0.6443769335746765,-0.2105002552270889,0.1630953103303909,-0.4946616888046264,-0.0184008684009313,0.3699178993701935,-0.557486355304718,-0.1075159311294555,-0.1685492843389511,-0.4868257045745849,-0.0721473768353462,-0.3764294683933258,-0.5630267262458801,-0.1840219348669052,0.4928750395774841,-0.7214018106460571,-0.2351530790328979,-0.4816609621047973,-0.7375056147575378,-0.3043706119060516,0.1225163042545318,-0.000313704367727,0.0140002174302935,-0.1224955916404724,-4.493091637414182e-06,-0.0127757722511887,0.2789561450481415,0.2099001556634903,-0.3213528096675873,-0.2784690856933594,0.2029902637004852,-0.3286782801151275,0.1574088484048843,0.4722860157489776,-0.0637303590774536,-0.1155736818909645,0.4616020619869232,-0.0698517635464668,1
196,0.0087543511763215,-0.6452215313911438,-0.2113625705242157,0.1634953916072845,-0.4969468116760254,-0.0176483746618032,0.3690355122089386,-0.564220666885376,-0.1022398397326469,-0.1676764339208603,-0.4903694689273834,-0.0702446922659874,-0.3740380704402923,-0.5689037442207336,-0.1837750077247619,0.4899614453315735,-0.7409471869468689,-0.231045976281166,-0.4703183472156524,-0.7448732852935791,-0.3014153838157654,0.1225582882761955,-0.0003583180077839,0.0145294489338994,-0.1225383654236793,4.1356801375513896e-05,-0.0133469020947813,0.2764641046524048,0.2221725583076477,-0.3057883977890014,-0.2690785527229309,0.2161102145910263,-0.3198284208774566,0.1572914272546768,0.485361248254776,-0.0473871901631355,-0.1158454641699791,0.4735415875911712,-0.0496996045112609,1
197,0.0087562566623091,-0.6446455121040344,-0.2091986984014511,0.1633184403181076,-0.4973257780075073,-0.0186924710869789,0.3551878631114959,-0.5645454525947571,-0.1256853491067886,-0.1685362160205841,-0.4903425574302673,-0.071448378264904,-0.3689964413642883,-0.5673531293869019,-0.2056943625211715,0.4722410440444946,-0.734268844127655,-0.2872094511985779,-0.4559919238090515,-0.7445909380912781,-0.3365876078605652,0.1227112263441085,-0.0005353970336727,0.0151093592867255,-0.1226897463202476,0.0002535328676458,-0.0139583554118871,0.2705635726451874,0.2326765805482864,-0.3063447177410126,-0.2635087966918945,0.233162373304367,-0.3163463771343231,0.1574125438928604,0.4997411072254181,-0.0452846027910709,-0.1122234538197517,0.4891719222068786,-0.0466632321476936,1
198,0.011488439515233,-0.6443237662315369,-0.2101461440324783,0.1664904654026031,-0.4979062378406524,-0.0192318093031644,0.3514032065868377,-0.5635814666748047,-0.1384904384613037,-0.1671284437179565,-0.4932828545570373,-0.0728135257959365,-0.3641597926616668,-0.5774452686309814,-0.2079236507415771,0.4613396227359772,-0.7310706377029419,-0.3108504116535187,-0.4509747624397278,-0.7514804005622864,-0.329524427652359,0.1227521523833274,-0.0008580130524933,0.0157851967960596,-0.122730553150177,0.0006013084785081,-0.0146865984424948,0.2665283977985382,0.2515260875225067,-0.2951968610286712,-0.2562333047389984,0.2694953083992004,-0.3009300827980041,0.1576707661151886,0.525836169719696,-0.0323930270969867,-0.1113070696592331,0.5195618867874146,-0.0292274355888366,1
199,0.0114353839308023,-0.6495658159255981,-0.2043569535017013,0.1665624678134918,-0.500347912311554,-0.0140334796160459,0.3502893447875976,-0.5807365775108337,-0.1240448653697967,-0.1674759835004806,-0.4937027394771576,-0.0702874809503555,-0.3625868856906891,-0.5807383060455322,-0.2058274000883102,0.4631323516368866,-0.748420000076294,-0.2867052853107452,-0.4470541477203369,-0.7576783895492554,-0.3258631229400635,0.122738629579544,-0.0011756545864045,0.0158941857516765,-0.1227244287729263,0.0009380718693137,-0.0148158958181738,0.2536564171314239,0.2591686844825744,-0.2909258604049682,-0.2578056156635284,0.2804995775222778,-0.287231832742691,0.1557733118534088,0.5443209409713745,-0.0370742194354534,-0.1113440245389938,0.5355775356292725,-0.0307354032993316,1
200,0.0137066207826137,-0.6484751105308533,-0.2051089704036712,0.1665675491094589,-0.5014987587928772,-0.0087445843964815,0.3451205790042877,-0.5820171236991882,-0.1083725616335868,-0.1667506247758865,-0.4939124286174774,-0.0705278143286705,-0.359619677066803,-0.5799831748008728,-0.205652579665184,0.4550826549530029,-0.7508812546730042,-0.2673234939575195,-0.438918262720108,-0.7578331828117371,-0.3292484283447265,0.1225283294916153,-0.0014263482298702,0.0165969803929328,-0.1225304454565048,0.0011961197014898,-0.0155373299494385,0.2478862255811691,0.269093245267868,-0.2773161828517914,-0.251745730638504,0.2964557111263275,-0.2763921320438385,0.1551022082567215,0.5587863326072693,-0.0402910932898521,-0.109634168446064,0.5509231090545654,-0.0255650281906127,1
201,0.0114027513191103,-0.6494755148887634,-0.2054557502269745,0.1667012125253677,-0.5017474293708801,-0.0109599791467189,0.3431751132011413,-0.5811071991920471,-0.1370949298143386,-0.166892871260643,-0.4950273036956787,-0.070985272526741,-0.3594119250774383,-0.588573694229126,-0.2052055895328521,0.4399910271167755,-0.7509493827819824,-0.312033474445343,-0.4364119470119476,-0.7672992944717407,-0.3283514976501465,0.1222810670733451,-0.0015922571765258,0.0166137665510177,-0.1223050579428672,0.0013630795292556,-0.0155608812347054,0.2472133487462997,0.2825291454792022,-0.2537279427051544,-0.2424611300230026,0.3005126416683197,-0.2715689837932586,0.1538538932800293,0.5729376673698425,-0.018574483692646,-0.1069110631942749,0.5675685405731201,-0.0259892996400594,1
202,0.0106950793415308,-0.6491806507110596,-0.205666571855545,0.1662526875734329,-0.5026291012763977,-0.0136155132204294,0.3323172926902771,-0.5812447667121887,-0.1561325192451477,-0.1697516292333603,-0.4953915476799011,-0.0718954280018806,-0.3579938113689422,-0.5875182151794434,-0.2068786025047302,0.4224145114421844,-0.7495562434196472,-0.3451910614967346,-0.4354523718357086,-0.7661469578742981,-0.3361060321331024,0.1221571192145347,-0.0018819947727024,0.0166423190385103,-0.1221677139401435,0.001655449043028,-0.0155946258455514,0.2409534156322479,0.297918826341629,-0.2351556718349456,-0.2343913614749908,0.3211958408355713,-0.2517131865024566,0.1492101997137069,0.5960062146186829,-0.0072237574495375,-0.1085581108927726,0.5959224700927734,-0.018771469593048,1
203,0.0079557104036211,-0.6517696380615234,-0.2030809968709945,0.1660414934158325,-0.5070547461509705,-0.0137770231813192,0.3319909870624542,-0.5960920453071594,-0.1492794305086136,-0.1707475632429123,-0.4989425539970398,-0.06503177434206,-0.3579327464103699,-0.5958898663520813,-0.1837317943572998,0.4236967861652374,-0.7689039707183838,-0.3435913026332855,-0.435089111328125,-0.7812072038650513,-0.3118437230587005,0.1218019276857376,-0.0021395911462605,0.0160123407840728,-0.1218183934688568,0.0019177765352651,-0.0150070525705814,0.2399756014347076,0.3083535432815552,-0.2123917937278747,-0.2301386147737503,0.3289740979671478,-0.2264220416545868,0.149804949760437,0.6093716621398926,-0.0001038823611452,-0.1085854098200798,0.6074119210243225,-0.0022554777096956,1
204,0.0027763175312429,-0.6545963883399963,-0.1995855122804641,0.1650113016366958,-0.5147403478622437,-0.0091991256922483,0.3276650905609131,-0.6113884449005127,-0.0670518577098846,-0.1693088114261627,-0.5012989044189453,-0.0526144355535507,-0.3577194809913635,-0.5993171334266663,-0.1337747126817703,0.4253177940845489,-0.7860162854194641,-0.1958026438951492,-0.4260255694389343,-0.7943405508995056,-0.252064436674118,0.1207512989640235,-0.0021962309256196,0.0150807127356529,-0.1208200380206108,0.0019679660908877,-0.0140452338382601,0.2269026786088943,0.326774537563324,-0.1649748384952545,-0.2172407507896423,0.3390634655952453,-0.1656760275363922,0.1450138539075851,0.6355829238891602,0.0062102377414703,-0.1066896542906761,0.6404186487197876,0.0274670906364917,1
205,0.001751136034727,-0.6594580411911011,-0.1997979581356048,0.1648776084184646,-0.5153308510780334,-0.0095471106469631,0.3269582092761993,-0.6252171397209167,-0.0445729494094848,-0.1681862473487854,-0.505950391292572,-0.052316877990961,-0.3575267791748047,-0.6192928552627563,-0.1243343129754066,0.4265850186347961,-0.797286331653595,-0.1468559801578521,-0.4253429472446441,-0.8144518733024597,-0.2401619404554367,0.1198774725198745,-0.0021570324897766,0.0143022080883383,-0.1199790090322494,0.0019008890958502,-0.0132173933088779,0.2153494358062744,0.3415844142436981,-0.1355792135000229,-0.2078575640916824,0.3404213190078735,-0.1550437062978744,0.14478200674057,0.6514400839805603,0.028316244482994,-0.1031892225146293,0.6477454304695129,0.0371316783130168,1
206,0.0021713096648454,-0.6632730960845947,-0.2107971757650375,0.1652496457099914,-0.5165644884109497,-0.0168340466916561,0.3248311877250671,-0.6509865522384644,-0.0375411361455917,-0.1649434715509414,-0.5079675316810608,-0.062654472887516,-0.3458959758281708,-0.6473720669746399,-0.1317170411348343,0.4271804988384247,-0.8266068696975708,-0.1193388924002647,-0.4150341749191284,-0.8570249080657959,-0.2328912913799286,0.1194590479135513,-0.0020490114111453,0.0142884869128465,-0.1195859089493751,0.0017603811575099,-0.0132028581574559,0.2093048989772796,0.3538137674331665,-0.1085415035486221,-0.1945599764585495,0.3479705452919006,-0.1300423741340637,0.1443702578544616,0.6628718972206116,0.0651546046137809,-0.0975619256496429,0.6600501537322998,0.0617762319743633,1
207,-0.0026538043748587,-0.662937343120575,-0.2138208448886871,0.1636146157979965,-0.5200033187866211,-0.022797156125307,0.3157121837139129,-0.6636340618133545,-0.0436030179262161,-0.164409652352333,-0.5122537016868591,-0.0629322454333305,-0.3371217250823974,-0.6602281332015991,-0.1206835284829139,0.4052193164825439,-0.849163293838501,-0.1251342892646789,-0.3989158570766449,-0.8798285126686096,-0.2124195694923401,0.1187379881739616,-0.0018434214871376,0.0136233614757657,-0.118894949555397,0.001508796820417,-0.0125431409105658,0.1889252662658691,0.3658070564270019,-0.0766654163599014,-0.1796796172857284,0.3518836796283722,-0.0927553996443748,0.1449374109506607,0.6775761842727661,0.1015816554427146,-0.0954788252711296,0.6771761178970337,0.0808061733841896,1
208,-0.0058122314512729,-0.6591281890869141,-0.2210808247327804,0.1563654839992523,-0.5201388001441956,-0.0294572375714778,0.2974618077278137,-0.6665882468223572,-0.0493701361119747,-0.1657305061817169,-0.5120686292648315,-0.0729359462857246,-0.3361474871635437,-0.6534271836280823,-0.1509207338094711,0.385518878698349,-0.8508245944976807,-0.1411479860544204,-0.3918014168739319,-0.8672030568122864,-0.266519695520401,0.1178400292992591,-0.0018930983496829,0.0137819927185773,-0.1180125772953033,0.0015456716064363,-0.0127036571502685,0.1756203770637512,0.3670143485069275,-0.0829666778445243,-0.1727899014949798,0.3595157861709595,-0.0930039808154106,0.1399976760149002,0.6859695315361023,0.0855793580412864,-0.0954043492674827,0.6935095191001892,0.0702725946903228,1
209,-0.0075214356184005,-0.6587952375411987,-0.2210244685411453,0.1545557081699371,-0.5241110324859619,-0.0291338711977005,0.2883129715919494,-0.6723565459251404,-0.0491843186318874,-0.1657708287239074,-0.515427827835083,-0.073129616677761,-0.3352177143096924,-0.6558199524879456,-0.1452958583831787,0.3733789026737213,-0.8571825623512268,-0.13925701379776,-0.387714684009552,-0.867196261882782,-0.2466925978660583,0.1171588003635406,-0.0017333095893263,0.0138483457267284,-0.1173551455140113,0.0013535355683416,-0.0127731747925281,0.1659077852964401,0.3792479932308197,-0.0267204102128744,-0.1627389639616012,0.3640088737010956,-0.0581852346658706,0.1390847563743591,0.7051393985748291,0.1220011934638023,-0.097013808786869,0.6989762783050537,0.0912674665451049,1
210,-0.0104069104418158,-0.6531884074211121,-0.2265971302986145,0.1520375162363052,-0.5239599943161011,-0.0329172164201736,0.2859530746936798,-0.669771134853363,-0.0502570644021034,-0.1658408939838409,-0.5159098505973816,-0.0767911523580551,-0.3316838145256042,-0.6538788080215454,-0.1444410234689712,0.3675688803195953,-0.860248327255249,-0.1434050053358078,-0.3803904950618744,-0.8661754727363586,-0.2437536418437957,0.1166642531752586,-0.0016302171861752,0.0138338692486286,-0.116879217326641,0.0012201411882415,-0.0127595933154225,0.1490842401981353,0.3853161931037903,-0.0096564926207065,-0.1499311327934265,0.3714057207107544,-0.0354859121143817,0.1357636451721191,0.7150819897651672,0.1411056518554687,-0.096852883696556,0.7074118852615356,0.1118201315402984,1
211,-0.0103043979033827,-0.6526721119880676,-0.2342051565647125,0.1498995870351791,-0.5238587856292725,-0.0378648303449153,0.2850029766559601,-0.6685633659362793,-0.0584611371159553,-0.1658093780279159,-0.5158087015151978,-0.0881298035383224,-0.3230744898319244,-0.6529862284660339,-0.1623331010341644,0.3626227080821991,-0.8576571345329285,-0.1480640321969986,-0.3668804764747619,-0.8640878796577454,-0.266076385974884,0.1161592081189155,-0.0016536867478862,0.0143338721245527,-0.1163853257894516,0.0012299180962145,-0.0132576413452625,0.1454775631427765,0.386307954788208,-0.0001477463665651,-0.1377282887697219,0.3761331140995025,-0.0326039493083953,0.1358007341623306,0.7180055975914001,0.1495597064495086,-0.0945388004183769,0.7125180959701538,0.1124074012041091,1
212,-0.0101996371522545,-0.6525405645370483,-0.2356472909450531,0.1495749205350875,-0.5242384672164917,-0.0408459901809692,0.2850778698921203,-0.6740326285362244,-0.063585489988327,-0.1657249182462692,-0.516864538192749,-0.0891150757670402,-0.320182055234909,-0.6547915935516357,-0.1659467220306396,0.3581846356391907,-0.8668482303619385,-0.149674966931343,-0.3574157953262329,-0.8661993741989136,-0.2744849026203155,0.1158147156238555,-0.0016856561414897,0.0143330646678805,-0.1160439178347587,0.0012478202115744,-0.0132565954700112,0.1332885175943374,0.3901687562465668,0.0098388502374291,-0.1265108734369278,0.3792756497859955,-0.0149212647229433,0.1347693055868148,0.725037157535553,0.1507969498634338,-0.0856239423155784,0.7156537771224976,0.1268879920244217,1
213,-0.0102569479495286,-0.6522127389907837,-0.2312353104352951,0.1486662626266479,-0.5251903533935547,-0.0404882282018661,0.2827657461166382,-0.6786942481994629,-0.0698026865720748,-0.1657329648733139,-0.517986536026001,-0.0858038887381553,-0.3180851936340332,-0.6557365655899048,-0.1653074473142624,0.3485795855522156,-0.8739246726036072,-0.1574793756008148,-0.3507077097892761,-0.8691253662109375,-0.2727658152580261,0.1154810711741447,-0.0017036917852237,0.0141989849507808,-0.115707628428936,0.0012562797637656,-0.0131181925535202,0.1263796389102935,0.397618293762207,0.0155727416276931,-0.1216754168272018,0.3819775581359863,-0.008889659307897,0.1343555450439453,0.728274405002594,0.165211796760559,-0.0766303762793541,0.7173221707344055,0.1342091262340545,1
214,-0.0102615915238857,-0.6492506861686707,-0.2250903993844986,0.1487019956111908,-0.5262088179588318,-0.0399934612214565,0.2785222828388214,-0.6808250546455383,-0.0736559703946113,-0.1653225868940353,-0.5188153386116028,-0.0768904909491539,-0.3109520077705383,-0.655467689037323,-0.1609682291746139,0.3389455080032348,-0.8798151612281799,-0.1636501401662826,-0.339430034160614,-0.8717634677886963,-0.2718684077262878,0.1152078062295913,-0.0017304059583693,0.0138449007645249,-0.1154232323169708,0.001272544148378,-0.0127498973160982,0.121215634047985,0.3988372385501861,0.0198370181024074,-0.1135512739419937,0.3825868368148803,-0.0028358900453895,0.1343255788087844,0.73060142993927,0.1655293703079223,-0.0734110176563263,0.7175342440605164,0.1371103227138519,1
215,-0.0087166959419846,-0.6488244533538818,-0.2187773734331131,0.1486836224794387,-0.5268429517745972,-0.0364502556622028,0.2698783874511719,-0.6846773028373718,-0.072988785803318,-0.1642820388078689,-0.5187610983848572,-0.0695629119873046,-0.3027361333370209,-0.6587925553321838,-0.1485718637704849,0.3287261128425598,-0.8820236325263977,-0.1608574986457824,-0.3304499685764313,-0.8856785297393799,-0.2518911063671112,0.1150374785065651,-0.0018493031384423,0.0138271190226078,-0.1152438893914222,0.0013689926126971,-0.0127240531146526,0.1159700006246566,0.4024537205696106,0.0291591919958591,-0.1077132225036621,0.385260671377182,0.0037852255627512,0.1345383673906326,0.7327410578727722,0.1762176156044006,-0.0713934749364852,0.7201160788536072,0.1416140496730804,1
216,-0.0077901100739836,-0.6470791697502136,-0.2254337072372436,0.1493169367313385,-0.5263682007789612,-0.0508410669863224,0.2670111358165741,-0.6873770952224731,-0.1001226752996444,-0.1607246547937393,-0.518355667591095,-0.0716934949159622,-0.2993380725383758,-0.6590182185173035,-0.1492193937301635,0.3198629915714264,-0.8879355788230896,-0.1903634816408157,-0.3198469579219818,-0.8862423896789551,-0.2537684440612793,0.1145875304937362,-0.0016064851079136,0.0115377558395266,-0.1147809773683548,0.0011033451883122,-0.0104017946869134,0.1017461568117141,0.4074081778526306,0.0283371992409229,-0.1027336865663528,0.3850139379501343,0.0028174745384603,0.1256472915410995,0.7437769770622253,0.1710523962974548,-0.0699590593576431,0.7242302894592285,0.1389005482196808,1
217,-0.004689541645348,-0.6427997946739197,-0.251518189907074,0.1493293792009353,-0.5234378576278687,-0.0745854377746582,0.2600389420986175,-0.6901161074638367,-0.1240497455000877,-0.1590053588151931,-0.5141886472702026,-0.1037118211388588,-0.2931742370128631,-0.6571522951126099,-0.1962063759565353,0.3184502720832824,-0.8957012295722961,-0.2120563834905624,-0.3059662580490112,-0.8851730227470398,-0.3080771863460541,0.1143841221928596,-0.0015672099543735,0.0115313306450843,-0.114586517214775,0.0010559851070865,-0.0103972470387816,0.0980963930487632,0.4096454083919525,0.03027587197721,-0.1011300086975097,0.385045975446701,0.0018619508482515,0.1237496063113212,0.7472566962242126,0.1696027666330337,-0.0702394694089889,0.7255880236625671,0.1372535079717636,1
218,0.0002225139760412,-0.6437945365905762,-0.248593121767044,0.1494098156690597,-0.5233279466629028,-0.0696989819407463,0.2594157457351684,-0.6916070580482483,-0.118386723101139,-0.1547615975141525,-0.51458740234375,-0.1018798574805259,-0.2861807346343994,-0.6602986454963684,-0.1881413012742996,0.316155731678009,-0.898056149482727,-0.1991633176803589,-0.2937785685062408,-0.8865379095077515,-0.3018870055675506,0.1133984327316284,-0.0014674628619104,0.0114613370969891,-0.1136069819331169,0.0009458438144065,-0.0103258732706308,0.0997843816876411,0.4095343351364136,0.0363759770989418,-0.0964237004518508,0.3858140110969543,0.0071097272448241,0.1243222877383232,0.7496029734611511,0.1677314043045044,-0.0693092197179794,0.7283856868743896,0.137165755033493,1
219,0.0014796231407672,-0.6401567459106445,-0.2689969837665558,0.1501581370830536,-0.5220209956169128,-0.0912228673696518,0.2579571008682251,-0.7008138298988342,-0.1345033198595047,-0.150052011013031,-0.5142294764518738,-0.116871453821659,-0.2839004695415497,-0.6634987592697144,-0.199620246887207,0.3160991072654724,-0.9147077798843384,-0.2104923576116562,-0.2893394529819488,-0.8911532759666443,-0.3045307397842407,0.112893559038639,-0.0011107285972684,0.0106125064194202,-0.1131061464548111,0.000574323174078,-0.0094859898090362,0.0981688797473907,0.4103400707244873,0.0349298901855945,-0.0934911295771598,0.3869337737560272,0.0079759946092963,0.1245369836688041,0.7531290054321289,0.1568180918693542,-0.0682678520679473,0.7341321110725403,0.1365909278392791,1
220,0.0071478611789643,-0.6411113739013672,-0.2600119113922119,0.1533554494380951,-0.522603452205658,-0.089808665215969,0.2560881972312927,-0.7096555829048157,-0.1237859204411506,-0.1451369374990463,-0.5149889588356018,-0.1068757772445678,-0.2781155705451965,-0.6703730225563049,-0.1743145287036895,0.3114068806171417,-0.926352560520172,-0.1822161972522735,-0.2720321714878082,-0.9014451503753662,-0.256488561630249,0.1125389784574508,-0.0007907984545454,0.0097735291346907,-0.1127505302429199,0.0002353802701691,-0.0086451210081577,0.0981916859745979,0.4104796648025512,0.0365921668708324,-0.0914171859622001,0.3875114917755127,0.0132962493225932,0.1269541084766388,0.7539775967597961,0.1571533530950546,-0.0659257397055625,0.7345235347747803,0.139396920800209,1
221,0.0082500670105218,-0.6393952965736389,-0.2736214101314544,0.1536152362823486,-0.5174444317817688,-0.1032857298851013,0.2548507153987884,-0.70862877368927,-0.155299499630928,-0.1439824849367141,-0.5107621550559998,-0.120863139629364,-0.2691814005374908,-0.6629252433776855,-0.2132260054349899,0.3085977137088775,-0.9230872988700868,-0.2271644473075866,-0.2662863433361053,-0.9010202884674072,-0.3214756846427917,0.1123357266187667,-0.0007630175678059,0.009036567993462,-0.112550251185894,0.0002050102193607,-0.0079288957640528,0.0977904796600341,0.4122187793254852,0.0325869172811508,-0.091959610581398,0.3876890838146209,0.0106844427064061,0.1330334246158599,0.7544574737548828,0.1518759131431579,-0.0638726204633712,0.7349771857261658,0.1368380635976791,1
222,0.0151489190757274,-0.6373756527900696,-0.2922443151473999,0.1560727059841156,-0.513409435749054,-0.1184219643473625,0.2543574273586273,-0.7077060341835022,-0.1729590892791748,-0.139545664191246,-0.5101394057273865,-0.1408648490905761,-0.2618330121040344,-0.6654889583587646,-0.2378666698932647,0.3046558797359466,-0.9219779372215272,-0.2469943016767501,-0.2495193630456924,-0.9031828045845032,-0.3430342078208923,0.1122222691774368,-0.0006854106322862,0.0080874012783169,-0.1124445274472236,0.0001240228593815,-0.0070088827051222,0.0975962728261947,0.4129489362239837,0.0310026481747627,-0.0916881710290908,0.3885117471218109,0.0124071827158331,0.1338581144809723,0.7563780546188354,0.1506175845861435,-0.0629396885633468,0.7347623109817505,0.1402982473373413,1
223,0.0148246884346008,-0.6365303993225098,-0.3045375049114227,0.1556107699871063,-0.507193922996521,-0.1428395807743072,0.2466750741004943,-0.7070241570472717,-0.2187729477882385,-0.1388812959194183,-0.5062152743339539,-0.1493696868419647,-0.2565020024776459,-0.662823498249054,-0.2569192945957184,0.2818246781826019,-0.9227138757705688,-0.2998528182506561,-0.243483230471611,-0.8997215032577515,-0.3749697804450989,0.1118219792842865,-0.0004866017843596,0.0049355258233845,-0.1120364964008331,-6.434272654587403e-05,-0.0038959388621151,0.0961477756500244,0.4132753610610962,0.0222844202071428,-0.0918217748403549,0.3879465460777282,0.0142234796658158,0.1355289816856384,0.758071780204773,0.1460200995206833,-0.0604958459734916,0.7293804287910461,0.1498447060585022,1
224,0.0144417537376284,-0.6326150894165039,-0.3095640540122986,0.1558272391557693,-0.503382682800293,-0.1494801044464111,0.2430115342140197,-0.7061865925788879,-0.226588487625122,-0.1376260966062545,-0.5033250451087952,-0.1530282795429229,-0.250466376543045,-0.6634556651115417,-0.2618856430053711,0.2717292904853821,-0.922901213169098,-0.3036259114742279,-0.237998217344284,-0.9004075527191162,-0.3783372342586517,0.1116597726941108,-0.0004521168593782,0.0032054907642304,-0.1118786260485649,-0.0001004171790555,-0.0021939084399491,0.0952621400356292,0.4132977426052093,0.0189736653119325,-0.0919017046689987,0.3885191679000854,0.0153616219758987,0.1355049014091491,0.7580549716949463,0.1431057453155517,-0.0592998266220092,0.7316019535064697,0.149043396115303,1
225,0.0142748774960637,-0.6309446692466736,-0.3138434290885925,0.1553936600685119,-0.5018672347068787,-0.1542569398880005,0.2382269352674484,-0.7036104798316956,-0.2338010221719741,-0.1377325057983398,-0.5026983618736267,-0.1584369093179702,-0.2475000172853469,-0.665500819683075,-0.265218585729599,0.2645502388477325,-0.9217206835746764,-0.3115721940994262,-0.2344414740800857,-0.9050669074058532,-0.3757095038890838,0.1115025803446769,-0.0004199191753286,0.001824433915317,-0.1117235124111175,-0.0001338049041805,-0.0008362468797713,0.0951206311583519,0.4132815301418304,0.0177764352411031,-0.0920041725039482,0.3887628614902496,0.0191006083041429,0.1379910260438919,0.7579933404922485,0.1436836421489715,-0.0593707226216793,0.7309150099754333,0.1566695719957351,1
226,0.0141298063099384,-0.6312267184257507,-0.3118700087070465,0.155658483505249,-0.5021328926086426,-0.1488014012575149,0.2363695949316024,-0.7066063284873962,-0.2257182300090789,-0.1352645456790924,-0.5027709603309631,-0.155586302280426,-0.236073151230812,-0.6657223701477051,-0.2634196281433105,0.2574692666530609,-0.9279490113258362,-0.3015323877334595,-0.2267636358737945,-0.9052708745002748,-0.3769507706165313,0.111257404088974,-0.0003807975153904,0.00184464501217,-0.111482985317707,-0.0001715045946184,-0.0008530655759386,0.0967501625418663,0.4129558205604553,0.0172169785946607,-0.0909463092684745,0.3864102065563202,0.0085500292479991,0.1393334120512008,0.7565873265266418,0.1434530913829803,-0.0562134645879268,0.7292363047599792,0.1452376246452331,1
227,0.014297348447144,-0.630435585975647,-0.316615492105484,0.155898779630661,-0.5005665421485901,-0.1555759012699127,0.2367355078458786,-0.7059382796287537,-0.2320178151130676,-0.1339573413133621,-0.5024340152740479,-0.1650290936231613,-0.2325410991907119,-0.6661606431007385,-0.2758182883262634,0.2592768669128418,-0.9278474450111388,-0.3011867105960846,-0.2172012031078338,-0.9079152345657348,-0.3834525644779205,0.111186645925045,-0.0002532122889533,0.0019648671150207,-0.1114121973514556,-0.0003008334315381,-0.0009613239089958,0.0973145216703414,0.4125999510288238,0.0167637411504983,-0.0916160643100738,0.3847163915634155,0.0084929140284657,0.1434477269649505,0.7538614869117737,0.1499685049057006,-0.0579341985285282,0.7208245396614075,0.1505706757307052,1
228,0.0121427671983838,-0.631543755531311,-0.3139883577823639,0.1545465737581253,-0.5009962320327759,-0.1545405387878418,0.225800409913063,-0.706636369228363,-0.2306636720895767,-0.1332040280103683,-0.5032864212989807,-0.1637308448553085,-0.2239947617053985,-0.6766469478607178,-0.2589742541313171,0.2368797957897186,-0.9300045371055604,-0.3000538945198059,-0.1984847038984298,-0.91954904794693,-0.3446550369262695,0.1103074848651886,-0.0001283063902519,0.0009467225172556,-0.1105133444070816,-0.0004232310457155,8.575592073611915e-05,0.0908393040299415,0.4124095737934112,0.0177123006433248,-0.0916046500205993,0.3852562308311462,0.0161289684474468,0.1367967426776886,0.7529640793800354,0.1498657017946243,-0.059971909970045,0.7210860848426819,0.1561360955238342,1
229,0.0105775874108076,-0.6301279067993164,-0.3256344795227051,0.1525849997997284,-0.4994508624076843,-0.1735752522945404,0.2179473340511322,-0.7064447999000549,-0.2639964520931244,-0.133239671587944,-0.5014952421188354,-0.1749425679445266,-0.2257715463638305,-0.6765696406364441,-0.2794449627399444,0.225335493683815,-0.928522527217865,-0.3358514010906219,-0.1972251385450363,-0.9187023043632508,-0.3714365363121032,0.1101031452417373,-6.726909487042576e-05,0.000428270723205,-0.1103093326091766,-0.0004878500767517,0.0006412595976144,0.0906197279691696,0.4104945659637451,0.0159322991967201,-0.0921251848340034,0.3852483630180359,0.0164885073900222,0.130629152059555,0.7509035468101501,0.1463411599397659,-0.0613405294716358,0.7212132215499878,0.1557540446519851,1
230,0.0103141264989972,-0.6295936107635498,-0.3238117694854736,0.1524915993213653,-0.4987701177597046,-0.1725532114505767,0.2177320420742035,-0.7062903642654419,-0.2676600813865661,-0.1325919181108474,-0.5000312328338623,-0.1740007549524307,-0.2190122008323669,-0.6735554337501526,-0.2885820865631103,0.2263219058513641,-0.927531361579895,-0.3418820798397064,-0.1880921721458435,-0.9150631427764891,-0.3920532166957855,0.109966866672039,-3.0272629373939708e-05,-0.0001439351326553,-0.1101752892136573,-0.0005241758772172,0.0012371594784781,0.0906606540083885,0.4101953506469726,0.0107155675068497,-0.0921785458922386,0.3852421641349792,0.0151663841679692,0.128485158085823,0.7508935332298279,0.1390961706638336,-0.0612903349101543,0.7226812243461609,0.1495579183101654,1
231,0.0036834189668297,-0.6296309232711792,-0.3225264549255371,0.1500962525606155,-0.4985813200473785,-0.1719400733709335,0.2146531790494918,-0.7062053680419922,-0.2693025469779968,-0.1335072368383407,-0.4993008971214294,-0.1726110577583313,-0.2168664336204528,-0.6731348633766174,-0.2875392735004425,0.22209432721138,-0.9261924624443054,-0.3445245921611786,-0.1872817724943161,-0.9139784574508668,-0.3931590616703033,0.1098194345831871,5.056773261458147e-06,-0.000335034856107,-0.1100238561630249,-0.0005600217846222,0.0014347601681947,0.0907441973686218,0.4092878401279449,0.0107092866674065,-0.0921547412872314,0.3852632343769073,0.015509495511651,0.1284160912036895,0.7502180337905884,0.1392379701137542,-0.0613813623785972,0.723189651966095,0.1499336659908294,1
232,0.0061906189657747,-0.6295961141586304,-0.3174972534179687,0.1509861648082733,-0.4986177682876587,-0.1615837812423706,0.2149342000484466,-0.7060362100601196,-0.2494113594293594,-0.131861537694931,-0.4989758729934692,-0.1707975715398788,-0.2164036631584167,-0.6725015044212341,-0.2858224213123321,0.2238239794969558,-0.9252018332481384,-0.3248561024665832,-0.1868335306644439,-0.9137810468673706,-0.3914136886596679,0.1097493842244148,-4.63055175714544e-06,0.0002490788465365,-0.1099591553211212,-0.0005530026392079,0.0008559817215427,0.0938901752233505,0.4092545807361603,0.0114224450662732,-0.0915822684764862,0.3859745860099792,0.0155527889728546,0.1297260969877243,0.7502021193504333,0.1406010389328003,-0.0612321346998214,0.7258734703063965,0.1499634236097335,1
233,0.0062189791351556,-0.629601240158081,-0.3164794743061065,0.1498087346553802,-0.4985661506652832,-0.1615056246519088,0.2143276184797287,-0.7054088711738586,-0.2492896914482116,-0.1328340023756027,-0.4990757703781128,-0.1676780134439468,-0.2179799526929855,-0.6734148859977722,-0.2779595553874969,0.2227569967508316,-0.9253923892974854,-0.3227817416191101,-0.1869402229785919,-0.9173471927642822,-0.3741444051265716,0.1096896082162857,-1.844213693402708e-05,-0.0002741469070315,-0.1099006384611129,-0.0005405760020948,0.0013645377475768,0.0941761061549186,0.4084715545177459,0.0082357358187437,-0.0937032699584961,0.3857510685920715,0.0144857661798596,0.1331369280815124,0.7494927048683167,0.13966765999794,-0.0593297481536865,0.7249999046325684,0.1499181389808654,1
234,0.0061197015456855,-0.630598247051239,-0.3120348751544952,0.1497624069452285,-0.4991816282272339,-0.1553216874599456,0.2145169228315353,-0.7053043246269226,-0.2467773109674453,-0.1338730901479721,-0.499099999666214,-0.1674408018589019,-0.2183601856231689,-0.6722349524497986,-0.2828058004379272,0.2251223027706146,-0.9236425757408142,-0.3225211203098297,-0.1871963888406753,-0.9140471816062928,-0.3835575878620147,0.1096243411302566,-4.766856727655977e-05,-0.0001078560089808,-0.1098357662558555,-0.0005120085552334,0.0012024020543321,0.0956437736749649,0.4076464474201202,0.0084452051669359,-0.0935178771615028,0.3857612013816833,0.0147191546857357,0.1332909613847732,0.7481276392936707,0.1403076499700546,-0.0600904002785682,0.7250286936759949,0.1499507874250412,1
235,0.0059725195169448,-0.6332889199256897,-0.3007525205612182,0.1497635096311569,-0.5007736682891846,-0.1452328562736511,0.2140956819057464,-0.7060559988021851,-0.2349902987480163,-0.1339985579252243,-0.49912229180336,-0.161529466509819,-0.2184812128543853,-0.6721596121788025,-0.2825415432453155,0.2281348556280136,-0.9239200949668884,-0.3125365972518921,-0.187524989247322,-0.9138601422309875,-0.3845044076442718,0.1095504909753799,-7.148562872316688e-05,0.0004237959219608,-0.1097650751471519,-0.0004854257276747,0.0006689654546789,0.0944792032241821,0.4076403677463531,0.0090923383831977,-0.0936042815446853,0.3857895731925964,0.0097174076363444,0.1301672905683517,0.7477964758872986,0.1399670243263244,-0.060106623917818,0.7258151173591614,0.1425856947898864,1
236,0.0029382822103798,-0.6328904628753662,-0.3181986212730407,0.1476120948791504,-0.4999748170375824,-0.1627588719129562,0.2140635401010513,-0.7049432396888733,-0.2562635838985443,-0.1354677081108093,-0.4984658062458038,-0.1804770678281784,-0.2165074646472931,-0.671080470085144,-0.3050684332847595,0.2296031564474105,-0.9222589731216432,-0.3324010670185089,-0.1848012506961822,-0.9129704236984252,-0.4069544672966003,0.1095087155699729,-8.029738819459453e-05,0.0007078297203406,-0.1097249910235405,-0.0004766851780004,0.0003960272588301,0.0948015302419662,0.406878799200058,0.0102365091443061,-0.0922241583466529,0.3857837617397308,0.0098027950152754,0.1313067376613617,0.7461261749267578,0.1452032029628753,-0.0597154349088668,0.7249359488487244,0.1458469331264495,1
237,0.001789154834114,-0.6329209804534912,-0.3216263949871063,0.1474239379167556,-0.5000025629997253,-0.1659230589866638,0.2130137979984283,-0.7053673267364502,-0.2602561116218567,-0.1354816854000091,-0.4978845715522766,-0.1881897002458572,-0.2143931239843368,-0.6703601479530334,-0.3215956091880798,0.231610506772995,-0.922865867614746,-0.3381433486938476,-0.1850669533014297,-0.9083947539329528,-0.4302369356155395,0.1094356104731559,-7.07364670233801e-05,0.001325236284174,-0.1096560209989547,-0.0004842934722546,-0.0002019028033828,0.0957610160112381,0.406569093465805,0.0103239985182881,-0.0914480239152908,0.3858217597007751,0.0107665788382291,0.131171241402626,0.7460993528366089,0.1444921493530273,-0.0633253753185272,0.7247505784034729,0.1469321101903915,0
238,0.0018100460292771,-0.6336791515350342,-0.3180334568023681,0.1469722539186477,-0.502872109413147,-0.1562410593032837,0.2175238579511642,-0.70938640832901,-0.230232685804367,-0.1364438384771347,-0.4994328618049621,-0.1876032054424286,-0.2161025553941726,-0.6709271669387817,-0.3161197602748871,0.2495384663343429,-0.9263702630996704,-0.2956478893756866,-0.185334026813507,-0.90908545255661,-0.4131916761398315,0.1093069687485694,-0.0001481049985159,0.0019806178752332,-0.1095362231135368,-0.0004064660461153,-0.0008482396951876,0.0956579595804214,0.4066593945026397,0.0141063751652836,-0.0904279947280883,0.3861551880836487,0.0105708297342062,0.1307363957166671,0.746224582195282,0.1479095816612243,-0.0609033741056919,0.7251894474029541,0.1467356383800506,0
239,-0.0007809068192727,-0.6339424252510071,-0.3176581561565399,0.1464217603206634,-0.5028153657913208,-0.1562550216913223,0.21673284471035,-0.7092321515083313,-0.2358201295137405,-0.1374099254608154,-0.4991355538368225,-0.1868870109319687,-0.2165007144212722,-0.67098069190979,-0.3126234710216522,0.2485844045877456,-0.9251919984817504,-0.3119725584983825,-0.1869259029626846,-0.9090575575828552,-0.4131005108356476,0.1092653647065162,-0.0001679020933806,0.0020207916386425,-0.1094963550567627,-0.0003864343743771,-0.0008879818487912,0.0954993516206741,0.4066396951675415,0.014020949602127,-0.0910042375326156,0.3863623738288879,0.010452376678586,0.1305325925350189,0.7462123036384583,0.1475783735513687,-0.0607705041766166,0.7264056205749512,0.1464099287986755,0
240,-0.0016916366294026,-0.6350353360176086,-0.3106508553028106,0.1461534649133682,-0.5030229687690735,-0.147159993648529,0.2212154865264892,-0.7061452865600586,-0.223710298538208,-0.1376642882823944,-0.4994510114192962,-0.1790984719991684,-0.2093112170696258,-0.668103814125061,-0.306908518075943,0.2580509185791015,-0.9213818907737732,-0.299148291349411,-0.1811967939138412,-0.904915452003479,-0.4121105372905731,0.1091645061969757,-0.0001582483673701,0.0022324370220303,-0.1093959361314773,-0.0003948108060285,-0.0010987652931362,0.0933192148804664,0.407850831747055,0.0140106007456779,-0.0877730995416641,0.3873944580554962,0.0104050301015377,0.1272319257259369,0.7490096092224121,0.1456226259469986,-0.0605877563357353,0.7293093204498291,0.1451155096292495,0
241,-0.0018436665413901,-0.6367353796958923,-0.2946093082427978,0.1430625170469284,-0.505489706993103,-0.1234014481306076,0.2217530161142349,-0.7062379121780396,-0.1886140257120132,-0.1411032676696777,-0.4994489252567291,-0.1744720935821533,-0.2121316343545913,-0.66305011510849,-0.3069728314876556,0.2595018148422241,-0.921463131904602,-0.2599081099033355,-0.1872460097074508,-0.8993753790855408,-0.4174005687236786,0.1091328412294387,-0.0002924397995229,0.006616729311645,-0.1093663647770881,-0.0002551133802626,-0.0055335280485451,0.0934191048145294,0.4104526042938232,0.017743956297636,-0.088208220899105,0.3881871402263641,0.0056543592363595,0.1349355578422546,0.7536191940307617,0.1466797292232513,-0.0564361959695816,0.7322472929954529,0.1385601013898849,0
242,-0.0065824617631733,-0.6367878913879395,-0.299862265586853,0.1415016800165176,-0.5054997205734253,-0.1258940994739532,0.2213325649499893,-0.7076586484909058,-0.197010800242424,-0.1426893025636673,-0.4979124963283539,-0.1778051704168319,-0.2154082506895065,-0.6628380417823792,-0.3105936348438263,0.2599333822727203,-0.9262334704399108,-0.2699745893478393,-0.1899802535772323,-0.899350106716156,-0.4184233248233795,0.1091168820858001,-0.0006963582127355,0.0075888657011091,-0.1093572229146957,0.0001546393177704,-0.0065250564366579,0.0996976271271705,0.4102568030357361,0.0204610936343669,-0.0879326313734054,0.3898858428001404,0.0059923874214291,0.1393215954303741,0.7539243102073669,0.1540271192789077,-0.0556664131581783,0.7346765398979187,0.1405186057090759,0
243,-0.0105117382481694,-0.6368842124938965,-0.3001026213169098,0.1399319022893905,-0.5053831338882446,-0.1272355169057846,0.2212410569190979,-0.707579493522644,-0.2028189748525619,-0.1445377916097641,-0.4972635805606842,-0.17761991918087,-0.2163392603397369,-0.6615422964096069,-0.3150861859321594,0.2598058581352234,-0.9264410138130188,-0.2824446856975555,-0.1943487077951431,-0.8979768753051758,-0.4315800964832306,0.1091581583023071,-0.0008014925988391,0.0076434826478362,-0.1094051152467727,0.0002634257543832,-0.0065878764726221,0.0984728410840034,0.411710262298584,0.0193901397287845,-0.0905238091945648,0.3905194997787475,0.0031742705032229,0.1388323605060577,0.756193995475769,0.1535301655530929,-0.0552378892898559,0.737969696521759,0.1382745504379272,0
244,-0.0112444376572966,-0.6376049518585205,-0.3005878925323486,0.1397032737731933,-0.5064737796783447,-0.1298468261957168,0.2210137993097305,-0.7140552401542664,-0.2060429900884628,-0.1449157893657684,-0.4967840015888214,-0.1809157133102417,-0.2176576852798462,-0.66191166639328,-0.318055123090744,0.2595541477203369,-0.9333258271217346,-0.2841474711894989,-0.1954593956470489,-0.8972033858299255,-0.4306323230266571,0.1091514006257057,-0.0008626829949207,0.0092907790094614,-0.10940433293581,0.0003289731394033,-0.0082250405102968,0.1009211763739585,0.4116844832897186,0.0204472374171018,-0.0898599624633789,0.3905870318412781,0.0032758545130491,0.1396326422691345,0.7566505670547485,0.1543746292591095,-0.0551113970577716,0.7378934621810913,0.1382167786359787,0
245,-0.0107326712459325,-0.6376288533210754,-0.3040589094161987,0.1398100405931472,-0.5061224102973938,-0.1362706124782562,0.2209113389253616,-0.7140750288963318,-0.2158878445625305,-0.1448289901018142,-0.4965414702892303,-0.1818217635154724,-0.217748075723648,-0.6662449240684509,-0.318002700805664,0.2591303884983063,-0.9331550598144532,-0.2941001355648041,-0.1935683041810989,-0.9034051895141602,-0.4297341704368591,0.1091499328613281,-0.0008996738470159,0.0090667307376861,-0.1094060838222503,0.0003666775301098,-0.0080104991793632,0.1008108705282211,0.4116623997688293,0.0200565177947282,-0.0900047570466995,0.3906238079071045,0.0041497219353914,0.1407967507839203,0.7566116452217102,0.1530169248580932,-0.0526068843901157,0.7376518845558167,0.139208436012268,0
246,-0.0104522174224257,-0.6368308663368225,-0.3084475994110107,0.1384458541870117,-0.5059181451797485,-0.1387167870998382,0.2199462354183197,-0.7139571309089661,-0.2166108340024948,-0.1449045091867447,-0.4962000548839569,-0.1883190721273422,-0.2176760137081146,-0.6650832891464233,-0.324852854013443,0.2589426338672638,-0.9330264925956726,-0.2948716580867767,-0.1939847320318222,-0.8994811177253723,-0.4344389140605926,0.109043076634407,-0.0009248055284842,0.0096044577658176,-0.1093064323067665,0.0003926880599465,-0.0085326610133051,0.1008626818656921,0.4116023480892181,0.0200112573802471,-0.0896871760487556,0.3899374604225158,-0.0010625928407534,0.140749916434288,0.7569026947021484,0.1481601893901825,-0.0502417609095573,0.7374961376190186,0.1307855546474456,0
247,-0.0115423006936907,-0.6377395391464233,-0.3064171969890594,0.1372205168008804,-0.506198525428772,-0.1365757584571838,0.2203273028135299,-0.7138643860816956,-0.2131778001785278,-0.1460741609334945,-0.4962173104286194,-0.1876834034919738,-0.2176377475261688,-0.6653865575790405,-0.3246067762374878,0.25967937707901,-0.9329399466514589,-0.2898456752300262,-0.193972647190094,-0.9009965658187866,-0.4303944706916809,0.1090293154120445,-0.0010760114528238,0.0099084516987204,-0.1092951074242591,0.0005474935169331,-0.0088476799428462,0.1008388772606849,0.4114548563957214,0.0201046951115131,-0.0895613431930542,0.3899545669555664,-0.0016265705926343,0.1403207331895828,0.756931483745575,0.1489664167165756,-0.0499097034335136,0.7374454736709595,0.1312553882598877,0
248,-0.0152318514883518,-0.634522020816803,-0.309561014175415,0.1353785991668701,-0.5043634176254272,-0.1397970616817474,0.2178381532430648,-0.7117196321487427,-0.2242186218500137,-0.1475401669740677,-0.4926343560218811,-0.1904325485229492,-0.218429833650589,-0.6605743169784546,-0.3313119411468506,0.2581975758075714,-0.9282837510108948,-0.3086163103580475,-0.1973973214626312,-0.8916720151901245,-0.4423684179782867,0.1090185716748237,-0.0011836937628686,0.0106467884033918,-0.109287291765213,0.0006543499184772,-0.0095630083233118,0.1004761159420013,0.4118061065673828,0.0209315568208694,-0.0875712037086486,0.39021897315979,-0.0015153100248426,0.1386912614107132,0.7570630311965942,0.1490146368741989,-0.0498051792383194,0.7387785911560059,0.1302956193685531,0
249,-0.0124957226216793,-0.6359946727752686,-0.3035690486431122,0.1354895383119583,-0.5054029822349548,-0.1289559304714203,0.2193939834833145,-0.7121749520301819,-0.1974553018808365,-0.1473920941352844,-0.4928837716579437,-0.190189316868782,-0.2170096933841705,-0.6605901718139648,-0.3317251801490783,0.2618814408779144,-0.9305323958396912,-0.2717942297458648,-0.1966495364904403,-0.8916052579879761,-0.4418984353542328,0.1090288162231445,-0.0012955486308783,0.0126535212621092,-0.1093040108680725,0.0007667247555218,-0.0115914996713399,0.1005602180957794,0.4125582277774811,0.0249160937964916,-0.0868426039814949,0.3912488222122192,-0.0010385644854977,0.1389554291963577,0.7574601173400879,0.1573185175657272,-0.0482396595180034,0.739173173904419,0.1326234638690948,0
250,-0.0124454833567142,-0.6359544992446899,-0.3062548637390136,0.134087473154068,-0.5053141713142395,-0.1304001957178115,0.2167486399412155,-0.7116015553474426,-0.2055351436138153,-0.1481567472219467,-0.4925480484962463,-0.1959656625986099,-0.2186725437641143,-0.6587303876876831,-0.3467392325401306,0.2613160908222198,-0.927516222000122,-0.2921205163002014,-0.1978179067373275,-0.8867350220680237,-0.4646297693252563,0.1090269163250923,-0.0013278251281008,0.0133598195388913,-0.1093045100569725,0.0007996953791007,-0.012276648543775,0.0990038961172103,0.4126916229724884,0.0248619057238101,-0.0854300856590271,0.3907417058944702,-0.0025862595066428,0.1364468038082122,0.757641077041626,0.1524655073881149,-0.0486080273985862,0.7382230758666992,0.1287040114402771,0
251,-0.0135879470035433,-0.6361355781555176,-0.3048027753829956,0.1341175287961959,-0.505287230014801,-0.1300857812166214,0.2187487930059433,-0.7116279602050781,-0.206533282995224,-0.1486454308032989,-0.4925060868263244,-0.192912682890892,-0.2191975265741348,-0.658915638923645,-0.3397532403469085,0.261200338602066,-0.92798912525177,-0.2912964820861816,-0.1980416029691696,-0.8875768184661865,-0.4480861723423004,0.1090323626995086,-0.0013940838398411,0.0137512292712926,-0.1093132495880127,0.0008682522457093,-0.0126683712005615,0.1000975146889686,0.4126513302326202,0.0255738738924264,-0.0854411274194717,0.3905831575393677,-0.0025681003462523,0.1368566006422042,0.7572417259216309,0.1544479429721832,-0.0504744239151477,0.7377400994300842,0.1289902329444885,0
252,-0.0136375091969966,-0.638189435005188,-0.2918654680252075,0.1345977634191513,-0.5064234733581543,-0.1183239296078682,0.2224906235933303,-0.7120305299758911,-0.1749047487974167,-0.1477832347154617,-0.4934366941452026,-0.1687157303094864,-0.2187130600214004,-0.6606279015541077,-0.2986706495285034,0.2670796811580658,-0.92912358045578,-0.236263170838356,-0.1943553239107132,-0.8916603922843933,-0.4023010432720184,0.1088358759880065,-0.0014249475207179,0.0134571092203259,-0.1091153472661972,0.0008996484684757,-0.012379391118884,0.0993808284401893,0.4131504893302917,0.0257419999688863,-0.0831639617681503,0.3912791013717651,-0.0003733908233698,0.1364877820014953,0.7588009238243103,0.1538370847702026,-0.0488406233489513,0.7390767931938171,0.1303925067186355,0
253,-0.0161859765648841,-0.6357417106628418,-0.2963372468948364,0.1348579972982406,-0.5031645894050598,-0.1337857097387313,0.2237192541360855,-0.7090614438056946,-0.197178915143013,-0.147889032959938,-0.4934109449386596,-0.1640444546937942,-0.2250623852014541,-0.6607798933982849,-0.2815895080566406,0.2667989730834961,-0.9293731451034546,-0.252076655626297,-0.1973466128110885,-0.8961415886878967,-0.3855769038200378,0.1088071167469024,-0.0014613046078011,0.0078870765864849,-0.1090868711471557,0.000934742973186,-0.0068760560825467,0.0993707552552223,0.4119952619075775,0.0197777152061462,-0.0836262479424476,0.3922974169254303,0.0095252953469753,0.1387131363153457,0.75711989402771,0.1508485078811645,-0.0461468137800693,0.7394870519638062,0.1424696892499923,0
254,-0.0165452286601066,-0.6355931162834167,-0.2989662587642669,0.1349216997623443,-0.5029839277267456,-0.1367095112800598,0.2264706194400787,-0.7075956463813782,-0.2002913057804107,-0.1479004472494125,-0.4938913881778717,-0.1653290390968322,-0.2262493073940277,-0.6614785194396973,-0.2835839986801147,0.2694669365882873,-0.9293810725212096,-0.2540588974952698,-0.1993710696697235,-0.8998172283172607,-0.3858968019485473,0.1087115928530693,-0.0014865011908113,0.0065544545650482,-0.1089921742677688,0.0009608324617147,-0.0055673471651971,0.1002370566129684,0.4114630222320556,0.0166418440639972,-0.0839645713567733,0.3923767209053039,0.0100845145061612,0.1410856246948242,0.7574673295021057,0.142382264137268,-0.0455821231007576,0.7397022247314453,0.1423917561769485,0
255,-0.01597835496068,-0.6357890367507935,-0.2994219660758972,0.1356937438249588,-0.5029445290565491,-0.1366898417472839,0.2287213206291198,-0.7050608992576599,-0.2028229832649231,-0.1477804332971573,-0.4948130249977112,-0.1661580801010131,-0.2261856198310852,-0.6644501090049744,-0.2860372066497803,0.2693471610546112,-0.9274926781654358,-0.2643575072288513,-0.199649304151535,-0.9056788682937622,-0.3864975571632385,0.1086829826235771,-0.0015102417673915,0.0062031871639192,-0.108965627849102,0.0009850490605458,-0.0052227489650249,0.1007149368524551,0.41131591796875,0.0147128403186798,-0.085079587996006,0.3923923969268799,0.0098767727613449,0.1411334425210952,0.7575727105140686,0.1416705995798111,-0.0456925295293331,0.7396835088729858,0.1422150731086731,0
256,-0.0146347759291529,-0.6353031992912292,-0.3047411143779754,0.1359042823314666,-0.5030642151832581,-0.1383717358112335,0.2289575934410095,-0.707007884979248,-0.2030725479125976,-0.1470624655485153,-0.4948680400848388,-0.1719745695590973,-0.2267476171255111,-0.664738655090332,-0.289432942867279,0.2709209620952606,-0.9310052394866944,-0.2665773630142212,-0.201557844877243,-0.905746042728424,-0.3874436914920807,0.1086213514208793,-0.0015103305922821,0.0062527977861464,-0.1089099198579788,0.0009866573382169,-0.0052705709822475,0.1007038354873657,0.4113556146621704,0.0148267317563295,-0.0850717201828956,0.3924051821231842,0.0088850958272814,0.140992522239685,0.7587350606918335,0.1410765945911407,-0.0451072081923484,0.7398241758346558,0.1399088203907013,0
257,-0.0145550211891531,-0.6348332166671753,-0.3078817129135132,0.1356050372123718,-0.5029165744781494,-0.1401535421609878,0.2276203632354736,-0.7066479921340942,-0.2017790526151657,-0.1475587338209152,-0.49492347240448,-0.1720796972513198,-0.2328296452760696,-0.6651774644851685,-0.2874347567558288,0.2709544897079468,-0.9309390783309937,-0.2648020386695862,-0.2053866684436798,-0.9063088297843932,-0.3844234943389892,0.1086017489433288,-0.0015442038420587,0.0057122129946947,-0.1088917255401611,0.0010187462903559,-0.0047436081804335,0.1005716025829315,0.4112533926963806,0.0149937681853771,-0.085162229835987,0.3942874073982239,0.0154802119359374,0.1416697204113006,0.7583890557289124,0.1425274014472961,-0.0436513870954513,0.7409402132034302,0.1478028893470764,0
258,-0.0127506032586097,-0.635187029838562,-0.3050607144832611,0.1372061222791671,-0.5031052231788635,-0.1367783993482589,0.2276733368635177,-0.7068853974342346,-0.2041983008384704,-0.1469940245151519,-0.4949282109737396,-0.172450989484787,-0.230660080909729,-0.6643826961517334,-0.2968046367168426,0.2702607214450836,-0.9293587803840636,-0.2788428366184234,-0.205326110124588,-0.903847336769104,-0.398329347372055,0.1086170300841331,-0.0015477517154067,0.0070949248038232,-0.1089090928435325,0.0010226195445284,-0.0060823415406048,0.1005982607603073,0.4116551876068115,0.0158645529299974,-0.0843594670295715,0.3937740921974182,0.0131726823747158,0.1414954215288162,0.7591800093650818,0.1431823372840881,-0.0429089739918708,0.7395749092102051,0.14422707259655,0
259,-0.012582722119987,-0.6342338919639587,-0.3106343746185303,0.1367930173873901,-0.502875030040741,-0.142918586730957,0.2261039316654205,-0.7048718333244324,-0.2086867988109588,-0.1478776931762695,-0.4951013624668121,-0.1725460588932037,-0.2393669933080673,-0.6640870571136475,-0.2941208183765411,0.2682928740978241,-0.9270517826080322,-0.2812986969947815,-0.2138376832008361,-0.9039820432662964,-0.396252304315567,0.1086070984601974,-0.0016149637522175,0.0062421415932476,-0.1088996306061744,0.0010869288817048,-0.0052312980405986,0.1004637703299522,0.4114928841590881,0.0149191319942474,-0.0851491764187812,0.3938261866569519,0.0125889312475919,0.1422744840383529,0.7581846714019775,0.14313505589962,-0.0408807769417762,0.7395554780960083,0.1440335214138031,0
260,-0.0123519608750939,-0.6337026357650757,-0.3108787834644317,0.136840134859085,-0.5028756260871887,-0.1428114622831344,0.2260739207267761,-0.7057250142097473,-0.2072888016700744,-0.147958368062973,-0.4950135350227356,-0.1743384152650833,-0.2387891560792923,-0.6608399152755737,-0.2986515164375305,0.2680771052837372,-0.9287284016609192,-0.2776140868663788,-0.2135844826698303,-0.9001142978668213,-0.4026288986206054,0.1086381375789642,-0.0016640350222587,0.006661859806627,-0.108933575451374,0.0011345549719408,-0.0056383479386568,0.1017053946852684,0.4114885032176971,0.0149694830179214,-0.0849144831299781,0.3938460648059845,0.0124495476484298,0.1425905972719192,0.7582686543464661,0.1435437053442001,-0.040955226868391,0.7395469546318054,0.1438611894845962,0
261,-0.0125954383984208,-0.633201539516449,-0.3155390322208404,0.1368525922298431,-0.5021386742591858,-0.1489399224519729,0.2263236194849014,-0.7056801319122314,-0.224584087729454,-0.1482366025447845,-0.4949117600917816,-0.1771096736192703,-0.2384136468172073,-0.6613476276397705,-0.3000783920288086,0.2673955857753753,-0.9287282824516296,-0.2998082041740417,-0.2133289277553558,-0.9005515575408936,-0.4028244018554687,0.1086296066641807,-0.0016725198365747,0.00601177662611,-0.1089250594377517,0.0011435480555519,-0.0049923993647098,0.1014781817793846,0.4114901423454284,0.0146735813468694,-0.0851956531405448,0.393865168094635,0.0137761076912283,0.1418825387954712,0.7584921717643738,0.1429892778396606,-0.0423850566148757,0.7395957112312317,0.1450859904289245,0
262,-0.0125440079718828,-0.6342110633850098,-0.3129367530345917,0.1371879875659942,-0.5027575492858887,-0.1468008756637573,0.2258314788341522,-0.7071064710617065,-0.2237693220376968,-0.1483906209468841,-0.4950393736362457,-0.1759699881076812,-0.2388884872198104,-0.6613999605178833,-0.2993361055850982,0.2653926014900207,-0.9290350675582886,-0.2974451184272766,-0.2145308852195739,-0.9003741145133972,-0.4021203815937042,0.1086873933672905,-0.0017050113528966,0.0061561609618365,-0.1089842692017555,0.001175359240733,-0.0051315776072442,0.101484440267086,0.4115077555179596,0.0141671793535351,-0.0852527394890785,0.3937380313873291,0.0105672255158424,0.1406510919332504,0.7591199278831482,0.1409796476364135,-0.0423920974135398,0.7398067116737366,0.1399755328893661,0
263,-0.0129006281495094,-0.6331084966659546,-0.3128770887851715,0.1371767669916153,-0.5017746090888977,-0.1466007381677627,0.2256166934967041,-0.7048173546791077,-0.2226639688014984,-0.149798572063446,-0.4938570857048034,-0.1746406108140945,-0.2417101114988327,-0.6589537262916565,-0.2970497012138366,0.264013260602951,-0.9271990656852722,-0.2968607246875763,-0.2162774056196212,-0.8982149362564087,-0.4013229310512543,0.1087506636977195,-0.0017246130155399,0.0056561660021543,-0.1090449839830398,0.0011935078073292,-0.0046377191320061,0.1002918630838394,0.4119971990585327,0.0134258810430765,-0.0858054682612419,0.3941056132316589,0.0128109725192189,0.1394875049591064,0.7593966126441956,0.1407750844955444,-0.0426926985383033,0.7400736808776855,0.1426941156387329,0
264,-0.013717396184802,-0.6394959688186646,-0.2900782823562622,0.1390115171670913,-0.5050099492073059,-0.1277236938476562,0.2280338853597641,-0.7162215709686279,-0.1905692666769027,-0.1486805826425552,-0.4945677816867828,-0.1570702642202377,-0.2347478568553924,-0.6682829260826111,-0.2744309306144714,0.2654077708721161,-0.9385682940483092,-0.2484816610813141,-0.2078999876976013,-0.907734215259552,-0.3673692345619201,0.1087222620844841,-0.0017372601432725,0.0059531568549573,-0.1090202257037162,0.0012063602916896,-0.0049358187243342,0.0999432802200317,0.4123396575450897,0.0163074024021625,-0.082626387476921,0.3938343524932861,0.0127653516829013,0.1393409371376037,0.759796679019928,0.1473833471536636,-0.040117610245943,0.7397609353065491,0.143445074558258,0
265,-0.0128497090190649,-0.6368275284767151,-0.295624166727066,0.1391278356313705,-0.5033504366874695,-0.1351923495531082,0.228084459900856,-0.7106751203536987,-0.2013715505599975,-0.1488667130470276,-0.4945148229598999,-0.157241940498352,-0.2398534268140792,-0.6602730751037598,-0.2764594852924347,0.2660160958766937,-0.932900369167328,-0.2648086547851562,-0.2144628316164016,-0.8997253179550171,-0.378903716802597,0.108766570687294,-0.0017862651729956,0.0038277765270322,-0.109057143330574,0.0012531902175396,-0.0028403080068528,0.1004372015595436,0.4117645025253296,0.0134682841598987,-0.0837064310908317,0.3942059874534607,0.0150704551488161,0.1477550417184829,0.7574486136436462,0.1461372077465057,-0.0400930382311344,0.7401742935180664,0.1483529806137085,0
266,-0.0123828267678618,-0.639202892780304,-0.2904549837112427,0.1402808576822281,-0.5057466626167297,-0.1281142234802246,0.2281226366758346,-0.7127647399902344,-0.1903681755065918,-0.1479932814836502,-0.496146023273468,-0.1530937701463699,-0.2379618138074875,-0.6634153127670288,-0.2718578279018402,0.265760064125061,-0.9340574741363524,-0.2516376674175262,-0.2143454700708389,-0.9038608074188232,-0.3732947111129761,0.1087731271982193,-0.0018061269074678,0.0040270672179758,-0.1090635135769844,0.001273910398595,-0.0030348424334079,0.1014462783932685,0.4117509126663208,0.0140442019328475,-0.0819152891635894,0.3942508399486542,0.0157429799437522,0.1447413712739944,0.757724404335022,0.1474528014659881,-0.0391338355839252,0.7393553853034973,0.150109976530075,0
267,-0.0112674497067928,-0.6380320191383362,-0.2933393716812134,0.1403625905513763,-0.5047418475151062,-0.1341254860162735,0.2280530780553817,-0.7079419493675232,-0.1986303627490997,-0.1479181051254272,-0.4965940713882446,-0.1528280079364776,-0.2388553917407989,-0.6634480357170105,-0.2673337459564209,0.2669443190097809,-0.9283902049064636,-0.2631047070026397,-0.2146461009979248,-0.9044311046600342,-0.3713256418704986,0.1087551638484001,-0.0018067903583869,0.0019004803616553,-0.1090406104922294,0.001273994334042,-0.0009424650343134,0.1014473810791969,0.4112743735313415,0.0115619683638215,-0.0832543969154357,0.394709050655365,0.0187174528837203,0.149901270866394,0.7571924328804016,0.144376203417778,-0.0390950255095958,0.7395797967910767,0.1539924293756485,0
268,-0.0125073455274105,-0.6378556489944458,-0.2939653992652893,0.1399862617254257,-0.5044139623641968,-0.1339494735002517,0.2278600186109542,-0.7081205248832703,-0.1990763247013092,-0.1491248607635498,-0.4962701499462127,-0.1519036591053009,-0.2418426126241684,-0.6628095507621765,-0.2681971192359924,0.2669070363044739,-0.9295918941497804,-0.2641584575176239,-0.2156211137771606,-0.9038095474243164,-0.372391402721405,0.1088211238384246,-0.0019252201309427,0.0017641173908486,-0.1091076880693435,0.0013890658738091,-0.0008035497739911,0.1014779582619667,0.4112676382064819,0.0114559326320886,-0.0839385017752647,0.3951961398124695,0.0189815312623977,0.1492389887571334,0.7569040060043335,0.1448916792869568,-0.0395335257053375,0.740235447883606,0.1543305516242981,0
269,-0.0100908260792493,-0.6377710700035095,-0.2943029701709747,0.1434566527605056,-0.5044137239456177,-0.1340302526950836,0.2294452041387558,-0.7115243673324585,-0.202146291732788,-0.1466108560562133,-0.496531993150711,-0.154411032795906,-0.2353866547346115,-0.6639896631240845,-0.2777438759803772,0.267170786857605,-0.9318722486495972,-0.2701509892940521,-0.2100013494491577,-0.9037451148033142,-0.3829620778560638,0.1088591143488884,-0.0019112350419163,0.0023010275326669,-0.1091478615999221,0.001375677762553,-0.0013166257413104,0.103106789290905,0.4110814929008484,0.0118025010451674,-0.0813230127096176,0.3942967653274536,0.0186061821877956,0.1489711999893188,0.7568514347076416,0.1451507806777954,-0.0377573780715465,0.73838871717453,0.1532803028821945,0
