FrameNo,head_x,head_y,head_z,left_shoulder_x,left_shoulder_y,left_shoulder_z,left_elbow_x,left_elbow_y,left_elbow_z,right_shoulder_x,right_shoulder_y,right_shoulder_z,right_elbow_x,right_elbow_y,right_elbow_z,left_hand_x,left_hand_y,left_hand_z,right_hand_x,right_hand_y,right_hand_z,left_hip_x,left_hip_y,left_hip_z,right_hip_x,right_hip_y,right_hip_z,left_knee_x,left_knee_y,left_knee_z,right_knee_x,right_knee_y,right_knee_z,left_foot_x,left_foot_y,left_foot_z,right_foot_x,right_foot_y,right_foot_z,running_video
0,-0.023905012756586,-0.6450791954994202,-0.2327403426170349,0.15054452419281,-0.5327830910682678,-0.0790439695119857,0.2347057461738586,-0.716087281703949,-0.1437105685472488,-0.1464343070983886,-0.5249583125114441,-0.0773273110389709,-0.2755690217018127,-0.6870417594909668,-0.1241604685783386,0.2682108283042907,-0.9170053005218506,-0.2215017676353454,-0.2660430371761322,-0.8979265689849854,-0.2007930278778076,0.1072177141904831,-0.0067699262872338,-0.0026397109031677,-0.1075988113880157,0.0063117849640548,0.0040405988693237,0.1272231340408325,0.3925206661224365,0.0162875950336456,-0.1041376218199729,0.3864259123802185,0.0265238024294376,0.1625103950500488,0.7320597171783447,0.132289171218872,-0.1048363447189331,0.7386358380317688,0.1466821432113647,0
1,-0.0291989706456661,-0.6443096995353699,-0.2149863690137863,0.1481803655624389,-0.5309160351753235,-0.061754435300827,0.2470176815986633,-0.7110397815704346,-0.1072478368878364,-0.1532555669546127,-0.5247923135757446,-0.0493851602077484,-0.2834225296974182,-0.6851597428321838,-0.089831493794918,0.2836427390575409,-0.9207968711853028,-0.1690484434366226,-0.2789323925971985,-0.9005658030509949,-0.1715332716703415,0.1072996407747268,-0.0044680628925561,-0.0027055169921368,-0.1076513603329658,0.0039672567509114,0.0040818727575242,0.1174669340252876,0.3958580493927002,0.0159719809889793,-0.1053574085235595,0.3863723874092102,0.0262231342494487,0.1616365909576416,0.739795446395874,0.1272679716348648,-0.1007816642522811,0.7385477423667908,0.1414882540702819,0
2,-0.0292556304484605,-0.6423437595367432,-0.2056698203086853,0.1479221731424331,-0.5301865935325623,-0.0521669052541255,0.2528870403766632,-0.7097394466400146,-0.0899624153971672,-0.1540296822786331,-0.5239425897598267,-0.0348868407309055,-0.2840913236141205,-0.6836115717887878,-0.0676067918539047,0.2896535694599151,-0.928940773010254,-0.1406755894422531,-0.2784979939460754,-0.9037821888923644,-0.1408161073923111,0.1076051965355873,-0.0024928119964897,-0.0027277681510895,-0.1079032942652702,0.0019552784506231,0.0040880972519516,0.1059181541204452,0.4059986472129822,0.0203192736953496,-0.106313370168209,0.3864429891109466,0.0268743000924587,0.1555912494659423,0.743346631526947,0.14702008664608,-0.0999518036842346,0.736853837966919,0.1499706953763961,0
3,-0.0291791874915361,-0.6420880556106567,-0.2020687609910965,0.1468153595924377,-0.5277287364006042,-0.046543501317501,0.258379191160202,-0.7000861167907715,-0.0865876525640487,-0.1569699645042419,-0.523674488067627,-0.0336042009294033,-0.2863459885120392,-0.6826631426811218,-0.0700362175703048,0.2927332818508148,-0.9232486486434937,-0.1458385288715362,-0.2786556482315063,-0.9043164253234864,-0.1459958106279373,0.1077238470315933,-0.0019559208303689,-0.0025461232289671,-0.1079961135983467,0.0014024529373273,0.0038731987588107,0.1064968556165695,0.4062961339950561,0.0212850589305162,-0.1065767556428909,0.3864614963531494,0.0260098241269588,0.1556948125362396,0.7442017793655396,0.1468323320150375,-0.096644639968872,0.7367960810661316,0.148332804441452,0
4,-0.0307571440935134,-0.6417887806892395,-0.1946873813867569,0.1465513557195663,-0.5277508497238159,-0.0436584614217281,0.2580593228340149,-0.7005780339241028,-0.0811931565403938,-0.1568111330270767,-0.523683488368988,-0.0198528729379177,-0.2876820564270019,-0.68348228931427,-0.0441230349242687,0.2928081750869751,-0.9273309707641602,-0.1326647996902465,-0.2804113626480102,-0.9092517495155334,-0.1120584532618522,0.1078400090336799,-0.0012559187598526,-0.0033188124652951,-0.1080899313092231,0.0007036782917566,0.0045904270373284,0.1059718579053878,0.4070051610469818,0.0208433344960212,-0.1086544096469879,0.3865384459495544,0.0266246143728494,0.1557462960481643,0.7441396117210388,0.1476958990097046,-0.0974092185497284,0.7363954186439514,0.1507188826799392,0
5,-0.0307824499905109,-0.6413993239402771,-0.1957367360591888,0.1456896066665649,-0.5261639952659607,-0.0433903709053993,0.2597542405128479,-0.6954019069671631,-0.0842605531215667,-0.1583900600671768,-0.5236697196960449,-0.0236547645181417,-0.287633866071701,-0.6835299134254456,-0.0531501732766628,0.2933436334133148,-0.9232757687568665,-0.1404131054878235,-0.278606504201889,-0.9103464484214784,-0.1239739209413528,0.1078651025891304,-0.0010783858597278,-0.0033152324613183,-0.1081117093563079,0.0005232550320215,0.0045812204480171,0.1058798804879188,0.4068791270256042,0.0213679540902376,-0.1086694374680519,0.3865344822406769,0.0266231074929237,0.1556886583566665,0.7441437244415283,0.1472988426685333,-0.0964221432805061,0.7363555431365967,0.1496247798204422,0
6,-0.0307465568184852,-0.6436839699745178,-0.1959485411643982,0.1455230414867401,-0.5262256860733032,-0.0437991619110107,0.2594615221023559,-0.6999760866165161,-0.0827954486012458,-0.1583122611045837,-0.5236278772354126,-0.0255077593028545,-0.287659078836441,-0.6838139295578003,-0.0571839474141597,0.2931750118732452,-0.9275757670402528,-0.134671002626419,-0.2782241106033325,-0.9102439284324646,-0.1285243332386016,0.1079507693648338,-0.0007961207884363,-0.0033371774479746,-0.1081885322928428,0.000239731016336,0.004596094135195,0.1053064614534378,0.4076442420482635,0.0223296675831079,-0.1090214103460311,0.3865873515605926,0.0281542725861072,0.1557400375604629,0.7443864345550537,0.152421623468399,-0.0964658260345459,0.7356593608856201,0.1539258807897567,0
7,-0.0314643271267414,-0.6437672972679138,-0.1794348061084747,0.1454830318689346,-0.5262276530265808,-0.028316980227828,0.2610108256340027,-0.6989932060241699,-0.0707729756832122,-0.1584702581167221,-0.5234901905059814,-0.0076654567383229,-0.2882811725139618,-0.6821815967559814,-0.0385749712586402,0.2937495112419128,-0.9275170564651488,-0.127997413277626,-0.2781960964202881,-0.90980464220047,-0.1112042367458343,0.1079791858792305,-0.0006014350801706,-0.0034886344801634,-0.10821183770895,4.71318417112343e-05,0.0047292448580265,0.1054679080843925,0.4073948264122009,0.0208549797534942,-0.1105601713061332,0.3863990902900696,0.0273090694099664,0.1551674902439117,0.7447195649147034,0.1476524472236633,-0.0970127582550048,0.7356482744216919,0.1487785130739212,0
8,-0.0312401782721281,-0.6430491209030151,-0.1819108575582504,0.1455475687980651,-0.5266069173812866,-0.0300794653594493,0.2608773112297058,-0.6996886730194092,-0.0716269239783287,-0.1584215313196182,-0.5235006809234619,-0.0110778277739882,-0.2858909666538238,-0.6832698583602905,-0.0420635603368282,0.2936121225357055,-0.9284058809280396,-0.1260259449481964,-0.2732613384723663,-0.9134522080421448,-0.1149726659059524,0.1081225052475929,-0.0005132410442456,-0.0031089868862181,-0.1083464995026588,-4.146180799580179e-05,0.0043219090439379,0.1036071479320526,0.4076171815395355,0.0219892170280218,-0.1106358096003532,0.3862446248531341,0.0261911135166883,0.1544515639543533,0.7436857223510742,0.1557512283325195,-0.0978070721030235,0.7330052256584167,0.150794118642807,0
9,-0.0293374713510274,-0.6430246233940125,-0.1849669218063354,0.1452101171016693,-0.5263921618461609,-0.0304400473833084,0.260601133108139,-0.697642982006073,-0.0713457241654396,-0.1588781028985977,-0.5231693387031555,-0.0225951820611953,-0.2861003577709198,-0.6800025701522827,-0.0694428831338882,0.2936587035655975,-0.9202889800071716,-0.1276286095380783,-0.2729919254779815,-0.906829297542572,-0.1495361477136612,0.1082315295934677,-0.0004927639383822,-0.0018089545192196,-0.108447253704071,-6.303706322796643e-05,0.003021968062967,0.1046947166323661,0.4075336158275604,0.0238807722926139,-0.1100229993462562,0.3863341510295868,0.02513930760324,0.1546561866998672,0.7436954975128174,0.1550835818052292,-0.096772663295269,0.7334362268447876,0.1471382677555084,0
10,-0.0296810306608676,-0.6430037617683411,-0.1908872723579406,0.1446720659732818,-0.5255174040794373,-0.0368869639933109,0.2574744522571563,-0.6989027261734009,-0.0746448412537574,-0.1588062196969986,-0.5220567584037781,-0.0255692079663276,-0.2865322232246399,-0.6792455315589905,-0.0692149922251701,0.2922750413417816,-0.9256981611251832,-0.1288375556468963,-0.2734994888305664,-0.9057707190513612,-0.1485035568475723,0.1083195582032203,-0.0003849234490189,-0.0018857136601582,-0.1085308790206909,-0.0001771399111021,0.003096007509157,0.1047802716493606,0.4075017273426056,0.023867892101407,-0.1105769351124763,0.3864368796348572,0.0255009196698665,0.1538694649934768,0.7435526847839355,0.1554623544216156,-0.0984575971961021,0.7333633899688721,0.1500700414180755,0
11,-0.0301485005766153,-0.6443169116973877,-0.1900040656328201,0.1446312367916107,-0.5258170962333679,-0.0384693369269371,0.2574150264263153,-0.6998873949050903,-0.0801880955696106,-0.1585073173046112,-0.5234866738319397,-0.0216335896402597,-0.2861618399620056,-0.6842271685600281,-0.0550383552908897,0.2922494113445282,-0.9264139533042908,-0.1351386904716491,-0.2730713784694671,-0.9095606803894044,-0.1276785135269165,0.1083445623517036,-0.0003166463866364,-0.0020629335194826,-0.1085477694869041,-0.0002401675155851,0.0032665128819644,0.1054360046982765,0.407384842634201,0.0238668154925107,-0.1106037050485611,0.3862958550453186,0.0256205759942531,0.1554318368434906,0.7434929013252258,0.1553644239902496,-0.0987036451697349,0.7330155968666077,0.1508707553148269,0
12,-0.0299368277192115,-0.6444217562675476,-0.165032759308815,0.1458335667848587,-0.5276116728782654,-0.0204090811312198,0.2573668956756592,-0.6981440782546997,-0.0686510950326919,-0.1573196202516555,-0.5250007510185242,0.0054364092648029,-0.2859762012958526,-0.6845565438270569,-0.0261287614703178,0.2922167479991913,-0.9176677465438844,-0.1309099346399307,-0.2725675106048584,-0.909616470336914,-0.0984407141804695,0.1083714291453361,-0.0002254518331028,-0.0025446771178394,-0.1085695028305053,-0.0003229419817216,0.0037416936829686,0.1064464449882507,0.4066367149353027,0.0201989319175481,-0.1105018854141235,0.3858208358287811,0.0248635709285736,0.1582435965538025,0.7435961961746216,0.142384722828865,-0.0979907140135765,0.7329849004745483,0.1453622430562973,0
13,-0.0296378266066312,-0.6452400088310242,-0.1663027256727218,0.1470207571983337,-0.5280856490135193,-0.0192091055214405,0.2598430812358856,-0.6981932520866394,-0.0660890340805053,-0.1572923511266708,-0.5253052711486816,0.0022518772166222,-0.28635373711586,-0.684533417224884,-0.0312624461948871,0.2956914901733398,-0.9178901314735411,-0.1288995444774627,-0.2738962471485138,-0.9089897871017456,-0.102809689939022,0.108514666557312,-0.0001417124149156,-0.0029832532163709,-0.1087099015712738,-0.0004052274161949,0.0041543771512806,0.1072754487395286,0.4061914384365082,0.0195760931819677,-0.1104380115866661,0.3856921792030334,0.0256078895181417,0.159036323428154,0.7434801459312439,0.1418229043483734,-0.0965383574366569,0.7325512766838074,0.1454872488975525,0
14,-0.0286775883287191,-0.6453137993812561,-0.1678320914506912,0.1479267030954361,-0.528099000453949,-0.0202127285301685,0.2600091397762298,-0.6981223225593567,-0.0664941370487213,-0.1572324335575103,-0.5251456499099731,0.0016602295218035,-0.2867973148822784,-0.6825044751167297,-0.0359548218548297,0.2968746423721313,-0.9177739024162292,-0.1296952366828918,-0.2746821939945221,-0.9058792591094972,-0.1118224412202835,0.1087308228015899,-7.318281859625131e-05,-0.0030145924538373,-0.1089199483394622,-0.0004734613758046,0.0041831429116427,0.108031265437603,0.4061306715011596,0.0188902094960212,-0.1104741841554641,0.385448157787323,0.0256070103496313,0.1592526882886886,0.7429159283638,0.1425732523202896,-0.096452921628952,0.7310840487480164,0.1463083624839782,0
15,-0.0264400411397218,-0.6463135480880737,-0.1789515167474746,0.1479389667510986,-0.5275529026985168,-0.0271897669881582,0.2591176629066467,-0.697849452495575,-0.0710116550326347,-0.1572117805480957,-0.5242229700088501,-0.0135778468102216,-0.2868460118770599,-0.6795997619628906,-0.0590055771172046,0.2969185709953308,-0.9170376062393188,-0.1334334760904312,-0.27426478266716,-0.902531623840332,-0.136548101902008,0.1088401079177856,-5.5997596064116806e-05,-0.0027546021156013,-0.1090290024876594,-0.0004915284225717,0.0039207939989864,0.1086664274334907,0.4058891236782074,0.0202536601573228,-0.1106029152870178,0.3854215741157532,0.0256105996668338,0.1594326943159103,0.7418705224990845,0.1459428071975708,-0.0971909835934639,0.7307387590408325,0.1472048014402389,0
16,-0.0222327746450901,-0.6463944315910339,-0.1870952099561691,0.1479723006486892,-0.5281343460083008,-0.0322775468230247,0.2558594048023224,-0.7042450904846191,-0.0764418989419937,-0.1570366322994232,-0.5242494940757751,-0.025657270103693,-0.2870026528835296,-0.6798402667045593,-0.0764916837215423,0.2969464063644409,-0.9224329590797424,-0.1418435871601104,-0.2758980691432953,-0.9028189182281494,-0.1569181978702545,0.1090485677123069,-3.743465276784264e-05,-0.0025410125963389,-0.1092354580760002,-0.0005117054097354,0.003705218899995,0.1083089336752891,0.4063877463340759,0.0219135731458663,-0.1107526868581771,0.3854951560497284,0.0257336199283599,0.1595656275749206,0.7416782975196838,0.1537073701620102,-0.0978779643774032,0.7301676869392395,0.1530121564865112,0
17,-0.0227779801934957,-0.6461688280105591,-0.2007635980844497,0.1457252502441406,-0.5281421542167664,-0.0425787009298801,0.2481223493814468,-0.7042182087898254,-0.082046054303646,-0.1578070521354675,-0.5237323641777039,-0.0404795557260513,-0.2875770926475525,-0.6789075136184692,-0.0906819552183151,0.2905130684375763,-0.9214598536491394,-0.1436031609773636,-0.2759085595607757,-0.9011591076850892,-0.168968990445137,0.1091645359992981,-2.638323167047929e-05,-0.0020507820881903,-0.1093493029475212,-0.0005261085461825,0.0032279700972139,0.1089774072170257,0.405917227268219,0.0240335594862699,-0.1102688983082771,0.3855069279670715,0.0266150496900081,0.1590604186058044,0.7407174110412598,0.1555744260549545,-0.0987521037459373,0.7291189432144165,0.1565104871988296,0
18,-0.0195013675838708,-0.6448196172714233,-0.2218616753816604,0.1462821960449218,-0.5271753668785095,-0.0619919672608375,0.2483762204647064,-0.705386757850647,-0.1060792282223701,-0.1564957946538925,-0.522659957408905,-0.0615670084953308,-0.2869102954864502,-0.6785154938697815,-0.1146035268902778,0.2906464338302612,-0.9232445955276488,-0.1697774082422256,-0.2755023539066314,-0.9010955691337584,-0.1928402930498123,0.1092856973409652,-0.0001141471730079,-0.0012334805214777,-0.1094764247536659,-0.0004467291873879,0.0024103755131363,0.1121701747179031,0.4058656096458435,0.0248572938144207,-0.1099535897374153,0.3858121037483215,0.0255219303071498,0.1623456478118896,0.7404980063438416,0.1562069058418274,-0.0987166166305542,0.7293968200683594,0.1560358554124832,0
19,-0.0182181000709533,-0.6405209898948669,-0.2410482466220855,0.1454137116670608,-0.5222122073173523,-0.0798067674040794,0.2453961819410324,-0.7025948762893677,-0.1253398060798645,-0.156267449259758,-0.5161685347557068,-0.0782478004693985,-0.2870261967182159,-0.6690727472305298,-0.1321528851985931,0.2862826287746429,-0.918371856212616,-0.1896497905254364,-0.2751984596252441,-0.8950454592704773,-0.2103956192731857,0.1093326359987258,-0.0001305584592046,-0.0009563732892274,-0.1095216870307922,-0.0004343412292655,0.0021441678982228,0.1119908243417739,0.4058568179607391,0.0235816966742277,-0.10940732806921,0.3863177597522735,0.025073179975152,0.1620829999446869,0.7404288649559021,0.1544370204210281,-0.0984179303050041,0.7295081615447998,0.1559653282165527,0
20,-0.0122832767665386,-0.6406095623970032,-0.2354616373777389,0.1463429480791092,-0.5221930742263794,-0.0747709423303604,0.2451781332492828,-0.7029291987419128,-0.1212645098567009,-0.1549265384674072,-0.516182541847229,-0.0733751878142356,-0.2869249880313873,-0.6694376468658447,-0.1272868514060974,0.2864800989627838,-0.918542742729187,-0.1877152919769287,-0.2748322784900665,-0.8952449560165405,-0.2057631164789199,0.109450526535511,-0.0001242486032424,-0.0008971798233687,-0.1096411794424057,-0.0004444406949914,0.002080351812765,0.1122825667262077,0.4054465889930725,0.0243569836020469,-0.1087805330753326,0.3863797485828399,0.0266972742974758,0.1619996875524521,0.7392514944076538,0.156604528427124,-0.0987297892570495,0.7289090156555176,0.1603123992681503,1
21,-0.0125531610101461,-0.6366233825683594,-0.2450921237468719,0.1463060826063156,-0.5209865570068359,-0.0806986838579177,0.2469825595617294,-0.7015417814254761,-0.1249454617500305,-0.1547805666923523,-0.5150477290153503,-0.0829865559935569,-0.2866967022418976,-0.6657513380050659,-0.1356974989175796,0.288073867559433,-0.918415069580078,-0.1906942278146743,-0.2747954726219177,-0.8927050232887268,-0.2147267907857895,0.1094952896237373,-0.0001268401974812,-0.0004488576669245,-0.1096842512488365,-0.0004442748322617,0.0016296872636303,0.112308569252491,0.4054143726825714,0.0230254810303449,-0.1082700490951538,0.3865796625614166,0.0238575395196676,0.1620361655950546,0.7393486499786377,0.1546362340450287,-0.0970213413238525,0.729221761226654,0.156283438205719,1
22,-0.0126721849665045,-0.6344531774520874,-0.2518296539783478,0.1462842375040054,-0.5195819139480591,-0.0903859734535217,0.2458595484495163,-0.7017048597335815,-0.1364953964948654,-0.1541937589645385,-0.5143319964408875,-0.088262639939785,-0.2859117984771728,-0.6678204536437988,-0.1406288743019104,0.2830703258514404,-0.9198631644248962,-0.1976644843816757,-0.2740328311920166,-0.8968963027000427,-0.2173308432102203,0.1095354408025741,-0.0001412673736922,-0.0004340396262705,-0.1097234785556793,-0.0004329439252614,0.0016121804947033,0.1125011965632438,0.4051889777183532,0.0222604889422655,-0.1078188344836235,0.3872104287147522,0.0248181410133838,0.1606236547231674,0.7392666339874268,0.1547190845012664,-0.0952392518520355,0.7293241024017334,0.1580263376235962,1
23,-0.0127734094858169,-0.6342030763626099,-0.2508091926574707,0.1460484564304351,-0.519391655921936,-0.0876806676387786,0.2458938956260681,-0.7015132308006287,-0.1343966573476791,-0.1545196622610092,-0.514083206653595,-0.088967390358448,-0.2859387397766113,-0.6676061749458313,-0.142110675573349,0.2837888896465301,-0.9198916554450988,-0.1964224129915237,-0.2740315794944763,-0.8961670398712158,-0.2195489406585693,0.109605886042118,-0.000149023355334,5.188175055081956e-05,-0.1097949221730232,-0.0004291810037102,0.0011275785509496,0.1123759597539901,0.4051924645900726,0.0233629830181598,-0.1075605228543281,0.387238472700119,0.0248370952904224,0.1599300652742386,0.7392420172691345,0.1557933390140533,-0.0951802358031272,0.7289257645606995,0.1583577990531921,1
24,-0.0097663290798664,-0.6411631107330322,-0.216127336025238,0.1460804492235183,-0.5250388383865356,-0.0452598519623279,0.2458114475011825,-0.7082480192184448,-0.0743412375450134,-0.1557961851358413,-0.5176611542701721,-0.0600979514420032,-0.2881392538547516,-0.6759778261184692,-0.1166923567652702,0.2837769389152527,-0.9266344308853148,-0.1288696080446243,-0.2739085853099823,-0.9010660648345948,-0.1965210288763046,0.1096419543027877,-0.0001790710230125,8.464224811177701e-05,-0.1098306253552436,-0.0004024823138024,0.0010943571105599,0.1120124906301498,0.4049830436706543,0.0258392337709665,-0.1092221438884735,0.3872578740119934,0.0264606699347496,0.1598589569330215,0.7410233616828918,0.1547852456569671,-0.0973057001829147,0.7296743392944336,0.1569670289754867,1
25,-0.0097444280982017,-0.642822265625,-0.2121328860521316,0.1463261991739273,-0.5253732800483704,-0.0417359583079814,0.2458406835794448,-0.7082824110984802,-0.0741573721170425,-0.1565713435411453,-0.5176723599433899,-0.0571973137557506,-0.2885207831859588,-0.6757969856262207,-0.115459032356739,0.2841872572898865,-0.9264930486679076,-0.1315149813890457,-0.2738540470600128,-0.8994287848472595,-0.1957425475120544,0.109808512032032,-0.0001644350413698,0.0003570588887669,-0.1099991798400878,-0.0004227942263241,0.0008176611736416,0.1108799949288368,0.4050281047821045,0.0266273971647024,-0.1100740954279899,0.3872358798980713,0.0265719909220933,0.1540363878011703,0.7416216731071472,0.1557739228010177,-0.0985804572701454,0.7298170328140259,0.1565045863389969,1
26,-0.0098137706518173,-0.6442685723304749,-0.2205659449100494,0.1462726294994354,-0.5250710844993591,-0.0499025471508502,0.2458666563034057,-0.7081187963485718,-0.0753329917788505,-0.1566765904426574,-0.5169093012809753,-0.0630053952336311,-0.2907199263572693,-0.6736103296279907,-0.1209841072559356,0.2866906821727752,-0.9266608953475952,-0.1364809423685073,-0.2743523716926574,-0.8968769311904907,-0.2018868327140808,0.10984668135643,-0.0001733349781716,0.0001846680097514,-0.1100367680191993,-0.0004176570510026,0.0009787782328203,0.1108335703611373,0.4050126373767853,0.0282591748982667,-0.1105874255299568,0.387487918138504,0.0313908047974109,0.1546126306056976,0.7415653467178345,0.1586508154869079,-0.1004572063684463,0.7301873564720154,0.1629343032836914,1
27,-0.0097895702347159,-0.6446324586868286,-0.2211019098758697,0.1455727070569992,-0.5246529579162598,-0.0512969568371772,0.2454251199960708,-0.7044256329536438,-0.0761201754212379,-0.1573705077171325,-0.5167726278305054,-0.0633698254823684,-0.2945918440818786,-0.6718833446502686,-0.1211473047733306,0.2857769429683685,-0.9198437929153442,-0.1446176469326019,-0.2758864164352417,-0.8942691087722778,-0.2021306008100509,0.1098935604095459,-0.0002665236825123,0.0003421030705794,-0.1100821942090988,-0.0003313892229925,0.0008215000852942,0.1106834784150123,0.4050207734107971,0.0281505025923252,-0.1120913624763488,0.3876974284648895,0.0303676277399063,0.1540660262107849,0.7416278123855591,0.1576962918043136,-0.101431056857109,0.7308723330497742,0.1596137434244156,1
28,-0.0098246149718761,-0.6468906998634338,-0.2213909327983856,0.145336166024208,-0.5253966450691223,-0.0520466119050979,0.2447330206632614,-0.707487940788269,-0.0801004245877265,-0.1578426957130432,-0.5167474746704102,-0.0644503235816955,-0.2963463366031647,-0.6718325614929199,-0.1234944835305213,0.2857380509376526,-0.9227985739707948,-0.1440849006175995,-0.277401864528656,-0.8934385776519775,-0.2042667120695114,0.1099358573555946,-0.0002691891859285,0.0004173863271716,-0.1101250275969505,-0.0003310649481136,0.0007425107760354,0.1103897392749786,0.4047526121139526,0.0294413585215806,-0.1128288581967353,0.3876230120658874,0.0311823040246963,0.1527197808027267,0.7416058778762817,0.1578093320131302,-0.1038775965571403,0.7303431034088135,0.1600910425186157,1
29,-0.0088154971599578,-0.6468947529792786,-0.2217060327529907,0.1454948484897613,-0.5258400440216064,-0.0514887832105159,0.2447915524244308,-0.7071941494941711,-0.0809269398450851,-0.1581438034772873,-0.5167628526687622,-0.064651034772396,-0.2966251969337463,-0.6716686487197876,-0.1239915415644645,0.286484956741333,-0.9214367866516112,-0.1436090767383575,-0.2775116264820099,-0.8933618664741516,-0.2050820887088775,0.1100436672568321,-0.0002820458030328,0.0004677539691329,-0.1102347299456596,-0.0003209041897207,0.0006882562302052,0.1100363433361053,0.4051339328289032,0.0295102074742317,-0.1133595779538154,0.3876547813415527,0.0313276387751102,0.1523684561252594,0.7422389984130859,0.1577949672937393,-0.1050660088658332,0.7303475141525269,0.1601160615682602,1
30,-0.0088240662589669,-0.6471494436264038,-0.2216791361570358,0.1453890800476074,-0.5259500741958618,-0.0515460148453712,0.2446340024471283,-0.7071831226348877,-0.0817156881093978,-0.159071609377861,-0.5170124173164368,-0.0648311972618103,-0.2968949377536773,-0.6717920303344727,-0.12448401004076,0.2864176034927368,-0.9215294122695924,-0.1425146162509918,-0.2779580950736999,-0.8931387662887573,-0.2061526924371719,0.1100789830088615,-0.0003075539134442,0.0004863635986112,-0.1102700755000114,-0.0002970531058963,0.0006673750467598,0.1101619973778724,0.4051300883293152,0.029652589932084,-0.1128782033920288,0.3876697719097137,0.0318816602230072,0.1545082181692123,0.7423176765441895,0.1577996462583542,-0.1044147312641143,0.7303552627563477,0.1603323519229889,1
31,-0.0086920876055955,-0.6484447121620178,-0.2249679714441299,0.1451520472764969,-0.5263590812683105,-0.0544825382530689,0.2433641105890274,-0.7083091139793396,-0.0866730287671089,-0.1595297753810882,-0.517020046710968,-0.0727628991007804,-0.297040045261383,-0.6710237264633179,-0.1365289092063903,0.2858776152133941,-0.9222083687782288,-0.1483858525753021,-0.2786333560943603,-0.8904383182525635,-0.2174040824174881,0.1102190464735031,-0.0004159288073424,0.0017178576672449,-0.1104168072342872,-0.0001910525461426,-0.0005690605612471,0.1111651510000228,0.4046874046325683,0.0303262714296579,-0.1136383265256881,0.3876613080501556,0.029171472415328,0.154490515589714,0.7411584854125977,0.1616749018430709,-0.1057020649313926,0.7298974990844727,0.1592359840869903,1
32,-0.007626655511558,-0.6483224034309387,-0.2250968068838119,0.1452626138925552,-0.5265997052192688,-0.0541814379394054,0.2439862340688705,-0.7100841403007507,-0.0854536965489387,-0.1596181988716125,-0.5173167586326599,-0.0727933794260025,-0.2972166538238525,-0.6711365580558777,-0.1360976845026016,0.2874501645565033,-0.9226247072219848,-0.1463992297649383,-0.2793923914432525,-0.8902485966682434,-0.2169160544872284,0.1102536097168922,-0.0004361772444099,0.0018424242734909,-0.1104515492916107,-0.0001721251028357,-0.0006967457011342,0.1124931424856185,0.4044496417045593,0.0298719704151153,-0.1137004196643829,0.387625902891159,0.028854290023446,0.1559888869524002,0.7416572570800781,0.1571893393993377,-0.1052505746483802,0.7299790978431702,0.1561803072690963,1
33,-0.0066472822800278,-0.6482123732566833,-0.2259968519210815,0.1454332619905471,-0.5265998840332031,-0.0543903745710849,0.2445343434810638,-0.7084900140762329,-0.0882754102349281,-0.1596601903438568,-0.5171495079994202,-0.0744467303156852,-0.2962576746940613,-0.6693928837776184,-0.1384201943874359,0.2880814671516418,-0.92032790184021,-0.1536246389150619,-0.2793940305709839,-0.8895989060401917,-0.2196589261293411,0.1104044914245605,-0.0004600382817443,0.0019994431640952,-0.1106072813272476,-0.0001504252140875,-0.0008590909419581,0.1106341481208801,0.4053388237953186,0.0297636277973651,-0.1145006641745567,0.3876529932022095,0.0284720379859209,0.1528422236442566,0.7421503663063049,0.1579668372869491,-0.1065218821167945,0.7294632196426392,0.1565173119306564,1
34,-0.0072759985923767,-0.6488621830940247,-0.2249845713376999,0.1450214087963104,-0.5270005464553833,-0.053514789789915,0.2435041517019271,-0.7087374329566956,-0.0861711427569389,-0.1602953374385833,-0.517399787902832,-0.0740190371870994,-0.2967540919780731,-0.6696325540542603,-0.1380704939365387,0.2880031764507293,-0.9203758239746094,-0.1487468630075454,-0.2799307405948639,-0.8894428610801697,-0.2187986820936203,0.1104384586215019,-0.000480491988128,0.0024791271425783,-0.1106415539979934,-0.0001301727752434,-0.001331806066446,0.1107684820890426,0.4049987494945526,0.0312290526926517,-0.1145824715495109,0.3875951170921325,0.0278705600649118,0.1528070569038391,0.7418999075889587,0.1579887419939041,-0.1084814444184303,0.7295166254043579,0.1540145277976989,1
35,-0.0062747979536652,-0.6488393545150757,-0.2277837544679641,0.1449274569749832,-0.5268276333808899,-0.0551056563854217,0.2430923730134964,-0.70856773853302,-0.0894459560513496,-0.160314068198204,-0.517078161239624,-0.0769071727991104,-0.2973975837230682,-0.6691068410873413,-0.1419848203659057,0.2878890335559845,-0.9202588200569152,-0.1534670740365982,-0.2824307978153229,-0.8894277811050415,-0.2225276529788971,0.1104932352900505,-0.000594285025727,0.002948370995,-0.1106986105442047,-1.808279012038838e-05,-0.0018031813669949,0.1108118072152137,0.4050136804580688,0.0310043562203645,-0.1146384477615356,0.3879956901073456,0.0256434697657823,0.1526783406734466,0.7417295575141907,0.158564880490303,-0.1084464341402053,0.7298244833946228,0.1528829932212829,1
36,-0.0058922600001096,-0.6488349437713623,-0.2182078808546066,0.1453262865543365,-0.5268340706825256,-0.0467266514897346,0.2448127269744873,-0.7085907459259033,-0.0745226964354515,-0.159491017460823,-0.5182523727416992,-0.0599150583148002,-0.297416478395462,-0.6775110363960266,-0.1154421493411064,0.2896215319633484,-0.9252876043319702,-0.1291205883026123,-0.2792863547801971,-0.9023268222808838,-0.1951365917921066,0.1104782074689865,-0.0005775676690973,0.0020516191143542,-0.1106786951422691,-3.689837103593163e-05,-0.0009063518373295,0.1106497347354888,0.4054350256919861,0.0314158573746681,-0.1128062009811401,0.3880555927753448,0.0295390728861093,0.1572699844837188,0.7429170608520508,0.158593475818634,-0.1065860390663147,0.7302424907684326,0.1581083983182907,1
37,-0.0056011918932199,-0.6484230756759644,-0.2184776365756988,0.145417645573616,-0.526827871799469,-0.0468160361051559,0.2474437355995178,-0.708533525466919,-0.0742463842034339,-0.1594712287187576,-0.5185556411743164,-0.0608640015125274,-0.2974793016910553,-0.6773335337638855,-0.1176709458231926,0.2915469706058502,-0.9266993403434752,-0.1305674761533737,-0.2779957950115204,-0.9016976952552797,-0.1974541395902633,0.1104890555143356,-0.000600024650339,0.0021055554971098,-0.1106899082660675,-1.612376763659995e-05,-0.0009615584858693,0.1114856451749801,0.4049476087093353,0.0339365005493164,-0.1124768480658531,0.3880460858345032,0.0299194455146789,0.1601585000753402,0.7416871786117554,0.1614322066307068,-0.1065896674990654,0.7301110625267029,0.15889373421669,1
38,-0.005247080232948,-0.6487886309623718,-0.2195558696985244,0.1457678824663162,-0.5268025994300842,-0.0473240315914154,0.2491409629583358,-0.7085886001586914,-0.0748753547668457,-0.1594151705503463,-0.5195817947387695,-0.0615115575492382,-0.2975065112113952,-0.6785295009613037,-0.1185490414500236,0.2937614023685455,-0.9271146059036256,-0.1316239386796951,-0.2780150771141052,-0.901344358921051,-0.1986859440803527,0.1105000972747802,-0.0005943911382928,0.0019253748469054,-0.1107012405991554,-2.3675631382502612e-05,-0.0007847546949051,0.1118049994111061,0.4048983454704284,0.034836821258068,-0.1117087453603744,0.3880183100700378,0.0333015024662017,0.1614135652780532,0.741655170917511,0.161718264222145,-0.1065313145518302,0.7300629019737244,0.1639544516801834,1
39,-0.0038320373278111,-0.6490078568458557,-0.2186574637889862,0.1459337770938873,-0.5282268524169922,-0.0434348843991756,0.2491167485713958,-0.7104827165603638,-0.0645159631967544,-0.1593852341175079,-0.5201395153999329,-0.0619279779493808,-0.2976279854774475,-0.6789131164550781,-0.1191715076565742,0.2945096492767334,-0.928061306476593,-0.118217721581459,-0.277752935886383,-0.9010911583900452,-0.199422225356102,0.1105228513479232,-0.0006675757467746,0.0023080031387507,-0.1107230857014656,4.552707105176523e-05,-0.0011665240162983,0.1116405054926872,0.4050053656101227,0.0386516340076923,-0.1117263063788414,0.3882869482040405,0.0332347229123115,0.1644730865955352,0.7404977679252625,0.1666461825370788,-0.1066920980811119,0.7301040291786194,0.1638315469026565,1
40,-0.0045630219392478,-0.6491168141365051,-0.2175295948982238,0.1451909691095352,-0.5282915234565735,-0.0410122536122798,0.2492891103029251,-0.7103319764137268,-0.0642544701695442,-0.160561978816986,-0.5206992626190186,-0.0614264160394668,-0.2991301119327545,-0.6793845891952515,-0.1182743832468986,0.2942661941051483,-0.9278566837310792,-0.1203288286924362,-0.2816626131534576,-0.9011265635490416,-0.1993768662214279,0.1105287671089172,-0.0006769768078811,0.002510420512408,-0.110728733241558,5.39344000571873e-05,-0.0013677481329068,0.111485943198204,0.4049620330333709,0.0388779416680336,-0.1122681722044944,0.3881547152996063,0.0327094160020351,0.163054347038269,0.740568220615387,0.166643738746643,-0.108821615576744,0.7300916314125061,0.1626279652118683,1
41,-0.0048157512210309,-0.6481814384460449,-0.231762021780014,0.1451403796672821,-0.5270981788635254,-0.0578004606068134,0.249246597290039,-0.7073083519935608,-0.0912509933114051,-0.1605207175016403,-0.5199683308601379,-0.0735481828451156,-0.2997493743896484,-0.6737926006317139,-0.1296694427728653,0.2942910492420196,-0.9228283762931824,-0.1596864461898803,-0.2838241159915924,-0.8946122527122498,-0.213123619556427,0.1105474904179573,-0.0006903686444275,0.0023761480115354,-0.1107484847307205,6.670550646958873e-05,-0.0012305723503232,0.111489713191986,0.4050816297531128,0.0363451689481735,-0.1127032190561294,0.3881573379039764,0.0326828248798847,0.1636801064014434,0.7405750155448914,0.1629823148250579,-0.1088311076164245,0.7295414209365845,0.1626242995262146,1
42,-0.0054505420848727,-0.648216962814331,-0.2309153378009796,0.1445831358432769,-0.5270641446113586,-0.0565504357218742,0.2491011172533035,-0.7059305310249329,-0.0904674008488655,-0.161351591348648,-0.5196962952613831,-0.0733661949634552,-0.3008005917072296,-0.6723425984382629,-0.1295449137687683,0.2945221662521362,-0.9198284149169922,-0.1568536162376403,-0.2861004173755646,-0.8926786184310913,-0.2129333913326263,0.1105528995394706,-0.0006761811673641,0.0024087519850581,-0.1107536032795906,5.296061863191426e-05,-0.0012658744817599,0.1105909049510955,0.4051434099674225,0.0358491316437721,-0.1128486841917038,0.3879590034484863,0.032548252493143,0.1606097519397735,0.7413489818572998,0.159880980849266,-0.109401062130928,0.7291767597198486,0.161683976650238,1
43,-0.0054064271971583,-0.6479587554931641,-0.2328854650259018,0.1438590288162231,-0.5263118743896484,-0.0563245899975299,0.2488874047994613,-0.7051765322685242,-0.0902261063456535,-0.1621160209178924,-0.5186274647712708,-0.0768974125385284,-0.302533894777298,-0.6715872883796692,-0.1352814584970474,0.2945547103881836,-0.9195734858512878,-0.1597509980201721,-0.290378987789154,-0.8926572203636169,-0.2173823416233062,0.1106086820363998,-0.0009412036743015,0.0025253121275454,-0.1108179613947868,0.0003130101249553,-0.0013904218794777,0.1095670163631439,0.4061684608459472,0.034513421356678,-0.112967848777771,0.3888258039951324,0.0292439274489879,0.1580819338560104,0.7420507073402405,0.1598917692899704,-0.1049700155854225,0.7307742238044739,0.1581882983446121,1
44,-0.0080057242885231,-0.6472731828689575,-0.2363418340682983,0.1418379545211792,-0.5262466073036194,-0.0583071932196617,0.2462608367204666,-0.7059438228607178,-0.0909732282161712,-0.1636120676994323,-0.517390251159668,-0.0830137655138969,-0.303104430437088,-0.6703479886054993,-0.1421319991350174,0.2935090363025665,-0.9202117323875428,-0.1592793613672256,-0.2935585975646972,-0.8920286893844604,-0.223181664943695,0.1106257364153862,-0.0010264659067615,0.0034384701866656,-0.1108372285962104,0.0003970439138356,-0.0022891967091709,0.1091813221573829,0.4065292179584503,0.0346585363149642,-0.1133451461791992,0.3889558017253876,0.0266896709799766,0.1553219854831695,0.7432879209518433,0.1596388816833496,-0.1061190366744995,0.7310696840286255,0.1542888581752777,1
45,-0.0075678974390029,-0.646247386932373,-0.2390525937080383,0.1420977860689163,-0.5259721279144287,-0.0594613999128341,0.2480473965406417,-0.7076139450073242,-0.0904304608702659,-0.1633294969797134,-0.5168375968933105,-0.0849446356296539,-0.3037646114826202,-0.6703805327415466,-0.1436498761177063,0.2959436178207397,-0.9220781326293944,-0.1575377583503723,-0.2969866394996643,-0.8922844529151917,-0.2249191999435424,0.1106741055846214,-0.0010828369995579,0.0035719650331884,-0.1108934506773948,0.0004508201382122,-0.0024295104667544,0.1084066182374954,0.4073647856712341,0.0349685363471508,-0.1131259649991989,0.3892793655395508,0.0266098380088806,0.1545491963624954,0.7433432936668396,0.1628469973802566,-0.1052254438400268,0.7313809394836426,0.1546518206596374,1
46,-0.0077930972911417,-0.6470726132392883,-0.2254363000392913,0.1424515843391418,-0.5271241664886475,-0.0521703176200389,0.2478019893169403,-0.7113701105117798,-0.0843044742941856,-0.1629326045513153,-0.5169797539710999,-0.0715204700827598,-0.3037844002246856,-0.6719728708267212,-0.1328498721122741,0.2963802516460418,-0.9252195358276368,-0.1477554887533188,-0.2966313064098358,-0.894774854183197,-0.2154940664768219,0.1107103079557418,-0.0010249997721984,0.0036185523495078,-0.1109272092580795,0.0003938715963158,-0.0024754931218922,0.1082048192620277,0.407399833202362,0.0349147729575634,-0.114572674036026,0.3883874416351318,0.0259680934250354,0.1537353843450546,0.7432714104652405,0.1636068224906921,-0.1079084277153015,0.7291558384895325,0.1546935588121414,1
47,-0.0048828949220478,-0.6507225632667542,-0.214041993021965,0.1465716958045959,-0.5288940668106079,-0.0430038459599018,0.2506992518901825,-0.7123345732688904,-0.0758323073387146,-0.1603744477033615,-0.520595133304596,-0.0596246048808097,-0.300643116235733,-0.6772186756134033,-0.1187772303819656,0.3010267317295074,-0.9260517358779908,-0.1421259939670562,-0.2914924621582031,-0.8973985314369202,-0.2032599449157714,0.110720619559288,-0.0008623095345683,0.0034804577007889,-0.1109369844198226,0.0002339907514397,-0.0023417505435645,0.1081771031022071,0.4074170589447021,0.034965842962265,-0.1135840788483619,0.3876173496246338,0.0264459047466516,0.1552791446447372,0.7433278560638428,0.1633754968643188,-0.1073041185736656,0.72855544090271,0.1551880538463592,1
48,-0.0050323172472417,-0.6509796977043152,-0.2125473320484161,0.1467887312173843,-0.5287041664123535,-0.0409840829670429,0.2556009590625763,-0.7123088240623474,-0.0718184635043144,-0.1603909134864807,-0.5205739140510559,-0.0587704703211784,-0.3002706468105316,-0.6773661971092224,-0.1170339733362197,0.3065775036811828,-0.9257237315177916,-0.1359825730323791,-0.2904922366142273,-0.8980722427368164,-0.2004058808088302,0.1107185110449791,-0.0007772120879963,0.0039243991486728,-0.1109308376908302,0.0001510622241767,-0.0027733815368264,0.1085847243666648,0.4055236279964447,0.0360907092690467,-0.1127770915627479,0.3859339952468872,0.0258493851870298,0.152436688542366,0.7421934008598328,0.1633755713701248,-0.1043708398938179,0.7275288701057434,0.1535958349704742,1
49,-0.0025155125185847,-0.6510905623435974,-0.221946969628334,0.1477476954460144,-0.5281554460525513,-0.0452587343752384,0.2596167325973511,-0.712375283241272,-0.0725325867533683,-0.1597132533788681,-0.520725429058075,-0.0660304725170135,-0.3002833425998688,-0.677392303943634,-0.1225090473890304,0.3088155388832092,-0.9258679747581482,-0.1361700445413589,-0.2906167507171631,-0.898154079914093,-0.2067795544862747,0.1107520461082458,-0.0007669123588129,0.0039405361749231,-0.1109635010361671,0.0001390990510117,-0.0027898729313164,0.1117713972926139,0.4042443633079529,0.0370636023581028,-0.1124835982918739,0.3859423100948334,0.0290181431919336,0.1549586653709411,0.7400691509246826,0.1663392335176468,-0.1034755706787109,0.7266201972961426,0.1614039838314056,1
50,-0.0014919630484655,-0.6508744359016418,-0.2216359674930572,0.1486823409795761,-0.5280853509902954,-0.0450724214315414,0.2622324526309967,-0.7108097672462463,-0.0726953223347663,-0.15928715467453,-0.5220068693161011,-0.0661134272813797,-0.2988263368606567,-0.6782177090644836,-0.1225246861577034,0.3132172226905823,-0.9191405177116394,-0.1369385719299316,-0.2879994213581085,-0.898094117641449,-0.2062183022499084,0.1107614263892173,-0.0006534390267916,0.0041051134467124,-0.1109706684947013,2.6535859433352016e-05,-0.002947368659079,0.1138788610696792,0.4029161632061004,0.034976165741682,-0.1124749556183815,0.3853298425674438,0.0278464723378419,0.1553711593151092,0.7396051287651062,0.1612785458564758,-0.1030147820711135,0.7256239056587219,0.157694473862648,1
51,0.0028855742421001,-0.6496825218200684,-0.236440047621727,0.1510732769966125,-0.5253830552101135,-0.0597990714013576,0.2651580274105072,-0.7099621295928955,-0.093949444591999,-0.1563364118337631,-0.5205753445625305,-0.0825096741318702,-0.2983213663101196,-0.6771513223648071,-0.14097361266613,0.3142912089824676,-0.9174423217773438,-0.1631610095500946,-0.2882408499717712,-0.8969063758850098,-0.2223718017339706,0.1108420640230178,-0.0006321207620203,0.0047482433728873,-0.1110513657331466,4.852824076806428e-06,-0.0035798619501292,0.1140681728720665,0.4031226933002472,0.0345891043543815,-0.1121016889810562,0.3853729665279388,0.0262663047760725,0.1553454250097274,0.7380914092063904,0.1668723076581955,-0.1021897718310356,0.7248914837837219,0.1590930819511413,1
52,0.0028930937405675,-0.6480163931846619,-0.2435375601053238,0.1514217257499694,-0.5241831541061401,-0.0702317506074905,0.2658506631851196,-0.7082092761993408,-0.1038553938269615,-0.1550488471984863,-0.5204216837882996,-0.0867504924535751,-0.2982369065284729,-0.6770271062850952,-0.1433604657649994,0.3207663595676422,-0.9149807095527648,-0.1731299310922622,-0.2920134961605072,-0.8972309827804565,-0.226713553071022,0.1108279377222061,-0.0005160326254554,0.0046674283221364,-0.1110332310199737,-0.0001072260565706,-0.0034986701793968,0.1144779101014137,0.4026927947998047,0.0321118459105491,-0.1123532354831695,0.3852734863758087,0.026252444833517,0.1554312258958816,0.737721860408783,0.1628824174404144,-0.1018929705023765,0.7244258522987366,0.159058004617691,1
53,0.0029884036630392,-0.6462618112564087,-0.2464383989572525,0.1517171412706375,-0.524116039276123,-0.0711124092340469,0.2683959305286407,-0.7083879113197327,-0.1062461659312248,-0.1545371115207672,-0.5205222964286804,-0.0923413783311843,-0.2969944179058075,-0.6773130893707275,-0.1494390815496444,0.3236398994922638,-0.9150887727737428,-0.1790158599615097,-0.2927187383174896,-0.8981257677078247,-0.2320039868354797,0.1108602732419967,-0.0004914586897939,0.0057038594968616,-0.1110668703913688,-0.0001302477758144,-0.0045404946431517,0.1175503432750701,0.4022246301174164,0.0315671414136886,-0.1125723496079444,0.3848945796489715,0.0209338255226612,0.1580016463994979,0.7355439066886902,0.1636128723621368,-0.1021165326237678,0.7232618927955627,0.1561695784330368,1
54,0.0029925822746008,-0.6431025266647339,-0.2593139708042145,0.1519204080104828,-0.5230131149291992,-0.0845242291688919,0.2696048021316528,-0.7085998058319092,-0.1250352263450622,-0.1525822430849075,-0.5191865563392639,-0.1065558716654777,-0.2937541604042053,-0.6751295328140259,-0.1699273735284805,0.3278780281543731,-0.9170074462890624,-0.1998355537652969,-0.2942178547382355,-0.8979678750038147,-0.2552260458469391,0.1108466908335685,-0.0004493215528782,0.0063015785999596,-0.1110558286309242,-0.0001657352113397,-0.0051471516489982,0.1206884756684303,0.4021354019641876,0.0286131035536527,-0.1133997291326522,0.3842924833297729,0.012063879519701,0.1601241528987884,0.735377311706543,0.1630142629146576,-0.1028664782643318,0.7226327657699585,0.1500468850135803,1
55,0.0057643949985504,-0.6434357166290283,-0.251675546169281,0.1548080146312713,-0.523413360118866,-0.0738442540168762,0.2769598364830017,-0.7073090076446533,-0.107572965323925,-0.1514006406068802,-0.5214107632637024,-0.0994463786482811,-0.2924881875514984,-0.6768742203712463,-0.1574879586696624,0.3342244923114776,-0.9145655035972596,-0.1809209138154983,-0.2917005121707916,-0.8999015688896179,-0.2427298128604889,0.1109658405184745,-0.000303158420138,0.006511581595987,-0.1111746728420257,-0.0003135747392661,-0.0053577306680381,0.1242429912090301,0.4003845453262329,0.0270565245300531,-0.1130226403474807,0.3836857676506042,0.0144937029108405,0.1638145297765731,0.731879472732544,0.1618634462356567,-0.1013013646006584,0.7195927500724792,0.1560323387384414,1
56,0.0097940331324934,-0.643631100654602,-0.2508292198181152,0.1552226245403289,-0.523418128490448,-0.0714244842529296,0.278510183095932,-0.7080813050270081,-0.1005734577775001,-0.1505313962697982,-0.5215585827827454,-0.0997053682804107,-0.2904862463474273,-0.676846981048584,-0.1594878435134887,0.3378595411777496,-0.9161447882652284,-0.1731246262788772,-0.2915316820144653,-0.9006962776184082,-0.2432474046945572,0.1109839975833892,-0.0002459849929437,0.0073033105581998,-0.1111950427293777,-0.0003704553237184,-0.0061698975041508,0.1258238703012466,0.3986046314239502,0.027559608221054,-0.112606331706047,0.3826665580272674,0.0147816287353634,0.167523443698883,0.7261821031570435,0.1673779040575027,-0.0967035368084907,0.715865969657898,0.1605853885412216,1
57,0.0104557946324348,-0.6434202790260315,-0.2509986758232116,0.1557314991950988,-0.5234851837158203,-0.0718805119395256,0.2788255214691162,-0.7095877528190613,-0.1064489856362342,-0.1488871276378631,-0.521473228931427,-0.1024960801005363,-0.2893264591693878,-0.6762700080871582,-0.1679126769304275,0.3376084864139557,-0.9176926612854004,-0.1836456209421157,-0.2915348708629608,-0.9004351496696472,-0.2521604895591736,0.1109882444143295,-0.0002218841254943,0.0087717371061444,-0.1112026944756507,-0.0003911518142558,-0.0076620699837803,0.1287409365177154,0.3965652585029602,0.021825224161148,-0.1155117452144622,0.3782849907875061,-0.0163379311561584,0.1690283566713333,0.7230968475341797,0.1620625853538513,-0.0980612412095069,0.7134536504745483,0.1283144801855087,1
58,0.0106865987181663,-0.6459807753562927,-0.2380284965038299,0.1586150527000427,-0.5244932174682617,-0.0640981644392013,0.2838339209556579,-0.7082618474960327,-0.1029151231050491,-0.1478471457958221,-0.5247279405593872,-0.0842662081122398,-0.2891246080398559,-0.6780784726142883,-0.1433955878019333,0.3409946262836456,-0.914543092250824,-0.1830872744321823,-0.2911484241485595,-0.9031992554664612,-0.2312688678503036,0.1110487729310989,-3.615393507061526e-05,0.0074611119925975,-0.1112623959779739,-0.0005702513735741,-0.0063552809879183,0.1298297494649887,0.396281898021698,0.0155418952926993,-0.1208325028419494,0.3770414590835571,-0.012180283665657,0.1704589873552322,0.720715343952179,0.1620704531669616,-0.0981127023696899,0.7114040851593018,0.133067712187767,1
59,0.0108013208955526,-0.6454089879989624,-0.2421588748693466,0.1591746211051941,-0.5238093733787537,-0.0680330991744995,0.2873817384243011,-0.7060199975967407,-0.1117143481969833,-0.1474348604679107,-0.5247089862823486,-0.0881698429584503,-0.2890926003456116,-0.6778848767280579,-0.1518796980381012,0.3462767899036407,-0.9109108448028564,-0.1962103694677353,-0.2914660573005676,-0.9031761884689332,-0.2420921921730041,0.1110741049051284,6.099946403992362e-05,0.007467548828572,-0.1112895533442497,-0.0006587115349248,-0.0063632605597376,0.1325165778398513,0.3946212232112884,0.0077344663441181,-0.1252250224351883,0.3744580447673797,-0.011273237876594,0.1701350659132003,0.7171927094459534,0.1614482253789901,-0.0996579006314277,0.7071070671081543,0.1350914537906646,1
60,0.0151405492797493,-0.6443535685539246,-0.2461010664701461,0.1627361625432968,-0.5240043997764587,-0.0703033730387687,0.2976656854152679,-0.7126163244247437,-0.1115350946784019,-0.1432386189699173,-0.5240352749824524,-0.0979106873273849,-0.286659687757492,-0.6737813949584961,-0.1733888834714889,0.3603542149066925,-0.925009548664093,-0.1943714469671249,-0.2916927933692932,-0.8998562693595886,-0.2723221182823181,0.111086755990982,0.0001197580204461,0.0087483515962958,-0.1113052368164062,-0.0007019854965619,-0.0077050593681633,0.1363539546728134,0.3903038501739502,0.0066176583059132,-0.1252924054861068,0.3700073957443237,-0.0326464585959911,0.1716969609260559,0.7120954394340515,0.1613137423992157,-0.0997532531619072,0.7027745246887207,0.1196340695023536,1
61,0.0159750413149595,-0.645006537437439,-0.2460031062364578,0.1671056747436523,-0.5238270163536072,-0.0715200453996658,0.3060284852981567,-0.7152674198150635,-0.1120967715978622,-0.1399933099746704,-0.5244967937469482,-0.0958076491951942,-0.2850759923458099,-0.673952579498291,-0.1718349009752273,0.3742902278900146,-0.9307310581207277,-0.193071499466896,-0.291627824306488,-0.9001922011375427,-0.2743511795997619,0.1111015304923057,0.0003334641805849,0.0083500277251005,-0.1113200858235359,-0.0008912217454053,-0.0073239472694695,0.1457387059926986,0.3858543932437897,-0.0105902487412095,-0.1273215264081955,0.3679991960525512,-0.027380671352148,0.1880348771810531,0.704508364200592,0.1522513329982757,-0.0971945971250534,0.6974878311157227,0.1452995538711547,1
62,0.0163943283259868,-0.6464990973472595,-0.2396408915519714,0.1694356203079223,-0.525226891040802,-0.0692643746733665,0.3060588538646698,-0.7151241302490234,-0.1119291260838508,-0.1379923969507217,-0.5251017212867737,-0.0867691859602928,-0.2829278409481048,-0.6737661361694336,-0.1635763049125671,0.371611088514328,-0.9300888180732728,-0.1922937333583831,-0.2917158901691437,-0.9012105464935304,-0.2728681266307831,0.111230194568634,0.0004032381402794,0.0080800829455256,-0.1114520132541656,-0.0009521862957626,-0.0070619476027786,0.1471249312162399,0.3841974437236786,-0.0080228457227349,-0.1308565288782119,0.3664157688617706,-0.0239518824964761,0.1881506443023681,0.6985097527503967,0.1551278978586197,-0.1029854491353035,0.6937710046768188,0.1452269703149795,1
63,0.0174097772687673,-0.6460508108139038,-0.2386423200368881,0.1721149086952209,-0.5251671671867371,-0.0686291009187698,0.3112469017505646,-0.7142987847328186,-0.1117943599820137,-0.1368616819381714,-0.5247659087181091,-0.0869191884994506,-0.2819706499576568,-0.6712371706962585,-0.1813277155160904,0.3780584633350372,-0.925917148590088,-0.1920796036720276,-0.291759580373764,-0.8993211388587952,-0.3056593835353851,0.1113530918955802,0.0005185470217838,0.0086848326027393,-0.1115783378481864,-0.0010422832565382,-0.0076929214410483,0.154465451836586,0.3780882358551025,-0.0407546907663345,-0.1405766755342483,0.3619029223918915,-0.0488309785723686,0.1894701421260833,0.6960121393203735,0.1175659000873565,-0.1041908413171768,0.6923311948776245,0.1152880936861038,1
64,0.0187624525278806,-0.6472092270851135,-0.2375854253768921,0.1728693693876266,-0.5252178311347961,-0.0666680783033371,0.3129444420337677,-0.7150184512138367,-0.110679879784584,-0.1367530673742294,-0.5253881812095642,-0.086683303117752,-0.2821063995361328,-0.6790181398391724,-0.1710965931415558,0.3787159621715545,-0.9252325296401978,-0.1917990297079086,-0.2977358996868133,-0.9078370928764344,-0.2756608724594116,0.1114920079708099,0.0006276668864302,0.0086800884455442,-0.11172466725111,-0.0011397779453545,-0.0076894024387001,0.1577515006065368,0.3775032758712768,-0.036806870251894,-0.149392083287239,0.3606002330780029,-0.0431063510477542,0.1889996528625488,0.692532479763031,0.1243568807840347,-0.1083632707595825,0.6899940371513367,0.1278167963027954,1
65,0.0232737231999635,-0.6485240459442139,-0.2218859642744064,0.1787371784448623,-0.5261180400848389,-0.0499362163245677,0.3199949562549591,-0.714099109172821,-0.0867879912257194,-0.1348148584365844,-0.5263299345970154,-0.0746304169297218,-0.2829228043556213,-0.6804679036140442,-0.1579775363206863,0.3834052383899688,-0.9182755351066588,-0.1667966991662979,-0.3017764985561371,-0.9076343178749084,-0.2683494687080383,0.1118176132440567,0.000876416452229,0.0089352615177631,-0.1120520234107971,-0.0013628137530758,-0.0079499622806906,0.1730473488569259,0.3726863265037536,-0.0519815906882286,-0.1554024070501327,0.3535817265510559,-0.0606181882321834,0.1952439099550247,0.6845906376838684,0.1173105463385582,-0.108299933373928,0.6818295121192932,0.1151228919625282,1
66,0.0227691754698753,-0.6487627625465393,-0.2229718714952469,0.1786698102951049,-0.5256072282791138,-0.0507933683693409,0.3210302889347076,-0.7120279669761658,-0.0887886211276054,-0.1348749101161956,-0.526775598526001,-0.0753090679645538,-0.2837716042995453,-0.6821731328964233,-0.1604306399822235,0.3841505050659179,-0.9176228642463684,-0.1689098328351974,-0.3018369376659393,-0.908022165298462,-0.2756877243518829,0.1119921579957008,0.0011239012237638,0.0089377239346504,-0.1122374683618545,-0.0016006140504032,-0.0079544140025973,0.1706791818141937,0.3724255561828613,-0.0516438037157058,-0.1554630696773529,0.350496232509613,-0.0565454699099063,0.1902117282152176,0.6832396984100342,0.1203295364975929,-0.1061674654483795,0.6774210929870605,0.1205675527453422,1
67,0.0224807430058717,-0.6509843468666077,-0.2141303718090057,0.1785354316234588,-0.5257148742675781,-0.0431740693747997,0.3236095905303955,-0.7118138670921326,-0.0776620134711265,-0.1355799734592437,-0.5269339084625244,-0.0666025578975677,-0.2889430820941925,-0.6832017302513123,-0.1412915289402008,0.3857468366622925,-0.9181962609291076,-0.1531433910131454,-0.3087078332901001,-0.9093106389045716,-0.2453958690166473,0.1121057644486427,0.001177470665425,0.0089642209932208,-0.112345665693283,-0.0016501214122399,-0.0079776523634791,0.1750043630599975,0.3672484159469604,-0.0754282921552658,-0.1682039946317672,0.3485243320465088,-0.069311499595642,0.189772292971611,0.6780995726585388,0.0986375734210014,-0.1108511239290237,0.6760742664337158,0.1077657341957092,1
68,0.0218534357845783,-0.6504703164100647,-0.2149393707513809,0.1793451756238937,-0.5254567265510559,-0.0439077094197273,0.3255013525485992,-0.7109569907188416,-0.0781010910868644,-0.1354379206895828,-0.5272817611694336,-0.0656661763787269,-0.2892257571220398,-0.6845374703407288,-0.1376485973596573,0.3855516314506531,-0.9197519421577454,-0.1511180698871612,-0.3109593987464905,-0.9095692038536072,-0.2434033155441284,0.112311452627182,0.0013681384734809,0.0089038340374827,-0.1125518903136253,-0.0018319261725991,-0.0079153161495924,0.1744575053453445,0.3671237528324127,-0.0799044445157051,-0.1722903996706009,0.3461818993091583,-0.0819868743419647,0.1883032470941543,0.6775041222572327,0.1012201085686683,-0.1135281696915626,0.6736432909965515,0.0992600545287132,1
69,0.0222220811992883,-0.6489697098731995,-0.2171461433172226,0.1810408532619476,-0.5250141024589539,-0.0480116195976734,0.3260836601257324,-0.7126023173332214,-0.0819186121225357,-0.13444185256958,-0.5265251398086548,-0.0688975378870964,-0.2892362773418426,-0.6840879321098328,-0.147613912820816,0.3870918750762939,-0.9256952404975892,-0.1526800543069839,-0.3110840320587158,-0.9095367789268494,-0.2565861344337463,0.1124877855181694,0.0015139011666178,0.0089129684492945,-0.1127345114946365,-0.0019610670860856,-0.0079261343926191,0.1762608736753463,0.363831490278244,-0.0924217775464057,-0.1741159111261367,0.3435379266738891,-0.0974330455064773,0.1860328316688537,0.6756129264831543,0.0952035263180732,-0.1142107620835304,0.6708617210388184,0.0831271559000015,1
70,0.0222090817987918,-0.6456553339958191,-0.2199597954750061,0.1815672665834427,-0.5247837901115417,-0.0513298846781253,0.3274409174919128,-0.7126017808914185,-0.0863043963909149,-0.1339922249317169,-0.5257543921470642,-0.0729730799794197,-0.2890254259109497,-0.6831997632980347,-0.1500634849071502,0.3889826238155365,-0.9264119863510132,-0.1570158898830413,-0.3152862191200256,-0.909285008907318,-0.2581311762332916,0.1125889495015144,0.0016528259729966,0.0089647090062499,-0.1128371506929397,-0.0020850957371294,-0.0079792123287916,0.1781299859285354,0.3625191748142242,-0.0916158631443977,-0.1733934134244918,0.3417232930660248,-0.1058569774031639,0.1883430480957031,0.6716949939727783,0.0963873639702797,-0.1139028519392013,0.6681949496269226,0.0759775936603546,1
71,0.0219918079674243,-0.6409389972686768,-0.2209370285272598,0.1836909055709839,-0.5221202969551086,-0.0563944913446903,0.3308179676532745,-0.7102175354957581,-0.0939369425177574,-0.1319557279348373,-0.5230981111526489,-0.0731861516833305,-0.2888194024562835,-0.680992603302002,-0.1469471007585525,0.3919077217578888,-0.9261104464530944,-0.1592894792556762,-0.3215438425540924,-0.9083499908447266,-0.248793363571167,0.1126411035656929,0.0017756534507498,0.0089252982288599,-0.1128905043005943,-0.0021842801943421,-0.0079377694055438,0.185395285487175,0.3529460430145263,-0.1349658221006393,-0.1775497943162918,0.3373331427574157,-0.1226726099848747,0.1882414370775222,0.6677187085151672,0.0503616407513618,-0.116522692143917,0.6649807691574097,0.0470219105482101,1
72,0.0221432261168956,-0.6410581469535828,-0.2239683270454406,0.1838776767253875,-0.5220087170600891,-0.0568907521665096,0.3355504274368286,-0.7093292474746704,-0.0922940000891685,-0.1318999826908111,-0.522395133972168,-0.0760349854826927,-0.2910102903842926,-0.6694992184638977,-0.1610897779464721,0.3971542418003082,-0.9260330200195312,-0.1590009182691574,-0.3234472870826721,-0.8946263194084167,-0.2869809567928314,0.1128949075937271,0.0020328229293227,0.0092114992439746,-0.1131365448236465,-0.0024298012722283,-0.0082225203514099,0.1858004033565521,0.3529089987277984,-0.1236823797225952,-0.1764391958713531,0.3363549709320068,-0.1161550506949424,0.1882117092609405,0.6645179986953735,0.0618284754455089,-0.1143507063388824,0.6603372693061829,0.0565254092216491,1
73,0.020179808139801,-0.6422910094261169,-0.2141571640968322,0.1837612092494964,-0.5230280756950378,-0.0473125949501991,0.3384647369384765,-0.7077994346618652,-0.0768037214875221,-0.1326708942651748,-0.5222926139831543,-0.0598912723362445,-0.2978565394878387,-0.6666950583457947,-0.1331762969493866,0.3991072475910187,-0.9263357520103456,-0.1420070827007293,-0.3324766159057617,-0.8930084109306335,-0.254985898733139,0.1131647154688835,0.0020905723795294,0.008218097500503,-0.1133834272623062,-0.0024847616441547,-0.0072129270993173,0.1924100369215011,0.3509697616100311,-0.1395439058542251,-0.1861792653799057,0.335953801870346,-0.1153994724154472,0.1928793787956237,0.6550063490867615,0.0556332245469093,-0.1150086373090744,0.6541391015052795,0.0767101794481277,1
74,0.0198228415101766,-0.6433322429656982,-0.2126088738441467,0.1851999312639236,-0.5230960845947266,-0.0456268563866615,0.3433606326580047,-0.7032930850982666,-0.0770870074629783,-0.1327878981828689,-0.5222044587135315,-0.0573419667780399,-0.3034991919994354,-0.6716527342796326,-0.1213650181889534,0.3972100615501404,-0.9225798845291138,-0.1436476856470108,-0.3407514691352844,-0.89588463306427,-0.227975308895111,0.1134087890386581,0.002144158584997,0.008148368448019,-0.1136262044310569,-0.0025332572404295,-0.0071424851194024,0.1948037445545196,0.3479844033718109,-0.1451366096735,-0.1930380910634994,0.3349432349205017,-0.1154506504535675,0.1910361647605896,0.6536833643913269,0.0477713122963905,-0.1243958547711372,0.6546099185943604,0.0723644942045211,1
75,0.0198420640081167,-0.6431440114974976,-0.2140139639377594,0.1852614432573318,-0.5216479301452637,-0.0459403060376644,0.3446473181247711,-0.6964407563209534,-0.0776503235101699,-0.1338859647512436,-0.5189025402069092,-0.0591429956257343,-0.3080225884914398,-0.6639236807823181,-0.1332354247570037,0.398312896490097,-0.918570339679718,-0.1442864686250686,-0.3449361324310303,-0.8889522552490234,-0.2499750703573227,0.1139244809746742,0.0021844359580427,0.0082763265818357,-0.1141402050852775,-0.0025668398011475,-0.0072709415107965,0.2021366506814956,0.3408429026603699,-0.1671435832977295,-0.2015243619680404,0.3287590742111206,-0.150206834077835,0.1885687261819839,0.645564079284668,0.0259092096239328,-0.1274694055318832,0.6423956155776978,0.0410646460950374,1
76,0.0167905166745185,-0.6432056427001953,-0.216685488820076,0.1841040700674057,-0.5213863849639893,-0.0460841506719589,0.3450824916362762,-0.6934656500816345,-0.078005239367485,-0.137039765715599,-0.517523467540741,-0.0598289109766483,-0.3172416687011719,-0.6654497385025024,-0.1191057339310646,0.3985076248645782,-0.9141271710395812,-0.1451606452465057,-0.3543025851249695,-0.8931692242622375,-0.2103692144155502,0.1142102479934692,0.0021792997140437,0.0081809936091303,-0.1144324243068695,-0.0025564420502632,-0.0071675479412078,0.2052530348300933,0.3396184146404266,-0.1690642386674881,-0.2127639055252075,0.3256722390651703,-0.1571974754333496,0.1868453323841095,0.6449486613273621,0.0225700549781322,-0.1356420516967773,0.6412910223007202,0.0265196524560451,1
77,0.0187082812190055,-0.6391750574111938,-0.2303661108016967,0.1841171383857727,-0.5179293155670166,-0.0524882338941097,0.3492156863212585,-0.6897980570793152,-0.0803870186209678,-0.1378556936979293,-0.5151882767677307,-0.0707806423306465,-0.3227512240409851,-0.6652740240097046,-0.121329553425312,0.4064425230026245,-0.9116643071174622,-0.1477455198764801,-0.3620727956295013,-0.8925554752349854,-0.2130885124206543,0.1144354939460754,0.0020989191252738,0.0082930130884051,-0.1146655678749084,-0.0024705515243113,-0.0072833858430385,0.2094268947839737,0.3359042704105377,-0.1788114458322525,-0.2108835130929947,0.324454665184021,-0.1642027348279953,0.1816528886556625,0.6449409127235413,0.0086038969457149,-0.1347199082374572,0.6394332647323608,0.02163577824831,1
78,0.0186347160488367,-0.6359314322471619,-0.2341457903385162,0.1841116696596145,-0.5175105929374695,-0.0530415326356887,0.349001795053482,-0.6852754354476929,-0.0800015330314636,-0.1389411389827728,-0.5129753947257996,-0.0720713883638382,-0.3260756433010101,-0.6606526374816895,-0.1195059046149253,0.4075691103935241,-0.905289888381958,-0.147822618484497,-0.3686777651309967,-0.8886591792106628,-0.2067122608423233,0.1146909296512603,0.002108596265316,0.008289635181427,-0.1149208694696426,-0.0024781264364719,-0.0072780600748956,0.2105307430028915,0.335086315870285,-0.1782123744487762,-0.2135445028543472,0.3204311728477478,-0.1734259277582168,0.1800811737775802,0.6453185081481934,0.0095644919201731,-0.1381849348545074,0.6367857456207275,0.0074390294030308,1
79,0.0194764025509357,-0.6254387497901917,-0.2550674974918365,0.1861881911754608,-0.5134388208389282,-0.0668599009513855,0.355508804321289,-0.6774358153343201,-0.0920450165867805,-0.1387258619070053,-0.5061327219009399,-0.0899326428771019,-0.326221227645874,-0.6468281149864197,-0.1329741925001144,0.4182884693145752,-0.8984320163726807,-0.1617298871278762,-0.3735010027885437,-0.875247597694397,-0.2181037962436676,0.1149972975254058,0.0021069054491817,0.0083696488291025,-0.1152385547757148,-0.0024753219913691,-0.0073608825914561,0.2108391225337982,0.329787403345108,-0.1939297616481781,-0.2136434614658355,0.3177253305912018,-0.186008483171463,0.1754285246133804,0.6445438861846924,-0.0057102758437395,-0.1377219259738922,0.6341593861579895,-0.0048638344742357,1
80,0.0193194337189197,-0.6262769103050232,-0.2579127252101898,0.186188131570816,-0.5111485719680786,-0.0700392723083496,0.3599350750446319,-0.6714693903923035,-0.0957504138350486,-0.1398553699254989,-0.5048841238021851,-0.0920284837484359,-0.3288275599479675,-0.6476665139198303,-0.1329535990953445,0.4287151396274566,-0.8912846446037292,-0.1685114204883575,-0.3773795664310455,-0.8754141330718994,-0.2179182767868042,0.1152635663747787,0.0019479033071547,0.0084415320307016,-0.1155062317848205,-0.0023124520666897,-0.007432407233864,0.2132788896560669,0.3215580582618713,-0.204704612493515,-0.2133117318153381,0.3148252367973327,-0.1978520900011062,0.1749394983053207,0.6399303674697876,-0.0210760626941919,-0.1339100748300552,0.6276800036430359,-0.0144925685599446,1
81,0.0207814667373895,-0.6203879117965698,-0.2764380276203155,0.1862485259771347,-0.5081472992897034,-0.0798942819237709,0.361558735370636,-0.665640652179718,-0.0998773276805877,-0.139871746301651,-0.4995014667510986,-0.108730137348175,-0.3300144672393799,-0.6388159394264221,-0.1459478586912155,0.4348858296871185,-0.881158709526062,-0.1716891378164291,-0.3836101591587066,-0.8676049113273621,-0.2267172634601593,0.1155649945139885,0.0017811255529522,0.0087789725512266,-0.1158190667629242,-0.0021467281039804,-0.0077670197933912,0.2136686891317367,0.3163331747055053,-0.217491865158081,-0.215486079454422,0.314328670501709,-0.197370171546936,0.1709714978933334,0.6346782445907593,-0.0355336926877498,-0.1363268047571182,0.6244378685951233,-0.0116161601617932,1
82,0.0225542429834604,-0.6169308423995972,-0.2784732282161712,0.1866558194160461,-0.5057979226112366,-0.0805117860436439,0.3616878092288971,-0.657832145690918,-0.0999304056167602,-0.1399261206388473,-0.4972983598709106,-0.1110516712069511,-0.3347246348857879,-0.6324552297592163,-0.1508535891771316,0.4396720826625824,-0.8722440004348755,-0.1738272160291671,-0.3885470926761627,-0.8609592914581299,-0.2346281260251999,0.115807756781578,0.0017172939842566,0.0090939803048968,-0.1160758882761001,-0.0020840365905314,-0.0080918995663523,0.2140526473522186,0.3153087794780731,-0.2207493484020233,-0.2155308723449707,0.3140273690223694,-0.2006873935461044,0.1701985597610473,0.6350973844528198,-0.0409501008689403,-0.13632433116436,0.6252897381782532,-0.018775925040245,1
83,0.0218563750386238,-0.6158850789070129,-0.2772853970527649,0.1871437281370163,-0.5050451159477234,-0.0797288119792938,0.3619859218597412,-0.6567257046699524,-0.0978607460856437,-0.140223741531372,-0.4951169788837433,-0.1089631617069244,-0.3371049165725708,-0.6281080842018127,-0.1462147980928421,0.4449934065341949,-0.870272696018219,-0.170641228556633,-0.3983170390129089,-0.8559765219688416,-0.2303646206855774,0.116107665002346,0.0017070390749722,0.0091880653053522,-0.1163697391748428,-0.0020737489685416,-0.0081829456612467,0.2182768732309341,0.3135140836238861,-0.2197879254817962,-0.2156442999839782,0.3114048540592193,-0.2132034301757812,0.1692193746566772,0.6350052356719971,-0.0414324849843978,-0.1362600475549698,0.6244292855262756,-0.0341048836708068,1
84,0.0227162577211856,-0.6156004071235657,-0.2759733498096466,0.187080517411232,-0.5040785670280457,-0.0792382881045341,0.3617361485958099,-0.655513346195221,-0.0977163314819336,-0.1412699967622757,-0.493621289730072,-0.1077713817358017,-0.3367803692817688,-0.6238291263580322,-0.1453423798084259,0.4444528818130493,-0.8708414435386658,-0.1709233075380325,-0.3966480493545532,-0.8520005941390991,-0.2266518920660019,0.1164600551128387,0.0016768055502325,0.0095720328390598,-0.1166980266571044,-0.0020419971551746,-0.0085501689463853,0.2137085646390915,0.3062376976013183,-0.2418887764215469,-0.2150263786315918,0.304250031709671,-0.2368635386228561,0.1587927192449569,0.6323332786560059,-0.0646732077002525,-0.1366861015558242,0.6167579889297485,-0.06130887940526,1
85,0.0232656896114349,-0.6124569773674011,-0.2754121422767639,0.1848160028457641,-0.5042445659637451,-0.0741013810038566,0.3613460958003998,-0.6488995552062988,-0.0903471857309341,-0.1448420584201812,-0.4934329688549042,-0.1086590886116027,-0.3429553210735321,-0.6149463057518005,-0.1466622203588485,0.449746310710907,-0.8601787090301514,-0.1691750138998031,-0.4023436903953552,-0.8387057781219482,-0.2276384234428405,0.1168354004621505,0.001516071613878,0.0102520184591412,-0.1170706897974014,-0.0018758072983473,-0.0092097055166959,0.216189369559288,0.3023727834224701,-0.2429133355617523,-0.2206835597753524,0.2990821003913879,-0.2512902617454529,0.1591423600912094,0.6202187538146973,-0.0588794574141502,-0.1390096992254257,0.598789393901825,-0.0581497922539711,1
86,0.0248065013438463,-0.6089956164360046,-0.2749885022640228,0.1845307350158691,-0.5043905973434448,-0.0691894218325614,0.3594934046268463,-0.6450079083442688,-0.0857734605669975,-0.1453950107097625,-0.4935142993927002,-0.108147032558918,-0.3430460393428802,-0.6146989464759827,-0.1450149416923523,0.4500316083431244,-0.853778600692749,-0.1685105562210083,-0.405372679233551,-0.8388308882713318,-0.2271818965673446,0.1169112026691436,0.0011909357272088,0.0103054093196988,-0.1171452552080154,-0.0015515489503741,-0.0092640034854412,0.226236030459404,0.3025161921977997,-0.2373516857624054,-0.2236173152923584,0.2987113296985626,-0.2437343150377273,0.1611491292715072,0.6193110346794128,-0.0573216006159782,-0.1408638209104538,0.6016989350318909,-0.0549397803843021,1
87,0.0260526146739721,-0.6079511642456055,-0.274667739868164,0.1842546761035919,-0.5043781995773315,-0.0660160034894943,0.3584423959255218,-0.6357719302177429,-0.0846331566572189,-0.1460716426372528,-0.4928241968154907,-0.1083411574363708,-0.3435439765453338,-0.6086239814758301,-0.1460359692573547,0.4510651528835296,-0.8402917981147766,-0.1711486577987671,-0.4092955291271209,-0.8312827944755554,-0.2276829481124878,0.117087498307228,0.0009894244140014,0.0109988925978541,-0.1173218414187431,-0.0013442906783893,-0.0099505614489316,0.2257782965898513,0.2940836250782013,-0.2403144836425781,-0.2234289795160293,0.2950330078601837,-0.2621689140796661,0.1612161844968795,0.6162617802619934,-0.0608969032764434,-0.1425197273492813,0.5991528630256653,-0.0740049257874488,1
88,0.0259029604494571,-0.6029722690582275,-0.2761995792388916,0.1860721409320831,-0.5034767389297485,-0.0662764310836792,0.3609544038772583,-0.632680356502533,-0.0847394615411758,-0.1454539000988006,-0.4921108484268188,-0.1081679463386535,-0.3437724709510803,-0.607271134853363,-0.1432478725910186,0.4573726058006286,-0.8365641832351685,-0.1718093752861023,-0.409105122089386,-0.8289903998374939,-0.2267241328954696,0.1172892600297927,0.0009963188786059,0.0109848249703645,-0.1175246834754943,-0.0013536517508327,-0.0099318921566009,0.2261655926704406,0.2924695312976837,-0.2398446798324585,-0.2235970050096511,0.2872356176376343,-0.2651121914386749,0.1625072509050369,0.6161909103393555,-0.0642870441079139,-0.1424414068460464,0.5986345410346985,-0.0840684548020362,1
89,0.0232699867337942,-0.5900108814239502,-0.29327592253685,0.1852514743804931,-0.4993723928928375,-0.0799362659454345,0.3610398471355438,-0.6204320192337036,-0.109607882797718,-0.1461090445518493,-0.4871495068073272,-0.1198524609208107,-0.3452994227409363,-0.5974231958389282,-0.15412637591362,0.4571327269077301,-0.823600172996521,-0.2075525075197219,-0.4133248925209045,-0.8179670572280884,-0.2351073771715164,0.1174638271331787,0.0009687925339676,0.0112166572362184,-0.1176953986287117,-0.0013250306947156,-0.0101611604914069,0.2229605019092559,0.2890645861625671,-0.2585375010967254,-0.2236499786376953,0.2868906259536743,-0.2769506573677063,0.1577348709106445,0.6160529851913452,-0.0834946557879448,-0.1434347182512283,0.5950973629951477,-0.0929202288389206,1
90,0.0231245495378971,-0.5904750823974609,-0.2915312647819519,0.1849695891141891,-0.4992814064025879,-0.0792771056294441,0.3609959781169891,-0.6226134896278381,-0.1072589233517646,-0.1463271081447601,-0.4869242906570434,-0.1187607645988464,-0.3467051684856415,-0.5982463955879211,-0.1537197530269622,0.4600487351417541,-0.8244432210922241,-0.2016972303390503,-0.4169855713844299,-0.8198221921920776,-0.2354203760623932,0.1175489500164985,0.0009722819086164,0.0112108150497078,-0.1177800223231315,-0.0013279314152896,-0.0101568317040801,0.2239479422569275,0.2852720320224762,-0.2565756142139435,-0.2230491787195205,0.2709718942642212,-0.2822445034980774,0.1579221338033676,0.6095976829528809,-0.0811698287725448,-0.1421248763799667,0.5859586000442505,-0.0955765843391418,1
91,0.0228599831461906,-0.5824849009513855,-0.3144684433937073,0.182626873254776,-0.4932648241519928,-0.0966673195362091,0.3634525835514068,-0.6167088747024536,-0.1264985501766204,-0.1476223170757293,-0.4820398986339569,-0.1398814022541046,-0.3510816097259521,-0.5927694439888,-0.1750628054141998,0.465956449508667,-0.8160071969032288,-0.221539631485939,-0.4228232204914093,-0.8060564398765564,-0.2540187835693359,0.11762285977602,0.0008378674974665,0.0113585973158478,-0.117853045463562,-0.0012022271985188,-0.0102970311418175,0.2237551510334015,0.2830275595188141,-0.2552335262298584,-0.2234038114547729,0.2680912911891937,-0.286861777305603,0.1535152494907379,0.6055459380149841,-0.0787734314799308,-0.13986137509346,0.5844113230705261,-0.1019854769110679,1
92,0.0211724564433097,-0.5839065909385681,-0.3185052573680877,0.1803322881460189,-0.4916756451129913,-0.0983273237943649,0.3668786585330963,-0.6173409223556519,-0.1241339147090911,-0.1500361412763595,-0.4803700149059295,-0.1445686072111129,-0.3549366891384125,-0.5933786034584045,-0.1791406124830246,0.4743534326553345,-0.8160277605056763,-0.2157949358224868,-0.4292018115520477,-0.8045734167098999,-0.2551006972789764,0.1176967471837997,0.000219911977183,0.0116944462060928,-0.1179314330220222,-0.0006069702794775,-0.0106182573363184,0.2268793135881424,0.280583381652832,-0.2540219724178314,-0.2233830243349075,0.270124226808548,-0.2842151820659637,0.1516075134277343,0.5979743003845215,-0.0738114565610885,-0.1371824443340301,0.5835289359092712,-0.0980631858110427,1
93,0.0171420276165008,-0.5847637057304382,-0.3173393309116363,0.1774164885282516,-0.4910261631011963,-0.0980629250407219,0.3670597672462463,-0.6180087327957153,-0.1225052922964096,-0.1530933529138565,-0.4796442091464996,-0.1427912563085556,-0.3605905175209045,-0.5936834812164307,-0.1768999248743057,0.4792347848415375,-0.813382625579834,-0.2131948322057724,-0.4367716610431671,-0.8036516904830933,-0.2545412182807922,0.1177547201514244,-0.0003689583681989,0.0118314428254961,-0.1179900392889976,-1.738720493449364e-05,-0.0107534443959593,0.2294981032609939,0.2715874016284942,-0.2612985372543335,-0.2219320982694625,0.2681174874305725,-0.290169358253479,0.151476114988327,0.5909274220466614,-0.0863564610481262,-0.1324132680892944,0.5780320167541504,-0.1065955981612205,1
94,0.0164405815303325,-0.5836285948753357,-0.3238184154033661,0.1762130111455917,-0.4873076379299164,-0.1039255335927009,0.3679885566234588,-0.6111441850662231,-0.1313691437244415,-0.1550280302762985,-0.4773606657981872,-0.1495539397001266,-0.3649336397647857,-0.5909469723701477,-0.184142604470253,0.4805942177772522,-0.7985280752182007,-0.2242542803287506,-0.4443882405757904,-0.7934669852256775,-0.2583280801773071,0.1179272234439849,-0.0008155777468346,0.0120214410126209,-0.1181659922003746,0.0004366339417174,-0.0109449280425906,0.2356759756803512,0.2552942931652069,-0.282013475894928,-0.2230402827262878,0.2565072178840637,-0.3038358390331268,0.1516949534416198,0.5709651708602905,-0.0994845405220985,-0.1323689073324203,0.5614632964134216,-0.1154807731509208,1
95,0.0135086262598633,-0.5787428617477417,-0.3331747949123382,0.1752850413322448,-0.4843977391719818,-0.1110198050737381,0.3714427649974823,-0.5990716218948364,-0.1425956189632415,-0.1561892181634903,-0.4744509756565094,-0.1579495519399643,-0.3671541213989258,-0.5793399214744568,-0.1926886290311813,0.4824286699295044,-0.7837185263633728,-0.2396571934223175,-0.4462819397449493,-0.7781233787536621,-0.2674264311790466,0.1180080696940422,-0.0009345280705019,0.0120638608932495,-0.118255540728569,0.0005542487488128,-0.0109867230057716,0.2433023303747177,0.2543160617351532,-0.2793440818786621,-0.2234368175268173,0.2521678805351257,-0.3047056794166565,0.151881143450737,0.5655903816223145,-0.0962702855467796,-0.1320778727531433,0.5548155307769775,-0.1131497099995613,1
96,0.017205161973834,-0.5775721073150635,-0.335734486579895,0.1754636019468307,-0.4815609157085418,-0.1141855120658874,0.377199649810791,-0.5977134108543396,-0.1439471244812011,-0.155263215303421,-0.4714415371417999,-0.1603413522243499,-0.3648663461208343,-0.5741435885429382,-0.1935914605855941,0.4934212863445282,-0.7862203121185303,-0.2374632507562637,-0.4470359683036804,-0.7757899761199951,-0.2683949768543243,0.118071436882019,-0.0009890266228467,0.0123785948380827,-0.1183195486664772,0.0006103478372097,-0.0113087287172675,0.2438081204891204,0.2542162835597992,-0.2784405350685119,-0.2232016175985336,0.2501902878284454,-0.3066706359386444,0.1520898044109344,0.5674422979354858,-0.0977780073881149,-0.1314091235399246,0.5531094074249268,-0.1150901392102241,1
97,0.0172623582184314,-0.576715350151062,-0.3340121805667877,0.1736305803060531,-0.4814484715461731,-0.111941859126091,0.376586377620697,-0.5830560326576233,-0.1434234678745269,-0.156556025147438,-0.4689325988292694,-0.1598092913627624,-0.372922271490097,-0.5600858330726624,-0.1926300376653671,0.4927919805049896,-0.7706775069236755,-0.2452944964170456,-0.462124764919281,-0.7628350853919983,-0.2714751362800598,0.1181406825780868,-0.0010319071589037,0.0124227823689579,-0.1183840781450271,0.0006531719700433,-0.0113523807376623,0.2434965223073959,0.2512309849262237,-0.2798642814159393,-0.2300140708684921,0.241560697555542,-0.3119670450687408,0.1522041261196136,0.5621307492256165,-0.0984994918107986,-0.1313901543617248,0.5445315837860107,-0.1164224445819854,1
98,0.0173209030181169,-0.5732523202896118,-0.3350872993469238,0.1753967702388763,-0.4762310087680816,-0.1168891414999961,0.3782088458538055,-0.5766339898109436,-0.1594525873661041,-0.1552918553352356,-0.4656375646591186,-0.1586309969425201,-0.3725116848945617,-0.5576547384262085,-0.1929847449064254,0.492560476064682,-0.7656865119934082,-0.2630502879619598,-0.4612643420696258,-0.7591915726661682,-0.2757365107536316,0.1182127818465232,-0.0010403592605143,0.0122815454378724,-0.1184479296207428,0.0006644995883107,-0.0112195257097482,0.2448990046977996,0.2437176406383514,-0.2838121056556701,-0.2284136861562729,0.2314331233501434,-0.314753770828247,0.1549253612756729,0.5562065839767456,-0.1092585548758506,-0.1293247044086456,0.5371200442314148,-0.1241783052682876,1
99,0.017328817397356,-0.571331799030304,-0.336027592420578,0.1754344552755355,-0.4732704758644104,-0.1177129819989204,0.3763299882411957,-0.5683823227882385,-0.1623111218214035,-0.1551778465509414,-0.4640258848667145,-0.157822698354721,-0.3753346502780914,-0.5516880750656128,-0.193487286567688,0.4919247925281524,-0.7526548504829407,-0.2741932868957519,-0.4656561613082886,-0.7501946091651917,-0.2821193635463714,0.1182624399662017,-0.0010402724146842,0.0122973294928669,-0.1184974536299705,0.0006659773061983,-0.0112343421205878,0.2447675168514251,0.2439012676477432,-0.2842054963111877,-0.2294327765703201,0.2319729775190353,-0.3110817968845367,0.1537779420614242,0.5577399134635925,-0.1103850156068801,-0.1303360164165496,0.5392693281173706,-0.1229882538318634,1
100,0.0171599183231592,-0.5637781023979187,-0.350387692451477,0.1761089861392974,-0.4694719612598419,-0.1334970146417617,0.3860745131969452,-0.5649305582046509,-0.1873322129249572,-0.1551119983196258,-0.4594775140285492,-0.1696143746376037,-0.3795700073242187,-0.535710871219635,-0.2206702083349228,0.4955394566059112,-0.7519280314445496,-0.2900844216346741,-0.4691272377967834,-0.7299436330795288,-0.3146290481090545,0.1183050349354744,-0.0010036746971309,0.0123254181817173,-0.1185401678085327,0.000634643365629,-0.0112550389021635,0.2456528395414352,0.2348488420248031,-0.2897151410579681,-0.2285978645086288,0.2306580543518066,-0.3214372098445892,0.1529931724071502,0.546708345413208,-0.1101882457733154,-0.1312215477228164,0.5271113514900208,-0.1231528148055076,1
101,0.0170866306871175,-0.5642994046211243,-0.3377336263656616,0.175790250301361,-0.4694097638130188,-0.1252970546483993,0.3840091228485107,-0.5586588382720947,-0.1813204288482666,-0.1552109122276306,-0.4597189128398895,-0.15871661901474,-0.3835224509239197,-0.5367979407310486,-0.2165807038545608,0.4937548637390136,-0.7435972690582275,-0.2931640744209289,-0.474342405796051,-0.7314701676368713,-0.3076981604099273,0.1183535829186439,-0.0010074649471789,0.0123145645484328,-0.1185876578092575,0.0006409560446627,-0.0112438900396227,0.244966447353363,0.233039915561676,-0.2925675213336944,-0.2291689664125442,0.2317837625741958,-0.3206138610839844,0.1532549560070037,0.5477007627487183,-0.110188215970993,-0.1312758326530456,0.5275979042053223,-0.1226965337991714,1
102,0.0176576003432273,-0.5583617687225342,-0.357509970664978,0.1753397285938263,-0.466941088438034,-0.1402841061353683,0.3842451870441437,-0.5603519082069397,-0.2010639607906341,-0.1555184572935104,-0.4554205536842346,-0.1779845356941223,-0.3879109025001526,-0.5246850848197937,-0.2377345114946365,0.4937674105167389,-0.7450619339942932,-0.313258409500122,-0.4786355495452881,-0.7147491574287415,-0.3351901173591614,0.1183903515338897,-0.0010370534146204,0.0124003700911998,-0.1186193078756332,0.0006740452954545,-0.0113117210566997,0.2445051968097686,0.2318842560052871,-0.292131632566452,-0.2274130880832672,0.2296593189239502,-0.321179986000061,0.1516149342060089,0.5446805357933044,-0.1098865568637847,-0.1328799873590469,0.5277916193008423,-0.1237256079912185,1
103,0.0176669936627149,-0.5562987923622131,-0.3561375141143799,0.174300268292427,-0.4663198888301849,-0.1409589648246765,0.3801978826522827,-0.561089277267456,-0.2041764110326767,-0.1569335013628006,-0.4548300802707672,-0.1774287223815918,-0.3910878598690033,-0.5227360129356384,-0.2425117194652557,0.4913358390331268,-0.7474519610404968,-0.3163700401782989,-0.4812949895858764,-0.7092260718345642,-0.3450965881347656,0.1184199228882789,-0.0010588318109512,0.0124165015295147,-0.1186429932713508,0.0007019212935119,-0.0113258641213178,0.2396938055753708,0.2274427860975265,-0.295906126499176,-0.2268474847078323,0.222742810845375,-0.3226293921470642,0.1488275825977325,0.5402621626853943,-0.1154462620615959,-0.133603349328041,0.5230287909507751,-0.1274802088737487,1
104,0.013052768073976,-0.5533403754234314,-0.3554493188858032,0.1744678765535354,-0.4663810729980469,-0.1396366506814956,0.3800644278526306,-0.562394917011261,-0.2004612535238266,-0.1560500562191009,-0.4544395506381988,-0.1724977493286132,-0.3901987671852112,-0.5224469304084778,-0.2294220328330993,0.4887444376945495,-0.7491530179977417,-0.308234304189682,-0.4806202054023742,-0.7099551558494568,-0.3205515146255493,0.1184472516179084,-0.0009150188998319,0.0121447434648871,-0.1186661347746849,0.000569190189708,-0.0110419634729623,0.2387697547674179,0.2126401215791702,-0.3054756224155426,-0.2218556851148605,0.201079249382019,-0.3276274800300598,0.1496648788452148,0.5268160700798035,-0.1283862888813018,-0.1333591789007187,0.5127236247062683,-0.140951320528984,1
105,0.0147774564102292,-0.5506799221038818,-0.3548368811607361,0.1744690388441085,-0.4660164415836334,-0.1420684456825256,0.376952201128006,-0.5630611181259155,-0.2085917592048645,-0.1560746133327484,-0.4523754715919494,-0.1737735420465469,-0.3902989625930786,-0.515489935874939,-0.2424437701702118,0.4875994920730591,-0.7471336722373962,-0.3179417848587036,-0.4801491200923919,-0.6999837756156921,-0.342997133731842,0.1185751855373382,-0.0009150948026217,0.0121390260756015,-0.1187681406736373,0.0005729557597078,-0.0110279703512787,0.238882914185524,0.1944987773895263,-0.3204747438430786,-0.2224561423063278,0.191400408744812,-0.3371448814868927,0.1492214202880859,0.5054400563240051,-0.1302087157964706,-0.1335958987474441,0.4914619326591491,-0.1415798664093017,1
106,0.0147716607898473,-0.5484698414802551,-0.3628857731819153,0.1736122965812683,-0.4586751461029053,-0.1512051671743393,0.3722063302993774,-0.5516611337661743,-0.2340961098670959,-0.1567773669958114,-0.4453366994857788,-0.1830503940582275,-0.3938221633434295,-0.5019732713699341,-0.2658003866672516,0.4853931963443756,-0.7335336804389954,-0.3606145977973938,-0.4842909276485443,-0.6840592622756958,-0.3793118000030517,0.1186394542455673,-0.0008990166825242,0.0121391639113426,-0.1188231781125068,0.0005594690446741,-0.0110222846269607,0.2390482276678085,0.1957457661628723,-0.3218236565589905,-0.2225005775690078,0.1842508167028427,-0.3365878462791443,0.1477361172437667,0.5015808343887329,-0.1319274306297302,-0.1339564770460128,0.4911319315433502,-0.1443347185850143,1
107,0.0166504643857479,-0.5463638305664062,-0.3610144555568695,0.1740244776010513,-0.4587815403938293,-0.1500672847032547,0.3722363412380218,-0.5523223876953125,-0.2410787791013717,-0.1566755920648574,-0.4409944415092468,-0.1824564039707183,-0.3952748477458954,-0.4952434599399566,-0.2656678259372711,0.4826922714710235,-0.7273275852203369,-0.3816278576850891,-0.4864003956317901,-0.6792333126068115,-0.381990373134613,0.1186693683266639,-0.0009039817377924,0.0121344998478889,-0.1188478618860244,0.0005695791915059,-0.0110167022794485,0.2401670068502426,0.1858969330787658,-0.3237389326095581,-0.2226212918758392,0.171790525317192,-0.3386736512184143,0.1480437219142913,0.4950778484344482,-0.1430863291025161,-0.1351225078105926,0.4909918904304504,-0.1604949384927749,1
108,0.0150247057899832,-0.560886561870575,-0.3228981792926788,0.1706335991621017,-0.463878870010376,-0.1186127737164497,0.376870334148407,-0.5527954697608948,-0.1855726540088653,-0.1612769812345504,-0.4442331194877624,-0.152515634894371,-0.400509774684906,-0.4959233105182647,-0.2329426705837249,0.4916029870510101,-0.7282556891441345,-0.3061115443706512,-0.4915646016597748,-0.6826257109642029,-0.3543363809585571,0.1186959818005561,-0.0009304041741415,0.0121237058192491,-0.1188705340027809,0.0006022164598107,-0.0110049713402986,0.2401826381683349,0.1876533180475235,-0.3172683119773865,-0.2263994365930557,0.1745887845754623,-0.3391492366790771,0.150688499212265,0.4982863366603851,-0.1507098525762558,-0.1352460235357284,0.5003215670585632,-0.1795210391283035,1
109,0.01036655344069,-0.5577085018157959,-0.3238152861595154,0.1675865799188614,-0.4639319777488708,-0.1211535334587097,0.373604416847229,-0.5526962876319885,-0.1854645609855651,-0.1627012193202972,-0.4448873996734619,-0.1544256210327148,-0.4023193717002868,-0.4961771667003631,-0.2277447432279586,0.4938474893569946,-0.7312576770782471,-0.3031936287879944,-0.4984959363937378,-0.6804103851318359,-0.3390765786170959,0.1186899244785308,-0.0008748978143557,0.0120925344526767,-0.1188636049628257,0.0005473458440974,-0.010975794866681,0.2516773641109466,0.1882080286741256,-0.3138208389282226,-0.2287310659885406,0.1745978891849517,-0.3389098644256592,0.1516181230545044,0.5004693865776062,-0.1489560306072235,-0.1390811800956726,0.5004931092262268,-0.1747682839632034,1
110,0.0106571363285183,-0.5472418665885925,-0.3381999731063843,0.1677326411008834,-0.4578517079353332,-0.1250651627779007,0.3765745759010315,-0.5465095043182373,-0.1922997534275055,-0.1607198417186737,-0.4406019151210785,-0.1590147316455841,-0.4021249413490295,-0.4944836795330047,-0.233862891793251,0.4991621673107147,-0.7278475761413574,-0.3116965293884277,-0.4976463615894317,-0.678687572479248,-0.3434951901435852,0.1186178475618362,-0.00084718700964,0.012150446884334,-0.1187881752848625,0.0005197218852117,-0.0110401539131999,0.2546921074390411,0.1845953315496444,-0.312739223241806,-0.2287180423736572,0.1689075827598571,-0.3389504551887512,0.1529757380485534,0.4963642954826355,-0.1523845940828323,-0.1378142386674881,0.4981982409954071,-0.1774056702852249,1
111,0.0110059324651956,-0.5474487543106079,-0.3139809072017669,0.1660237908363342,-0.4589486718177795,-0.1058684065937995,0.3743680715560913,-0.5414616465568542,-0.193358838558197,-0.1625178754329681,-0.4404898285865783,-0.1390162855386734,-0.4053281843662262,-0.4953212440013885,-0.2305192053318023,0.4989386200904846,-0.7104920148849487,-0.3322869837284088,-0.4970262348651886,-0.6844096779823303,-0.3440964221954345,0.118558295071125,-0.0009060531738214,0.0123743964359164,-0.1187148094177246,0.0005961777060292,-0.0113030709326267,0.2586661875247955,0.1789545267820358,-0.3115918636322021,-0.2293509244918823,0.159771516919136,-0.3446105420589447,0.1561654210090637,0.4952985048294067,-0.1623802334070205,-0.1359436959028244,0.491894781589508,-0.1978298872709274,1
112,0.0158438626676797,-0.5435949563980103,-0.3339422941207886,0.1663607358932495,-0.4569919407367706,-0.1146307811141014,0.3762200772762298,-0.5408881902694702,-0.1940221786499023,-0.1600646823644638,-0.438643217086792,-0.1553656160831451,-0.4043323695659637,-0.4825128614902496,-0.246913343667984,0.509604811668396,-0.7185459136962891,-0.3220812976360321,-0.4962529838085174,-0.6682665944099426,-0.366423100233078,0.1185467690229415,-0.0008051468175835,0.0124806938692927,-0.1186962127685546,0.0004927064292132,-0.0113951135426759,0.2624608278274536,0.1799685955047607,-0.307123064994812,-0.2289534658193588,0.153753787279129,-0.3485323488712311,0.1555432379245758,0.4880405366420746,-0.1544159054756164,-0.1350771784782409,0.4859766662120819,-0.1970757246017456,1
113,0.0166444648057222,-0.5424349308013916,-0.334289938211441,0.1664178818464279,-0.456846684217453,-0.1161014884710311,0.3773606121540069,-0.5376192331314087,-0.1958896219730377,-0.1596626341342926,-0.4387784004211426,-0.1556352972984314,-0.402166485786438,-0.4786308705806732,-0.2491905242204666,0.5132983326911926,-0.7192954421043396,-0.3264308273792267,-0.4935812950134277,-0.6654103398323059,-0.3714551627635956,0.1185403615236282,-0.000742137664929,0.0126316361129283,-0.1186838075518608,0.0004334920959081,-0.0115431174635887,0.2638600766658783,0.1742524951696396,-0.3071696162223816,-0.2287301570177078,0.1486230790615081,-0.3501948416233063,0.1569835841655731,0.4830438792705536,-0.1535999774932861,-0.134107306599617,0.4781748056411743,-0.1957942545413971,1
114,0.0194726921617984,-0.5409204959869385,-0.3255297243595123,0.166705921292305,-0.4574851989746094,-0.1117382571101188,0.3766723871231079,-0.5376074314117432,-0.1961502879858017,-0.158902421593666,-0.4388420581817627,-0.1506253629922866,-0.4011725783348083,-0.4775546789169311,-0.24873748421669,0.512370228767395,-0.7157497406005859,-0.3316807746887207,-0.4887168705463409,-0.6643855571746826,-0.3748905062675476,0.1185298785567283,-0.0007203657878562,0.0126938326284289,-0.1186700984835624,0.0004179684037808,-0.0116188740357756,0.2641161680221557,0.1614338159561157,-0.3077695667743683,-0.2266179472208023,0.1388593167066574,-0.3545014858245849,0.1583577692508697,0.4741918444633484,-0.1536960750818252,-0.1274028271436691,0.4736210703849792,-0.2046750783920288,1
115,0.0196474492549896,-0.5406461954116821,-0.3121156096458435,0.1681713014841079,-0.4594303071498871,-0.1023281291127204,0.3768744170665741,-0.5378787517547607,-0.1820748895406723,-0.157831072807312,-0.4389282166957855,-0.1360316276550293,-0.4009458720684051,-0.4784393906593323,-0.2283756732940673,0.5127983093261719,-0.7099257707595825,-0.3119629919528961,-0.4877371490001678,-0.667155921459198,-0.3479155004024505,0.1184640973806381,-0.0006906042690388,0.0126856183633208,-0.118598572909832,0.000396034651203,-0.0116200791671872,0.2639964520931244,0.1488872021436691,-0.3144413232803345,-0.2254784107208252,0.1361477822065353,-0.3558030426502228,0.1591991931200027,0.4686990678310394,-0.1623651385307312,-0.1264766603708267,0.4721457362174988,-0.2070737332105636,1
116,0.0200171787291765,-0.5381159782409668,-0.325482040643692,0.1682549864053726,-0.4556693732738495,-0.1134110242128372,0.3780832886695862,-0.5303551554679871,-0.2049059271812439,-0.1574612855911255,-0.4377362728118896,-0.1487968415021896,-0.399179607629776,-0.4780663251876831,-0.2505715787410736,0.5152715444564819,-0.7003734707832336,-0.3426006138324737,-0.4871460795402527,-0.6666418313980103,-0.382189393043518,0.1184436231851577,-0.0006562509806826,0.0127093270421028,-0.1185721457004547,0.0003647282719612,-0.0116411186754703,0.2605063319206238,0.1466459035873413,-0.3151955008506775,-0.2241397053003311,0.1344395130872726,-0.3555813729763031,0.1595566719770431,0.4678039848804474,-0.1619872003793716,-0.1264567971229553,0.4712328612804413,-0.2058173567056656,1
117,0.0218219794332981,-0.538081705570221,-0.3174942433834076,0.1686070710420608,-0.4579824209213257,-0.1070069596171379,0.378066211938858,-0.5309603810310364,-0.2009795904159546,-0.1570965349674224,-0.4384835958480835,-0.1433822959661483,-0.3989492058753967,-0.4800107777118683,-0.2498860955238342,0.5150241851806641,-0.7003121376037598,-0.3408498466014862,-0.4838022589683532,-0.6700443625450134,-0.3795742988586426,0.1184163019061088,-0.000683230580762,0.012722099199891,-0.1185422390699386,0.0004009515978395,-0.0116569614037871,0.2604493796825409,0.1468377709388733,-0.3167479038238525,-0.2239928394556045,0.1338561177253723,-0.3580852448940277,0.1619140952825546,0.4669913947582245,-0.1623871475458145,-0.1255256980657577,0.4713599681854248,-0.2101386189460754,1
118,0.0211960859596729,-0.5385366678237915,-0.3013177812099457,0.1675553023815155,-0.4637220799922943,-0.0933570936322212,0.3754253089427948,-0.5357787609100342,-0.1731839925050735,-0.1596701443195343,-0.4397221207618713,-0.1294683218002319,-0.4007372558116913,-0.4839651882648468,-0.2287197113037109,0.514899730682373,-0.7011359930038452,-0.3065707385540008,-0.4834845662117004,-0.6779401302337646,-0.3539450764656067,0.1184025928378105,-0.0008501075208187,0.0126677434891462,-0.1185272559523582,0.0005864418926648,-0.0116196116432547,0.2590141594409942,0.1478692293167114,-0.3178940117359161,-0.2245484292507171,0.1354038268327713,-0.3579510748386383,0.1627254486083984,0.4686271846294403,-0.1698583215475082,-0.1256666630506515,0.4743114113807678,-0.2124238908290863,1
119,0.0212336014956235,-0.5401664972305298,-0.303759217262268,0.1678370833396911,-0.4633300304412842,-0.0948231667280197,0.3782275319099426,-0.5370818972587585,-0.1757276058197021,-0.1595614403486251,-0.4398913085460663,-0.1308105289936065,-0.3996111750602722,-0.4859962165355682,-0.2299196869134903,0.517250120639801,-0.707925021648407,-0.3068962395191192,-0.4793042540550232,-0.6804191470146179,-0.3576385676860809,0.1184231042861938,-0.0008771520806476,0.0126939853653311,-0.1185393780469894,0.0006185952224768,-0.01164929009974,0.2573714256286621,0.1397457271814346,-0.3245692849159241,-0.224532663822174,0.130430668592453,-0.3591182827949524,0.1628268957138061,0.463894635438919,-0.1785669922828674,-0.1256321519613266,0.4658596515655517,-0.2129572480916977,1
120,0.0212005749344825,-0.5395170450210571,-0.3294354975223541,0.1720661520957946,-0.4619455933570862,-0.1123248189687728,0.3854641020298004,-0.5369669795036316,-0.1770986318588256,-0.1558925956487655,-0.439911425113678,-0.145730122923851,-0.3893178105354309,-0.4830469489097595,-0.2299752980470657,0.5191944241523743,-0.7107416391372681,-0.2957815825939178,-0.4787378013134002,-0.6751841902732849,-0.3515612185001373,0.1184359043836593,-0.000738315982744,0.0125006586313247,-0.1185472384095192,0.0004729073843918,-0.0114284325391054,0.2575774192810058,0.1532721668481826,-0.3202531635761261,-0.2234499305486679,0.1367323547601699,-0.3573961853981018,0.1646148115396499,0.469829261302948,-0.1734711676836013,-0.1262140721082687,0.474196046590805,-0.2046113014221191,1
121,0.0220276862382888,-0.5387409925460815,-0.3371375203132629,0.1722352057695388,-0.4542763233184814,-0.1194803714752197,0.3839289247989654,-0.5225769281387329,-0.2041497677564621,-0.155732974410057,-0.4378531873226166,-0.1525569409132003,-0.3894267976284027,-0.4813370704650879,-0.2377336770296096,0.5059710741043091,-0.7003059387207031,-0.3387177288532257,-0.4782327711582184,-0.6715424656867981,-0.3576503992080688,0.1184200122952461,-0.0007228034664876,0.0126746697351336,-0.1185228750109672,0.0004560873494483,-0.0115873580798506,0.2537794709205627,0.1545616537332534,-0.3205346167087555,-0.2230896353721618,0.1461213231086731,-0.3546773195266723,0.1614765077829361,0.4748605489730835,-0.1695257127285003,-0.1280504614114761,0.4749362468719482,-0.192189946770668,1
122,0.0220323875546455,-0.538812518119812,-0.3385310769081116,0.1730085611343383,-0.4543503522872925,-0.1202890872955322,0.3850823938846588,-0.5225844383239746,-0.1970420330762863,-0.1549268960952758,-0.4378932416439056,-0.1546372026205063,-0.3895275890827179,-0.4797060489654541,-0.2375458478927612,0.5080767273902893,-0.7006985545158386,-0.3183977603912353,-0.4776688516139984,-0.6694794297218323,-0.3556070327758789,0.1184165105223655,-0.0007047910476103,0.0126627534627914,-0.1185187622904777,0.0004362217150628,-0.0115762865170836,0.2538158595561981,0.1666605621576309,-0.3187903165817261,-0.2234948873519897,0.1597210019826889,-0.348714679479599,0.1611965447664261,0.4831228256225586,-0.1598547250032425,-0.1285550594329834,0.4859063029289245,-0.1807534247636795,1
123,0.0221548322588205,-0.5390533804893494,-0.3342305123806,0.1730649322271347,-0.4544413685798645,-0.1167518645524978,0.3849764466285705,-0.5164799690246582,-0.1963696628808975,-0.1549428254365921,-0.4383440911769867,-0.150641456246376,-0.3916934728622436,-0.4803997576236725,-0.2340426445007324,0.5043430328369141,-0.6943978667259216,-0.3266648948192596,-0.4770614504814148,-0.6711514592170715,-0.352275550365448,0.1184087768197059,-0.0007942764787003,0.0126921907067298,-0.1185096204280853,0.0005255642463453,-0.0116098020225763,0.2537076771259308,0.171506866812706,-0.3178126811981201,-0.2236223816871643,0.1677512526512146,-0.347329318523407,0.164062425494194,0.4923753142356872,-0.1595272719860077,-0.1275961250066757,0.4931096732616424,-0.1817231476306915,1
124,0.0225304029881954,-0.5396468043327332,-0.3353928327560425,0.1733985990285873,-0.454227089881897,-0.117499440908432,0.3848831057548523,-0.5165402889251709,-0.1959445178508758,-0.1541942805051803,-0.4392338395118713,-0.1523003131151199,-0.389290988445282,-0.4805589914321899,-0.2343717664480209,0.50425785779953,-0.6970021724700928,-0.3261473774909973,-0.4754789471626282,-0.6711018085479736,-0.3525870144367218,0.1183759048581123,-0.0007754522375762,0.0127015151083469,-0.1184781640768051,0.0005041602998971,-0.0116202197968959,0.253271073102951,0.1804783642292022,-0.3132288455963135,-0.2235459983348846,0.1732834428548813,-0.3454817235469818,0.1635005474090576,0.4975046813488006,-0.1483820527791977,-0.1276976913213729,0.4975540339946747,-0.1757844239473343,1
125,0.0211329739540815,-0.5414585471153259,-0.3367273509502411,0.1716690957546234,-0.4539062976837158,-0.119557648897171,0.3845843970775604,-0.5170033574104309,-0.1970345675945282,-0.1562413722276687,-0.4390779137611389,-0.1546622365713119,-0.3903996348381042,-0.480511724948883,-0.237199991941452,0.5037577152252197,-0.7021183967590332,-0.326133668422699,-0.4761331677436828,-0.6716187000274658,-0.3554885685443878,0.1183360144495964,-0.0008172274683602,0.0126730687916278,-0.1184387877583503,0.0005422282265499,-0.0115914372727274,0.2520754933357239,0.1885127872228622,-0.309668093919754,-0.2254454642534256,0.1773407906293869,-0.3430690467357635,0.1622101366519928,0.502193033695221,-0.1439788043498993,-0.1301552951335907,0.5015919804573059,-0.1713723689317703,1
126,0.0183729119598865,-0.5431814193725586,-0.3446414470672607,0.1713498681783676,-0.4562562704086303,-0.1241286471486091,0.3845023214817047,-0.5198173522949219,-0.1964109987020492,-0.1571020483970642,-0.4432250559329986,-0.1635173112154007,-0.3921587765216827,-0.4856429696083069,-0.2416343837976455,0.5038816928863525,-0.7050687074661255,-0.3187804520130157,-0.476605623960495,-0.6746877431869507,-0.3568798899650574,0.118309698998928,-0.0008115972741506,0.0125685157254338,-0.1184213757514953,0.0005341429496183,-0.0114978980273008,0.2550544440746307,0.2061114609241485,-0.2990285158157348,-0.2254038751125335,0.1816305965185165,-0.3402792513370514,0.161967322230339,0.5078039765357971,-0.1211346462368965,-0.1311298161745071,0.5069319605827332,-0.1637229174375534,1
127,0.0177128389477729,-0.5479727983474731,-0.3446874618530273,0.1707383692264557,-0.4565425217151642,-0.1245587170124054,0.3815276324748993,-0.5210603475570679,-0.1961721032857895,-0.1581055670976638,-0.4441201686859131,-0.1637840867042541,-0.3936150670051574,-0.4880721867084503,-0.2410942167043686,0.499405026435852,-0.7139599919319153,-0.3172983825206756,-0.4765946865081787,-0.6811308860778809,-0.3525480926036834,0.1182825341820716,-0.0008185627521015,0.012579821050167,-0.1183986365795135,0.0005383052048273,-0.011512336321175,0.2575185894966125,0.2059751600027084,-0.2901683449745178,-0.2245542854070663,0.1820544749498367,-0.3398834466934204,0.1623177081346511,0.5105767250061035,-0.1120162159204483,-0.1310324370861053,0.5066235661506653,-0.1623591035604477,1
128,0.0178783256560564,-0.5502893924713135,-0.3515529632568359,0.1715426295995712,-0.4565410315990448,-0.1308943480253219,0.381721943616867,-0.5212079882621765,-0.2066726684570312,-0.1568384021520614,-0.4445535838603973,-0.1690923273563385,-0.3923559486865997,-0.4911873042583465,-0.2452597022056579,0.4981765747070312,-0.713503360748291,-0.3312336206436157,-0.4766854643821716,-0.6825428009033203,-0.3556669354438782,0.1182034909725189,-0.0008410651353187,0.0125023666769266,-0.1183279454708099,0.0005588271887972,-0.0114416405558586,0.2518111765384674,0.2105858772993087,-0.2891501188278198,-0.2213902920484542,0.1897447556257248,-0.3353647589683532,0.1627136617898941,0.5209106802940369,-0.1160783097147941,-0.1307574808597564,0.5159407258033752,-0.1594717800617218,1
129,0.0164683572947978,-0.5595068335533142,-0.3288857936859131,0.168668121099472,-0.4645769298076629,-0.1133854165673255,0.3719574213027954,-0.5353531837463379,-0.1861545294523239,-0.1592600792646408,-0.4506097733974457,-0.1515390276908874,-0.3933077752590179,-0.5130237340927124,-0.2259226739406585,0.490330159664154,-0.7187932729721069,-0.3171245455741882,-0.4775286912918091,-0.7075323462486267,-0.3368119299411773,0.1181903481483459,-0.001269290340133,0.0124893626198172,-0.1183193698525428,0.0009908203501254,-0.0114345690235495,0.242189347743988,0.217095747590065,-0.2899494171142578,-0.2236298769712448,0.2102227210998535,-0.3253470957279205,0.1625013202428817,0.5318794250488281,-0.1174368858337402,-0.131314679980278,0.5313697457313538,-0.1502277106046676,1
130,0.0164661239832639,-0.5656036734580994,-0.3299838006496429,0.1692696064710617,-0.4646413326263428,-0.1140112951397895,0.3721832931041717,-0.5348118543624878,-0.1867754906415939,-0.1580143570899963,-0.4509120285511017,-0.1515106856822967,-0.3901234567165375,-0.5147844552993774,-0.2151257693767547,0.4823499321937561,-0.7194430828094482,-0.3172301054000854,-0.4769384562969208,-0.7129908204078674,-0.3127509951591491,0.1181754916906356,-0.0013477115426212,0.0123700629919767,-0.1183094531297683,0.0010633416241034,-0.0113400407135486,0.2410037070512771,0.2261734753847122,-0.284527838230133,-0.2231057286262512,0.220306858420372,-0.315292090177536,0.1611605733633041,0.5417830944061279,-0.1118038669228553,-0.1315768212080001,0.5394525527954102,-0.1378373056650161,1
131,0.0147084882482886,-0.581196129322052,-0.2965538799762726,0.1692456007003784,-0.4692133069038391,-0.0857524871826171,0.3719666302204132,-0.5345805287361145,-0.1669454425573349,-0.1582965105772018,-0.458288699388504,-0.1236298605799675,-0.3888360857963562,-0.5318851470947266,-0.1880579888820648,0.4744949638843536,-0.719535231590271,-0.3096668720245361,-0.4767268002033233,-0.7287068963050842,-0.2911036908626556,0.1181626990437507,-0.0014843998942524,0.0124969184398651,-0.1183021515607833,0.0012048055650666,-0.0115013094618916,0.2407855987548828,0.2309926450252533,-0.2796618640422821,-0.2230971157550811,0.2373940348625183,-0.3005153238773346,0.1612284928560257,0.5531893372535706,-0.1058252081274986,-0.1320742517709732,0.5488339066505432,-0.1252583712339401,1
132,0.0106565309688448,-0.5849749445915222,-0.3137277960777282,0.1691786348819732,-0.4708456099033355,-0.1025339663028717,0.375428706407547,-0.5469412207603455,-0.1651813238859176,-0.1592213958501815,-0.4597912728786468,-0.1391242444515228,-0.3863873779773712,-0.5308920741081238,-0.1938458383083343,0.4868996143341064,-0.7454844117164612,-0.2750769853591919,-0.4768056571483612,-0.7269244194030762,-0.2928783297538757,0.1183638721704483,-0.0015218377811834,0.0123073626309633,-0.1185205057263374,0.001236718846485,-0.011294319294393,0.2409646809101104,0.2507358193397522,-0.2775618135929107,-0.2236209213733673,0.2483308762311935,-0.2977658212184906,0.1608089357614517,0.5636938810348511,-0.0943665727972984,-0.1341114491224289,0.5585380792617798,-0.1156292036175727,1
133,0.0073660034686326,-0.5834330320358276,-0.3153396546840668,0.1681692600250244,-0.4737957715988159,-0.1006022840738296,0.3698103427886963,-0.5560694336891174,-0.1443005353212356,-0.1628550291061401,-0.462785392999649,-0.1385398060083389,-0.3863020539283752,-0.5381984710693359,-0.1805436462163925,0.4865344762802124,-0.7503739595413208,-0.2554599642753601,-0.476415604352951,-0.7380622625350952,-0.2760157287120819,0.1184625104069709,-0.0016301982104778,0.0123077407479286,-0.1186313927173614,0.0013277801917865,-0.0112913884222507,0.2433642148971557,0.2593996226787567,-0.2658513188362121,-0.2244896739721298,0.2579183280467987,-0.2910686731338501,0.1617634445428848,0.57362961769104,-0.0887686237692833,-0.1349062919616699,0.5665258169174194,-0.1115875169634819,1
134,0.0074540744535624,-0.5984103083610535,-0.3074455857276916,0.1675613075494766,-0.4768528044223785,-0.0925615131855011,0.3699948489665985,-0.5571059584617615,-0.134517416357994,-0.1663604974746704,-0.4657045304775238,-0.1362971812486648,-0.3937571942806244,-0.5488758683204651,-0.1836549192667007,0.4866570830345154,-0.7559965252876282,-0.2411567568778991,-0.47830331325531,-0.7544257640838623,-0.2772510349750519,0.1185085773468017,-0.0021750177256762,0.0124122472479939,-0.1186925843358039,0.0018617620225995,-0.0114079006016254,0.2440716475248336,0.2582091391086578,-0.2588463425636291,-0.2273546904325485,0.2611559629440307,-0.2887109816074371,0.161566749215126,0.5760611295700073,-0.0869892686605453,-0.1352982223033905,0.5719668865203857,-0.1128463298082351,1
135,0.0031140027567744,-0.6099267601966858,-0.3034089505672455,0.1670283079147339,-0.4793905317783355,-0.0926377847790718,0.3654955625534057,-0.5710733532905579,-0.1345294415950775,-0.1674245148897171,-0.4716528356075287,-0.1335480958223343,-0.3921327292919159,-0.5652451515197754,-0.1745585948228836,0.4831182360649109,-0.7689191102981567,-0.235697254538536,-0.4778873920440674,-0.7637982368469238,-0.2535120248794555,0.1186451986432075,-0.0022400207817554,0.0124039221554994,-0.1188444644212722,0.0019185884157195,-0.0113951619714498,0.2422545403242111,0.2613996863365173,-0.2589201927185058,-0.2281022369861602,0.2660945057868957,-0.2816787958145141,0.1582999229431152,0.5802595615386963,-0.0844627320766449,-0.1366751939058303,0.5736017227172852,-0.107015460729599,1
136,-0.0029780433978885,-0.6183543801307678,-0.2675611078739166,0.1650499105453491,-0.4893986880779266,-0.0621068552136421,0.3545742630958557,-0.585551917552948,-0.0930836498737335,-0.1682946532964706,-0.4804355204105377,-0.0997923240065574,-0.3885796964168548,-0.5813669562339783,-0.1362715065479278,0.4713633060455322,-0.7754243016242981,-0.1949011534452438,-0.4737453460693359,-0.7827562093734741,-0.2204040437936782,0.1186607033014297,-0.0022759505081921,0.0123888161033391,-0.1188633516430854,0.0019527844851836,-0.0113715017214417,0.2374853193759918,0.2698542773723602,-0.2434056252241134,-0.2275201231241226,0.2733907103538513,-0.2708218991756439,0.1581325680017471,0.592183530330658,-0.0738473013043403,-0.135959506034851,0.5833684802055359,-0.0983842611312866,1
137,-0.0032998698297888,-0.618790864944458,-0.2751529216766357,0.1635894775390625,-0.490041971206665,-0.0672409310936927,0.349168449640274,-0.5936729907989502,-0.1018555387854576,-0.1686277389526367,-0.4816898703575134,-0.1051137670874595,-0.3881371915340423,-0.587617814540863,-0.1461051851511001,0.4700896739959717,-0.7818800806999207,-0.2018795013427734,-0.4735328555107116,-0.79054194688797,-0.231223925948143,0.1186622604727745,-0.0024269802961498,0.012393707409501,-0.1188705489039421,0.002085663145408,-0.0113690327852964,0.2366227209568023,0.2827998399734497,-0.2262056171894073,-0.2272196412086486,0.2860671579837799,-0.2557566463947296,0.1563339382410049,0.6063786149024963,-0.0557017810642719,-0.1358714699745178,0.5963287949562073,-0.0806538611650466,1
138,-0.0034454818814992,-0.6242199540138245,-0.2738679051399231,0.1611700803041458,-0.4934372901916504,-0.0677832663059234,0.3452827036380768,-0.6006894707679749,-0.1007472649216651,-0.1697873920202255,-0.4845305681228637,-0.1062758043408393,-0.3884478509426117,-0.5940613746643066,-0.1450727432966232,0.4622791707515716,-0.7904340028762817,-0.2020953148603439,-0.4735029637813568,-0.7984871864318848,-0.2288943231105804,0.1185263767838478,-0.00289823487401,0.0123380701988935,-0.1187470331788063,0.002549392869696,-0.0113049577921628,0.2328331172466278,0.2874574959278106,-0.2245030701160431,-0.2266519367694854,0.2986647486686706,-0.2334542423486709,0.1543640792369842,0.6074994206428528,-0.0466064326465129,-0.1353920102119445,0.6050471067428589,-0.0504608713090419,1
139,-0.0012427179608494,-0.6326906681060791,-0.2605106830596924,0.1613604873418808,-0.4970853924751282,-0.0580204874277114,0.3458170890808105,-0.6108227372169495,-0.0849559158086776,-0.1697081327438354,-0.4877039790153503,-0.0979509204626083,-0.3873456716537475,-0.5988689661026001,-0.1369461417198181,0.4598575830459595,-0.8065855503082275,-0.1796811372041702,-0.4695777595043182,-0.8062112331390381,-0.2200764715671539,0.1182819977402687,-0.0029455192852765,0.0123316384851932,-0.1185130253434181,0.0025954397860914,-0.0112972203642129,0.2282889932394027,0.2973506152629852,-0.199727177619934,-0.2231259793043136,0.3010123968124389,-0.2234852015972137,0.1519872844219207,0.6216827630996704,-0.0326496474444866,-0.1333772838115692,0.6119349002838135,-0.0466971807181835,1
140,0.0010593897895887,-0.6319817304611206,-0.2549892365932464,0.1616826653480529,-0.5017675757408142,-0.0542096942663192,0.3448525667190552,-0.6251169443130493,-0.0781124830245971,-0.1689742058515548,-0.4924003481864929,-0.0920318290591239,-0.3858484923839569,-0.605809211730957,-0.1297497302293777,0.4523474872112274,-0.8255664110183716,-0.1673401743173599,-0.4653491377830505,-0.8121996521949768,-0.2139189839363098,0.118021160364151,-0.0029637836851179,0.0122276246547698,-0.1182545721530914,0.0026115030050277,-0.0111931096762418,0.2122370898723602,0.3054574131965637,-0.1940656006336212,-0.2174174338579177,0.3075770735740661,-0.2174379676580429,0.1519692987203598,0.635926365852356,-0.0283500105142593,-0.1323116719722747,0.6235367655754089,-0.0459756143391132,1
141,0.0012776603689417,-0.6315621137619019,-0.2645403146743774,0.1615346074104309,-0.5013779401779175,-0.0628000348806381,0.3427354693412781,-0.629075825214386,-0.080093115568161,-0.168979987502098,-0.4920661151409149,-0.1056455224752426,-0.3832133114337921,-0.608283281326294,-0.1495609581470489,0.4479386806488037,-0.8302609324455261,-0.17294242978096,-0.4645436108112335,-0.8137075901031494,-0.2360389530658722,0.1178304255008697,-0.0029673974495381,0.0122463013976812,-0.1180786043405532,0.0026117379311472,-0.0112147908657789,0.1974765509366989,0.3173591792583465,-0.1812949329614639,-0.2092752605676651,0.3152946531772613,-0.2016014009714126,0.1491040289402008,0.6507800221443176,-0.0160471946001052,-0.1320071220397949,0.6327806115150452,-0.0325468331575393,1
142,0.0014779774937778,-0.6318203210830688,-0.2653892934322357,0.1617768257856369,-0.5034116506576538,-0.0632532089948654,0.3428839743137359,-0.633635938167572,-0.0818340927362442,-0.1672419905662536,-0.4947391748428345,-0.1058003008365631,-0.3752971887588501,-0.6114816665649414,-0.1496893465518951,0.4440335035324096,-0.8347720503807068,-0.1714323014020919,-0.4557879865169525,-0.8146885633468628,-0.2382478713989257,0.1174493283033371,-0.0028169348370283,0.0121291205286979,-0.1177226230502128,0.0024594168644398,-0.0111091677099466,0.1968847960233688,0.3362058997154236,-0.1411637961864471,-0.1975241601467132,0.3305054903030395,-0.1612978726625442,0.1577939838171005,0.6604622006416321,0.0369197092950344,-0.1264377683401107,0.6493064165115356,0.0172968618571758,1
143,-0.0009577310993336,-0.6339888572692871,-0.2553728520870209,0.1592422872781753,-0.5083784461021423,-0.0556632615625858,0.3379802703857422,-0.6378583908081055,-0.0728199928998947,-0.168258935213089,-0.4978142976760864,-0.0955934599041938,-0.3784242272377014,-0.6125724911689758,-0.1477934867143631,0.4367091655731201,-0.8402476906776428,-0.1601639539003372,-0.4535741806030273,-0.8145192861557007,-0.2445674836635589,0.1168540865182876,-0.0027917546685785,0.0119280517101287,-0.1171246618032455,0.0024336746428161,-0.0109246522188186,0.1834845840930938,0.3473246395587921,-0.1169023886322975,-0.1889137029647827,0.3431622684001922,-0.1143968924880027,0.1573986709117889,0.6722853779792786,0.049761913716793,-0.1261553615331649,0.6639531254768372,0.057691179215908,1
144,-0.0040943222120404,-0.6337582468986511,-0.2560160458087921,0.1579091846942901,-0.507770836353302,-0.0613655857741832,0.3362954556941986,-0.6379407644271851,-0.0826273635029792,-0.1683040559291839,-0.4941549301147461,-0.0934410765767097,-0.3783906698226928,-0.608730137348175,-0.1462671458721161,0.4257116019725799,-0.8429284691810608,-0.1633149534463882,-0.4500567317008972,-0.8139109015464783,-0.2473205327987671,0.1161717846989631,-0.0029087688308209,0.0111971059814095,-0.1164449602365493,0.0025525765959173,-0.0102054793387651,0.1666519343852996,0.3465721309185028,-0.1319446265697479,-0.1783515065908432,0.3460462093353271,-0.130087524652481,0.1483530551195144,0.6838193535804749,0.0188118573278188,-0.1241654232144355,0.6800034642219543,0.0500674061477184,1
145,-0.0065209320746362,-0.6310118436813354,-0.259958267211914,0.1567899882793426,-0.5074439644813538,-0.0674397945404052,0.3322339057922363,-0.635779857635498,-0.0915571749210357,-0.1679014861583709,-0.493472546339035,-0.0938700810074806,-0.3721533119678497,-0.6018666625022888,-0.1467657536268234,0.418028712272644,-0.8412283658981323,-0.1774340569972992,-0.4429766535758972,-0.8095307946205139,-0.2588745355606079,0.1156879439949989,-0.0028366856276988,0.0109558971598744,-0.1159476637840271,0.0024630050174891,-0.0099677164107561,0.1602464020252227,0.3699138164520263,-0.0726815983653068,-0.1635898798704147,0.3618904650211334,-0.0670134648680687,0.1458236426115036,0.7019712328910828,0.0819132328033447,-0.1233466193079948,0.6934294700622559,0.0863463431596756,1
146,-0.011588430032134,-0.6226356625556946,-0.2696386575698852,0.1555166095495224,-0.5080670714378357,-0.0743868127465248,0.3320641219615936,-0.6353136897087097,-0.0985569655895233,-0.1682471483945846,-0.4933684766292572,-0.0989081710577011,-0.3694507181644439,-0.6017575860023499,-0.1548389643430709,0.4177239835262298,-0.840519905090332,-0.1848153173923492,-0.4399772584438324,-0.8093889951705933,-0.2783081531524658,0.1155129820108413,-0.0028266657609492,0.0106489304453134,-0.1157719418406486,0.0024462286382913,-0.0096683921292424,0.1396882236003875,0.378469169139862,-0.0674276798963546,-0.154035672545433,0.3699167668819427,-0.0525608547031879,0.1395270377397537,0.7091724872589111,0.0789560824632644,-0.1233870983123779,0.7012507915496826,0.0911915451288223,1
147,-0.0113480295985937,-0.6246182322502136,-0.2644518911838531,0.1546370536088943,-0.5113086700439453,-0.0679035559296608,0.3250271081924438,-0.6347140669822693,-0.087775632739067,-0.1683731079101562,-0.4972521662712097,-0.096289724111557,-0.3692433834075928,-0.6089908480644226,-0.1349985748529434,0.4049151837825775,-0.8381987810134888,-0.1768689155578613,-0.4325889050960541,-0.8160459995269775,-0.2375376522541046,0.115362174808979,-0.0027227434329688,0.0105570890009403,-0.115624114871025,0.002309899078682,-0.009564752690494,0.1295498013496399,0.3924456834793091,-0.0226367767900228,-0.1408713310956955,0.3754373490810394,-0.026414705440402,0.1394986659288406,0.7210400700569153,0.126906469464302,-0.1220444366335868,0.7069088816642761,0.1147652715444564,1
148,-0.0127165308222174,-0.627557098865509,-0.2429774850606918,0.1545466035604477,-0.5132235288619995,-0.0539405159652233,0.323086529970169,-0.6345707178115845,-0.0766869634389877,-0.1685328781604766,-0.5027475357055664,-0.0712574422359466,-0.3640809953212738,-0.6215116381645203,-0.0965410247445106,0.4024764895439148,-0.8377305269241333,-0.1676176488399505,-0.4290834367275238,-0.8264866471290588,-0.1986497044563293,0.1152568235993385,-0.0026077686343342,0.008777686394751,-0.1155140176415443,0.0021663778461515,-0.0077523989602923,0.1226860508322715,0.3988092541694641,-0.0157217513769865,-0.132803738117218,0.3780669867992401,-0.0151770496740937,0.1396595984697342,0.7286390066146851,0.1298727095127105,-0.1188932359218597,0.711381196975708,0.1236324459314346,1
149,-0.0115539766848087,-0.6326838731765747,-0.2233706563711166,0.1562240868806839,-0.5194061398506165,-0.0335407182574272,0.3232722878456116,-0.6407144665718079,-0.0542751029133796,-0.1682852506637573,-0.5103289484977722,-0.0532213039696216,-0.3625217974185943,-0.6373958587646484,-0.0787225440144538,0.4014981389045715,-0.8467402458190918,-0.143995776772499,-0.4218529760837555,-0.841841459274292,-0.1787289083003997,0.1151455640792846,-0.0023862055968493,0.0087352395057678,-0.115394189953804,0.0019167308928444,-0.0077077676542103,0.1239219009876251,0.4021799266338348,0.0036363087128847,-0.1247013062238693,0.3781955242156982,-0.0088641066104173,0.1400449126958847,0.7370836138725281,0.1372693181037902,-0.1145233064889907,0.7143825888633728,0.123506061732769,1
150,-0.0114611648023128,-0.6362588405609131,-0.2184707522392273,0.1566677689552307,-0.5225351452827454,-0.0277431160211563,0.322670429944992,-0.6406134963035583,-0.0506335273385047,-0.1689389944076538,-0.5166195034980774,-0.0448672957718372,-0.3629439771175384,-0.6547986268997192,-0.0695180594921112,0.3960343897342682,-0.8465515375137329,-0.143139511346817,-0.4188832640647888,-0.8609011173248291,-0.1713722050189972,0.1150301471352577,-0.0022072657011449,0.007699507754296,-0.1152657121419906,0.0017159027047455,-0.0066706449724733,0.1192364543676376,0.4057912826538086,0.0150291742756962,-0.124627374112606,0.3800925314426422,0.0091336723417043,0.1454239934682846,0.7413356304168701,0.1378882229328155,-0.1153446286916732,0.7172141075134277,0.1340751647949218,1
151,-6.449316424550489e-05,-0.6496661305427551,-0.2067053318023681,0.1596727073192596,-0.5255946516990662,-0.0152683006599545,0.3174784779548645,-0.6440112590789795,-0.0358179435133934,-0.1677467077970504,-0.5190709829330444,-0.0432545468211174,-0.358905017375946,-0.6541486978530884,-0.0745706185698509,0.388405978679657,-0.849456250667572,-0.1252752989530563,-0.4078895151615143,-0.8596148490905762,-0.1719186902046203,0.1150046959519386,-0.0021425010636448,0.0081022987142205,-0.1152395978569984,0.0016386200441047,-0.0070613813586533,0.1212739944458007,0.4051986336708069,0.0180997364223003,-0.123533971607685,0.379438191652298,0.0055959452874958,0.1465580314397812,0.738601565361023,0.1566414088010788,-0.1140848472714424,0.7157071828842163,0.1400198638439178,1
152,-0.000194912936422,-0.6493182182312012,-0.2033161073923111,0.1604556888341903,-0.5271673798561096,-0.0108813280239701,0.3177571892738342,-0.6437386274337769,-0.0306175481528043,-0.167664960026741,-0.5214588046073914,-0.0361880362033844,-0.3543363511562347,-0.6541811227798462,-0.0637647286057472,0.3895215094089508,-0.8495737910270691,-0.1225164979696273,-0.3995614945888519,-0.8619852066040039,-0.1642442047595977,0.1149650663137435,-0.0019349529175087,0.0074149938300251,-0.1152000948786735,0.0014120721025392,-0.0063655576668679,0.1174590289592742,0.4067437648773193,0.0168081987649202,-0.1233655288815498,0.3817488551139831,0.0130297457799315,0.1472588181495666,0.7391880750656128,0.1502193957567215,-0.1146890074014663,0.7187817096710205,0.1410920321941375,1
153,0.0024891360662877,-0.651702344417572,-0.1999967396259308,0.163580521941185,-0.5288978219032288,-0.0114793768152594,0.317048966884613,-0.6463351249694824,-0.0337303578853607,-0.1654436588287353,-0.5243597626686096,-0.0325799100100994,-0.3500831425189972,-0.6686513423919678,-0.0622583292424678,0.3761098086833954,-0.8541117906570435,-0.1228231266140937,-0.3863482773303985,-0.8768436312675476,-0.157914251089096,0.1149147525429725,-0.001736176200211,0.0073655867017805,-0.1151441559195518,0.00120143184904,-0.0063086496666073,0.1161388382315635,0.4079762697219848,0.0212771315127611,-0.1218379810452461,0.3814916610717773,0.0144526166841387,0.1456696987152099,0.7410057187080383,0.154693990945816,-0.1146802604198455,0.7178707122802734,0.1436160504817962,1
154,0.0035543674603104,-0.6514966487884521,-0.2103426158428192,0.1655126363039016,-0.5287280082702637,-0.0271708853542804,0.315859317779541,-0.6553043127059937,-0.0598033927381038,-0.1623531728982925,-0.5239914059638977,-0.0483872517943382,-0.3373042345046997,-0.6751782894134521,-0.0872749760746955,0.3649466037750244,-0.864154577255249,-0.1426873356103897,-0.3728744685649872,-0.8846338987350464,-0.1774018704891204,0.1148515790700912,-0.0015186311211436,0.0074719968251883,-0.1150799840688705,0.0009701919043436,-0.0064186905510723,0.11663119494915,0.4081225991249084,0.0268653705716133,-0.1182417869567871,0.381361573934555,0.0152070438489317,0.1458065658807754,0.740517795085907,0.1637953668832779,-0.1145359650254249,0.7173181176185608,0.1488921344280243,1
155,0.0029984675347805,-0.6514991521835327,-0.207445740699768,0.1656671017408371,-0.5314909815788269,-0.0266652107238769,0.3152574300765991,-0.670018196105957,-0.0589780956506729,-0.1612368375062942,-0.5250199437141418,-0.0466299690306186,-0.3346763253211975,-0.673933744430542,-0.0869802236557006,0.3629006445407867,-0.8815793991088867,-0.1400831043720245,-0.3681131899356842,-0.8815370798110962,-0.1774284839630127,0.1147534772753715,-0.0012554796412587,0.0074517065659165,-0.1149811223149299,0.000706348917447,-0.0063977893441915,0.1168507635593414,0.4079063236713409,0.0268772467970848,-0.118119366466999,0.3813897669315338,0.0159691479057073,0.1532920151948928,0.7402491569519043,0.1676685959100723,-0.1123098656535148,0.7169731855392456,0.1505050063133239,1
156,-0.0008274966385215,-0.652132511138916,-0.1915808469057083,0.1642392724752426,-0.5313001871109009,-0.0162327326834201,0.3134813010692596,-0.6690270304679871,-0.0498814955353736,-0.161210834980011,-0.5248465538024902,-0.0236808974295854,-0.3344871401786804,-0.6736915707588196,-0.0548425391316413,0.3559118807315826,-0.8814581632614136,-0.1323006749153137,-0.3704899549484253,-0.8855871558189392,-0.153679758310318,0.1143371984362602,-0.0012027302291244,0.0065871747210621,-0.1145348995923996,0.0006518324371427,-0.0055032670497894,0.1100224703550338,0.4081123769283294,0.0270410887897014,-0.1189592182636261,0.3816609680652618,0.0154973724856972,0.1490277647972107,0.7407019734382629,0.1647038161754608,-0.1149328649044036,0.7223923802375793,0.1490593999624252,1
157,0.0002516660024411,-0.65205317735672,-0.1905260980129242,0.1642939150333404,-0.530839741230011,-0.0140985362231731,0.3125205636024475,-0.6781304478645325,-0.0446347631514072,-0.1597176045179367,-0.5234154462814331,-0.024625439196825,-0.3282782435417175,-0.6728963255882263,-0.0584944114089012,0.3547912240028381,-0.8932786583900452,-0.1226332038640976,-0.3567993640899658,-0.8859211206436157,-0.1564235538244247,0.1141735762357711,-0.001048044883646,0.0063379751518368,-0.1143655627965927,0.0004913033335469,-0.0052591101266443,0.1076762303709983,0.4085100591182709,0.0264563597738742,-0.1185832321643829,0.3816601932048797,0.0155018577352166,0.1460079103708267,0.7413848042488098,0.1631426960229873,-0.1145024597644805,0.7226845026016235,0.148284912109375,1
158,-0.0005403754184953,-0.6513292193412781,-0.2004582434892654,0.1624923944473266,-0.5303035378456116,-0.0281536821275949,0.3047645688056946,-0.6853240132331848,-0.0655437707901001,-0.1586882770061493,-0.5233147144317627,-0.036876194179058,-0.3247095942497253,-0.6725028157234192,-0.0793588981032371,0.3500901758670807,-0.8983113765716553,-0.1462131291627884,-0.3532544076442718,-0.8870992660522461,-0.1759142577648162,0.1136726289987564,-0.0008305295486934,0.0062873694114387,-0.1138649806380271,0.0002752183936536,-0.0052039418369531,0.1072696149349212,0.408657819032669,0.0282913241535425,-0.1208473742008209,0.3813966512680053,0.0151804005727171,0.145719975233078,0.7426387071609497,0.1624893248081207,-0.1190338060259819,0.7224723696708679,0.1469749957323074,1
159,-0.0003432621015235,-0.6497339606285095,-0.2006080597639084,0.1621877998113632,-0.5291061401367188,-0.0278182439506053,0.2996667027473449,-0.6871755123138428,-0.0644919052720069,-0.1574838757514953,-0.5232737064361572,-0.037184689193964,-0.3188182413578033,-0.6722791790962219,-0.0814403817057609,0.3497667610645294,-0.9029943943023682,-0.1423001587390899,-0.3364277780056,-0.8870428204536438,-0.176747441291809,0.1135382652282714,-0.0005585480248555,0.0062133204191923,-0.1137300357222557,-6.197354196046945e-06,-0.0051270648837089,0.1073876619338989,0.4086262285709381,0.0296388398855924,-0.1210423931479454,0.380832701921463,0.0155724668875336,0.1463588029146194,0.7411936521530151,0.1652445495128631,-0.1192607209086418,0.7206969261169434,0.1486734300851822,1
160,0.0028875961434096,-0.6514574289321899,-0.2017561346292495,0.1624863147735595,-0.5288375020027161,-0.0287709087133407,0.2986249327659607,-0.6963377594947815,-0.0633281394839286,-0.1543480008840561,-0.5231028199195862,-0.042111836373806,-0.3117707669734955,-0.6717183589935303,-0.0915051698684692,0.3500730693340301,-0.9092707633972168,-0.1419088393449783,-0.3281570672988891,-0.8868961930274963,-0.1832108497619629,0.1133414059877395,-0.0004489332786761,0.0065281419083476,-0.1135365739464759,-0.0001176810401375,-0.0054331133142113,0.1077018976211547,0.408307671546936,0.0330423526465892,-0.1197979673743248,0.3806956112384796,0.0153852747753262,0.1466006487607956,0.7411474585533142,0.1652033627033233,-0.1174866110086441,0.7206864953041077,0.1476256996393203,1
161,0.0036450629122555,-0.6549274921417236,-0.1998773068189621,0.1627121418714523,-0.5282596945762634,-0.0292551908642053,0.2969371974468231,-0.695915699005127,-0.0671729445457458,-0.1529604643583297,-0.5230936408042908,-0.0404744930565357,-0.3057572543621063,-0.6695998311042786,-0.0906898900866508,0.3498488068580627,-0.9101421236991882,-0.1478466838598251,-0.3184403777122497,-0.8867372870445251,-0.1833621859550476,0.1131771951913833,-0.0003394226951058,0.0052754823118448,-0.1133776605129242,-0.0002240779285784,-0.0041873506270349,0.1078047081828117,0.4084380865097046,0.0317585505545139,-0.1159701645374298,0.3813740611076355,0.0166934914886951,0.1511585712432861,0.7417375445365906,0.1648185700178146,-0.1083246618509292,0.722811222076416,0.1492452025413513,1
162,0.0042622699402272,-0.6611554622650146,-0.1903512477874755,0.1631814092397689,-0.5311290621757507,-0.0280868764966726,0.28895303606987,-0.7121312618255615,-0.0650336891412735,-0.1511795371770858,-0.5264800190925598,-0.0317026935517787,-0.2967401146888733,-0.6758125424385071,-0.0856015905737876,0.3438659310340881,-0.928288459777832,-0.1364322900772094,-0.3031200170516968,-0.893873929977417,-0.1799449920654297,0.1130426973104476,0.0001264635939151,0.0025345454923808,-0.1132325455546379,-0.0006885100738145,-0.0014395100297406,0.1078610122203826,0.4079142212867737,0.0315589010715484,-0.1127215921878814,0.3813434243202209,0.0280439238995313,0.1561238169670105,0.7418697476387024,0.1649826765060424,-0.1037774458527565,0.7227548360824585,0.1629745662212371,1
163,0.004492285195738,-0.6631131768226624,-0.1980531066656112,0.1631619334220886,-0.5312919616699219,-0.0385370217263698,0.2847190499305725,-0.7194578647613525,-0.076161041855812,-0.1498810946941375,-0.5272537469863892,-0.0420648641884326,-0.2911781668663025,-0.6786782145500183,-0.098763570189476,0.3411527872085571,-0.935716986656189,-0.1464953124523162,-0.293584406375885,-0.8961465358734131,-0.1918298006057739,0.1129217892885208,0.0002124303136952,0.0020447231363505,-0.113111712038517,-0.0007769658113829,-0.0009452087688259,0.1089913770556449,0.4069070816040039,0.0318602062761783,-0.1110821142792701,0.3820211291313171,0.0305783245712518,0.1637216359376907,0.7414575815200806,0.1687537133693695,-0.1001898944377899,0.7230335474014282,0.1693111062049865,1
164,0.0038843629881739,-0.6607910990715027,-0.2088029235601425,0.1612731963396072,-0.5304857492446899,-0.0463487915694713,0.274900883436203,-0.7173372507095337,-0.0845216438174247,-0.149870827794075,-0.5272742509841919,-0.0526935011148452,-0.2916415929794311,-0.6812194585800171,-0.1095622181892395,0.3320044577121734,-0.9342044591903688,-0.1583091616630554,-0.291249543428421,-0.900087833404541,-0.2010186165571212,0.1127726212143898,0.0002733541477937,0.0019519585184752,-0.1129653602838516,-0.0008383430540561,-0.0008477080264128,0.1079901754856109,0.4069484174251556,0.0315414331853389,-0.1111321374773979,0.3833999931812286,0.0299682784825563,0.1628085523843765,0.7422845363616943,0.1639459431171417,-0.1005471646785736,0.7272689342498779,0.1671729981899261,1
165,0.0045803664252161,-0.6606611609458923,-0.2075269818305969,0.1612806469202041,-0.5305649042129517,-0.0441590659320354,0.269326239824295,-0.7156866192817688,-0.0788164362311363,-0.1496468186378479,-0.5274794101715088,-0.0519001148641109,-0.2892391383647918,-0.6851435899734497,-0.109269842505455,0.326008528470993,-0.9314120411872864,-0.145857349038124,-0.2824162244796753,-0.9045407772064208,-0.1997397392988205,0.1127095818519592,0.0003410278295632,0.0020846235565841,-0.1129019111394882,-0.0009118782472796,-0.0009785414440557,0.1078972592949867,0.4064872860908508,0.032359417527914,-0.111120156943798,0.3834198713302612,0.0296613853424787,0.1588946133852005,0.7422885298728943,0.1638438254594802,-0.1005202308297157,0.7271749377250671,0.16669861972332,1
166,0.0036884828004986,-0.6551780104637146,-0.2275091707706451,0.1608637124300003,-0.5277312994003296,-0.0655086189508438,0.2683335840702057,-0.7152037024497986,-0.1076461002230644,-0.1488164663314819,-0.5260066986083984,-0.0704790353775024,-0.2869908213615417,-0.6832976937294006,-0.1333643645048141,0.3228289484977722,-0.9302674531936646,-0.1779441237449646,-0.2818039655685425,-0.901133120059967,-0.2283018678426742,0.1126564890146255,0.0003953230916522,0.0020742018241435,-0.1128482222557067,-0.0009681931696832,-0.0009652415174059,0.1081538870930671,0.4067324101924896,0.0290432870388031,-0.1112897023558616,0.3846911489963531,0.0283717755228281,0.1588114202022552,0.7424471378326416,0.163686454296112,-0.1005631983280181,0.7287552952766418,0.1657582074403762,1
167,0.00466004665941,-0.6470897197723389,-0.2527481019496918,0.1606083363294601,-0.5204417109489441,-0.0850083231925964,0.2651705145835876,-0.7119642496109009,-0.122822992503643,-0.1459599584341049,-0.521011233329773,-0.094308890402317,-0.2834431529045105,-0.6819540858268738,-0.1632116287946701,0.3210386335849762,-0.9296309947967528,-0.1881796717643737,-0.2808569669723511,-0.9011210799217224,-0.2609511911869049,0.1125659793615341,0.0004404166247695,0.0026762839406728,-0.1127614378929138,-0.0010156175121665,-0.0015675028553232,0.1076723262667656,0.4074315428733825,0.0286306478083133,-0.1110848635435104,0.385673463344574,0.0248173512518405,0.1555513590574264,0.7427096366882324,0.1632318049669265,-0.1000487133860588,0.7303538918495178,0.16164131462574,1
168,0.0057835723273456,-0.6480619311332703,-0.194543719291687,0.1608889400959015,-0.5210080742835999,-0.0294628031551837,0.2690518796443939,-0.7115349173545837,-0.0712452754378318,-0.1458648294210434,-0.5212624669075012,-0.0348225533962249,-0.281634658575058,-0.6820956468582153,-0.0886205509305,0.3175079524517059,-0.931121826171875,-0.136111781001091,-0.2671440541744232,-0.9034864902496338,-0.1700946688652038,0.1123907715082168,0.000510296144057,0.001882794778794,-0.1125750392675399,-0.0010858495952561,-0.0007835972355678,0.1072748824954032,0.4074984788894653,0.0285621993243694,-0.1112078726291656,0.3850058615207672,0.0253052879124879,0.1554843485355377,0.743446946144104,0.1583966165781021,-0.100368782877922,0.7299965620040894,0.1577881425619125,1
169,0.0082200719043612,-0.6487390995025635,-0.1957141757011413,0.1615298241376876,-0.5211886763572693,-0.0342857651412487,0.2693793177604675,-0.7102378010749817,-0.0798215642571449,-0.1446473449468612,-0.5215244293212891,-0.0390823446214199,-0.2811502516269684,-0.6820015907287598,-0.0947701334953308,0.3132244944572449,-0.9306977987289428,-0.1419846713542938,-0.2662967443466186,-0.9046697616577148,-0.180022731423378,0.112244613468647,0.0005487114540301,0.0014669788070023,-0.1124240681529045,-0.0011259810999035,-0.0003678709035739,0.1085193306207656,0.4070889353752136,0.0284038484096527,-0.1112220883369445,0.3848234117031097,0.0269063264131546,0.1581337600946426,0.7427493929862976,0.1587048321962356,-0.1004300191998481,0.7280681729316711,0.1593887209892273,1
170,0.0085262758657336,-0.6492614150047302,-0.1990079581737518,0.161550685763359,-0.5213456153869629,-0.0366517528891563,0.2696379721164703,-0.7099217772483826,-0.0814699679613113,-0.144394114613533,-0.5216054916381836,-0.0416883490979671,-0.2810641527175903,-0.6819179654121399,-0.0976834669709205,0.3119266629219055,-0.930502951145172,-0.1453062742948532,-0.264270007610321,-0.9047805070877076,-0.1826062500476837,0.1121106222271919,0.0006127962260507,0.0011638988507911,-0.1122913062572479,-0.0011915212962776,-6.55673211440444e-05,0.1088155359029769,0.407176673412323,0.0278587471693754,-0.111749991774559,0.3848429322242737,0.0270575489848852,0.1579143851995468,0.7439515590667725,0.1565917283296585,-0.1037570834159851,0.72861647605896,0.1575517803430557,1
171,0.0101577676832675,-0.6497200131416321,-0.2008276879787445,0.1628258526325225,-0.5215389132499695,-0.0377132631838321,0.2710583508014679,-0.7097642421722412,-0.0779104903340339,-0.1427550762891769,-0.5227405428886414,-0.041859284043312,-0.2768594026565552,-0.6863895058631897,-0.0965383574366569,0.3122154772281647,-0.930246353149414,-0.1328267306089401,-0.2553690671920776,-0.910594403743744,-0.1793054342269897,0.112053208053112,0.0006418573902919,0.0012056987034156,-0.1122300401329994,-0.0012235215399414,-0.0001063495874404,0.1097628697752952,0.4068348407745361,0.0317248292267322,-0.1106482967734336,0.3847715556621551,0.0276884082704782,0.1614207327365875,0.7414506673812866,0.1662808656692505,-0.1009882241487503,0.7272511124610901,0.1603136211633682,1
172,0.0103243254125118,-0.6502446532249451,-0.2016645967960357,0.1624352186918258,-0.5217036008834839,-0.0381135381758213,0.2708154320716858,-0.7079175114631653,-0.0784198492765426,-0.142998605966568,-0.5229300260543823,-0.0448851324617862,-0.2768364548683166,-0.6857261061668396,-0.1006774231791496,0.3108762204647064,-0.9282645583152772,-0.1335662901401519,-0.2557479441165924,-0.907939612865448,-0.1814642250537872,0.111968345940113,0.0006665813853032,0.0023452779278159,-0.1121431961655616,-0.0012497728457674,-0.0012201146455481,0.1094147861003875,0.4075792133808136,0.033744677901268,-0.1110362112522125,0.3847918808460235,0.025330513715744,0.1619360446929931,0.7428390383720398,0.1660786867141723,-0.1012269258499145,0.7275391221046448,0.1549857556819915,0
173,0.0104810465127229,-0.6491792798042297,-0.2084061801433563,0.1625517457723617,-0.5218055844306946,-0.043865792453289,0.2708519101142883,-0.7071354389190674,-0.0837601125240325,-0.1424435228109359,-0.5228078365325928,-0.0479875952005386,-0.2770319581031799,-0.684826672077179,-0.1025629639625549,0.3079110383987427,-0.92811781167984,-0.1390232890844345,-0.2565976679325104,-0.90813410282135,-0.1824320554733276,0.111775130033493,0.0007353281253017,0.0015474515967071,-0.1119514256715774,-0.0013202533591538,-0.0004413228889461,0.1094258874654769,0.4071299731731415,0.0296990480273962,-0.1117939427495002,0.3847892880439758,0.0262632556259632,0.1617630124092102,0.7432478070259094,0.1541924923658371,-0.1024535074830055,0.7276029586791992,0.1545363366603851,0
174,0.0104407742619514,-0.6478855609893799,-0.2128650844097137,0.1625011414289474,-0.5217960476875305,-0.046895645558834,0.2715975046157837,-0.7060607671737671,-0.0904800742864608,-0.1423951685428619,-0.5226477980613708,-0.0515318140387535,-0.2771163582801819,-0.6845415234565735,-0.1061111390590667,0.3070731163024902,-0.9269788265228271,-0.1530534625053405,-0.2571476995944977,-0.9080760478973388,-0.1858113557100296,0.111724205315113,0.000746808538679,0.0014706763904541,-0.1118992492556572,-0.0013337157433852,-0.0003670433943625,0.109406404197216,0.4072853922843933,0.0289394743740558,-0.1133122891187667,0.3854416608810425,0.0262703523039817,0.161410853266716,0.7438735961914062,0.1542828679084777,-0.1049956977367401,0.7288608551025391,0.154358223080635,0
175,0.0104524148628115,-0.6519662141799927,-0.1869492679834365,0.1627434939146042,-0.524294376373291,-0.0196153111755847,0.2721291780471802,-0.7057859897613525,-0.053532488644123,-0.1429092288017273,-0.523916482925415,-0.0299202892929315,-0.2771211564540863,-0.6876763105392456,-0.0840101763606071,0.3071656227111816,-0.9259468913078308,-0.1081864312291145,-0.2564559578895569,-0.9108424782752992,-0.1630291938781738,0.1116698756814003,0.0007616113871335,0.0016395741840824,-0.1118448823690414,-0.0013499945634976,-0.0005389133002609,0.1090752258896827,0.4072101414203644,0.0318940170109272,-0.1129597947001457,0.3847295939922333,0.0261076465249061,0.160349816083908,0.7435038685798645,0.1571642458438873,-0.1049062609672546,0.7280752658843994,0.1521492898464203,0
176,0.0083633968606591,-0.6523268222808838,-0.1884309500455856,0.1616326719522476,-0.5242979526519775,-0.0215693078935146,0.27247354388237,-0.6991090178489685,-0.0588446706533432,-0.145176887512207,-0.5238363146781921,-0.029137821868062,-0.2792306840419769,-0.6820297837257385,-0.0829241052269935,0.305493026971817,-0.9175683856010436,-0.1134095638990402,-0.2599878013134002,-0.905932068824768,-0.1646868139505386,0.1115734577178955,0.0007636857335455,0.0011928343446925,-0.1117457151412963,-0.0013523898087441,-8.836611232254654e-05,0.1090367957949638,0.406953364610672,0.0296958237886428,-0.1133411154150962,0.3846645653247833,0.0266684237867593,0.1596498936414718,0.7435189485549927,0.1540451049804687,-0.1049043983221054,0.7282874584197998,0.1515085995197296,0
177,0.008143532089889,-0.6531733870506287,-0.1603481620550155,0.1620006114244461,-0.5247254371643066,0.0050388891249895,0.2751274406909942,-0.6872031688690186,-0.0347869247198104,-0.1455634385347366,-0.523549497127533,0.0032463567331433,-0.283618152141571,-0.6772865653038025,-0.0409374944865703,0.3042553961277008,-0.906287968158722,-0.0960865914821624,-0.2639279663562774,-0.901257336139679,-0.1181183606386184,0.1114895418286323,0.0007800622261129,0.0008590794750489,-0.1116553768515586,-0.0013686796883121,0.0002513041836209,0.1088538765907287,0.4066555202007293,0.0262299254536628,-0.1152314022183418,0.3825923204421997,0.0248980931937694,0.154693529009819,0.7444448471069336,0.1386297941207885,-0.1054248958826065,0.7275846004486084,0.1379432380199432,0
178,0.0074719320982694,-0.6567162275314331,-0.1547889709472656,0.1620777696371078,-0.5245931148529053,0.0109642865136265,0.2807073593139648,-0.683935821056366,-0.0304625704884529,-0.1468553990125656,-0.5228172540664673,0.0086915986612439,-0.2868890464305877,-0.67633056640625,-0.0354424156248569,0.3065158128738403,-0.9045068621635436,-0.0949355810880661,-0.2655515670776367,-0.9006471633911133,-0.1129019930958747,0.1115146502852439,0.0006377781974151,0.0008580944268032,-0.1116806119680404,-0.0012317337095737,0.0002541273715905,0.1087303832173347,0.4067035019397735,0.0265258625149726,-0.1153375655412674,0.3822016417980194,0.02222640812397,0.1546037346124649,0.7434570789337158,0.1442582160234451,-0.1044007390737533,0.7265143394470215,0.1366080939769745,0
179,0.0076659824699163,-0.6566680669784546,-0.1497403532266616,0.1622248142957687,-0.5242339372634888,0.0186032149940729,0.2837939262390136,-0.6781400442123413,-0.0184699147939682,-0.1481977850198745,-0.5218374133110046,0.0151815749704837,-0.2929774522781372,-0.674490213394165,-0.0269653517752885,0.3101474046707153,-0.8970847129821777,-0.0803364291787147,-0.2676506042480469,-0.8998009562492371,-0.1013695374131202,0.1115010902285575,0.0006016819388605,0.0008552309009246,-0.111664667725563,-0.00119703495875,0.0002598124556243,0.1087334603071212,0.407133013010025,0.0240236315876245,-0.1171063482761383,0.3817138075828552,0.0200582221150398,0.1540032774209976,0.745364248752594,0.1379072964191436,-0.1055477485060691,0.7262399792671204,0.1300348341464996,0
180,0.0080669820308685,-0.6567673683166504,-0.1384878754615783,0.1629026979207992,-0.5233621001243591,0.0307137575000524,0.2907944023609161,-0.6638146042823792,-0.0051164436154067,-0.1485517621040344,-0.5169238448143005,0.0264086239039897,-0.2951430380344391,-0.6603111028671265,-0.0120108723640441,0.3095781207084656,-0.8733040690422058,-0.0645951330661773,-0.2674832642078399,-0.8851611018180847,-0.079431802034378,0.1115350425243377,0.0005039989482611,0.0014638125430792,-0.1116914823651313,-0.0010969121940433,-0.0003352125931996,0.1080507338047027,0.4073233604431152,0.0221993718296289,-0.1170108467340469,0.3817008435726166,0.0170875359326601,0.1497805714607238,0.7469697594642639,0.129483625292778,-0.1059561371803283,0.726302981376648,0.1236263066530227,0
181,0.0088580781593918,-0.6556454300880432,-0.1307846158742904,0.165369763970375,-0.5228614211082458,0.0413881316781044,0.3109826445579529,-0.6493300199508667,-0.0097478255629539,-0.1497122794389724,-0.5165227651596069,0.0332731567323207,-0.2973085939884186,-0.6604876518249512,-0.007010777015239,0.3095690011978149,-0.8587339520454407,-0.0723158195614814,-0.2644715011119842,-0.8804616332054138,-0.0738070532679557,0.111595019698143,0.0005034575005993,0.0018253951566293,-0.1117389276623725,-0.0010947874980047,-0.0007169225718826,0.1080904826521873,0.4077853858470917,0.0135503858327865,-0.1159413233399391,0.3815313279628753,0.0126623632386326,0.1488295793533325,0.7490668296813965,0.115211933851242,-0.106091670691967,0.7258707284927368,0.1162627562880516,0
182,0.0127092227339744,-0.6562535762786865,-0.1285795420408249,0.1696499735116958,-0.5182332396507263,0.0445657409727573,0.3226541876792907,-0.6318113803863525,-0.0042259129695594,-0.1497594267129898,-0.5101582407951355,0.0395883321762084,-0.3068808913230896,-0.6529401540756226,0.00243408116512,0.3198647201061249,-0.8365296721458435,-0.0726589858531951,-0.2680032551288605,-0.8700079321861267,-0.0597087629139423,0.1117577105760574,0.000440865784185,0.0020238785073161,-0.1118842735886573,-0.0010313803795725,-0.0009285023552365,0.1081152707338333,0.4086656868457794,0.0083010783419013,-0.1150281056761741,0.3817116022109985,0.0117074381560087,0.1475197672843933,0.7514344453811646,0.1098246425390243,-0.106138028204441,0.7259342074394226,0.1165594533085823,0
183,0.0150487488135695,-0.6561184525489807,-0.1311307847499847,0.1751397848129272,-0.5138271450996399,0.0430786684155464,0.3378541767597198,-0.6073527336120605,-0.0062772859819233,-0.1490796357393264,-0.5025762319564819,0.0365774855017662,-0.3112412095069885,-0.6330111622810364,-0.0020433994941413,0.3288275003433227,-0.8071747422218323,-0.094251625239849,-0.270209401845932,-0.8474105000495911,-0.0655460581183433,0.1119751557707786,0.0003549282846506,0.0042030867189168,-0.1120952516794204,-0.0009399767732247,-0.0031799438875168,0.1118061393499374,0.4095967411994934,0.0027465031016618,-0.112072616815567,0.3837001919746399,0.002017984399572,0.1487973481416702,0.7519292235374451,0.1120600029826164,-0.1036952212452888,0.7284688949584961,0.1110082790255546,0
184,0.0178521331399679,-0.6553178429603577,-0.1324827969074249,0.1804085373878479,-0.50910884141922,0.041684228926897,0.3489634990692138,-0.5828117728233337,-0.0177783221006393,-0.1481577008962631,-0.4987372457981109,0.0386862643063068,-0.3128592371940613,-0.6164734363555908,0.0039214184507727,0.3319035768508911,-0.778999924659729,-0.1193995773792266,-0.2703093886375427,-0.8237830400466919,-0.0589186772704124,0.1121262684464454,0.0003501720784697,0.0038369828835129,-0.1122450307011604,-0.00093350908719,-0.0028644814155995,0.113069362938404,0.4117252230644226,-0.0079929437488317,-0.1074605882167816,0.3859611451625824,0.0019042568746954,0.1480330973863601,0.7564131617546082,0.1094970926642417,-0.0978798121213913,0.7322282791137695,0.1106726974248886,0
185,0.0189796090126037,-0.6550196409225464,-0.134348377585411,0.1808588802814483,-0.5075781345367432,0.0436023138463497,0.348687082529068,-0.5700111985206604,-0.0137501321732997,-0.1463168561458587,-0.49226975440979,0.0379666946828365,-0.3137230277061462,-0.5791808366775513,0.0097954832017421,0.3332166075706482,-0.7699397206306458,-0.116086259484291,-0.2736881971359253,-0.784325361251831,-0.0565828494727611,0.112144336104393,0.0004293980309739,0.0047399592585861,-0.1122610718011856,-0.0010101504158228,-0.0037799393758177,0.113568976521492,0.4138351380825043,-0.0119598051533102,-0.1076991260051727,0.3867341876029968,-0.0034244309645146,0.143556460738182,0.757886528968811,0.1053023040294647,-0.0980786010622978,0.735514760017395,0.0993312820792198,0
186,0.0199124217033386,-0.6544679999351501,-0.1622087806463241,0.1821782439947128,-0.5057554244995117,0.0265382528305053,0.3531408607959747,-0.5490103363990784,-0.0323928818106651,-0.1439382433891296,-0.4908094704151153,0.0280568376183509,-0.3218142688274383,-0.5516271591186523,0.0079634450376033,0.3329024910926819,-0.739111065864563,-0.1413812339305877,-0.2847687900066376,-0.7372484803199768,-0.0611308962106704,0.112128309905529,0.0005916238878853,0.0047256406396627,-0.1122409924864769,-0.0011812993325293,-0.0037682659458369,0.1144052445888519,0.4141996204853058,-0.0118156215175986,-0.1072274073958396,0.3869018256664276,-0.0030461784917861,0.1446947753429412,0.7568168640136719,0.1083194762468338,-0.0979209691286087,0.7352979779243469,0.1027999967336654,0
187,0.0214691814035177,-0.6561225056648254,-0.1911383867263794,0.18470498919487,-0.5036210417747498,0.0020323831122368,0.3560157418251037,-0.5235075354576111,-0.0664967447519302,-0.1413576900959015,-0.4910291135311126,-0.0009316804353147,-0.3228071331977844,-0.5243363380432129,-0.0441105067729949,0.3334758579730987,-0.6991836428642273,-0.1878049969673156,-0.2847009301185608,-0.6916998028755188,-0.1488781422376632,0.1120211333036422,0.000923728221096,0.0047222021967172,-0.1121358573436737,-0.0015209565171971,-0.003770530456677,0.1146955788135528,0.414696455001831,-0.007053957786411,-0.1068560555577278,0.388070672750473,0.004905785433948,0.1454603970050811,0.7576087713241577,0.121521957218647,-0.0951861143112182,0.7353425621986389,0.1200051456689834,0
188,0.0243398770689964,-0.6555467844009399,-0.20235276222229,0.1845619827508926,-0.4989979267120361,-0.0023433391470462,0.3544861972332001,-0.4929854273796081,-0.0744039639830589,-0.1400104612112045,-0.4895985126495361,-0.0108883008360862,-0.3241362571716308,-0.5033624172210693,-0.0671736076474189,0.3339928686618805,-0.6662603616714478,-0.2050228118896484,-0.2846006751060486,-0.6684467792510986,-0.1914312541484832,0.1117212176322937,0.0009731647442094,0.004814333282411,-0.1118169501423835,-0.0015765633434057,-0.003882551100105,0.1151345148682594,0.4147739112377167,-0.0061671738512814,-0.1071679890155792,0.3897975087165832,0.0069297836162149,0.1474460214376449,0.7581125497817993,0.1254456341266632,-0.0946994721889495,0.7367359399795532,0.1240666434168815,0
189,0.0240310970693826,-0.6540108919143677,-0.2165186107158661,0.1828571408987045,-0.4870402812957763,-0.0124756516888737,0.3439716696739197,-0.429034948348999,-0.0981422141194343,-0.1383479088544845,-0.4881351292133331,-0.027051655575633,-0.3166080713272095,-0.4559307396411896,-0.1047701984643936,0.332523375749588,-0.5851640105247498,-0.245273008942604,-0.27325040102005,-0.6067935228347778,-0.2559536397457123,0.1111884489655494,0.0009935890557244,0.005087511613965,-0.1112358272075653,-0.0016046401578933,-0.0041796462610363,0.1154226437211036,0.4147677421569824,-0.0054160091094672,-0.1086944043636322,0.3907923996448517,0.0053144204430282,0.1493836194276809,0.7583398222923279,0.1261931955814361,-0.0947830528020858,0.7400279641151428,0.1238187551498413,0
190,0.0242900140583515,-0.6403900980949402,-0.2576585710048675,0.1799594908952713,-0.4752728044986725,-0.0426616109907627,0.3366850912570953,-0.3827161490917206,-0.151136428117752,-0.1380600333213806,-0.4819147288799286,-0.0701304376125335,-0.3117418587207794,-0.3908265233039856,-0.1746485531330108,0.3308163285255432,-0.5276874303817749,-0.3338238894939422,-0.264125794172287,-0.5189358592033386,-0.3640597462654114,0.1109707430005073,0.0010019000619649,0.0064755207858979,-0.1109993457794189,-0.0016186125576496,-0.0055953576229512,0.1155864596366882,0.4148239195346832,-0.0026120052207261,-0.1141918152570724,0.3908228278160095,-0.0001368402299704,0.1495214253664016,0.757039487361908,0.1358046978712082,-0.0945603623986244,0.7401037216186523,0.1262052804231643,0
191,0.0256251208484172,-0.6401779651641846,-0.2532343864440918,0.1759724169969558,-0.4719850122928619,-0.0424872562289238,0.3201904594898224,-0.3659640550613403,-0.1541224718093872,-0.1388102620840072,-0.479158341884613,-0.0687959194183349,-0.3089133501052856,-0.3682383596897125,-0.1811539083719253,0.3226233422756195,-0.487017959356308,-0.3518997430801391,-0.2605777680873871,-0.4848122894763946,-0.3851699233055115,0.1109476312994957,0.0009373179636895,0.0068341023288667,-0.1109742894768714,-0.0015646725660189,-0.0059564150869846,0.1152578443288803,0.4149041473865509,-0.0042588012292981,-0.1212822347879409,0.3909537196159363,-0.0076083075255155,0.1449112594127655,0.7568739056587219,0.1352360546588897,-0.0954296067357063,0.7427891492843628,0.1251750588417053,0
192,0.0312885083258152,-0.6384042501449585,-0.2457908540964126,0.175918310880661,-0.4735674560070038,-0.0403907150030136,0.3109567761421203,-0.3531903326511383,-0.1486534625291824,-0.1391037106513977,-0.4793833196163177,-0.0599061660468578,-0.2946610450744629,-0.345335304737091,-0.170408546924591,0.3216108083724975,-0.4678892493247986,-0.3705856204032898,-0.2517125606536865,-0.4495985507965088,-0.3932852745056152,0.1110161542892456,0.0008006824646145,0.0078607918694615,-0.1110261157155036,-0.0014402002561837,-0.0069671492092311,0.1143262460827827,0.4148482382297516,-0.005248874425888,-0.1210696473717689,0.391061782836914,-0.0170339718461036,0.1432924121618271,0.7550330758094788,0.1350521147251129,-0.0955129787325859,0.7441612482070923,0.1182282865047454,0
193,0.0359322316944599,-0.6342756152153015,-0.2417372018098831,0.1761379241943359,-0.4727987945079803,-0.0358443260192871,0.307198166847229,-0.3280550837516784,-0.1423408538103103,-0.139822781085968,-0.4773912131786346,-0.0577284693717956,-0.2814915180206299,-0.3057654798030853,-0.171838566660881,0.3146322071552276,-0.422453910112381,-0.3715715110301971,-0.2371574938297271,-0.3937642276287079,-0.400514155626297,0.1110772490501403,0.0005768277333118,0.008482763543725,-0.1110763475298881,-0.0012183585204184,-0.0076137688010931,0.1174414381384849,0.4120808839797973,-0.0143285170197486,-0.1210776269435882,0.3906415402889251,-0.027527941390872,0.1484319865703582,0.7531220316886902,0.118884302675724,-0.0930385664105415,0.7448577880859375,0.1083383858203888,0
194,0.0403028801083564,-0.6310943365097046,-0.2147816270589828,0.1747707426548004,-0.4707849025726318,0.0009913701796904,0.2956922054290771,-0.3151295185089111,-0.1043799147009849,-0.1430282443761825,-0.476590633392334,-0.045636523514986,-0.2657326161861419,-0.2863757014274597,-0.1668303310871124,0.3095988631248474,-0.4112187027931213,-0.3601705133914947,-0.2278756201267242,-0.3541609048843384,-0.3796876072883606,0.1111329942941665,0.0003551055851858,0.0087422532960772,-0.111130341887474,-0.0009973106207326,-0.0078960973769426,0.117971584200859,0.4080328345298767,-0.0206943042576313,-0.1208902299404144,0.389393001794815,-0.0396889150142669,0.1530381590127945,0.7515541911125183,0.1001023203134536,-0.0883219763636589,0.7466561794281006,0.0937789306044578,0
195,0.0472303479909896,-0.6236514449119568,-0.2320827543735504,0.172576829791069,-0.466924101114273,-0.0025967156980186,0.2849421501159668,-0.2987402677536011,-0.1052782163023948,-0.1473686695098877,-0.4745868444442749,-0.0691248178482055,-0.2607908248901367,-0.2749018967151642,-0.1849532723426818,0.3062290549278259,-0.3912838101387024,-0.3610529601573944,-0.218888521194458,-0.3356174826622009,-0.4146272242069244,0.1113401353359222,-7.027969331829809e-06,0.0112503096461296,-0.1113525554537773,-0.0006583536742255,-0.0104345558211207,0.1185781955718994,0.407233715057373,-0.0213532838970422,-0.1223674193024635,0.3883491456508636,-0.0456061065196991,0.1520214825868606,0.7499613761901855,0.1028952673077583,-0.0874427035450935,0.7464824318885803,0.0935693234205246,0
196,0.0527659878134727,-0.6202328205108643,-0.2109271734952926,0.170064702630043,-0.4656312167644501,0.019274566322565,0.2654438614845276,-0.2921202480792999,-0.069395862519741,-0.1473388820886612,-0.4728487730026245,-0.057908110320568,-0.251529723405838,-0.259813904762268,-0.1566931307315826,0.3027836680412292,-0.3711909055709839,-0.3267377912998199,-0.1988389790058136,-0.2913201153278351,-0.3894824981689453,0.1114212200045585,-0.0002729662228375,0.0136568378657102,-0.1114476844668388,-0.0004091127775609,-0.0128171406686306,0.1185144409537315,0.4071923196315765,-0.0200186092406511,-0.1177483275532722,0.3885942995548248,-0.0452193766832351,0.1521988213062286,0.7499550580978394,0.1042492464184761,-0.0852147191762924,0.7495160698890686,0.0924572795629501,0
197,0.0519539043307304,-0.6157383918762207,-0.2180785238742828,0.1713451296091079,-0.4638920426368713,0.0156487394124269,0.2493180185556411,-0.269274353981018,-0.076700247824192,-0.1485975831747055,-0.472921222448349,-0.0558052398264408,-0.2442153990268707,-0.2498698234558105,-0.125427633523941,0.2953715026378631,-0.3191855251789093,-0.3409599959850311,-0.2029046863317489,-0.2466558218002319,-0.3539157211780548,0.1120667159557342,-0.0003082970797549,0.013941690325737,-0.1120854392647743,-0.0003773100033868,-0.0130715882405638,0.1183840110898017,0.4076041579246521,-0.0197520405054092,-0.1177376136183738,0.388195663690567,-0.0439514406025409,0.1582746505737304,0.7507910132408142,0.1035184562206268,-0.0851790010929107,0.7493542432785034,0.092987410724163,0
198,0.0465199053287506,-0.6162344813346863,-0.1935311704874038,0.1713651120662689,-0.4689282774925232,0.0326672233641147,0.2472375929355621,-0.2787810862064361,-0.0495593138039112,-0.1571799218654632,-0.4847604632377624,-0.0159890241920948,-0.2462639361619949,-0.2636191844940185,-0.0735087394714355,0.2919467389583587,-0.2970271706581116,-0.3195075690746307,-0.2052392810583114,-0.2130832374095916,-0.2988615036010742,0.1128104031085968,-0.0004142049001529,0.0132796671241521,-0.1127888262271881,-0.0002756360627245,-0.0123520996421575,0.1231139674782753,0.4059512317180633,-0.0310042407363653,-0.1199565678834915,0.3879988491535187,-0.0457605719566345,0.1632474660873413,0.7513639330863953,0.0809231251478195,-0.0887642055749893,0.7523260712623596,0.0814215317368507,0
199,0.0464505590498447,-0.6161169409751892,-0.1972826570272445,0.1747627854347229,-0.4688935577869415,0.0278614517301321,0.251769483089447,-0.2788727581501007,-0.0580742247402668,-0.158795028924942,-0.4844298660755157,-0.0164123307913541,-0.2460947781801223,-0.2649135291576385,-0.0661320090293884,0.288290798664093,-0.2981133162975311,-0.335959255695343,-0.2068433910608291,-0.1778867840766906,-0.2820346653461456,0.1133296862244606,-0.0004416990559548,0.0132757648825645,-0.1133112087845802,-0.00025106917019,-0.0123420292511582,0.1197842210531234,0.4084504842758178,-0.028605742380023,-0.1199840232729911,0.3881677091121673,-0.0403277538716793,0.1601227819919586,0.7562249302864075,0.0847103595733642,-0.0912276953458786,0.7555538415908813,0.0833663344383239,0
200,0.0455230474472045,-0.6186079382896423,-0.1985789984464645,0.1778856515884399,-0.4690558612346649,0.018237030133605,0.2483078241348266,-0.2704039812088012,-0.0619995594024658,-0.1595569849014282,-0.487456202507019,-0.0165348947048187,-0.2469993978738784,-0.264581561088562,-0.0458507724106311,0.2769412398338318,-0.2875002324581146,-0.3433112204074859,-0.2201111018657684,-0.1346349865198135,-0.2345332503318786,0.1138701438903808,-0.0004011038981843,0.0125981150195002,-0.1138823702931404,-0.0003034384280908,-0.0116122951731085,0.1198445409536361,0.4089626371860504,-0.0252862330526113,-0.1198602840304374,0.3882235288619995,-0.0288078095763921,0.1587944030761718,0.7594547271728516,0.0856304317712783,-0.0920898169279098,0.7563769817352295,0.0932568833231926,0
201,0.045430589467287,-0.6187386512756348,-0.2181141674518585,0.1818261295557022,-0.4692088067531585,-0.0029270686209201,0.2497455775737762,-0.2621898651123047,-0.0776885896921157,-0.1594020128250122,-0.49068483710289,-0.021677317097783,-0.242911234498024,-0.263738214969635,-0.008380314335227,0.2721762061119079,-0.2683416306972503,-0.356939285993576,-0.2293892353773117,-0.0964236035943031,-0.1409740149974823,0.1142538860440254,0.0002343820960959,0.0119760269299149,-0.1143080592155456,-0.0009799990803003,-0.0109778242185711,0.1189775690436363,0.4114978313446045,-0.021112335845828,-0.1198306009173393,0.3883490562438965,-0.015943082049489,0.1581754386425018,0.7634100914001465,0.0936418920755386,-0.0921037793159484,0.7563090324401855,0.1094249412417411,0
202,0.0457458086311817,-0.6187307834625244,-0.219213381409645,0.1822101920843124,-0.4736276865005493,-0.0033227892126888,0.24634949862957,-0.2654197514057159,-0.0819748044013977,-0.1587987691164016,-0.4938913583755493,-0.0221834573894739,-0.2365427911281585,-0.2599366009235382,0.0106592448428273,0.2671220004558563,-0.2609097957611084,-0.3637975454330444,-0.2321652621030807,-0.0654525682330131,-0.0941665545105934,0.1143209487199783,0.0007480116328224,0.011686336249113,-0.1143899783492088,-0.0015170448459684,-0.0106852483004331,0.121112085878849,0.4119451940059662,-0.0205441564321517,-0.1194507926702499,0.3885229825973511,-0.0125588672235608,0.164134994149208,0.7653257250785828,0.0941831246018409,-0.0921625718474388,0.7562706470489502,0.112084612250328,0
203,0.045544296503067,-0.614177942276001,-0.2509086728096008,0.1826401352882385,-0.4724976122379303,-0.026422144845128,0.2458492666482925,-0.2592239677906036,-0.1061914712190628,-0.15801303088665,-0.4925357103347778,-0.0453261509537696,-0.2357058823108673,-0.2478907853364944,0.0048377220518887,0.2568967640399933,-0.24900683760643,-0.3849975764751434,-0.2346835881471634,-0.0436249822378158,-0.0862438380718231,0.114423394203186,0.0011260481551289,0.0113992569968104,-0.1145293861627578,-0.0019278402905911,-0.0104086846113204,0.1211920529603958,0.4125449657440185,-0.0204413849860429,-0.1190452575683593,0.3887129724025726,-0.0100136622786521,0.1639410108327865,0.7651932239532471,0.0995765179395675,-0.0922341048717498,0.7554680109024048,0.1198299825191497,0
204,0.0500840097665786,-0.6072105765342712,-0.2531590759754181,0.1844730824232101,-0.4718619287014007,-0.0272154565900564,0.22999307513237,-0.2549979090690613,-0.1042879745364189,-0.1529782265424728,-0.4919919967651367,-0.0471905954182148,-0.2312507778406143,-0.2374264597892761,0.0111590530723333,0.2412636429071426,-0.2261051386594772,-0.3806476593017578,-0.2350223064422607,-0.0288611110299825,-0.0739864632487297,0.1144686043262481,0.0017611092189326,0.0113978339359164,-0.1145790889859199,-0.0025891968980431,-0.0104086678475141,0.1212787851691246,0.4144926369190216,-0.0204081814736127,-0.1152300387620925,0.3888596594333648,-0.0099236266687512,0.1646617352962494,0.7725579142570496,0.0931877493858337,-0.0915387943387031,0.7554785013198853,0.1192856281995773,0
205,0.0503003820776939,-0.6109718084335327,-0.2499798536300659,0.1866831332445144,-0.4712450504302978,-0.0292184092104434,0.2185938954353332,-0.2545095086097717,-0.1058885902166366,-0.15127494931221,-0.4896334409713745,-0.0467167161405086,-0.2315536141395568,-0.2321604192256927,0.01036521140486,0.2292207330465316,-0.2144735455513,-0.3796991109848022,-0.2409284114837646,-0.0172696318477392,-0.0735276862978935,0.1146339476108551,0.0022514704614877,0.0110072745010256,-0.1147769764065742,-0.0030939013231545,-0.0100239291787147,0.12152711302042,0.4145291745662689,-0.0225647259503602,-0.1123413890600204,0.3889876008033752,-0.0065930457785725,0.1646492928266525,0.7728421688079834,0.0928423255681991,-0.0922591984272003,0.7543371319770813,0.122326485812664,0
206,0.0502189807593822,-0.6097214221954346,-0.2514314949512481,0.1864439100027084,-0.4718751609325409,-0.029815861955285,0.2128896415233612,-0.2551228404045105,-0.1051540523767471,-0.1509605944156646,-0.4896914958953857,-0.048733253031969,-0.2305692732334137,-0.2287835329771042,0.0072589321061968,0.2326249182224273,-0.215270534157753,-0.3784961104393005,-0.242557480931282,-0.0092627322301268,-0.0768876448273658,0.1146458834409713,0.0024237579200416,0.0109749566763639,-0.1147965416312217,-0.0032751180697232,-0.0099917277693748,0.1221937090158462,0.4148271083831787,-0.022128477692604,-0.1117455884814262,0.3896699845790863,-0.0064476639963686,0.1665300130844116,0.7751277089118958,0.0925160497426986,-0.0937820076942443,0.7549707889556885,0.1215914115309715,0
207,0.0501020401716232,-0.6035573482513428,-0.2591464221477508,0.1852449178695678,-0.4721719026565552,-0.0336858518421649,0.2111073583364486,-0.2540858387947082,-0.1071512550115585,-0.1508204936981201,-0.4888893365859985,-0.0536357015371322,-0.2257193028926849,-0.2224432229995727,0.0055832103826105,0.2307070195674896,-0.213551640510559,-0.3787546157836914,-0.2425515204668045,0.0020866103004664,-0.0793756321072578,0.1146051213145256,0.0024652918800711,0.0110415806993842,-0.1147605404257774,-0.003319367300719,-0.010057377628982,0.1232583597302436,0.4161596000194549,-0.0220741257071495,-0.111610472202301,0.3909777700901031,-0.005471400450915,0.1669608205556869,0.7791135907173157,0.091972030699253,-0.0940199792385101,0.7562293410301208,0.1213417053222656,0
208,0.049922052770853,-0.6034636497497559,-0.2746377289295196,0.1852055191993713,-0.4698959290981293,-0.0494576282799243,0.212043821811676,-0.2445703148841858,-0.1248723492026329,-0.1500563621520996,-0.4877146780490875,-0.0674552619457244,-0.2236067652702331,-0.2196495532989502,-0.0024200270418077,0.2219272702932357,-0.2136738300323486,-0.3912352323532104,-0.2431465536355972,0.0049950187094509,-0.083756685256958,0.1145752519369125,0.0025725187733769,0.0111001515761017,-0.1147361695766449,-0.0034318438265472,-0.0101228756830096,0.1238105967640876,0.416395753622055,-0.0207938402891159,-0.1110101118683815,0.3911411464214325,-0.0026075548958033,0.1673226058483123,0.7794157266616821,0.0940443649888038,-0.0938601940870285,0.7559794783592224,0.1268927007913589,0
209,0.0499286986887455,-0.5998014211654663,-0.2814464271068573,0.1851737201213836,-0.4699283838272095,-0.0549445934593677,0.2111952751874923,-0.2450083047151565,-0.1285926848649978,-0.1492853611707687,-0.4866708815097809,-0.0725660100579261,-0.2234732210636139,-0.2185005992650985,-0.0068991007283329,0.2227259427309036,-0.209485575556755,-0.3950117826461792,-0.2443383932113647,0.0089157633483409,-0.0856726393103599,0.1145673990249633,0.0026105097495019,0.0109682269394397,-0.1147323846817016,-0.0034715700894594,-0.0099798310548067,0.1240936964750289,0.4166218936443329,-0.0209639221429824,-0.1107680574059486,0.3914547860622406,-0.0027473473455756,0.1697518229484558,0.7797098755836487,0.0910687893629074,-0.0938765630125999,0.7567322850227356,0.1238640621304512,0
210,0.0502060689032077,-0.6019287705421448,-0.2797352075576782,0.1853482276201248,-0.4695898592472076,-0.0576086342334747,0.2117429077625274,-0.2457763105630874,-0.13398377597332,-0.1492582410573959,-0.4853733479976654,-0.0746743753552436,-0.2237134426832199,-0.2188722491264343,-0.0127441408112645,0.2228486239910125,-0.2075481116771698,-0.4000022709369659,-0.24452506005764,0.0048580951988697,-0.0875612720847129,0.1146077662706375,0.0026322451885789,0.0108738066628575,-0.1147742718458175,-0.0034966706298291,-0.0098826643079519,0.1244157627224922,0.4165326952934265,-0.0207722373306751,-0.1086587980389595,0.3918611407279968,-0.0004991242312826,0.1697106659412384,0.7796276211738586,0.0910394638776779,-0.0933916270732879,0.7568897604942322,0.1245928406715393,0
211,0.0502964034676551,-0.5994731783866882,-0.2909438610076904,0.185417428612709,-0.4676171541213989,-0.0678443610668182,0.2131929248571396,-0.2432523071765899,-0.1430354118347168,-0.1491063684225082,-0.4836371839046478,-0.0846890434622764,-0.2253309190273285,-0.2185964882373809,-0.0218805521726608,0.2196534425020218,-0.205108106136322,-0.4062325358390808,-0.244654506444931,0.0049220407381653,-0.0949386283755302,0.1146347969770431,0.0026424722746014,0.0108275488018989,-0.1148037239909172,-0.0035117904189974,-0.0098343910649418,0.1249463334679603,0.4163199067115783,-0.0207512974739074,-0.1086543947458267,0.3919048905372619,-0.0006355613586492,0.1705870926380157,0.7777194380760193,0.0923510268330574,-0.0933214202523231,0.7564257383346558,0.1256996095180511,0
212,0.0517273433506488,-0.5996525883674622,-0.2888490855693817,0.1866321861743927,-0.4671695530414581,-0.0656573623418808,0.2134492695331573,-0.2434918582439422,-0.1414753943681717,-0.1484416723251342,-0.4830994307994842,-0.0837521627545356,-0.2270979881286621,-0.2186710089445114,-0.023120304569602,0.2255582511425018,-0.2042872756719589,-0.4052850604057312,-0.2467333525419235,0.0056113111786544,-0.0956944674253463,0.1146914213895797,0.0026854879688471,0.0107867196202278,-0.1148686036467552,-0.0035612930078059,-0.009789383970201,0.1249904185533523,0.4167266190052032,-0.0207684207707643,-0.1067752540111541,0.3923646509647369,-0.0005842749378643,0.1713465750217437,0.7778477072715759,0.0927389413118362,-0.0915206000208854,0.7566882371902466,0.1259856820106506,0
213,0.0519159883260726,-0.6005425453186035,-0.2883635759353637,0.1866332292556762,-0.4682736992835998,-0.0648717433214187,0.2136523723602295,-0.2486895769834518,-0.1402115523815155,-0.148637980222702,-0.4832328557968139,-0.0827938020229339,-0.2306999862194061,-0.2202806919813156,-0.0230067316442728,0.2267728596925735,-0.2047192752361297,-0.4040766954421997,-0.2503643929958343,0.0049479259178042,-0.0960488840937614,0.1147349178791046,0.0027244496159255,0.0106708258390426,-0.1149138733744621,-0.0036022814456373,-0.009671782143414,0.125220313668251,0.4167549610137939,-0.021560376510024,-0.1071259826421737,0.3924089670181274,-0.0005941629060544,0.1711390614509582,0.7777028679847717,0.0927667096257209,-0.0915386974811554,0.7565540075302124,0.1259468048810959,0
214,0.051916342228651,-0.6019241809844971,-0.2819291055202484,0.1863840073347091,-0.4703357815742492,-0.0610835142433643,0.2131001949310302,-0.2527027428150177,-0.1344751417636871,-0.1492426246404647,-0.4842482805252075,-0.0780477300286293,-0.2336675524711609,-0.2226994484663009,-0.0180254355072975,0.225417211651802,-0.2048088014125824,-0.3993944823741913,-0.2563453316688537,0.0026949250604957,-0.09280925989151,0.1147649809718132,0.0027512575034052,0.0103636942803859,-0.1149469166994094,-0.0036285754758864,-0.0093641113489866,0.1241445690393447,0.4173099398612976,-0.0216602981090545,-0.1082407459616661,0.3924849331378937,-0.0006225003162398,0.170080691576004,0.7777503132820129,0.0929221734404563,-0.0923394635319709,0.7565606236457825,0.1258564591407776,0
215,0.0506205484271049,-0.6021919250488281,-0.2678950428962707,0.1857981383800506,-0.4719546139240265,-0.0493815690279006,0.2120769172906875,-0.2554593086242676,-0.1225109323859214,-0.1495202332735061,-0.4845397472381592,-0.06572275608778,-0.2337929010391235,-0.2228816002607345,-0.0069252871908247,0.2220226526260376,-0.2049611806869506,-0.3875114321708679,-0.2589074075222015,0.0021949131041765,-0.0845597982406616,0.1147655919194221,0.0028160319197922,0.0103301294147968,-0.1149485483765602,-0.0036901202984154,-0.0093300389125943,0.1238223537802696,0.4173433780670166,-0.0217003431171178,-0.1091875359416008,0.3918656706809997,-0.0022381201852113,0.1691701859235763,0.7775461077690125,0.0919427797198295,-0.0946903154253959,0.7547827363014221,0.1239453330636024,0
216,0.0538604669272899,-0.6018502116203308,-0.270624577999115,0.1869697719812393,-0.4719375967979431,-0.0502555817365646,0.2249901890754699,-0.2538440227508545,-0.1243688687682151,-0.1479218602180481,-0.4853845536708832,-0.0669808015227317,-0.2290696948766708,-0.2246575206518173,-0.0069614672102034,0.2187808603048324,-0.202631413936615,-0.3878385424613952,-0.2544068694114685,-0.0017029205337166,-0.0852025300264358,0.1147269308567047,0.0028587533161044,0.0105556277558207,-0.1149017810821533,-0.0037310675252228,-0.0095718828961253,0.1259361505508422,0.4173133373260498,-0.0200237240642309,-0.1089589297771453,0.3908681273460388,-0.0046035395935177,0.1696696728467941,0.775752067565918,0.0973429977893829,-0.0932542979717254,0.7526741623878479,0.1239659562706947,0
217,0.0538085475564003,-0.6055302023887634,-0.2633786499500274,0.1872331798076629,-0.4723436236381531,-0.0477508902549743,0.2277464717626571,-0.2557659447193146,-0.1231689229607582,-0.1479502618312835,-0.4855068027973175,-0.0620512329041957,-0.230239525437355,-0.2282031923532486,0.0013064333470538,0.2125281542539596,-0.2004479020833969,-0.3861209750175476,-0.2561203241348266,-0.0031756234820932,-0.0789090618491172,0.1147684529423713,0.0030040543060749,0.0104536125436425,-0.114941731095314,-0.0038727752398699,-0.0094712916761636,0.1244986355304718,0.417809247970581,-0.0197196491062641,-0.1091191694140434,0.3902708292007446,-0.0054709683172404,0.1691034138202667,0.7747978568077087,0.1010830700397491,-0.0932667851448059,0.751470148563385,0.1243200078606605,0
218,0.053281158208847,-0.6082770228385925,-0.2639098763465881,0.1876390278339386,-0.4727716147899627,-0.0492490120232105,0.2359681129455566,-0.2565852999687195,-0.1273559033870697,-0.1482788324356079,-0.4854626953601837,-0.0623155757784843,-0.2310763150453567,-0.2303792536258697,0.0006019874708727,0.2105510234832763,-0.2010024785995483,-0.3885889053344726,-0.2566361725330353,-0.0076664686203002,-0.0795898362994194,0.1148231923580169,0.0030494527891278,0.0103176347911357,-0.1149942129850387,-0.0039171711541712,-0.0093439854681491,0.1241414174437522,0.4177960753440857,-0.0191862862557172,-0.1116752997040748,0.3898958563804626,-0.005561102181673,0.1661388576030731,0.7740517854690552,0.1032797321677208,-0.0940895080566406,0.7512683868408203,0.1256251186132431,0
219,0.0534933060407638,-0.6073896288871765,-0.2665883600711822,0.1881610006093979,-0.4740199148654938,-0.0493076965212821,0.2370223402976989,-0.2584341168403625,-0.1273337751626968,-0.1483999192714691,-0.4864416122436523,-0.0642328709363937,-0.2310301512479782,-0.2337444126605987,0.0001950268779182,0.2111717909574508,-0.2026205658912658,-0.3892305493354797,-0.2571299374103546,-0.0128674395382404,-0.0799792110919952,0.1148447468876838,0.0031814137473702,0.0107919191941618,-0.1150133684277534,-0.0040465239435434,-0.0098267486318945,0.1232354491949081,0.4185971915721893,-0.0154716419056057,-0.1121828481554985,0.3899675607681274,-0.0032653887756168,0.1654882282018661,0.7736839652061462,0.1100422963500022,-0.0941440761089325,0.7511348128318787,0.1307114511728286,0
220,0.0534717142581939,-0.607603132724762,-0.2618037164211273,0.1882955282926559,-0.4746106266975403,-0.0463054068386554,0.2372018098831176,-0.259380429983139,-0.1253568530082702,-0.1485575586557388,-0.4866454005241394,-0.0599933676421642,-0.232644721865654,-0.2353679239749908,0.0054275677539408,0.2114298641681671,-0.203091099858284,-0.3890197277069092,-0.257695198059082,-0.0171727277338504,-0.0761655569076538,0.1148995533585548,0.003268877742812,0.0104857515543699,-0.1150653138756752,-0.004131615627557,-0.0095276162028312,0.1232683584094047,0.4179717898368835,-0.019759090617299,-0.1127199232578277,0.3888866901397705,-0.005416081752628,0.1644486337900161,0.7729823589324951,0.1046161204576492,-0.095836266875267,0.749138355255127,0.1288348883390426,0
221,0.0544698052108287,-0.6081094145774841,-0.2521670162677765,0.188935786485672,-0.4761937260627746,-0.0361655354499816,0.2369241118431091,-0.2603405714035034,-0.115068070590496,-0.1485640555620193,-0.4881694316864013,-0.0526718124747276,-0.2329917550086975,-0.2374557703733444,0.0108501659706234,0.211586520075798,-0.2049731165170669,-0.3815879225730896,-0.2577680051326751,-0.0199495293200016,-0.0724237784743309,0.1149209961295127,0.003390185534954,0.0106318090111017,-0.11508359760046,-0.0042483434081077,-0.0096730478107929,0.1232397183775901,0.4181678593158722,-0.0182467903941869,-0.113159492611885,0.3888811767101288,-0.0054218950681388,0.1638441830873489,0.7729129791259766,0.1052629947662353,-0.0971066579222679,0.7491866946220398,0.1280932426452636,0
222,0.0543635264039039,-0.6081145405769348,-0.2584824562072754,0.1889381557703018,-0.4757819473743438,-0.0417824015021324,0.2364111542701721,-0.258550614118576,-0.1197170168161392,-0.148814707994461,-0.4882330894470215,-0.0574870929121971,-0.2338311523199081,-0.2382866591215133,0.0063502257689833,0.2116822153329849,-0.2049818783998489,-0.3858196139335632,-0.2576887309551239,-0.0220858734101057,-0.0761143788695335,0.1149958148598671,0.0034287124872207,0.0104385232552886,-0.1151585355401039,-0.0042871595360338,-0.0094799418002367,0.1232034415006637,0.4179802238941192,-0.0205189082771539,-0.1132282465696334,0.3884884417057037,-0.0059462008066475,0.1635767072439193,0.7722914218902588,0.1043140515685081,-0.0970393568277359,0.7477540373802185,0.1285162419080734,0
223,0.0545905530452728,-0.6081088185310364,-0.258743405342102,0.1890737563371658,-0.4757879078388214,-0.041874062269926,0.2366701662540435,-0.2584801018238067,-0.1193746104836463,-0.1488272696733474,-0.4883263111114502,-0.0576798655092716,-0.2343368828296661,-0.2388019412755966,0.005627111531794,0.2120354622602462,-0.2052068412303924,-0.3856172263622284,-0.2574330270290375,-0.0260727852582931,-0.0775020793080329,0.1150138676166534,0.003456211881712,0.0104301804676651,-0.1151762157678604,-0.0043153427541255,-0.0094723477959632,0.1244197115302085,0.417547732591629,-0.0204851441085338,-0.1132835075259208,0.3883955478668213,-0.0059718047268688,0.1635530441999435,0.7722144722938538,0.1036237925291061,-0.0973234921693801,0.7477484941482544,0.1282734125852584,0
224,0.0545746274292469,-0.6078828573226929,-0.2590009570121765,0.1888265907764434,-0.4758692383766174,-0.0416799038648605,0.235769435763359,-0.2584993839263916,-0.1183824613690376,-0.1492364704608917,-0.4883719682693481,-0.0579092763364315,-0.2359990775585174,-0.2389102280139923,0.0053819711320102,0.2114727944135666,-0.2055030912160873,-0.3845711648464203,-0.2580200731754303,-0.0265700183808803,-0.0776017382740974,0.1150317415595054,0.0034832484088838,0.0104273902252316,-0.1151935756206512,-0.0043427441269159,-0.0094694392755627,0.124045230448246,0.4175951480865478,-0.0205185264348983,-0.1134288161993026,0.3883214890956878,-0.0061710495501756,0.1630540639162063,0.7723076939582825,0.1027808338403701,-0.0982802659273147,0.7476714849472046,0.1278034895658493,0
225,0.0545651614665985,-0.6078784465789795,-0.2607123851776123,0.1886195987462997,-0.4760826826095581,-0.0429578945040702,0.2351029366254806,-0.2584598660469055,-0.120428517460823,-0.1494487822055816,-0.4885886311531067,-0.0586061440408229,-0.2362732738256454,-0.2390209883451461,0.0050288643687963,0.2087248265743255,-0.2060973197221756,-0.3867044746875763,-0.2580946087837219,-0.0267481990158557,-0.0781110301613807,0.1150474771857261,0.0035006715916097,0.0102757131680846,-0.1152085661888122,-0.0043607377447187,-0.009321060962975,0.124263048171997,0.4174149632453918,-0.0203991048038005,-0.1139435246586799,0.3882709443569183,-0.0060810968279838,0.1629881113767624,0.7720136642456055,0.1027271375060081,-0.0990573316812515,0.7476468682289124,0.1278886646032333,0
226,0.0545942671597003,-0.6084915995597839,-0.2516247928142547,0.1886864751577377,-0.4772461354732513,-0.0344374999403953,0.2344829887151718,-0.2602426409721374,-0.1120262518525123,-0.149261862039566,-0.4898301661014557,-0.0522390566766262,-0.2350692301988601,-0.2399489730596542,0.0086050415411591,0.2089382857084274,-0.2061465829610824,-0.3770446479320526,-0.258009523153305,-0.0266931690275669,-0.0752025470137596,0.1150212734937667,0.0035829155240207,0.0104441661387681,-0.1151779443025589,-0.0044384468346834,-0.0094864945858716,0.1239729300141334,0.4179384112358093,-0.0185302030295133,-0.1144077405333519,0.3883794844150543,-0.0058923810720443,0.1623154282569885,0.77278733253479,0.1030163615942001,-0.099773108959198,0.7481697201728821,0.1272707879543304,0
