FrameNo,head_x,head_y,head_z,left_shoulder_x,left_shoulder_y,left_shoulder_z,left_elbow_x,left_elbow_y,left_elbow_z,right_shoulder_x,right_shoulder_y,right_shoulder_z,right_elbow_x,right_elbow_y,right_elbow_z,left_hand_x,left_hand_y,left_hand_z,right_hand_x,right_hand_y,right_hand_z,left_hip_x,left_hip_y,left_hip_z,right_hip_x,right_hip_y,right_hip_z,left_knee_x,left_knee_y,left_knee_z,right_knee_x,right_knee_y,right_knee_z,left_foot_x,left_foot_y,left_foot_z,right_foot_x,right_foot_y,right_foot_z,running_video
0,0.060857631266117,-0.6240655183792114,-0.236625000834465,0.1827344447374344,-0.473613977432251,-0.0258144699037075,0.2172388881444931,-0.2578209936618805,-0.1151736676692962,-0.1697423011064529,-0.4895641207695007,-0.0466183237731456,-0.2321729511022567,-0.2516274750232696,0.0092146815732121,0.1548386812210083,-0.2944598495960235,-0.358015775680542,-0.2106049656867981,-0.0252431686967611,-0.0731454640626907,0.1135393157601356,0.0002564452588558,0.0193701572716236,-0.1139413267374038,-0.0010426677763462,-0.018239963799715,0.0877775698900222,0.4198249876499176,0.0359972566366195,-0.0966816172003746,0.3780304491519928,0.0088213961571455,0.0990552604198455,0.7469342350959778,0.1606262773275375,-0.0862965136766433,0.7194478511810303,0.1563837081193924,0
1,0.0571758337318897,-0.6266322135925293,-0.2372680604457855,0.1828051805496215,-0.4749868810176849,-0.0300435498356819,0.2146561443805694,-0.2580030858516693,-0.1230131387710571,-0.1658920496702194,-0.4916059970855713,-0.0470983199775218,-0.2265380024909973,-0.250361293554306,0.0048739118501544,0.1533737629652023,-0.2919383943080902,-0.3658564388751983,-0.2086411118507385,-0.0244909580796957,-0.0769402980804443,0.1135832965373992,0.0009943331824615,0.0157872401177883,-0.1139741316437721,-0.0017930715112015,-0.0147334495559334,0.0841879621148109,0.4214321970939636,0.0298970881849527,-0.0883398652076721,0.3790336549282074,0.022678792476654,0.0990710482001304,0.7469154000282288,0.168969839811325,-0.0688967183232307,0.7197614908218384,0.1910883784294128,0
2,0.0542606227099895,-0.6329220533370972,-0.2204746752977371,0.1828161180019378,-0.4794363379478454,-0.0229336731135845,0.2113862335681915,-0.2603949010372162,-0.1180094704031944,-0.1633801311254501,-0.4962840378284454,-0.0325290560722351,-0.2237020134925842,-0.2507218718528747,0.0128167942166328,0.1527821123600006,-0.2918933033943176,-0.3588649928569793,-0.2072803378105163,-0.0252107009291648,-0.0710599273443222,0.1136479005217552,0.0017677535070106,0.0119025846943259,-0.1140163168311119,-0.0025628767907619,-0.0108795166015625,0.0788788273930549,0.4235061705112457,0.0210049450397491,-0.0826862305402755,0.3805718123912811,0.0294075664132833,0.097421258687973,0.7474208474159241,0.1723457723855972,-0.0565810613334178,0.7207925319671631,0.2034926563501358,0
3,0.0518216863274574,-0.6380048394203186,-0.1873076856136322,0.1826768368482589,-0.4854225218296051,0.0025431672111153,0.211044579744339,-0.2676272094249725,-0.0931629166007042,-0.1617330312728881,-0.500896155834198,-0.0069913575425744,-0.2215588986873626,-0.25114506483078,0.0302729289978742,0.1528685390949249,-0.2983124554157257,-0.3213745355606079,-0.2067655324935913,-0.0261716693639755,-0.0520689450204372,0.1136251166462898,0.0022882688790559,0.0096690580248832,-0.1139788031578064,-0.0030492835212498,-0.0086756581440567,0.0774599015712738,0.4249535202980041,0.0157691407948732,-0.0807434022426605,0.3819122910499573,0.0297463219612836,0.0962836369872093,0.7514418959617615,0.1674201488494873,-0.0552100613713264,0.7232009768486023,0.1972086578607559,0
4,0.0502825230360031,-0.6394805908203125,-0.1896513849496841,0.1826584637165069,-0.486562430858612,0.0019731887150555,0.2103896588087082,-0.2681283950805664,-0.0930609181523323,-0.1611509174108505,-0.5025171041488647,-0.0074690915644168,-0.2207788079977035,-0.2513546347618103,0.0315945036709308,0.1527686119079589,-0.2986139953136444,-0.3225598037242889,-0.2055337131023407,-0.0261821486055851,-0.0503430850803852,0.1136547476053237,0.0027047921903431,0.0086482623592019,-0.1139998435974121,-0.0034511287230998,-0.0076676430180668,0.0775438994169235,0.4255707561969757,0.0139918662607669,-0.0808191001415252,0.3819291293621063,0.0307529512792825,0.0965110287070274,0.7519804239273071,0.1673056781291961,-0.0562473982572555,0.722739577293396,0.1975304335355758,0
5,0.050290510058403,-0.63933926820755,-0.190684899687767,0.1825649142265319,-0.4866314828395843,0.0029260928276926,0.2100896835327148,-0.2684378921985626,-0.0921763777732849,-0.1606151461601257,-0.5025278925895691,-0.0079947123304009,-0.2195474356412887,-0.2513870298862457,0.032516986131668,0.1528324633836746,-0.2994830012321472,-0.3234972059726715,-0.2045635133981704,-0.0264890473335981,-0.0496043600142002,0.1136539503931999,0.0028137881308794,0.008632025681436,-0.1139901280403137,-0.0035598715767264,-0.0076455688104033,0.0760178640484809,0.4259383082389831,0.0135368257761001,-0.0787371173501014,0.3823371827602386,0.0302232094109058,0.0945279449224472,0.7520124316215515,0.1682794690132141,-0.0530422255396842,0.7232720255851746,0.1977465599775314,0
6,0.0498107522726058,-0.6391870379447937,-0.1964078992605209,0.1825487911701202,-0.4864551424980163,-0.0019940454512834,0.2100600898265838,-0.2683709263801574,-0.0973272025585174,-0.1604413539171219,-0.5023219585418701,-0.0122744720429182,-0.2191365361213684,-0.2504036128520965,0.0280330628156662,0.1526985168457031,-0.2994475066661834,-0.3309013545513153,-0.2045652121305465,-0.0263202842324972,-0.0550571009516716,0.1136746183037757,0.0029852460138499,0.00846479088068,-0.1140047684311866,-0.0037326847668737,-0.0074793058447539,0.0749392285943031,0.4265109002590179,0.0138128120452165,-0.078850008547306,0.3825887143611908,0.031235221773386,0.0945393070578575,0.7519307136535645,0.1686664074659347,-0.0535300783812999,0.7234262824058533,0.1998028606176376,0
7,0.0495534688234329,-0.6392099857330322,-0.1974616646766662,0.1824283599853515,-0.4866642653942108,-0.0024954453110694,0.2100018560886383,-0.2687523365020752,-0.0975397154688835,-0.1604780852794647,-0.5026239156723022,-0.0130808660760521,-0.2190993130207061,-0.250425785779953,0.0273335445672273,0.152672991156578,-0.3002684116363525,-0.3314524888992309,-0.2045040279626846,-0.0261883381754159,-0.0554276295006275,0.1136869713664054,0.0031939637847244,0.0082805529236793,-0.1140121668577194,-0.0039357128553092,-0.0072981663979589,0.0748426765203476,0.4270127415657043,0.0140654239803552,-0.0791882649064064,0.3826534152030945,0.0316577404737472,0.0943702310323715,0.7528700232505798,0.1671139150857925,-0.0539063550531864,0.7234388589859009,0.1991088539361953,0
8,0.049549151211977,-0.6391168236732483,-0.1978522986173629,0.1824774146080017,-0.4866053164005279,-0.0026946025900542,0.2099265158176422,-0.2686824798583984,-0.0978011190891265,-0.1596317142248153,-0.5025604367256165,-0.013389129191637,-0.2180578112602234,-0.2503645718097687,0.027076419442892,0.1526531279087066,-0.30024254322052,-0.331675112247467,-0.2044757902622223,-0.0260220058262348,-0.055488646030426,0.1136959418654441,0.0032705003395676,0.0082832286134362,-0.1140174567699432,-0.0040123988874256,-0.0073000090196728,0.0752790421247482,0.42707559466362,0.0141545170918107,-0.0787893086671829,0.382656991481781,0.031663816422224,0.0943147242069244,0.7525758147239685,0.1694744676351547,-0.0536172091960907,0.7229965925216675,0.200992465019226,0
9,0.0493470095098018,-0.639064610004425,-0.2004103511571884,0.1823994815349578,-0.4866719245910644,-0.0054446766152977,0.2095234990119934,-0.2686578929424286,-0.1021168678998947,-0.1599192470312118,-0.5027995705604553,-0.0156737342476844,-0.2186160832643509,-0.2508569359779358,0.0244415402412414,0.1521214693784713,-0.2995881140232086,-0.3379605412483215,-0.2037376463413238,-0.0258477460592985,-0.0584868937730789,0.1137264817953109,0.003311741631478,0.0080672306939959,-0.1140429899096489,-0.0040534138679504,-0.0070894141681492,0.0755836218595504,0.4268142879009247,0.0152488648891448,-0.0790022984147071,0.3827027976512909,0.0333357192575931,0.0968671292066574,0.7521246671676636,0.1696551144123077,-0.0538160540163517,0.7230098843574524,0.2015145123004913,0
10,0.0489111170172691,-0.6389485001564026,-0.1987231969833374,0.1821938008069992,-0.4866870939731598,-0.0032292783726006,0.2085099965333938,-0.2686502039432525,-0.0975553393363952,-0.1598753333091735,-0.5024391412734985,-0.0147863952443003,-0.2180494666099548,-0.2503313720226288,0.0262733753770589,0.1522283256053924,-0.2982998192310333,-0.3330345749855041,-0.2031195908784866,-0.0257052052766084,-0.0565771274268627,0.1137167960405349,0.0033497198019176,0.0081592937931418,-0.1140254959464073,-0.0040927701629698,-0.0071698515675961,0.0751416832208633,0.4268303215503692,0.014657249674201,-0.0785587131977081,0.3827084302902221,0.0317425355315208,0.0937070101499557,0.7520865201950073,0.1699140518903732,-0.0530037432909011,0.7231494188308716,0.2007999271154403,0
11,0.0489393696188926,-0.6377292275428772,-0.2063883692026138,0.1826453059911728,-0.485601395368576,-0.0090105235576629,0.2089543491601944,-0.2662545144557953,-0.1031669601798057,-0.1597248464822769,-0.5021365880966187,-0.0191517155617475,-0.2180344313383102,-0.2501094341278076,0.0246201287955045,0.1519974917173385,-0.2952577471733093,-0.3393027484416961,-0.2026621103286743,-0.0233744941651821,-0.0579785853624343,0.1137888431549072,0.0033948281779885,0.008095471188426,-0.1140974313020706,-0.0041418336331844,-0.007108075544238,0.0761550739407539,0.4266956150531769,0.0144288465380668,-0.0785904079675674,0.3826907873153686,0.0316865220665931,0.0955016836524009,0.7519899010658264,0.1699486076831817,-0.0530742891132831,0.723009467124939,0.200638860464096,0
12,0.0489881969988346,-0.6377772688865662,-0.2075691670179367,0.1813528835773468,-0.4854862689971924,-0.0093425391241908,0.2087614685297012,-0.2668333947658539,-0.1032078936696052,-0.1608384847640991,-0.5020789504051208,-0.0227839369326829,-0.2232430130243301,-0.2498017847537994,0.0193442273885011,0.1514533758163452,-0.295349508523941,-0.3399425446987152,-0.2026491314172744,-0.0213608592748641,-0.061801727861166,0.1138099357485771,0.0034318172838538,0.0085883885622024,-0.1141161322593689,-0.0041769328527152,-0.0076129208318889,0.0772962421178817,0.4266976118087768,0.0153985833749175,-0.0791172534227371,0.3826160430908203,0.0316060669720172,0.0983539819717407,0.7519351243972778,0.1705890744924545,-0.0575075857341289,0.7220538258552551,0.2005817890167236,0
13,0.0504461377859115,-0.6375061273574829,-0.2127681821584701,0.1810061484575271,-0.4852724075317383,-0.0107423588633537,0.2084405720233917,-0.2668212950229645,-0.10480298101902,-0.1607708632946014,-0.5016081929206848,-0.0316952429711818,-0.22311931848526,-0.2483986467123031,0.0067948698997497,0.1514904201030731,-0.2949804663658142,-0.3464114069938659,-0.2009732127189636,-0.0174472518265247,-0.073977530002594,0.1137618497014045,0.003465007757768,0.0101816579699516,-0.1140621602535247,-0.0042103906162083,-0.0091919908300042,0.0773175358772277,0.4267413914203644,0.0186153892427682,-0.0792307704687118,0.3825124204158783,0.0307080466300249,0.0971156805753707,0.7518371939659119,0.1714280545711517,-0.0581872202455997,0.7219284176826477,0.1992812901735305,0
14,0.0504311546683311,-0.6372292637825012,-0.2176830470561981,0.1802330017089843,-0.4851061403751373,-0.0159357171505689,0.208057627081871,-0.2667973637580871,-0.1111778765916824,-0.162051185965538,-0.5012996792793274,-0.0339329726994037,-0.2242854237556457,-0.2482577711343765,0.0055223037488758,0.150224894285202,-0.2939227819442749,-0.3546819388866424,-0.201640173792839,-0.0164042469114065,-0.0765380039811134,0.1138229742646217,0.00343823665753,0.0100720152258872,-0.1141195520758628,-0.0041874716989696,-0.0090837245807051,0.0783929899334907,0.4267611503601074,0.0185114238411188,-0.0813299417495727,0.3825865983963012,0.0306329671293497,0.1001300737261772,0.7516590356826782,0.1700751632452011,-0.063893124461174,0.7229418754577637,0.1973462849855423,0
15,0.0509218461811542,-0.6312816739082336,-0.2444049268960952,0.1795006394386291,-0.4811422526836395,-0.0350223369896411,0.2061700075864792,-0.2612941265106201,-0.1297593116760254,-0.162227064371109,-0.4988868832588196,-0.0584804452955722,-0.223980039358139,-0.245676577091217,-0.0130893625319004,0.1468404680490493,-0.2909945249557495,-0.373984545469284,-0.2013946920633316,-0.0072750691324472,-0.0887972638010978,0.1138750165700912,0.0033693208824843,0.0111699188128113,-0.1141759902238845,-0.0041273636743426,-0.0101771792396903,0.0788344666361808,0.4265686273574829,0.0198270194232463,-0.08158740401268,0.3832879960536957,0.029873976483941,0.1005602031946182,0.7471844553947449,0.1819137930870056,-0.0637593269348144,0.7228372097015381,0.1988970786333084,0
16,0.0509335957467556,-0.6250830292701721,-0.2572320103645324,0.1793193072080612,-0.4775665700435638,-0.0424344502389431,0.2061643749475479,-0.2560652494430542,-0.13668292760849,-0.1622878313064575,-0.4966713488101959,-0.0668868795037269,-0.2239497303962707,-0.2436636537313461,-0.0188823323696851,0.1470170766115188,-0.2843028604984283,-0.3835132122039795,-0.2012205421924591,-0.0042820856906473,-0.0944330319762229,0.1139309778809547,0.0033492220100015,0.0118929529562592,-0.1142346113920211,-0.0041151978075504,-0.0108897155150771,0.0789572671055793,0.4264760911464691,0.0207404550164937,-0.0822605118155479,0.3835082948207855,0.029444932937622,0.1001405343413353,0.7461229562759399,0.1842881143093109,-0.0638122335076332,0.7225631475448608,0.1996912062168121,0
17,0.0505239628255367,-0.6253842711448669,-0.2522892951965332,0.1787586510181427,-0.4774412512779236,-0.0402053892612457,0.2058087140321731,-0.2562374472618103,-0.1351957470178604,-0.1624387949705124,-0.4963580667972564,-0.0633183792233467,-0.2243150919675827,-0.2430303543806076,-0.016763724386692,0.1468253135681152,-0.2843371629714966,-0.3814556896686554,-0.2012012004852295,-0.00384151795879,-0.0930840000510215,0.1139473319053649,0.0033508527558296,0.012694033794105,-0.1142527759075164,-0.0041183293797075,-0.0117007847875356,0.0797044783830642,0.4254323542118072,0.0210919585078954,-0.0835027918219566,0.3832989037036896,0.026970025151968,0.0980491712689399,0.7446037530899048,0.1842689216136932,-0.0676607266068458,0.7214421629905701,0.1978636085987091,0
18,0.051518078893423,-0.6258131265640259,-0.2500861883163452,0.1790064126253128,-0.4774718880653381,-0.038992516696453,0.2053202092647552,-0.2564520239830017,-0.1335551142692566,-0.1623561531305313,-0.4962809085845947,-0.0619443953037261,-0.2239847332239151,-0.2430042475461959,-0.0162784699350595,0.1457057893276214,-0.2854036390781402,-0.3789509534835815,-0.2006815820932388,-0.004048325587064,-0.0924610719084739,0.1140029579401016,0.0033399374224245,0.0124288666993379,-0.1143049672245979,-0.0041100895032286,-0.0114296227693557,0.0797402411699295,0.4254579842090606,0.020011531189084,-0.083335243165493,0.3835402727127075,0.0274980533868074,0.1020542830228805,0.7443413734436035,0.1840734481811523,-0.0669086650013923,0.7211621403694153,0.2035422921180725,0
19,0.0511454492807388,-0.6266307234764099,-0.2414071708917617,0.1780297011137008,-0.4783365130424499,-0.0322938710451126,0.2054302096366882,-0.258012980222702,-0.1278195232152938,-0.1629955768585205,-0.4964419901371002,-0.0539395026862621,-0.2247295081615448,-0.2431571781635284,-0.0095118628814816,0.1470920443534851,-0.2881773710250854,-0.3740969598293304,-0.2016238868236541,-0.0059369090013206,-0.0873541161417961,0.1140199303627014,0.0033151113893836,0.0124037833884358,-0.1143204942345619,-0.0040859319269657,-0.0114053171128034,0.0797707885503768,0.4256065487861633,0.0200486220419406,-0.0833776146173477,0.3834535479545593,0.027596978470683,0.1017658933997154,0.7449480891227722,0.1834156066179275,-0.067089095711708,0.7211642861366272,0.2034393697977066,0
20,0.0514244101941585,-0.6267920732498169,-0.2412151098251342,0.178105354309082,-0.4782814085483551,-0.0323953256011009,0.2044353783130645,-0.2578011453151703,-0.1275466233491897,-0.1628708243370056,-0.4964398145675659,-0.0543277338147163,-0.2245425283908844,-0.2432883530855178,-0.0095347873866558,0.1470369100570678,-0.2880820631980896,-0.3732312321662903,-0.2007574737071991,-0.0059181596152484,-0.0870630145072937,0.1141045168042182,0.0032803840003907,0.0125616509467363,-0.1144111305475235,-0.0040534040890634,-0.0115607418119907,0.0799567550420761,0.4255970418453216,0.0208903793245553,-0.0836452543735504,0.3835940361022949,0.0275889728218317,0.1038896590471267,0.7417282462120056,0.1896387487649917,-0.0649456083774566,0.7197319269180298,0.2041331231594085,0
21,0.0514036417007446,-0.6270629167556763,-0.2357878237962722,0.1781018525362014,-0.4787889719009399,-0.028966074809432,0.2062627971172332,-0.2591990232467651,-0.1251179724931717,-0.1630456149578094,-0.4964441359043121,-0.0473780371248722,-0.2249884605407714,-0.2434266060590744,-0.0031946150120347,0.1479630172252655,-0.2893544435501098,-0.371349960565567,-0.2024664729833603,-0.007783536799252,-0.0834981650114059,0.1141241788864135,0.0032640225253999,0.0120263677090406,-0.1144290938973426,-0.0040386845357716,-0.0110262660309672,0.0799050331115722,0.4258560836315155,0.019821248948574,-0.0836650133132934,0.3836289644241333,0.0278625544160604,0.1031701788306236,0.7440350651741028,0.1850398182868957,-0.0653958097100257,0.721422553062439,0.2038847059011459,0
22,0.0513223968446254,-0.6271798014640808,-0.2379674166440963,0.1777557134628296,-0.4787485897541046,-0.0311043485999107,0.2047350406646728,-0.2592186629772186,-0.1262858659029007,-0.1632027775049209,-0.4964151382446289,-0.049188032746315,-0.2266124188899994,-0.2428939789533615,-0.0046437662094831,0.1480230540037155,-0.2893376648426056,-0.3720393478870392,-0.2023901492357254,-0.0069414498284459,-0.0839608907699585,0.1141774430871009,0.0032375953160226,0.0120637938380241,-0.1144812554121017,-0.0040154932066798,-0.0110651953145861,0.0804411098361015,0.4255581498146057,0.0199310909956693,-0.0835972055792808,0.3835876584053039,0.0278204530477523,0.1031739562749862,0.7418922185897827,0.1888626962900161,-0.0649370402097702,0.7198169231414795,0.2045751959085464,0
23,0.0510736629366874,-0.6292764544487,-0.2329826056957245,0.1777563989162445,-0.4796165823936462,-0.0267797354608774,0.2054979652166366,-0.2605466544628143,-0.1213691532611846,-0.1632214337587356,-0.4968480169773102,-0.0479000285267829,-0.2266264259815216,-0.2435645908117294,-0.0043414430692791,0.149930864572525,-0.297167956829071,-0.3609493374824524,-0.2025481313467025,-0.0079012429341673,-0.0821867138147354,0.1141939163208007,0.0032217989210039,0.0122386533766984,-0.1144966855645179,-0.0039970795623958,-0.0112323919311165,0.080447033047676,0.4255465567111969,0.0226304456591606,-0.0844791084527969,0.3834828734397888,0.0279434435069561,0.1041975170373916,0.7419390082359314,0.1868891716003418,-0.0650936737656593,0.7191924452781677,0.2025967389345169,0
24,0.0505481511354446,-0.643705427646637,-0.1761882454156875,0.1790984123945236,-0.4858007431030273,0.0109657309949398,0.2157043367624282,-0.2747093439102173,-0.0842941254377365,-0.1608898341655731,-0.5039300322532654,-0.0010627103038132,-0.2257589995861053,-0.2559238970279693,0.0335476696491241,0.1653797179460525,-0.3168339431285858,-0.3022358119487762,-0.2135721445083618,-0.0293261259794235,-0.0451101623475551,0.1140102446079254,0.0034020743332803,0.0106162009760737,-0.1143096014857292,-0.0041395216248929,-0.0096362801268696,0.0799064189195633,0.4256239533424377,0.0210842918604612,-0.0851585268974304,0.3829635381698608,0.0312879271805286,0.0980481132864952,0.745043933391571,0.1824326068162918,-0.0652449131011962,0.7183770537376404,0.202797994017601,0
25,0.0486785843968391,-0.6433689594268799,-0.1694298684597015,0.1792176812887191,-0.4858790934085846,0.0189250241965055,0.217037171125412,-0.2772642970085144,-0.0788468196988105,-0.1601160019636154,-0.5038712024688721,0.0060560181736946,-0.225742295384407,-0.2603795528411865,0.0401261672377586,0.1644364297389984,-0.3227774798870086,-0.2976759076118469,-0.2210623323917389,-0.0425062216818332,-0.0423525311052799,0.1136329025030136,0.003506896784529,0.0105629069730639,-0.1139122396707534,-0.0042313290759921,-0.0095772501081228,0.0785150453448295,0.4254607260227203,0.0188688244670629,-0.0834513902664184,0.3821564018726349,0.0294116698205471,0.0911924690008163,0.7478117942810059,0.1687619090080261,-0.0652799531817436,0.7193624973297119,0.193354994058609,0
26,0.0475041605532169,-0.6460242867469788,-0.1619891673326492,0.1793626546859741,-0.4858506917953491,0.0249615497887134,0.218185544013977,-0.2782259881496429,-0.0736046507954597,-0.1599060297012329,-0.5039382576942444,0.01167993247509,-0.2277254313230514,-0.2617475390434265,0.0379269272089004,0.1666416972875595,-0.3296862244606018,-0.2923483252525329,-0.2305158674716949,-0.0489820837974548,-0.0435563921928405,0.1134533584117889,0.0036355631891638,0.0106259593740105,-0.1137200370430946,-0.0043374807573854,-0.009643854573369,0.0790494158864021,0.4253048002719879,0.0157173387706279,-0.0847576633095741,0.3806816637516022,0.0268433429300785,0.0915905684232711,0.7506583333015442,0.1633072644472122,-0.0663904622197151,0.7181370854377747,0.1891564577817917,0
27,0.0477743409574031,-0.6470760107040405,-0.1412181556224823,0.1800516545772552,-0.4858550131320953,0.0423731841146945,0.225324735045433,-0.2830630242824554,-0.0579835027456283,-0.1563686281442642,-0.5046365857124329,0.029184952378273,-0.2294964641332626,-0.2711796164512634,0.0404777005314827,0.1771766543388366,-0.3373071551322937,-0.2734436988830566,-0.2371843308210373,-0.0705812945961952,-0.0512506812810897,0.113010250031948,0.0036498922854661,0.0108084827661514,-0.1132522001862526,-0.0043451646342873,-0.00983627140522,0.0790622159838676,0.4250756204128265,0.0135052511468529,-0.084420345723629,0.3805653154850006,0.0235210433602333,0.0919016748666763,0.7506055235862732,0.1638789474964141,-0.0656673163175582,0.7181130647659302,0.1888879090547561,0
28,0.0475463271141052,-0.6479567885398865,-0.1241262108087539,0.1791974306106567,-0.4854677319526672,0.0552269779145717,0.2264545559883117,-0.2865449488162994,-0.04645237326622,-0.155344158411026,-0.5050646066665649,0.0433379970490932,-0.2298179864883422,-0.278837651014328,0.0388073958456516,0.1800770014524459,-0.347478836774826,-0.2524504959583282,-0.241658940911293,-0.0910952538251876,-0.0860310196876525,0.1124361380934715,0.0035842608194798,0.0108159957453608,-0.1126505732536315,-0.0042535732500255,-0.0098445639014244,0.0794984251260757,0.4232001602649688,0.0142074059695005,-0.0847144573926925,0.3805594146251678,0.0222669318318367,0.0920490473508834,0.751261293888092,0.1624394357204437,-0.0654665455222129,0.7210960388183594,0.1800129115581512,0
29,0.0487113520503044,-0.649348258972168,-0.1343014985322952,0.1795310974121093,-0.4844051301479339,0.0487749427556991,0.2316697090864181,-0.2862752676010132,-0.0515937618911266,-0.1539219468832016,-0.5052518844604492,0.0359565988183021,-0.2307740598917007,-0.2873080670833587,0.0216671116650104,0.1857798099517822,-0.3526662290096283,-0.2627288401126861,-0.2447198927402496,-0.1186752393841743,-0.1285136044025421,0.1122009754180908,0.0035813930444419,0.010858473367989,-0.1123899221420288,-0.0042428933084011,-0.0098899267613887,0.0796027928590774,0.4232458472251892,0.0142896557226777,-0.0850219205021858,0.3805747330188751,0.0215292293578386,0.0916012823581695,0.7539461851119995,0.1594884842634201,-0.0665470957756042,0.7226396799087524,0.1783794611692428,0
30,0.0476993434131145,-0.6530842781066895,-0.1359927207231521,0.1757021248340606,-0.4833084344863891,0.0463258363306522,0.2346166670322418,-0.2889875769615173,-0.0531682819128036,-0.1543447822332382,-0.5052598118782043,0.0329712852835655,-0.2388811260461807,-0.2967515587806701,-0.0031081531196832,0.1858925074338913,-0.3599345982074737,-0.2681162357330322,-0.2478910833597183,-0.1377698928117752,-0.1732645481824875,0.1117006689310073,0.0033390428870916,0.0108242584392428,-0.1118576601147651,-0.0039828619919717,-0.0098601756617426,0.0791402012109756,0.4227634966373443,0.0168927703052759,-0.0850591287016868,0.3814137279987335,0.0210114736109972,0.092508926987648,0.7528998255729675,0.1606190353631973,-0.0695529282093048,0.7301734685897827,0.1741285473108291,0
31,0.0556555464863777,-0.6515467762947083,-0.1771531552076339,0.1809123158454895,-0.4798232316970825,0.025868022814393,0.2642764747142792,-0.2887646555900574,-0.0713230594992637,-0.1508464962244033,-0.502875030040741,-0.0010095835896208,-0.238500639796257,-0.3018932640552521,-0.0461013428866863,0.2094933241605758,-0.3794388771057129,-0.2776263356208801,-0.242155447602272,-0.1763623803853988,-0.2261463105678558,0.1116582751274108,0.0033379558008164,0.0111317038536071,-0.1118139997124672,-0.0039781890809535,-0.01016884483397,0.0816462039947509,0.4242541193962097,0.0222919974476099,-0.0846661031246185,0.3805113136768341,0.023568894714117,0.0989681407809257,0.7491897344589233,0.1680761575698852,-0.0685641691088676,0.7217025756835938,0.1859731674194336,0
32,0.0565193071961402,-0.6499753594398499,-0.1990260332822799,0.1810127347707748,-0.4774034321308136,0.0136961992830038,0.2646056413650512,-0.2886314392089844,-0.0859960839152336,-0.1509212553501129,-0.4999377429485321,-0.0211282484233379,-0.2408709824085235,-0.31170454621315,-0.0880594477057457,0.2139113843441009,-0.3888644874095917,-0.2977761030197143,-0.2402092665433883,-0.2390599101781845,-0.289743423461914,0.1116028949618339,0.003185287117958,0.0129614109173417,-0.1117395162582397,-0.0038149678148329,-0.0120460800826549,0.0817529931664466,0.4246827363967895,0.0432495027780532,-0.0812422558665275,0.3811939060688019,0.0251619257032871,0.0993326380848884,0.7469362020492554,0.1820094734430313,-0.0666463077068328,0.7221737504005432,0.1876212209463119,0
33,0.0624799393117427,-0.6474348902702332,-0.2056904882192611,0.1801553964614868,-0.4766761064529419,0.0070020873099565,0.2618081569671631,-0.2928108870983124,-0.0973491892218589,-0.1499767005443573,-0.4908581376075744,-0.0396591611206531,-0.2419832199811935,-0.3235774934291839,-0.156422421336174,0.2222080081701278,-0.4021947979927063,-0.3087078928947449,-0.2352642118930816,-0.3819266557693481,-0.3812455534934997,0.1112443581223487,0.0030463130678981,0.0143027259036898,-0.1113117858767509,-0.0036626495420932,-0.0134785268455743,0.07950921356678,0.4248045980930328,0.0527710504829883,-0.0820082128047943,0.3822397887706756,0.0262238606810569,0.0955246165394783,0.7442523241043091,0.189822182059288,-0.0671041458845138,0.7221773266792297,0.1875995248556137,0
34,0.0582136251032352,-0.6473938822746277,-0.1913201510906219,0.1737644374370575,-0.480151504278183,0.0091154091060161,0.2547583878040313,-0.3151170909404754,-0.0962708666920661,-0.1497859209775924,-0.4906932115554809,-0.0220354720950126,-0.2455779016017913,-0.3204810321331024,-0.1174709871411323,0.2194689065217971,-0.4249424040317535,-0.3081251680850982,-0.2691259682178497,-0.3693422377109527,-0.3371243178844452,0.1107261106371879,0.0031334299128502,0.012889533303678,-0.1107217222452163,-0.0037379842251539,-0.01210593059659,0.0788467824459075,0.4244613349437713,0.0501335524022579,-0.0823763757944107,0.3804991841316223,0.0263505484908819,0.0925203338265419,0.7442079782485962,0.1780388802289962,-0.073353074491024,0.7201472520828247,0.1832544654607772,0
35,0.0568505898118019,-0.6473852396011353,-0.1978562176227569,0.1738918721675872,-0.479667991399765,0.0010220966069027,0.2578701674938202,-0.3292254209518432,-0.1093000024557113,-0.1489229053258896,-0.489324003458023,-0.0208825636655092,-0.2824341952800751,-0.3447509407997131,-0.1161313876509666,0.2302970588207245,-0.4597125947475433,-0.3196969926357269,-0.3050978481769562,-0.4327797889709472,-0.3323273956775665,0.1104926392436027,0.0031267728190869,0.012630027718842,-0.1104695722460746,-0.0037286216393113,-0.0118716452270746,0.0786314383149147,0.4247994422912597,0.0492219142615795,-0.0847818404436111,0.3799677789211273,0.0267656985670328,0.0957458764314651,0.7395707964897156,0.1789034157991409,-0.0742041245102882,0.7170434594154358,0.183564618229866,0
36,0.0416059456765651,-0.6531374454498291,-0.2025947272777557,0.1692702919244766,-0.482517808675766,-0.0106619736179709,0.2575418651103973,-0.3480336666107178,-0.13332000374794,-0.1489560902118683,-0.4916305840015411,-0.0213089659810066,-0.2904693186283111,-0.3708736896514892,-0.1218771412968635,0.2355289310216903,-0.4982863068580627,-0.3411506116390228,-0.316557377576828,-0.4750831127166748,-0.3369083404541015,0.1101614832878112,0.0031210477463901,0.0107170064002275,-0.1101246401667594,-0.0037213230971246,-0.0100133446976542,0.0743178874254226,0.4246695935726166,0.0472734235227108,-0.0882497876882553,0.3805641531944275,0.0300192963331937,0.0912458151578903,0.7384848594665527,0.1835590600967407,-0.0770841017365455,0.7170949578285217,0.1836848706007003,0
37,0.0443519577383995,-0.6546139121055603,-0.2015759497880935,0.1726427674293518,-0.4827651083469391,-0.0047024181112647,0.2794054448604584,-0.3632502555847168,-0.1054521799087524,-0.1406745165586471,-0.4918523728847503,-0.018031945452094,-0.2852058708667755,-0.4136775135993957,-0.1121739298105239,0.267890602350235,-0.5276419520378113,-0.2793998122215271,-0.3059263229370117,-0.5552735328674316,-0.2906197607517242,0.1099152043461799,0.0031356376130133,0.0105826510116457,-0.1098811700940132,-0.0037366889882832,-0.0098791997879743,0.0783126205205917,0.424643337726593,0.0371356755495071,-0.0895723104476928,0.380625307559967,0.0325802862644195,0.09910399466753,0.7383342385292053,0.1797552555799484,-0.077135182917118,0.7144899964332581,0.1933836042881012,0
38,0.0423513799905777,-0.6599486470222473,-0.2004958838224411,0.1728609204292297,-0.4841206073760986,-0.0046806694008409,0.2830246388912201,-0.3766735792160034,-0.1057818979024887,-0.1394950300455093,-0.4949368238449096,-0.010050356388092,-0.2833302021026611,-0.4537619948387146,-0.0818577408790588,0.2779399156570434,-0.5579174160957336,-0.2788187563419342,-0.3073861598968506,-0.6237531900405884,-0.2350179105997085,0.109745979309082,0.003136760322377,0.0082757230848073,-0.1097071394324302,-0.0037371078506112,-0.0076241185888648,0.0770802497863769,0.4246131777763366,0.0382605567574501,-0.0895674750208854,0.381509393453598,0.0331470184028148,0.0978118181228637,0.7379015684127808,0.1813101768493652,-0.0780825912952423,0.7151744961738586,0.1889011114835739,0
39,0.0426783934235572,-0.6596773266792297,-0.1999086886644363,0.1754178702831268,-0.484732061624527,-0.0043964558281004,0.2979909181594848,-0.3905510902404785,-0.097475379705429,-0.1387329995632171,-0.4986698925495147,-0.0079488838091492,-0.2823457419872284,-0.48381507396698,-0.057586271315813,0.298038899898529,-0.5696921348571777,-0.261216253042221,-0.3092313706874847,-0.6620784401893616,-0.1863432377576828,0.1094768643379211,0.0034035842400044,0.007212808355689,-0.1094472557306289,-0.0040054619312286,-0.006565217860043,0.0763976201415062,0.4245613813400268,0.0369713641703128,-0.0900174155831337,0.3803001940250397,0.0342869497835636,0.0927727073431015,0.7382256388664246,0.1803334504365921,-0.0782818421721458,0.7105971574783325,0.1888131648302078,0
40,0.0428021028637886,-0.664188027381897,-0.1899085491895675,0.1760808229446411,-0.4895344078540802,0.0003038677386939,0.3081621527671814,-0.4319072067737579,-0.0736199021339416,-0.1375007927417755,-0.5023078322410583,0.003433764912188,-0.2868594229221344,-0.5244132280349731,0.0051550278440117,0.3041551113128662,-0.6203100085258484,-0.2131334990262985,-0.3298447430133819,-0.7109840512275696,-0.0662019476294517,0.1090068370103836,0.0035264641046524,0.0067996517755091,-0.1089777424931526,-0.0041194478981196,-0.0061094099655747,0.0752937644720077,0.4245654940605163,0.0361261405050754,-0.0881668776273727,0.3799981772899627,0.0335242561995983,0.092572383582592,0.7384592294692993,0.1760838776826858,-0.0779604166746139,0.7107259631156921,0.1792867928743362,0
41,0.0435856580734252,-0.6662569642066956,-0.1838754266500473,0.1780896037817001,-0.4928047358989715,0.0018162523629143,0.3159788250923157,-0.4550854563713074,-0.0681067630648613,-0.1364220827817917,-0.5070767998695374,0.0074337404221296,-0.2886375784873962,-0.5609409809112549,0.0116623677313327,0.3144409954547882,-0.6513580083847046,-0.2014233916997909,-0.3388982117176056,-0.7536506652832031,-0.0531857907772064,0.1089131906628608,0.0035754153504967,0.0062148147262632,-0.1088911965489387,-0.0041617564857006,-0.0054904399439692,0.0748997181653976,0.4242706894874573,0.0359348505735397,-0.0849981606006622,0.3792412281036377,0.0336118638515472,0.0899710729718208,0.7366185188293457,0.1809409260749817,-0.0742308646440506,0.7081118822097778,0.1799168884754181,0
42,0.0423818826675415,-0.6700331568717957,-0.181898221373558,0.1780224293470382,-0.4970873594284057,0.0025676621589809,0.3175075650215149,-0.4790150821208954,-0.0556678175926208,-0.1368344575166702,-0.510045051574707,0.010458848439157,-0.2892228662967682,-0.5899121165275574,0.0236993413418531,0.3170361816883087,-0.6830676794052124,-0.1707443296909332,-0.3494201004505157,-0.7887232899665833,-0.0279491636902093,0.1088495180010795,0.0035696336999535,0.003588689956814,-0.1088251546025276,-0.004150812048465,-0.0028401075396686,0.0724344477057457,0.4248179197311401,0.0349211432039737,-0.0862064659595489,0.3792798519134521,0.0373553447425365,0.0877306461334228,0.7393226027488708,0.1772699654102325,-0.0748583748936653,0.709050178527832,0.1813133656978607,0
43,0.0422141700983047,-0.6711987853050232,-0.1777534186840057,0.1792710125446319,-0.5000459551811218,0.0053125615231692,0.3214176297187805,-0.5017968416213989,-0.0473705679178237,-0.13679239153862,-0.5111551880836487,0.0114561254158616,-0.2929475009441376,-0.610363781452179,0.0227357316762208,0.3262770175933838,-0.7121043801307678,-0.158916026353836,-0.3548343181610107,-0.8133880496025085,-0.0276938155293464,0.1087881550192833,0.0036337957717478,0.0032454894389957,-0.1087629720568656,-0.0042069898918271,-0.0024970762897282,0.0705815181136131,0.424941748380661,0.0328084118664264,-0.0883302614092826,0.3791041672229767,0.0365440212190151,0.0839654952287674,0.740986168384552,0.174669086933136,-0.0766815915703773,0.7095384001731873,0.1783324927091598,0
44,0.0409115627408027,-0.6726821064949036,-0.1534749418497085,0.1790062934160232,-0.5017357468605042,0.0327478386461734,0.3262790441513061,-0.5298899412155151,-0.0076213344000279,-0.137967824935913,-0.5110411643981934,0.0199402030557394,-0.2957021594047546,-0.62618488073349,0.0199457183480262,0.3389245867729187,-0.7399013638496399,-0.1041858717799186,-0.3558368682861328,-0.837034285068512,-0.0374012030661106,0.1087323799729347,0.0036299587227404,0.0033344181720167,-0.10871172696352,-0.0041961027309298,-0.0025892523117363,0.0701467990875244,0.4243435859680176,0.0323892906308174,-0.0883523523807525,0.3800520598888397,0.0311038419604301,0.0822101533412933,0.7447232604026794,0.1633005440235138,-0.0766958519816398,0.7171630263328552,0.1585343331098556,0
45,0.0453642345964908,-0.672504723072052,-0.1377152502536773,0.1831386685371399,-0.5026766657829285,0.0471978709101676,0.3300327360630035,-0.5415828227996826,0.0087595386430621,-0.1347802877426147,-0.5110061764717102,0.0326023213565349,-0.2926058173179626,-0.6300141215324402,0.0262077040970325,0.3485319316387176,-0.7520057559013367,-0.0825675129890441,-0.3515359163284302,-0.8421528339385986,-0.0298673585057258,0.1086869984865188,0.003637625137344,0.0031440460588783,-0.108676940202713,-0.0042005171999335,-0.0023918061051517,0.0701378062367439,0.4243229627609253,0.0274023953825235,-0.0880515947937965,0.3801650106906891,0.0283175855875015,0.0808090716600418,0.748604953289032,0.1545776575803756,-0.0732502341270446,0.7191072702407837,0.1527715623378753,0
46,0.0453315153717994,-0.6750237345695496,-0.1438970565795898,0.1831063628196716,-0.5034031271934509,0.0446150414645671,0.3376706540584564,-0.5583375096321106,-0.0002687078667804,-0.1361675560474395,-0.5147676467895508,0.0167645756155252,-0.2926170229911804,-0.6514655947685242,0.0054197977297008,0.3627566397190094,-0.7670647501945496,-0.0923144593834877,-0.3502308428287506,-0.8613710999488831,-0.0472199991345405,0.108701579272747,0.0036934425588697,0.0032330534886568,-0.1087109968066215,-0.0042536244727671,-0.0024827700108289,0.0677635446190834,0.4240884482860565,0.0343655794858932,-0.0904263108968734,0.3802249431610107,0.0304784979671239,0.0769666954874992,0.7494449019432068,0.1637825071811676,-0.0772774219512939,0.7190316319465637,0.160036027431488,0
47,0.0453136190772056,-0.6751307249069214,-0.1472298353910446,0.1842576712369918,-0.5049577355384827,0.0412402525544166,0.3441407978534698,-0.5853562951087952,0.0063799945637583,-0.1360297501087188,-0.5173921585083008,0.0151395061984658,-0.2845055162906647,-0.6744691133499146,0.0011680620955303,0.3608439266681671,-0.7961922883987427,-0.0663455203175544,-0.3435440361499786,-0.887822151184082,-0.0504368022084236,0.1086828038096427,0.0036584604531526,0.0041919769719243,-0.1087017282843589,-0.0042129815556108,-0.0034151766449213,0.0676148235797882,0.4238987267017364,0.0472572147846221,-0.0908815786242485,0.3802301287651062,0.0305828042328357,0.0783242583274841,0.7500905394554138,0.1722784042358398,-0.0804560631513595,0.7193183898925781,0.1607631295919418,0
48,0.0369845181703567,-0.676468551158905,-0.1809157878160476,0.1826964318752288,-0.5106406211853027,0.0120039982721209,0.3428963422775268,-0.6183929443359375,-0.005677665118128,-0.1406815499067306,-0.5207401514053345,-0.0275584105402231,-0.285004198551178,-0.6866012215614319,-0.0624687261879444,0.3622433245182037,-0.8234595060348511,-0.0810840129852294,-0.3460717797279358,-0.8941376209259033,-0.1445532739162445,0.1087884679436683,0.0036988088395446,0.0073718568310141,-0.1088154017925262,-0.0042548845522105,-0.0064461417496204,0.0596357062458992,0.4245337545871734,0.0676297470927238,-0.1009883880615234,0.3799308836460113,0.031122226268053,0.0766054764389991,0.7508918642997742,0.1936446577310562,-0.0940439254045486,0.7178571224212646,0.1653415858745575,0
49,0.0398930311203002,-0.6683269143104553,-0.2077913135290146,0.1834514588117599,-0.5090765953063965,-0.0079799061641097,0.3417806923389435,-0.6245752573013306,-0.0097985891625285,-0.1370662897825241,-0.5225484371185303,-0.0549259893596172,-0.2774327993392944,-0.6885205507278442,-0.0862184390425682,0.3769749104976654,-0.8208410143852234,-0.0827653035521507,-0.3277915716171264,-0.8878948092460632,-0.152820810675621,0.1087897792458534,0.0038471443112939,0.0086233066394925,-0.1088234782218933,-0.0044207624159753,-0.0075839287601411,0.0632653459906578,0.424817681312561,0.0653649866580963,-0.1007622182369232,0.3808890581130981,0.0311671253293752,0.0789398774504661,0.7561699151992798,0.1915927529335022,-0.0930993407964706,0.7223307490348816,0.1649124026298523,0
50,0.0394725687801837,-0.6684173345565796,-0.2087512463331222,0.1814208179712295,-0.5107890963554382,-0.0065204240381717,0.3412871062755584,-0.6429800987243652,-0.0101933619007468,-0.1378711909055709,-0.5252244472503662,-0.0567084811627864,-0.2776440978050232,-0.6984302401542664,-0.1005094945430755,0.3752739131450653,-0.8491172194480896,-0.0724890083074569,-0.3247633874416351,-0.904572606086731,-0.1822578758001327,0.1087297275662422,0.0038942384999245,0.0128125390037894,-0.1087651029229164,-0.0044736675918102,-0.0117212878540158,0.0651343837380409,0.4234623610973358,0.0711409673094749,-0.1005646437406539,0.3794866502285003,0.0286769643425941,0.0817308872938156,0.7548484802246094,0.1995837688446045,-0.0924155414104461,0.7191247940063477,0.164441704750061,0
51,0.037735391408205,-0.6665228605270386,-0.2407115995883941,0.1785640567541122,-0.5115710496902466,-0.0389228574931621,0.3344267010688782,-0.6554175019264221,-0.0518312826752662,-0.1388562321662902,-0.5260825157165527,-0.0954421237111091,-0.2777359187602997,-0.7034722566604614,-0.1527953147888183,0.3736661374568939,-0.8572967052459717,-0.1150544434785842,-0.3171047270298004,-0.9013978838920592,-0.2345139980316162,0.1087005361914634,0.0039997417479753,0.0128521900624036,-0.1087438240647316,-0.0045824595727026,-0.0117782251909375,0.0641396194696426,0.4240881204605102,0.0763813704252243,-0.1003186702728271,0.3795298337936401,0.0355582013726234,0.0824371799826622,0.7559162974357605,0.2082269489765167,-0.0926449596881866,0.7186704874038696,0.1806103438138961,0
52,0.0374358668923378,-0.6592130661010742,-0.2680190801620483,0.1785837709903717,-0.5089874267578125,-0.0660749226808548,0.3328531384468078,-0.6599355936050415,-0.0735468417406082,-0.1373865902423858,-0.5261103510856628,-0.1159952133893966,-0.2748585939407348,-0.6997390985488892,-0.1763227134943008,0.3742977082729339,-0.8668731451034546,-0.1315165162086486,-0.3113372027873993,-0.8975734710693359,-0.26732337474823,0.108663223683834,0.0042431880719959,0.0110312011092901,-0.1087180376052856,-0.0048465165309607,-0.0099264318123459,0.0706528946757316,0.4233200550079345,0.0753287002444267,-0.1001922190189361,0.3796096742153168,0.0475061982870101,0.0885514616966247,0.7521635293960571,0.2070531100034713,-0.0951234549283981,0.7191571593284607,0.2021690607070922,0
53,0.037142775952816,-0.6578162908554077,-0.2829319834709167,0.1775559931993484,-0.508719801902771,-0.0792829319834709,0.3246212005615234,-0.6666834950447083,-0.0941133424639701,-0.1360128223896026,-0.5263645648956299,-0.1397485733032226,-0.2704453468322754,-0.6974174976348877,-0.22746442258358,0.371825098991394,-0.866516649723053,-0.1646133810281753,-0.3024332523345947,-0.8786779642105103,-0.3412656188011169,0.1085514798760414,0.0043238676153123,0.0113369803875684,-0.1086262390017509,-0.004933460149914,-0.0102297849953174,0.0734249055385589,0.4231631755828857,0.0749164670705795,-0.0970019400119781,0.3803317248821258,0.0480975732207298,0.0908897072076797,0.7516131401062012,0.2167968451976776,-0.0915697216987609,0.7202597260475159,0.209173709154129,0
54,0.0392206795513629,-0.6580700278282166,-0.2761841416358948,0.1765003651380539,-0.510704755783081,-0.0745248794555664,0.3152148127555847,-0.6854251623153687,-0.0876911506056785,-0.1346234232187271,-0.5290766954421997,-0.1396427899599075,-0.2633197903633117,-0.6993979215621948,-0.2323444485664367,0.3709741234779358,-0.8773583769798279,-0.1567420661449432,-0.2869797348976135,-0.8685471415519714,-0.3427686095237732,0.1083522289991378,0.0043758205138146,0.0127119049429893,-0.1084389239549636,-0.0049859350547194,-0.0115458164364099,0.0733801797032356,0.4231054186820984,0.0776041373610496,-0.0932926163077354,0.3805645704269409,0.0476975999772548,0.0924414172768592,0.749941349029541,0.2288127541542053,-0.0832007825374603,0.7206301093101501,0.2107926160097122,0
55,0.0356263853609561,-0.6583171486854553,-0.2762438952922821,0.1753905564546585,-0.5108181238174438,-0.0819729194045066,0.3069506883621216,-0.6858855485916138,-0.0964772328734397,-0.1336996406316757,-0.5287089347839355,-0.1338803917169571,-0.2607803344726562,-0.6993016600608826,-0.2170316129922866,0.3644111454486847,-0.8884668946266174,-0.1572266966104507,-0.2895292043685913,-0.8805392980575562,-0.3230549693107605,0.1083261892199516,0.0044072577729821,0.0124973729252815,-0.1084162667393684,-0.0050176358781754,-0.0113444551825523,0.0752426758408546,0.4227742254734039,0.0779608413577079,-0.094258964061737,0.3805502653121948,0.0501199252903461,0.1004862040281295,0.7488155961036682,0.2268109172582626,-0.0833069011569023,0.7190111875534058,0.2173748761415481,0
56,0.0322046019136905,-0.6598035097122192,-0.2676002085208893,0.1721095591783523,-0.5142472982406616,-0.0787670016288757,0.2975267469882965,-0.69322270154953,-0.0908781290054321,-0.1337008327245712,-0.5289710164070129,-0.129207506775856,-0.2526890337467193,-0.6979549527168274,-0.2288848310708999,0.3577052354812622,-0.8873515129089355,-0.1502130925655365,-0.2800161242485046,-0.8749366402626038,-0.3612231910228729,0.1082275807857513,0.0044853086583316,0.0129416808485984,-0.1083181574940681,-0.0050963228568434,-0.0117802992463111,0.0743364542722702,0.422431617975235,0.0778101682662963,-0.0942475944757461,0.3805758357048034,0.0487451665103435,0.1000069007277488,0.7485279440879822,0.2295594364404678,-0.0803083330392837,0.7190256118774414,0.2151797711849212,0
57,0.0339684300124645,-0.6606209874153137,-0.2648458182811737,0.1740209758281707,-0.51421058177948,-0.0777236670255661,0.2978513240814209,-0.6932433247566223,-0.0893103554844856,-0.1310405284166336,-0.5287488698959351,-0.1267637610435485,-0.2525352537631988,-0.705009400844574,-0.2208604365587234,0.3559143543243408,-0.8878101110458374,-0.1446718424558639,-0.2696647047996521,-0.893531322479248,-0.3457651436328888,0.1082524955272674,0.0044510043226182,0.0133334267884492,-0.1083555966615676,-0.0050675440579652,-0.012176115065813,0.0745124369859695,0.4223529100418091,0.077127493917942,-0.0922321304678917,0.3806770145893097,0.0462291948497295,0.099688172340393,0.7476796507835388,0.228496104478836,-0.0782204195857048,0.719004213809967,0.2142698913812637,0
58,0.033194039016962,-0.6608411073684692,-0.2655107378959656,0.1699385493993759,-0.515539288520813,-0.0743755176663398,0.2928048074245453,-0.6969762444496155,-0.0868046954274177,-0.1328973919153213,-0.5290142297744751,-0.1304777115583419,-0.2508516311645508,-0.7041937112808228,-0.2256992161273956,0.3520847856998443,-0.8912733793258667,-0.1442981958389282,-0.2608895003795624,-0.8928518891334534,-0.3356794118881225,0.1081667691469192,0.0044807903468608,0.0138113982975482,-0.1082733273506164,-0.0050983824767172,-0.0126482173800468,0.0748110115528106,0.4220347702503204,0.077840968966484,-0.0925871804356575,0.3806073069572449,0.0446717478334903,0.1000231280922889,0.7479972839355469,0.2215954810380935,-0.0783086419105529,0.7205385565757751,0.2020012587308883,0
59,0.0359673164784908,-0.6613341569900513,-0.2643177211284637,0.1722162663936615,-0.5167611837387085,-0.0728171616792678,0.2924090027809143,-0.7011962532997131,-0.0816408023238182,-0.1306995302438736,-0.5290945768356323,-0.1289187967777252,-0.2455125898122787,-0.6998572945594788,-0.2259957045316696,0.3516915440559387,-0.8997171521186829,-0.1313081830739975,-0.2503828108310699,-0.8919342756271362,-0.3447322249412536,0.1081454306840896,0.0044459397904574,0.012651746161282,-0.1082545444369316,-0.0050702635198831,-0.0114753106608986,0.0750396698713302,0.4198360741138458,0.0776391550898552,-0.0924118608236312,0.3807602226734161,0.0526899509131908,0.0991445556282997,0.7438344955444336,0.2247114479541778,-0.0800813362002372,0.7200912237167358,0.217163547873497,0
60,0.0266881585121154,-0.6534615159034729,-0.2981960773468017,0.1642272025346756,-0.511269748210907,-0.1000280603766441,0.2830206751823425,-0.6949366927146912,-0.1287688910961151,-0.1339392513036728,-0.5199311971664429,-0.162480354309082,-0.2518589496612549,-0.6840006709098816,-0.2590881884098053,0.3280418217182159,-0.8917402029037476,-0.1968745738267898,-0.2608863711357116,-0.8743401169776917,-0.3619875311851501,0.1080694943666458,0.0044471099972724,0.0135301994159817,-0.1081908345222473,-0.0050732227973639,-0.0123097272589802,0.0667800232768058,0.4246439337730407,0.0777247846126556,-0.0957137569785118,0.3819828331470489,0.0425879210233688,0.0842747241258621,0.7507028579711914,0.2162562310695648,-0.0884598568081855,0.7268790602684021,0.1949729323387146,0
61,0.0279758870601654,-0.6492865085601807,-0.2938857972621918,0.1645843684673309,-0.5110170245170593,-0.0944013148546218,0.2841812372207641,-0.6948099136352539,-0.1238612011075019,-0.1339917480945587,-0.5202867388725281,-0.1600561141967773,-0.2502588629722595,-0.6809229850769043,-0.2635005414485931,0.3303413689136505,-0.8965463042259216,-0.193975493311882,-0.2671298086643219,-0.8663800954818726,-0.3837501108646393,0.1078535914421081,0.0051145493052899,0.0135009726509451,-0.1079883128404617,-0.0057454500347375,-0.0122814243659377,0.060471273958683,0.4271521270275116,0.066076323390007,-0.0970162227749824,0.3817739188671112,0.0379775948822498,0.0678806081414222,0.7576796412467957,0.1880281418561935,-0.0941087082028389,0.7278667092323303,0.1759593486785888,0
62,0.0274938680231571,-0.6492435932159424,-0.2909843921661377,0.1648280322551727,-0.5107842683792114,-0.0914172157645225,0.282226949930191,-0.6965146064758301,-0.1154865249991417,-0.1333267539739608,-0.5201960802078247,-0.1574615538120269,-0.2484201937913894,-0.6824880838394165,-0.2557662427425384,0.3289271593093872,-0.904047191143036,-0.1847413182258606,-0.26767498254776,-0.8780859112739563,-0.3723410367965698,0.1077448278665542,0.0051453146152198,0.0129941189661622,-0.1078918129205703,-0.0057781604118645,-0.0118079269304871,0.0620628073811531,0.4270327985286712,0.0644768849015235,-0.0977187529206276,0.3819123804569244,0.0372510366141796,0.0701225101947784,0.7582119107246399,0.1836325675249099,-0.0964522361755371,0.7305087447166443,0.1746845245361328,0
63,0.0222826041281223,-0.6507031321525574,-0.2723645269870758,0.1625673919916153,-0.5118065476417542,-0.0764140337705612,0.2827996015548706,-0.6975280046463013,-0.0952645167708396,-0.139182761311531,-0.5205628275871277,-0.1375473290681839,-0.2565613687038421,-0.6924381256103516,-0.2303041964769363,0.3299717903137207,-0.9071628451347352,-0.152919515967369,-0.2799094021320343,-0.8911691904067993,-0.3371991813182831,0.1077032312750816,0.0051976218819618,0.0133911622688174,-0.1078497990965843,-0.0058273319154977,-0.0122446119785308,0.0620045289397239,0.4273838102817535,0.0638639777898788,-0.0997560620307922,0.3795341253280639,0.0364046841859817,0.0719593912363052,0.7587445974349976,0.1864228546619415,-0.0962047055363655,0.723020613193512,0.1754612475633621,0
64,0.0225340761244297,-0.6489571332931519,-0.2903259694576263,0.1627164036035537,-0.5116927623748779,-0.0891065672039985,0.2819776833057403,-0.6975882649421692,-0.1054140105843544,-0.136584848165512,-0.5200514793395996,-0.1588115096092224,-0.2461618334054947,-0.6785023212432861,-0.2719533443450928,0.3309393525123596,-0.9063331484794616,-0.1645678430795669,-0.2694837749004364,-0.867529034614563,-0.4010571539402008,0.107480950653553,0.0052155698649585,0.0141070475801825,-0.1076324582099914,-0.005846373271197,-0.0129387388005852,0.0681214928627014,0.4264788329601288,0.0647966936230659,-0.0956309735774993,0.3809919655323028,0.0354023166000843,0.0727976858615875,0.7583137154579163,0.1876134127378463,-0.0960518270730972,0.7289602160453796,0.1753026247024536,0
65,0.0206917263567447,-0.6490760445594788,-0.289058119058609,0.1585569679737091,-0.5119084715843201,-0.0886448621749877,0.276922345161438,-0.697865903377533,-0.1048048883676529,-0.1409443318843841,-0.5201228260993958,-0.1565284878015518,-0.2526000440120697,-0.6790851354598999,-0.2655900716781616,0.3289147019386291,-0.9074509739875792,-0.1642011702060699,-0.2698268890380859,-0.8655157685279846,-0.388632982969284,0.1074433326721191,0.005250624846667,0.0140030439943075,-0.1075976565480232,-0.0058805835433304,-0.0128420796245336,0.0672038048505783,0.4264875054359436,0.0647123754024505,-0.0977360010147094,0.3806692659854889,0.0362561792135238,0.0739559009671211,0.7583684921264648,0.1884414106607437,-0.099185362458229,0.7273054122924805,0.1787205934524536,0
66,0.0262954887002706,-0.6522399187088013,-0.2620186507701874,0.1624665707349777,-0.5151463150978088,-0.0608237981796264,0.2772970795631408,-0.7067549228668213,-0.0679808557033538,-0.1384695917367935,-0.5209072828292847,-0.1372718214988708,-0.2485873252153396,-0.6812270879745483,-0.2596535086631775,0.3293370902538299,-0.9099366068840028,-0.1184511259198188,-0.2640777230262756,-0.8659158945083618,-0.3839322030544281,0.1074106395244598,0.0053229941986501,0.0153609476983547,-0.1075669899582862,-0.0059507782571017,-0.0141962366178631,0.067130260169506,0.4272306263446808,0.0634916275739669,-0.0964800640940666,0.3806471228599548,0.0258175171911716,0.0722371488809585,0.7629039883613586,0.1804878860712051,-0.0955014079809188,0.7302675247192383,0.1580597162246704,0
67,0.0241252724081277,-0.6551827788352966,-0.2514073550701141,0.1606524735689163,-0.517138659954071,-0.0560532994568347,0.272378921508789,-0.7081959247589111,-0.0666062086820602,-0.1396142691373825,-0.5224713683128357,-0.1247267797589302,-0.2525831460952759,-0.6881057024002075,-0.237275093793869,0.3253844082355499,-0.9096688032150269,-0.1205692961812019,-0.279135912656784,-0.8664023280143738,-0.3605680763721466,0.1073487550020217,0.0053620710968971,0.0153866866603493,-0.1075035855174064,-0.0059856656007468,-0.0142274405807256,0.0655477792024612,0.4276952147483825,0.0631933733820915,-0.0968929305672645,0.380484938621521,0.0254373997449874,0.0748134925961494,0.7629527449607849,0.1811926662921905,-0.0942389369010925,0.7299113869667053,0.161363273859024,0
68,0.0278913453221321,-0.6551693081855774,-0.2538489401340484,0.1636688411235809,-0.5157834887504578,-0.0569589212536811,0.2726025283336639,-0.7021472454071045,-0.0671709924936294,-0.1366069763898849,-0.5224083065986633,-0.1261010468006134,-0.2491225302219391,-0.6835318803787231,-0.240202710032463,0.3296217918395996,-0.9063462018966676,-0.1222926303744316,-0.2758950889110565,-0.8603212237358093,-0.3729449808597564,0.1073724702000618,0.0054630991071462,0.0164973773062229,-0.1075297519564628,-0.006091896444559,-0.0153227234259247,0.0650624632835388,0.4278084933757782,0.0624485090374946,-0.0965689048171043,0.3799085319042206,0.0203267950564622,0.0680029466748237,0.7628962993621826,0.1821613162755966,-0.0916850045323371,0.7290210723876953,0.1586709171533584,0
69,0.0271598696708679,-0.6554440855979919,-0.2567992508411407,0.161723643541336,-0.5164150595664978,-0.058807622641325,0.2728850245475769,-0.7033383250236511,-0.0716576352715492,-0.1393598914146423,-0.5237166881561279,-0.1289191246032714,-0.2553092837333679,-0.6933765411376953,-0.2400951534509658,0.3267807066440582,-0.9064432382583618,-0.1282291859388351,-0.2813451290130615,-0.8693491816520691,-0.3596120178699493,0.1073235124349594,0.0054886187426745,0.016555642709136,-0.107480265200138,-0.0061168395914137,-0.0153910377994179,0.0650290250778198,0.4284577071666717,0.0630243495106697,-0.0975020453333854,0.3796054422855377,0.0210547931492328,0.074519395828247,0.7636851668357849,0.1824481636285781,-0.093006819486618,0.7283310890197754,0.1594902724027633,0
70,0.0279033426195383,-0.6547677516937256,-0.2648154199123382,0.162068486213684,-0.5164148211479187,-0.0592180304229259,0.2758117020130157,-0.7040907740592957,-0.0712305605411529,-0.1387017965316772,-0.5236773490905762,-0.1412740349769592,-0.2544185519218445,-0.693149745464325,-0.2555364966392517,0.334111213684082,-0.9065732955932616,-0.1275761127471923,-0.2809797525405884,-0.8714918494224548,-0.3770948350429535,0.1072893813252449,0.0055495607666671,0.0184608232229948,-0.1074492111802101,-0.0061795399524271,-0.0172956548631191,0.0650456696748733,0.4289884865283966,0.0648981556296348,-0.0965123623609542,0.3797866702079773,0.01859618909657,0.0735749080777168,0.7639312148094177,0.1828158348798751,-0.0927814170718193,0.729749858379364,0.154632419347763,0
71,0.0242800135165452,-0.6568210124969482,-0.2585821747779846,0.1613855212926864,-0.5182713270187378,-0.057175725698471,0.2757260799407959,-0.7041264176368713,-0.0656660944223404,-0.1399944126605987,-0.5240960717201233,-0.1297910958528518,-0.2554771900177002,-0.6926729083061218,-0.2341528981924057,0.333981990814209,-0.907265841960907,-0.1210057586431503,-0.2834117412567138,-0.8722618818283081,-0.3563783168792724,0.1072324514389038,0.0056229545734822,0.0182592030614614,-0.1073930561542511,-0.0062495828606188,-0.0171012859791517,0.0648505613207817,0.4289327263832092,0.064792588353157,-0.0998962149024009,0.3788637220859527,0.0202242620289325,0.0736160278320312,0.7643349766731262,0.182709738612175,-0.0975792109966278,0.7278967499732971,0.1558751463890075,0
72,0.024925485253334,-0.6517392992973328,-0.2979694306850433,0.1638383269309997,-0.5139368176460266,-0.0991936922073364,0.2828536629676819,-0.7016665935516357,-0.120752565562725,-0.1380471885204315,-0.5230287909507751,-0.1587277054786682,-0.2568261921405792,-0.6925629377365112,-0.2542611062526703,0.3349697887897491,-0.9021256566047668,-0.183831512928009,-0.2940472960472107,-0.8725067973136902,-0.3698721528053283,0.1072306782007217,0.0056381910108029,0.0159805547446012,-0.1073989793658256,-0.006265664473176,-0.0148450545966625,0.0661935582756996,0.4271006882190704,0.0645610243082046,-0.0997651293873786,0.3792771995067596,0.0311728194355964,0.073765218257904,0.7612013816833496,0.1850905567407608,-0.0974480882287025,0.7278524041175842,0.1752603203058242,0
73,0.023936953395605,-0.6517605185508728,-0.2935975790023803,0.1632271409034729,-0.5137056112289429,-0.0954248458147049,0.2826356887817383,-0.7012273669242859,-0.112762227654457,-0.1381707042455673,-0.5230631232261658,-0.1560264676809311,-0.2571378946304321,-0.6924845576286316,-0.2539387345314026,0.3368874490261078,-0.9019712805747986,-0.1731118857860565,-0.2966464757919311,-0.8734742403030396,-0.3741938471794128,0.1072304025292396,0.0056349369697272,0.0153514211997389,-0.1073999479413032,-0.0062631512992084,-0.014215980656445,0.0659351572394371,0.4268519580364227,0.0643107146024704,-0.0994024872779846,0.3793001174926758,0.0328006148338317,0.0733889415860176,0.7588291764259338,0.1934726238250732,-0.0938743948936462,0.7255282402038574,0.1845267713069915,0
74,0.0244786813855171,-0.651742160320282,-0.291172593832016,0.1655773073434829,-0.5136236548423767,-0.0951471179723739,0.2827234268188476,-0.7034612894058228,-0.1109255105257034,-0.1349847912788391,-0.522911548614502,-0.1554157882928848,-0.2537725567817688,-0.6915363073348999,-0.2542837560176849,0.3428224325180053,-0.9053618907928468,-0.169463574886322,-0.2963443994522095,-0.8734816908836365,-0.3854457139968872,0.1072958931326866,0.0056343739852309,0.0129962610080838,-0.107474610209465,-0.0062629007734358,-0.0118763092905282,0.0677222982048988,0.4253192842006683,0.0616362020373344,-0.0985354930162429,0.3804889917373657,0.036537941545248,0.0759286656975746,0.7573632597923279,0.1938531398773193,-0.0924742445349693,0.7261978983879089,0.1893921047449112,0
75,0.0178025737404823,-0.6545311808586121,-0.2801543176174164,0.1602422446012497,-0.515877366065979,-0.0933339893817901,0.2752979397773742,-0.70464026927948,-0.1093049049377441,-0.1397449821233749,-0.5232362151145935,-0.1415593326091766,-0.2591138184070587,-0.6914506554603577,-0.231922909617424,0.3427709639072418,-0.9066284894943236,-0.1669721156358719,-0.30308598279953,-0.8759259581565857,-0.3520849049091339,0.1072990521788597,0.0056233913637697,0.0121241090819239,-0.107474572956562,-0.0062495763413608,-0.011003416031599,0.0675274208188057,0.4250434935092926,0.0618466436862945,-0.0987074300646781,0.3805723488330841,0.0402173399925231,0.0793569013476371,0.757312536239624,0.1938820481300354,-0.0913491323590278,0.7255387902259827,0.1953531354665756,0
76,0.0208495762199163,-0.6522743105888367,-0.2835471630096435,0.1618805825710296,-0.5153643488883972,-0.0923572555184364,0.2752304375171661,-0.7033756375312805,-0.1076740771532058,-0.136487066745758,-0.5229493379592896,-0.1469997018575668,-0.2453211396932602,-0.6824144721031189,-0.246361494064331,0.3446108400821686,-0.9067021012306212,-0.1653772443532943,-0.283680111169815,-0.871573805809021,-0.3737211525440216,0.1072507798671722,0.005601602140814,0.0120808603242039,-0.1074336394667625,-0.0062290825881063,-0.0109568666666746,0.071597009897232,0.4244150221347809,0.0618389472365379,-0.0942336320877075,0.3817422389984131,0.0400455817580223,0.0824922695755958,0.7563295364379883,0.1907329857349395,-0.0914030820131301,0.7308807969093323,0.1889660805463791,0
77,0.0171381905674934,-0.654258131980896,-0.2738893926143646,0.1606838405132293,-0.5159557461738586,-0.0883081331849098,0.270911157131195,-0.7040990591049194,-0.1041519194841384,-0.1368608772754669,-0.5223243832588196,-0.135207861661911,-0.2467980831861496,-0.6773715615272522,-0.2370107173919677,0.3434611558914184,-0.909559428691864,-0.1634966284036636,-0.2891662418842315,-0.8657533526420593,-0.3694904446601867,0.107246920466423,0.0055902735330164,0.0119567634537816,-0.1074292063713073,-0.0062153534963727,-0.0108330231159925,0.0714999511837959,0.4243265390396118,0.0614209771156311,-0.0970448851585388,0.3818314373493194,0.0388073287904262,0.0838915854692459,0.7565250992774963,0.1895684599876403,-0.0915425568819046,0.7308934926986694,0.1874419003725052,0
78,0.0173040479421615,-0.6539161205291748,-0.2768124043941498,0.1604072898626327,-0.5163872838020325,-0.08922129124403,0.270351231098175,-0.7071556448936462,-0.1037130057811737,-0.1372228264808654,-0.5223197340965271,-0.1394381821155548,-0.247487723827362,-0.6777259707450867,-0.244837999343872,0.3433749973773956,-0.9110944271087646,-0.1629677861928939,-0.2905249297618866,-0.8660006523132324,-0.3788415491580963,0.1072475314140319,0.0056215710937976,0.0119097791612148,-0.1074296832084655,-0.0062461718916893,-0.0107874423265457,0.0696159079670906,0.4242684841156006,0.061094656586647,-0.0980287492275238,0.3817204535007477,0.0386358015239238,0.0795651003718376,0.7565119862556458,0.1895726025104522,-0.0924925059080123,0.7292394638061523,0.187301367521286,0
79,0.0201809033751487,-0.6536771655082703,-0.2732275426387787,0.1625840216875076,-0.515816867351532,-0.08555319160223,0.2710310220718384,-0.7059321403503418,-0.1025653928518295,-0.1358010917901992,-0.5223079919815063,-0.1312220096588134,-0.2463481277227401,-0.6795338988304138,-0.2251375764608383,0.3433234095573425,-0.9095903038978576,-0.1624792516231537,-0.2888708114624023,-0.8760415315628052,-0.3450612425804138,0.1072699502110481,0.0054942038841545,0.0109714763239026,-0.1074553430080413,-0.0061197089962661,-0.0098418714478611,0.0704715102910995,0.4242119491100311,0.0592619851231575,-0.0981214344501495,0.382328063249588,0.0385311059653759,0.0816930904984474,0.7564381957054138,0.1843474507331848,-0.0937204211950302,0.7317469716072083,0.1828587055206298,0
80,0.0168554056435823,-0.6536687016487122,-0.2791566848754883,0.1582196950912475,-0.5159355401992798,-0.0889204144477844,0.2687924802303314,-0.7060148119926453,-0.1062021106481552,-0.1391758769750595,-0.5226107239723206,-0.13705874979496,-0.2545792162418365,-0.6906171441078186,-0.2268723100423813,0.3407385647296905,-0.909376621246338,-0.1661714613437652,-0.295861005783081,-0.8934546113014221,-0.3378201127052307,0.1072667688131332,0.0054686553776264,0.0109554352238774,-0.1074501350522041,-0.0060950871556997,-0.0098266983404755,0.0705953985452652,0.4240455627441406,0.0603368356823921,-0.0997053086757659,0.3822660744190216,0.0388521663844585,0.0835726931691169,0.7563884854316711,0.1844853460788726,-0.0939957350492477,0.7293945550918579,0.1852312088012695,0
81,0.0230330154299736,-0.6483846306800842,-0.2902602255344391,0.1585161536931991,-0.5154411792755127,-0.0905728191137313,0.2687305510044098,-0.705005943775177,-0.1059050038456916,-0.1369269788265228,-0.5218633413314819,-0.1561985313892364,-0.2476653754711151,-0.6791291832923889,-0.2648767828941345,0.3400176763534546,-0.9013803601264954,-0.165777787566185,-0.2785073518753052,-0.8677730560302734,-0.3909583389759063,0.1072299182415008,0.0053479499183595,0.0125272190198302,-0.1074143573641777,-0.0059808203950524,-0.0113467387855052,0.0756971165537834,0.4237691164016723,0.059523057192564,-0.0978381112217903,0.3826701641082763,0.0341845080256462,0.0907633230090141,0.7555687427520752,0.1830708086490631,-0.0928077027201652,0.7304713129997253,0.1767717748880386,0
82,0.0210041292011737,-0.6484686136245728,-0.2812773287296295,0.1579206585884094,-0.5147758722305298,-0.0857451260089874,0.2664912939071655,-0.7021485567092896,-0.1025322005152702,-0.1373067051172256,-0.521503210067749,-0.1427487134933471,-0.247767299413681,-0.6790891289710999,-0.2473413646221161,0.3369322419166565,-0.9015378952026368,-0.163246750831604,-0.2792012393474579,-0.8728919625282288,-0.3728667497634887,0.1072234883904457,0.0053232405334711,0.0122386896982789,-0.1074079722166061,-0.0059574707411229,-0.011067671701312,0.070632517337799,0.4240562319755554,0.0585454143583774,-0.0978284254670143,0.3829811513423919,0.0339194312691688,0.0824242383241653,0.7572637796401978,0.1828856766223907,-0.0927474275231361,0.7309966087341309,0.1764643639326095,0
83,0.0241927430033683,-0.6468040347099304,-0.2886520624160766,0.1583874076604843,-0.511711835861206,-0.088004894554615,0.2680493295192718,-0.6962260603904724,-0.1044108495116233,-0.1341666430234909,-0.5216303467750549,-0.1545844823122024,-0.2420178055763244,-0.6854792833328247,-0.2589492201805115,0.3393226265907287,-0.892421305179596,-0.168312057852745,-0.2689771056175232,-0.8811355233192444,-0.3787960708141327,0.1071101129055023,0.0053049526177346,0.0126815410330891,-0.1073001250624656,-0.0059425951912999,-0.0115127256140112,0.0700141862034797,0.4236634373664856,0.0584238767623901,-0.0917974859476089,0.3836773931980133,0.0312799029052257,0.0807360932230949,0.7556370496749878,0.1837354004383087,-0.0827225595712661,0.732383131980896,0.1747052669525146,0
84,0.02219626493752,-0.6466173529624939,-0.2928288578987121,0.1546970903873443,-0.5117264986038208,-0.0894620940089225,0.2629144489765167,-0.696354329586029,-0.1055699437856674,-0.1357489675283432,-0.5218026041984558,-0.1596877425909042,-0.2448836117982864,-0.6863756775856018,-0.2599649429321289,0.3332263529300689,-0.8952010273933411,-0.1702036261558532,-0.2696535289287567,-0.8856319189071655,-0.3779969215393066,0.1069185212254524,0.0053746406920254,0.014181931503117,-0.1070939674973487,-0.0060170581564307,-0.0130089372396469,0.069691427052021,0.4249975085258484,0.0631987079977989,-0.0936395972967147,0.3835507333278656,0.0306395199149847,0.0840693935751915,0.7570549249649048,0.1844057738780975,-0.0848753303289413,0.7318779230117798,0.1737550944089889,0
85,0.0229749046266078,-0.6453673243522644,-0.2966058552265167,0.1547825187444687,-0.5116530656814575,-0.0897871404886245,0.2663137316703796,-0.6963591575622559,-0.1044855266809463,-0.1357482224702835,-0.5215597748756409,-0.1665574163198471,-0.2443397939205169,-0.6830300092697144,-0.2698929011821747,0.3380967378616333,-0.8954695463180542,-0.1685325503349304,-0.2710468471050262,-0.8846708536148071,-0.3881822526454925,0.1068882271647453,0.0053607611916959,0.0167071875184774,-0.107060395181179,-0.0060066631995141,-0.0154812866821885,0.0711696445941925,0.4250530004501343,0.0679482370615005,-0.093975193798542,0.3835629224777221,0.0284146349877119,0.0861122161149978,0.7565668821334839,0.1943145245313644,-0.0852160677313804,0.731604814529419,0.1736417561769485,0
86,0.0216831397265195,-0.6448022723197937,-0.2963181436061859,0.1536886543035507,-0.5115322470664978,-0.0898957625031471,0.2644365727901459,-0.6964239478111267,-0.1032407656311988,-0.1373070031404495,-0.5191872119903564,-0.1660874783992767,-0.2462388575077057,-0.677888810634613,-0.2708755433559418,0.3325865566730499,-0.8950839638710022,-0.1628700196743011,-0.270653486251831,-0.8715001344680786,-0.3946933448314667,0.1068690121173858,0.0051904586143791,0.0166837833821773,-0.1070404723286628,-0.0058377869427204,-0.0154565218836069,0.0714497342705726,0.4250138700008392,0.0660272315144538,-0.0972209274768829,0.3835783898830414,0.0287695005536079,0.0909529626369476,0.7549328207969666,0.1940983533859253,-0.0893834233283996,0.731583297252655,0.1748718917369842,0
87,0.0255599003285169,-0.6495691537857056,-0.2752414047718048,0.1580913364887237,-0.5143200159072876,-0.0751670375466346,0.2675374448299408,-0.7027685046195984,-0.0847598388791084,-0.1356489211320877,-0.5208982229232788,-0.1440944522619247,-0.2459121495485305,-0.6779918670654297,-0.2466505318880081,0.3348528444766998,-0.9037427306175232,-0.1447006165981292,-0.2712683081626892,-0.8699701428413391,-0.3684806525707245,0.1068537160754203,0.0051816697232425,0.0165635347366333,-0.1070259138941764,-0.0058286162093281,-0.0153358690440654,0.0714597851037979,0.4251954257488251,0.0659511312842369,-0.0952806174755096,0.3835690021514892,0.0285601466894149,0.0895302295684814,0.7560163140296936,0.1899010092020034,-0.0894707068800926,0.733424723148346,0.1698909848928451,0
88,0.0192495118826627,-0.6524037718772888,-0.2628057599067688,0.1573969423770904,-0.5149717926979065,-0.0720554813742637,0.2692053914070129,-0.7028034329414368,-0.0843489840626716,-0.1386464685201645,-0.5211994051933289,-0.1221222355961799,-0.2543528378009796,-0.6795110702514648,-0.2134191691875457,0.3367194533348083,-0.9085816144943236,-0.1429034322500229,-0.2931015491485595,-0.8774051070213318,-0.3323810398578644,0.1068344041705131,0.0051774941384792,0.0148570081219077,-0.1070042625069618,-0.0058224648237228,-0.0137051595374941,0.071059301495552,0.4251127243041992,0.0659072324633598,-0.0951619073748588,0.3832851946353912,0.0323647782206535,0.0926002338528633,0.7565571069717407,0.1912608295679092,-0.0887357369065284,0.7317817807197571,0.1763248443603515,0
89,0.0192350465804338,-0.6545323729515076,-0.2550704479217529,0.1573759615421295,-0.5184245109558105,-0.0623202845454216,0.2691688239574432,-0.7062373161315918,-0.0664469823241233,-0.1390480995178222,-0.5222660899162292,-0.1188468933105468,-0.2545705437660217,-0.677986741065979,-0.2192483246326446,0.338076651096344,-0.9093062281608582,-0.1196847930550575,-0.2921548187732696,-0.8705508708953857,-0.3365033864974975,0.1068035438656807,0.0052076787687838,0.01499879732728,-0.106968805193901,-0.0058507430367171,-0.013833126053214,0.0702894404530525,0.4252639412879944,0.0662785768508911,-0.0989431738853454,0.3831979930400848,0.0318662300705909,0.0889805182814598,0.7572512626647949,0.19119693338871,-0.0959521979093551,0.7318690419197083,0.1733347475528717,0
90,0.024175614118576,-0.6542473435401917,-0.2573850154876709,0.1587406992912292,-0.5195974111557007,-0.0626453682780265,0.2763213217258453,-0.7099200487136841,-0.0693456009030342,-0.1390479356050491,-0.523622453212738,-0.1210606470704078,-0.2555679380893707,-0.6940059661865234,-0.2162119895219802,0.3363656997680664,-0.908920407295227,-0.1242335364222526,-0.2982092797756195,-0.8828661441802979,-0.3185390830039978,0.1067511588335037,0.0052028950303792,0.0151014700531959,-0.1069209277629852,-0.0058430465869605,-0.0139415403828024,0.0691168084740638,0.4264508187770843,0.0652988702058792,-0.0989149659872055,0.382740706205368,0.0294003803282976,0.0886300131678581,0.7585788369178772,0.1875117421150207,-0.0959198772907257,0.7315926551818848,0.1682281643152237,0
91,0.0222648698836565,-0.6541574001312256,-0.2596341073513031,0.1568890064954757,-0.5193119049072266,-0.0633946657180786,0.2705777287483215,-0.7095507979393005,-0.0707548782229423,-0.1395581066608429,-0.5235159397125244,-0.1261626332998275,-0.2573868334293365,-0.6924563050270081,-0.2302238345146179,0.3346147835254669,-0.9088121652603148,-0.1252892762422561,-0.2973322868347168,-0.8810233473777771,-0.3467747867107391,0.1067497804760932,0.0051374323666095,0.0161078199744224,-0.1069179773330688,-0.005777099635452,-0.0149468295276165,0.06934854388237,0.4264515936374664,0.0655073225498199,-0.0981864109635353,0.3824770748615265,0.026458628475666,0.0886060446500778,0.7581390738487244,0.1874970942735672,-0.0925150290131568,0.7302807569503784,0.1673386245965957,0
92,0.0254674032330513,-0.6542049646377563,-0.2620340287685394,0.158805713057518,-0.5208252668380737,-0.0644988790154457,0.2750747799873352,-0.7130486965179443,-0.071151502430439,-0.1392101794481277,-0.5251477360725403,-0.13169527053833,-0.2572909593582153,-0.6937172412872314,-0.2310301959514618,0.3363987505435943,-0.909055233001709,-0.1259093135595321,-0.3004284799098968,-0.8808127641677856,-0.3472526371479034,0.1067477837204933,0.0051628444343805,0.0158365909010171,-0.1069193482398986,-0.0057973600924015,-0.0146800223737955,0.0693025141954422,0.4268527328968048,0.0652217864990234,-0.0980730578303337,0.3824905157089233,0.0274265371263027,0.0886016488075256,0.7587354779243469,0.187176838517189,-0.0931615978479385,0.7304588556289673,0.1677462011575698,0
93,0.0219022799283266,-0.6542086005210876,-0.2627082765102386,0.155878871679306,-0.5203766822814941,-0.0645347610116005,0.2670784890651703,-0.7113568782806396,-0.0713177174329757,-0.140276700258255,-0.5245963931083679,-0.1321031600236892,-0.2583858370780945,-0.6885512471199036,-0.2361411303281784,0.3343569636344909,-0.9088506698608398,-0.1276328116655349,-0.2995036244392395,-0.8760195970535278,-0.3614051342010498,0.1067875400185585,0.0050204237923026,0.0167731344699859,-0.1069562882184982,-0.0056563857942819,-0.0156019181013107,0.069728173315525,0.4268805384635925,0.0670499131083488,-0.0980382040143013,0.3823641240596771,0.0255559664219617,0.0897878408432006,0.7572624087333679,0.1913057267665863,-0.092964120209217,0.7294061183929443,0.1681361943483352,0
94,0.0285012498497962,-0.6540271043777466,-0.2650394737720489,0.1590083837509155,-0.5203967690467834,-0.0648152232170105,0.2731106281280517,-0.7118912935256958,-0.0711522176861763,-0.1384974718093872,-0.5257961750030518,-0.1396589577198028,-0.2573902308940887,-0.6929574012756348,-0.2477627396583557,0.3369611501693725,-0.9077673554420472,-0.1282810419797897,-0.2990986406803131,-0.875981867313385,-0.3729612231254577,0.1067574545741081,0.005084041506052,0.0170677620917558,-0.1069308370351791,-0.0057160058058798,-0.0158949717879295,0.0694868713617324,0.4270732700824737,0.0663719177246093,-0.0970350950956344,0.3821776211261749,0.0246724039316177,0.0882551521062851,0.7572294473648071,0.1914499402046203,-0.0928542092442512,0.7293314933776855,0.1672435700893402,0
95,0.0249906778335571,-0.6539943218231201,-0.2650457918643951,0.1560001075267791,-0.520345151424408,-0.0641240179538726,0.2684673070907593,-0.7116157412528992,-0.0702308490872383,-0.1398375928401947,-0.5251990556716919,-0.1394949108362198,-0.2582507729530334,-0.6881964206695557,-0.2495457828044891,0.3330678045749664,-0.906844198703766,-0.1282093226909637,-0.2998320460319519,-0.8682434558868408,-0.381426602602005,0.1067672371864318,0.0048707341775298,0.0184000823646783,-0.1069379746913909,-0.0054990146309137,-0.0172068327665328,0.0698800459504127,0.4272472560405731,0.0678836703300476,-0.0969874709844589,0.3820313513278961,0.0220010951161384,0.0895075500011444,0.75701904296875,0.1947238743305206,-0.0912409722805023,0.728115439414978,0.1672607362270355,0
96,0.0283574033528566,-0.6553220152854919,-0.2720780968666076,0.1606107205152511,-0.5210368037223816,-0.0712043941020965,0.276520162820816,-0.712480902671814,-0.081209160387516,-0.1364349126815796,-0.5261601805686951,-0.1455202996730804,-0.2565069496631622,-0.6881449222564697,-0.2516959011554718,0.3363568186759949,-0.907351016998291,-0.1454103142023086,-0.2997235655784607,-0.866132378578186,-0.3802134692668915,0.1066461578011512,0.0049415491521358,0.0184014830738306,-0.1068237498402595,-0.0055667189881205,-0.0172084849327802,0.0690763890743255,0.4272761344909668,0.0710089802742004,-0.0969547554850578,0.3826359212398529,0.0225277226418256,0.0856882780790329,0.7571192383766174,0.1959989219903946,-0.0923828035593032,0.7322307229042053,0.165508285164833,0
97,0.0224233511835336,-0.6560150980949402,-0.2714636921882629,0.1586004048585891,-0.5201476812362671,-0.0717000886797905,0.2763398289680481,-0.7034569978713989,-0.0835099071264267,-0.1435477137565612,-0.5260236859321594,-0.1367253363132476,-0.272014319896698,-0.6885281801223755,-0.2116659283638,0.3368802368640899,-0.9074493050575256,-0.1465369611978531,-0.3124299347400665,-0.8855574131011963,-0.3065157532691955,0.1067350059747695,0.0049510425888001,0.0167055949568748,-0.106910228729248,-0.005574173759669,-0.0155796585604548,0.0661175027489662,0.4276495277881622,0.0698102638125419,-0.0985983833670616,0.3817501366138458,0.0293502155691385,0.0857337787747383,0.7571243047714233,0.1956420689821243,-0.0924274250864982,0.726036548614502,0.1769597232341766,0
98,0.0236043855547904,-0.6558535099029541,-0.2715305387973785,0.158900186419487,-0.520133912563324,-0.0714599192142486,0.2762403786182403,-0.7036412358283997,-0.0788269937038421,-0.141751691699028,-0.5235236287117004,-0.1375967562198639,-0.2627203464508056,-0.6714802980422974,-0.2370499521493911,0.3414056599140167,-0.905235469341278,-0.1379424631595611,-0.3059028089046478,-0.8624650835990906,-0.3687609136104584,0.1067210957407951,0.0048476690426468,0.0173490867018699,-0.1068940460681915,-0.0054748165421187,-0.0161935966461896,0.0691287145018577,0.42637699842453,0.0713573992252349,-0.0965604111552238,0.3822421133518219,0.0287093259394168,0.0856014564633369,0.7564355731010437,0.1979238092899322,-0.090878278017044,0.7272488474845886,0.1766392886638641,0
99,0.0207846742123365,-0.6545543670654297,-0.2834651470184326,0.1550291329622268,-0.5199667811393738,-0.0836247354745864,0.2712415158748626,-0.7037779092788696,-0.0982188880443573,-0.1428797245025634,-0.5236123204231262,-0.1498991698026657,-0.2659249007701874,-0.6841585636138916,-0.2422025203704834,0.3319355249404907,-0.9015653133392334,-0.1616037189960479,-0.3135162889957428,-0.8759773373603821,-0.3657363951206207,0.1066758707165718,0.0048560481518507,0.0171728562563657,-0.1068452596664428,-0.0054834163747727,-0.0160188656300306,0.0684916377067565,0.4266252815723419,0.0708204582333564,-0.0987354218959808,0.3821492791175842,0.0289047174155712,0.0858675763010978,0.7567763328552246,0.1961434185504913,-0.0917573645710945,0.7267847061157227,0.1777393519878387,0
100,0.026306053623557,-0.6527231335639954,-0.2866461277008056,0.160593643784523,-0.51790851354599,-0.0853804647922515,0.2764361500740051,-0.7020459175109863,-0.0978295654058456,-0.1388383358716964,-0.523901641368866,-0.1515889763832092,-0.2574187517166137,-0.6841943264007568,-0.251885324716568,0.3368425965309143,-0.9004080295562744,-0.1597768664360046,-0.3018791675567627,-0.8755687475204468,-0.3817800283432007,0.1066678017377853,0.0050254110246896,0.0160757005214691,-0.1068377718329429,-0.0056597599759697,-0.0149159561842679,0.0684860274195671,0.4265182912349701,0.0681367143988609,-0.0965165421366691,0.3821574747562408,0.0300230272114276,0.0850063115358352,0.7568761110305786,0.1901813298463821,-0.0914383754134178,0.7283909320831299,0.1762125045061111,0
101,0.026089321821928,-0.6543843150138855,-0.2850336730480194,0.1602022796869278,-0.5186859369277954,-0.0837773010134697,0.2782218158245086,-0.7041388154029846,-0.0969214737415313,-0.139199748635292,-0.5250824093818665,-0.1509530693292617,-0.2629619538784027,-0.6889958381652832,-0.2496114373207092,0.3367291688919067,-0.9006087183952332,-0.158513993024826,-0.3046644032001495,-0.8754650950431824,-0.3687199056148529,0.1066310554742813,0.0050807795487344,0.0160694513469934,-0.1068024262785911,-0.0057107117027044,-0.0149123212322592,0.0652887001633644,0.4270470440387726,0.0681620761752128,-0.0967439338564872,0.3821339905261993,0.0300108548253774,0.0831174850463867,0.7576549053192139,0.1911948174238205,-0.0902122035622596,0.7280261516571045,0.176214262843132,0
102,0.0233800783753395,-0.652967095375061,-0.2845745384693146,0.1596201062202453,-0.5171924829483032,-0.085053727030754,0.2784562110900879,-0.7026016116142273,-0.1014821529388427,-0.1400550901889801,-0.5234692692756653,-0.1472863554954528,-0.2646568417549133,-0.6892918348312378,-0.2373276054859161,0.3338052332401275,-0.899377167224884,-0.1618905961513519,-0.3084969818592071,-0.8775673508644104,-0.3474128544330597,0.1066794693470001,0.0048703593201935,0.0151185784488916,-0.1068511232733726,-0.0055027003400027,-0.0139701357111334,0.0666620060801506,0.4263289272785187,0.0649236291646957,-0.0968011170625686,0.3821524381637573,0.0312138833105564,0.0839840844273567,0.7561435699462891,0.1928710341453552,-0.0873657017946243,0.7271603941917419,0.1817957013845443,0
103,0.0235604494810104,-0.6525039076805115,-0.2842496335506439,0.1600720286369323,-0.5167237520217896,-0.0847705155611038,0.2807043492794037,-0.7011812329292297,-0.0989171415567398,-0.1401288658380508,-0.5238649845123291,-0.1466814875602722,-0.2647188603878021,-0.6924620866775513,-0.2345909923315048,0.3343223333358764,-0.8988842964172363,-0.157654270529747,-0.3084923326969147,-0.8831226825714111,-0.3449180722236633,0.1067270264029502,0.004856536630541,0.014729831367731,-0.1069025918841362,-0.005490206182003,-0.0135866329073905,0.0674753785133361,0.4259011149406433,0.0647652074694633,-0.0967058092355728,0.3818825185298919,0.0330584868788719,0.0854884907603263,0.7543107271194458,0.1942305713891983,-0.0891032516956329,0.7261727452278137,0.184259682893753,0
104,0.0240042749792337,-0.6525960564613342,-0.2853671610355377,0.1601121723651886,-0.5166709423065186,-0.0863108113408088,0.2806563079357147,-0.7009367346763611,-0.1007748618721962,-0.1400260478258133,-0.523806095123291,-0.1487251669168472,-0.2654620707035064,-0.6907305717468262,-0.2407714575529098,0.334565669298172,-0.8967399597167969,-0.1612515598535537,-0.310344785451889,-0.8785457015037537,-0.352935642004013,0.1067301332950592,0.0048634884878993,0.0145673593506217,-0.1069061532616615,-0.0054961978457868,-0.0134264854714274,0.0676003620028495,0.4256238937377929,0.0636353939771652,-0.0967147797346115,0.3818598687648773,0.0332831144332885,0.0839832723140716,0.7543939352035522,0.1942463219165802,-0.0880204290151596,0.7256753444671631,0.1847524940967559,0
105,0.0224930997937917,-0.6526778340339661,-0.2849203646183014,0.1583196520805359,-0.5174925923347473,-0.0860884860157966,0.2770347893238067,-0.7034728527069092,-0.1001590266823768,-0.1424505561590194,-0.5239844918251038,-0.1484746485948562,-0.2658990621566772,-0.6936049461364746,-0.2405336499214172,0.330876886844635,-0.897835373878479,-0.1582912057638168,-0.3101430237293243,-0.8825489282608032,-0.3517909348011017,0.1067507043480873,0.0048378123901784,0.0143691254779696,-0.1069280579686164,-0.0054697305895388,-0.0132362032309174,0.0670100897550582,0.4256820380687713,0.063642717897892,-0.09744443744421,0.3817548155784607,0.0336592309176921,0.0831947848200798,0.7545915842056274,0.1942487359046936,-0.0912011265754699,0.7250317931175232,0.184772789478302,0
106,0.025304777547717,-0.652234673500061,-0.2927112579345703,0.1614260524511337,-0.5161725878715515,-0.091217003762722,0.2819064855575561,-0.7027397155761719,-0.1058161407709121,-0.1392790079116821,-0.523999810218811,-0.1553208231925964,-0.2648882269859314,-0.693612813949585,-0.2517498433589935,0.3342449367046356,-0.8977023959159851,-0.1655622124671936,-0.3090769648551941,-0.8835096955299377,-0.3665466010570526,0.1067588552832603,0.004859325941652,0.0143392253667116,-0.1069376915693283,-0.0054931202903389,-0.0132066495716571,0.06773292273283,0.4256713986396789,0.0645209625363349,-0.0961844772100448,0.3819883167743683,0.033853605389595,0.0832725465297699,0.7546159625053406,0.1951931416988372,-0.0903554633259773,0.7260105609893799,0.1847053468227386,0
107,0.021991753950715,-0.6538049578666687,-0.2850425839424133,0.1601683646440506,-0.5174449682235718,-0.0877504348754882,0.2805324792861938,-0.7049569487571716,-0.1014647483825683,-0.1407026350498199,-0.5238463282585144,-0.1475789695978164,-0.2667673230171203,-0.6926431059837341,-0.2379075288772583,0.334134429693222,-0.9023464918136596,-0.1595696210861206,-0.3098126053810119,-0.8834548592567444,-0.347198873758316,0.106757566332817,0.0048858751542866,0.014590535312891,-0.1069356799125671,-0.0055174585431814,-0.0134646240621805,0.0671692267060279,0.4259545505046844,0.0676566138863563,-0.0982123464345932,0.3814877569675445,0.0335193611681461,0.0851208642125129,0.7562099695205688,0.1952325701713562,-0.0908001586794853,0.7251533269882202,0.1831443160772323,0
108,0.0254500396549701,-0.6540139317512512,-0.2827803790569305,0.161113440990448,-0.5186039209365845,-0.0808828845620155,0.2810581028461456,-0.7052537798881531,-0.0905821099877357,-0.1393317580223083,-0.5250979065895081,-0.1477517187595367,-0.2640922963619232,-0.6936870813369751,-0.2403714060783386,0.3338603973388672,-0.9000311493873596,-0.1503437161445617,-0.3072633445262909,-0.8815646767616272,-0.3511894643306732,0.1067155450582504,0.004982007201761,0.015294081531465,-0.1068965271115303,-0.0056135188788175,-0.0141518767923116,0.0672719478607177,0.4259935617446899,0.0659676939249038,-0.0987740382552146,0.381527841091156,0.0294206421822309,0.0837474465370178,0.757354736328125,0.1900559663772583,-0.0923308432102203,0.7272876501083374,0.1707732528448104,0
109,0.0229911301285028,-0.6540688872337341,-0.2812397480010986,0.1583937853574752,-0.5198022723197937,-0.0808933675289154,0.2722752094268799,-0.7074997425079346,-0.0907361954450607,-0.1421068608760833,-0.5252187848091125,-0.1463850736618042,-0.2654503881931305,-0.6939054131507874,-0.2389941811561584,0.3270115554332733,-0.9011624455451964,-0.1505301892757415,-0.3089134991168976,-0.881563663482666,-0.3499402999877929,0.1067154929041862,0.004980644211173,0.0143287265673279,-0.1068975925445556,-0.0056100157089531,-0.0132010551169514,0.066305361688137,0.4258888363838196,0.0627071037888526,-0.0999161452054977,0.3812994360923767,0.0318319872021675,0.0831449329853057,0.756641685962677,0.1887264400720596,-0.0930579006671905,0.7257813215255737,0.1747023314237594,0
110,0.0321280658245086,-0.6530036926269531,-0.2882835268974304,0.1647813767194748,-0.5188186764717102,-0.08352892100811,0.28287073969841,-0.707310140132904,-0.0957488194108009,-0.1330769956111908,-0.5249281525611877,-0.1612163633108139,-0.2545116245746612,-0.6939550638198853,-0.2640264928340912,0.332404762506485,-0.8965632915496826,-0.1571057885885238,-0.3045095801353454,-0.8809849619865417,-0.3757584393024444,0.1065589785575866,0.005157055798918,0.0167661905288696,-0.1067459136247634,-0.0057842563837766,-0.0156237035989761,0.0672157108783721,0.4262809753417969,0.0639745444059372,-0.0956167131662368,0.3813403248786926,0.025468610227108,0.0829810351133346,0.7592646479606628,0.1877118051052093,-0.087375208735466,0.7284029126167297,0.1627902537584304,0
111,0.023546339944005,-0.6528216600418091,-0.2836419939994812,0.1589955538511276,-0.5178062319755554,-0.0791651755571365,0.279602438211441,-0.7018470168113708,-0.091472752392292,-0.1399801969528198,-0.5238844752311707,-0.1563204973936081,-0.2589583396911621,-0.6908567547798157,-0.2559240460395813,0.3323643207550049,-0.896745502948761,-0.1542589366436004,-0.3042421638965606,-0.8809592723846436,-0.3664553761482239,0.1064857020974159,0.0054124929010868,0.0168142244219779,-0.1066674217581749,-0.00603051437065,-0.0156843680888414,0.059964470565319,0.4286373853683471,0.0640472024679184,-0.0968164727091789,0.3804304301738739,0.0256885755807161,0.0788680464029312,0.7621473670005798,0.1859223693609237,-0.0890614688396453,0.7262799739837646,0.1639416515827179,0
112,0.0256939716637134,-0.6534537672996521,-0.265468955039978,0.1635688692331314,-0.5185890793800354,-0.0711961761116981,0.2793030142784118,-0.702082097530365,-0.0763188675045967,-0.1368092000484466,-0.5238938331604004,-0.1326564997434616,-0.2485222071409225,-0.6721537113189697,-0.2407421171665191,0.3440532982349396,-0.8979134559631348,-0.1319406628608703,-0.2941717207431793,-0.8533631563186646,-0.3678529560565948,0.1065167635679245,0.0054069575853645,0.0162986796349287,-0.1066968664526939,-0.0060230051167309,-0.0151484990492463,0.0684631541371345,0.4278753995895386,0.0637549683451652,-0.0949112698435783,0.3809171915054321,0.0261813849210739,0.0870133936405181,0.7621105909347534,0.1840697824954986,-0.0884274542331695,0.7310036420822144,0.1645817458629608,0
113,0.0175534151494503,-0.6528769731521606,-0.2661497294902801,0.1592081636190414,-0.5185165405273438,-0.0744707435369491,0.2751432657241821,-0.7021949291229248,-0.0876395180821418,-0.1404966861009597,-0.5220896601676941,-0.1338571012020111,-0.2558803260326385,-0.6734855771064758,-0.2364344745874405,0.3364567458629608,-0.900245189666748,-0.1475688219070434,-0.2991593182086944,-0.8551358580589294,-0.3584479093551636,0.1064524874091148,0.0055047497153282,0.0155452881008386,-0.1066271290183067,-0.0061129070818424,-0.0144218644127249,0.0657095834612846,0.4289565682411194,0.0602976493537426,-0.0990308597683906,0.3806358277797699,0.0263131503015756,0.0868137404322624,0.7644540071487427,0.1724872887134552,-0.0949427112936973,0.730919361114502,0.1635113209486007,0
114,0.0244861710816621,-0.6522027254104614,-0.2681832909584045,0.1623760759830474,-0.5176953077316284,-0.0743137300014495,0.2787555456161499,-0.7013315558433533,-0.0847864374518394,-0.13829205930233,-0.5225998163223267,-0.1368167996406555,-0.2503105401992798,-0.6743189692497253,-0.2420487403869629,0.3440941870212555,-0.8995509147644043,-0.1445929408073425,-0.2902920246124267,-0.8571304082870483,-0.368091732263565,0.1064591407775878,0.005536472890526,0.016001421958208,-0.1066354736685752,-0.0061479564756155,-0.0148529987782239,0.0668568313121795,0.4289566874504089,0.0627665221691131,-0.0967045277357101,0.3806476294994354,0.0246561802923679,0.0861680433154106,0.7636342644691467,0.1784427165985107,-0.0944939702749252,0.7312887907028198,0.1588795334100723,0
115,0.0245332717895507,-0.6491402983665466,-0.284886360168457,0.1612727344036102,-0.5153573155403137,-0.0881550312042236,0.2778956890106201,-0.697050929069519,-0.1080737188458442,-0.1382766515016555,-0.5225014686584473,-0.1480491608381271,-0.253974437713623,-0.6863048672676086,-0.2417476177215576,0.3356951773166656,-0.8888508677482605,-0.1732281297445297,-0.301774799823761,-0.8809153437614441,-0.3493301272392273,0.1064851656556129,0.005210414994508,0.0151647245511412,-0.1066634580492973,-0.0058248522691428,-0.0140349753201007,0.0670272633433342,0.428259402513504,0.0626702457666397,-0.0957723259925842,0.3825162053108215,0.0283906664699316,0.0861091539263725,0.7611883878707886,0.1814035922288894,-0.0912797749042511,0.7312568426132202,0.1723851412534713,0
116,0.0218732934445142,-0.6532386541366577,-0.2792490124702453,0.1583525687456131,-0.5186560153961182,-0.0789655297994613,0.2759912610054016,-0.7049580216407776,-0.0920649245381355,-0.1424074470996856,-0.5230278968811035,-0.1474249064922332,-0.2598194777965545,-0.6906415820121765,-0.2436441928148269,0.3319469392299652,-0.8982725143432617,-0.1530977338552475,-0.3018718063831329,-0.8804959654808044,-0.3534504473209381,0.1064801514148712,0.0051394440233707,0.0156607516109943,-0.1066601127386093,-0.0057512992061674,-0.0145358396694064,0.0668222084641456,0.4271974265575409,0.0628842413425445,-0.0959945023059845,0.381498634815216,0.0278569627553224,0.0839499533176422,0.7589738368988037,0.1828200072050094,-0.0916366130113601,0.7285176515579224,0.1718632131814956,0
117,0.0303176827728748,-0.6532202363014221,-0.2818858325481415,0.1653665900230407,-0.5184811949729919,-0.0790720805525779,0.2813214957714081,-0.7054157257080078,-0.0920320525765419,-0.1360193938016891,-0.5230754017829895,-0.1550195962190628,-0.2535997629165649,-0.6942033767700195,-0.2587383687496185,0.3343169093132019,-0.897063136100769,-0.1519331336021423,-0.2967632412910461,-0.8845944404602051,-0.3698168396949768,0.1065355837345123,0.0051674162968993,0.0170625820755958,-0.1067219898104667,-0.0057806130498647,-0.0159360766410827,0.0687626674771308,0.4271813631057739,0.0632077455520629,-0.0959309935569763,0.3813731968402862,0.0249732919037342,0.0824664756655693,0.7592688202857971,0.1829298734664917,-0.0917736440896987,0.7284107208251953,0.1663332134485244,0
118,0.0194152165204286,-0.6545210480690002,-0.2670211791992187,0.1596682220697403,-0.5198402404785156,-0.0738937333226203,0.2800046503543854,-0.7055716514587402,-0.085910178720951,-0.1436494588851928,-0.5237215161323547,-0.1276173144578933,-0.2624066174030304,-0.6940953135490417,-0.2131849974393844,0.3337011039257049,-0.899488091468811,-0.1432257443666458,-0.3041594922542572,-0.8859663605690002,-0.3218248188495636,0.1064507588744163,0.005252132192254,0.0133650237694382,-0.1066290065646171,-0.0058608665131032,-0.0122598586603999,0.0685097277164459,0.4269154667854309,0.0600046515464782,-0.0994458347558975,0.3806985020637512,0.0332731828093528,0.0899731814861297,0.7596493363380432,0.1787455677986145,-0.0937570706009864,0.7276296019554138,0.1716480255126953,0
119,0.0239304080605506,-0.6519430875778198,-0.2786464989185333,0.1641485542058944,-0.5177209377288818,-0.0815018638968467,0.2805016040802002,-0.7031809091567993,-0.093143805861473,-0.1385767310857772,-0.5230675935745239,-0.1405890733003616,-0.2550987005233764,-0.6883114576339722,-0.2347465902566909,0.3358998894691467,-0.8985742926597595,-0.1496676206588745,-0.299371987581253,-0.8811122179031372,-0.3511258661746979,0.1065526902675628,0.0052769393660128,0.0132961515337228,-0.1067389771342277,-0.0058869295753538,-0.0121836876496672,0.0698404684662818,0.4268829524517059,0.0564915090799331,-0.0970765426754951,0.3812032341957092,0.0328761003911495,0.0865817889571189,0.7596598267555237,0.1731031835079193,-0.0927290096879005,0.7300377488136292,0.1673380881547927,0
120,0.0193354841321706,-0.6542701721191406,-0.2789455652236938,0.161967471241951,-0.5174857974052429,-0.0841220989823341,0.2803964614868164,-0.7031899690628052,-0.1005263179540634,-0.1402908563613891,-0.5230061411857605,-0.1409016847610473,-0.2602179646492004,-0.6891229152679443,-0.2336791753768921,0.3359259366989136,-0.9070450663566588,-0.158773586153984,-0.3002042174339294,-0.8826776146888733,-0.345186173915863,0.1065385937690734,0.0053521743975579,0.0130993286147713,-0.1067234128713607,-0.0059580137021839,-0.0120009649544954,0.0628559961915016,0.4274347722530365,0.0586240850389003,-0.0976209118962287,0.38114133477211,0.0352879762649536,0.0849029645323753,0.7614166140556335,0.1778455227613449,-0.0884243994951248,0.7278940677642822,0.1783389002084732,0
121,0.0194193609058856,-0.6527383327484131,-0.2802108824253082,0.1612094491720199,-0.5169983506202698,-0.0868595242500305,0.2765364944934845,-0.7022272944450378,-0.1012796685099601,-0.140797957777977,-0.523082435131073,-0.1408952325582504,-0.2605147957801819,-0.6833464503288269,-0.2336339354515075,0.3370584845542907,-0.9048413038253784,-0.1607298702001571,-0.3007896542549133,-0.8747873306274414,-0.3484755754470825,0.1065924987196922,0.0052884514443576,0.0120092388242483,-0.1067762151360511,-0.0058992160484194,-0.0108684878796339,0.064486488699913,0.4265034198760986,0.0580841600894928,-0.0989660546183586,0.3816987872123718,0.036550972610712,0.0849186778068542,0.7602172493934631,0.1781031191349029,-0.0903652980923652,0.7293305993080139,0.1786476075649261,0
122,0.0188981741666793,-0.6486876010894775,-0.2885706722736358,0.1604713499546051,-0.5137245655059814,-0.0973805859684944,0.274797111749649,-0.6997553110122681,-0.1205764710903167,-0.1408299952745437,-0.5200001001358032,-0.1433410346508026,-0.2636195123195648,-0.6781020760536194,-0.2366310954093933,0.3318282067775726,-0.9017769694328308,-0.1844655126333236,-0.3086157739162445,-0.8700515031814575,-0.3549401462078094,0.1066135838627815,0.0051505556330084,0.0097294328734278,-0.1068009659647941,-0.0057627176865935,-0.0085966316983103,0.0644067451357841,0.4261221289634704,0.0576129630208015,-0.1011639684438705,0.3839417994022369,0.0382523089647293,0.0808156505227088,0.7590810060501099,0.1765739321708679,-0.1004164367914199,0.7345752716064453,0.1783386766910553,0
123,0.0175288170576095,-0.6542741060256958,-0.2601768970489502,0.1595954000949859,-0.5167223811149597,-0.0667066127061843,0.2759850025177002,-0.7029900550842285,-0.0770655944943428,-0.1432402431964874,-0.5213702917098999,-0.1226005479693412,-0.2655262351036072,-0.6852094531059265,-0.2157603651285171,0.3310132920742035,-0.9033074975013732,-0.1332481354475021,-0.30840003490448,-0.8753911256790161,-0.3307600617408752,0.106622613966465,0.0050943177193403,0.0106484275311231,-0.1068106815218925,-0.0057042762637138,-0.0095295440405607,0.0650679618120193,0.4261360168457031,0.0576839782297611,-0.1008388176560401,0.3829894661903381,0.0344214290380477,0.0826727375388145,0.7592189311981201,0.1818544715642929,-0.0971889346837997,0.7320280075073242,0.1764095276594162,0
124,0.0177827067673206,-0.6510888934135437,-0.272455483675003,0.1596796214580536,-0.5145994424819946,-0.0802015736699104,0.2753570973873138,-0.6998735666275024,-0.0941911563277244,-0.1424410790205001,-0.5191912651062012,-0.1274071335792541,-0.2640543282032013,-0.6748583912849426,-0.2184344977140426,0.3329357504844665,-0.903238832950592,-0.1486230790615081,-0.3082493245601654,-0.8712096214294434,-0.3375279009342193,0.1067622154951095,0.0050216629169881,0.0106795309111475,-0.1069446578621864,-0.0056379102170467,-0.0095564452931284,0.0651062652468681,0.4263093471527099,0.058766134083271,-0.1007529720664024,0.3831063508987427,0.034587237983942,0.0816767737269401,0.7577875852584839,0.189320757985115,-0.0938669964671135,0.7310141921043396,0.1802129745483398,0
125,0.0158866755664348,-0.6547414064407349,-0.2671607434749603,0.1584700942039489,-0.5171790719032288,-0.0752934142947197,0.2752107977867126,-0.7053496837615967,-0.0855179503560066,-0.1440269201993942,-0.5201951861381531,-0.1271292716264724,-0.2653097510337829,-0.6837289333343506,-0.2201547920703888,0.3313099145889282,-0.9067686200141908,-0.1369847059249878,-0.307163268327713,-0.8757328987121582,-0.3382819890975952,0.1067838370800018,0.0050035477615892,0.0108276270329952,-0.1069672182202339,-0.0056184604763984,-0.0097123831510543,0.0653029307723045,0.4262458980083465,0.0583049468696117,-0.1010885909199714,0.3821220993995666,0.0346458368003368,0.0864623114466667,0.7574638724327087,0.191483661532402,-0.093799315392971,0.7268602848052979,0.183495819568634,0
126,0.0159475654363632,-0.6529167294502258,-0.2795805633068084,0.1585574299097061,-0.5152796506881714,-0.0897076427936554,0.272003173828125,-0.6996386051177979,-0.1065343543887138,-0.1432723701000213,-0.51837557554245,-0.1308004856109619,-0.2655756175518036,-0.675262987613678,-0.2208666652441024,0.3297546207904815,-0.9012942910194396,-0.1647296696901321,-0.3091908991336822,-0.8730575442314148,-0.3417643904685974,0.1070572063326835,0.0047205118462443,0.0102788396179676,-0.1072302460670471,-0.0053518288768827,-0.0091368267312645,0.0729512497782707,0.4245928525924682,0.0580957606434822,-0.1011996492743492,0.3822601437568664,0.0375297740101814,0.0886310040950775,0.7531489133834839,0.1923371255397796,-0.0936347991228103,0.7257416844367981,0.191671222448349,0
127,0.0157722905278205,-0.6543883681297302,-0.2713074088096618,0.1583461314439773,-0.5170251727104187,-0.0784107819199562,0.275780439376831,-0.7035852074623108,-0.0877393037080764,-0.1439278572797775,-0.5222973823547363,-0.1302831470966339,-0.2655214965343475,-0.6809549331665039,-0.2225764095783233,0.3379078507423401,-0.903307855129242,-0.1464961469173431,-0.3060113489627838,-0.8733496069908142,-0.3479512333869934,0.1070982962846756,0.0046996055170893,0.0106575516983866,-0.1072742119431495,-0.005330859683454,-0.0095135644078254,0.0740164965391159,0.4245280921459198,0.058167029172182,-0.0992677062749862,0.3822818696498871,0.0368854328989982,0.0915096625685691,0.7532426714897156,0.1973766535520553,-0.0907569304108619,0.7257630825042725,0.1910949349403381,0
128,0.0167237948626279,-0.6507160067558289,-0.2832297086715698,0.1588400602340698,-0.5142973065376282,-0.0889407768845558,0.2740550935268402,-0.6974694728851318,-0.0992348194122314,-0.1413581520318985,-0.5200567245483398,-0.136861577630043,-0.2625035643577575,-0.6701905131340027,-0.2280490547418594,0.3376834988594055,-0.9012336730957032,-0.1572664231061935,-0.3038328289985657,-0.8660232424736023,-0.3557062745094299,0.1071685776114463,0.0046140281483531,0.0106457443907856,-0.10734374076128,-0.0052548148669302,-0.0094952005892992,0.0745690092444419,0.4245215952396393,0.0621547549962997,-0.0992502123117446,0.3832485675811767,0.038738626986742,0.0931360945105552,0.7520358562469482,0.2012448459863662,-0.0910130143165588,0.726719319820404,0.1941985338926315,0
129,0.0113250249996781,-0.6506784558296204,-0.283356249332428,0.154027909040451,-0.5145964026451111,-0.0904999151825904,0.2709783017635345,-0.697559654712677,-0.1032051369547844,-0.145456314086914,-0.520117461681366,-0.1369917541742324,-0.2678548693656921,-0.6728406548500061,-0.2258363664150238,0.3346292078495025,-0.9009329676628112,-0.162077397108078,-0.3135941922664642,-0.8704768419265747,-0.3468312621116638,0.1071899905800819,0.0045470651239156,0.0101167252287268,-0.107365071773529,-0.0051867277361452,-0.0089752813801169,0.0745715871453285,0.4242017567157745,0.062439527362585,-0.0994892641901969,0.3832556307315826,0.0409730374813079,0.0958769917488098,0.7518205642700195,0.2008968889713287,-0.0910206511616706,0.7260097861289978,0.1959844082593917,0
130,0.021570436656475,-0.648845911026001,-0.2930823564529419,0.1606013774871826,-0.5136988162994385,-0.0930146872997284,0.2799229025840759,-0.6976867914199829,-0.1062553226947784,-0.1393381953239441,-0.5205917954444885,-0.1539591699838638,-0.2625060677528381,-0.6873355507850647,-0.23896524310112,0.3381163775920868,-0.8990738391876221,-0.1650619059801101,-0.3097055852413177,-0.8848181366920471,-0.3470510840415954,0.1072102114558219,0.0045483601279556,0.0117293633520603,-0.1073863580822944,-0.0051892977207899,-0.0105826146900653,0.0765304416418075,0.4250305891036987,0.0625054985284805,-0.0966797620058059,0.3834643065929413,0.0361745171248912,0.0958784744143486,0.7546336054801941,0.1988097727298736,-0.0903627648949623,0.728061318397522,0.1849818527698516,0
131,0.0188803225755691,-0.6522303819656372,-0.2843803763389587,0.1590948700904846,-0.5158836841583252,-0.0892538502812385,0.2796159982681274,-0.6979951858520508,-0.102021113038063,-0.1426846385002136,-0.522882878780365,-0.1420067995786667,-0.2670955955982208,-0.6889471411705017,-0.2251729369163513,0.3387441039085388,-0.8988372087478638,-0.162529170513153,-0.3115095794200897,-0.8849039673805237,-0.3361062109470367,0.1071587055921554,0.0046252747997641,0.010099533945322,-0.1073333024978637,-0.0052598612383008,-0.0089793615043163,0.0740687623620033,0.4249477684497833,0.0617831051349639,-0.0974457412958145,0.3833700716495514,0.0412428118288517,0.09649208933115,0.7555403113365173,0.1923259496688842,-0.0904149264097213,0.7279820442199707,0.187467336654663,0
132,0.019187269732356,-0.655589759349823,-0.266449362039566,0.1645169109106063,-0.5183940529823303,-0.0853854119777679,0.2823505103588104,-0.7024871706962585,-0.1012763530015945,-0.1399669051170349,-0.5247569680213928,-0.114443726837635,-0.263380229473114,-0.6870033740997314,-0.2043852061033249,0.3386759757995605,-0.9036444425582886,-0.1594568341970443,-0.3086952865123749,-0.8759002685546875,-0.3311799168586731,0.1071206331253051,0.0047231074422597,0.006437917239964,-0.1072895303368568,-0.005350683350116,-0.0053266678005456,0.0745659098029136,0.4230193793773651,0.0580177083611488,-0.0981214419007301,0.3833154737949371,0.0466969572007656,0.0958872139453888,0.7554931044578552,0.1827625632286071,-0.0908051878213882,0.7292048931121826,0.1893414556980133,0
133,0.0193196237087249,-0.6556762456893921,-0.2672660648822784,0.1642823219299316,-0.5176143646240234,-0.085467480123043,0.2822683751583099,-0.7010731101036072,-0.1012546494603157,-0.1416620463132858,-0.5266213417053223,-0.1172889620065689,-0.2694650888442993,-0.7045207023620605,-0.1988483518362045,0.3388595283031463,-0.905676543712616,-0.1585769802331924,-0.3086639642715454,-0.9125038385391236,-0.2969383001327514,0.1071774214506149,0.0047660106793046,0.0055742221884429,-0.1073470264673233,-0.005394522100687,-0.0045028794556856,0.0740670412778854,0.4227344393730163,0.0572286918759346,-0.0980420485138893,0.3829998970031738,0.0534669309854507,0.0978610515594482,0.7543543577194214,0.1853101700544357,-0.087985448539257,0.7246284484863281,0.2085941135883331,0
134,0.0197448525577783,-0.654259979724884,-0.2774590253829956,0.1635304689407348,-0.5176252722740173,-0.0895753130316734,0.2767540514469147,-0.7017765641212463,-0.1018596738576889,-0.139091670513153,-0.5266008377075195,-0.1336721926927566,-0.2575551271438598,-0.6962706446647644,-0.2337958961725235,0.3396502137184143,-0.9036943316459656,-0.1594900041818618,-0.2968041598796844,-0.8954616785049438,-0.3653588593006134,0.1069527342915535,0.0046861683949828,0.0057026888243854,-0.1071195602416992,-0.0053182588890194,-0.0046152425929903,0.0773020833730697,0.421125054359436,0.0579474084079265,-0.0939024165272712,0.383684903383255,0.0533899813890457,0.0994860008358955,0.7528147101402283,0.1859647333621978,-0.08794766664505,0.725434422492981,0.2073574811220169,0
135,0.0175164844840765,-0.6540384888648987,-0.2772051692008972,0.1601210385560989,-0.5184703469276428,-0.0882464051246643,0.2744101881980896,-0.7050721645355225,-0.1000059470534324,-0.1428784132003784,-0.5260829329490662,-0.1336809247732162,-0.2648290991783142,-0.6918801665306091,-0.2321844100952148,0.3322431445121765,-0.9045701026916504,-0.1554074883460998,-0.3058469295501709,-0.8786595463752747,-0.3626607358455658,0.106954701244831,0.0047035943716764,0.0068612010218203,-0.1071214228868484,-0.0053333956748247,-0.0057507799938321,0.0767092332243919,0.4214125871658325,0.0570802092552185,-0.0995400995016098,0.382062554359436,0.0449637249112129,0.0936315134167671,0.7538943290710449,0.1830351650714874,-0.0928662493824958,0.7246325016021729,0.1897118687629699,0
136,0.0246578939259052,-0.6518204212188721,-0.2965353429317474,0.164960891008377,-0.5156412124633789,-0.0992620885372161,0.2778536677360534,-0.6999044418334961,-0.1161009147763252,-0.1372491121292114,-0.5243834257125854,-0.1573761105537414,-0.257224977016449,-0.6858261227607727,-0.2636032104492187,0.3332244157791137,-0.8966193795204163,-0.1769975125789642,-0.3015382587909698,-0.8754501938819885,-0.3926355242729187,0.1070210188627243,0.0047534992918372,0.0071683567948639,-0.1071931049227714,-0.0053850705735385,-0.0060529019683599,0.0766554400324821,0.4212447702884674,0.0562717914581298,-0.0966241881251335,0.3821482360363006,0.0434208400547504,0.0888655260205268,0.7541802525520325,0.1770751029253006,-0.0902672186493873,0.7257505059242249,0.1835847198963165,0
137,0.0127342464402318,-0.6565070152282715,-0.2797417342662811,0.1580075025558471,-0.5205379724502563,-0.0891138985753059,0.2756175696849823,-0.7067121863365173,-0.1026576459407806,-0.1473039090633392,-0.5250817537307739,-0.1378104537725448,-0.2706834971904754,-0.6923779249191284,-0.2230714559555053,0.3287010192871094,-0.9021541476249696,-0.1597635298967361,-0.3109479248523712,-0.8820452690124512,-0.3311487734317779,0.1070175543427467,0.0047122170217335,0.0071578091010451,-0.1071896702051162,-0.0053390515968203,-0.0060447435826063,0.0767490193247795,0.4210070669651031,0.0567403770983219,-0.0987187102437019,0.3813654780387878,0.0441679134964942,0.0975118204951286,0.7541260719299316,0.1775540560483932,-0.0905176624655723,0.7246524691581726,0.1849890053272247,0
138,0.0273652672767639,-0.6528587937355042,-0.2924396395683288,0.1654092222452163,-0.5187804102897644,-0.0967767983675003,0.2810804545879364,-0.7059922218322754,-0.1150039434432983,-0.1391224414110183,-0.5250815153121948,-0.1519402116537094,-0.2654147744178772,-0.6946438550949097,-0.2419773042201995,0.3289669454097748,-0.8945650458335876,-0.1743824779987335,-0.305819034576416,-0.8830846548080444,-0.3471449613571167,0.1070208400487899,0.004686142783612,0.007224244531244,-0.1071956232190132,-0.0053128963336348,-0.0061032120138406,0.0768566280603408,0.4210450947284698,0.0531496554613113,-0.0938968434929847,0.3830741941928863,0.0427131094038486,0.0950233936309814,0.7546902298927307,0.1710307896137237,-0.0900019034743309,0.7311780452728271,0.1782910823822021,0
139,0.0232247356325387,-0.6560922861099243,-0.2695624530315399,0.1608542054891586,-0.5219184756278992,-0.077176809310913,0.2784430682659149,-0.7073356509208679,-0.0866052135825157,-0.1432374268770218,-0.5266799330711365,-0.1319682300090789,-0.2658796012401581,-0.6952032446861267,-0.2225786596536636,0.3291842341423034,-0.8967701196670532,-0.1441492885351181,-0.3050668835639953,-0.8840585947036743,-0.3344363868236542,0.1068959534168243,0.0047693569213151,0.0073836133815348,-0.1070598885416984,-0.0053930329158902,-0.0062594451010227,0.0754986107349395,0.4209812581539154,0.0533713102340698,-0.0944604128599166,0.3813451528549194,0.0424659214913845,0.0971100777387619,0.7548383474349976,0.1716290116310119,-0.0841084718704223,0.728399395942688,0.1789941638708114,0
140,0.0237394291907548,-0.6560360789299011,-0.2812215685844421,0.161858782172203,-0.5210676789283752,-0.090825617313385,0.2784033119678497,-0.7069981098175049,-0.1071421056985855,-0.1430171877145767,-0.5271914005279541,-0.1371098905801773,-0.2667222619056701,-0.7139105200767517,-0.2229757308959961,0.3262709975242615,-0.8943743109703064,-0.1617822051048278,-0.3078235685825348,-0.9059084057807922,-0.3259525299072265,0.107019156217575,0.0044752638787031,0.0069561628624796,-0.1071879640221595,-0.0050971345044672,-0.0058464179746806,0.076048843562603,0.4209052920341491,0.0560914352536201,-0.0953306332230568,0.3813517093658447,0.0514501631259918,0.094257541000843,0.7514353394508362,0.1933356374502182,-0.0866842567920684,0.7236688137054443,0.2097356915473938,0
141,0.0138603523373603,-0.6560111045837402,-0.2825517058372497,0.1581899523735046,-0.5209925174713135,-0.095476433634758,0.2743192911148071,-0.7074564695358276,-0.1124212443828582,-0.1448784917593002,-0.5263897180557251,-0.1372650265693664,-0.2722411751747131,-0.708148717880249,-0.2181264907121658,0.3253675103187561,-0.897696852684021,-0.169323444366455,-0.3155217468738556,-0.9030153751373292,-0.3221414685249328,0.1070296019315719,0.0044423299841582,0.00647256616503,-0.107198528945446,-0.0050655254162848,-0.0053654070943593,0.0776782035827636,0.4198667109012604,0.0570495761930942,-0.0956895276904106,0.3812529146671295,0.0534900985658168,0.097706638276577,0.7487794160842896,0.1962700933218002,-0.0867246240377426,0.7203993797302246,0.2142007499933242,0
142,0.0147873573005199,-0.6587574481964111,-0.2601940929889679,0.1611402481794357,-0.5223435163497925,-0.0796882510185241,0.2753002047538757,-0.7096115946769714,-0.0958448126912117,-0.1434777826070785,-0.5263530015945435,-0.1131963804364204,-0.2689560055732727,-0.6939817070960999,-0.2105640023946762,0.3250932395458221,-0.8985304236412048,-0.1512897312641143,-0.310304582118988,-0.8803845643997192,-0.3284295797348022,0.1070766448974609,0.0042947302572429,0.0060169282369315,-0.107246309518814,-0.0049165845848619,-0.0048908209428191,0.0783459022641182,0.4194669425487518,0.05498618632555,-0.0957627445459365,0.3816421926021576,0.0526701882481575,0.1023674607276916,0.7488113045692444,0.1944053620100021,-0.0867620706558227,0.7243565320968628,0.209105297923088,0
143,0.0145872617140412,-0.6602051258087158,-0.248025968670845,0.1599687188863754,-0.5252609848976135,-0.0654421001672744,0.2762376964092254,-0.7120782136917114,-0.0838562250137329,-0.1481522023677826,-0.5281482934951782,-0.1015633642673492,-0.2774842977523803,-0.7057543396949768,-0.164967343211174,0.3177272975444793,-0.9015179872512816,-0.1386214047670364,-0.3186043798923492,-0.9022837281227112,-0.2467304170131683,0.1071140393614769,0.0042494367808103,0.0060073221102356,-0.1072841510176658,-0.0048681921325623,-0.0048824222758412,0.0757264122366905,0.4195647239685058,0.0523211658000946,-0.0971576571464538,0.3807681798934936,0.0482739843428134,0.0964487865567207,0.7521360516548157,0.187945157289505,-0.087277702987194,0.7226323485374451,0.1994599401950836,0
144,0.020150838419795,-0.6577909588813782,-0.2836858630180359,0.1614231467247009,-0.52053302526474,-0.0893428325653076,0.2761464715003967,-0.7069222331047058,-0.1067947298288345,-0.1412537693977356,-0.5280205011367798,-0.1429591923952102,-0.2648621499538421,-0.6973668336868286,-0.2307768315076828,0.3312635123729706,-0.9015218019485474,-0.1731172949075698,-0.3033329546451568,-0.8915354609489441,-0.3423534035682678,0.1071323901414871,0.004212871659547,0.006502485834062,-0.1073070764541626,-0.004836534615606,-0.0053600394167006,0.0763363167643547,0.4195563495159149,0.0602569878101348,-0.0931138098239898,0.3833902776241302,0.0488815084099769,0.0969142317771911,0.7490973472595215,0.2009155452251434,-0.0855215191841125,0.7263083457946777,0.204374760389328,0
145,0.0155809950083494,-0.6576961874961853,-0.2860512435436249,0.1571363657712936,-0.5204163193702698,-0.0929278060793876,0.2719420790672302,-0.7066945433616638,-0.1127722635865211,-0.1424985378980636,-0.5277401804924011,-0.1484118551015854,-0.2640075087547302,-0.6855733394622803,-0.2432982772588729,0.3322709202766418,-0.9032233953475952,-0.1845498979091644,-0.3035949766635895,-0.873535692691803,-0.3654238581657409,0.1070816218852996,0.0043269428424537,0.00722640985623,-0.1072547733783721,-0.0049458127468824,-0.0060798251070082,0.0736295506358146,0.4199240803718567,0.0621463730931282,-0.0914222374558448,0.3833068609237671,0.0467186421155929,0.0946767479181289,0.7526121735572815,0.2000580877065658,-0.0772115960717201,0.7262665033340454,0.2007252424955368,0
146,0.0157745350152254,-0.6582975387573242,-0.2840752899646759,0.1568366140127182,-0.5205630660057068,-0.0865302011370658,0.270428329706192,-0.7080686688423157,-0.0985156968235969,-0.1425087004899978,-0.5276734828948975,-0.1469084620475769,-0.2641110122203827,-0.6866816282272339,-0.2415968179702758,0.3325870633125305,-0.9058718085289,-0.1631875187158584,-0.3027025163173675,-0.8743259906768799,-0.3585497140884399,0.1071062013506889,0.0041681029833853,0.0116846654564142,-0.1072782650589943,-0.0047960574738681,-0.0104861846193671,0.0756635442376136,0.4196688234806061,0.0711826980113983,-0.0915126800537109,0.3831965625286102,0.0431333221495151,0.0946956127882003,0.7457486391067505,0.2187341898679733,-0.0792863368988037,0.7240594625473022,0.2019824683666229,0
147,0.0162335895001888,-0.6539513468742371,-0.2923138439655304,0.1569979637861251,-0.5156030654907227,-0.0934530794620513,0.2708343863487243,-0.6991731524467468,-0.1065005213022232,-0.1418483406305313,-0.5264326930046082,-0.1537694931030273,-0.263370007276535,-0.6845600008964539,-0.2474141120910644,0.3369278609752655,-0.900652289390564,-0.1730028092861175,-0.3014194369316101,-0.8733602166175842,-0.3660188019275665,0.1071506813168525,0.0041346317157149,0.0117290923371911,-0.1073248758912086,-0.0047685578465461,-0.010524689219892,0.0781957134604454,0.4194409251213074,0.0709310621023178,-0.0911822840571403,0.3829654455184936,0.0444891676306724,0.0962752625346183,0.7418162226676941,0.2271035015583038,-0.0807428956031799,0.7196817398071289,0.2152488082647323,0
148,0.0156988091766834,-0.6494019031524658,-0.297895073890686,0.1531278192996978,-0.5151783227920532,-0.0956617146730423,0.2651352286338806,-0.6973392963409424,-0.1091303378343582,-0.142850175499916,-0.5244908332824707,-0.165620818734169,-0.2610442042350769,-0.6818557977676392,-0.2701348066329956,0.3357231318950653,-0.8920732736587524,-0.1760979741811752,-0.2969026863574981,-0.8714284896850586,-0.395456463098526,0.1071714907884597,0.0037488762754946,0.0130435433238744,-0.1073450222611427,-0.004392865113914,-0.0117929717525839,0.0786274075508117,0.4196130335330963,0.0706854835152626,-0.0890807658433914,0.383402943611145,0.0384524390101432,0.0981872826814651,0.7420510649681091,0.2246092557907104,-0.0789134725928306,0.7197918891906738,0.2083855718374252,0
149,0.0177215337753295,-0.6493120789527893,-0.296837568283081,0.157242015004158,-0.5152373909950256,-0.0975216478109359,0.2686331868171692,-0.6976227164268494,-0.1129065752029419,-0.1386052668094635,-0.5242696404457092,-0.1646514385938644,-0.2516097128391266,-0.6744218468666077,-0.2682102024555206,0.3360227346420288,-0.8923396468162537,-0.1827139854431152,-0.2901977002620697,-0.8652927279472351,-0.3871109187602997,0.107015736401081,0.0037471149116754,0.0122818006202578,-0.1072001755237579,-0.0043890755623579,-0.0110393753275275,0.0790232568979263,0.4199827015399933,0.0656380429863929,-0.0872393995523452,0.3843933641910553,0.0382091477513313,0.0981837660074234,0.7500802874565125,0.1903711408376693,-0.0805686712265014,0.7306461930274963,0.1873212903738021,0
150,0.0160671453922987,-0.6506934762001038,-0.2916045486927032,0.152262732386589,-0.5186512470245361,-0.0909646824002265,0.2687092423439026,-0.7031033039093018,-0.1082843765616417,-0.1473097205162048,-0.5253350734710693,-0.1606255769729614,-0.270930141210556,-0.6931137442588806,-0.2400858849287033,0.3283956944942474,-0.8935487270355225,-0.1771866381168365,-0.3110692799091339,-0.8829767107963562,-0.3274544179439544,0.1070186793804168,0.0036487290635704,0.0138995675370097,-0.1072022095322609,-0.0042840489186346,-0.0126900784671306,0.0791422575712204,0.4202500283718109,0.0702640935778617,-0.092862382531166,0.3831306099891662,0.0357375107705593,0.0984133407473564,0.7506488561630249,0.1923820823431015,-0.0873534604907035,0.726952314376831,0.1846368312835693,0
151,0.0245489440858364,-0.6514955759048462,-0.2779441177845001,0.1621184796094894,-0.5185475945472717,-0.077579028904438,0.2781018614768982,-0.7028845548629761,-0.0861108750104904,-0.1383481621742248,-0.5253976583480835,-0.1453205049037933,-0.2543919682502746,-0.6909275054931641,-0.2309436947107315,0.3427916467189789,-0.8967023491859436,-0.1474092900753021,-0.2876807749271393,-0.8825991749763489,-0.3315186202526092,0.1070713698863983,0.0036529842764139,0.0150288790464401,-0.1072596609592437,-0.0042913453653454,-0.0138177787885069,0.0810558050870895,0.4202806651592254,0.0704177692532539,-0.0925337821245193,0.3833529055118561,0.0305770058184862,0.0977893397212028,0.7518975138664246,0.1931187957525253,-0.0868270546197891,0.728792667388916,0.1765515506267547,0
152,0.0226672757416963,-0.6499584317207336,-0.2788766026496887,0.1614847928285598,-0.5170505046844482,-0.0825801417231559,0.2795587480068207,-0.701646625995636,-0.1000118851661682,-0.1387117207050323,-0.5255632996559143,-0.1438942104578018,-0.254669040441513,-0.6847230792045593,-0.2302733361721038,0.3421249389648437,-0.8969034552574158,-0.1713321655988693,-0.2916842103004455,-0.8681154847145081,-0.3370471000671386,0.1070343106985092,0.0037919974420219,0.0134464493021368,-0.1072219461202621,-0.0044216006062924,-0.0122523866593837,0.0797622725367546,0.4204602837562561,0.0610823296010494,-0.0912161171436309,0.3833484649658203,0.0302783511579036,0.0981191545724868,0.7549817562103271,0.1759451031684875,-0.0786258280277252,0.7318213582038879,0.1681293845176696,0
153,0.0229173172265291,-0.6499670147895813,-0.2782686054706573,0.1616784483194351,-0.5169121026992798,-0.0799785181879997,0.286746084690094,-0.700918436050415,-0.0970517843961715,-0.1385236829519271,-0.5245106220245361,-0.1427933424711227,-0.2547034919261932,-0.68245530128479,-0.2266667783260345,0.3419683873653412,-0.8962692618370056,-0.1669633239507675,-0.2951245009899139,-0.8669905662536621,-0.3338824510574341,0.1069913730025291,0.0038923844695091,0.0154450805857777,-0.107179120182991,-0.0045136008411645,-0.0142479417845606,0.076139211654663,0.42481729388237,0.0608423762023448,-0.0895365476608276,0.3831007182598114,0.012936889193952,0.0952907279133796,0.7620480060577393,0.172991394996643,-0.0788013637065887,0.734239399433136,0.1423487812280655,0
154,0.0238312780857086,-0.650172233581543,-0.2780420482158661,0.1619333326816558,-0.5150634050369263,-0.0795198604464531,0.2875217795372009,-0.6984859704971313,-0.0971999168395996,-0.1379584968090057,-0.5244793891906738,-0.1422487795352935,-0.2548139095306396,-0.6834477186203003,-0.2249710410833358,0.3482906520366668,-0.8955510258674622,-0.166963055729866,-0.301799476146698,-0.8718541264533997,-0.3309899270534515,0.1069937050342559,0.0039301430806517,0.0173745341598987,-0.1071804612874984,-0.0045480332337319,-0.0161905065178871,0.0780397430062294,0.4247781634330749,0.0616547539830207,-0.0840663760900497,0.382215678691864,0.003007426392287,0.0985233783721923,0.7617998123168945,0.1752381473779678,-0.0742143243551254,0.7340901494026184,0.1339251101016998,0
155,0.0238007884472608,-0.6469605565071106,-0.2889541983604431,0.1611174643039703,-0.5144920945167542,-0.0882040038704872,0.2884864509105682,-0.6995458602905273,-0.1107101738452911,-0.1384685486555099,-0.5221390724182129,-0.154413491487503,-0.2576318085193634,-0.6820038557052612,-0.2421952486038208,0.3462109565734863,-0.895438015460968,-0.1813600063323974,-0.3106285035610199,-0.8666953444480896,-0.3508135974407196,0.1069956198334693,0.0038391517009586,0.0178437791764736,-0.1071828082203865,-0.004447606857866,-0.0166542418301105,0.0787167027592659,0.4246546626091003,0.0590572543442249,-0.0827649757266044,0.38204225897789,0.0018575012218207,0.0985470935702323,0.7616235613822937,0.1696515530347824,-0.0725108459591865,0.7342191338539124,0.1336392015218734,0
156,0.0222934130579233,-0.6475680470466614,-0.2743695974349975,0.1610690206289291,-0.5144210457801819,-0.079033575952053,0.2891823649406433,-0.6988931894302368,-0.0966666787862777,-0.1386499255895614,-0.5221995115280151,-0.1308552920818328,-0.2576865553855896,-0.6851514577865601,-0.1835362762212753,0.3462172448635101,-0.9051342010498048,-0.1519564688205719,-0.3103823065757751,-0.884393572807312,-0.2626284062862396,0.1070526018738746,0.003807550529018,0.0188497323542833,-0.1072349250316619,-0.0044174469076097,-0.01769345626235,0.0861582979559898,0.4211932122707367,0.0693571493029594,-0.0825985148549079,0.3802434206008911,0.0019484375370666,0.1078018397092819,0.7573535442352295,0.1825895458459854,-0.0737604424357414,0.726819634437561,0.1365533769130706,0
157,0.0214896518737077,-0.6350341439247131,-0.3169886171817779,0.1610812991857528,-0.5024405717849731,-0.1230814084410667,0.2892058193683624,-0.6922383308410645,-0.1571095287799835,-0.1377292275428772,-0.5147982239723206,-0.1694091856479644,-0.2569448351860046,-0.6672253608703613,-0.252850204706192,0.3493607640266418,-0.9060404896736144,-0.2223511040210724,-0.3038228452205658,-0.8677017092704773,-0.3656109571456909,0.107210449874401,0.0037598642520606,0.0189156234264373,-0.1074008047580719,-0.0043702996335923,-0.0177576523274183,0.091043047606945,0.4185669422149658,0.0677423030138015,-0.0818328186869621,0.3791496455669403,-0.0041969949379563,0.1070955842733383,0.7516352534294128,0.1825550496578216,-0.0744272246956825,0.7256065011024475,0.1351235955953598,1
158,0.0202009733766317,-0.6330310702323914,-0.320613294839859,0.1610207706689834,-0.4998724460601806,-0.1284811645746231,0.2864376008510589,-0.690332293510437,-0.1621540486812591,-0.1367401182651519,-0.5115633606910706,-0.1725935041904449,-0.2528925538063049,-0.6624370813369751,-0.2584007978439331,0.349475234746933,-0.905908465385437,-0.2280018776655197,-0.2969724237918854,-0.8633808493614197,-0.3725404441356659,0.1073003411293029,0.0037260130047798,0.0188911017030477,-0.1074946820735931,-0.0043362881988286,-0.0177283845841884,0.0923230275511741,0.4185036420822143,0.0671633407473564,-0.083716981112957,0.3789951503276825,-0.0060251131653785,0.1068540960550308,0.7500799894332886,0.1826789826154709,-0.0811708271503448,0.7258535623550415,0.1307020634412765,1
159,0.018410675227642,-0.6298149824142456,-0.3316559195518493,0.1610602438449859,-0.4941293895244598,-0.1382541209459304,0.2900377810001373,-0.6850190162658691,-0.1756752133369445,-0.1357380449771881,-0.5082164406776428,-0.1856394708156585,-0.2510438561439514,-0.6631407737731934,-0.2787491083145141,0.3534837961196899,-0.9053499102592468,-0.2410414367914199,-0.2966213524341583,-0.8628804087638855,-0.3961479365825653,0.1074121296405792,0.0037206148263067,0.0190333686769008,-0.1076150834560394,-0.0043307300657033,-0.0178792122751474,0.095646359026432,0.4170829951763153,0.0650000944733619,-0.0827108025550842,0.3787649571895599,-0.0075291763059794,0.1073941513895988,0.7485634684562683,0.1838228702545166,-0.0793063566088676,0.7246970534324646,0.1313889324665069,1
160,0.0200319979339838,-0.627578854560852,-0.3323558270931244,0.1626835912466049,-0.4935650527477264,-0.138341411948204,0.2948611378669739,-0.6863172650337219,-0.1737662702798843,-0.1328590810298919,-0.5084710121154785,-0.1884132623672485,-0.2471300512552261,-0.6636428833007812,-0.2862077355384826,0.3607847392559051,-0.907669723033905,-0.2394808381795883,-0.2883903384208679,-0.8626968264579773,-0.4064390659332275,0.1075142621994018,0.0036783390678465,0.019112953916192,-0.1077252700924873,-0.0042883069254457,-0.017956543713808,0.1067926958203315,0.4108209609985351,0.0576515756547451,-0.0787424892187118,0.3766629993915558,-0.0091818515211343,0.1156048476696014,0.7386386394500732,0.1842832863330841,-0.0669629871845245,0.7193941473960876,0.1324323415756225,1
161,0.0130902016535401,-0.6280226111412048,-0.3307845294475555,0.1599705815315246,-0.4939640760421753,-0.1373737305402755,0.2862031459808349,-0.686657190322876,-0.1742981970310211,-0.1337521821260452,-0.508657693862915,-0.1788691580295562,-0.2478552907705307,-0.6638851761817932,-0.2698915898799896,0.3527892827987671,-0.9103718996047974,-0.240293875336647,-0.2939169406890869,-0.8650965094566345,-0.3989799320697784,0.1075327396392822,0.0036754657048732,0.0162653252482414,-0.1077447161078453,-0.0042845313437283,-0.0151216210797429,0.1050481498241424,0.4099032580852508,0.0547737777233123,-0.0843576192855835,0.3758065104484558,-0.0065961186774075,0.1140851229429245,0.7362018823623657,0.1866498589515686,-0.0675892978906631,0.7176315188407898,0.149197831749916,1
162,0.0132333114743232,-0.6180888414382935,-0.3543295562267303,0.1601749211549759,-0.4854635298252105,-0.1663538366556167,0.2904000580310821,-0.6820104718208313,-0.2078258544206619,-0.1320133805274963,-0.5062883496284485,-0.20331372320652,-0.2430339902639389,-0.6632988452911377,-0.2922399342060089,0.357948362827301,-0.9100672006607056,-0.2711480259895324,-0.2924320995807647,-0.8638540506362915,-0.4103984832763672,0.1075350493192672,0.0035815436858683,0.0162889845669269,-0.1077529415488243,-0.0041893413290381,-0.0151414843276143,0.1126404255628585,0.4082108438014984,0.0534289255738258,-0.0783003494143486,0.3746619522571563,-0.0076972967945039,0.1291349083185196,0.732481837272644,0.1934040635824203,-0.061972826719284,0.7149097919464111,0.1521298885345459,1
163,0.0102561805397272,-0.6178520321846008,-0.3561640679836273,0.1590479612350464,-0.4857433438301086,-0.1743038296699524,0.2845566570758819,-0.6821986436843872,-0.2212606221437454,-0.1326495110988617,-0.5063122510910034,-0.204166442155838,-0.2426786720752716,-0.6686917543411255,-0.2906191945075989,0.3533478379249573,-0.9095461368560792,-0.287671685218811,-0.2935842871665954,-0.8769146800041199,-0.406154453754425,0.107604295015335,0.0035770344547927,0.0135990940034389,-0.1078238189220428,-0.0041852165013551,-0.0124262506142258,0.1115388348698616,0.4070663452148437,0.0498105436563491,-0.0794318690896034,0.3745995759963989,0.0080439010635018,0.1280988454818725,0.7305140495300293,0.1950973570346832,-0.063232347369194,0.7117568850517273,0.1743027716875076,1
164,0.0097267311066389,-0.6095694899559021,-0.3757093548774719,0.158398151397705,-0.4800026416778564,-0.1914253681898117,0.2845391631126404,-0.6756359934806824,-0.2412892878055572,-0.1325436383485794,-0.5028620362281799,-0.2202705442905426,-0.2405053228139877,-0.6685984134674072,-0.311840146780014,0.3533263504505157,-0.8962109088897705,-0.3061448633670807,-0.2922362685203552,-0.8810361623764038,-0.4246126115322113,0.1077135950326919,0.0032922436948865,0.0136337885633111,-0.1079497784376144,-0.0039185262285172,-0.0124562354758381,0.1169234290719032,0.4062344133853912,0.0418036095798015,-0.082212246954441,0.3729092180728912,-0.017836432904005,0.1270689964294433,0.7244297862052917,0.1998202353715896,-0.0633966401219368,0.7116787433624268,0.1591943204402923,1
165,0.0110143227502703,-0.6063984632492065,-0.3807727992534637,0.1603983044624328,-0.4784308075904846,-0.1951819807291031,0.2878399193286896,-0.6751233339309692,-0.2429080009460449,-0.1294640153646469,-0.5002163648605347,-0.227719247341156,-0.2378322929143905,-0.6685954928398132,-0.3186019659042358,0.3569956123828888,-0.8955475687980652,-0.3053348064422607,-0.2914756536483764,-0.885767936706543,-0.4265265762805938,0.1078603565692901,0.0030949565116316,0.0140531351789832,-0.1081196516752243,-0.0037207016721367,-0.0128973219543695,0.1219381392002105,0.3997764587402344,0.0341445766389369,-0.0824276357889175,0.3716301620006561,-0.0225515067577362,0.1264801025390625,0.7161898612976074,0.1997987776994705,-0.068118117749691,0.7049006223678589,0.1545223742723465,1
166,0.0109896855428814,-0.5973433256149292,-0.3975715935230255,0.1563087105751037,-0.4747271835803985,-0.2058298587799072,0.285233736038208,-0.6753958463668823,-0.2496919631958007,-0.1304781436920166,-0.491169661283493,-0.2510023713111877,-0.2380475401878357,-0.6555130481719971,-0.3566775918006897,0.3630352020263672,-0.8979393243789673,-0.311418205499649,-0.2927245199680328,-0.872851550579071,-0.4666144847869873,0.1079486310482025,0.0030348063446581,0.0154835609719157,-0.1082129329442977,-0.0036560208536684,-0.014294596388936,0.122549332678318,0.3876358568668365,-0.0127088101580739,-0.0866254121065139,0.3603009581565857,-0.0478485748171806,0.1074230000376701,0.7018526792526245,0.1606987714767456,-0.0684190243482589,0.6863971948623657,0.1329440176486969,1
167,0.0250994563102722,-0.5984007120132446,-0.3958037197589874,0.1680103987455368,-0.4751386344432831,-0.2073163390159607,0.2950495183467865,-0.6772639751434326,-0.2557511031627655,-0.1191980093717575,-0.4924677014350891,-0.2509340345859527,-0.2282005548477172,-0.6657182574272156,-0.3494908809661865,0.3697592616081238,-0.8980520367622375,-0.313531756401062,-0.279925525188446,-0.8883713483810425,-0.4545300304889679,0.1080599948763847,0.0024159303866326,0.0155088566243648,-0.1083572134375572,-0.003034230088815,-0.0143168866634368,0.126059740781784,0.3870435059070587,-0.0110787106677889,-0.0883257091045379,0.3591664433479309,-0.0437004007399082,0.1208501532673835,0.6894471049308777,0.1953395307064056,-0.0718555897474289,0.6826658248901367,0.1345687508583068,1
168,0.0104081882163882,-0.602388322353363,-0.3782215416431427,0.1504054814577102,-0.4829555451869964,-0.1939613372087478,0.2829903960227966,-0.6930151581764221,-0.2378601729869842,-0.132605031132698,-0.4946679174900055,-0.2371870279312133,-0.2499673068523407,-0.6763428449630737,-0.316616028547287,0.3648065030574798,-0.9063481092453004,-0.2993746399879455,-0.3018021583557129,-0.8983829021453857,-0.3936427533626556,0.108010783791542,0.0023258686996996,0.0154960406944155,-0.1083147525787353,-0.0029400275088846,-0.0142992613837122,0.1259389817714691,0.3822868764400482,-0.0136431269347667,-0.1008085086941719,0.3507556617259979,-0.0655382499098777,0.1154924184083938,0.6778320074081421,0.1861778199672699,-0.0736289173364639,0.6750165820121765,0.1232646033167839,1
169,0.010991882532835,-0.6027761101722717,-0.3779688477516174,0.154878944158554,-0.4836501181125641,-0.1934418231248855,0.285439521074295,-0.6959613561630249,-0.2376502007246017,-0.1290202438831329,-0.4960213303565979,-0.2360069900751114,-0.2491609305143356,-0.6919659376144409,-0.3074161410331726,0.3676816821098327,-0.9084616899490356,-0.296236127614975,-0.3012698888778686,-0.9150184392929076,-0.3734829127788543,0.1082897186279296,0.0016809003427624,0.0155061408877372,-0.1086363941431045,-0.0022511503193527,-0.0143123026937246,0.1447661370038986,0.3611054122447967,-0.0468422509729862,-0.1115763783454895,0.3407225012779236,-0.0873525962233543,0.1324330270290374,0.6647204756736755,0.1437084674835205,-0.0837430506944656,0.6632282733917236,0.09449253231287,1
170,0.0073574134148657,-0.6031532883644104,-0.3777190446853637,0.1503127813339233,-0.4854902327060699,-0.1930234581232071,0.2824915945529938,-0.6972597241401672,-0.2348309755325317,-0.1317132264375686,-0.4961920380592346,-0.2352933138608932,-0.2503231167793274,-0.6907479763031006,-0.3035286664962768,0.3674796521663666,-0.9086115956306458,-0.2925310432910919,-0.3047042787075043,-0.913543701171875,-0.3642056286334991,0.1082896962761879,0.0016112823504954,0.0155180152505636,-0.1086417064070701,-0.0021702465601265,-0.0143248522654175,0.1422948539257049,0.3629680275917053,-0.0356084257364273,-0.1114636659622192,0.3353336453437805,-0.0786014795303344,0.1299205869436264,0.6661957502365112,0.1515916883945465,-0.0883147194981575,0.6478972434997559,0.1049144640564918,1
171,0.0138035519048571,-0.6001678705215454,-0.3817276656627655,0.1572386473417282,-0.4835761189460754,-0.1946707516908645,0.2874507904052734,-0.6992165446281433,-0.2376281470060348,-0.1255064457654953,-0.4954693019390106,-0.2392856776714325,-0.2454336434602737,-0.689770519733429,-0.3038506805896759,0.3687665164470672,-0.9169511198997498,-0.2931578159332275,-0.3044213056564331,-0.9118910431861876,-0.3639441728591919,0.1087844222784042,0.001705405418761,0.0155297890305519,-0.1091567575931549,-0.0022404193878173,-0.0143361967056989,0.1461291760206222,0.3382813036441803,-0.1367981135845184,-0.1232515275478363,0.3120681345462799,-0.1327210366725921,0.1325404196977615,0.6453724503517151,0.0601307339966297,-0.0940118134021759,0.6253783702850342,0.0435723699629306,1
172,0.0092844255268573,-0.5984952449798584,-0.412678062915802,0.1537680476903915,-0.478324145078659,-0.2291434556245803,0.2834530174732208,-0.6910498142242432,-0.2850015461444855,-0.1257858425378799,-0.4937147498130798,-0.2636383175849914,-0.2450718283653259,-0.6884399652481079,-0.3383285105228424,0.3643812537193298,-0.9098806977272034,-0.343271255493164,-0.305922269821167,-0.9075369834899902,-0.4181626141071319,0.1087406054139137,0.0011005286360159,0.0152212129905819,-0.1091244518756866,-0.0016440511681139,-0.0139945577830076,0.142035111784935,0.3438030481338501,-0.0895949006080627,-0.1223879307508468,0.3171625435352325,-0.1255705505609512,0.1330274939537048,0.6427146792411804,0.1291508972644806,-0.0911550596356391,0.6330745220184326,0.0736209750175476,1
173,0.0145295960828661,-0.6014337539672852,-0.3800020217895508,0.1579002141952514,-0.4787997901439667,-0.2026406526565551,0.2863209843635559,-0.694401741027832,-0.2560904026031494,-0.1237170696258544,-0.4938011169433594,-0.2422375977039337,-0.235530748963356,-0.6881170868873596,-0.3082785010337829,0.3686459958553314,-0.9129849672317504,-0.3066796660423279,-0.3056818842887878,-0.9085733890533448,-0.3574459552764892,0.1087492927908897,0.0016455062432214,0.0151520874351263,-0.1091320738196373,-0.0021236990578472,-0.0139175569638609,0.1414370536804199,0.3128130733966827,-0.1956432461738586,-0.1210236102342605,0.2679588198661804,-0.1752836555242538,0.1271316558122635,0.6192730069160461,-0.0266401898115873,-0.0803182795643806,0.5910537242889404,-0.0255117379128932,1
174,0.0202536899596452,-0.6050135493278503,-0.3792065382003784,0.1567229926586151,-0.4850742220878601,-0.1984364837408065,0.2837207019329071,-0.6996462941169739,-0.2506102621555328,-0.1240867525339126,-0.4977626800537109,-0.2478746473789215,-0.2352807819843292,-0.694299042224884,-0.3214160203933716,0.3688029646873474,-0.913884699344635,-0.3065342307090759,-0.3057603538036346,-0.9177419543266296,-0.3589077293872833,0.1085843443870544,0.0015721268719062,0.0160221830010414,-0.1089602932333946,-0.0020459936931729,-0.0147985275834798,0.1410202234983444,0.3174073398113251,-0.1883184909820556,-0.1203236207365989,0.2822181582450866,-0.1466894149780273,0.1220016777515411,0.6237288117408752,0.0045959455892443,-0.0838884934782981,0.5979020595550537,0.0175899174064397,1
175,0.0212753228843212,-0.605695903301239,-0.3763742446899414,0.1560086607933044,-0.4868693649768829,-0.1927516013383865,0.2817219495773315,-0.7024251222610474,-0.2434918582439422,-0.1247342526912689,-0.4970873594284057,-0.2481580972671508,-0.2402620464563369,-0.6936519742012024,-0.3247447311878204,0.3669624030590057,-0.9165924191474916,-0.3016418814659118,-0.3143225312232971,-0.9175580739974976,-0.362377256155014,0.1085581928491592,0.0015371351037174,0.0162707362323999,-0.1089379414916038,-0.0020021987147629,-0.0150495506823062,0.1388194411993026,0.3132004141807556,-0.1483904421329498,-0.1251673400402069,0.275510311126709,-0.1537224203348159,0.120939016342163,0.6170076727867126,0.0340135619044303,-0.0833136960864067,0.5841768980026245,0.0199952535331249,1
176,0.0261293798685073,-0.6143236756324768,-0.343047022819519,0.1558404415845871,-0.4902045726776123,-0.1539364457130432,0.2827610671520233,-0.7074389457702637,-0.1866004467010498,-0.1277355849742889,-0.4973873496055603,-0.2311789989471435,-0.2422018945217132,-0.69537752866745,-0.3067958354949951,0.3706063628196716,-0.9215840101242064,-0.2472699880599975,-0.3139040172100067,-0.9229437708854676,-0.3411693274974823,0.1085848361253738,0.0016505989478901,0.0182475075125694,-0.1089585721492767,-0.0020823637023568,-0.0170773584395647,0.1499195694923401,0.290188580751419,-0.1989887207746505,-0.1271591484546661,0.2471640706062317,-0.1962179839611053,0.13222536444664,0.5904919505119324,-0.0366973020136356,-0.0753138661384582,0.5516641736030579,-0.0385114662349224,1
177,0.0246002450585365,-0.6172571182250977,-0.3324976861476898,0.1554589420557022,-0.4907260537147522,-0.1486269980669021,0.2821335196495056,-0.7152858376502991,-0.1847945302724838,-0.1304468661546707,-0.497241735458374,-0.2150968760251999,-0.2469350844621658,-0.6959788799285889,-0.2790087759494781,0.3676656782627105,-0.9426143169403076,-0.2390224039554596,-0.3176513314247131,-0.9241373538970948,-0.3119043409824371,0.1088187023997306,0.001665886491537,0.0185805670917034,-0.1091610565781593,-0.0020831271540373,-0.0174027923494577,0.1571531742811203,0.2796407043933868,-0.2537769377231598,-0.1273164600133896,0.2401732057332992,-0.2218993753194809,0.1358982771635055,0.5822559595108032,-0.0838303193449974,-0.0772069618105888,0.5482564568519592,-0.0695231631398201,1
178,0.0247717350721359,-0.6187048554420471,-0.3303302526473999,0.1550399959087371,-0.4943351447582245,-0.1441683024168014,0.2824442684650421,-0.7218194603919983,-0.1763327717781067,-0.1316793411970138,-0.4972297847270965,-0.2148338556289672,-0.2484122216701507,-0.6923278570175171,-0.2840898334980011,0.3674683570861816,-0.9480383396148682,-0.2311428487300872,-0.3173100650310516,-0.9201468229293824,-0.3238311409950256,0.1087593510746955,0.0016267343889921,0.0195127818733453,-0.1090946346521377,-0.0020255467388778,-0.018369136378169,0.1609331667423248,0.2762950360774994,-0.2196571081876754,-0.1285082697868347,0.2470340281724929,-0.2028810828924179,0.1392697095870971,0.5801145434379578,-0.0488700605928897,-0.0783830136060714,0.5490220785140991,-0.0482351966202259,1
179,0.0246795341372489,-0.6185632944107056,-0.3131801784038543,0.155089795589447,-0.4938611686229706,-0.131106898188591,0.2824704647064209,-0.7208364605903625,-0.1651400774717331,-0.1327921152114868,-0.4964939951896667,-0.1970095187425613,-0.2485687434673309,-0.6912000179290771,-0.2633239328861236,0.3673489987850189,-0.9493911266326904,-0.2161917835474014,-0.3153841495513916,-0.9200026392936708,-0.3011892437934875,0.1094491109251976,0.0017637355485931,0.0203881375491619,-0.1097334176301956,-0.0021316241472959,-0.0192397255450487,0.162724107503891,0.248059332370758,-0.2945855557918548,-0.1283392012119293,0.2109316736459732,-0.2666557133197784,0.1388352215290069,0.5493809580802917,-0.1264728903770446,-0.0738626718521118,0.5187484622001648,-0.1174805983901023,1
180,0.0247214138507843,-0.6267685890197754,-0.2705922722816467,0.153397262096405,-0.4984233975410461,-0.0943060666322708,0.2792297899723053,-0.726876974105835,-0.1211387887597084,-0.1380319446325302,-0.4976451992988586,-0.157728374004364,-0.2525867819786072,-0.6921404004096985,-0.2214632928371429,0.3658458888530731,-0.9594897627830504,-0.1636932492256164,-0.3214906752109527,-0.9249469637870787,-0.2549921870231628,0.1104617342352867,0.0017087464220821,0.0215237885713577,-0.1106629520654678,-0.002061428502202,-0.0202988982200622,0.1521541774272918,0.2098138481378555,-0.3414765298366546,-0.1274663060903549,0.1861478835344314,-0.3047647476196289,0.1213985979557037,0.5083306431770325,-0.176473394036293,-0.0692519918084144,0.4795867204666137,-0.1580981463193893,1
181,0.0297027714550495,-0.6152167916297913,-0.2854558527469635,0.1617728173732757,-0.497029036283493,-0.1055695414543151,0.283994197845459,-0.7255493402481079,-0.1369671523571014,-0.1343295127153396,-0.495559960603714,-0.1682960242033004,-0.2492861002683639,-0.691251277923584,-0.2327765077352523,0.3675355017185211,-0.9577573537826538,-0.1843538582324981,-0.3182462453842163,-0.9245862364768982,-0.2711555063724518,0.1114137098193168,0.0018778988160192,0.021515879780054,-0.111587256193161,-0.0022079276386648,-0.0202927328646183,0.148758977651596,0.2031333446502685,-0.3517811298370361,-0.1280194371938705,0.1637554317712783,-0.3263197839260101,0.1181149780750274,0.5017994046211243,-0.1862931549549102,-0.0643089264631271,0.4853138327598572,-0.1882606446743011,1
182,0.027240427210927,-0.6135965585708618,-0.2977623343467712,0.1632552742958068,-0.4947740733623504,-0.1201184168457984,0.2848694026470184,-0.7248652577400208,-0.1594206541776657,-0.1325969845056533,-0.4960790276527405,-0.1734285652637481,-0.246860384941101,-0.6935681104660034,-0.2385992556810379,0.3692988455295563,-0.9560256600379944,-0.2076840996742248,-0.3176012337207794,-0.9258758425712584,-0.2764372527599334,0.1114432737231254,0.00227318610996,0.0200102422386407,-0.1116139516234397,-0.0025966095272451,-0.0187266003340482,0.1426697671413421,0.2129018008708953,-0.3233742117881775,-0.1281893998384475,0.1787341237068176,-0.3099725544452667,0.1184179112315177,0.5107126235961914,-0.1588289141654968,-0.0645587742328643,0.4898447096347809,-0.1627533435821533,1
183,0.0269673727452754,-0.6126904487609863,-0.3059730231761932,0.1611790060997009,-0.4920632243156433,-0.1259322464466095,0.2847598195075989,-0.7238288521766663,-0.1631194055080413,-0.1337611675262451,-0.4960764944553375,-0.1784398108720779,-0.2467697113752365,-0.69468092918396,-0.239289715886116,0.3758551180362701,-0.9552690386772156,-0.2107488214969635,-0.3188653886318207,-0.9265945553779602,-0.2803244888782501,0.1114692836999893,0.0023228866048157,0.0200004633516073,-0.1116362437605857,-0.0026439721696078,-0.0187145043164491,0.1466258913278579,0.2204955369234085,-0.3184545338153839,-0.1280482709407806,0.1825478076934814,-0.2952801287174225,0.1226386874914169,0.5161542892456055,-0.1458508521318435,-0.0650142431259155,0.4924823045730591,-0.1447646766901016,1
184,0.022989097982645,-0.6013355851173401,-0.3507734835147857,0.1597209423780441,-0.4853091835975647,-0.1668722182512283,0.2829034924507141,-0.7143343687057495,-0.2152698338031768,-0.1345782577991485,-0.4918803870677948,-0.2152200192213058,-0.2491445243358612,-0.6895778179168701,-0.278430312871933,0.3743155896663666,-0.9524115324020386,-0.2669790983200073,-0.3269752562046051,-0.9240761399269104,-0.3290233612060547,0.1114686205983161,0.0019064983353018,0.0196450855582952,-0.1116366609930992,-0.0022176990751177,-0.0183572620153427,0.1513630598783493,0.2219175994396209,-0.3072882890701294,-0.1284272521734237,0.1882487088441848,-0.2802499234676361,0.1278501451015472,0.5180548429489136,-0.1202911213040351,-0.0664265975356102,0.4954161047935486,-0.1145190894603729,1
185,0.0219271667301654,-0.5992424488067627,-0.3543447256088257,0.1608441770076751,-0.4793998897075653,-0.17332124710083,0.2823273241519928,-0.7100379467010498,-0.2275815308094024,-0.1309524774551391,-0.4889359176158905,-0.2170938551425933,-0.2447161674499511,-0.6905102133750916,-0.2828673720359802,0.3740620613098144,-0.94450706243515,-0.2788742184638977,-0.32642662525177,-0.9268919229507446,-0.3329896926879883,0.1115302741527557,0.0024722139351069,0.0192090030759573,-0.1116958409547805,-0.0027942929882556,-0.0179062243551015,0.1536665558815002,0.2148841470479965,-0.3161874115467071,-0.1284050196409225,0.1614548712968826,-0.2982844412326813,0.1203987672924995,0.5101528763771057,-0.1307961493730545,-0.0666528865694999,0.4789538979530334,-0.1304369866847992,1
186,0.0197914093732833,-0.5844988822937012,-0.38736492395401,0.1602083146572113,-0.4676856994628906,-0.2066506147384643,0.2829682230949402,-0.700550377368927,-0.2668522000312805,-0.129717543721199,-0.4837804436683655,-0.251446008682251,-0.2433916628360748,-0.6809803247451782,-0.3215414881706238,0.377836138010025,-0.9413800835609436,-0.320222407579422,-0.3261038362979889,-0.9072592258453368,-0.3828750848770141,0.1109167486429214,0.0023706315550953,0.0182523187249898,-0.1111048460006713,-0.002694392343983,-0.016903918236494,0.1575042307376861,0.2420521974563598,-0.2375606298446655,-0.1287371814250946,0.2050461173057556,-0.2170942276716232,0.134714737534523,0.5294855833053589,-0.0473955385386943,-0.0701828822493553,0.4950878918170929,-0.0369170382618904,1
187,0.0261188577860593,-0.577695369720459,-0.3886738717556,0.1601344794034958,-0.463275671005249,-0.2082016170024871,0.2829847335815429,-0.6942826509475708,-0.2716895043849945,-0.1286345869302749,-0.4801492094993591,-0.2647831439971924,-0.2397575676441192,-0.6799209117889404,-0.3441594839096069,0.3780048787593841,-0.9296112060546876,-0.3294897079467773,-0.3219360113143921,-0.9085818529129028,-0.4005807936191559,0.1107446625828743,0.0024443357251584,0.0184913668781518,-0.1109422743320465,-0.0027663933578878,-0.0171579159796237,0.1574190109968185,0.2416702061891555,-0.2519954442977905,-0.1198154240846633,0.1969582289457321,-0.2460338026285171,0.1348356455564499,0.5291750431060791,-0.0655131116509437,-0.0643643960356712,0.4984084367752075,-0.0626492798328399,1
188,0.0260173361748456,-0.5797679424285889,-0.3831005692481994,0.1584108173847198,-0.4673976600170135,-0.2016395479440689,0.2820125222206116,-0.6978508234024048,-0.2613694965839386,-0.1290818750858307,-0.4803122580051422,-0.260861188173294,-0.240505963563919,-0.6797708868980408,-0.3408202230930328,0.3778433799743652,-0.932719886302948,-0.3183158040046692,-0.3222709894180298,-0.9088704586029052,-0.3970134854316711,0.1106715127825737,0.0025826266501098,0.0193863697350025,-0.1108779460191726,-0.0029060314409434,-0.0180895589292049,0.1580028533935547,0.2417623400688171,-0.2373220175504684,-0.1175157129764556,0.1875418424606323,-0.2659827768802643,0.1368781179189682,0.5257351398468018,-0.0488720536231994,-0.0638678967952728,0.4988610744476318,-0.0659926310181617,1
189,0.0250764470547437,-0.5692896842956543,-0.3921979963779449,0.1588552743196487,-0.4578834176063537,-0.2129217088222503,0.2849532663822174,-0.6893198490142822,-0.2847104966640472,-0.1288066953420639,-0.4724908173084259,-0.2620538175106048,-0.2391376048326492,-0.6690805554389954,-0.3366315364837646,0.3820239603519439,-0.9310990571975708,-0.3400496244430542,-0.3201056122779846,-0.9055078029632568,-0.3925060033798218,0.110842615365982,0.0026517580263316,0.0189758855849504,-0.1110480651259422,-0.0029703588224947,-0.0176733247935771,0.1544165611267089,0.2350916713476181,-0.2837018370628357,-0.115456610918045,0.16688072681427,-0.2888352274894714,0.1337491124868393,0.510968804359436,-0.1046661809086799,-0.061488002538681,0.4816048741340637,-0.1161031424999237,1
190,0.0249926336109638,-0.5712831616401672,-0.3897557854652405,0.1564114093780517,-0.4639980494976043,-0.209608644247055,0.2836011052131653,-0.6902494430541992,-0.2767351269721985,-0.1316692680120468,-0.4729196727275848,-0.2600234746932983,-0.242874875664711,-0.6665099859237671,-0.3372978568077087,0.3787026107311249,-0.930281698703766,-0.3317787051200866,-0.3214895129203796,-0.9045567512512208,-0.393921822309494,0.1108046844601631,0.0025440952740609,0.0191798396408557,-0.1110118925571441,-0.0028587500564754,-0.0178873054683208,0.1542091071605682,0.232100710272789,-0.2710967659950256,-0.1126786842942237,0.1682166755199432,-0.2873706817626953,0.1349289119243621,0.5030081272125244,-0.0856232643127441,-0.0561931394040584,0.4774684607982635,-0.1118697971105575,1
191,0.0265975352376699,-0.5716455578804016,-0.3909083604812622,0.1500258296728134,-0.4674266874790191,-0.2082640826702118,0.2793167531490326,-0.6902449727058411,-0.2728197574615478,-0.132792517542839,-0.4734056293964386,-0.2805059254169464,-0.2492755055427551,-0.6568028330802917,-0.3684419095516205,0.3757465779781341,-0.9259248971939088,-0.3301474750041961,-0.3268994092941284,-0.8910338282585144,-0.4237848818302154,0.1097701787948608,0.0019159305375069,0.0204106904566288,-0.110040508210659,-0.0022153963800519,-0.0191648453474044,0.1583351343870163,0.241745576262474,-0.198874294757843,-0.1107239723205566,0.2026637494564056,-0.2416099607944488,0.1449152082204818,0.5146465301513672,0.0017651540692895,-0.0562091134488582,0.4973679184913635,-0.0435038283467292,1
192,0.0281287916004657,-0.5716214776039124,-0.3768166899681091,0.151677593588829,-0.4678286910057068,-0.1898820251226425,0.2779075503349304,-0.6896730661392212,-0.2498612105846405,-0.1325561255216598,-0.4701257646083832,-0.2585428655147552,-0.2531268000602722,-0.6532408595085144,-0.3421640396118164,0.3690120279788971,-0.917377233505249,-0.3101312220096588,-0.3268573880195617,-0.8883755803108215,-0.3922848999500274,0.1109812930226326,0.0021594928111881,0.0203766971826553,-0.1112057268619537,-0.0024547982029616,-0.0191185753792524,0.1470390707254409,0.1843211948871612,-0.3525463938713074,-0.1192763820290565,0.1177452653646469,-0.35067880153656,0.1295953541994094,0.4484719038009643,-0.1622826904058456,-0.0545636191964149,0.43592369556427,-0.1844809502363205,1
193,0.0255657732486724,-0.5685365200042725,-0.3676851987838745,0.1544415652751922,-0.4657729864120483,-0.1841568052768707,0.2804199457168579,-0.6856340765953064,-0.2492110282182693,-0.1321754604578018,-0.4641855955123901,-0.2337856292724609,-0.2528912127017975,-0.6467808485031128,-0.3096652925014496,0.3691379725933075,-0.912585437297821,-0.3074811100959778,-0.3267805874347687,-0.8834767937660217,-0.359806090593338,0.1123628988862037,0.0026937879156321,0.0195893626660108,-0.112515702843666,-0.0029945794958621,-0.0182568226009607,0.1409481763839721,0.1490014344453811,-0.3833918273448944,-0.1263732761144638,0.0745707675814628,-0.3799701929092407,0.1193622946739196,0.4094473421573639,-0.1902414262294769,-0.0576978325843811,0.3995501399040222,-0.2143624722957611,1
194,0.0235764048993587,-0.5647357702255249,-0.3591372072696686,0.1572583317756652,-0.4657357037067413,-0.17791149020195,0.2836889922618866,-0.6835889220237732,-0.2444151639938354,-0.1321713030338287,-0.4622255861759186,-0.2226363867521286,-0.2534784376621246,-0.6413657665252686,-0.2954798936843872,0.3690193593502044,-0.9110293984413148,-0.3017758131027221,-0.3266908526420593,-0.8823919892311096,-0.3466961085796356,0.1131959781050682,0.0031234582420438,0.018951378762722,-0.1133223846554756,-0.003424608381465,-0.0175943672657012,0.1387989372014999,0.1413770616054535,-0.3878637254238128,-0.1310634464025497,0.0744799003005027,-0.3835005164146423,0.1126666367053985,0.3989997506141662,-0.1846628487110138,-0.0662714764475822,0.3871810138225555,-0.2062057852745056,1
195,0.0164204463362693,-0.5593093633651733,-0.3571742177009582,0.1576337814331054,-0.4637029469013214,-0.1770394295454025,0.2839604318141937,-0.6827462911605835,-0.244043081998825,-0.1342652738094329,-0.4607314467430115,-0.2171745747327804,-0.2561807036399841,-0.6426559090614319,-0.2847466766834259,0.3684650361537933,-0.9115732312202454,-0.300049751996994,-0.3297546803951263,-0.8845846652984619,-0.3384386599063873,0.1138813719153404,0.0036645026411861,0.0180110204964876,-0.1139826029539108,-0.003966852556914,-0.0166318733245134,0.1378075033426284,0.1531569510698318,-0.3818590044975281,-0.1347807496786117,0.0753946378827095,-0.3747175335884094,0.1094475239515304,0.4109399020671844,-0.183732122182846,-0.0732462033629417,0.3903866410255432,-0.2029189169406891,1
196,0.0243867877870798,-0.555600106716156,-0.3780419826507568,0.1624276638031005,-0.4556187689304352,-0.1932278424501419,0.2869086265563965,-0.6783313155174255,-0.2663068771362304,-0.1301336288452148,-0.4588207006454468,-0.241847738623619,-0.2525790631771087,-0.6431987285614014,-0.3161427676677704,0.3730129897594452,-0.9071734547615052,-0.3282674849033355,-0.323615550994873,-0.8847568035125732,-0.3699787557125091,0.1138937622308731,0.0036960162688046,0.0179955530911684,-0.11399657279253,-0.004004003945738,-0.0166139658540487,0.1536228507757187,0.155346393585205,-0.3750800788402557,-0.1342900693416595,0.0839791446924209,-0.3681409955024719,0.1170021072030067,0.4163963496685028,-0.1583613604307174,-0.0656996443867683,0.3969630002975464,-0.1872521340847015,1
197,0.022708486765623,-0.5650470852851868,-0.3745667338371277,0.1553349792957306,-0.4611351490020752,-0.1927423775196075,0.2747868597507477,-0.6853836178779602,-0.2651248276233673,-0.136046826839447,-0.4602687954902649,-0.2436537742614746,-0.2573567628860473,-0.6565470695495605,-0.3270194232463836,0.3623771369457245,-0.9103748202323914,-0.3274890184402466,-0.3323076069355011,-0.903574764728546,-0.3790886104106903,0.1139036193490028,0.0037269433960318,0.0180008187890052,-0.1140081211924552,-0.0040352051146328,-0.0166177153587341,0.1551588922739029,0.1545852422714233,-0.3604907095432281,-0.1354990452528,0.0819416269659996,-0.3658962547779083,0.1215720549225807,0.4142719507217407,-0.1523871719837188,-0.0669630095362663,0.3988210260868072,-0.1856433004140854,1
198,0.02368650957942,-0.5624475479125977,-0.3743299841880798,0.1614625453948974,-0.4610054194927215,-0.1924380213022232,0.2811261713504791,-0.6851987242698669,-0.2642695009708404,-0.1307186782360077,-0.459581971168518,-0.243795096874237,-0.2505485713481903,-0.6501926779747009,-0.3259059488773346,0.3714817762374878,-0.9116089344024658,-0.3264574110507965,-0.3257004618644714,-0.8919914364814758,-0.379815012216568,0.1138947233557701,0.0035998323000967,0.0179672129452228,-0.1140037551522255,-0.0039153578691184,-0.0165760405361652,0.1763248741626739,0.1370084136724472,-0.3392356634140014,-0.1376749724149704,0.0832119286060333,-0.3579728305339813,0.1278552711009979,0.4093500077724457,-0.128866970539093,-0.0667734518647193,0.391688197851181,-0.1550491750240326,1
199,0.023565961048007,-0.5600365400314331,-0.3689416944980621,0.1583978086709976,-0.4604358375072479,-0.1881788372993469,0.2726976871490478,-0.6818370223045349,-0.258766233921051,-0.1329946666955948,-0.4571192562580108,-0.2402314245700836,-0.2569518685340881,-0.6489406824111938,-0.3220656812191009,0.3662792444229126,-0.9081034660339355,-0.3198218941688537,-0.3309033215045929,-0.8892586827278137,-0.3740737438201904,0.1139673367142677,0.0035918678622692,0.0179141219705343,-0.1140738055109977,-0.0039096251130104,-0.0165100507438182,0.1738038212060928,0.1217373684048652,-0.3434535562992096,-0.1419079154729843,0.0680534467101097,-0.3622260093688965,0.1317356824874878,0.3927849531173706,-0.1345554888248443,-0.0726320967078208,0.3747290372848511,-0.1645782887935638,1
200,0.0259274169802665,-0.54524165391922,-0.3864106237888336,0.1620180159807205,-0.4475757479667663,-0.2019813358783722,0.27511066198349,-0.6700997948646545,-0.2780315577983856,-0.1265902072191238,-0.4507741034030914,-0.2549263834953308,-0.2445663958787918,-0.6367059350013733,-0.3326210677623749,0.3687784373760223,-0.9063006639480592,-0.3385356664657593,-0.3243475556373596,-0.8731552958488464,-0.3836904764175415,0.1139718294143676,0.0035778549499809,0.0179266575723886,-0.1140800714492797,-0.0038990611210465,-0.0165143646299839,0.1898078620433807,0.1244724988937377,-0.3339502215385437,-0.1405660808086395,0.0712209194898605,-0.3667920231819153,0.1365777850151062,0.3930352032184601,-0.1213617920875549,-0.0707430019974708,0.3734330236911773,-0.1552828550338745,1
201,0.0263934563845396,-0.5446072816848755,-0.3749043345451355,0.1622304171323776,-0.4516640305519104,-0.1904839724302292,0.2749919891357422,-0.6707246899604797,-0.269554853439331,-0.1267315447330474,-0.451113611459732,-0.2404583096504211,-0.2483262717723846,-0.6374682784080505,-0.3197771310806274,0.3672068119049072,-0.9052236676216124,-0.333409696817398,-0.3263020813465118,-0.8741607666015625,-0.3711270987987518,0.1143118441104888,0.0035954513587057,0.0178732592612504,-0.1144068762660026,-0.0039201695472002,-0.0164406392723321,0.1869671493768692,0.107963390648365,-0.3418229520320892,-0.1407009810209274,0.0590250305831432,-0.3770355880260467,0.1362964361906051,0.3729674816131592,-0.1421417444944381,-0.0757549256086349,0.3511539995670318,-0.1753399968147277,1
202,0.0267371125519275,-0.5395969748497009,-0.3825443685054779,0.1624567061662674,-0.4479451477527618,-0.1975210011005401,0.2752682566642761,-0.6604437232017517,-0.2722798585891723,-0.1260174363851547,-0.4497670531272888,-0.2512769103050232,-0.2466152161359787,-0.630925178527832,-0.3325446844100952,0.3701909184455871,-0.8974233865737915,-0.3355694115161896,-0.3231603503227234,-0.8658356666564941,-0.3839283287525177,0.1141631826758384,0.0036301449872553,0.0180746633559465,-0.1142664104700088,-0.0039573647081851,-0.0166324749588966,0.1951286047697067,0.1095409765839576,-0.3227691054344177,-0.1377562284469604,0.0627402439713478,-0.3666766583919525,0.1434459388256073,0.3741099536418915,-0.1231289282441139,-0.074051909148693,0.3556974232196808,-0.1602116823196411,1
203,0.0260327439755201,-0.5353597402572632,-0.3888446092605591,0.1572296917438507,-0.4481055736541748,-0.2046477347612381,0.2708434760570526,-0.6603758335113525,-0.2842661440372467,-0.1265820562839508,-0.4472747445106506,-0.2650113999843597,-0.2468971610069275,-0.6253569722175598,-0.35662442445755,0.3651119470596313,-0.8970781564712524,-0.3481272459030151,-0.3260996043682098,-0.860453188419342,-0.413165271282196,0.1139728054404258,0.0036199372261762,0.018190998584032,-0.1140831634402275,-0.0039492258802056,-0.0167346950620412,0.1880044192075729,0.1022745817899704,-0.3225223124027252,-0.1378805786371231,0.0536417551338672,-0.3736048340797424,0.1370360404253006,0.3582382202148437,-0.1185519620776176,-0.0769951865077018,0.3363320529460907,-0.1595192700624466,1
204,0.0260406658053398,-0.5392927527427673,-0.3874498307704925,0.1569011062383651,-0.4483030438423157,-0.2031135410070419,0.2730740904808044,-0.661001443862915,-0.2760325968265533,-0.1265288442373275,-0.4459989070892334,-0.2665538191795349,-0.2444528341293335,-0.6061809659004211,-0.3660106062889099,0.3659037053585052,-0.8995530009269714,-0.3359747231006622,-0.3242309093475342,-0.8299795985221863,-0.4289648532867431,0.1139128729701042,0.0035816908348351,0.0189409032464027,-0.1140377968549728,-0.003908862825483,-0.0174828711897134,0.1872401088476181,0.0962663069367408,-0.3225870728492737,-0.1401332467794418,0.0505097471177578,-0.3780184984207153,0.1373056918382644,0.3487699031829834,-0.1149854362010955,-0.0769134014844894,0.3325999677181244,-0.1603105366230011,1
205,0.0269312653690576,-0.5448842644691467,-0.3591601252555847,0.1573613286018371,-0.4532777667045593,-0.1804198920726776,0.2807355523109436,-0.6683638095855713,-0.2437343895435333,-0.1262234598398208,-0.4461889564990997,-0.2492428421974182,-0.2420752942562103,-0.6058650612831116,-0.347617357969284,0.3770838379859924,-0.9152705073356628,-0.2975536286830902,-0.3190306425094604,-0.8346771597862244,-0.4101021885871887,0.1138793304562568,0.0036102863959968,0.0194743350148201,-0.1140100359916687,-0.0039345794357359,-0.0180576387792825,0.1901836097240448,0.0687723234295845,-0.3186589181423187,-0.142280176281929,0.0344371832907199,-0.3779529333114624,0.1377438306808471,0.3332917094230652,-0.1158425509929657,-0.0792565941810607,0.3226097226142883,-0.1712081581354141,1
206,0.0158160123974084,-0.5416347980499268,-0.3705693781375885,0.1492964923381805,-0.4496510028839111,-0.1940456926822662,0.2747662961483001,-0.6651363968849182,-0.2649668157100677,-0.1276199221611023,-0.4398869574069977,-0.2599626779556274,-0.2390601933002472,-0.6002194881439209,-0.3633497357368469,0.3700881600379944,-0.9131425619125366,-0.3200535476207733,-0.3191678524017334,-0.8303367495536804,-0.4294255375862121,0.113587848842144,0.003503797808662,0.0195552520453929,-0.1137231662869453,-0.0038184996228665,-0.0181341972202062,0.1899210959672927,0.0750619024038314,-0.3107016086578369,-0.1448707431554794,0.0451569184660911,-0.3723604083061218,0.1347062289714813,0.3382778763771057,-0.0956253930926323,-0.0828262567520141,0.3266268372535705,-0.149943321943283,1
207,0.0160858109593391,-0.5453273057937622,-0.3549067080020904,0.1524989902973175,-0.4557397663593292,-0.1747231632471084,0.2833433151245117,-0.6697571277618408,-0.2425591498613357,-0.12775619328022,-0.4435201585292816,-0.2381581515073776,-0.2372343093156814,-0.6016247272491455,-0.3321830332279205,0.3762544989585876,-0.9154923558235168,-0.3006324768066406,-0.3152875006198883,-0.832750141620636,-0.3947585523128509,0.1136610060930252,0.0033762664534151,0.0196060314774513,-0.1137969270348548,-0.0036892113275825,-0.0181926619261503,0.1935984343290329,0.0653516575694084,-0.3111425042152405,-0.1454931944608688,0.0410477258265018,-0.3732577562332153,0.1366762667894363,0.3296398520469665,-0.0976478233933448,-0.0812054723501205,0.3206253945827484,-0.1566127687692642,1
208,0.0175091959536075,-0.5492754578590393,-0.3568878769874573,0.1527349352836609,-0.4564549028873443,-0.1763590574264526,0.2837809026241302,-0.6700661182403564,-0.2449751794338226,-0.1258680969476699,-0.4436425268650055,-0.2413412630558014,-0.2351750284433365,-0.6023860573768616,-0.3330930769443512,0.3805683255195617,-0.9151233434677124,-0.3023351430892944,-0.3154186904430389,-0.8353418111801147,-0.3929165005683899,0.1134188026189804,0.0033412063494324,0.019878989085555,-0.1135718375444412,-0.0036503996234387,-0.018489396199584,0.2016815990209579,0.0655392855405807,-0.3026079833507538,-0.145857036113739,0.0454378686845302,-0.3679645359516144,0.1414541155099868,0.3274981379508972,-0.0897711440920829,-0.0789729878306388,0.3214887976646423,-0.1455312222242355,1
209,0.0178944524377584,-0.5518094897270203,-0.3638466000556946,0.153130903840065,-0.4564332664012909,-0.1866301298141479,0.2831008732318878,-0.6705215573310852,-0.2595761716365814,-0.124481052160263,-0.4435577094554901,-0.2477803975343704,-0.2352823317050933,-0.60269695520401,-0.3413313031196594,0.380292147397995,-0.9148842096328736,-0.3205768764019012,-0.3177223205566406,-0.8364143967628479,-0.4032450318336487,0.1132904067635536,0.0033512930385768,0.0198809392750263,-0.1134438812732696,-0.0036590979434549,-0.0184886045753955,0.2038632333278656,0.0668973848223686,-0.3033165037631988,-0.1475578099489212,0.0458998829126358,-0.3679750561714172,0.1423366069793701,0.3293264806270599,-0.0925874263048172,-0.0793435648083686,0.3190425038337707,-0.1449587494134903,1
210,0.018853785470128,-0.5562383532524109,-0.360440045595169,0.1528456509113311,-0.4592653214931488,-0.1839154660701751,0.2832593023777008,-0.6717798709869385,-0.2548823058605194,-0.1244732216000557,-0.4451430737972259,-0.2483766227960586,-0.2353071719408035,-0.6048814058303833,-0.3451906442642212,0.3842650353908539,-0.9148221611976624,-0.3163005411624908,-0.3150712549686432,-0.846125602722168,-0.4044368863105774,0.1131938621401786,0.0032597843091934,0.0206204429268836,-0.1133558005094528,-0.0035676702391356,-0.0192312281578779,0.2033812552690506,0.0504048764705657,-0.3028137683868408,-0.1470560431480407,0.0347317717969417,-0.3709772825241089,0.1416845172643661,0.3115151822566986,-0.0943514853715896,-0.0785531550645828,0.2986170351505279,-0.1497997641563415,1
211,0.0198969356715679,-0.5466328859329224,-0.3866780698299408,0.1542156636714935,-0.4499481916427612,-0.204815924167633,0.2832071483135223,-0.6679977178573608,-0.288952112197876,-0.1227411776781082,-0.4394801557064056,-0.2682892084121704,-0.2349487543106079,-0.6051017045974731,-0.3660307824611664,0.3843939900398254,-0.91237074136734,-0.3566174805164337,-0.3165044784545898,-0.8453975915908813,-0.429475337266922,0.1131971776485443,0.0031479494646191,0.0205733925104141,-0.1133599355816841,-0.0034520162735134,-0.0191713608801364,0.2030354589223861,0.0563441663980484,-0.3083541095256805,-0.1410672664642334,0.0594675838947296,-0.3770913779735565,0.1422071307897567,0.3174202442169189,-0.0961145088076591,-0.0797486379742622,0.3015114963054657,-0.1483459025621414,1
212,0.0177307780832052,-0.5428729057312012,-0.3963541686534881,0.1504917293787002,-0.4445518851280212,-0.216570645570755,0.27824866771698,-0.6577126979827881,-0.3080278635025024,-0.1254336833953857,-0.4383389353752136,-0.2818762958049774,-0.2353367954492569,-0.6029809713363647,-0.3931739926338196,0.3824821412563324,-0.9047492146492004,-0.3780222237110138,-0.3164290189743042,-0.841077983379364,-0.4672377109527588,0.1131786480545997,0.0031424900516867,0.0205917190760374,-0.1133423745632171,-0.0034488746896386,-0.0191865693777799,0.1867310851812362,0.0609779804944992,-0.3084138631820678,-0.1386124193668365,0.0539613105356693,-0.3807438910007477,0.1411840468645095,0.3169502019882202,-0.0884427204728126,-0.0793143287301063,0.301821619272232,-0.1441040635108947,1
213,0.0178575180470943,-0.5328584313392639,-0.3989608287811279,0.1540969908237457,-0.4382931888103485,-0.2206971198320388,0.2771719992160797,-0.6470435857772827,-0.3306889832019806,-0.1254269033670425,-0.4356072545051574,-0.2793776094913482,-0.2376359552145004,-0.5921509265899658,-0.3910784125328064,0.3789103031158447,-0.8976364731788635,-0.4145879447460174,-0.3174302875995636,-0.8259742259979248,-0.4709289073944092,0.113218143582344,0.003116266336292,0.0203755181282758,-0.1133734881877899,-0.0034248719457536,-0.0189653784036636,0.1895124465227127,0.0580984726548194,-0.3141267597675323,-0.1352851539850235,0.0476649813354015,-0.3812377154827118,0.1406722664833068,0.3170278668403625,-0.1025110036134719,-0.0785946622490882,0.3018845021724701,-0.1483700722455978,1
214,0.0184014867991209,-0.53199702501297,-0.3987337052822113,0.1540630310773849,-0.4358738660812378,-0.2264682650566101,0.2754242122173309,-0.6420268416404724,-0.3577300906181335,-0.1248826831579208,-0.4312860667705536,-0.2828581631183624,-0.2344237715005874,-0.590726912021637,-0.4136711955070495,0.3773565292358398,-0.8881914615631104,-0.451461523771286,-0.3117968142032623,-0.8265828490257263,-0.4984773993492126,0.1131884679198265,0.0031523779034614,0.020380176603794,-0.1133343651890754,-0.0034585963003337,-0.0189671665430068,0.1871285140514373,0.0545340292155742,-0.3140879869461059,-0.1354026198387146,0.0413307696580886,-0.3814767897129059,0.137882187962532,0.3099792301654815,-0.1017085462808609,-0.0788967236876487,0.2914709448814392,-0.1456245481967926,1
215,0.0148048559203743,-0.5287570953369141,-0.3984968662261963,0.1495636105537414,-0.4358288049697876,-0.2258999198675155,0.2703093886375427,-0.6417978405952454,-0.3472646176815033,-0.1292161345481872,-0.4272353649139404,-0.2817511856555938,-0.2392696291208267,-0.5900989770889282,-0.4077771306037903,0.3734210133552551,-0.8811742067337036,-0.4361380338668823,-0.3179987967014313,-0.8268453478813171,-0.487529307603836,0.1130370199680328,0.0030002775602042,0.0200519431382417,-0.1131783500313758,-0.0033114338293671,-0.0186214074492454,0.183242991566658,0.0549473240971565,-0.313930869102478,-0.1425625532865524,0.0408873334527015,-0.3688468635082245,0.1333302557468414,0.3121354877948761,-0.0996213033795356,-0.0799355879426002,0.3033170998096466,-0.1423159092664718,1
216,0.0202393978834152,-0.5285945534706116,-0.3897474408149719,0.1495172530412674,-0.4416967630386352,-0.2187677323818206,0.2711102366447449,-0.6516156792640686,-0.3227888345718384,-0.1288082748651504,-0.4311496019363403,-0.2799014151096344,-0.2376207262277603,-0.5891672968864441,-0.4056427478790283,0.3736442029476166,-0.8956036567687988,-0.3940796256065368,-0.3134771883487701,-0.8268620371818542,-0.4894041717052459,0.1127595603466034,0.0029227118939161,0.0198375526815652,-0.1129055544734001,-0.0032375759910792,-0.0184106230735778,0.1611206382513046,0.044341292232275,-0.3199112117290497,-0.1565612256526947,0.0086131729185581,-0.3675008118152618,0.1192799657583236,0.297510027885437,-0.0995299443602562,-0.0844196379184722,0.2891745269298553,-0.1423772126436233,1
217,0.0171483550220727,-0.5266995429992676,-0.3865464031696319,0.1475248336791992,-0.4468347132205963,-0.2141742408275604,0.2712187170982361,-0.660425066947937,-0.297203928232193,-0.129400834441185,-0.4321640133857727,-0.277348518371582,-0.2383422255516052,-0.5891923904418945,-0.3956100642681122,0.3733028471469879,-0.904979944229126,-0.3582631647586822,-0.3159445822238922,-0.8253441452980042,-0.4756700396537781,0.1123953014612197,0.0027469717897474,0.0197941213846206,-0.1125690788030624,-0.0030648745596408,-0.0183741524815559,0.1637393087148666,0.0407406315207481,-0.3147788643836975,-0.1555828005075454,0.0124815376475453,-0.3599244058132171,0.1197907775640487,0.2997615933418274,-0.0971604883670806,-0.0844492614269256,0.2999274432659149,-0.1427453011274337,1
218,0.0171121098101139,-0.527440071105957,-0.3617667257785797,0.1445089727640152,-0.4525016248226166,-0.1863944083452224,0.2713239192962646,-0.667557418346405,-0.2552450597286224,-0.132782369852066,-0.4352709650993347,-0.2597545385360718,-0.2410372793674469,-0.5893208384513855,-0.3704168796539306,0.3728058636188507,-0.9153305292129515,-0.3094887733459472,-0.3186677992343902,-0.8254511952400208,-0.4457116723060608,0.1123735308647155,0.0027149389497935,0.0199114233255386,-0.1125502586364746,-0.0030319339130073,-0.0184939019381999,0.1628539562225341,0.0319184511899948,-0.3147706687450409,-0.1551302671432495,0.0090365819633007,-0.3671019077301025,0.115848071873188,0.294200450181961,-0.0992627218365669,-0.0869632884860038,0.2957022786140442,-0.157956063747406,1
219,0.0174994226545095,-0.5289483070373535,-0.3573930263519287,0.144588828086853,-0.4530321061611175,-0.1818506568670272,0.275564044713974,-0.6672839522361755,-0.2546741068363189,-0.1328382641077041,-0.4365660846233368,-0.253197431564331,-0.2407624721527099,-0.5894538164138794,-0.3645330369472503,0.3774549067020416,-0.9144718647003174,-0.313614547252655,-0.3175194859504699,-0.8283694386482239,-0.4406439065933227,0.1123538836836814,0.0025743136648088,0.0197971053421497,-0.1125328168272972,-0.0028933393768966,-0.018382566049695,0.1635553836822509,0.0234502013772726,-0.3152026832103729,-0.159593865275383,0.0014573117950931,-0.3695800900459289,0.1164452880620956,0.2887554168701172,-0.101162850856781,-0.0871120691299438,0.2861994802951813,-0.158752903342247,1
220,0.016505841165781,-0.5346636176109314,-0.3553588688373565,0.1450536251068115,-0.4535697698593139,-0.1817626655101776,0.274752140045166,-0.6664533019065857,-0.257175862789154,-0.1327872276306152,-0.4366256594657898,-0.2481637299060821,-0.2415067702531814,-0.5832924246788025,-0.3662028610706329,0.3739275336265564,-0.9123679995536804,-0.3279506266117096,-0.3192320168018341,-0.8190816044807434,-0.4537493884563446,0.1126419231295585,0.0028623265679925,0.0193880517035722,-0.112809419631958,-0.003183499444276,-0.0179448276758193,0.138573870062828,0.0217141211032867,-0.3327163457870483,-0.15950508415699,-0.0107324793934822,-0.3826588094234466,0.0930524766445159,0.2824690341949463,-0.1241057887673378,-0.0941408202052116,0.2605746388435364,-0.1685147732496261,1
221,0.0164563991129398,-0.5346550345420837,-0.359227567911148,0.1451415866613388,-0.4532502293586731,-0.1925099492073059,0.2764889299869537,-0.6666487455368042,-0.283396303653717,-0.1308606714010238,-0.4351986646652221,-0.2572450339794159,-0.2399166673421859,-0.5813438296318054,-0.3874765336513519,0.3726743161678314,-0.9130062460899352,-0.3540732860565185,-0.3176274299621582,-0.8195813894271851,-0.4794400334358215,0.1123085394501686,0.002898423699662,0.0191292352974414,-0.112495057284832,-0.0032202624715864,-0.0177047587931156,0.142473891377449,0.0224360227584838,-0.3262707591056824,-0.1617729216814041,-0.0145148336887359,-0.373029351234436,0.0963679105043411,0.2833861708641052,-0.105026863515377,-0.0939853340387344,0.2649808824062347,-0.1580987870693206,1
222,0.0174204315990209,-0.5326514840126038,-0.3580717444419861,0.1438249051570892,-0.4532081186771393,-0.1876432746648788,0.2764144241809845,-0.6632354855537415,-0.2770400047302246,-0.1339296102523803,-0.4361492395401001,-0.2567766904830932,-0.2427672147750854,-0.5857641696929932,-0.3872106373310089,0.3745348453521728,-0.905951201915741,-0.3491325080394745,-0.3167572319507599,-0.826326310634613,-0.477683961391449,0.1122123524546623,0.0028652611654251,0.0191053263843059,-0.1124056950211525,-0.0031879153102636,-0.0176852792501449,0.1440402418375015,0.0066168797202408,-0.3264156281948089,-0.1634876132011413,-0.0216455124318599,-0.3732967376708984,0.0981971323490142,0.2695324122905731,-0.1066969335079193,-0.0942811518907547,0.2585537135601043,-0.1612523943185806,1
223,0.016164630651474,-0.5292608737945557,-0.3654375672340393,0.1422337144613266,-0.4520209431648254,-0.1916917264461517,0.2654587924480438,-0.6625622510910034,-0.2829688191413879,-0.1377098262310028,-0.4361021220684051,-0.257519394159317,-0.2525404989719391,-0.5862948894500732,-0.3799842894077301,0.3643186390399933,-0.9048380255699158,-0.3617038428783417,-0.3375647366046905,-0.8241128325462341,-0.4630309641361236,0.1121862977743148,0.0028189723379909,0.0184816885739564,-0.1123796701431274,-0.0031449561938643,-0.0170527771115303,0.1390630602836609,0.0286517590284347,-0.3317441046237945,-0.171278715133667,-0.0036647235974669,-0.362185388803482,0.0991152971982956,0.2894287109375,-0.1072678938508033,-0.0935592651367187,0.2807245254516601,-0.1528388559818267,1
224,0.0161934867501258,-0.5307691693305969,-0.366583913564682,0.1422722041606903,-0.4518570005893707,-0.1927261799573898,0.267823725938797,-0.6629599332809448,-0.2806151211261749,-0.1358176171779632,-0.436040312051773,-0.2591642141342163,-0.252207338809967,-0.5863316059112549,-0.3798057734966278,0.3700404465198517,-0.9062563180923462,-0.351094126701355,-0.3360230326652527,-0.8251938223838806,-0.4600916802883148,0.1120528355240821,0.0026507575530558,0.0185410939157009,-0.1122554019093513,-0.002977873198688,-0.0171148292720317,0.1488665789365768,0.0297982823103666,-0.3296685516834259,-0.1709586381912231,0.0041382913477718,-0.3627002835273742,0.101320631802082,0.2980591952800751,-0.1059208214282989,-0.0909772887825965,0.2962489724159241,-0.1527504473924636,1
225,0.0198661740869283,-0.5399012565612793,-0.3668124079704284,0.1490915119647979,-0.4524519145488739,-0.1924087107181549,0.2802069187164306,-0.6622061729431152,-0.2784963548183441,-0.1294635385274887,-0.4379116892814636,-0.2594015300273895,-0.2448572218418121,-0.5861973762512207,-0.3803210854530334,0.3789021968841553,-0.9053738713264464,-0.3476234376430511,-0.3217338621616363,-0.82480388879776,-0.4624181985855102,0.112265758216381,0.002693252172321,0.0185514856129884,-0.1124750301241874,-0.0030242905486375,-0.0171201638877391,0.1489810794591903,0.035117395222187,-0.3292672634124756,-0.1632780581712722,0.0027463810984045,-0.3758480548858642,0.1015695929527282,0.2975895702838897,-0.1035262793302536,-0.0889346376061439,0.2911878526210785,-0.1533992439508438,1
226,0.0198765452951192,-0.5484763383865356,-0.3497719764709472,0.15022973716259,-0.4611715376377105,-0.1767254024744033,0.2824063301086426,-0.6739795804023743,-0.2532026469707489,-0.1295272707939148,-0.4427101910114288,-0.2445438206195831,-0.2454731911420822,-0.5912618637084961,-0.3596236109733581,0.3787180781364441,-0.9152282476425172,-0.3170084953308105,-0.320402443408966,-0.8333778381347656,-0.4392726421356201,0.1124075055122375,0.002755036111921,0.0185142140835523,-0.1126167103648185,-0.0030837948434054,-0.0170854870229959,0.1453259140253067,0.0350654944777488,-0.3316378593444824,-0.1626907289028167,0.0023103551939129,-0.3778438866138458,0.1007073745131492,0.2971791326999664,-0.1070114821195602,-0.0891456604003906,0.2906931042671203,-0.1581087857484817,1
227,0.0296023190021514,-0.5481681227684021,-0.3509956896305084,0.1510898768901825,-0.4566654562950134,-0.1791048645973205,0.2822261750698089,-0.6691091656684875,-0.2626745402812958,-0.1269615143537521,-0.4426226019859314,-0.2452662289142608,-0.2410091012716293,-0.5911979079246521,-0.3626717031002044,0.3814507722854614,-0.9125530123710632,-0.3316780030727386,-0.3200595080852508,-0.833105206489563,-0.4438533782958984,0.1123452335596084,0.0027900929562747,0.0187761355191469,-0.1125531420111656,-0.003114694962278,-0.0173602141439914,0.1566752344369888,0.0349737331271171,-0.3274059891700744,-0.1627786606550216,0.0101570812985301,-0.3754962682723999,0.1114761605858802,0.2971251010894775,-0.1058814823627471,-0.0828117877244949,0.2911864519119262,-0.1569477766752243,1
228,0.0293703861534595,-0.546528697013855,-0.359619528055191,0.1508712023496627,-0.4542965292930603,-0.1861434876918792,0.2823622822761535,-0.6619262099266052,-0.2691512107849121,-0.127781257033348,-0.4420442879199981,-0.2569117844104767,-0.2434928715229034,-0.59296053647995,-0.3776690661907196,0.382919043302536,-0.9007601737976074,-0.3378553986549377,-0.319469153881073,-0.8365327715873718,-0.4579415321350097,0.1123366728425026,0.0028382006566971,0.0188228730112314,-0.1125453114509582,-0.0031629314180463,-0.01741080917418,0.1530857533216476,0.04408760368824,-0.3284838497638702,-0.162756085395813,0.0099670849740505,-0.3750988245010376,0.1113390773534774,0.3093643486499786,-0.1069185733795166,-0.0850541442632675,0.2988225221633911,-0.1572493314743042,1
229,0.0341942347586154,-0.5522978901863098,-0.3575136065483093,0.154913067817688,-0.4556049108505249,-0.1836793422698974,0.2881506085395813,-0.6654757857322693,-0.2633007764816284,-0.1264011114835739,-0.4438693523406982,-0.2563588321208954,-0.2410765588283538,-0.6023174524307251,-0.3714013695716858,0.3870473206043243,-0.903087556362152,-0.3308036923408508,-0.3129745125770569,-0.8459516167640686,-0.4374052286148071,0.1123445555567741,0.0028418179135769,0.0192651040852069,-0.1125545129179954,-0.0031649146694689,-0.0178676098585128,0.1700413525104522,0.0457054786384105,-0.3204302191734314,-0.1623179018497467,0.0147676570340991,-0.372640997171402,0.1251740902662277,0.3157488107681274,-0.1039807721972465,-0.0829624161124229,0.3053675591945648,-0.1565456241369247,1
230,0.0359906069934368,-0.551868200302124,-0.3803324103355407,0.1613211631774902,-0.4488718807697296,-0.2020404636859893,0.291281521320343,-0.6569869518280029,-0.2895627915859222,-0.1193292737007141,-0.4419046342372894,-0.271139532327652,-0.2310445606708526,-0.6017814874649048,-0.3950848579406738,0.3869150876998901,-0.8963170051574707,-0.3612514436244964,-0.3069460988044739,-0.8439345955848694,-0.4782556593418121,0.1123371198773384,0.0029647136107087,0.0193211622536182,-0.1125432401895523,-0.0032775101717561,-0.0179261714220047,0.1781854629516601,0.0699297040700912,-0.3198774456977844,-0.1525913625955581,0.0415820516645908,-0.3714208900928497,0.1301985085010528,0.337024062871933,-0.1005249172449112,-0.0800777226686477,0.3129661977291107,-0.140099287033081,1
231,0.0346455387771129,-0.5374236702919006,-0.3975683152675628,0.1670475900173187,-0.4374166429042816,-0.2134801596403122,0.2937570512294769,-0.6493344902992249,-0.294686496257782,-0.1186278834939003,-0.4374891817569732,-0.2706717252731323,-0.2324524074792862,-0.6003376841545105,-0.3703925013542175,0.3870761394500732,-0.8900114893913269,-0.3626161813735962,-0.3082907795906067,-0.8359912037849426,-0.437109112739563,0.1125420480966568,0.0036858913954347,0.0188920889049768,-0.1127320080995559,-0.0039933216758072,-0.0174811631441116,0.1938208639621734,0.1105702295899391,-0.3199719190597534,-0.1529170125722885,0.0653439313173294,-0.370224267244339,0.1306624412536621,0.3753746449947357,-0.1038582250475883,-0.0808896645903587,0.3487018942832947,-0.1412060707807541,1
232,0.0331162326037883,-0.5385016798973083,-0.3940613865852356,0.1665199548006057,-0.4419760704040527,-0.2117679864168167,0.2942623496055603,-0.6607163548469543,-0.293338268995285,-0.1187929138541221,-0.4398252665996551,-0.2687679529190063,-0.2332939058542251,-0.6050933003425598,-0.3667912781238556,0.3846027851104736,-0.902954876422882,-0.3583170771598816,-0.3099291622638702,-0.8436404466629028,-0.4351163804531097,0.112496517598629,0.003931135404855,0.0188504476100206,-0.1126809045672416,-0.0042281071655452,-0.0174438115209341,0.1902404725551605,0.1072960346937179,-0.3139821588993072,-0.151527926325798,0.0693050622940063,-0.3632360696792602,0.1299546957015991,0.3673298060894012,-0.0988616496324539,-0.0831038877367973,0.3479348719120025,-0.1374175548553466,1
233,0.0446054525673389,-0.5463963150978088,-0.389338731765747,0.1773855686187744,-0.4424897730350494,-0.2047759294509887,0.3111849725246429,-0.658668041229248,-0.2782145738601684,-0.1125344112515449,-0.4440239071846008,-0.262698769569397,-0.2299439907073974,-0.6079108715057373,-0.3568403422832489,0.3997878730297088,-0.8983651399612427,-0.3446033000946045,-0.2973387837409973,-0.8513321280479431,-0.4221625924110412,0.1127539575099945,0.0041106422431766,0.0189473666250705,-0.1129393875598907,-0.004399359691888,-0.0175505187362432,0.1938177198171615,0.1145480647683143,-0.3143191933631897,-0.1448682993650436,0.0814765766263008,-0.3631838858127594,0.1394563168287277,0.3736883997917175,-0.0986729636788368,-0.0782267674803733,0.3543257713317871,-0.1371292918920517,1
234,0.0439009331166744,-0.5519948601722717,-0.3877195119857788,0.1761422157287597,-0.4477467834949493,-0.2049155980348587,0.3094274401664734,-0.6638088226318359,-0.2779715657234192,-0.1114725768566131,-0.450738787651062,-0.2631942331790924,-0.2301740050315857,-0.6310908794403076,-0.3513501286506653,0.3977682590484619,-0.9007078409194946,-0.3437565863132477,-0.298082172870636,-0.8746191263198853,-0.4074345827102661,0.1125574856996536,0.0045177754946053,0.0189505871385335,-0.1127455160021781,-0.0048112766817212,-0.0175547637045383,0.1935532093048095,0.1317580789327621,-0.3001034259796142,-0.1324761062860489,0.0877976417541503,-0.356563538312912,0.1388371884822845,0.3870511651039123,-0.0821421071887016,-0.0739009156823158,0.3651618659496307,-0.1261502057313919,1
235,0.0418072640895843,-0.5493271946907043,-0.3953916132450104,0.1754978448152542,-0.4425050616264343,-0.2115930020809173,0.3035212159156799,-0.6610047221183777,-0.2836198508739471,-0.1117167770862579,-0.4507223069667816,-0.2632185518741607,-0.2306383997201919,-0.6346602439880371,-0.3396241366863251,0.3977705538272857,-0.8995065093040466,-0.3464535474777221,-0.3029751777648926,-0.8744503855705261,-0.3964220285415649,0.1125478893518447,0.0048007941804826,0.0186676494777202,-0.1127315014600753,-0.0050995876081287,-0.0172583032399415,0.1927717924118042,0.1646264642477035,-0.3013584017753601,-0.1327594369649887,0.1154789179563522,-0.3456349372863769,0.1341738551855087,0.4300328195095062,-0.0917816534638404,-0.0777996852993965,0.3968411684036255,-0.1250535398721695,1
236,0.0415540002286434,-0.5549094080924988,-0.393033355474472,0.1749828457832336,-0.4468072354793548,-0.2068138569593429,0.3025820553302765,-0.6636433601379395,-0.2691178917884826,-0.1128887608647346,-0.4570982456207275,-0.2546830475330353,-0.2351366132497787,-0.6414585709571838,-0.32279172539711,0.397310346364975,-0.8994967937469482,-0.3263218700885772,-0.3098303377628326,-0.8817782998085022,-0.380971759557724,0.1126247644424438,0.0050013707950711,0.0184680707752704,-0.1127995401620864,-0.0053147543221712,-0.0170401819050312,0.186086818575859,0.1835505366325378,-0.3092870712280273,-0.1332569569349289,0.1176602095365524,-0.3453300595283508,0.1332902312278747,0.4430961608886719,-0.0977911129593849,-0.0781585201621055,0.4126987159252167,-0.128041073679924,1
237,0.0458445064723491,-0.5653333067893982,-0.3880856037139892,0.1816818863153457,-0.4537265598773956,-0.1989001035690307,0.3136454224586487,-0.6647990942001343,-0.2568660676479339,-0.1109376177191734,-0.4679166376590729,-0.2509196698665619,-0.2332274168729782,-0.6494296193122864,-0.3175884783267975,0.4043800234794616,-0.8951784372329712,-0.3158265352249145,-0.3082973062992096,-0.8864455223083496,-0.3714615404605865,0.1129601225256919,0.0052195191383361,0.0186875835061073,-0.113128088414669,-0.0055328905582427,-0.0172754749655723,0.1822621077299118,0.1999561488628387,-0.3153079450130462,-0.1214116215705871,0.1461458355188369,-0.3458080887794494,0.1329782158136367,0.4585217237472534,-0.0978063344955444,-0.0672931596636772,0.4298600256443023,-0.1284843981266021,1
238,0.0471699349582195,-0.5840129852294922,-0.3678550124168396,0.1807717680931091,-0.4665902256965637,-0.1819259077310562,0.3144198954105377,-0.6822691559791565,-0.2295974791049957,-0.1110426038503646,-0.4783182442188263,-0.2464450150728225,-0.2321496456861496,-0.6723347306251526,-0.3156217038631439,0.4109447598457336,-0.90425443649292,-0.2829685509204864,-0.303194135427475,-0.9133859276771544,-0.3591434359550476,0.1129133477807045,0.00577297154814,0.0201427862048149,-0.1130803674459457,-0.0060772309079766,-0.0187914595007896,0.1763807088136673,0.2116149514913559,-0.3125136494636535,-0.1171365678310394,0.1458499282598495,-0.341720849275589,0.1271999329328537,0.4743626713752746,-0.0975031480193138,-0.0669893324375152,0.4447560906410217,-0.1347463428974151,1
239,0.0494577810168266,-0.5872759222984314,-0.3623766899108886,0.1845821291208267,-0.466856837272644,-0.1770109236240387,0.324118047952652,-0.680808424949646,-0.2252825200557708,-0.1091511473059654,-0.4792174398899078,-0.2417542487382888,-0.2316349297761917,-0.6755186915397644,-0.3099015653133392,0.4179640412330627,-0.9029555320739746,-0.2787563502788543,-0.2982240915298462,-0.9135589003562928,-0.3522854149341583,0.1131665855646133,0.0067698149941861,0.0205530766397714,-0.1133337840437889,-0.0070529812946915,-0.0192241985350847,0.1631870567798614,0.2229173630475998,-0.3316518068313598,-0.1132952943444252,0.1432357877492904,-0.3503606617450714,0.123503029346466,0.4840813279151916,-0.1240625604987144,-0.0624036192893981,0.4481197297573089,-0.162412941455841,1
240,0.0439538620412349,-0.588026762008667,-0.3623889088630676,0.1841567605733871,-0.4667488038539886,-0.1758967936038971,0.3248839378356933,-0.6814960241317749,-0.2259959876537323,-0.1094325333833694,-0.4820543527603149,-0.2314756661653518,-0.2311179637908935,-0.685971736907959,-0.2914006114006042,0.4176626801490783,-0.9027917981147766,-0.2793223857879638,-0.2993694543838501,-0.9207496643066406,-0.3324059247970581,0.1134416386485099,0.0070788185112178,0.020389350131154,-0.1135962158441543,-0.0073606991209089,-0.0190566387027502,0.1546239256858825,0.2369233220815658,-0.3386931121349334,-0.1219329461455345,0.159694105386734,-0.3501861989498138,0.1147326603531837,0.5077769756317139,-0.1311357617378235,-0.0707737430930137,0.4940249025821686,-0.1675366461277008,1
241,0.0417606197297573,-0.6001636385917664,-0.35765340924263,0.185425266623497,-0.4691411554813385,-0.1732141077518463,0.3246263265609741,-0.6827554702758789,-0.2217724919319152,-0.1096898466348648,-0.4904192984104156,-0.2173420339822769,-0.2310905009508133,-0.7020791172981262,-0.2753802835941314,0.4177260398864746,-0.9026625752449036,-0.2797589898109436,-0.300185352563858,-0.9386590719223022,-0.3237462341785431,0.1134874671697616,0.0071346573531627,0.0192529242485761,-0.1136479750275611,-0.0074189165607094,-0.0179607104510068,0.1536443382501602,0.260555624961853,-0.3119943141937256,-0.1394145339727401,0.196645900607109,-0.2940922677516937,0.1159757152199745,0.5389645099639893,-0.1136770024895668,-0.0816952213644981,0.5226978063583374,-0.1263145357370376,1
242,0.0369885005056858,-0.6008609533309937,-0.3755452632904053,0.1847055405378341,-0.4690353274345398,-0.189987301826477,0.3261192440986633,-0.6825501322746277,-0.2388530224561691,-0.109698511660099,-0.4902328550815582,-0.2340531796216964,-0.2314163595438003,-0.69776850938797,-0.2990631461143493,0.4160582721233368,-0.902213215827942,-0.2931087911128998,-0.3003452122211456,-0.9214919209480286,-0.3609248995780945,0.1131753772497177,0.0071048936806619,0.018399329856038,-0.1133985593914985,-0.0074008465744555,-0.0170901138335466,0.1452883630990982,0.298352837562561,-0.1918273717164993,-0.140922725200653,0.2410379499197006,-0.2180913239717483,0.1261134147644043,0.5946131348609924,-0.0043145595118403,-0.0892440602183342,0.5761798024177551,-0.0440898612141609,1
243,0.0398153588175773,-0.6024003624916077,-0.3754065036773681,0.1850207597017288,-0.4730358123779297,-0.1894178837537765,0.3280359804630279,-0.6873088479042053,-0.2368991523981094,-0.1071617156267166,-0.4926410913467407,-0.2416149377822876,-0.2245631068944931,-0.6945288181304932,-0.3220851123332977,0.415757268667221,-0.90998512506485,-0.2923460006713867,-0.292839765548706,-0.9127310514450072,-0.3914688229560852,0.1129282861948013,0.0072714639827609,0.0184861030429601,-0.1131876036524772,-0.0075750574469566,-0.0171863455325365,0.144510731101036,0.3107071816921234,-0.1610423028469085,-0.1406466960906982,0.2478353232145309,-0.2047793120145797,0.13518126308918,0.6005521416664124,0.0450687259435653,-0.0900007188320159,0.5714214444160461,-0.0050851763226091,1
244,0.0438678562641143,-0.5974088311195374,-0.3830529451370239,0.1849372237920761,-0.4664148092269897,-0.2019966095685959,0.3278093934059143,-0.6829257011413574,-0.2611521482467651,-0.1006389632821083,-0.4895561635494232,-0.2546192705631256,-0.2107148766517639,-0.676237940788269,-0.3441734910011291,0.4155392646789551,-0.909578025341034,-0.3151679039001465,-0.2850078046321869,-0.8977870941162109,-0.4154423773288727,0.1124346032738685,0.0074167009443044,0.0184355899691581,-0.112701192498207,-0.0077130319550633,-0.0171260572969913,0.1394177228212356,0.3106551766395569,-0.1977682560682296,-0.1330055594444275,0.2437811344861984,-0.22846420109272,0.1335689127445221,0.6062051057815552,0.0311436876654624,-0.0889765620231628,0.5742729902267456,-0.0323203317821025,1
245,0.0446881614625453,-0.5971708297729492,-0.3874864876270294,0.1841746419668197,-0.4694474339485168,-0.2014270275831222,0.3301719129085541,-0.6866540312767029,-0.2584579288959503,-0.0997844412922859,-0.4912667870521545,-0.264082133769989,-0.2007439881563186,-0.6760581731796265,-0.356098473072052,0.4157924056053161,-0.9159684777259828,-0.306733101606369,-0.2664359807968139,-0.8973004817962646,-0.4317852556705475,0.1118400320410728,0.0073209144175052,0.018968591466546,-0.1121404469013214,-0.0076292715966701,-0.0176690984517335,0.1479397416114807,0.328770637512207,-0.100626952946186,-0.129898652434349,0.2809276282787323,-0.1487209349870681,0.1538444906473159,0.6328105926513672,0.0968100801110267,-0.0885266959667205,0.5882561802864075,0.0525688044726848,1
246,0.0477692820131778,-0.5969345569610596,-0.401041716337204,0.184469074010849,-0.4709171652793884,-0.2054192274808883,0.3301040232181549,-0.6861904263496399,-0.2576698958873749,-0.099530853331089,-0.4906463623046875,-0.2748252153396606,-0.2020572274923324,-0.6703469753265381,-0.3749671280384063,0.4155139625072479,-0.9134058356285096,-0.3063048720359802,-0.2656847536563873,-0.8894246220588684,-0.4671291708946228,0.1117505505681037,0.0066601918078958,0.0196223184466362,-0.1120675429701805,-0.0070063062012195,-0.0183580536395311,0.1477489322423935,0.3511064946651459,-0.0091148763895034,-0.1197597607970237,0.3078678846359253,-0.0847334340214729,0.1556600928306579,0.6478286981582642,0.211094468832016,-0.0882459133863449,0.6106567978858948,0.1143177077174186,1
247,0.0484297350049018,-0.6017779111862183,-0.399120420217514,0.1844991445541381,-0.4717152714729309,-0.2047052830457687,0.3308877050876617,-0.6860760450363159,-0.256897360086441,-0.0996231585741043,-0.4910134375095367,-0.2726083397865295,-0.202669471502304,-0.6678618788719177,-0.3773325383663177,0.4154067039489746,-0.9129974842071532,-0.3060056567192077,-0.2631713151931762,-0.8864012360572815,-0.4753092229366302,0.1116683781147003,0.0064762658439576,0.0201403070241212,-0.1119963303208351,-0.0068371263332664,-0.0188926272094249,0.1451819837093353,0.3542863428592682,-0.0096215838566422,-0.1170580387115478,0.3089113533496856,-0.1006941124796867,0.1551645845174789,0.6465430855751038,0.2054649442434311,-0.0880250483751297,0.6141120195388794,0.0934721380472183,1
248,0.0505033023655414,-0.6027619242668152,-0.3941333591938019,0.1848450452089309,-0.4718441367149353,-0.1989995539188385,0.333210676908493,-0.6859344244003296,-0.250527411699295,-0.0987483635544776,-0.4915341138839721,-0.2686411738395691,-0.2029129415750503,-0.6739753484725952,-0.366927832365036,0.414424866437912,-0.9139371514320374,-0.2977771461009979,-0.2714140117168426,-0.8983224630355835,-0.4396348893642425,0.1111238747835159,0.0067633250728249,0.0200943574309349,-0.1114738881587982,-0.0071227909065783,-0.018858166411519,0.1352957487106323,0.3507262468338012,-0.0218037776648998,-0.1136195734143257,0.298561543226242,-0.1113846078515052,0.135179191827774,0.6531764268875122,0.1094015762209892,-0.0833103656768798,0.6075158715248108,0.0629933178424835,1
249,0.0584581568837165,-0.6064203977584839,-0.3800083994865417,0.1856658011674881,-0.4734538495540619,-0.1882253140211105,0.3332023620605469,-0.6858733296394348,-0.232093259692192,-0.0898207277059555,-0.4937901496887207,-0.261257529258728,-0.1906934529542923,-0.675101101398468,-0.3594635128974914,0.4144777357578277,-0.9139482378959656,-0.2883057594299316,-0.2500200271606445,-0.8943416476249695,-0.4370449483394623,0.1100010201334953,0.0067869159393012,0.0203951224684715,-0.1103480234742164,-0.0071450602263212,-0.0191648453474044,0.144963800907135,0.3539192974567413,-0.0454399958252906,-0.1085246056318283,0.3065300285816192,-0.109022818505764,0.1480653136968612,0.6642858982086182,0.1208240389823913,-0.0727059245109558,0.617487370967865,0.0832825005054473,1
250,0.0512435398995876,-0.6061767339706421,-0.3810979425907135,0.1783580332994461,-0.4766992032527923,-0.1884128004312515,0.3181545436382293,-0.6918726563453674,-0.231981873512268,-0.0977761372923851,-0.4973237216472626,-0.2602876722812652,-0.1984353512525558,-0.6816206574440002,-0.3519143164157867,0.3979987800121307,-0.9234299659729004,-0.2887483835220337,-0.2516475915908813,-0.8982737064361572,-0.4318829774856567,0.1098479479551315,0.0067443987354636,0.0206103418022394,-0.1101896688342094,-0.0071246242150664,-0.019375592470169,0.1388208419084549,0.3762274384498596,0.0303733497858047,-0.1088183000683784,0.3309020698070526,-0.0282171871513128,0.1342469602823257,0.6725338101387024,0.2413560301065445,-0.0866359770298004,0.6328112483024597,0.1899016350507736,1
251,0.0432863757014274,-0.6071761250495911,-0.3847245573997497,0.1779728680849075,-0.4778198897838592,-0.1937729716300964,0.3176570832729339,-0.6935970187187195,-0.2362659722566604,-0.1018329039216041,-0.4971988797187805,-0.2602683305740356,-0.2091023474931717,-0.6803295612335205,-0.3518557250499725,0.3948459923267364,-0.9227946400642396,-0.290301501750946,-0.2619917094707489,-0.89506596326828,-0.4321099817752838,0.1096556112170219,0.0064123938791453,0.0204962082207202,-0.1100026816129684,-0.0068127573467791,-0.019254682585597,0.128312736749649,0.3759621977806091,0.0116451000794768,-0.1065813899040222,0.3310081958770752,-0.0270863752812147,0.1289679855108261,0.675979733467102,0.1994435042142868,-0.0961077660322189,0.6359900236129761,0.1637355685234069,1
252,0.034060776233673,-0.608551561832428,-0.3792862296104431,0.1770886778831482,-0.477752149105072,-0.1895541697740554,0.3177557587623596,-0.6934006810188293,-0.2339130640029907,-0.1087768897414207,-0.4955666661262512,-0.2474509626626968,-0.2273741066455841,-0.680700957775116,-0.347717821598053,0.3941296935081482,-0.9133650660514832,-0.2857014536857605,-0.2866024971008301,-0.8957717418670654,-0.4314357340335846,0.1095862835645675,0.0065207672305405,0.0200270805507898,-0.1099433600902557,-0.0069169602356851,-0.018834276124835,0.1162195354700088,0.3777400851249695,-0.0242989491671323,-0.1085313111543655,0.3264431059360504,-0.098387099802494,0.107208140194416,0.7008063197135925,0.1172772571444511,-0.095274418592453,0.6442176699638367,0.0681110173463821,1
253,0.0398681946098804,-0.6105725765228271,-0.367745965719223,0.1797914505004882,-0.4785618484020233,-0.1751601994037628,0.3179577589035034,-0.6934338212013245,-0.2142635434865951,-0.1085277870297432,-0.4972129762172699,-0.2332130819559097,-0.2256058752536773,-0.6798079013824463,-0.3477596938610077,0.39434415102005,-0.9132014513015748,-0.274379551410675,-0.2785907685756683,-0.8908206820487976,-0.4571256339550018,0.1095593497157096,0.0063725560903549,0.0200706720352172,-0.1099142059683799,-0.0067780404351651,-0.01889169216156,0.1176657080650329,0.3809464275836944,-0.0202309787273406,-0.1043204814195633,0.3433705270290375,-0.066005565226078,0.1100055947899818,0.7033753991127014,0.1275826394557953,-0.0884491130709648,0.6691822409629822,0.100902147591114,1
254,0.0356519930064678,-0.6124143004417419,-0.3587137758731842,0.1753840148448944,-0.4877823889255523,-0.1654605418443679,0.3072205483913421,-0.6972658038139343,-0.198194533586502,-0.1131562739610672,-0.5016005039215088,-0.2218967974185943,-0.2296964973211288,-0.673222541809082,-0.3352610170841217,0.3870745003223419,-0.9156617522239684,-0.2662268579006195,-0.2776609063148498,-0.8746286034584045,-0.4549949467182159,0.1092348471283912,0.0060110022313892,0.0200423393398523,-0.1095563471317291,-0.0064643286168575,-0.0188546683639287,0.1097226440906524,0.3931367099285126,0.047317449003458,-0.0890770927071571,0.3634865283966064,0.0038899627979844,0.1111274808645248,0.7082613706588745,0.2034742385149002,-0.0884889438748359,0.6916146874427795,0.1758043766021728,1
255,0.0440504997968673,-0.6126192808151245,-0.360076367855072,0.1788561344146728,-0.487421452999115,-0.1674708575010299,0.3082672655582428,-0.6964190602302551,-0.20231893658638,-0.1104287728667259,-0.5014594197273254,-0.2244952023029327,-0.2201394885778427,-0.6610606908798218,-0.342529833316803,0.3829180300235748,-0.9162006378173828,-0.2677758634090423,-0.2623772323131561,-0.8489478826522827,-0.4641773700714111,0.1090656593441963,0.0059960903599858,0.0206046495586633,-0.1093763709068298,-0.0064547508955001,-0.0193691924214363,0.1092306599020958,0.4042317271232605,0.0767468512058258,-0.0858475714921951,0.3624685704708099,0.0015960593009367,0.1173605099320411,0.7206876277923584,0.2287187874317169,-0.0852732881903648,0.6925709843635559,0.1641246229410171,1
256,0.0394512005150318,-0.6150120496749878,-0.3580740690231323,0.1781050860881805,-0.4893009066581726,-0.1669787019491195,0.3086602687835693,-0.6999157667160034,-0.2028387635946273,-0.1132451519370079,-0.5049998760223389,-0.2197486907243728,-0.2233786582946777,-0.663822591304779,-0.3238367438316345,0.3836866915225982,-0.9248706102371216,-0.2667352259159088,-0.2630315721035003,-0.8547524809837341,-0.4396000504493713,0.109023593366146,0.006067463196814,0.0192388873547315,-0.1093345806002616,-0.0065397270955145,-0.0180091504007577,0.1090138182044029,0.4042804539203644,0.0673342868685722,-0.0869648084044456,0.3597801327705383,0.0133022060617804,0.1244333833456039,0.7196817398071289,0.2300768345594406,-0.0835606157779693,0.6862905621528625,0.1923159211874008,1
257,0.0353275462985038,-0.6079409122467041,-0.3796646893024444,0.1726845204830169,-0.4842509627342224,-0.1849768459796905,0.2978077530860901,-0.6957868337631226,-0.2218539863824844,-0.1161465495824813,-0.4982958137989044,-0.2410434484481811,-0.2238219529390335,-0.6566634774208069,-0.3591079711914062,0.3756890892982483,-0.9216256141662598,-0.2861890196800232,-0.2647214829921722,-0.8476015329360962,-0.488315224647522,0.1088457331061363,0.0059641855768859,0.0193228013813495,-0.1091467961668968,-0.006451447494328,-0.0180820152163505,0.0978292971849441,0.407348483800888,0.0627493932843208,-0.0877742692828178,0.3637648522853851,0.0090707661584019,0.1143196672201156,0.7266137599945068,0.220611110329628,-0.0831261649727821,0.694084107875824,0.1807015538215637,1
258,0.0325249545276165,-0.6118229031562805,-0.369806170463562,0.1701369434595108,-0.4860419332981109,-0.1706033945083618,0.2958539128303528,-0.6944552659988403,-0.2035531103610992,-0.1205370649695396,-0.5000178813934326,-0.2310667783021927,-0.231992021203041,-0.6574664115905762,-0.3396958410739898,0.3656982183456421,-0.9105381965637208,-0.2756398320198059,-0.2657600939273834,-0.848739504814148,-0.4637047946453094,0.108686938881874,0.0058601349592208,0.0190488025546073,-0.1089775264263153,-0.0063620069995522,-0.0177852325141429,0.0972160771489143,0.4100538492202759,0.0601844154298305,-0.0878891348838806,0.3681181967258453,0.0124719878658652,0.1139647811651229,0.7380208969116211,0.2047285288572311,-0.0830258131027221,0.7057923674583435,0.1757585853338241,1
259,0.0326575078070163,-0.6105515360832214,-0.3697733283042907,0.1699515879154205,-0.4855797588825226,-0.1692796051502227,0.2945207357406616,-0.6911200881004333,-0.2018756419420242,-0.1202930733561515,-0.4974246323108673,-0.2324317842721939,-0.2308977246284485,-0.6531121730804443,-0.3428860306739807,0.3603693842887878,-0.9094741344451904,-0.2723245620727539,-0.2655235230922699,-0.8389971256256104,-0.466898500919342,0.108488492667675,0.0058096735738217,0.0208655800670385,-0.1087628751993179,-0.0063163749873638,-0.0195376463234424,0.0902909561991691,0.4168596267700195,0.0659756809473037,-0.0860915184020996,0.3712837696075439,-0.0098518980666995,0.1115518659353256,0.7480818033218384,0.1956408321857452,-0.0878091380000114,0.720559298992157,0.1156091839075088,1
260,0.0320979841053485,-0.6208180785179138,-0.3180135190486908,0.1702030003070831,-0.4936761260032654,-0.1242003142833709,0.2949914038181305,-0.6924354434013367,-0.1457346230745315,-0.1219770610332489,-0.5032132267951965,-0.1824506670236587,-0.2305309027433395,-0.6455768942832947,-0.2975398600101471,0.3632501363754272,-0.9092312455177308,-0.2127824574708938,-0.2581445276737213,-0.8192993998527527,-0.435855507850647,0.1082243099808693,0.006200982723385,0.018995301797986,-0.1084796860814094,-0.0067103295587003,-0.017671775072813,0.087501473724842,0.4169239401817322,0.0482897907495498,-0.0864050909876823,0.3737103939056396,-0.0025814657565206,0.1095543429255485,0.7587617635726929,0.1472944021224975,-0.0875994563102722,0.7320244312286377,0.1203496605157852,1
261,0.0371689945459365,-0.6381562352180481,-0.3057283461093902,0.1733898669481277,-0.5016741156578064,-0.1058135405182838,0.297802209854126,-0.6984813213348389,-0.1305482983589172,-0.1216845586895942,-0.5135367512702942,-0.1772397756576538,-0.229312002658844,-0.6756402254104614,-0.2808127105236053,0.3599298596382141,-0.9129440784454346,-0.192697986960411,-0.2536860406398773,-0.8557069897651672,-0.3878521621227264,0.1081718504428863,0.006376352161169,0.0196310207247734,-0.1084246337413787,-0.0068940524943172,-0.0183501597493886,0.0846447199583053,0.421329140663147,0.0636144503951072,-0.0870661437511444,0.373473584651947,-0.0010237416718155,0.1066479906439781,0.7595508098602295,0.1727385073900222,-0.0902151316404342,0.7266883850097656,0.123150922358036,1
262,0.0366359055042266,-0.6366100311279297,-0.3146756291389465,0.1717225760221481,-0.4995737671852112,-0.115852952003479,0.2980927228927612,-0.6920120716094971,-0.1407167911529541,-0.1233755722641944,-0.5128318667411804,-0.181023970246315,-0.2341236770153045,-0.6751273274421692,-0.2867385447025299,0.3606657981872558,-0.9056721329689026,-0.2000517845153808,-0.2649402022361755,-0.8551220893859863,-0.4011962413787842,0.1080364361405372,0.0066100489348173,0.015064388513565,-0.1082657501101493,-0.0071300994604825,-0.0138191320002079,0.075742207467556,0.4231494963169098,0.0468244068324565,-0.0960393026471138,0.3779060542583465,0.0170751512050628,0.1065239310264587,0.7670098543167114,0.1472185552120208,-0.0898204818367958,0.7350447177886963,0.140204519033432,1
263,0.0399826541543006,-0.6337661147117615,-0.3181169033050537,0.1724181622266769,-0.4951838254928589,-0.1200190931558609,0.3005661964416504,-0.6895315051078796,-0.1503933519124984,-0.1216047629714012,-0.50930255651474,-0.1905910819768905,-0.2325074821710586,-0.6747801899909973,-0.3090097606182098,0.3594167530536651,-0.9026756882667542,-0.2141592651605606,-0.2623565196990967,-0.8639354109764099,-0.4269921481609344,0.1080012470483779,0.0065608453005552,0.017421243712306,-0.1082335412502288,-0.0070912791416049,-0.0162428878247737,0.0748084932565689,0.4255404472351074,0.0469239354133605,-0.095902644097805,0.3774152398109436,-0.0075056157074868,0.1006067395210266,0.7678772211074829,0.1518479287624359,-0.0907031372189521,0.7324433922767639,0.1203811541199684,0
264,0.037604846060276,-0.6339276432991028,-0.3200577795505523,0.1705186665058136,-0.4980483949184418,-0.1210817471146583,0.2997669279575348,-0.6965799927711487,-0.1540239602327346,-0.12351855635643,-0.5117091536521912,-0.1814989745616912,-0.2391652762889862,-0.7074788808822632,-0.2511732578277588,0.3419260680675506,-0.9028232097625732,-0.2179703414440155,-0.2710850536823272,-0.92287677526474,-0.3258022367954254,0.1079660207033157,0.0060309143736958,0.0145262042060494,-0.1081978380680084,-0.0065876273438334,-0.0134650263935327,0.0756026357412338,0.4245987832546234,0.0477371402084827,-0.0927825942635536,0.382286936044693,0.0144433658570051,0.1082934513688087,0.7651305794715881,0.15900419652462,-0.0874129384756088,0.7333904504776001,0.1540051102638244,0
265,0.0384582132101058,-0.6396467685699463,-0.2958136796951294,0.1702908873558044,-0.5075916647911072,-0.0928174927830696,0.298113465309143,-0.7049766182899475,-0.1136170625686645,-0.1237960681319236,-0.5145788192749023,-0.1671439111232757,-0.2382261604070663,-0.7018088698387146,-0.248258501291275,0.3400157988071441,-0.903258979320526,-0.1744700223207473,-0.2579126358032226,-0.9078701734542848,-0.3271248340606689,0.107606716454029,0.0060181473381817,0.0177890099585056,-0.1078341528773307,-0.0065740481950342,-0.0166795533150434,0.0716644003987312,0.4265766739845276,0.0560060404241085,-0.0903762206435203,0.38227578997612,0.0060286372900009,0.0913615524768829,0.7658471465110779,0.1666550189256668,-0.0893859416246414,0.7353955507278442,0.1295063346624374,0
266,0.0417052544653415,-0.6396217942237854,-0.2997656762599945,0.1730300039052963,-0.5092567801475525,-0.1002658978104591,0.3016324639320373,-0.7114228010177612,-0.125231921672821,-0.1235729306936264,-0.5180845260620117,-0.1692997962236404,-0.237440288066864,-0.707871675491333,-0.2539309561252594,0.344768077135086,-0.908622145652771,-0.1860931068658828,-0.2528511881828308,-0.9094650745391846,-0.3353881537914276,0.1075676754117012,0.0060119773261249,0.0172102060168981,-0.1077953949570655,-0.0065683056600391,-0.0161086190491914,0.0720443725585937,0.4263147413730621,0.0551657490432262,-0.0864234864711761,0.3824070990085602,0.0112006701529026,0.0918741524219513,0.7653517127037048,0.1669520288705825,-0.0874737724661827,0.734834611415863,0.1412249058485031,0
267,0.0383010767400264,-0.6410353183746338,-0.2964290380477905,0.1691966354846954,-0.510482132434845,-0.093337245285511,0.292068600654602,-0.7097336053848267,-0.1064944267272949,-0.1261817067861557,-0.5217751264572144,-0.165837287902832,-0.2375171035528183,-0.7053784728050232,-0.2537974417209625,0.3464633524417877,-0.903494656085968,-0.1666010171175003,-0.2536589205265045,-0.9074406027793884,-0.3435139954090118,0.107418805360794,0.0060418373905122,0.0178800169378519,-0.1076397076249122,-0.006602763198316,-0.0167571976780891,0.072347804903984,0.4261241853237152,0.0568853057920932,-0.0870287418365478,0.3820157051086426,0.0110998880118131,0.0918617248535156,0.7649941444396973,0.1689251959323883,-0.0898802801966667,0.7334862351417542,0.1430378407239914,0
268,0.0379993133246898,-0.6429091095924377,-0.2825911343097687,0.1684592068195343,-0.5154353976249695,-0.0817242264747619,0.2902778089046478,-0.7166731953620911,-0.0942198857665062,-0.1286312788724899,-0.5215010046958923,-0.1528849899768829,-0.2411536872386932,-0.7027391195297241,-0.2420626282691955,0.3359382152557373,-0.9075296521186828,-0.1519223302602768,-0.2543924152851105,-0.8991210460662842,-0.3309388756752014,0.107380673289299,0.0054656085558235,0.0191401448100805,-0.1076018959283828,-0.0060303122736513,-0.0179830025881528,0.076941967010498,0.4247966408729553,0.0635894462466239,-0.0889264494180679,0.3820293545722961,0.0112959090620279,0.0988476872444152,0.764008641242981,0.1762301474809646,-0.0904359444975853,0.7332258820533752,0.1432303041219711,0
269,0.0372866839170455,-0.6461024284362793,-0.2806491255760193,0.1684400290250778,-0.5167067050933838,-0.0822571367025375,0.2885219752788543,-0.7185400724411011,-0.0953326374292373,-0.1283689588308334,-0.521414041519165,-0.1499451696872711,-0.2409344464540481,-0.7020677924156189,-0.2413946539163589,0.3373414278030395,-0.9125492572784424,-0.1524635106325149,-0.2532044053077698,-0.8986112475395203,-0.334609717130661,0.1072805970907211,0.00519500952214,0.0199157539755105,-0.1074999496340751,-0.0057609295472502,-0.0187292415648698,0.0773209854960441,0.4248131215572357,0.0656313523650169,-0.0882718935608863,0.3824982345104217,0.0060854884795844,0.0990200638771057,0.7637895345687866,0.1774708926677703,-0.0906615480780601,0.7354691624641418,0.1340885758399963,0
270,0.0313081219792366,-0.645318865776062,-0.2827562987804413,0.1649757772684097,-0.5174105167388916,-0.0845630466938018,0.287242442369461,-0.721026599407196,-0.1075245514512062,-0.1387386322021484,-0.5213078856468201,-0.1512634307146072,-0.2513743340969085,-0.7095426321029663,-0.2302382737398147,0.3310748934745788,-0.9176520109176636,-0.1654703766107559,-0.2670872211456299,-0.9130842685699464,-0.3034015297889709,0.1073127761483192,0.0050791767425835,0.0172456987202167,-0.1075318232178688,-0.0056373043917119,-0.0161163602024316,0.0744980052113533,0.4246257543563843,0.0576434433460235,-0.0904966741800308,0.3820535242557525,0.0104408655315637,0.0995517820119857,0.7634002566337585,0.1732807457447052,-0.0971088781952858,0.732749879360199,0.1392941325902938,0
271,0.0322795249521732,-0.6457002758979797,-0.2663193941116333,0.1667911857366562,-0.5193824768066406,-0.0705414861440658,0.2892834842205047,-0.7219839692115784,-0.0816588029265403,-0.1365898549556732,-0.5212323665618896,-0.1326802223920822,-0.2466192245483398,-0.6840976476669312,-0.2266853898763656,0.3314136564731598,-0.9217573404312134,-0.1311715990304947,-0.2538054585456848,-0.8674647212028503,-0.3093743026256561,0.1071037277579307,0.0049956650473177,0.0174544770270586,-0.1073191836476326,-0.0055553195998072,-0.016299981623888,0.0745561420917511,0.4241214394569397,0.0604707933962345,-0.0891870111227035,0.3819905817508697,0.0103762652724981,0.0912305936217308,0.7633626461029053,0.174437403678894,-0.0969458520412445,0.7328600883483887,0.1378176361322403,0
272,0.0319580994546413,-0.6425943374633789,-0.2694058418273926,0.1665160506963729,-0.5163047313690186,-0.0736424848437309,0.2848140597343445,-0.7200722098350525,-0.0838258638978004,-0.1367446333169937,-0.5173916220664978,-0.135090172290802,-0.2480335682630539,-0.6859431266784668,-0.228433221578598,0.3276731073856354,-0.9200896620750428,-0.1325019598007202,-0.2627220153808594,-0.8777300119400024,-0.3146547079086303,0.1071658283472061,0.0047679794952273,0.0165221765637397,-0.1073928698897361,-0.0053470558486878,-0.0153800686821341,0.0709385126829147,0.4241636991500854,0.0550575703382492,-0.0979660004377365,0.3820991516113281,0.0152548206970095,0.0895473957061767,0.7632788419723511,0.1732272505760193,-0.0939521268010139,0.7327720522880554,0.1442617177963256,0
273,0.0296588893979787,-0.6411436200141907,-0.2710202932357788,0.1651575714349746,-0.5145412683486938,-0.0748366340994834,0.282509982585907,-0.7162086367607117,-0.0882905349135398,-0.1362717896699905,-0.5147092342376709,-0.1367700845003128,-0.247772678732872,-0.6866841316223145,-0.2294935137033462,0.3231565356254577,-0.9159947633743286,-0.1384255439043045,-0.2625451982021332,-0.8788370490074158,-0.3168745934963226,0.1070856228470802,0.0046977759338915,0.0170971825718879,-0.1073211431503295,-0.0052773086354136,-0.015957748517394,0.0695674791932106,0.4259080588817596,0.0550243742763996,-0.0968975126743316,0.382252037525177,0.0116542223840951,0.0869835913181305,0.7665407061576843,0.1684962958097458,-0.0904798507690429,0.7356958985328674,0.1354280114173889,0
274,0.0273363515734672,-0.6349509358406067,-0.3145762383937835,0.1614564806222915,-0.5054752826690674,-0.1205403953790664,0.2795539200305938,-0.7055134773254395,-0.1535269021987915,-0.1360217630863189,-0.5118993520736694,-0.1801740676164627,-0.2475199401378631,-0.6944395899772644,-0.2665814757347107,0.3237280249595642,-0.9033278226852416,-0.2158403694629669,-0.2688945531845093,-0.9031128883361816,-0.3460316359996795,0.1069919690489769,0.0046546361409127,0.0171512234956026,-0.1072265952825546,-0.0052351639606058,-0.0160234346985816,0.0705901160836219,0.4262261092662811,0.0572514757513999,-0.0963474214076995,0.3827322423458099,0.017425799742341,0.0918583422899246,0.7651731967926025,0.1787318736314773,-0.0887822657823562,0.7331728339195251,0.1635994613170623,0
275,0.0315701365470886,-0.6349679231643677,-0.2903536856174469,0.1625491976737976,-0.5055556297302246,-0.0862196609377861,0.2825101613998413,-0.7058389782905579,-0.1076468378305435,-0.1349339932203292,-0.5113725066184998,-0.1679368466138839,-0.2418685257434845,-0.6929702758789062,-0.262855589389801,0.3231329023838043,-0.9032599329948424,-0.1693527400493621,-0.2535106241703033,-0.8924168348312378,-0.3568392097949981,0.106857918202877,0.0046215592883527,0.0196694731712341,-0.1070989444851875,-0.0052033946849405,-0.0185009408742189,0.0699848234653472,0.4262086153030395,0.056952565908432,-0.0974405258893966,0.3813509941101074,0.0096398871392011,0.0871631503105163,0.7651427388191223,0.1789508908987045,-0.0879733115434646,0.7312280535697937,0.1480709761381149,0
276,0.0281888674944639,-0.6347483396530151,-0.2992029786109924,0.1606673151254654,-0.5056424736976624,-0.1008497551083564,0.2825904190540313,-0.7059388160705566,-0.1285424679517746,-0.1358629912137985,-0.5118094086647034,-0.1670104265213012,-0.2443084418773651,-0.6973367929458618,-0.2565252184867859,0.3214568793773651,-0.905231475830078,-0.1858374774456024,-0.2673799991607666,-0.8972170948982239,-0.3385037779808044,0.1066862419247627,0.0046332939527928,0.0176039356738328,-0.10691799223423,-0.0052147838287055,-0.016497841104865,0.0701998397707939,0.4260843992233276,0.0569364130496978,-0.0940752178430557,0.3814478516578674,0.0159280039370059,0.0938933193683624,0.7637044787406921,0.1758397370576858,-0.0914941430091857,0.7317931652069092,0.151631087064743,0
277,0.0282137393951416,-0.6347872614860535,-0.2985877394676208,0.1607165038585662,-0.5065757036209106,-0.0982613712549209,0.2826509773731231,-0.7063031196594238,-0.1247445344924926,-0.1356071084737777,-0.5132455229759216,-0.1674198806285858,-0.2439979612827301,-0.6943696141242981,-0.2616051733493805,0.3296355307102203,-0.9087079167366028,-0.184870570898056,-0.267863929271698,-0.8907866477966309,-0.3582717478275299,0.1066524162888526,0.004627485293895,0.0193897821009159,-0.1068845689296722,-0.0052070524543523,-0.0182688497006893,0.069943793118,0.4260972142219543,0.061906024813652,-0.0885998755693435,0.3810489177703857,-0.0047911233268678,0.0844966098666191,0.7636724710464478,0.1808565557003021,-0.0914822220802307,0.7319983243942261,0.1185116469860076,0
278,0.0229584351181983,-0.6351655721664429,-0.2997922003269195,0.1590237319469452,-0.5065650939941406,-0.105508878827095,0.2762638926506042,-0.7054064869880676,-0.1341894716024398,-0.1370353251695633,-0.513495147228241,-0.16496042907238,-0.2469812780618667,-0.6913365125656128,-0.2553403973579407,0.3272592425346374,-0.9089323878288268,-0.1947350800037384,-0.275362879037857,-0.8903266787528992,-0.3569428622722626,0.1066295653581619,0.0046537686139345,0.0153061458840966,-0.1068626418709755,-0.0052360957488417,-0.0141864400357007,0.0642187073826789,0.4264551997184753,0.0587137341499328,-0.0899083539843559,0.3818389475345611,0.0142023265361785,0.0784165933728218,0.7639018297195435,0.1787213236093521,-0.0910292789340019,0.7326720952987671,0.1470328718423843,0
279,0.0284083075821399,-0.634804904460907,-0.2986150085926056,0.1626310646533966,-0.5066772699356079,-0.0983266681432724,0.2819386124610901,-0.7062265872955322,-0.1210959553718566,-0.1332006752490997,-0.5134590864181519,-0.1652746051549911,-0.2371942698955536,-0.689867377281189,-0.2584030926227569,0.3339287042617798,-0.9110097289085388,-0.1814205646514892,-0.2607982456684112,-0.8890295624732971,-0.3567181527614593,0.1066018417477607,0.0046463198959827,0.0192750543355941,-0.106838010251522,-0.0052279820665717,-0.0181467123329639,0.0694258287549018,0.4263951480388641,0.0622275248169899,-0.0869801193475723,0.3813851773738861,-0.0013499063206836,0.078302189707756,0.7644417881965637,0.1804335713386535,-0.0914046689867973,0.732679545879364,0.1210076138377189,0
280,0.0203169472515583,-0.6392009258270264,-0.2942002713680267,0.1586955934762954,-0.509063184261322,-0.0977444425225257,0.274480789899826,-0.7065414786338806,-0.1195317134261131,-0.1370960026979446,-0.5141338109970093,-0.1559181213378906,-0.2432299256324768,-0.6890344619750977,-0.2472852319478988,0.3307585120201111,-0.9111954569816588,-0.1780411154031753,-0.2682115733623504,-0.8890703916549683,-0.3486731052398681,0.1065498143434524,0.0047566383145749,0.0179987978190183,-0.1067749857902526,-0.0053356746211647,-0.016871266067028,0.066912405192852,0.4266816675662994,0.0589998736977577,-0.0898811668157577,0.3814295530319214,0.0101525299251079,0.0785603001713752,0.7649133801460266,0.1724114269018173,-0.0917658880352974,0.732724666595459,0.1381339728832245,0
281,0.0308146215975284,-0.6314752697944641,-0.3175978064537048,0.1642073988914489,-0.5072884559631348,-0.1137337386608123,0.2804949879646301,-0.7066138982772827,-0.1392784267663955,-0.1312087327241897,-0.511957049369812,-0.1883880496025085,-0.2383711487054824,-0.6873224973678589,-0.2910355627536773,0.3319561779499054,-0.9109326601028442,-0.1988560110330581,-0.2667463421821594,-0.8863085508346558,-0.390446275472641,0.1065444573760032,0.0046318951062858,0.0193610433489084,-0.1067709699273109,-0.0052113691344857,-0.0181650817394256,0.0675139501690864,0.4271591007709503,0.0724958851933479,-0.0845937430858612,0.3814195692539215,-0.0003276582574471,0.0792336165904998,0.7612911462783813,0.1970500648021698,-0.0916666239500045,0.7328194379806519,0.1223888546228408,0
282,0.0279480312019586,-0.6287779211997986,-0.329158216714859,0.1593314856290817,-0.5037638545036316,-0.1317207962274551,0.2800526618957519,-0.7022385597229004,-0.1649311780929565,-0.1354623883962631,-0.5115300416946411,-0.1959462016820907,-0.2430696934461593,-0.6878794431686401,-0.297196477651596,0.3330976366996765,-0.9077937006950378,-0.2304245233535766,-0.2705184817314148,-0.8865089416503906,-0.3956305682659149,0.1064996272325515,0.0046504633501172,0.0166267659515142,-0.1067233309149742,-0.0052251545712351,-0.0154431611299514,0.0671412795782089,0.4257602095603943,0.049342181533575,-0.0852111801505088,0.3814470171928406,0.0114876125007867,0.0806131958961486,0.7612395882606506,0.1680151522159576,-0.0904600694775581,0.7327979207038879,0.1455401182174682,0
283,0.0303543824702501,-0.6361706256866455,-0.2779031693935394,0.162554457783699,-0.5096905827522278,-0.0865485221147537,0.2827398180961609,-0.7098677754402161,-0.1148627996444702,-0.135115846991539,-0.5131065845489502,-0.1340364217758178,-0.2433979213237762,-0.6954972743988037,-0.2065003812313079,0.3179554641246795,-0.9079511165618896,-0.1664039045572281,-0.2646807730197906,-0.8934560418128967,-0.2760148644447326,0.1064863502979278,0.0040122484788298,0.0166232790797948,-0.1067098304629325,-0.0045956764370203,-0.0154372183606028,0.0683360621333122,0.4257986545562744,0.0569498166441917,-0.0851940959692001,0.3828296661376953,0.012470263056457,0.0820283591747284,0.7608326077461243,0.177140012383461,-0.0924100503325462,0.7358253598213196,0.1449438631534576,0
284,0.0256647262722253,-0.6338678598403931,-0.3114919066429138,0.1605084389448166,-0.5072344541549683,-0.1172994747757911,0.281304270029068,-0.7061070799827576,-0.1484935134649276,-0.1365023851394653,-0.5123536586761475,-0.1691851615905761,-0.2477684020996093,-0.6868979334831238,-0.2588398158550262,0.322767436504364,-0.9100870490074158,-0.2085427790880203,-0.2798680663108825,-0.8899155259132385,-0.3614217638969421,0.1064995303750038,0.0041957353241741,0.0155820632353425,-0.1067225560545921,-0.0047737620770931,-0.0144394254311919,0.0678926333785057,0.4258519411087036,0.0509803928434848,-0.0863148346543312,0.3828701078891754,0.0150548908859491,0.0827866792678833,0.7619958519935608,0.1687860190868377,-0.0909746214747428,0.7352529764175415,0.1511292457580566,0
285,0.0283687617629766,-0.6357418894767761,-0.3086485266685486,0.1645029038190841,-0.5073471665382385,-0.1138252392411232,0.2885518074035644,-0.7069576382637024,-0.1416689604520797,-0.1327158212661743,-0.5124697089195251,-0.1676827669143676,-0.2442178279161453,-0.6874188184738159,-0.2585896849632263,0.3259863555431366,-0.9093719124794006,-0.2001063525676727,-0.2712162137031555,-0.889013946056366,-0.3610236644744873,0.1064569801092147,0.0041740112937986,0.0159614440053701,-0.1066837012767791,-0.0047508757561445,-0.0148155409842729,0.0687484443187713,0.4258667528629303,0.0533301867544651,-0.0837468728423118,0.3827800154685974,0.0129429539665579,0.0849607735872268,0.7622414231300354,0.1696438789367675,-0.0875904858112335,0.7351731657981873,0.1470882445573806,0
286,0.022694956511259,-0.6356475949287415,-0.3086503446102142,0.1601071059703827,-0.507236897945404,-0.1134407520294189,0.2875112891197204,-0.703305721282959,-0.1412133425474167,-0.1373021304607391,-0.5122102499008179,-0.1684372872114181,-0.2494152933359146,-0.6853735446929932,-0.2574038207530975,0.3309285938739776,-0.9062402844429016,-0.2024410814046859,-0.2805089056491852,-0.8887903094291687,-0.3547017872333526,0.1064512357115745,0.0042557083070278,0.0156784243881702,-0.1066760122776031,-0.0048267445527017,-0.0145430350676178,0.0672721192240715,0.4261615872383117,0.0517752729356288,-0.0863150879740715,0.3830342590808868,0.0153942704200744,0.0862428545951843,0.7627263069152832,0.1664103120565414,-0.0875681564211845,0.735148012638092,0.1510114818811416,0
287,0.0273786392062902,-0.6436557769775391,-0.2555449306964874,0.1652258485555648,-0.5161311030387878,-0.0713362023234367,0.2905713021755218,-0.7060797810554504,-0.1033191010355949,-0.1364608705043792,-0.5134351849555969,-0.1092196702957153,-0.2497023195028305,-0.6855090856552124,-0.1755958795547485,0.3062328994274139,-0.9058979153633118,-0.1572483032941818,-0.2712996900081634,-0.8826001286506653,-0.2478258609771728,0.1063618436455726,0.0037549862172454,0.015255014412105,-0.1065770089626312,-0.0043163732625544,-0.0141013422980904,0.0687018483877182,0.4253562986850738,0.0519752688705921,-0.0842029750347137,0.383617639541626,0.0183222498744726,0.0904092267155647,0.7617314457893372,0.1665751338005066,-0.0875850468873977,0.7357897162437439,0.1515008509159088,0
288,0.0251201260834932,-0.648874044418335,-0.2652928829193115,0.1643035113811493,-0.515770435333252,-0.0774423703551292,0.2903928458690643,-0.7055767178535461,-0.1081916615366935,-0.1386287212371826,-0.5147013068199158,-0.1220150738954544,-0.2608253955841064,-0.6871834397315979,-0.1929486244916916,0.3176746070384979,-0.9080563187599182,-0.1624189466238021,-0.2766480147838592,-0.8816996216773987,-0.2511875927448272,0.1063518822193145,0.0039830920286476,0.0133426142856478,-0.1065655425190925,-0.0045439703390002,-0.0122369155287742,0.0632412135601043,0.4260797500610351,0.0512415133416652,-0.0881135314702987,0.3843875527381897,0.0273755621165037,0.0887910798192024,0.7646735906600952,0.1662246882915496,-0.0872150287032127,0.7372309565544128,0.1627092808485031,0
289,0.0298557821661233,-0.6531832218170166,-0.2543341517448425,0.1667713522911071,-0.5185443758964539,-0.0617413185536861,0.2987039983272552,-0.7088596224784851,-0.0774175003170967,-0.1382658630609512,-0.5165411829948425,-0.1190867274999618,-0.2598095238208771,-0.6825165152549744,-0.2038209289312362,0.3352797627449035,-0.9093291759490968,-0.13014617562294,-0.26154825091362,-0.8573145866394043,-0.2595027983188629,0.1063123941421508,0.0038871215656399,0.0159064587205648,-0.1065231934189796,-0.004445020109415,-0.0147314993664622,0.0658349469304084,0.4254417717456817,0.0628714263439178,-0.0857906639575958,0.3833861947059631,0.0242952592670917,0.0885966345667839,0.7641234397888184,0.1792490035295486,-0.0838096067309379,0.7336965203285217,0.1601734310388565,0
290,0.0281742010265588,-0.6607535481452942,-0.2178752720355987,0.1672600507736206,-0.5228976607322693,-0.0446931682527065,0.2981686890125274,-0.7059094905853271,-0.0804459154605865,-0.1413032263517379,-0.5171080231666565,-0.0681388974189758,-0.2709432244300842,-0.6719586849212646,-0.1633012890815735,0.3158237636089325,-0.8946036100387573,-0.1391854882240295,-0.2684500515460968,-0.8306352496147156,-0.2661558091640472,0.1064140275120735,0.0038534773048013,0.0108064962550997,-0.1065959557890892,-0.004402048420161,-0.0096067283302545,0.0658966451883316,0.4253162145614624,0.050891850143671,-0.0883694067597389,0.3834937512874603,0.0308387745171785,0.0955345407128334,0.7641032934188843,0.1590207070112228,-0.0837554559111595,0.7339248061180115,0.1607309430837631,0
291,0.0342875234782695,-0.6632799506187439,-0.2145987749099731,0.1742211431264877,-0.5225324630737305,-0.0324267782270908,0.3150666952133178,-0.7021119594573975,-0.0628330036997795,-0.1398799568414688,-0.5191787481307983,-0.0630784034729003,-0.2703511118888855,-0.6839265823364258,-0.1230725273489952,0.3200642466545105,-0.8939977884292603,-0.1120115220546722,-0.2709286212921142,-0.8541510701179504,-0.1888956725597381,0.1066841036081314,0.003788745496422,0.0107413046061992,-0.1068614944815635,-0.0043402342125773,-0.0095571354031562,0.0692213252186775,0.4252529442310333,0.0545693673193454,-0.0870435833930969,0.3834996521472931,0.0317261926829814,0.0954656600952148,0.7634125351905823,0.1714067757129669,-0.0812606588006019,0.7322525382041931,0.1637939512729644,0
292,0.036258615553379,-0.6660035848617554,-0.2055009305477142,0.1744768023490905,-0.522807240486145,-0.0274718478322029,0.3144207894802093,-0.6959444880485535,-0.0656214505434036,-0.139798417687416,-0.519174337387085,-0.0482462979853153,-0.2764676213264465,-0.690148651599884,-0.1001004949212074,0.3127266764640808,-0.8841268420219421,-0.1164631098508834,-0.2727736234664917,-0.872250497341156,-0.1585420221090316,0.106980100274086,0.0031792824156582,0.0104970075190067,-0.1071220561861991,-0.0037324409931898,-0.0092965038493275,0.0694720968604087,0.4253418147563934,0.0553189739584922,-0.0872673988342285,0.3848603367805481,0.0322252474725246,0.0967115983366966,0.7615048885345459,0.1733302325010299,-0.0809270590543747,0.7322854399681091,0.1642829924821853,0
293,0.0328192040324211,-0.6687504053115845,-0.157339870929718,0.174666166305542,-0.5229300260543823,0.0078351516276597,0.3192845284938812,-0.6807194948196411,-0.0429878793656826,-0.1398564279079437,-0.5175819396972656,0.0090311374515295,-0.2829551696777344,-0.6895598769187927,-0.013600705191493,0.3064921200275421,-0.8766142725944519,-0.0968424528837204,-0.2797757685184479,-0.8744977116584778,-0.0414119623601436,0.1070836409926414,0.0027357880026102,0.0081809209659695,-0.1072135791182518,-0.0032549703028053,-0.0070254616439342,0.0720528066158294,0.423103928565979,0.0486518070101738,-0.0874635875225067,0.3848956823348999,0.0320964008569717,0.0973341688513755,0.757819652557373,0.1620014607906341,-0.0809707418084144,0.7321184277534485,0.1605965793132782,0
294,0.0333413369953632,-0.6703266501426697,-0.1393464803695678,0.179812803864479,-0.5177211761474609,0.0284471120685338,0.3372319042682647,-0.662609875202179,-0.0217549093067646,-0.1388357579708099,-0.5159744024276733,0.0286885946989059,-0.2872950136661529,-0.6922780275344849,0.0054554524831473,0.3223257958889007,-0.8753204345703125,-0.0818504318594932,-0.2797918319702148,-0.8872944712638855,-0.0282195750623941,0.1073709949851036,0.00259126489982,0.005771470721811,-0.1075002923607826,-0.0031049228273332,-0.0047051222063601,0.0722568109631538,0.4228003323078155,0.0452771969139575,-0.0837965160608291,0.3854568004608154,0.0318959727883338,0.0965853184461593,0.7576889395713806,0.1582036912441253,-0.0740047469735145,0.7339640855789185,0.1592058688402176,0
295,0.0333325453102588,-0.6700121164321899,-0.154721513390541,0.1809443533420562,-0.5174485445022583,0.0188705567270517,0.3552623093128204,-0.6493775844573975,-0.0188637860119342,-0.1385792046785354,-0.5159209370613098,0.0210108626633882,-0.295941025018692,-0.6838136315345764,0.0086185401305556,0.3364693522453308,-0.8608207702636719,-0.0639727562665939,-0.2802471220493316,-0.8755257725715637,-0.0186036825180053,0.1073925495147705,0.0025293077342212,0.0038715624250471,-0.1075217500329017,-0.0030374319758266,-0.0029035545885562,0.0722358599305152,0.421936422586441,0.0460397526621818,-0.0837989076972007,0.3862315714359283,0.0361362062394619,0.0971946716308593,0.7547774314880371,0.1631831377744674,-0.0762383192777633,0.7338246703147888,0.1610680967569351,0
296,0.0352426692843437,-0.6697753071784973,-0.1561143845319748,0.1842088848352432,-0.5151378512382507,0.0185274258255958,0.3611708581447601,-0.6282840371131897,-0.0161379650235176,-0.1382585167884826,-0.5147267580032349,0.0312063060700893,-0.3163612782955169,-0.6840130090713501,0.0371207930147647,0.3479799628257751,-0.8418630361557007,-0.0681385248899459,-0.2860892415046692,-0.8785962462425232,0.0272457599639892,0.1077156141400337,0.0020472970791161,0.0017861388623714,-0.1078449860215187,-0.0025515628512948,-0.000923930958379,0.077969416975975,0.4197161197662353,0.0465361438691616,-0.0823584347963333,0.3863206803798675,0.0446573868393898,0.1077989339828491,0.7499548196792603,0.1766931861639022,-0.0743661820888519,0.7302036285400391,0.1848887950181961,0
297,0.0357114486396312,-0.669917106628418,-0.1496486961841583,0.1847674995660781,-0.5122969746589661,0.028968259692192,0.3629450500011444,-0.6058402061462402,-0.0044445106759667,-0.1403412520885467,-0.5131916999816895,0.0360000133514404,-0.3186436891555786,-0.683006763458252,0.0394734293222427,0.3458177447319031,-0.8137373924255371,-0.0512861870229244,-0.2859229743480682,-0.8788734674453735,0.0359986424446105,0.1079407036304473,0.0017227766802534,0.0020690662786364,-0.1080710664391517,-0.0022189412266016,-0.0012241360964253,0.0776706486940383,0.4197892844676971,0.0467673689126968,-0.0863916426897049,0.3856685757637024,0.04285379499197,0.1065468862652778,0.7498804330825806,0.1739073544740677,-0.0798472538590431,0.7265661954879761,0.1760666221380233,0
298,0.0378984995186328,-0.6698270440101624,-0.160858541727066,0.186848983168602,-0.5114971399307251,0.0281668789684772,0.3704886138439178,-0.593069851398468,-0.0064226146787405,-0.1402896493673324,-0.5110297203063965,0.0309427212923765,-0.3165238499641418,-0.6606180667877197,0.0246733464300632,0.3391358256340027,-0.7957916855812073,-0.0568456128239631,-0.2832378447055816,-0.8603536486625671,0.0114114070311188,0.108065128326416,0.0015878935810178,0.0020165124442428,-0.1081994324922561,-0.0020828670822083,-0.0011777398176491,0.0781756341457367,0.4190479516983032,0.0446767285466194,-0.0842070132493972,0.3856887519359588,0.0436187982559204,0.1045514717698097,0.7478817701339722,0.1752630174160003,-0.0765942856669426,0.7239805459976196,0.1804694086313247,0
299,0.0370430201292037,-0.6699878573417664,-0.1685795038938522,0.18675097823143,-0.5076236128807068,0.0250182561576366,0.3728690147399902,-0.5628988146781921,-0.0250295903533697,-0.1407005488872528,-0.5077424049377441,0.0278879720717668,-0.3165000975131988,-0.6266200542449951,0.0176613796502351,0.3387506008148193,-0.7569461464881897,-0.1044066548347473,-0.2833103239536285,-0.8192471265792847,-0.0305311009287834,0.1080968379974365,0.0016732887597754,0.0019570807926356,-0.1082301139831543,-0.0021605368237942,-0.0011191160883754,0.0763704404234886,0.4201208055019378,0.0342168509960174,-0.0819069370627403,0.3860417008399963,0.0421249754726886,0.1041245087981224,0.7474786639213562,0.1746028959751129,-0.0747530907392501,0.7234575152397156,0.1801454871892929,0
300,0.0372766852378845,-0.6699339747428894,-0.1701112985610962,0.1868277490139007,-0.5033422708511353,0.0238707102835178,0.3731780350208282,-0.5481724143028259,-0.0251988898962736,-0.139761745929718,-0.4996221363544464,0.0245296098291873,-0.3198067843914032,-0.583716630935669,0.0023066576104611,0.3340489566326141,-0.7429186105728149,-0.1045013219118118,-0.2835996747016907,-0.7720638513565063,-0.0545006096363067,0.1078218966722488,0.0019414364360272,0.0067400257103145,-0.1079423353075981,-0.0024160926695913,-0.0058851279318332,0.0764093473553657,0.420856773853302,0.0355727262794971,-0.0809312388300895,0.3852722644805908,0.0288160070776939,0.1038077473640441,0.7476434707641602,0.17262864112854,-0.0737216025590896,0.7222594618797302,0.1611213833093643,0
301,0.03217663615942,-0.6681076288223267,-0.1893264651298523,0.1847905069589615,-0.4971432983875274,0.0134975239634513,0.3677728474140167,-0.5027756094932556,-0.0407732725143432,-0.1400075256824493,-0.496246725320816,-0.0053067971020936,-0.3195045292377472,-0.5429466366767883,-0.0295180473476648,0.3302957415580749,-0.6916167140007019,-0.135243758559227,-0.2775816917419433,-0.7143539786338806,-0.0901280269026756,0.1077416241168975,0.0020350401755422,0.0087541630491614,-0.1078602746129036,-0.0025075902231037,-0.0079646846279501,0.0795838385820388,0.4209184348583221,0.0409324243664741,-0.0757309198379516,0.3853882253170013,0.0288299657404422,0.1104908511042594,0.7467525005340576,0.1806035339832306,-0.0704244822263717,0.7206507921218872,0.1649812012910843,0
302,0.0382507853209972,-0.6654934883117676,-0.2069936692714691,0.1847647577524185,-0.485857605934143,0.0036031811032444,0.3534203171730041,-0.451995313167572,-0.0515441261231899,-0.1360172182321548,-0.494706243276596,-0.026248687878251,-0.3133389353752136,-0.5131593346595764,-0.0711833834648132,0.332455962896347,-0.6316897869110107,-0.1603817045688629,-0.2685523927211761,-0.6747941374778748,-0.1630674600601196,0.1077283546328544,0.0020306098740547,0.0100429449230432,-0.1078418120741844,-0.002508450532332,-0.0092236176133155,0.0814476534724235,0.4231738150119781,0.0417405106127262,-0.0734815970063209,0.387119859457016,0.0285402610898017,0.1148089095950126,0.7472541332244873,0.1854211539030075,-0.0663084685802459,0.7206833958625793,0.1720706224441528,0
303,0.0348717793822288,-0.6600093245506287,-0.2252380698919296,0.175578698515892,-0.4758020937442779,-0.0135960299521684,0.3281616568565368,-0.4107719957828522,-0.0811898112297058,-0.1383768022060394,-0.4931066632270813,-0.0409272909164428,-0.311478853225708,-0.4800229966640472,-0.1144451275467872,0.3187469244003296,-0.5875030755996704,-0.2042518407106399,-0.2619475424289703,-0.6362186670303345,-0.2421423643827438,0.1076439917087555,0.0020245974883437,0.0104828840121626,-0.1077403128147125,-0.0025099648628383,-0.009676874615252,0.0809309557080268,0.4230904281139374,0.0410730801522731,-0.0732235759496688,0.3883259296417236,0.024754187092185,0.1012817993760109,0.7472359538078308,0.1853546351194381,-0.0689838156104087,0.7234446406364441,0.1701444834470749,0
304,0.0428954921662807,-0.655249834060669,-0.2202329635620117,0.1787349879741668,-0.4663463234901428,-0.0120881972834467,0.3301532566547394,-0.3920866250991821,-0.0823869109153747,-0.1300395727157592,-0.4865610301494598,-0.0362962111830711,-0.2974762618541717,-0.4558350741863251,-0.1197516843676567,0.3191888332366943,-0.5742629766464233,-0.2109723538160324,-0.2410678714513778,-0.6082170009613037,-0.2548037469387054,0.1075080409646034,0.0020802984945476,0.0105715133249759,-0.1075900495052337,-0.0025822112802416,-0.0097805308178067,0.0809037163853645,0.4237506687641144,0.0381116271018981,-0.0706588923931121,0.3890354037284851,0.0228528510779142,0.1012800857424736,0.7501229047775269,0.1809593141078949,-0.0673336759209632,0.726557731628418,0.1696274131536483,0
305,0.0376391075551509,-0.6533039212226868,-0.2285308688879013,0.1730349361896515,-0.4661070704460144,-0.0138395214453339,0.3175985813140869,-0.3766773641109466,-0.1023026630282402,-0.1392706781625747,-0.4818935990333557,-0.0461960956454277,-0.2975505292415619,-0.408184140920639,-0.1503639817237854,0.3101716935634613,-0.5488635301589966,-0.2514823079109192,-0.2422376275062561,-0.5486438274383545,-0.3069990575313568,0.1075535416603088,0.0021328825969249,0.010815005749464,-0.1076279133558273,-0.0026432452723383,-0.0100786983966827,0.077697679400444,0.4258972108364105,0.0379265584051609,-0.0731823295354843,0.389993280172348,0.0221126247197389,0.0860550329089164,0.7577139139175415,0.1767407804727554,-0.0697552859783172,0.7306501865386963,0.1645803600549698,0
306,0.0402569472789764,-0.6513290405273438,-0.2232204526662826,0.1729364693164825,-0.4643857181072235,-0.0009820883860811,0.304490327835083,-0.356802225112915,-0.1003759503364563,-0.1376009881496429,-0.4757304191589355,-0.0448483265936374,-0.285869151353836,-0.3798893690109253,-0.1513621211051941,0.3033289611339569,-0.5241225361824036,-0.2383754551410675,-0.2356398999691009,-0.5189235806465149,-0.3281785845756531,0.1075459644198417,0.0020545693114399,0.011840783059597,-0.1076140105724334,-0.00257347850129,-0.0111306076869368,0.076968066394329,0.4274812936782837,0.0372503846883773,-0.0728837177157402,0.390910655260086,0.0158864762634038,0.08914415538311,0.7587141394615173,0.169974535703659,-0.0695849061012268,0.7362003326416016,0.1560698449611663,0
307,0.0406269766390323,-0.6442850232124329,-0.2239083647727966,0.1710580140352249,-0.461649477481842,0.000579698185902,0.2891597151756286,-0.3383150696754455,-0.0966492593288421,-0.1381401568651199,-0.468611478805542,-0.0497605241835117,-0.2772253155708313,-0.3487798869609833,-0.1737148761749267,0.2868668735027313,-0.4973730742931366,-0.2668164372444153,-0.2209968268871307,-0.4845595061779022,-0.3592574000358581,0.1075589582324028,0.0020021579694002,0.016393756493926,-0.1076187863945961,-0.0025300879497081,-0.0157258175313472,0.0763646885752677,0.4281862676143646,0.0372590608894825,-0.0713404491543769,0.3909173607826233,0.0065074199810624,0.0879686325788497,0.758834958076477,0.1699428409337997,-0.0685892179608345,0.7359820604324341,0.1508703976869583,0
308,0.0443294867873191,-0.6441949605941772,-0.2244040518999099,0.1700704991817474,-0.46197709441185,-0.0012056620325893,0.2719545364379883,-0.3246567547321319,-0.0967970862984657,-0.1381718665361404,-0.4681294560432434,-0.0482794977724552,-0.2722671031951904,-0.3286112844944,-0.1617554426193237,0.268978089094162,-0.4716068506240845,-0.2801916301250458,-0.227082073688507,-0.4629805088043213,-0.351476103067398,0.1076874732971191,0.0018094924744218,0.0167506840080022,-0.1077260226011276,-0.0023580589331686,-0.016058512032032,0.0761362537741661,0.427709698677063,0.0384501628577709,-0.0704700723290443,0.3910913169384002,0.0033798615913838,0.089615099132061,0.754959762096405,0.1718708127737045,-0.0602930784225463,0.73643559217453,0.1443331837654113,0
309,0.0527170673012733,-0.6427491307258606,-0.2238916158676147,0.1691475510597229,-0.4638554453849792,-0.0016800509765744,0.2544501721858978,-0.3138766586780548,-0.0987821668386459,-0.1383944451808929,-0.4666379690170288,-0.0556601509451866,-0.2438906282186508,-0.289593368768692,-0.1728382259607315,0.2519750595092773,-0.4587927162647247,-0.2975896298885345,-0.2229719012975692,-0.3838767409324646,-0.3884106278419494,0.1077446863055229,0.0015608427347615,0.0171503536403179,-0.1077716276049614,-0.0021088987123221,-0.0164445005357265,0.0770171731710434,0.4244938790798187,0.0441246442496776,-0.0694208070635795,0.3912490606307983,0.0041328491643071,0.0940807536244392,0.7496766448020935,0.1721188127994537,-0.0599682405591011,0.7364232540130615,0.144536405801773,0
310,0.0609850324690341,-0.6399873495101929,-0.2235585898160934,0.1697769165039062,-0.4631626904010772,-0.0005612888489849,0.2475518584251403,-0.285226970911026,-0.09773750603199,-0.1387291401624679,-0.4632302224636078,-0.0563362315297126,-0.2305986732244491,-0.2625406086444855,-0.1675716936588287,0.242216482758522,-0.437619000673294,-0.3029131889343261,-0.2183394581079483,-0.3283560872077942,-0.383592277765274,0.1080124899744987,0.0012475308030843,0.0184057354927063,-0.1080226823687553,-0.0018046513432636,-0.0176586508750915,0.0771660953760147,0.4239338636398315,0.0625199526548385,-0.0673186630010604,0.3918235898017883,0.0045979213900864,0.0937662497162818,0.7486472725868225,0.1861040443181991,-0.057025983929634,0.7369717359542847,0.1440637111663818,0
311,0.0686851292848587,-0.63448166847229,-0.2230144143104553,0.1653113961219787,-0.4593630135059356,0.0138086043298244,0.2313800752162933,-0.2616687715053558,-0.0670162886381149,-0.1403211951255798,-0.4575565457344055,-0.0602425262331962,-0.2073787897825241,-0.2294302284717559,-0.1655217111110687,0.2350728511810302,-0.4203597605228424,-0.2754088938236236,-0.188760757446289,-0.2781505882740021,-0.3708051443099975,0.1080216318368911,0.0004219957918394,0.0230896808207035,-0.1080321669578552,-0.0010147374123334,-0.0222270656377077,0.0773880407214164,0.4236110746860504,0.0731373280286789,-0.0669393613934516,0.391988456249237,0.0028126931283622,0.094947375357151,0.7464542388916016,0.1948046833276748,-0.0570229142904281,0.736948549747467,0.140515848994255,0
312,0.0795623436570167,-0.6331790685653687,-0.1772350668907165,0.1644499003887176,-0.4535469710826874,0.0505081005394458,0.2367282211780548,-0.2536092698574066,-0.0438039861619472,-0.1448704004287719,-0.4568314850330353,-0.0369566567242145,-0.1914148032665252,-0.2233477681875229,-0.0966510325670242,0.2356168776750564,-0.4101284444332123,-0.2596794366836548,-0.152014672756195,-0.2005328387022018,-0.2624020278453827,0.1081983894109726,5.490261401064345e-07,0.0243381317704916,-0.1082286685705185,-0.0006085689528845,-0.0233893040567636,0.0748850107192993,0.4248321056365967,0.0612990967929363,-0.0667341649532318,0.3916111886501312,0.0018282360397279,0.0948954001069068,0.746762752532959,0.1785917431116104,-0.0516018494963645,0.7363766431808472,0.1432403326034546,0
313,0.0836227908730506,-0.630585253238678,-0.1843565106391906,0.1644430309534073,-0.4455024003982544,0.0423483550548553,0.2314126640558242,-0.2389290630817413,-0.0500843152403831,-0.1450504660606384,-0.4538411796092987,-0.0432331413030624,-0.184334710240364,-0.2196077704429626,-0.1067797243595123,0.2325052320957183,-0.3941918015480041,-0.2650653719902038,-0.1213785633444786,-0.2195226550102234,-0.284496545791626,0.1082533672451973,-0.0001344569027423,0.0244505833834409,-0.1082847490906715,-0.0004882998182438,-0.0234806835651397,0.0751354992389679,0.4245956242084503,0.051682598888874,-0.0657652765512466,0.3914771378040313,0.0023212572559714,0.0950570032000541,0.7471223473548889,0.1598045229911804,-0.0469000376760959,0.7358905076980591,0.1478404998779297,0
314,0.0837935730814933,-0.628832221031189,-0.1454735100269317,0.1607621908187866,-0.4428503811359405,0.0710864216089248,0.2273468673229217,-0.2385255992412567,-0.0259529966861009,-0.1475448161363601,-0.4522725045681,-0.0146351419389247,-0.1882922500371933,-0.2177485972642898,-0.0627628564834594,0.2273758500814438,-0.3950721025466919,-0.2305697202682495,-0.1386357098817825,-0.1871443837881088,-0.2134773880243301,0.1082246080040931,-0.0002968900662381,0.0262456107884645,-0.1082580536603927,-0.000317491183523,-0.0251888949424028,0.0727377831935882,0.4246751666069031,0.0484481118619442,-0.0655126050114631,0.3910109996795654,-0.0022322102449834,0.0895534753799438,0.7479082345962524,0.1618575602769851,-0.0464374981820583,0.7346930503845215,0.1474809795618057,0
315,0.0845435336232185,-0.6291693449020386,-0.1536559611558914,0.1608776003122329,-0.4428431093692779,0.0633479282259941,0.2295290380716323,-0.2424598038196563,-0.0329321920871734,-0.1474630087614059,-0.4543243050575256,-0.0182071458548307,-0.1888276487588882,-0.2250254899263382,-0.0709549635648727,0.2269376963376999,-0.3971497118473053,-0.2334730178117752,-0.1453360915184021,-0.1698981672525406,-0.2291282713413238,0.1082250624895095,-0.0004491972213145,0.0265304055064916,-0.1082638502120971,-0.0001686877076281,-0.0254568513482809,0.0731870681047439,0.423992246389389,0.0479914508759975,-0.0664781630039215,0.3894616961479187,-0.0026940335519611,0.0904598385095596,0.7434651255607605,0.1629765927791595,-0.0518275313079357,0.7316811680793762,0.1476474404335022,0
316,0.0802518129348754,-0.6305506229400635,-0.1535132080316543,0.160005509853363,-0.4431964755058288,0.0612535029649734,0.2291056215763092,-0.2431325018405914,-0.0353111661970615,-0.1503850072622299,-0.4578390121459961,-0.0125676812604069,-0.2014883756637573,-0.2259135991334915,-0.0632770732045173,0.2277770191431045,-0.3947529792785644,-0.2347635477781295,-0.1782595366239547,-0.1416100561618805,-0.2296180427074432,0.1082212328910827,-0.0004987641586922,0.0252313297241926,-0.1082664430141449,-0.0001208495959872,-0.0241830758750438,0.0732350051403045,0.4189765453338623,0.0274115651845932,-0.0665954947471618,0.3893687129020691,-0.0033880602568387,0.0905812159180641,0.7442101240158081,0.1336075812578201,-0.0515993982553482,0.7371348738670349,0.1390454173088073,0
317,0.0814696699380874,-0.633859395980835,-0.1628188490867614,0.1634368002414703,-0.4508302509784698,0.0441370792686939,0.2293595224618911,-0.2543041408061981,-0.0479148030281066,-0.150885209441185,-0.4712161719799042,-0.0176830757409334,-0.2104927897453308,-0.231251984834671,-0.0474338680505752,0.2271251827478408,-0.396964281797409,-0.2477643638849258,-0.1837080717086792,-0.0868640467524528,-0.1678371727466583,0.1084361225366592,-0.0006968409870751,0.0246370900422334,-0.1085537374019622,6.841767753940076e-05,-0.0235916022211313,0.0755559131503105,0.4189989268779754,0.0335015133023262,-0.0697951167821884,0.388927012681961,0.0010306095937266,0.0907005742192268,0.7419673204421997,0.1742274165153503,-0.0525981746613979,0.7312610149383545,0.1525127589702606,0
318,0.081311360001564,-0.6345833539962769,-0.1633350998163223,0.1633735001087188,-0.4511037170886993,0.0433398708701133,0.2299684435129165,-0.2568511068820953,-0.0481745339930057,-0.1507531553506851,-0.4710666239261627,-0.0238949730992317,-0.2097205370664596,-0.2242706567049026,-0.0423038192093372,0.2274528592824936,-0.3981777429580688,-0.2508376836776733,-0.1971356272697448,-0.0672774538397789,-0.1520155966281891,0.108414351940155,-0.0006880993605591,0.0247906297445297,-0.1085484102368354,5.9106172557221726e-05,-0.0237349718809127,0.0757050290703773,0.4190520644187927,0.0358442701399326,-0.0614806041121482,0.3886942267417907,0.0008995725656859,0.0992307215929031,0.7411524653434753,0.1737591624259948,-0.0506077446043491,0.7314943671226501,0.1528395861387252,0
319,0.0784437954425811,-0.635512113571167,-0.1724616587162017,0.165311112999916,-0.4508295357227325,0.0319902263581752,0.2303401976823806,-0.2555526494979858,-0.0642842873930931,-0.1520939171314239,-0.4731859862804413,-0.0250625722110271,-0.2135512381792068,-0.2255892008543014,-0.0238446537405252,0.2256415486335754,-0.3944703638553619,-0.2767559587955475,-0.2161387801170349,-0.0505670756101608,-0.1178749203681945,0.1086580604314804,-0.0005104269366711,0.0241530500352382,-0.108829952776432,-0.0001327156933257,-0.0231035649776458,0.0748068019747734,0.4193094372749328,0.0337472297251224,-0.0641617849469184,0.3885716795921325,0.001067851553671,0.0954601392149925,0.7420046925544739,0.1671288907527923,-0.0522890798747539,0.7318120002746582,0.1526826620101928,0
320,0.0795556381344795,-0.633505642414093,-0.1909947693347931,0.1679598689079284,-0.4491013884544372,0.0204544328153133,0.2357277870178222,-0.2553481757640838,-0.0784847289323806,-0.1524655967950821,-0.4729567766189575,-0.0372411832213401,-0.2129883170127868,-0.2255477905273437,-0.0291146747767925,0.2258430421352386,-0.3938138484954834,-0.2964836061000824,-0.2126167863607406,-0.0429239496588707,-0.1261729300022125,0.1087640970945358,-0.0004939539358019,0.0240472126752138,-0.1089505031704902,-0.0001561341341584,-0.0229940433055162,0.0752316713333129,0.4166244864463806,0.0330443754792213,-0.0656917318701744,0.3883047997951507,0.0010919544147327,0.0957775488495826,0.7420490384101868,0.1573421657085418,-0.0559222102165222,0.7319759130477905,0.1496247053146362,0
321,0.0782251507043838,-0.6319273114204407,-0.2214481234550476,0.1678816974163055,-0.448148250579834,-0.0073471660725772,0.2341245114803314,-0.2553079128265381,-0.1036337316036224,-0.1544262617826461,-0.4728341102600097,-0.0620125234127044,-0.2132940143346786,-0.2264144122600555,-0.0375908687710762,0.222988560795784,-0.3907078206539154,-0.3210401535034179,-0.2109305709600448,-0.0423024855554103,-0.1362590938806533,0.109039194881916,-0.0004068694543093,0.0238694623112678,-0.1092295423150062,-0.0002446248254273,-0.0228121727705001,0.0788255780935287,0.416896790266037,0.0333560332655906,-0.0657631158828735,0.388275533914566,0.006789619103074,0.0997649878263473,0.744779646396637,0.1576164215803146,-0.0557924248278141,0.7308570742607117,0.1606204509735107,0
322,0.0786765664815902,-0.6331704258918762,-0.2114906907081604,0.1710505187511444,-0.4491246044635772,-0.0040015750564634,0.2346230298280716,-0.2558322250843048,-0.0974051058292388,-0.1536301225423813,-0.4757911562919616,-0.0503047667443752,-0.2128608524799347,-0.226786270737648,-0.0123635856434702,0.2217638343572616,-0.3868671357631683,-0.3125902414321899,-0.213133230805397,-0.0275405514985322,-0.0823737978935241,0.1091338694095611,-0.0001625839795451,0.0218929015100002,-0.1093492656946182,-0.00049839442363,-0.0208546295762062,0.0787600725889206,0.4170422554016113,0.0293797086924314,-0.0656072273850441,0.3880412578582763,0.0077152997255325,0.0997038036584854,0.7465084791183472,0.1499466598033905,-0.0559441037476062,0.7315030097961426,0.1592707484960556,0
323,0.0804792791604995,-0.6310981512069702,-0.2130412608385086,0.171353131532669,-0.4482505917549133,-0.0006372954812832,0.2348050326108932,-0.2557108998298645,-0.0957925915718078,-0.1535962671041488,-0.4755052924156189,-0.0556488335132598,-0.2078246921300888,-0.2263070791959762,-0.0172839779406785,0.2210851609706878,-0.3873094618320465,-0.3117120862007141,-0.209797129034996,-0.0258555971086025,-0.0872385129332542,0.1091859266161918,-0.0001891378778964,0.0222522616386413,-0.1094166412949562,-0.0004768117505591,-0.0212083775550127,0.0790584310889244,0.4151797592639923,0.0311615765094757,-0.0655204430222511,0.387949526309967,0.0068449173122644,0.0999945178627967,0.7429965138435364,0.1557013541460037,-0.0555387698113918,0.730359673500061,0.158677726984024,0
324,0.0860591232776641,-0.6330954432487488,-0.1848060041666031,0.1739521771669387,-0.4513706862926483,0.0259803961962461,0.2366484105587005,-0.2601726651191711,-0.0727855712175369,-0.1468521356582641,-0.478452205657959,-0.0485861226916313,-0.2060158401727676,-0.2235663086175918,-0.0161545872688293,0.2210789620876312,-0.3901289403438568,-0.2852094769477844,-0.207086831331253,-0.0095762908458709,-0.0769725143909454,0.1089113280177116,0.0001336997520411,0.0238188244402408,-0.1091843694448471,-0.0007835626602172,-0.0228170659393072,0.0797324478626251,0.4165136516094208,0.0311699844896793,-0.0642293542623519,0.3877712190151214,0.0057672900147736,0.1060231477022171,0.745107114315033,0.1584880948066711,-0.0553205907344818,0.7295522689819336,0.1582080125808715,0
325,0.0855008214712143,-0.6342268586158752,-0.1818764954805374,0.1722289323806762,-0.4521695077419281,0.0261200070381164,0.2330191433429718,-0.2626461386680603,-0.0712313279509544,-0.1478821635246276,-0.4787976741790771,-0.0445719137787818,-0.2101920843124389,-0.2239193469285965,-0.0092013571411371,0.2196172922849655,-0.3914802968502044,-0.2817556858062744,-0.2067931890487671,-0.0161691382527351,-0.0672215223312377,0.1089443936944007,0.000147202721564,0.0236681066453456,-0.1092241257429122,-0.0007981345406733,-0.0226478427648544,0.0777788162231445,0.4197337925434112,0.0293023250997066,-0.0650739595293998,0.3883148729801178,0.0057028038427233,0.1030271351337432,0.7492329478263855,0.1589362174272537,-0.0526098310947418,0.730665922164917,0.1580539941787719,0
326,0.0856096521019935,-0.636884331703186,-0.1768452525138855,0.1756767779588699,-0.4543926417827606,0.0277690216898918,0.2349946945905685,-0.2653174996376037,-0.0715277194976806,-0.1462115943431854,-0.4801823794841766,-0.0376853048801422,-0.2084307819604873,-0.2240613102912902,-0.0063753593713045,0.2196490913629531,-0.3918433487415313,-0.2842272520065307,-0.2050603479146957,-0.0141387935727834,-0.0678450986742973,0.1090626791119575,0.000384310609661,0.022812083363533,-0.1093612685799598,-0.001046051736921,-0.021779142320156,0.0776992365717887,0.4201985597610473,0.0253649093210697,-0.065675564110279,0.3881822526454925,0.0055213524028658,0.1029010266065597,0.7500631213188171,0.1564275920391082,-0.0526410341262817,0.7306728363037109,0.1571315228939056,0
327,0.0836090371012687,-0.6375154256820679,-0.1655426025390625,0.1723583787679672,-0.4578905403614044,0.0338919349014759,0.2278818786144256,-0.2694278061389923,-0.0668328031897544,-0.1468795239925384,-0.4816265404224396,-0.0282510556280612,-0.2081660032272339,-0.2241626530885696,0.0025123618543148,0.2142660915851593,-0.3979519307613373,-0.2765948474407196,-0.2055551260709762,-0.0159923490136861,-0.0567185655236244,0.1091089248657226,0.00033767928835,0.02247791364789,-0.1094173341989517,-0.0009952536784112,-0.0214464105665683,0.0781316980719566,0.4206046462059021,0.0262801721692085,-0.0679268464446067,0.3889029324054718,0.0055312998592853,0.1032118648290634,0.7525067329406738,0.1588182598352432,-0.0541548356413841,0.732682466506958,0.1568064540624618,0
328,0.0833772718906402,-0.6381216049194336,-0.1644349992275238,0.171383336186409,-0.4580413997173309,0.0364205203950405,0.2276195585727691,-0.2715207934379577,-0.0623750649392604,-0.1471144556999206,-0.4821659922599792,-0.0284689143300056,-0.2083144783973693,-0.2239314615726471,0.001236250041984,0.2114709913730621,-0.399018257856369,-0.2723355293273926,-0.2029171139001846,-0.0133016277104616,-0.0608873628079891,0.1090810447931289,0.0005061711417511,0.0226024277508258,-0.1094032600522041,-0.001154194236733,-0.0215764660388231,0.0779640078544616,0.4206297099590301,0.0249624047428369,-0.0681555420160293,0.3874197006225586,0.0051653985865414,0.1013360098004341,0.752480149269104,0.1592757701873779,-0.0585570633411407,0.7290604710578918,0.1598396599292755,0
329,0.0833243727684021,-0.6390687823295593,-0.1686961054801941,0.1730891168117523,-0.4580662846565246,0.034884076565504,0.2280333936214447,-0.271385133266449,-0.0665896460413932,-0.1462559551000595,-0.4819356501102447,-0.0307846162468194,-0.2046472728252411,-0.2218775600194931,-0.0013592229224741,0.2117244005203247,-0.3988004922866821,-0.2843272686004638,-0.2007645964622497,-0.0092084761708974,-0.0627255216240882,0.1092021837830543,0.0004759906441904,0.0226435009390115,-0.1095442175865173,-0.0011254370911046,-0.0216204598546028,0.0828695967793464,0.4192884266376495,0.0250699799507856,-0.067721702158451,0.3876150250434875,0.0047636702656745,0.1093495935201644,0.750751793384552,0.1599237322807312,-0.0573466010391712,0.7290961742401123,0.1595248132944107,0
330,0.0832886695861816,-0.636877179145813,-0.181613802909851,0.1725085377693176,-0.4577338099479675,0.0263575185090303,0.2281944453716278,-0.2712837755680084,-0.0786673799157142,-0.1464720964431762,-0.4819647967815399,-0.03982525318861,-0.2076141685247421,-0.2238227576017379,-0.0091965170577168,0.2095208168029785,-0.3972808122634887,-0.3071154057979584,-0.2013231664896011,-0.0097925709560513,-0.0699007660150528,0.108946792781353,0.0004960393998771,0.0232551097869873,-0.1092928051948547,-0.0011489974567666,-0.0222594887018203,0.0835947096347808,0.4177564680576324,0.0263712294399738,-0.0653699487447738,0.3885699212551117,0.0043919938616454,0.1116710156202316,0.7514563202857971,0.1514913886785507,-0.0600780397653579,0.737997829914093,0.1501667946577072,0
331,0.0832855775952339,-0.6368471384048462,-0.1849018484354019,0.1737945824861526,-0.4570891261100769,0.0236901547759771,0.2282088100910186,-0.2684948444366455,-0.0793036594986915,-0.1465024203062057,-0.4824775457382202,-0.0402264073491096,-0.2094010859727859,-0.2274578064680099,-0.0093292770907282,0.2094805240631103,-0.3949522376060486,-0.304763525724411,-0.1998442560434341,-0.0114623922854661,-0.070469744503498,0.1090443655848503,0.0004995618364773,0.0234090983867645,-0.1093970313668251,-0.0011546162422746,-0.0224152710288763,0.0841218754649162,0.4179016649723053,0.0272466000169515,-0.0638335868716239,0.3886303901672363,0.0043956926092505,0.111702837049961,0.7511205077171326,0.1591333597898483,-0.0503728576004505,0.7358174920082092,0.1544650793075561,0
332,0.083269752562046,-0.6367985010147095,-0.1847473233938217,0.1723872572183609,-0.4571095407009125,0.0232179462909698,0.2271801084280014,-0.2686502635478973,-0.0790945440530777,-0.1472196727991104,-0.4836460649967193,-0.0407288148999214,-0.2123559266328811,-0.229789525270462,-0.0113514643162488,0.2077733874320984,-0.3948763310909271,-0.3035666346549988,-0.2012281566858291,-0.0139590967446565,-0.0735840871930122,0.1090720072388649,0.0004598066152539,0.0234604030847549,-0.1094324812293052,-0.0011156066320836,-0.0224713888019323,0.0839931443333625,0.4166254103183746,0.028065675869584,-0.0653297826647758,0.38885098695755,0.0044171521440148,0.1113599687814712,0.7477464079856873,0.1656270176172256,-0.0538934022188186,0.7350938320159912,0.1556852906942367,0
333,0.0837708562612533,-0.6369471549987793,-0.1736260205507278,0.1724871844053268,-0.4568957388401031,0.0298771206289529,0.2280707359313964,-0.2683859765529632,-0.0746936649084091,-0.1471411287784576,-0.4839124083518982,-0.0326355881989002,-0.2130381464958191,-0.2299384027719497,-0.0100369257852435,0.2079580575227737,-0.3934289216995239,-0.3015466630458832,-0.2011647075414657,-0.0141771184280514,-0.0752566531300544,0.1090916842222213,0.0005626354832202,0.0221609231084585,-0.1094539240002632,-0.0012219288619235,-0.0211648643016815,0.0828844234347343,0.415630429983139,0.0083029577508568,-0.0642953515052795,0.3885230422019958,0.0040349666960537,0.1086956784129142,0.7477415800094604,0.1442077010869979,-0.0534720905125141,0.734754204750061,0.1552917659282684,0
334,0.0856491103768348,-0.6367093324661255,-0.1791513115167617,0.1734156906604766,-0.4561105072498321,0.0251949839293956,0.2332265228033065,-0.2671662271022796,-0.0808643549680709,-0.1473817676305771,-0.4838134944438934,-0.0366812050342559,-0.2132523357868194,-0.2307232916355133,-0.0127585008740425,0.208654373884201,-0.3888526856899261,-0.309749960899353,-0.201134517788887,-0.0155417723581194,-0.0808238983154296,0.1091462969779968,0.0005673408741131,0.0217688251286745,-0.1095072925090789,-0.001227845903486,-0.0207810048013925,0.0823581144213676,0.4133460819721222,0.003610429354012,-0.0635206773877143,0.3885546326637268,0.004378255456686,0.107107862830162,0.7476659417152405,0.1368696242570877,-0.0458902232348918,0.7344335317611694,0.1551975160837173,0
335,0.0846860408782959,-0.6373440623283386,-0.1910291910171508,0.1718119233846664,-0.4561127722263336,0.0141944969072937,0.2316599935293197,-0.2673151195049286,-0.0913713499903678,-0.1479773819446563,-0.4840525090694427,-0.0541377402842044,-0.2157319188117981,-0.2307467758655548,-0.04019770398736,0.2082448005676269,-0.3887976408004761,-0.3218325078487396,-0.2012055218219757,-0.0158633980900049,-0.1139991953969001,0.1090331301093101,0.0005069693434052,0.0227813571691513,-0.1094043552875518,-0.0011677688453346,-0.0218454487621784,0.0883945152163505,0.4116663634777069,0.0143746035173535,-0.0645876228809356,0.388861745595932,0.0048181596212089,0.115897886455059,0.7476115822792053,0.1385197937488556,-0.0566290393471717,0.734492301940918,0.1543503254652023,0
336,0.0862286761403083,-0.6392969489097595,-0.1874027550220489,0.1757424026727676,-0.4559143781661987,0.017232084646821,0.23504039645195,-0.2662719488143921,-0.081960029900074,-0.1455193310976028,-0.4841612577438354,-0.0519032217562198,-0.2112711369991302,-0.2289030104875564,-0.0281265806406736,0.2125264555215835,-0.3887972831726074,-0.3016035258769989,-0.1934861987829208,-0.011319626122713,-0.0919427722692489,0.1091310158371925,0.0007683073636144,0.0227614622563123,-0.1095149740576744,-0.0014329913537949,-0.0218157060444355,0.0858913511037826,0.4145037233829498,0.0140606798231601,-0.0648848712444305,0.388687252998352,0.0076351431198418,0.1156705766916275,0.7473838925361633,0.1489610522985458,-0.0565977841615676,0.7285688519477844,0.1774810999631881,0
