FrameNo,head_x,head_y,head_z,left_shoulder_x,left_shoulder_y,left_shoulder_z,left_elbow_x,left_elbow_y,left_elbow_z,right_shoulder_x,right_shoulder_y,right_shoulder_z,right_elbow_x,right_elbow_y,right_elbow_z,left_hand_x,left_hand_y,left_hand_z,right_hand_x,right_hand_y,right_hand_z,left_hip_x,left_hip_y,left_hip_z,right_hip_x,right_hip_y,right_hip_z,left_knee_x,left_knee_y,left_knee_z,right_knee_x,right_knee_y,right_knee_z,left_foot_x,left_foot_y,left_foot_z,right_foot_x,right_foot_y,right_foot_z,running_video
0,-0.0098764728754758,-0.655976414680481,-0.1740380972623825,0.1677811443805694,-0.4771121442317962,-0.0012124244822189,0.2316587567329406,-0.28438201546669,-0.1053643822669982,-0.1507039219141006,-0.4935186505317688,0.0068003805354237,-0.2026705294847488,-0.2446550577878952,0.0110574858263134,0.254236102104187,-0.3769226968288421,-0.3268725872039795,-0.1969988942146301,-0.0490612909197807,-0.0943206772208213,0.1097033023834228,0.005358591210097,0.0044445479288697,-0.1100216284394264,-0.0059983083046972,-0.0033443171996623,0.089062862098217,0.4164410531520843,0.0166228152811527,-0.084185317158699,0.3823472261428833,0.042706448584795,0.112761378288269,0.7500438690185547,0.1724824756383896,-0.0694222599267959,0.7305237054824829,0.2127433866262436,0
1,-0.0083429710939526,-0.6559398770332336,-0.1772429943084716,0.168634220957756,-0.4744188189506531,-0.0002800760848913,0.2351542711257934,-0.2771379947662353,-0.1032469347119331,-0.1504053175449371,-0.4935086965560913,0.0055136680603027,-0.2038753032684326,-0.2424152940511703,0.0198047533631324,0.2587609589099884,-0.3754326105117798,-0.3268608748912811,-0.1970208883285522,-0.0385104455053806,-0.0616742745041847,0.109904907643795,0.0053676078096032,0.0057186605408787,-0.1102601066231727,-0.0060113267973065,-0.0046930923126637,0.0875017195940017,0.4170999825000763,0.0147750899195671,-0.0812640562653541,0.3835219442844391,0.0304246246814727,0.1036447584629058,0.7500460147857666,0.1841243952512741,-0.0635533258318901,0.7305267453193665,0.2073580175638198,0
2,-0.0083539308980107,-0.6558991074562073,-0.1817338019609451,0.1681206971406936,-0.4738383591175079,0.0003948071971535,0.2353460937738418,-0.2744864225387573,-0.0995702371001243,-0.1506987810134887,-0.4938029944896698,0.0029650072101503,-0.2053529024124145,-0.2400706857442855,0.0259470921009778,0.2626116573810577,-0.3762714266777038,-0.3232685029506683,-0.1972279101610183,-0.0322781614959239,-0.0459733344614505,0.1102758571505546,0.00536989280954,0.0061289290897548,-0.1106907501816749,-0.006016403902322,-0.0051627391949296,0.0874649137258529,0.4174517691135406,0.014964579604566,-0.0813156217336654,0.3853102922439575,0.0293154958635568,0.1042472347617149,0.748971164226532,0.202087789773941,-0.0638050213456153,0.7301572561264038,0.2075629085302353,0
3,-0.0067964666523039,-0.654654324054718,-0.181561678647995,0.1684793680906295,-0.4716909527778625,0.0026381949428468,0.2353315651416778,-0.2695835530757904,-0.0987926796078682,-0.1501296907663345,-0.493613064289093,0.0029922919347882,-0.2052243202924728,-0.2388448566198349,0.0253157243132591,0.2624480128288269,-0.3745904266834259,-0.3230611383914947,-0.196578249335289,-0.0311998669058084,-0.0533329509198665,0.1103405654430389,0.0053778197616338,0.0073028495535254,-0.1107662767171859,-0.0060272123664617,-0.0063784257508814,0.0871759057044982,0.4172516465187073,0.0148501833900809,-0.0798156857490539,0.3858742713928222,0.0243196282535791,0.096286229789257,0.7480842471122742,0.2018694877624511,-0.0616795420646667,0.730323851108551,0.2016149759292602,0
4,-0.0047339736483991,-0.6545738577842712,-0.186549961566925,0.1684429794549942,-0.4703489542007446,0.0019688815809786,0.2341948896646499,-0.2662099599838257,-0.0986082404851913,-0.1501427739858627,-0.4936277866363525,0.0006483922479674,-0.2056943625211715,-0.2381601184606552,0.0296378470957279,0.262244164943695,-0.3722515106201172,-0.3230568766593933,-0.196778655052185,-0.0283781178295612,-0.0416281446814537,0.1106764301657676,0.005376327317208,0.0074335373938083,-0.1111291497945785,-0.0060289776884019,-0.0065276576206088,0.0871960371732711,0.4173668026924133,0.0157076511532068,-0.0799963250756263,0.3866952359676361,0.025068400427699,0.0979850962758064,0.7464888691902161,0.2113370150327682,-0.0622439943253994,0.7286532521247864,0.2081702053546905,0
5,-0.0008402528474107,-0.6546925902366638,-0.1887905895709991,0.1685512512922287,-0.4691230356693268,0.0017457875655964,0.2340373992919922,-0.264634907245636,-0.0986729189753532,-0.1501475423574447,-0.4932458102703094,-0.001744263456203,-0.20546455681324,-0.2366361767053604,0.0291746314615011,0.2617322504520416,-0.3690864145755768,-0.3253215253353119,-0.1970641762018203,-0.0267970450222492,-0.0453313700854778,0.1108393967151641,0.0052642524242401,0.0080449720844626,-0.1113047823309898,-0.0059333080425858,-0.0071487687528133,0.0872257128357887,0.4169674515724182,0.0168413389474153,-0.0794021189212799,0.3879421055316925,0.0244398340582847,0.098356232047081,0.7444049715995789,0.2108041048049926,-0.0623801797628402,0.7316910624504089,0.2062606364488601,0
6,0.0027010485064238,-0.6547361612319946,-0.1890461444854736,0.1685307621955871,-0.4687432050704956,0.0024157229345291,0.2337103486061096,-0.264728307723999,-0.0948659181594848,-0.1501990109682083,-0.4931830763816833,-0.0025907307863235,-0.2057066708803177,-0.2359912097454071,0.0294752195477485,0.261944442987442,-0.3691461384296417,-0.3200204372406006,-0.1970848143100738,-0.0263648312538862,-0.0430429987609386,0.1109636425971984,0.0052309334278106,0.0081923715770244,-0.1114346757531166,-0.0059046051464974,-0.0072993799112737,0.0870869383215904,0.416987270116806,0.018657287582755,-0.0792483016848564,0.3883344233036041,0.024728363379836,0.0990477576851844,0.7440361976623535,0.2118870615959167,-0.0628634095191955,0.7316072583198547,0.206543818116188,0
7,0.0049758851528167,-0.6546947956085205,-0.1889795213937759,0.1685059964656829,-0.4685714244842529,0.0043020253069698,0.2340647727251052,-0.2647428810596466,-0.091006651520729,-0.1502986997365951,-0.4931773245334625,-0.0025868359953165,-0.2060796618461609,-0.2351968735456466,0.0305754747241735,0.26245978474617,-0.3695074915885925,-0.3155241906642914,-0.1972491592168808,-0.0258416533470153,-0.0405732542276382,0.1110811829566955,0.0052339918911457,0.0082857524976134,-0.1115539073944091,-0.0059099458158016,-0.0073939268477261,0.0870176553726196,0.4174507558345794,0.0179330948740243,-0.0795801803469657,0.3883549869060516,0.0246395878493785,0.0992730483412742,0.7444570064544678,0.2114261835813522,-0.064145915210247,0.7298814654350281,0.2065916210412979,0
8,0.0078160939738154,-0.6548548936843872,-0.1904991716146469,0.1686164885759353,-0.4681353271007538,0.0041636442765593,0.2336625307798385,-0.2648277580738067,-0.0911415740847587,-0.1502877175807953,-0.4930359721183777,-0.0042873951606452,-0.2071082890033722,-0.2352907955646515,0.0301589127629995,0.2615267038345337,-0.3695499002933502,-0.3171589076519012,-0.1972392946481704,-0.0260291565209627,-0.0415440462529659,0.1111713722348213,0.0052107400260865,0.0088299121707677,-0.1116404235363006,-0.0058920090086758,-0.0079282810911536,0.0868246108293533,0.4175622165203094,0.0180749483406543,-0.0785459950566291,0.3887020349502563,0.0245062131434679,0.0995355322957038,0.7441740036010742,0.2109555155038833,-0.0637232735753059,0.7297948598861694,0.20777627825737,0
9,0.0100486297160387,-0.6550830006599426,-0.1872607469558715,0.168490320444107,-0.4679772555828094,0.0100405290722846,0.2336703091859817,-0.264945775270462,-0.0844884663820266,-0.150478109717369,-0.4929509460926056,-0.003681261325255,-0.2095670700073242,-0.2346316128969192,0.0300594139844179,0.2615229189395904,-0.3697108626365661,-0.3100805580615997,-0.1978484988212585,-0.0252040792256593,-0.0415471084415912,0.1111937910318374,0.0051970677450299,0.0094568505883216,-0.1116627305746078,-0.00587805127725,-0.0085496120154857,0.0865474119782447,0.4176815748214721,0.0180579926818609,-0.0783778056502342,0.38874551653862,0.0233663097023963,0.0992906615138053,0.7448944449424744,0.2054925709962844,-0.0640027895569801,0.7305446863174438,0.2025163620710373,0
10,0.0161229856312274,-0.6566517353057861,-0.1850769817829132,0.1688762158155441,-0.4682192206382751,0.0129511877894401,0.233397290110588,-0.265662670135498,-0.0826423540711402,-0.1502603143453598,-0.4931992888450622,-0.0035275199916213,-0.2107228189706802,-0.2356971502304077,0.0272438284009695,0.261514663696289,-0.3701235055923462,-0.3096131682395935,-0.1984942555427551,-0.026906281709671,-0.0478748604655265,0.1112248003482818,0.0050043961964547,0.0102627016603946,-0.1116921678185463,-0.0056868689134716,-0.0093476567417383,0.0865543559193611,0.4176062345504761,0.018958244472742,-0.0768290162086486,0.3891837894916534,0.0196818262338638,0.0950383096933364,0.744844377040863,0.2046210020780563,-0.061849258840084,0.7325181365013123,0.1914282441139221,0
11,0.0159660037606954,-0.6571891903877258,-0.1849625259637832,0.1687143892049789,-0.4688896834850311,0.0136926295235753,0.2378941625356674,-0.26795694231987,-0.0829040333628654,-0.152221143245697,-0.4941180050373077,-0.0041945851407945,-0.2156369537115097,-0.2371592223644256,0.018938859924674,0.2638787627220154,-0.3701741993427276,-0.3107277750968933,-0.2042648643255233,-0.0269213840365409,-0.0646193474531173,0.1112503334879875,0.0049651591107249,0.0103892516344785,-0.1117157936096191,-0.0056472457945346,-0.009473280981183,0.0865192040801048,0.4172953963279724,0.0195046123117208,-0.076848529279232,0.3892454802989959,0.0219186376780271,0.096301183104515,0.743918240070343,0.2049771547317505,-0.0627508014440536,0.732559859752655,0.1948436200618744,0
12,0.0196970608085393,-0.6581789255142212,-0.1823178231716156,0.1677418798208236,-0.4688997566699981,0.0161212421953678,0.2385978102684021,-0.2720060050487518,-0.0794865638017654,-0.1546995043754577,-0.4945322573184967,-0.0040407539345324,-0.2235509306192398,-0.2423575967550277,0.013944654725492,0.2641347050666809,-0.3710531890392303,-0.3084752857685089,-0.2132984548807144,-0.0371057018637657,-0.0829937830567359,0.1112678572535514,0.0049186586402356,0.0104783773422241,-0.1117261424660682,-0.0056020724587142,-0.0095510445535182,0.0815795809030532,0.4183110296726227,0.0163637306541204,-0.0765216127038002,0.3887454569339752,0.0218573454767465,0.0925814285874366,0.7429803013801575,0.2034803926944732,-0.0625081434845924,0.731598973274231,0.197496548295021,0
13,0.0250492114573717,-0.6578733921051025,-0.1825146079063415,0.1692043542861938,-0.4691683948040008,0.0181024447083473,0.2513365149497986,-0.2737123072147369,-0.0760901793837547,-0.1548610627651214,-0.4954100251197815,-0.0044785588979721,-0.228997990489006,-0.2479220479726791,0.0059303324669599,0.2682798504829407,-0.3709997236728668,-0.3050248324871063,-0.2201832979917526,-0.0446729734539985,-0.1005173102021217,0.111286461353302,0.0048811314627528,0.010662505403161,-0.1117402911186218,-0.0055609392002224,-0.0097318906337022,0.0810929611325264,0.4187051355838775,0.0150776905938982,-0.0764561593532562,0.3886053562164306,0.0218972600996494,0.0899553522467613,0.742397129535675,0.2033916264772415,-0.0618241094052791,0.7300910353660583,0.2003347724676132,0
14,0.0250222943723201,-0.6576457023620605,-0.1827083677053451,0.1691887378692627,-0.4693423509597778,0.0180496871471405,0.2586936354637146,-0.2788457870483398,-0.0778315737843513,-0.1566207706928253,-0.495408833026886,-0.0046453354880213,-0.2308910638093948,-0.2528343796730041,-0.0076665459200739,0.2698137462139129,-0.3743431866168976,-0.3076800107955932,-0.2298270165920257,-0.0588797889649868,-0.1360147297382354,0.1113303452730178,0.0045654759742319,0.0106967035681009,-0.1117719337344169,-0.0052387835457921,-0.0097659509629011,0.0812845006585121,0.4188532531261444,0.0171180516481399,-0.0765511095523834,0.3885766267776489,0.0218673069030046,0.090876966714859,0.7412750720977783,0.2034818679094314,-0.0618496388196945,0.7301873564720154,0.1977119892835617,0
15,0.0240336041897535,-0.6570277810096741,-0.1786538064479828,0.1675894558429718,-0.4702129065990448,0.0224280878901481,0.2605279088020324,-0.2879104614257812,-0.075894609093666,-0.159021571278572,-0.4953776001930237,-0.0006324801361188,-0.2336964011192321,-0.258901834487915,-0.0081268204376101,0.2738580405712127,-0.3886742293834686,-0.3037891685962677,-0.2369688749313354,-0.0772268548607826,-0.1427893638610839,0.111337624490261,0.0041552693583071,0.0107355723157525,-0.111765556037426,-0.0048120287247002,-0.0098025565966963,0.0813241377472877,0.4184916317462921,0.0198384057730436,-0.0766592919826507,0.3885745704174042,0.0215423125773668,0.0881350636482238,0.7397302985191345,0.2034452557563781,-0.0617128163576126,0.7314773797988892,0.1910629272460937,0
16,0.0204628035426139,-0.6570086479187012,-0.1787492632865905,0.1660135835409164,-0.4725328981876373,0.0217079576104879,0.2611882090568542,-0.300101101398468,-0.079424500465393,-0.1594789177179336,-0.4960406124591827,3.832874062936753e-05,-0.2385407090187072,-0.2713387608528137,-0.0191441681236028,0.2756175100803375,-0.4028635025024414,-0.3085121214389801,-0.2423747330904007,-0.1047026738524437,-0.1733374744653701,0.1113106086850166,0.0041299578733742,0.0106340562924742,-0.1117132306098938,-0.0047851493582129,-0.0096906833350658,0.079518087208271,0.4186823666095733,0.0209655184298753,-0.0795055925846099,0.3877902030944824,0.021761666983366,0.0786400660872459,0.7402325868606567,0.2030109763145446,-0.0664218068122863,0.7313858270645142,0.1904476732015609,0
17,0.0210619047284126,-0.657000720500946,-0.1782287508249282,0.1662433594465255,-0.4734938740730285,0.0215923842042684,0.2615578472614288,-0.3029455542564392,-0.0800779089331626,-0.1587015241384506,-0.4959498941898346,0.0010267259785905,-0.2380383014678955,-0.2765360176563263,-0.0240435060113668,0.2755268514156341,-0.4172050654888153,-0.3084701597690582,-0.250471293926239,-0.1340160965919494,-0.1877676546573639,0.1113127097487449,0.0041045728139579,0.010671236552298,-0.1117034554481506,-0.0047584674321115,-0.009727468714118,0.0762812718749046,0.4203848242759704,0.0212491173297166,-0.084869310259819,0.3869575560092926,0.0203573610633611,0.0739871859550476,0.7401790022850037,0.2005763798952102,-0.0697383806109428,0.7312688827514648,0.1857886165380478,0
18,0.0167334545403718,-0.6531059741973877,-0.1631104797124862,0.1645802855491638,-0.4726357460021972,0.037237424403429,0.2672633528709411,-0.3042417168617248,-0.0688699185848236,-0.1611609160900116,-0.4899449944496155,0.0160612072795629,-0.2390737980604171,-0.2749152481555938,-0.0253484286367893,0.2825118601322174,-0.4276151955127716,-0.2935011386871338,-0.2655716240406036,-0.1633768379688263,-0.2154599279165268,0.1112070083618164,0.0040447930805385,0.0106845768168568,-0.1115502417087555,-0.0046903514303267,-0.0097408546134829,0.0739759430289268,0.4206457138061523,0.0136191779747605,-0.086645133793354,0.3856580257415771,0.0111525384709239,0.0709920302033424,0.7442970871925354,0.1670440435409546,-0.0782535374164581,0.7341485619544983,0.1609471142292022,0
19,0.0113813988864421,-0.6462469696998596,-0.1614630371332168,0.1582030057907104,-0.4712393283843994,0.0418477021157741,0.2628655135631561,-0.3035421073436737,-0.0622654184699058,-0.1640053838491439,-0.4839235544204712,0.0194766335189342,-0.2448780387639999,-0.2752949297428131,-0.0393766537308692,0.2821640372276306,-0.4434363543987274,-0.2755797803401947,-0.2694668769836426,-0.1989890784025192,-0.2453420311212539,0.1111356317996978,0.0036456403322517,0.0107720186933875,-0.1114401668310165,-0.0042792116291821,-0.0098202470690011,0.0723069235682487,0.4205181300640106,0.0136816836893558,-0.0875144526362419,0.3855790793895721,0.0074365772306919,0.0697290301322937,0.740942120552063,0.1687404960393905,-0.0861497297883033,0.7364823818206787,0.1558471918106079,0
20,0.0127717088907957,-0.6386595964431763,-0.1724088788032531,0.1578596234321594,-0.4711360931396484,0.0412050224840641,0.2646914720535278,-0.3143242001533508,-0.0628787279129028,-0.1643551886081695,-0.4801039397716522,0.0102286394685506,-0.2526728510856628,-0.2819090485572815,-0.0995107665657997,0.283171534538269,-0.4670765399932861,-0.2788908779621124,-0.2667800188064575,-0.2977076470851898,-0.345074713230133,0.1111222058534622,0.0031455308198928,0.011527738533914,-0.1113987192511558,-0.0037660505622625,-0.0106255626305937,0.0723195001482963,0.4204995632171631,0.0188723746687173,-0.0864427015185356,0.3855310976505279,0.0058335182256996,0.0700812488794326,0.7386398911476135,0.171072706580162,-0.0852683186531066,0.7353672981262207,0.1553996801376342,0
21,0.0128776244819164,-0.639289379119873,-0.1895988285541534,0.1548223942518234,-0.4773869216442108,0.0310992114245891,0.2653850615024566,-0.3406945765018463,-0.0760215893387794,-0.1676200330257415,-0.4805045425891876,-0.0123255513608455,-0.2708133459091186,-0.2932501435279846,-0.1333962529897689,0.2923200130462646,-0.4978372752666473,-0.2962267696857452,-0.2728958129882812,-0.3410667777061462,-0.3753969669342041,0.1111258417367935,0.0027474984526634,0.0122264614328742,-0.1113850325345993,-0.0033609448000788,-0.0113435685634613,0.0723591148853302,0.4209671318531036,0.0265489481389522,-0.0883555337786674,0.3855106830596924,0.0060546519234776,0.0704098939895629,0.7386547923088074,0.1767614185810089,-0.0856522023677825,0.7334675788879395,0.1541992276906967,0
22,0.0124533101916313,-0.6403243541717529,-0.1918102502822876,0.151770144701004,-0.4797283411026001,0.0250831525772809,0.2766146659851074,-0.3647802174091339,-0.0776083394885063,-0.1675830483436584,-0.4815351366996765,-0.0109150540083646,-0.2834608554840088,-0.3268744945526123,-0.1188194751739502,0.3035857677459717,-0.5285224318504333,-0.2861188650131225,-0.2924093902111053,-0.4152339994907379,-0.3451525270938873,0.1109345555305481,0.0026483142282813,0.0118072554469108,-0.1111286208033561,-0.0032613479997962,-0.010925336740911,0.0703932642936706,0.4231712222099304,0.0263368599116802,-0.0932905748486518,0.3855393826961517,0.0117715876549482,0.0702489167451858,0.7386597394943237,0.18417389690876,-0.0845951288938522,0.7285078763961792,0.1684938371181488,0
23,0.0114476662129163,-0.6486694812774658,-0.2027629911899566,0.1570511013269424,-0.4807115793228149,-0.0048509920015931,0.2925420999526977,-0.3938117921352386,-0.121861882507801,-0.1641322821378708,-0.4865980446338653,-0.0167350806295871,-0.2867244780063629,-0.3928067088127136,-0.1266949474811554,0.3124218285083771,-0.5676795244216919,-0.304479718208313,-0.2894812524318695,-0.5131399035453796,-0.3367597758769989,0.1109233796596527,0.0026042703539133,0.0099924923852086,-0.1111073493957519,-0.0032164405565708,-0.0091863572597503,0.0710788518190383,0.4227608740329742,0.0298214834183454,-0.0940658301115036,0.3855604827404022,0.0203474536538124,0.0703683272004127,0.7365648746490479,0.2074157148599624,-0.0843013823032379,0.7179703116416931,0.1840370595455169,0
24,0.0121328337118029,-0.6534444689750671,-0.1926668733358383,0.1618616878986358,-0.4815675616264343,-0.0007946725818328,0.3077610433101654,-0.4325855076313019,-0.0905091390013694,-0.1527066826820373,-0.4866340160369873,0.0062221274711191,-0.2873476147651672,-0.4453402161598205,-0.043124470859766,0.3237939178943634,-0.6196613907814026,-0.2241788506507873,-0.3013328313827514,-0.6075662970542908,-0.1849430203437805,0.1102642342448234,0.002594060730189,0.0081207761541008,-0.1103761121630668,-0.0032056274358183,-0.0072894874028861,0.0711779370903968,0.4229806363582611,0.0240114890038967,-0.0922380834817886,0.384046733379364,0.020147344097495,0.075851060450077,0.7373906970024109,0.1897340714931488,-0.0823037549853324,0.7173393368721008,0.1788379251956939,0
25,0.0122730312868952,-0.6602627635002136,-0.1901136934757232,0.164887934923172,-0.4824404120445251,-0.0057766051031649,0.3102899491786957,-0.4571094214916229,-0.0901152938604354,-0.1473990380764007,-0.4889603555202484,0.0173028539866209,-0.2986081838607788,-0.4992125630378723,0.0554540008306503,0.3282228112220764,-0.6513383984565735,-0.2268447279930114,-0.3226515650749206,-0.6735403537750244,0.0137748103588819,0.1102244853973388,0.0024821958504617,0.0067554237321019,-0.1103401854634285,-0.0030959825962781,-0.0059546162374317,0.0718794390559196,0.4225947558879852,0.0236411541700363,-0.0921695306897163,0.3837735950946808,0.0199032574892044,0.0792637318372726,0.7317398190498352,0.19493068754673,-0.0824634805321693,0.7169749736785889,0.1785624474287033,0
26,0.0171064306050539,-0.6613456606864929,-0.186092346906662,0.1681442558765411,-0.4869957864284515,-0.0047787399962544,0.3160514831542969,-0.4847036004066467,-0.060825876891613,-0.1439187675714492,-0.4921661019325256,0.0180971715599298,-0.3145281970500946,-0.5333596467971802,0.0405122898519039,0.3340965807437897,-0.6997475028038025,-0.1796955615282058,-0.3396362364292145,-0.7254050374031067,-0.0197357777506113,0.1101870611310005,0.0023588410113006,0.0068400814197957,-0.1103048324584961,-0.0029601417481899,-0.0060269497334957,0.0754896625876426,0.4222646355628967,0.0243188627064228,-0.0894245132803917,0.3834355771541595,0.019729059189558,0.0864607691764831,0.7267174124717712,0.2011280506849289,-0.0818040892481803,0.7133212089538574,0.1796013712882995,0
27,0.0208521727472543,-0.6612833142280579,-0.176401600241661,0.17053984105587,-0.4915115535259247,0.0104803759604692,0.3277610540390014,-0.5149444341659546,-0.0278500467538833,-0.1438687741756439,-0.4924609065055847,0.0176411941647529,-0.3168890476226806,-0.5615888237953186,0.0258788242936134,0.3453847169876098,-0.7351301908493042,-0.1346379369497299,-0.3398339450359344,-0.7654439806938171,-0.0404338389635086,0.1101410761475563,0.0020918834488838,0.0071648326702415,-0.1102722212672233,-0.0026756916195154,-0.0063593876548111,0.0791472345590591,0.420015811920166,0.031989436596632,-0.0844587162137031,0.3834128379821777,0.0197839401662349,0.0927686169743537,0.7241848111152649,0.2014534324407577,-0.0791565626859664,0.7135944962501526,0.1770091950893402,0
28,0.0227055568248033,-0.6624795794487,-0.1557612270116806,0.1716330200433731,-0.493882417678833,0.029336767271161,0.3354343473911285,-0.5489178895950317,-0.0006649957504123,-0.1441289037466049,-0.4939073920249939,0.0290017686784267,-0.3210351169109344,-0.6185865998268127,0.0383345149457454,0.348513513803482,-0.7750198841094971,-0.0816606357693672,-0.3383925259113312,-0.8338829874992371,-0.0046858778223395,0.110192947089672,0.0018096208805218,0.006070040166378,-0.1103417053818702,-0.0023851089645177,-0.0052975751459598,0.0789820328354835,0.4203017354011535,0.0329936482012271,-0.0862569957971572,0.3833832442760467,0.0237998962402343,0.0924595147371292,0.7267460227012634,0.1958077996969223,-0.0792825892567634,0.7137291431427002,0.1770098805427551,0
29,0.0243331640958786,-0.6625586152076721,-0.1434613466262817,0.1716105192899704,-0.4949303865432739,0.0412095859646797,0.3339391350746155,-0.5673091411590576,0.0249883402138948,-0.1435968577861786,-0.4973430931568146,0.0365211926400661,-0.3194604516029358,-0.6381996870040894,0.0397988483309745,0.3465646207332611,-0.8000851273536682,-0.0310976542532444,-0.3355838060379028,-0.8655456900596619,-0.0070806150324642,0.1101564764976501,0.0017643955070525,0.005785787012428,-0.1103137135505676,-0.0023382338695228,-0.0049929558299481,0.0732961595058441,0.4222830832004547,0.0337980426847934,-0.0903504192829132,0.3836254179477691,0.0236767157912254,0.0890218615531921,0.7354723215103149,0.190244123339653,-0.0843225717544555,0.717269241809845,0.1731438934803009,0
30,0.0315216146409511,-0.6626337766647339,-0.1450180560350418,0.1799410879611969,-0.4978465139865875,0.0390678383409976,0.3347981870174408,-0.5993641018867493,0.021778292953968,-0.1374559551477432,-0.5050896406173706,0.0359865799546241,-0.3003017604351043,-0.6642543077468872,0.0378248542547225,0.3564296960830688,-0.8304826021194458,-0.0330667570233345,-0.3160175085067749,-0.8874954581260681,-0.0233641695231199,0.1103062778711319,0.0017446317942813,0.0057177357375621,-0.1104777008295059,-0.002323972992599,-0.0049070394597947,0.0733514875173568,0.4222723841667175,0.0450564585626125,-0.0920424312353134,0.383758932352066,0.0290043298155069,0.0945278406143188,0.7363991737365723,0.1968986690044403,-0.0869624465703964,0.7179846167564392,0.1796764135360717,0
31,0.0227834209799766,-0.665764331817627,-0.1485719680786132,0.1766892075538635,-0.5065111517906189,0.0308408066630363,0.3314567804336548,-0.6231912970542908,0.0148003343492746,-0.1416611522436142,-0.5142094492912292,0.0200202241539955,-0.3003058731555938,-0.691074550151825,0.0070299892686307,0.3563515245914459,-0.8446859121322632,-0.0560891926288604,-0.3156167268753052,-0.9108958840370178,-0.0433392710983753,0.1102553680539131,0.0018134266138076,0.0055394698865711,-0.1104236096143722,-0.0023950424510985,-0.0047015342861413,0.0699888467788696,0.4218093752861023,0.0550946667790412,-0.0993966311216354,0.383413553237915,0.0359184592962265,0.0906679406762123,0.7412265539169312,0.1960596889257431,-0.0930540859699249,0.7186610102653503,0.1798507273197174,0
32,0.0198086183518171,-0.6649783253669739,-0.1721416711807251,0.1758014112710952,-0.5078110098838806,0.002556538907811,0.3196943402290344,-0.6320266723632812,-0.0212835446000099,-0.1427761912345886,-0.5177534222602844,-0.0070177041925489,-0.2994576394557953,-0.687779426574707,-0.0442296750843524,0.3552845120429992,-0.8369161486625671,-0.0837584882974624,-0.3144168555736542,-0.9004249572753906,-0.1207859516143798,0.1102769076824188,0.0018253190210089,0.003932365681976,-0.1104432567954063,-0.0024158922024071,-0.0029772247653454,0.0700588747859001,0.4216614663600921,0.0537105873227119,-0.1007568016648292,0.3842931091785431,0.0385688506066799,0.0906868427991867,0.7450110912322998,0.188875064253807,-0.0935671105980873,0.7231975197792053,0.1800096184015274,0
33,0.0168771147727966,-0.6624969840049744,-0.1834953725337982,0.1734290421009063,-0.5092052221298218,-0.0032186673488467,0.3123750686645508,-0.6397584080696106,-0.0261725708842277,-0.1466570943593979,-0.5193030834197998,-0.0210181213915348,-0.2975647449493408,-0.6934887170791626,-0.0673282071948051,0.3540734946727752,-0.8491260409355164,-0.0850880816578865,-0.3093935549259186,-0.9124382138252258,-0.1488045156002044,0.1102897971868515,0.001816926873289,0.004334985744208,-0.1104542315006256,-0.0024117834400385,-0.0033470569178462,0.0696200057864189,0.4202196002006531,0.056410577148199,-0.10103140771389,0.3830345273017883,0.0381018668413162,0.0877169892191886,0.744799017906189,0.1937763690948486,-0.0934354066848754,0.7195950746536255,0.1801685839891433,0
34,0.0169477444142103,-0.6536434888839722,-0.2376797795295715,0.1736968010663986,-0.5087811350822449,-0.0546487569808959,0.3098061978816986,-0.6682834029197693,-0.0758352801203727,-0.1423241198062896,-0.5188438296318054,-0.078553207218647,-0.2765590250492096,-0.6892814040184021,-0.1383866816759109,0.3534373044967651,-0.8806578516960144,-0.1299145221710205,-0.2884737253189087,-0.9081305861473083,-0.2299402356147766,0.1101039573550224,0.0019140486838296,0.0040683173574507,-0.11029002815485,-0.0025331319775432,-0.0030650240369141,0.0751374438405036,0.4158408641815185,0.056605938822031,-0.0960085839033126,0.3830459117889404,0.0452565439045429,0.0983348712325096,0.7425516247749329,0.1999394297599792,-0.0873857960104942,0.7201530933380127,0.1959442645311355,0
35,0.0141914458945393,-0.6506980061531067,-0.2972877323627472,0.1678633391857147,-0.5065361857414246,-0.1174266636371612,0.2939665615558624,-0.6676489114761353,-0.1497664451599121,-0.1415043324232101,-0.518598198890686,-0.1397249400615692,-0.265042632818222,-0.6871166229248047,-0.212502583861351,0.3499169051647186,-0.8732454776763916,-0.2164569050073623,-0.2755540013313293,-0.9022664427757264,-0.3170545399188995,0.1096202656626701,0.0022045208606868,0.0035046436823904,-0.1097903102636337,-0.0028455818537622,-0.002463978016749,0.078220248222351,0.4140086472034454,0.0659780129790306,-0.0968527495861053,0.3830029964447021,0.0684347003698349,0.1054853573441505,0.733181893825531,0.2344936281442642,-0.0881848633289337,0.7150281667709351,0.2487499862909317,0
36,0.0148444874212145,-0.6424363851547241,-0.318917840719223,0.1648616194725036,-0.5030566453933716,-0.1241011098027229,0.2875501811504364,-0.6697422862052917,-0.1478339284658432,-0.1392164826393127,-0.5184072256088257,-0.1698606461286544,-0.262277215719223,-0.6887170076370239,-0.2444235533475875,0.3496310710906982,-0.8777737021446228,-0.2162700593471527,-0.2741378545761108,-0.9065014719963074,-0.339582234621048,0.1093989759683609,0.0024334962945431,0.0043222839012742,-0.1095818877220153,-0.0030911762733012,-0.0032424933742731,0.0782984048128128,0.4138151407241821,0.0641365647315979,-0.0950085520744323,0.3829280436038971,0.0647117272019386,0.1045778840780258,0.732150137424469,0.2303553968667984,-0.0831449180841445,0.709678590297699,0.2462719678878784,0
37,0.0147859146818518,-0.638551652431488,-0.3183151483535766,0.1595252454280853,-0.5025576949119568,-0.118870235979557,0.2809678316116333,-0.673475444316864,-0.1395374238491058,-0.1384953111410141,-0.5178556442260742,-0.1778622269630432,-0.253278523683548,-0.6898519396781921,-0.2559908032417297,0.3455828130245209,-0.8772076964378357,-0.2046522796154022,-0.2615643739700317,-0.907622754573822,-0.3432196080684662,0.1089551523327827,0.0024329235311597,0.0090107256546616,-0.1091552078723907,-0.0030958363786339,-0.007882410660386,0.078666865825653,0.4139367938041687,0.0701037421822547,-0.0951397493481636,0.3828698396682739,0.0582397244870662,0.1040526926517486,0.7314842343330383,0.2352168262004852,-0.0844578519463539,0.7078272700309753,0.2389194518327713,0
38,0.0152075411751866,-0.6383941769599915,-0.317489743232727,0.1580605059862136,-0.5025022029876709,-0.1192318573594093,0.2794182300567627,-0.6764013171195984,-0.1416733115911483,-0.1367113143205642,-0.517805814743042,-0.1789567023515701,-0.249855488538742,-0.6944785118103027,-0.2579267024993896,0.3452840149402618,-0.8814733624458313,-0.2083642482757568,-0.2633795738220215,-0.9155228734016418,-0.3476707339286804,0.1086127907037735,0.0024175643920898,0.0105055775493383,-0.1088224425911903,-0.0030853252392262,-0.0093630272895097,0.0784118548035621,0.4138943552970886,0.0717234909534454,-0.0950324162840843,0.383348137140274,0.0549691095948219,0.1036623194813728,0.7290952205657959,0.2400639951229095,-0.0842883586883544,0.7078770995140076,0.2350625097751617,0
39,0.0110412463545799,-0.6371147632598877,-0.3246206045150757,0.1501688957214355,-0.5024973750114441,-0.1243113577365875,0.2688607573509216,-0.6761290431022644,-0.1462435126304626,-0.138619065284729,-0.5173513889312744,-0.1861129105091095,-0.2516220808029175,-0.6935014724731445,-0.2644845843315124,0.339643269777298,-0.8795952796936035,-0.2161252647638321,-0.265844851732254,-0.9134559631347656,-0.3558474779129028,0.1082767471671104,0.0023980382829904,0.0108827091753482,-0.1084833890199661,-0.0030693677254021,-0.0097175352275371,0.0760510116815567,0.4142874181270599,0.0706949904561042,-0.0966900363564491,0.3838637769222259,0.0535311661660671,0.09963870793581,0.7293100953102112,0.2338892668485641,-0.0887780934572219,0.7081829309463501,0.2341622412204742,0
40,0.0127113154157996,-0.6364990472793579,-0.3245846927165985,0.1506802141666412,-0.5020875334739685,-0.124683067202568,0.2694589793682098,-0.6817944049835205,-0.1479368060827255,-0.1351037323474884,-0.5170872807502747,-0.1883121579885482,-0.2431043982505798,-0.6987035274505615,-0.2655180990695953,0.3397110402584076,-0.884228527545929,-0.2180059999227523,-0.2606246173381805,-0.9192165732383728,-0.3503914773464203,0.1081240996718406,0.0023822968360036,0.0121347336098551,-0.1083431541919708,-0.0030557282734662,-0.0109510328620672,0.0780196636915206,0.4148567914962768,0.0697885900735855,-0.0965958684682846,0.3843472301959991,0.0459301434457302,0.1005377992987632,0.7293819785118103,0.2302246391773224,-0.0888509824872016,0.7105108499526978,0.2234983742237091,0
41,0.0137276677414774,-0.6359112858772278,-0.3302048146724701,0.1494545191526413,-0.5034040212631226,-0.1330547928810119,0.2594166100025177,-0.6930378675460815,-0.1547830253839492,-0.134954571723938,-0.5170920491218567,-0.1928960531949997,-0.2438429445028305,-0.700104832649231,-0.2713393568992615,0.3316969275474548,-0.8890761733055115,-0.2245317697525024,-0.2616586983203888,-0.9179294109344482,-0.3573573529720306,0.1075945124030113,0.0023846689146012,0.0113125219941139,-0.1078199446201324,-0.0030589669477194,-0.0101014617830514,0.0763580575585365,0.415458083152771,0.0690557807683944,-0.0967984870076179,0.3846419751644134,0.0490529872477054,0.1025325879454612,0.7294405698776245,0.2260021120309829,-0.0894451066851615,0.7123897075653076,0.2234497517347335,0
42,0.016895854845643,-0.6385993957519531,-0.3253298103809356,0.1512601971626281,-0.5069681406021118,-0.1319819241762161,0.2587978541851043,-0.6992602348327637,-0.1523527652025222,-0.1328771561384201,-0.5194319486618042,-0.1883305162191391,-0.2358349561691284,-0.7102713584899902,-0.2649595141410827,0.325134813785553,-0.8904480338096619,-0.2217177897691726,-0.2591304779052734,-0.9241604804992676,-0.3511981964111328,0.1074444651603698,0.0024617691524326,0.0110579412430524,-0.107668824493885,-0.0031344776507467,-0.0098463678732514,0.0790944248437881,0.4164863526821136,0.0636651515960693,-0.0967989861965179,0.3843643069267273,0.0490662865340709,0.1055355444550514,0.732229471206665,0.2138882875442505,-0.0894987657666206,0.7122964262962341,0.2218113392591476,0
43,0.0160616226494312,-0.638571560382843,-0.3232541382312774,0.150894820690155,-0.5068941116333008,-0.1305648982524871,0.2564639449119568,-0.6970040798187256,-0.1548513025045395,-0.1329735666513443,-0.519421398639679,-0.1863024681806564,-0.2368900924921035,-0.710181713104248,-0.2620371282100677,0.325187623500824,-0.8897563219070435,-0.2230556756258011,-0.2607722282409668,-0.926829755306244,-0.3499176800251007,0.1073399409651756,0.0024682767689228,0.0106160435825586,-0.1075601950287818,-0.0031419997103512,-0.0094118630513548,0.0795231685042381,0.4167203605175018,0.0560278967022895,-0.0978290811181068,0.3843477368354797,0.048480674624443,0.105937972664833,0.7352424263954163,0.2074119448661804,-0.0908914431929588,0.7129059433937073,0.2202346622943878,0
44,0.0201236736029386,-0.6381367444992065,-0.324202686548233,0.1546075195074081,-0.5065556168556213,-0.1312179118394851,0.256952702999115,-0.6958690285682678,-0.1585971117019653,-0.1286478787660598,-0.5186291337013245,-0.1898774653673172,-0.2260224223136901,-0.7050317525863647,-0.278917908668518,0.3254623115062713,-0.8893188238143921,-0.2277551293373108,-0.2469027936458587,-0.9199784398078918,-0.3758510947227478,0.1071421056985855,0.0025621799286454,0.0105818826705217,-0.1073674485087394,-0.0032338383607566,-0.0093793403357267,0.0789848715066909,0.416890799999237,0.0517132133245468,-0.0924768596887588,0.3859127759933471,0.046577114611864,0.1037980169057846,0.7419087886810303,0.1934952586889267,-0.0849947854876518,0.7206491827964783,0.2089033275842666,0
45,0.0195035077631473,-0.6367120146751404,-0.3270141184329986,0.1501178443431854,-0.5069355964660645,-0.1323810070753097,0.2496858835220337,-0.7043554186820984,-0.164951279759407,-0.1315972059965133,-0.517406702041626,-0.2028659880161285,-0.2272558659315109,-0.7094942927360535,-0.2999612689018249,0.3042707145214081,-0.8940322399139404,-0.2333775609731674,-0.2481727749109268,-0.9244568347930908,-0.3793183267116546,0.1070833876729011,0.002552916528657,0.0137942833825945,-0.1073135435581207,-0.0032255777623504,-0.0125711439177393,0.0790801122784614,0.4180452227592468,0.0717051103711128,-0.0954267829656601,0.3847947120666504,0.0422364622354507,0.1036323979496955,0.7408187389373779,0.2231398820877075,-0.0998493731021881,0.7200981974601746,0.2060548812150955,0
46,0.0291880145668983,-0.6392698287963867,-0.3092357516288757,0.1582969576120376,-0.5092843174934387,-0.1150213927030563,0.2535679042339325,-0.7071614265441895,-0.1349053531885147,-0.1242099478840828,-0.5197244882583618,-0.1833987385034561,-0.2215572595596313,-0.7106496095657349,-0.272533506155014,0.3138600587844848,-0.9027875065803528,-0.1956104487180709,-0.2392657399177551,-0.9242047071456908,-0.3553797602653503,0.1070305258035659,0.0025645347777754,0.0140739986672997,-0.1072607263922691,-0.0032375056762248,-0.0128617724403738,0.087670236825943,0.4180774092674255,0.0672456473112106,-0.0933827012777328,0.3848604559898376,0.0407318100333213,0.1088501289486885,0.7407894730567932,0.213979959487915,-0.0953278094530105,0.7204739451408386,0.2047358453273773,0
47,0.0259746126830577,-0.6371845602989197,-0.3142741322517395,0.1544949263334274,-0.5092661380767822,-0.1274163126945495,0.2500465810298919,-0.7107403874397278,-0.1668527871370315,-0.1274229139089584,-0.5181484222412109,-0.1890670359134674,-0.2219445556402206,-0.7130265831947327,-0.2830612957477569,0.2848712801933288,-0.9021090865135192,-0.2298373878002166,-0.2410521060228347,-0.9276974201202391,-0.3601610064506531,0.1066645085811615,0.0026523945853114,0.0134079447016119,-0.1068810373544693,-0.003320581279695,-0.0121979778632521,0.0835225954651832,0.4181734621524811,0.0667299777269363,-0.0934007540345192,0.384552538394928,0.044118545949459,0.1078187003731727,0.741043210029602,0.2108688950538635,-0.0951524302363395,0.7204127907752991,0.2049137502908706,0
48,0.0275426283478736,-0.6368269324302673,-0.3184868395328522,0.1570199877023697,-0.508647620677948,-0.1285239458084106,0.2549814283847809,-0.709864616394043,-0.1652156412601471,-0.1253962367773056,-0.5177742838859558,-0.1892996877431869,-0.22356478869915,-0.708700954914093,-0.2805824875831604,0.3047305643558502,-0.9023415446281432,-0.2306025028228759,-0.2392189651727676,-0.91902095079422,-0.3585159480571747,0.106397658586502,0.0026200753636658,0.0131815392524003,-0.1066296696662902,-0.0032899719662964,-0.0119524905458092,0.0832201912999153,0.4182171523571014,0.0618501678109169,-0.0870799198746681,0.3875930309295654,0.0416879504919052,0.1074860692024231,0.7425116300582886,0.1905854195356369,-0.0889994353055954,0.7319431304931641,0.190790519118309,0
49,0.0173366777598857,-0.636313259601593,-0.3251047730445862,0.1467815190553665,-0.5086979269981384,-0.1315593272447586,0.2489478141069412,-0.7094931602478027,-0.1669325083494186,-0.1355814039707183,-0.5165433287620544,-0.1959608197212219,-0.2299806773662567,-0.706045389175415,-0.286650538444519,0.3056461811065674,-0.9041247367858888,-0.2357396781444549,-0.2404269129037857,-0.9151582717895508,-0.3657524585723877,0.1063557565212249,0.0021313205361366,0.0145734883844852,-0.1065916940569877,-0.0028016499709337,-0.0133272474631667,0.0827284976840019,0.4185432493686676,0.0771784633398056,-0.0903790444135665,0.3887462913990021,0.0354119129478931,0.1058947443962097,0.7419775128364563,0.2090152353048324,-0.1043480113148689,0.7346399426460266,0.1841972768306732,0
50,0.0255638491362333,-0.6414721608161926,-0.3152686059474945,0.1567708104848861,-0.5120165944099426,-0.1211901009082794,0.2536685764789581,-0.7146801948547363,-0.1466889828443527,-0.1288460940122604,-0.5192257761955261,-0.1861153692007064,-0.2252482920885086,-0.7097858786582947,-0.2734064757823944,0.3084549605846405,-0.909958004951477,-0.2085171043872833,-0.2328794151544571,-0.9167354106903076,-0.353182852268219,0.1063156649470329,0.0021275980398058,0.0141351101920008,-0.1065556704998016,-0.0027986436616629,-0.0129057774320244,0.088536188006401,0.4184726774692535,0.0675388425588607,-0.0906387642025947,0.3889167606830597,0.0355509407818317,0.1085543036460876,0.7419283986091614,0.1988491714000702,-0.1032536029815673,0.7349556684494019,0.1850900650024414,0
51,0.0144951697438955,-0.6388201117515564,-0.3297033011913299,0.1487870514392852,-0.5087692141532898,-0.1400403976440429,0.250308096408844,-0.7094398736953735,-0.1786929816007614,-0.1349847167730331,-0.5176549553871155,-0.1970995962619781,-0.231849193572998,-0.7089437246322632,-0.2917093634605407,0.3086792528629303,-0.90865296125412,-0.2488722801208496,-0.2381027340888977,-0.916609823703766,-0.3779960870742798,0.1062048003077507,0.0022919368930161,0.0131373405456542,-0.1064403131604194,-0.0029544339049607,-0.0119078364223241,0.0820618271827697,0.4177406430244446,0.0597997121512889,-0.0962609499692916,0.3877719044685364,0.0374640077352523,0.1012304946780204,0.7419446110725403,0.1955567896366119,-0.1032605171203613,0.7297844290733337,0.1927196085453033,0
52,0.021288376301527,-0.6403264403343201,-0.3168103694915771,0.1543201804161071,-0.5128102898597717,-0.1196790859103202,0.2549535036087036,-0.7163798213005066,-0.1377230882644653,-0.1314997673034668,-0.5189458727836609,-0.1889756023883819,-0.2317927777767181,-0.7088497281074524,-0.2729605436325073,0.3112356960773468,-0.9161198735237122,-0.198879063129425,-0.2376163452863693,-0.9163820147514344,-0.3539674878120422,0.1061670556664466,0.0022689800243824,0.0143895195797085,-0.1064043343067169,-0.0029345587827265,-0.0131648303940892,0.0844113379716873,0.4177444577217102,0.067214585840702,-0.0949724093079567,0.3874556720256805,0.0375753827393054,0.1023003607988357,0.7411550283432007,0.2037946134805679,-0.1020511090755462,0.7285868525505066,0.1931766867637634,0
53,0.0163410827517509,-0.6403983235359192,-0.3207231760025024,0.1496352553367614,-0.5125907063484192,-0.1275930702686309,0.2519676387310028,-0.7160619497299194,-0.159501239657402,-0.1351869404315948,-0.5185419321060181,-0.1922279149293899,-0.2339871674776077,-0.7087892293930054,-0.2868429124355316,0.3076509237289428,-0.9153817892074584,-0.2270347028970718,-0.2378215789794922,-0.9156275987625122,-0.3733884394168854,0.1061023101210594,0.0023118280805647,0.0135300448164343,-0.106337271630764,-0.0029725404456257,-0.0123150516301393,0.0840497612953186,0.4175755083560943,0.0639698877930641,-0.096825897693634,0.3858006000518799,0.0423152297735214,0.1041009724140167,0.7403808832168579,0.2046130448579788,-0.1017487794160842,0.7206799387931824,0.2083323150873184,0
54,0.0255172085016965,-0.6425449848175049,-0.3156494498252868,0.1583262681961059,-0.5138792395591736,-0.1214564740657806,0.2581352591514587,-0.7165101170539856,-0.1461832970380783,-0.1288809925317764,-0.520674467086792,-0.1839189380407333,-0.2333310842514038,-0.7097116708755493,-0.2620299756526947,0.3132702112197876,-0.915061354637146,-0.2131446152925491,-0.2362554371356964,-0.9156896471977234,-0.3383767902851105,0.1060060486197471,0.0023295425344258,0.0131151210516691,-0.1062490716576576,-0.0029924542177468,-0.011890142224729,0.0846686661243438,0.4186718165874481,0.063901200890541,-0.0937485843896865,0.3879063129425049,0.0431135855615139,0.1039319038391113,0.7431607246398926,0.1987684071063995,-0.1016454398632049,0.7298362255096436,0.2025622576475143,0
55,0.0200422946363687,-0.6424835324287415,-0.3158512115478515,0.1549514085054397,-0.5122211575508118,-0.1258829832077026,0.2560530304908752,-0.7145840525627136,-0.1586971282958984,-0.1315421015024185,-0.5206310153007507,-0.1825059056282043,-0.2336312383413314,-0.7157680988311768,-0.25701704621315,0.3119522929191589,-0.9145089387893676,-0.2267245501279831,-0.2402045577764511,-0.9268115758895874,-0.3286438286304474,0.1059864684939384,0.0022647348232567,0.0128517411649227,-0.1062340587377548,-0.0029294611886143,-0.0116440020501613,0.0820431038737297,0.4188107848167419,0.0644129142165184,-0.0946006402373313,0.3887932300567627,0.0416521020233631,0.1039182320237159,0.7428910732269287,0.1999150812625885,-0.1014898270368576,0.732638418674469,0.1978409141302108,0
56,0.0215666554868221,-0.6419749855995178,-0.3159970939159393,0.1574201583862304,-0.5114781856536865,-0.1274538338184356,0.2595356702804565,-0.7143697142601013,-0.1629570871591568,-0.1288952976465225,-0.5197769403457642,-0.1831774562597274,-0.2305834591388702,-0.7160072922706604,-0.2649902701377868,0.3117320537567138,-0.9095333218574524,-0.2344633638858795,-0.2397461533546447,-0.9275328516960144,-0.3445291817188263,0.1058826670050621,0.0023505710996687,0.012016225606203,-0.1061289757490158,-0.0030089293140918,-0.0108203515410423,0.0819516405463218,0.418741226196289,0.0539827272295951,-0.091814748942852,0.3889302313327789,0.041704848408699,0.1036847457289695,0.743386447429657,0.1887117326259613,-0.0931323245167732,0.73163902759552,0.1978080123662948,0
57,0.0196458287537097,-0.64193195104599,-0.3111567199230194,0.1539096236228943,-0.5129362344741821,-0.1220459565520286,0.2584500014781952,-0.7173556685447693,-0.1525554060935974,-0.1340009570121765,-0.5195479393005371,-0.1803075969219207,-0.2382856607437133,-0.7158344388008118,-0.2494207024574279,0.2905467450618744,-0.909092664718628,-0.2205137759447097,-0.2539462149143219,-0.923097848892212,-0.31057009100914,0.1058553978800773,0.0021982416510581,0.0130350003018975,-0.1061033681035041,-0.0028566459659487,-0.0118452776223421,0.0826364383101463,0.4175804257392883,0.0641514286398887,-0.0917942821979522,0.3876521289348602,0.0396420657634735,0.1052498966455459,0.7339760661125183,0.2103822082281112,-0.0940906107425689,0.7254528999328613,0.1984244883060455,0
58,0.0250434689223766,-0.6418814659118652,-0.3129589557647705,0.1619783192873001,-0.5109953284263611,-0.1261266767978668,0.2631579637527466,-0.7130833268165588,-0.1595396399497985,-0.1253795176744461,-0.5195035338401794,-0.1807474792003631,-0.2252281755208969,-0.7153494358062744,-0.2570033967494964,0.3132773041725158,-0.9094772934913636,-0.2263437509536743,-0.2432557344436645,-0.9248384833335876,-0.3411376774311065,0.1058315113186836,0.0022540497593581,0.0112421745434403,-0.1060834825038909,-0.0029126254376024,-0.0101070757955312,0.0826769098639488,0.4182878732681274,0.060653019696474,-0.0899549946188926,0.3898099064826965,0.0407621562480926,0.1052663847804069,0.7387257218360901,0.2046901583671569,-0.0944370627403259,0.7333852052688599,0.1984559595584869,0
59,0.0236155651509761,-0.6337217092514038,-0.3255882859230041,0.1528877466917038,-0.5087035298347473,-0.1280404180288314,0.2617486715316772,-0.7131258249282837,-0.1597178727388382,-0.1306370794773101,-0.5168333053588867,-0.2028254568576812,-0.228787213563919,-0.7142268419265747,-0.3029635846614837,0.3144181370735168,-0.9096586108207704,-0.2265595942735672,-0.2453305423259735,-0.922546684741974,-0.3834526836872101,0.1056940630078315,0.0026728108059614,0.013756139203906,-0.1059373021125793,-0.0033196376170963,-0.0125556215643882,0.0791160240769386,0.4193572103977203,0.0647788494825363,-0.0945448204874992,0.3816008865833282,0.0392986796796321,0.1036133095622062,0.7404117584228516,0.2060185521841049,-0.0947852954268455,0.7189788222312927,0.1984842866659164,0
60,0.0257332976907491,-0.6382080912590027,-0.3196495771408081,0.1556564420461654,-0.5094181895256042,-0.1231762915849685,0.2618926763534546,-0.7105018496513367,-0.1478157788515091,-0.1286644637584686,-0.5187670588493347,-0.1895443797111511,-0.2289110869169235,-0.7138305902481079,-0.2817232310771942,0.323638379573822,-0.905838668346405,-0.2165581583976745,-0.2452009171247482,-0.9224213361740112,-0.3774984180927276,0.105694368481636,0.0026983234565705,0.0126726068556308,-0.1059367135167121,-0.0033462832216173,-0.0114726610481739,0.0811209604144096,0.4189772307872772,0.0522438064217567,-0.0930440798401832,0.3821472823619842,0.0452335812151432,0.1049925461411476,0.7407676577568054,0.1951611191034317,-0.0850283429026603,0.7176204919815063,0.2135543376207351,0
61,0.016219014301896,-0.6372414827346802,-0.3290697038173675,0.1495821177959442,-0.5082643032073975,-0.1314604133367538,0.2569841146469116,-0.7075303196907043,-0.1607142388820648,-0.1344994306564331,-0.5165639519691467,-0.1989115625619888,-0.2351345121860504,-0.7060636878013611,-0.2960056960582733,0.3224885165691376,-0.9062419533729552,-0.2285423576831817,-0.2493769973516464,-0.9171086549758912,-0.3902357518672943,0.1058048382401466,0.0026382147334516,0.0137404557317495,-0.1060513630509376,-0.0032905517145991,-0.0125222895294427,0.0804761126637458,0.4186367392539978,0.0589014291763305,-0.0932025089859962,0.3821987807750702,0.0399789623916149,0.1025480180978775,0.738301157951355,0.2128457278013229,-0.0894201770424842,0.7167518734931946,0.2131789773702621,0
62,0.0285299737006425,-0.642891526222229,-0.3205476999282837,0.1614903211593628,-0.5117717385292053,-0.1263918280601501,0.2636405229568481,-0.7103229761123657,-0.1512382626533508,-0.1251865923404693,-0.5195449590682983,-0.1858647912740707,-0.229168951511383,-0.708371102809906,-0.2697041630744934,0.3274384140968323,-0.9071111679077148,-0.2148184776306152,-0.240449845790863,-0.9189932346343994,-0.3583646714687347,0.1057906076312065,0.0024793248157948,0.0130431549623608,-0.1060382053256034,-0.0031406038906425,-0.0118372086435556,0.0887403190135955,0.4181039035320282,0.0652238056063652,-0.0906311869621276,0.3848949670791626,0.0469678565859794,0.1113477274775505,0.7363280057907104,0.2138424515724182,-0.0913724899291992,0.7201284766197205,0.2146403640508651,0
63,0.009830386377871,-0.6375851035118103,-0.3302367925643921,0.1439944505691528,-0.5099117159843445,-0.1309610903263092,0.2532214224338531,-0.7041731476783752,-0.1571386456489563,-0.1386898308992386,-0.5155757665634155,-0.1963742524385452,-0.2393850535154342,-0.7000541687011719,-0.2872089743614197,0.3258691430091858,-0.90414696931839,-0.2236821800470352,-0.2510409355163574,-0.915317714214325,-0.3769328892230987,0.1057846695184707,0.0026344049256294,0.0134481405839324,-0.1060311421751976,-0.0033010200131684,-0.0122168464586138,0.0747916027903556,0.418716549873352,0.0660280957818031,-0.0966709405183792,0.3842130005359649,0.0431117378175258,0.0962896645069122,0.7394545078277588,0.2125714868307113,-0.0974841117858886,0.7196459174156189,0.207660973072052,0
64,0.022310608997941,-0.6400840878486633,-0.323768138885498,0.1567939519882202,-0.5100127458572388,-0.1304389536380767,0.2577621042728424,-0.7042912244796753,-0.1570128351449966,-0.1287955790758133,-0.5170189142227173,-0.185351014137268,-0.2293523102998733,-0.7043262124061584,-0.2678638994693756,0.3242588639259338,-0.9037667512893676,-0.2232469767332077,-0.2376050502061844,-0.9167089462280272,-0.3582990765571594,0.1057467609643936,0.0024871185887604,0.0097361309453845,-0.1059971898794174,-0.0031476248987019,-0.008573074825108,0.0836450457572937,0.4177244901657104,0.0545788593590259,-0.0909396931529045,0.3875928521156311,0.0507541075348854,0.1075461059808731,0.739692211151123,0.1921325474977493,-0.0865755900740623,0.7245759963989258,0.2110453993082046,0
65,0.0108129885047674,-0.6360989212989807,-0.3341624438762665,0.1473090499639511,-0.5074068903923035,-0.1393565088510513,0.255821943283081,-0.7034611105918884,-0.1704974323511123,-0.135084643959999,-0.5155551433563232,-0.1957307159900665,-0.2389585673809051,-0.7030612826347351,-0.2829471230506897,0.3231317102909088,-0.9039885401725768,-0.238741785287857,-0.2525278925895691,-0.9153175354003906,-0.3696250915527344,0.1055716797709465,0.0029414433520287,0.0097714643925428,-0.1058181300759315,-0.0036008756142109,-0.0086065968498587,0.0737723037600517,0.4177810251712799,0.054861981421709,-0.0918710380792617,0.3862974047660827,0.0479496456682682,0.0971947312355041,0.7424559593200684,0.191110298037529,-0.089577704668045,0.7245356440544128,0.204191043972969,0
66,0.0228676479309797,-0.6374351382255554,-0.3277756869792938,0.1545422226190567,-0.5084902048110962,-0.1346403956413269,0.2592644989490509,-0.7053383588790894,-0.1612905412912368,-0.1294168084859848,-0.5176913142204285,-0.1934853196144104,-0.2266738563776016,-0.7055830359458923,-0.2801425755023956,0.3240997493267059,-0.9057497978210448,-0.2269419282674789,-0.231377899646759,-0.915899932384491,-0.3679097294807434,0.1055537164211273,0.0027089819777756,0.0097766183316707,-0.1058007627725601,-0.0033700696658343,-0.0086138201877474,0.0860384926199913,0.4165088236331939,0.0551756806671619,-0.0893566086888313,0.3863496780395508,0.0507022738456726,0.1097731813788414,0.7384415864944458,0.1991312801837921,-0.0871227607131004,0.722362220287323,0.2162616699934005,0
67,0.0176520925015211,-0.6375291347503662,-0.327416181564331,0.1509232074022293,-0.5085378289222717,-0.1346704512834549,0.2577095329761505,-0.7053807377815247,-0.1630277186632156,-0.1336263120174408,-0.5182682871818542,-0.1898322254419326,-0.2372883558273315,-0.7070050835609436,-0.2687999904155731,0.3220055997371673,-0.9035485982894896,-0.231064572930336,-0.2379920333623886,-0.916279137134552,-0.3494053184986114,0.1055362001061439,0.002725526690483,0.0089832860976457,-0.1057808846235275,-0.0033872672356665,-0.0077794231474399,0.079734206199646,0.4174410998821258,0.0546037480235099,-0.0945246815681457,0.3863683342933655,0.0506822541356086,0.1058238893747329,0.7389270067214966,0.1987535655498504,-0.0901868566870689,0.721915066242218,0.2157107889652252,0
68,0.0196267534047365,-0.6388207674026489,-0.3263385891914367,0.1525451391935348,-0.5085879564285278,-0.1345908641815185,0.2572622895240783,-0.7021201252937317,-0.1637652218341827,-0.1320850104093551,-0.5189976692199707,-0.1896593868732452,-0.232551172375679,-0.7048118710517883,-0.2725565433502197,0.3244816660881042,-0.9024524688720704,-0.2325198203325271,-0.2363620698451995,-0.9140912890434264,-0.3636770844459533,0.1055409535765647,0.0026884549297392,0.0089676519855856,-0.1057842299342155,-0.0033496730029582,-0.0077644805423915,0.0816179513931274,0.4173638820648193,0.0542850233614444,-0.0944278091192245,0.3864692449569702,0.0523190200328826,0.1061850190162658,0.7387306094169617,0.2026890814304351,-0.0896758139133453,0.7199313640594482,0.2248591780662536,0
69,0.01959272287786,-0.6387044191360474,-0.328050285577774,0.1526456624269485,-0.5080661773681641,-0.1414355635643005,0.2572709918022156,-0.7030949592590332,-0.1758069694042205,-0.132071852684021,-0.5190491676330566,-0.1896495521068573,-0.2351073920726776,-0.7054252028465271,-0.2731989622116089,0.3221541047096252,-0.9040563702583312,-0.2436590641736984,-0.240113690495491,-0.9153688549995422,-0.3668195307254791,0.1055364087224006,0.0027466288302093,0.0061772316694259,-0.1057790070772171,-0.0034062210470438,-0.0049585783854126,0.076601319015026,0.4174050092697143,0.0530922897160053,-0.094609335064888,0.3866176903247833,0.0596174523234367,0.1044174507260322,0.7382277846336365,0.2070279121398925,-0.0860277265310287,0.7186132073402405,0.2346823662519455,0
70,0.0206640232354402,-0.6401196122169495,-0.3225030899047851,0.15308877825737,-0.5088002681732178,-0.1334103196859359,0.2573755383491516,-0.7031770944595337,-0.1636805981397628,-0.1316926032304763,-0.5194054245948792,-0.1877146959304809,-0.2341660112142563,-0.7066361904144287,-0.2697873711585998,0.3222979009151459,-0.9028415083885192,-0.2332633286714553,-0.2385595887899398,-0.91572368144989,-0.3578518331050873,0.1055437326431274,0.0027290130965411,0.0074968370608985,-0.1057836264371872,-0.0033884420990943,-0.0062581584788858,0.0788978859782219,0.4175805747509002,0.0567259714007377,-0.0976697355508804,0.3848345875740051,0.0588197074830532,0.1081023514270782,0.7371329069137573,0.2151389718055725,-0.0862396657466888,0.7093493342399597,0.2336142361164093,0
71,0.0206830408424139,-0.6399615406990051,-0.3226155936717987,0.1539684534072876,-0.5082266330718994,-0.1364554017782211,0.2607068419456482,-0.705616295337677,-0.1718259453773498,-0.1309999674558639,-0.5187773108482361,-0.1873330771923065,-0.2346923053264618,-0.7079889178276062,-0.267704039812088,0.3197238743305206,-0.9060484170913696,-0.2404926121234893,-0.2402964234352111,-0.9198530316352844,-0.3499312996864319,0.1054230406880378,0.0027729163412004,0.0074228174053132,-0.1056630611419677,-0.0034288116730749,-0.006185355130583,0.0770632773637771,0.4179829955101013,0.0532106421887874,-0.0937513932585716,0.385198026895523,0.0546972937881946,0.1071988865733146,0.7394729256629944,0.2037365138530731,-0.0844690725207328,0.7133036255836487,0.2236213088035583,0
72,0.0206381492316722,-0.63960200548172,-0.3222157061100006,0.1526605635881424,-0.5079926252365112,-0.1314295083284378,0.2596657276153564,-0.7055317759513855,-0.1621895283460617,-0.1311364769935608,-0.5182684659957886,-0.1888769119977951,-0.234657734632492,-0.7078017592430115,-0.2764073014259338,0.3192556202411651,-0.9052907228469848,-0.2328585386276245,-0.2395694851875305,-0.918736219406128,-0.3575358986854553,0.105336882174015,0.0028313479851931,0.0091353235766291,-0.1055766716599464,-0.0034859096631407,-0.0079144993796944,0.0770951062440872,0.4182032644748688,0.0538840815424919,-0.0935876816511154,0.385063499212265,0.0471603535115718,0.1069893464446067,0.7399848103523254,0.2031151056289672,-0.0846586972475051,0.7140818238258362,0.2141810208559036,0
73,0.0206958912312984,-0.6388497352600098,-0.3254373967647552,0.1526544541120529,-0.5077831745147705,-0.1333331316709518,0.2576159536838531,-0.7035792469978333,-0.1644395440816879,-0.1310116797685623,-0.5175526142120361,-0.1938658058643341,-0.2337678372859954,-0.7014055848121643,-0.2879556715488434,0.3192468881607055,-0.9036238193511964,-0.2349134683609008,-0.2396690100431442,-0.9096466898918152,-0.3822715282440185,0.1053214594721794,0.0028401522431522,0.0094455629587173,-0.1055606827139854,-0.0034942494239658,-0.0082152243703603,0.0761516839265823,0.4182964265346527,0.0512411072850227,-0.0935090854763984,0.385128378868103,0.0467289760708808,0.1054342538118362,0.7410468459129333,0.2016007155179977,-0.0841964483261108,0.7141391038894653,0.2145628780126571,0
74,0.0203527640551328,-0.6392127275466919,-0.3239284157752991,0.1525893062353134,-0.5077906847000122,-0.1331981122493744,0.2571130096912384,-0.7045936584472656,-0.1645974814891815,-0.1312440335750579,-0.5180435180664062,-0.1904870271682739,-0.234130859375,-0.7053725719451904,-0.2775015532970428,0.3145565986633301,-0.9052211046218872,-0.2352396696805954,-0.2412955611944198,-0.9137259125709534,-0.3624593615531921,0.1052903681993484,0.0028248017188161,0.0091038541868329,-0.1055336892604827,-0.003478986909613,-0.0078965369611978,0.0765345767140388,0.4181354641914367,0.0516583062708377,-0.0908820480108261,0.3856818675994873,0.0470086522400379,0.1063106283545494,0.7409663796424866,0.2017304301261901,-0.0826545804738998,0.7187238931655884,0.214780643582344,0
75,0.0273646786808967,-0.6414884924888611,-0.3213562965393066,0.158561959862709,-0.5078163146972656,-0.1328293085098266,0.2583023905754089,-0.7045392394065857,-0.1636476218700409,-0.1249841079115867,-0.5185205936431885,-0.1874006539583206,-0.2244375795125961,-0.7054793238639832,-0.2789112627506256,0.3227803707122803,-0.9052330255508424,-0.2303323447704315,-0.2292636036872863,-0.9137527942657472,-0.3761779367923736,0.1053051948547363,0.0027972315438091,0.0087410164996981,-0.1055493950843811,-0.0034508474636822,-0.0075510530732572,0.0781808793544769,0.4179544746875763,0.0517220944166183,-0.0900742560625076,0.3865729868412018,0.050008725374937,0.107025422155857,0.7395197749137878,0.2127145826816558,-0.0811926126480102,0.7187583446502686,0.2261428087949752,0
76,0.018583308905363,-0.6381060481071472,-0.3334268629550934,0.1510953903198242,-0.5059187412261963,-0.1420329958200454,0.253061830997467,-0.7050570249557495,-0.179079070687294,-0.1307678669691085,-0.5169199705123901,-0.2020691186189651,-0.2263702601194381,-0.7076916694641113,-0.3043109774589538,0.3172076344490051,-0.9069139361381532,-0.2472846508026123,-0.2348623126745224,-0.917484700679779,-0.396443098783493,0.1052813753485679,0.0029492804314941,0.0091762412339448,-0.1055236160755157,-0.0036004672292619,-0.0079776952043175,0.0773722529411315,0.4180362820625305,0.0548208989202976,-0.0958939492702484,0.3850376904010772,0.0495692864060401,0.1046784445643425,0.7395823001861572,0.2120229452848434,-0.0912339985370636,0.7181507349014282,0.2216023951768875,0
77,0.0275777503848075,-0.6392872333526611,-0.3199034929275512,0.1544112712144851,-0.5072954893112183,-0.1234115809202194,0.2557816803455353,-0.707061231136322,-0.145324021577835,-0.1253308355808258,-0.5176576375961304,-0.198376178741455,-0.2136358469724655,-0.7098206281661987,-0.301891028881073,0.3258023560047149,-0.9078130722045898,-0.2071284055709839,-0.2048924267292022,-0.917599618434906,-0.3869466483592987,0.1052534729242324,0.0026704899501055,0.0127044273540377,-0.1054960787296295,-0.00332199386321,-0.0114776883274316,0.0826929360628128,0.4183097779750824,0.0616722293198108,-0.0907420963048935,0.3855516612529754,0.0454948544502258,0.1094783172011375,0.7388443946838379,0.2192315608263015,-0.0864579826593399,0.7180845737457275,0.2205475121736526,0
78,0.0224370956420898,-0.638127863407135,-0.3252753615379333,0.1506460011005401,-0.5073838829994202,-0.1333556473255157,0.2502767145633697,-0.7087736129760742,-0.167822390794754,-0.1302496641874313,-0.5171235799789429,-0.1987225115299224,-0.2299962788820266,-0.7097678184509277,-0.3001512289047241,0.3050947189331054,-0.907630205154419,-0.2363245785236358,-0.2320871353149414,-0.9169154167175292,-0.3821467757225036,0.1051848009228706,0.0026794311124831,0.0121345296502113,-0.1054260954260826,-0.003332142252475,-0.0108762858435511,0.073479950428009,0.418440967798233,0.0613061897456646,-0.0926881581544876,0.385636955499649,0.0455658212304115,0.1013649851083755,0.7388302087783813,0.2109774053096771,-0.0882623791694641,0.7189190983772278,0.2143085598945617,0
79,0.0237611476331949,-0.6375752687454224,-0.3287453949451446,0.1537157595157623,-0.5065472722053528,-0.137450486421585,0.2550785839557647,-0.7005102634429932,-0.1731338798999786,-0.128377765417099,-0.5170188546180725,-0.1986671239137649,-0.2269752770662307,-0.7023928761482239,-0.2991309463977813,0.3143140077590942,-0.8973878622055054,-0.2445258647203445,-0.2314433157444,-0.911249339580536,-0.3816165626049042,0.1051286235451698,0.0026707863435149,0.0107265571132302,-0.1053707748651504,-0.0033227375242859,-0.0094855055212974,0.0752035155892372,0.4177325069904327,0.0522993505001068,-0.089017815887928,0.3877149522304535,0.0463839583098888,0.1021605804562568,0.7390531301498413,0.195040687918663,-0.0851053819060325,0.7237898707389832,0.2125872373580932,0
80,0.0179534628987312,-0.6374731659889221,-0.3285696804523468,0.1485901176929474,-0.5066535472869873,-0.1374124586582183,0.2489242702722549,-0.7055067420005798,-0.1729258149862289,-0.1334311217069625,-0.5171704292297363,-0.1971146911382675,-0.2336752116680145,-0.7039639949798584,-0.2920863032341003,0.3043066561222076,-0.907098948955536,-0.2439358383417129,-0.2447660714387893,-0.9132636785507202,-0.3729579746723175,0.1051126942038536,0.0026585704181343,0.0105453683063387,-0.1053557991981506,-0.00331129017286,-0.0093172388151288,0.078351616859436,0.4159696400165558,0.0524274297058582,-0.090479739010334,0.3871354162693023,0.0454610995948314,0.1059999465942382,0.7382233738899231,0.1943974494934082,-0.0868147164583206,0.7242707014083862,0.206187829375267,0
81,0.0215215384960174,-0.6406576633453369,-0.3186041712760925,0.1514633446931839,-0.5091766119003296,-0.122320182621479,0.249099463224411,-0.7056716680526733,-0.1444096714258194,-0.1315466463565826,-0.5181024074554443,-0.1897270530462265,-0.2327989488840103,-0.703626811504364,-0.2820946276187897,0.3051511347293854,-0.9071059823036194,-0.2076208889484405,-0.2417229264974594,-0.912409484386444,-0.3678312003612518,0.1052722707390785,0.0024640839546918,0.0127581767737865,-0.105520486831665,-0.0031298082321882,-0.0115374345332384,0.0852292999625206,0.4157816469669342,0.0674560219049453,-0.0916112884879112,0.3868695199489593,0.0450448095798492,0.1097717955708503,0.732630729675293,0.2241534292697906,-0.0896476134657859,0.721718430519104,0.2097454518079757,0
82,0.0167322680354118,-0.6406360864639282,-0.3189265429973602,0.1492634117603302,-0.5096419453620911,-0.1249565631151199,0.2483611106872558,-0.7117928862571716,-0.154476135969162,-0.1337908059358596,-0.5181081295013428,-0.1900494694709777,-0.2361655384302139,-0.7097413539886475,-0.282177209854126,0.3001768589019775,-0.9083465933799744,-0.2215981185436248,-0.2480743080377578,-0.9172319769859314,-0.3669313192367553,0.1052562370896339,0.0025125776883214,0.0122539959847927,-0.105502650141716,-0.0031767112668603,-0.0110221551731228,0.0844823122024536,0.4158060252666473,0.0621886290609836,-0.0937495231628418,0.3858498930931091,0.0450579486787319,0.1094801276922226,0.7328704595565796,0.2137137055397033,-0.0897634699940681,0.7198276519775391,0.2098201513290405,0
83,0.0188603028655052,-0.6421688795089722,-0.3140077888965606,0.1544950008392334,-0.5096805095672607,-0.1240465492010116,0.2523868978023529,-0.7108302116394043,-0.1528736799955368,-0.1299718618392944,-0.5183828473091125,-0.1782372891902923,-0.2346598803997039,-0.7096650004386902,-0.2663710415363312,0.3093982338905334,-0.9071989059448242,-0.2183831185102462,-0.2435278743505478,-0.9174458980560304,-0.35613614320755,0.1052434891462326,0.0024954599794,0.0112085007131099,-0.1054911538958549,-0.0031591216102242,-0.0100057162344455,0.0846216902136802,0.4154118001461029,0.0573829486966133,-0.0917146503925323,0.3864586651325226,0.0462873205542564,0.1088055223226547,0.7332029342651367,0.2075184881687164,-0.0868101641535759,0.720668375492096,0.2106204628944397,0
84,0.0133796613663434,-0.6419429779052734,-0.3204347789287567,0.1504583656787872,-0.5091001391410828,-0.1380573958158493,0.2468175441026687,-0.7113383412361145,-0.1808245331048965,-0.13374724984169,-0.5177308320999146,-0.1836514323949813,-0.2363070249557495,-0.7138948440551758,-0.2765704691410064,0.299061506986618,-0.9075396060943604,-0.2470100224018097,-0.2440391033887863,-0.9217327237129213,-0.364340990781784,0.1052494272589683,0.0024759760126471,0.0106724323704838,-0.1054971069097518,-0.0031394439283758,-0.0094716707244515,0.0805835574865341,0.4154196381568908,0.0596767328679561,-0.0955886989831924,0.3863081634044647,0.0489096939563751,0.1036430522799491,0.7324333786964417,0.2201834619045257,-0.0905942767858505,0.7189595699310303,0.2209621220827102,0
85,0.020748134702444,-0.6423890590667725,-0.3204854428768158,0.1562162786722183,-0.5092534422874451,-0.1368361711502075,0.2519558668136596,-0.7089208960533142,-0.1724871844053268,-0.1282602846622467,-0.5199568867683411,-0.1839528232812881,-0.2306317538022995,-0.7122036814689636,-0.2759003043174743,0.317441314458847,-0.9072347283363342,-0.238458901643753,-0.2391780465841293,-0.9188072681427002,-0.3660490214824676,0.1051754057407379,0.0025826434139162,0.0099288774654269,-0.1054205670952797,-0.0032469050493091,-0.0087298937141895,0.0843168348073959,0.4152122437953949,0.0587686710059642,-0.0930781960487365,0.3864121735095978,0.0527588427066803,0.105945773422718,0.7342031002044678,0.2069123387336731,-0.0916655510663986,0.7195925116539001,0.2209644615650177,0
86,0.0111108366400003,-0.6401323080062866,-0.3278071284294128,0.1466563194990158,-0.5091080069541931,-0.1422186940908432,0.2492552548646927,-0.712965726852417,-0.1810954958200454,-0.1356900781393051,-0.5185232758522034,-0.1921605467796325,-0.2378709018230438,-0.7162266969680786,-0.278417021036148,0.2991188764572143,-0.906938910484314,-0.25222247838974,-0.2438127845525741,-0.9206071496009828,-0.3582108318805694,0.1050619259476661,0.0026527047157287,0.0096568064764142,-0.1053074449300766,-0.0033148243092,-0.0084421830251812,0.0803496986627578,0.4164968132972717,0.0583841241896152,-0.0961179435253143,0.3864441215991974,0.0519931837916374,0.1043053194880485,0.7381145358085632,0.1986189484596252,-0.0988710522651672,0.7209930419921875,0.2134168297052383,0
87,0.0194600448012352,-0.6401323080062866,-0.3276809155941009,0.1538606435060501,-0.5088956356048584,-0.1420260220766067,0.2500058710575104,-0.7121134400367737,-0.1781403869390487,-0.1298563629388809,-0.5189387202262878,-0.1935161650180816,-0.228043720126152,-0.7178536653518677,-0.2853114604949951,0.3100978136062622,-0.9069536328315736,-0.2438888549804687,-0.2339041531085968,-0.9226388931274414,-0.3732579946517944,0.1051747128367424,0.0024289241991937,0.0098738614469766,-0.1054304987192154,-0.0030942638404667,-0.0086638005450367,0.0893177762627601,0.4164927005767822,0.0604659281671047,-0.0961160585284233,0.3867311179637909,0.0518681034445762,0.1111979484558105,0.7370171546936035,0.2051519006490707,-0.1004213690757751,0.7208530306816101,0.2138381749391555,0
88,0.0190108679234981,-0.6365742683410645,-0.3303439021110534,0.1500421464443206,-0.508277416229248,-0.1428527235984802,0.2474795877933502,-0.7121980786323547,-0.1790702044963836,-0.1317120939493179,-0.5180230736732483,-0.1985959708690643,-0.2308829426765442,-0.7166990637779236,-0.2930678427219391,0.3022762537002563,-0.9069740772247314,-0.2474123239517212,-0.2349631339311599,-0.920471727848053,-0.3756716251373291,0.1050716638565063,0.0024927668273448,0.0098561681807041,-0.1053215488791465,-0.0031533846631646,-0.0086416350677609,0.0836004614830017,0.4166968464851379,0.0521206259727478,-0.095907025039196,0.3867288827896118,0.0476767346262931,0.108269952237606,0.739492654800415,0.1894633322954177,-0.0972764194011688,0.7209526300430298,0.2059540152549743,0
89,0.02072224766016,-0.6367464065551758,-0.3302763104438782,0.1521040946245193,-0.5084095001220703,-0.1426163762807846,0.2548472583293915,-0.7121818661689758,-0.1786359399557113,-0.1308554708957672,-0.5176810026168823,-0.1986649930477142,-0.2320303171873092,-0.7107012271881104,-0.2925595939159393,0.308364599943161,-0.9064083099365234,-0.2477887272834777,-0.2357756495475769,-0.9128905534744264,-0.3753588795661926,0.1049708947539329,0.0024914327077567,0.0098972115665674,-0.1052190512418747,-0.003150152741,-0.0086732441559433,0.0794062912464141,0.4172883033752441,0.0489560328423976,-0.0894736871123313,0.3884985148906708,0.0439749062061309,0.1062705591320991,0.7422328591346741,0.185723528265953,-0.0859711095690727,0.7253103256225586,0.2008539736270904,0
90,0.0203168485313653,-0.6329643130302429,-0.3339761793613434,0.151591882109642,-0.5059024095535278,-0.1499297022819519,0.2533066868782043,-0.7114617824554443,-0.1952973008155822,-0.1311980932950973,-0.5146834850311279,-0.201898992061615,-0.2321375757455825,-0.7101776599884033,-0.2984557747840881,0.2939109802246094,-0.9050961136817932,-0.265964925289154,-0.237946018576622,-0.9140655994415284,-0.3812191784381866,0.1049448549747467,0.002587666735053,0.0095152165740728,-0.1051906272768974,-0.0032408956903964,-0.0082775624468922,0.0733749717473983,0.4185211360454559,0.0456778109073638,-0.0895274057984352,0.3884829580783844,0.0434764251112937,0.0976522341370582,0.7448800802230835,0.1847170442342758,-0.0853587090969085,0.725260853767395,0.2012526243925094,0
91,0.0226804092526435,-0.6314326524734497,-0.3365271091461181,0.1558084189891815,-0.5043033361434937,-0.1542974412441253,0.2583735585212707,-0.7081835269927979,-0.2019180059432983,-0.1298590153455734,-0.514166533946991,-0.2017571479082107,-0.2320197373628616,-0.7081210613250732,-0.2911327183246612,0.2945005893707275,-0.8996830582618713,-0.2720390260219574,-0.2384571135044098,-0.9142259955406188,-0.3742797374725342,0.1049568057060241,0.0026343890931457,0.0074228243902325,-0.105204090476036,-0.0032865479588508,-0.0061757527291774,0.0755219981074333,0.4181629717350006,0.0377138070762157,-0.0893842205405235,0.3884887397289276,0.0436166711151599,0.0987065508961677,0.7476349472999573,0.1698740422725677,-0.0838570147752761,0.7260400056838989,0.1977224200963974,0
92,0.0245011169463396,-0.631433367729187,-0.3362649977207184,0.1564307808876037,-0.5034027695655823,-0.1539586633443832,0.2581745088100433,-0.7075402140617371,-0.2008790522813797,-0.1292837560176849,-0.5147539973258972,-0.2004727572202682,-0.2317222505807876,-0.713319718837738,-0.2910465896129608,0.2955614924430847,-0.899490475654602,-0.2710481584072113,-0.2390606105327606,-0.9221033453941344,-0.3750945925712585,0.1051051020622253,0.0026561294216662,0.0060507715679705,-0.1053549796342849,-0.0033079837448894,-0.0048225373029708,0.0771503299474716,0.417462944984436,0.0319383293390274,-0.0893997251987457,0.3881988525390625,0.0445127710700035,0.1078628003597259,0.7461427450180054,0.1720970720052719,-0.0709212869405746,0.7234667539596558,0.203082263469696,0
93,0.0248766001313924,-0.627153754234314,-0.3481897413730621,0.1573846489191055,-0.5012333989143372,-0.1711258143186569,0.2587131261825561,-0.7077311873435974,-0.2245017141103744,-0.1282596439123153,-0.5127447247505188,-0.2095265537500381,-0.2302505820989608,-0.7125704884529114,-0.3074740171432495,0.2959628105163574,-0.9007043838500977,-0.2910429239273071,-0.2410275042057037,-0.9227303862571716,-0.4040554463863373,0.1052628234028816,0.0025609009899199,0.0058514168485999,-0.1055147796869278,-0.0032149935141205,-0.0046157501637935,0.0776050239801406,0.417244553565979,0.0327078029513359,-0.0900763124227523,0.388219952583313,0.0443400405347347,0.1088202595710754,0.7419196367263794,0.1877132058143615,-0.0718186721205711,0.7226378917694092,0.2064296603202819,0
94,0.0244418494403362,-0.6221683621406555,-0.334958016872406,0.1586117446422577,-0.5019291043281555,-0.1690450757741928,0.2578304708003998,-0.7093470096588135,-0.2221559435129165,-0.1286492943763733,-0.5127902626991272,-0.1847174167633056,-0.2304359674453735,-0.7199562788009644,-0.2481039613485336,0.2536492347717285,-0.8915894031524658,-0.2904124855995178,-0.2470742166042328,-0.9320554733276368,-0.3075768053531647,0.105472944676876,0.0025766333565115,0.00467583630234,-0.1057104244828224,-0.0032312653493136,-0.0034233573824167,0.0795958340167999,0.4169350862503052,0.023639190942049,-0.0933761224150657,0.386311411857605,0.038134254515171,0.1090202182531356,0.7418213486671448,0.1678238362073898,-0.0727096647024154,0.7223257422447205,0.191577598452568,0
95,0.0234066396951675,-0.6213211417198181,-0.3517569005489349,0.1585782766342163,-0.4981126487255096,-0.1785496026277542,0.2618198096752167,-0.7089537978172302,-0.2352557331323623,-0.1282852292060852,-0.5093520283699036,-0.2076604515314102,-0.2284156382083892,-0.7069346904754639,-0.3008968830108642,0.2881848514080047,-0.9009188413619996,-0.2996092736721039,-0.2470834553241729,-0.9211763739585876,-0.3958881199359894,0.1056322082877159,0.0024439273402094,0.0053555993363261,-0.1058844327926635,-0.0030979316215962,-0.0041032363660633,0.0834259167313575,0.4160413444042206,0.0294551700353622,-0.0870789662003517,0.3863168358802795,0.0315771475434303,0.1156020686030387,0.7398990988731384,0.1858111172914505,-0.0659413114190101,0.7223681211471558,0.1921950131654739,0
96,0.0254301745444536,-0.6218903064727783,-0.3511360287666321,0.1588122397661209,-0.4988943040370941,-0.1763023138046264,0.2621798515319824,-0.7182238101959229,-0.2340424358844757,-0.1253740042448043,-0.5095930695533752,-0.2140360623598098,-0.225125253200531,-0.7085948586463928,-0.3103814721107483,0.2922801077365875,-0.9165136218070984,-0.2954078614711761,-0.2438067346811294,-0.9213558435440063,-0.3968064188957214,0.1056921780109405,0.0023536691442131,0.0076586585491895,-0.1059514582157135,-0.0030114974360913,-0.0063875471241772,0.095279186964035,0.4130780100822449,0.0427319034934043,-0.086103968322277,0.3835797011852264,0.0293484330177307,0.1215580850839614,0.7282231450080872,0.2137756049633026,-0.0667381882667541,0.7125077247619629,0.1964437961578369,1
97,0.0255272015929222,-0.6245275139808655,-0.3507499396800995,0.1588609665632248,-0.499479591846466,-0.1753827333450317,0.2615216374397278,-0.7178500890731812,-0.2254323363304138,-0.1228243261575698,-0.51166170835495,-0.2132765054702758,-0.2203699797391891,-0.7134389877319336,-0.3007039427757263,0.3032872974872589,-0.9181516766548156,-0.2849714756011963,-0.2377639412879943,-0.9275239706039428,-0.3776815831661224,0.1056702882051467,0.0022740319836884,0.0078718662261962,-0.1059320047497749,-0.0029390919953584,-0.0065948832780122,0.0979070663452148,0.4112271070480346,0.0519427731633186,-0.0876090824604034,0.3833014070987701,0.0336437746882438,0.1212547048926353,0.7229720950126648,0.221026673913002,-0.0756175592541694,0.7116791605949402,0.2073543667793274,1
98,0.0206490624696016,-0.6232913136482239,-0.3635346889495849,0.1578810364007949,-0.4972997903823852,-0.1904681324958801,0.2611384093761444,-0.7129628658294678,-0.2426410019397735,-0.1228366941213607,-0.5102308392524719,-0.2205501794815063,-0.218989759683609,-0.7064834833145142,-0.306909441947937,0.3028718829154968,-0.9183598160743712,-0.299318790435791,-0.2356280237436294,-0.922248363494873,-0.395933985710144,0.1055903807282447,0.0023671858943998,0.0074453130364418,-0.1058547273278236,-0.0030311949085444,-0.0061716395430266,0.0950240194797515,0.4084165394306183,0.0511358343064785,-0.0905291140079498,0.3786207735538482,0.03389223664999,0.1046665608882904,0.722266435623169,0.2198168933391571,-0.0851940214633941,0.7029886841773987,0.2140708118677139,1
99,0.0103425132110714,-0.6233139038085938,-0.3650022447109222,0.1551050096750259,-0.4963557124137878,-0.2001764625310897,0.2606447339057922,-0.712594211101532,-0.260133683681488,-0.1229915916919708,-0.5102581977844238,-0.2197442054748535,-0.2175331860780716,-0.7025524973869324,-0.3063275814056396,0.304736316204071,-0.9242445230484008,-0.3175960481166839,-0.2357205599546432,-0.9198539853096008,-0.4002395570278168,0.1055767014622688,0.0021890571806579,0.0057454379275441,-0.1058435067534446,-0.0028370309155434,-0.0044753565452992,0.1008107662200927,0.4003936052322387,0.0449773222208023,-0.0931966453790664,0.3752560019493103,0.030601792037487,0.1097260266542434,0.7013545632362366,0.2280685603618621,-0.0860738754272461,0.6965728998184204,0.2199051827192306,1
100,0.0127895288169384,-0.6203886270523071,-0.3669327199459076,0.1598458290100097,-0.4922940135002136,-0.2000376731157302,0.2715287506580353,-0.7079163789749146,-0.2562542557716369,-0.1160283759236335,-0.509919285774231,-0.2212287634611129,-0.2029376029968261,-0.7006452083587646,-0.304058700799942,0.3185864984989166,-0.9243776798248292,-0.3135912120342254,-0.2245028614997863,-0.9187259078025818,-0.3967681527137756,0.1056293845176696,0.0021131981629878,0.0062082833610475,-0.1059102565050125,-0.0027552202809602,-0.0049408879131078,0.1092463359236717,0.4000170230865478,0.0495457276701927,-0.0933733731508255,0.3712463080883026,0.0257098991423845,0.1296478807926178,0.6994977593421936,0.2388806343078613,-0.0882283523678779,0.6921011209487915,0.2192603200674057,1
101,0.0096131470054388,-0.611659824848175,-0.3840391039848327,0.1558002084493637,-0.4892324805259704,-0.2091381698846817,0.2715296447277069,-0.7092179656028748,-0.2603955268859863,-0.1226059347391128,-0.5036330819129944,-0.2369198948144912,-0.2149752676486969,-0.6884156465530396,-0.3211186528205871,0.3192440271377563,-0.9303023815155028,-0.3130365312099457,-0.2371938973665237,-0.9050280451774596,-0.4094853103160858,0.1055560559034347,0.0023980468977242,0.0067890961654484,-0.1058372631669044,-0.0030388324521481,-0.005509449634701,0.1081393510103225,0.3986115157604217,0.0311692878603935,-0.092677466571331,0.3668671250343323,0.0133515894412994,0.1089987009763717,0.7007390856742859,0.2068127244710922,-0.0904364958405494,0.6907550096511841,0.1947901546955108,1
102,0.0078030047006905,-0.6079289317131042,-0.3870686590671539,0.1558650583028793,-0.4891022741794586,-0.2129289954900741,0.2711725831031799,-0.7092349529266357,-0.2688566148281097,-0.1211132407188415,-0.5038094520568848,-0.239501416683197,-0.2124664783477783,-0.6963866353034973,-0.315794825553894,0.3204262256622314,-0.9297543168067932,-0.3230278789997101,-0.2371813803911209,-0.912824273109436,-0.3938881456851959,0.1056472510099411,0.0014217591378837,0.0075926491990685,-0.1059572473168373,-0.0020633616950362,-0.0062996079213917,0.1126164346933364,0.3962064981460571,0.043037936091423,-0.0991923063993454,0.3671332001686096,0.0052179805934429,0.1219679862260818,0.6970286965370178,0.2267541289329528,-0.1138004884123802,0.6955262422561646,0.1783081442117691,1
103,0.0081200851127505,-0.6026337742805481,-0.3934497833251953,0.1547665148973465,-0.4872507154941559,-0.2185770571231842,0.2709581851959228,-0.7092705965042114,-0.2736004292964935,-0.1217525973916053,-0.5008891820907593,-0.2455212026834488,-0.2140899896621704,-0.6887746453285217,-0.3207727968692779,0.3198609054088592,-0.9319162964820862,-0.3240600824356079,-0.2380722761154174,-0.9123715758323668,-0.396045446395874,0.1057204902172088,0.0014684344641864,0.0075996830128133,-0.1060365065932273,-0.0021132389083504,-0.0063101961277425,0.1128390282392501,0.3936669528484344,0.0296437218785285,-0.100521333515644,0.3645228147506714,0.0059462310746312,0.1122624725103378,0.6952359080314636,0.2227277755737304,-0.1108201593160629,0.6871962547302246,0.1817974746227264,1
104,0.0078240595757961,-0.6026114225387573,-0.3915647268295288,0.1546937227249145,-0.4872188866138458,-0.2163384705781936,0.2712644636631012,-0.7096723318099976,-0.2698235213756561,-0.1217729821801185,-0.5028128623962402,-0.2444664984941482,-0.2129883468151092,-0.7002618908882141,-0.3032494783401489,0.3194729387760162,-0.9317633509635924,-0.3209598660469055,-0.238563597202301,-0.9239295721054076,-0.3571562170982361,0.1057611107826232,0.0014021266251802,0.0077037890441715,-0.1060895025730133,-0.002040967112407,-0.0064180786721408,0.1151870191097259,0.3909927904605865,0.0082711409777402,-0.1030850633978843,0.3619365096092224,-0.0059711681678891,0.1124136447906494,0.6954709887504578,0.1898504495620727,-0.1117286831140518,0.6848636865615845,0.1709077507257461,1
105,0.0068830987438559,-0.6069981455802917,-0.3709317147731781,0.1545006036758422,-0.4893180727958679,-0.1985970288515091,0.271705687046051,-0.7152594327926636,-0.2527680695056915,-0.1219313517212867,-0.5043364763259888,-0.2278707772493362,-0.2130754142999649,-0.702518105506897,-0.2865638434886932,0.3217610418796539,-0.935053825378418,-0.3075779378414154,-0.239636093378067,-0.9249028563499452,-0.3462588489055633,0.1057846769690513,0.001313745859079,0.0080130444839596,-0.1061139404773712,-0.0019375990377739,-0.0067351348698139,0.1212365850806236,0.3850549459457397,-0.0042058010585606,-0.1044882461428642,0.3585692942142486,-0.0108857806771993,0.1139423549175262,0.6891070604324341,0.180319532752037,-0.1122816652059555,0.6775808334350586,0.1701027899980545,1
106,0.0069240070879459,-0.6003217697143555,-0.3788857758045196,0.1542195975780487,-0.489024668931961,-0.1987726837396621,0.2723753154277801,-0.7192621231079102,-0.2499454319477081,-0.1228366419672966,-0.5022833943367004,-0.2378320395946502,-0.2156267464160919,-0.7014163136482239,-0.2928245067596435,0.3241941332817077,-0.9409183859825134,-0.3014861047267914,-0.2500759065151214,-0.9256662130355836,-0.3490006029605865,0.1063934490084648,0.001629848149605,0.0098310457542538,-0.1067429184913635,-0.0022312819492071,-0.0085786813870072,0.12429790943861,0.3785848617553711,-0.0402326583862304,-0.1139636859297752,0.3459294140338897,-0.0527503676712513,0.1099837645888328,0.6878229379653931,0.1437580436468124,-0.1165223941206932,0.6611225605010986,0.1259316354990005,1
107,0.0074990456923842,-0.6012856960296631,-0.3799131512641907,0.1553463041782379,-0.4881572127342224,-0.2030086517333984,0.2733269333839416,-0.7191545367240906,-0.2619945704936981,-0.1205870658159256,-0.5017678141593933,-0.2381511479616165,-0.2126602828502655,-0.6936389803886414,-0.3003729879856109,0.3343301713466644,-0.9467755556106568,-0.3169828355312347,-0.2496121227741241,-0.916412591934204,-0.372009664773941,0.1064586713910102,0.0016287204343825,0.0098401810973882,-0.1068131923675537,-0.0022244763094931,-0.008590524084866,0.1332616657018661,0.3711638450622558,-0.0425773225724697,-0.1147039979696273,0.3442465960979461,-0.0450352542102336,0.1203625947237014,0.6776365041732788,0.1494525074958801,-0.1160529255867004,0.6603139042854309,0.1373974978923797,1
108,0.0065999873913824,-0.6015742421150208,-0.3803809881210327,0.1520337909460067,-0.4907599985599518,-0.2030114978551864,0.2689394652843475,-0.7227981686592102,-0.2592614293098449,-0.1239415109157562,-0.5016317963600159,-0.2380475848913192,-0.225020632147789,-0.6939849853515625,-0.2949455678462982,0.3298493921756744,-0.9481676816940308,-0.3137075901031494,-0.2631182372570038,-0.9188702702522278,-0.3502034544944763,0.1066095232963562,0.0016538818599656,0.0098760873079299,-0.1069626882672309,-0.0022401793394237,-0.008629317395389,0.1328881233930587,0.355512261390686,-0.0957335457205772,-0.1273228377103805,0.3241733312606811,-0.0691110119223594,0.1096090152859687,0.6652965545654297,0.0888900980353355,-0.1249221265316009,0.6357914805412292,0.1105748564004898,1
109,0.0120805585756897,-0.5914151072502136,-0.4230311810970306,0.1551929265260696,-0.4832957983016968,-0.2349950820207595,0.2691165506839752,-0.7116007208824158,-0.2945031821727752,-0.1187000647187233,-0.4944381713867187,-0.2814850807189941,-0.213910311460495,-0.6854860782623291,-0.3673741817474365,0.3324171304702759,-0.9399261474609376,-0.3498380482196808,-0.2560572922229767,-0.909794270992279,-0.4483200311660766,0.1067194119095802,0.0015973491827026,0.0102156559005379,-0.1070943102240562,-0.0021865421440452,-0.0089502073824405,0.1269072443246841,0.3571730554103851,-0.0515253655612468,-0.1262411624193191,0.3275875151157379,-0.060685608536005,0.1146062090992927,0.6673408150672913,0.1255868524312973,-0.1263129711151123,0.6399503946304321,0.1199645102024078,1
110,0.0057087233290076,-0.5890610814094543,-0.417837917804718,0.1498274654150009,-0.4826318621635437,-0.231359913945198,0.2686487436294555,-0.7114965319633484,-0.2885172069072723,-0.1250906139612198,-0.4882741868495941,-0.2732362747192383,-0.2234995067119598,-0.6706295609474182,-0.3522775769233703,0.3323605358600616,-0.93822580575943,-0.3432679176330566,-0.2771585285663605,-0.8972532153129578,-0.4277395606040954,0.1068525090813636,0.0016986753325909,0.0103399353101849,-0.1072162985801696,-0.002271455945447,-0.0090733980759978,0.1259782165288925,0.3415544033050537,-0.1413041353225708,-0.126735582947731,0.3131684064865112,-0.1042049676179885,0.1135744899511337,0.6586917042732239,0.0229631382972002,-0.1245420649647712,0.6318672299385071,0.0542387105524539,1
111,0.005744619295001,-0.5897135138511658,-0.417014867067337,0.1499161124229431,-0.4827108681201935,-0.2286795675754547,0.2679948806762695,-0.7144297957420349,-0.2809437215328216,-0.1251530796289444,-0.4887687265872955,-0.27034592628479,-0.2232015579938888,-0.6747322082519531,-0.3435230255126953,0.3327294886112213,-0.9451850652694702,-0.3297974467277527,-0.2794700562953949,-0.907100260257721,-0.3885587155818939,0.1073570325970649,0.0018080760492011,0.0105678094550967,-0.1077508628368377,-0.0023786858655512,-0.0093033649027347,0.1187809556722641,0.3418804705142975,-0.1229835823178291,-0.1262852400541305,0.3112084567546844,-0.1090349480509758,0.1057146191596984,0.6529788970947266,0.055516242980957,-0.1236504018306732,0.6298677325248718,0.0549651235342025,1
112,0.0113570755347609,-0.5952468514442444,-0.4080280661582947,0.1498872488737106,-0.4851356744766235,-0.2267040759325027,0.2677600085735321,-0.7195682525634766,-0.2795707285404205,-0.1231864988803863,-0.4909707307815552,-0.2690238058567047,-0.2200917154550552,-0.676820695400238,-0.3466992080211639,0.3329669535160064,-0.94757741689682,-0.3295095860958099,-0.2789303660392761,-0.9074348211288452,-0.4049667418003082,0.10734124481678,0.0018633110448718,0.0106233768165111,-0.1077348291873931,-0.0024246911052614,-0.0093586668372154,0.1194891333580017,0.339986115694046,-0.1165990084409713,-0.1333388537168502,0.3053575456142425,-0.0995779111981391,0.1110468879342079,0.6363160610198975,0.0954073294997215,-0.1255104839801788,0.6138193011283875,0.0857112556695938,1
113,0.0116977160796523,-0.5953059196472168,-0.3884887099266052,0.148174375295639,-0.4847744405269623,-0.2094135731458664,0.2682519555091858,-0.7169665694236755,-0.2540983259677887,-0.1261404603719711,-0.4911175966262817,-0.2573730647563934,-0.2284956127405166,-0.6883131265640259,-0.3162115514278412,0.3387109041213989,-0.9450281858444214,-0.3033974766731262,-0.2849103212356567,-0.9278210997581482,-0.3544218242168426,0.1074031963944435,0.0018905240576714,0.0106328539550304,-0.1077919453382492,-0.0024377775844186,-0.0093669965863227,0.1271615177392959,0.3221192359924316,-0.1949684917926788,-0.1387111693620681,0.2783032953739166,-0.1581624746322631,0.1163770630955696,0.6271205544471741,-0.0215692799538373,-0.1253159195184707,0.595275342464447,0.0054450193420052,1
114,0.0130999218672513,-0.605276346206665,-0.3502013981342315,0.1461637616157531,-0.4919271171092987,-0.1668597757816314,0.2650101780891418,-0.722671627998352,-0.196447491645813,-0.1281393319368362,-0.4974401891231537,-0.2352218627929687,-0.2319906502962112,-0.696891188621521,-0.3022605776786804,0.3384700119495392,-0.9488984942436218,-0.2485449761152267,-0.2930684089660644,-0.9324532747268676,-0.3366113305091858,0.1073866039514541,0.002071063965559,0.0120871821418404,-0.1077716499567031,-0.0025879917666316,-0.0108575699850916,0.1291880160570144,0.3064785599708557,-0.2024105787277221,-0.1376729756593704,0.2802969217300415,-0.1386838555335998,0.1188537776470184,0.6061787605285645,-0.0238966904580593,-0.1216363608837127,0.5793039798736572,0.0257136225700378,1
115,0.0129961678758263,-0.6066401600837708,-0.3575886487960815,0.1469216495752334,-0.4917500615119934,-0.1691294759511947,0.2645636200904846,-0.7225421667098999,-0.2202508896589279,-0.1279657930135727,-0.4978810250759125,-0.2354625463485717,-0.2327418774366378,-0.6977325081825256,-0.3030662536621094,0.3386793434619903,-0.9506070017814636,-0.2755233645439148,-0.2928346991539001,-0.932874858379364,-0.3444038927555084,0.1074479594826698,0.0020931533072143,0.0108250966295599,-0.1078267246484756,-0.0026046985294669,-0.0095464652404189,0.1277284622192382,0.2927300035953522,-0.2133221179246902,-0.1441375166177749,0.2561500072479248,-0.1695103645324707,0.1194927170872688,0.5862269401550293,-0.0304019022732973,-0.118795596063137,0.5649502277374268,-0.0040367683395743,1
116,0.0071717128157615,-0.6123188734054565,-0.3519849777221679,0.1451221853494644,-0.4934908747673034,-0.1740525364875793,0.2631091177463531,-0.7234479188919067,-0.2179433554410934,-0.131541222333908,-0.5011735558509827,-0.2199164479970932,-0.2346259355545044,-0.7023587822914124,-0.2828607559204101,0.3386805355548858,-0.9517992734909058,-0.2642279863357544,-0.2973378300666809,-0.936847686767578,-0.3286975920200348,0.107332058250904,0.0021437525283545,0.0089705726131796,-0.1076820865273475,-0.0026404368691146,-0.0076936478726565,0.125991865992546,0.2776996493339538,-0.2405186593532562,-0.1432240605354309,0.2621412575244903,-0.1569769084453582,0.1195775642991066,0.5770288109779358,-0.0709305107593536,-0.1110489964485168,0.5634316205978394,0.0119729554280638,1
117,0.0145201981067657,-0.6124414205551147,-0.3597054779529571,0.1480155438184738,-0.4934668242931366,-0.1820134669542312,0.2634392082691192,-0.7233702540397644,-0.2337629348039627,-0.1278901100158691,-0.5003340244293213,-0.2373883426189422,-0.2344068735837936,-0.6860020756721497,-0.3367292881011963,0.3402595221996307,-0.9524324536323548,-0.2855249941349029,-0.2961159944534302,-0.9134174585342408,-0.4135321676731109,0.1073032021522522,0.0022141637746244,0.0090424418449401,-0.1076545193791389,-0.0027015202213078,-0.0077696880325675,0.1268349736928939,0.276492029428482,-0.2351205945014953,-0.1452898532152176,0.2577809989452362,-0.1541721522808075,0.1198141276836395,0.5715757012367249,-0.0516158863902092,-0.1106311157345771,0.555946409702301,0.0373420305550098,1
118,0.0041690473444759,-0.6138309240341187,-0.3417538404464721,0.1480090320110321,-0.4932280778884887,-0.1686403900384903,0.2626827955245971,-0.7208048105239868,-0.2153337746858596,-0.134690374135971,-0.5014468431472778,-0.2023742496967315,-0.2365354299545288,-0.7028737664222717,-0.2615290880203247,0.3396258950233459,-0.952226459980011,-0.264593243598938,-0.3026920855045318,-0.9417875409126282,-0.3068014681339264,0.1082235947251319,0.0022389099467545,0.0083560831844806,-0.10849080234766,-0.002720518503338,-0.0070555950514972,0.1265775859355926,0.250745415687561,-0.2878975570201874,-0.1554866135120391,0.2251427918672561,-0.1965983808040619,0.1197061687707901,0.5517540574073792,-0.1165453940629959,-0.1103127747774124,0.5328789949417114,-0.0427488684654235,1
119,0.0111084496602416,-0.6180647015571594,-0.3319416344165802,0.1522734314203262,-0.492428570985794,-0.1593501716852188,0.2654306292533874,-0.7154799699783325,-0.2024882137775421,-0.1333864480257034,-0.5017974972724915,-0.2012772560119629,-0.2364834994077682,-0.7024877071380615,-0.267629325389862,0.3418799638748169,-0.948738694190979,-0.251874029636383,-0.3014999628067016,-0.940307319164276,-0.3100700378417969,0.1084983125329017,0.0022592025343328,0.008420274592936,-0.1087498664855957,-0.0027280519716441,-0.0071294894441962,0.1386107951402664,0.2267297357320785,-0.3128927052021026,-0.1591525375843048,0.22910937666893,-0.1882406622171402,0.1368383169174194,0.5294786095619202,-0.1295233219861984,-0.1068411096930503,0.5151680111885071,-0.0203434247523546,1
120,0.009480464272201,-0.6140990257263184,-0.3168001174926758,0.1509702205657959,-0.4929612278938293,-0.1417625844478607,0.264145165681839,-0.7236506938934326,-0.1945521682500839,-0.1360282748937606,-0.4920945763587951,-0.1949961185455322,-0.2410547882318496,-0.6954729557037354,-0.2671161293983459,0.3412992060184479,-0.954533576965332,-0.2466255277395248,-0.3021447360515594,-0.9355224967002868,-0.307106077671051,0.1103292778134346,0.0026638135313987,0.0131577486172318,-0.1105140298604965,-0.0030818746890872,-0.0118357315659523,0.1371998935937881,0.2002590894699096,-0.3532308042049408,-0.1578047275543213,0.1556253433227539,-0.3348625004291534,0.1220789179205894,0.4837543070316314,-0.1671036928892135,-0.1035811528563499,0.4844384789466858,-0.1791935712099075,1
121,0.0204506702721118,-0.6095525622367859,-0.2992188334465027,0.1557103544473648,-0.4929247498512268,-0.1297787576913833,0.2669501006603241,-0.7248396873474121,-0.1896841377019882,-0.1346614807844162,-0.4907091856002807,-0.1858138293027877,-0.2390494346618652,-0.691709041595459,-0.2607746720314026,0.3437254428863525,-0.960583508014679,-0.2449235320091247,-0.2933903336524963,-0.9353176951408386,-0.3015335202217102,0.1117879897356033,0.0028581232763826,0.0154300248250365,-0.1119422540068626,-0.0032537707593292,-0.014130899682641,0.1368414312601089,0.1619014889001846,-0.3825337588787079,-0.1574413180351257,0.1180526539683342,-0.3632262945175171,0.1058986559510231,0.4461661279201507,-0.2021331340074539,-0.0917236357927322,0.4437046945095062,-0.2190138548612594,1
122,0.0201370660215616,-0.6033174991607666,-0.3262587785720825,0.1561925262212753,-0.4912886023521423,-0.1536040753126144,0.2681318819522857,-0.7232621312141418,-0.2181786894798278,-0.1342543214559555,-0.4906247556209564,-0.208703264594078,-0.2389254122972488,-0.6912368535995483,-0.2858467102050781,0.3480309545993805,-0.96024489402771,-0.2770127654075622,-0.2940414249897003,-0.934150457382202,-0.3285091817378998,0.1119524389505386,0.0028461404144763,0.0161210503429174,-0.1120984405279159,-0.0032273971009999,-0.0148001918569207,0.1512146294116974,0.180211991071701,-0.3520114123821258,-0.1532650142908096,0.1451956331729889,-0.3197078108787536,0.1244294643402099,0.4607707560062408,-0.189772218465805,-0.092716135084629,0.4534657597541809,-0.1579236686229705,1
123,0.0200085453689098,-0.5947317481040955,-0.3521104454994201,0.1563941538333892,-0.4850609898567199,-0.179092600941658,0.2687822878360748,-0.715286374092102,-0.2504495084285736,-0.1332671642303466,-0.489261269569397,-0.2282228022813797,-0.2388471364974975,-0.690099835395813,-0.307281881570816,0.3507475256919861,-0.949967920780182,-0.3091295957565307,-0.294525682926178,-0.9312069416046144,-0.3506821990013122,0.1121399030089378,0.0028633752372115,0.0163337253034114,-0.1122707277536392,-0.0032393732108175,-0.0149794220924377,0.153724655508995,0.1822410672903061,-0.3501319885253906,-0.1537717580795288,0.1423982828855514,-0.321311742067337,0.1315141916275024,0.4556992053985595,-0.1669983267784118,-0.0946053713560104,0.4406037330627441,-0.149525299668312,1
124,0.016898276284337,-0.592889666557312,-0.3519656062126159,0.1589293032884597,-0.4843316376209259,-0.1775856018066406,0.270858496427536,-0.7135716676712036,-0.2444059550762176,-0.1317492127418518,-0.4880866408348083,-0.2252072691917419,-0.2390532940626144,-0.688506543636322,-0.2980558276176452,0.3556371033191681,-0.9490686058998108,-0.3015675544738769,-0.2952719032764435,-0.9274308085441588,-0.3490375876426697,0.1125268712639808,0.0028806123882532,0.0162959527224302,-0.1126532480120658,-0.0032540834508836,-0.0149233192205429,0.161610260605812,0.1826402693986892,-0.3363631963729858,-0.1545026451349258,0.1435313671827316,-0.31198650598526,0.1336972266435623,0.4540434181690216,-0.1338618099689483,-0.0956562459468841,0.4389956593513489,-0.1418756246566772,1
125,0.0168143063783645,-0.5848696231842041,-0.3688171207904815,0.1580148339271545,-0.4809411764144897,-0.1901854574680328,0.2708004415035248,-0.7038207650184631,-0.2569401264190674,-0.1316965967416763,-0.4844246506690979,-0.2352390140295028,-0.2430334091186523,-0.6768828630447388,-0.3091221451759338,0.3561124801635742,-0.9360649585723876,-0.3137814998626709,-0.2960241138935089,-0.9156919121742249,-0.3586210310459137,0.1125856786966323,0.0029865766409784,0.0162820573896169,-0.112708143889904,-0.0033656409941613,-0.0149028440937399,0.160781592130661,0.1857624053955078,-0.3173655569553375,-0.1504633277654647,0.1360505521297454,-0.3074489831924438,0.1347416788339615,0.4540821015834808,-0.0932361930608749,-0.0934090688824653,0.432421326637268,-0.1196869686245918,1
126,0.0205835662782192,-0.5780420899391174,-0.3731401860713959,0.1613597273826599,-0.4746116399765014,-0.1947400718927383,0.2710421979427337,-0.6970533728599548,-0.2669114768505096,-0.1260239332914352,-0.4823201596736908,-0.2380623668432235,-0.2386492639780044,-0.6726976037025452,-0.3130569756031036,0.357369989156723,-0.9315996766090392,-0.3252600133419037,-0.2936015725135803,-0.9077546000480652,-0.3645388484001159,0.1126779094338417,0.0030132359825074,0.0161494817584753,-0.11280108243227,-0.0033949378412216,-0.0147438617423176,0.1612517088651657,0.1795544922351837,-0.3265061974525451,-0.1496031582355499,0.1188662126660347,-0.3197883367538452,0.1360993832349777,0.4422667324542999,-0.1085582002997398,-0.0833114683628082,0.4148247241973877,-0.1320325285196304,1
127,0.0213008783757686,-0.5790830850601196,-0.3709525167942047,0.162618026137352,-0.4748913943767547,-0.1929313987493515,0.275886058807373,-0.6962019801139832,-0.2635337710380554,-0.1257152259349823,-0.4847276508808136,-0.235626146197319,-0.2384993731975555,-0.6764064431190491,-0.3042182326316833,0.3656806349754333,-0.9317855834960938,-0.3204841315746307,-0.292835533618927,-0.91316157579422,-0.3600443005561828,0.112710528075695,0.0030269690323621,0.0160223897546529,-0.1128337234258651,-0.0034073444548994,-0.0146086430177092,0.1704801321029663,0.1984350085258484,-0.2979225218296051,-0.1461022347211837,0.1353937238454818,-0.2836105823516845,0.1558436006307602,0.4487500786781311,-0.0702818110585212,-0.0866099223494529,0.4189193546772003,-0.0816571786999702,1
128,0.0231098718941211,-0.5684362053871155,-0.3716879189014435,0.1623775362968444,-0.4701651334762573,-0.1938157230615615,0.2726069986820221,-0.6892566680908203,-0.2715813517570495,-0.1251562386751175,-0.4762952625751495,-0.2389097362756729,-0.2375393807888031,-0.6642367243766785,-0.3194842040538788,0.3614719808101654,-0.9196767210960388,-0.3369710147380829,-0.2912193834781647,-0.90141624212265,-0.3750742077827453,0.1127399429678917,0.0033109546639025,0.0160257779061794,-0.1128631979227066,-0.003702899441123,-0.0146001391112804,0.1694131344556808,0.1623264700174331,-0.3220106065273285,-0.146126702427864,0.1001281142234802,-0.313724547624588,0.1437617987394333,0.4207085371017456,-0.1119496747851371,-0.0864858999848365,0.3968459367752075,-0.1284116059541702,1
129,0.0264110304415226,-0.5660651922225952,-0.3712486028671264,0.1688096225261688,-0.4684787690639496,-0.1936935633420944,0.2781979143619537,-0.687257707118988,-0.2714259028434753,-0.1190043687820434,-0.4767477810382843,-0.2374183684587478,-0.2298326790332794,-0.6654048562049866,-0.3155382573604584,0.3647544384002685,-0.9182172417640686,-0.3340340256690979,-0.287924200296402,-0.9003698825836182,-0.3728747069835663,0.1128576099872589,0.0037235603667795,0.015951195731759,-0.1129726022481918,-0.0041186702437698,-0.0145174860954284,0.1770228892564773,0.1558787971735,-0.3271059989929199,-0.1465896219015121,0.0961806252598762,-0.3255852460861206,0.1426086872816085,0.4163030982017517,-0.1185322105884552,-0.0860340595245361,0.3880935609340668,-0.1352284997701645,1
130,0.0267260670661926,-0.5636796355247498,-0.3685883283615112,0.1687518954277038,-0.4639442563056946,-0.192372590303421,0.2807470262050628,-0.6870998740196228,-0.2691214084625244,-0.1172071620821952,-0.4746251702308655,-0.2338706105947494,-0.2214723229408264,-0.6658034324645996,-0.3060121536254883,0.3744201064109802,-0.9192323684692384,-0.3219501972198486,-0.2788712978363037,-0.900767982006073,-0.3550687134265899,0.1130498275160789,0.004133160226047,0.0159325618296861,-0.1131523326039314,-0.0045306337997317,-0.0144942654296755,0.1768607646226883,0.1232653707265853,-0.343467652797699,-0.1524760872125625,0.0757592394948005,-0.350401908159256,0.1317735612392425,0.3918905854225158,-0.1385619342327118,-0.0896606296300888,0.3640181422233581,-0.1577747464179992,1
131,0.0288416817784309,-0.5585799813270569,-0.3807942867279053,0.1685733348131179,-0.4607211351394653,-0.2012120932340622,0.2805983126163482,-0.6844155192375183,-0.2807917594909668,-0.1171647682785987,-0.4711759984493255,-0.2542742192745209,-0.2219323217868805,-0.6633148789405823,-0.3434715270996094,0.3754444122314453,-0.9158526062965392,-0.3439749181270599,-0.2791555523872375,-0.896611213684082,-0.4008168578147888,0.1130507886409759,0.0041482830420136,0.0163393951952457,-0.113161914050579,-0.004543587565422,-0.0149313546717166,0.1932576298713684,0.1250247210264206,-0.3225359916687011,-0.1521915942430496,0.0831275880336761,-0.3362844288349151,0.1413504481315612,0.391544908285141,-0.114679679274559,-0.0941623374819755,0.3698633313179016,-0.1378377676010131,1
132,0.028988005593419,-0.5608210563659668,-0.3803849220275879,0.1679321825504303,-0.4607729315757751,-0.2004899978637695,0.2795829474925995,-0.6847667694091797,-0.2794186174869537,-0.1166265234351158,-0.4685364067554474,-0.2528683841228485,-0.225337728857994,-0.6620197892189026,-0.3413535058498382,0.3727195262908935,-0.9179939031600952,-0.3402377068996429,-0.2800641059875488,-0.8970696330070496,-0.3965775072574615,0.1130779832601547,0.0043792393989861,0.0163285192102193,-0.1131916493177414,-0.0047748447395861,-0.0149155464023351,0.1810072660446167,0.1164570152759552,-0.341145396232605,-0.152989462018013,0.067116230726242,-0.3569165170192718,0.1310310512781143,0.3701034188270569,-0.1148805320262909,-0.0958619639277458,0.3474369347095489,-0.1422774791717529,1
133,0.0336484797298908,-0.5611888766288757,-0.3793450891971588,0.1702043712139129,-0.4602543115615845,-0.1968115121126175,0.2853831052780151,-0.6850498914718628,-0.2712846398353576,-0.1131471022963523,-0.4670612215995788,-0.2504679262638092,-0.2213904857635498,-0.6585572957992554,-0.3365287482738495,0.3782329559326172,-0.9202527403831482,-0.3284830451011657,-0.2772810459136963,-0.8963424563407898,-0.3952332437038421,0.1131953448057174,0.0044119074009358,0.0167629178613424,-0.1133185252547264,-0.0048064151778817,-0.0153612783178687,0.1957229077816009,0.087401770055294,-0.342949628829956,-0.144721120595932,0.063475988805294,-0.3729957342147827,0.1329979449510574,0.3512352705001831,-0.1214323863387107,-0.0856735259294509,0.3234284222126007,-0.1514910012483596,1
134,0.027701111510396,-0.5580137968063354,-0.3824654817581177,0.1667558550834655,-0.4599441885948181,-0.2012125104665756,0.278851717710495,-0.683508574962616,-0.2777806520462036,-0.1141108572483062,-0.4649780094623565,-0.2502380311489105,-0.2245600223541259,-0.6518285870552063,-0.3343725502490997,0.3708967864513397,-0.9193242192268372,-0.335363358259201,-0.2793503105640411,-0.891696035861969,-0.3904267847537994,0.1132128611207008,0.0046044266782701,0.0167451109737157,-0.1133356466889381,-0.0050046481192111,-0.0153338937088847,0.1851254105567932,0.0957394838333129,-0.342255175113678,-0.1432521492242813,0.0601031780242919,-0.3683937191963196,0.1279151290655136,0.3528682887554168,-0.1181089952588081,-0.0879745781421661,0.3294278979301452,-0.1508769243955612,1
135,0.0324262231588363,-0.5575975179672241,-0.3818942308425903,0.1700476855039596,-0.4584680199623108,-0.1997426748275756,0.2851864695549011,-0.6813226342201233,-0.2763338088989258,-0.1115153953433036,-0.4634192287921905,-0.2499279826879501,-0.2195519804954528,-0.6516780257225037,-0.3360255360603332,0.3831326067447662,-0.9169617295265198,-0.3346729874610901,-0.2723578810691833,-0.8918381929397583,-0.3961030840873718,0.1132317408919334,0.0046394825913012,0.0172074995934963,-0.1133563518524169,-0.0050390907563269,-0.015783404931426,0.1894500851631164,0.0949822068214416,-0.3290464580059051,-0.1401402503252029,0.0601445324718952,-0.3668414950370788,0.1384413391351699,0.3549807071685791,-0.1162251234054565,-0.0869526863098144,0.3343442380428314,-0.150466576218605,1
136,0.0313346572220325,-0.557523787021637,-0.3485613763332367,0.1698352247476577,-0.4585095643997192,-0.1664231121540069,0.2844809293746948,-0.6782995462417603,-0.2331968694925308,-0.1128367632627487,-0.4629829525947571,-0.2192704081535339,-0.2198379933834076,-0.6483525633811951,-0.3038895428180694,0.3823000788688659,-0.9160116910934448,-0.2851594388484955,-0.2726897597312927,-0.8896771669387817,-0.3651496171951294,0.1138135716319084,0.0051962723955512,0.0181696750223636,-0.113909900188446,-0.0055995960719883,-0.0166915040463209,0.1908335536718368,0.0772953778505325,-0.3281570672988891,-0.1294741034507751,0.0252064764499664,-0.3911900818347931,0.1276339888572693,0.3317212164402008,-0.1460092961788177,-0.087092138826847,0.3035697638988495,-0.1978774964809417,1
137,0.0324008129537105,-0.5553112626075745,-0.3762746453285217,0.1685007065534591,-0.4538558423519134,-0.1946891695261001,0.2822844982147217,-0.6693166494369507,-0.2914265990257263,-0.1128614395856857,-0.4565713405609131,-0.2525808811187744,-0.2206521332263946,-0.6396008133888245,-0.3514593541622162,0.3791337609291076,-0.9007666110992432,-0.3703523576259613,-0.2753412127494812,-0.8769091963768005,-0.4180862009525299,0.1138341501355171,0.0052015059627592,0.0183575525879859,-0.1139329150319099,-0.0056015378795564,-0.016868894919753,0.1867867559194564,0.0797512382268905,-0.3328613936901092,-0.1288588494062423,0.039673913270235,-0.389875590801239,0.1299386769533157,0.3384138941764831,-0.1430265754461288,-0.0856190919876098,0.3254091143608093,-0.1942148804664611,1
138,0.037170834839344,-0.5554472208023071,-0.3779739737510681,0.1702079176902771,-0.4539513289928436,-0.1949208229780197,0.2829140126705169,-0.6699833273887634,-0.2866855263710022,-0.1111665144562721,-0.456792801618576,-0.2528994977474212,-0.2203099429607391,-0.6404711604118347,-0.348055750131607,0.380401998758316,-0.9021450281143188,-0.3590388298034668,-0.2765600383281708,-0.8787680864334106,-0.4102188944816589,0.1139543280005455,0.0052853263914585,0.0187298469245433,-0.1140539944171905,-0.0056868134997785,-0.0172431245446205,0.1967849135398864,0.0825159922242164,-0.3295094072818756,-0.1293829679489135,0.0414020791649818,-0.3837397992610931,0.1362400949001312,0.3388296067714691,-0.1251869648694992,-0.0822960436344146,0.3192499876022339,-0.1789031028747558,1
139,0.0330024287104606,-0.5521635413169861,-0.3623260259628296,0.1692164689302444,-0.4537921845912933,-0.1776896864175796,0.2810757458209991,-0.6674466133117676,-0.2567383348941803,-0.1179542616009712,-0.4566110670566559,-0.2317031323909759,-0.2260199636220932,-0.637996256351471,-0.3284698128700256,0.3793801963329315,-0.9005476832389832,-0.3222203850746155,-0.2814255952835083,-0.8786013722419739,-0.4005100429058075,0.1146637871861457,0.0054002325050532,0.0187616031616926,-0.1147531494498252,-0.0058061783201992,-0.0172738097608089,0.1962133646011352,0.0835362076759338,-0.3303580582141876,-0.1297153979539871,0.0407790392637252,-0.3849881887435913,0.1298689246177673,0.3397451341152191,-0.1442064344882965,-0.0871533304452896,0.3144038319587707,-0.1922298371791839,1
140,0.0322494693100452,-0.5448612570762634,-0.3719689548015594,0.1689432114362716,-0.4469290673732757,-0.1874531805515289,0.2797100841999054,-0.6651406288146973,-0.2715270221233368,-0.1166896745562553,-0.4518246054649353,-0.2382913678884506,-0.2256254702806472,-0.6303258538246155,-0.3350277841091156,0.3785138428211212,-0.9016827344894408,-0.3328082263469696,-0.2814538478851318,-0.8708668351173401,-0.4028403759002685,0.1148548275232315,0.0055261356756091,0.0187173634767532,-0.1149450689554214,-0.0059328386560082,-0.0172140169888734,0.1928113549947738,0.0767496973276138,-0.3414349555969238,-0.1316001862287521,0.0321520529687404,-0.399161696434021,0.1198580563068389,0.334539532661438,-0.1479413658380508,-0.0881744921207428,0.3048001229763031,-0.1932422071695327,1
141,0.0282778441905975,-0.5450974106788635,-0.3694925904273987,0.168626457452774,-0.4472133815288543,-0.1860451102256775,0.2794095277786255,-0.6654374599456787,-0.270984947681427,-0.1176774278283119,-0.4520212113857269,-0.2348387390375137,-0.2284034788608551,-0.6302223801612854,-0.3336376845836639,0.3784050643444061,-0.9042331576347352,-0.3326525390148163,-0.2868308126926422,-0.8706640005111694,-0.4019069969654083,0.1151472330093383,0.0056390454992651,0.0185738820582628,-0.1152366921305656,-0.0060394941829144,-0.0170799102634191,0.1919334977865219,0.0748097375035286,-0.3450623452663421,-0.133686363697052,0.0332861468195915,-0.4007983207702636,0.1195005476474762,0.3312559425830841,-0.1482703536748886,-0.0898821428418159,0.3004677295684814,-0.1919417679309845,1
142,0.026435712352395,-0.5409113168716431,-0.3695006668567657,0.1665879935026168,-0.4458965957164764,-0.1861561089754104,0.2749562561511993,-0.6609631776809692,-0.2766544222831726,-0.1191206648945808,-0.449470579624176,-0.2350009381771087,-0.2285897433757782,-0.628565788269043,-0.3377693891525268,0.3737198412418365,-0.9009543657302856,-0.3458274006843567,-0.2878793776035309,-0.8701286911964417,-0.4118584990501404,0.1153226494789123,0.0056739100255072,0.0185374896973371,-0.1154114678502082,-0.0060741724446415,-0.0170416422188282,0.184963583946228,0.0544885545969009,-0.3519014716148376,-0.1399603337049484,0.0161463823169469,-0.4009886384010315,0.1130472719669342,0.3202557861804962,-0.1599240601062774,-0.0934455469250679,0.2938621640205383,-0.1998400688171386,1
143,0.0287832077592611,-0.5376343727111816,-0.369523674249649,0.1670795083045959,-0.4440622627735138,-0.1860889047384262,0.2753303050994873,-0.6603561043739319,-0.2763991951942444,-0.1171320080757141,-0.4477567970752716,-0.2356190383434295,-0.2280310094356537,-0.6264476180076599,-0.337534099817276,0.3750044703483581,-0.9011940360069276,-0.3450435698032379,-0.2856477200984955,-0.8684197068214417,-0.4078468084335327,0.1154713630676269,0.0057283458299934,0.0185503512620925,-0.1155634149909019,-0.006130738183856,-0.0170503500849008,0.1845936179161071,0.0510072074830532,-0.3538523614406585,-0.1399112790822982,0.0132656283676624,-0.4038662612438202,0.1134165450930595,0.3161099851131439,-0.1586900800466537,-0.0934113785624504,0.2913407981395721,-0.199746698141098,1
144,0.0288148820400238,-0.5451785326004028,-0.3464313149452209,0.1648854166269302,-0.450053870677948,-0.1665270924568176,0.2753242552280426,-0.6622726917266846,-0.2540871798992157,-0.1198529452085495,-0.4501625001430511,-0.2248463928699493,-0.2340558022260666,-0.6268999576568604,-0.3269283175468445,0.3736288547515869,-0.9002497792243958,-0.3269068598747253,-0.2860528826713562,-0.8694601655006409,-0.3940735161304474,0.1155160889029502,0.0058831945061683,0.0185422040522098,-0.1156096309423446,-0.006286391057074,-0.0170457754284143,0.1830821186304092,0.0519977547228336,-0.353622704744339,-0.1449330598115921,0.0068309484049677,-0.4028253257274627,0.1131475418806076,0.3067160546779632,-0.1474134176969528,-0.0926185548305511,0.2874894440174103,-0.1981259435415268,1
145,0.0347846299409866,-0.5457459092140198,-0.3441710472106933,0.1683309972286224,-0.4496865570545196,-0.1638879925012588,0.2797603905200958,-0.6597793102264404,-0.2545028924942016,-0.1174561381340026,-0.4502173364162445,-0.2241765409708023,-0.2336653172969818,-0.6270582675933838,-0.3271532356739044,0.3752596378326416,-0.8979284167289734,-0.3273370862007141,-0.2854090631008148,-0.8696479201316833,-0.3956250548362732,0.1155544519424438,0.0060207145288586,0.0193009953945875,-0.1156489849090576,-0.006422075908631,-0.0178150329738855,0.1863564401865005,0.04241693764925,-0.3464323580265045,-0.1422602385282516,-0.0043055131100118,-0.4016537070274353,0.1170516088604927,0.3071255981922149,-0.1492054909467697,-0.0885648354887962,0.2833643853664398,-0.1990939676761627,1
146,0.0334258377552032,-0.5508354902267456,-0.326297402381897,0.1607378721237182,-0.4552238583564758,-0.1468012779951095,0.2756563723087311,-0.6614916920661926,-0.2197858244180679,-0.1236616671085357,-0.4536477327346802,-0.2155553549528122,-0.2418183535337448,-0.6337767839431763,-0.306324303150177,0.3737829327583313,-0.8972687721252441,-0.281770795583725,-0.2916696071624756,-0.8797135949134827,-0.3570475280284881,0.1155534088611602,0.0062136882916092,0.0193958152085542,-0.1156519725918769,-0.0066246734932065,-0.0179076679050922,0.1833068430423736,0.0401867255568504,-0.3381725549697876,-0.1421954780817031,-0.0222528707236051,-0.4024139642715454,0.1137784272432327,0.2972765862941742,-0.1428429186344146,-0.0879886597394943,0.2726356983184814,-0.2036396563053131,1
147,0.0333306863903999,-0.552668035030365,-0.3079774677753448,0.1608749330043792,-0.4578030407428741,-0.1278170943260193,0.2756407260894775,-0.665770947933197,-0.1994898617267608,-0.1243635788559913,-0.4554347991943359,-0.1927317380905151,-0.2446171641349792,-0.635455310344696,-0.2800870537757873,0.3735049366950989,-0.9035177826881408,-0.2629674673080444,-0.2926024794578552,-0.8820381760597229,-0.3330436944961548,0.1156611591577529,0.0062570357695221,0.0194634087383747,-0.1157619282603263,-0.0066682952456176,-0.0179796572774648,0.1828564703464508,0.0226996857672929,-0.3384406268596649,-0.1416463106870651,-0.0271607879549264,-0.4052129983901977,0.1109491288661956,0.2896919548511505,-0.154277890920639,-0.0889497399330139,0.2636427879333496,-0.2149620801210403,1
148,0.0332737006247043,-0.5505962371826172,-0.3109745681285858,0.1607913374900818,-0.4543385803699493,-0.1310888528823852,0.2741396129131317,-0.6586287617683411,-0.2230598777532577,-0.1242579743266105,-0.4523070454597473,-0.1967168152332306,-0.242488220334053,-0.625391960144043,-0.3020043075084686,0.3710318505764007,-0.8950716853141785,-0.3000670075416565,-0.290489912033081,-0.8699051737785339,-0.3761427402496338,0.1157263368368148,0.006327380426228,0.0194614510983228,-0.1158249825239181,-0.0067400545813143,-0.017971446737647,0.173261746764183,0.0260015130043029,-0.343158096075058,-0.1388461738824844,-0.0269679110497236,-0.4048894643783569,0.108879379928112,0.2904015779495239,-0.1585793942213058,-0.0889311879873275,0.263688713312149,-0.217282235622406,1
149,0.0377156324684619,-0.5518444776535034,-0.3156328201293945,0.1692516058683395,-0.4540723264217376,-0.1356185376644134,0.2839944362640381,-0.6589834094047546,-0.2326919734477996,-0.1185811907052993,-0.4529397189617157,-0.1984806209802627,-0.2355775237083435,-0.6282135248184204,-0.3054012060165405,0.3808651268482208,-0.8952325582504272,-0.311137706041336,-0.2850330471992492,-0.8716179132461548,-0.3771055340766907,0.1157834380865097,0.0063645094633102,0.0196438916027545,-0.115881323814392,-0.0067777778021991,-0.0181638039648532,0.1906715184450149,0.0354508124291896,-0.3431033492088318,-0.1398814916610717,-0.0051822746172547,-0.4034218788146972,0.1236212477087974,0.3069730401039123,-0.1581399142742157,-0.086149975657463,0.2827563285827636,-0.2131764143705368,1
150,0.0346002429723739,-0.5518261790275574,-0.3322848975658417,0.1639520227909088,-0.4541734755039215,-0.1518318653106689,0.2837273180484772,-0.659548282623291,-0.2352561354637146,-0.1222870945930481,-0.4552362859249115,-0.2150690555572509,-0.2408498525619506,-0.6326606273651123,-0.3086390197277069,0.3806186616420746,-0.8954726457595825,-0.3101041615009308,-0.2934079170227051,-0.878964900970459,-0.3754670917987823,0.1157465949654579,0.0064884503372013,0.0196311008185148,-0.115846537053585,-0.0069062421098351,-0.0181519407778978,0.1929485201835632,0.059172187000513,-0.3360219895839691,-0.1466489732265472,0.0071233818307518,-0.4033347070217132,0.1231473386287689,0.3153941929340362,-0.1368183195590973,-0.0861379951238632,0.2880929708480835,-0.1993194371461868,1
151,0.0344767495989799,-0.5579227805137634,-0.3253379166126251,0.1620640754699707,-0.4614118337631225,-0.1482011526823043,0.2797490656375885,-0.6710122227668762,-0.2355267703533172,-0.1230603754520416,-0.4570104777812958,-0.2140878438949585,-0.24118073284626,-0.6332516670227051,-0.3117436170578003,0.374512255191803,-0.9046662449836732,-0.3126810491085052,-0.2933076918125152,-0.8794092535972595,-0.379527598619461,0.1157724633812904,0.0062936688773334,0.0194385759532451,-0.1158786937594413,-0.0066944644786417,-0.0179673489183187,0.1726830154657364,0.0532465800642967,-0.3486745953559875,-0.1507767736911773,0.0066287606023252,-0.4040335118770599,0.1175317764282226,0.3068769872188568,-0.1416104733943939,-0.0885371267795562,0.2837580442428589,-0.1995613276958465,1
152,0.0343772321939468,-0.5578045845031738,-0.3676853477954864,0.1628471761941909,-0.4582290649414062,-0.1846708059310913,0.2807040512561798,-0.6698010563850403,-0.2606638669967651,-0.1196359321475029,-0.4570202529430389,-0.249248519539833,-0.2389728277921676,-0.6347144246101379,-0.3410471379756927,0.3796677589416504,-0.9039148688316344,-0.3284343481063843,-0.2915123999118805,-0.8789593577384949,-0.3995609581470489,0.1155791133642196,0.0063042878173291,0.0194234419614076,-0.1157012656331062,-0.0067031467333436,-0.0179553925991058,0.1819624155759811,0.0763252899050712,-0.3393210470676422,-0.1490718871355056,0.0336704365909099,-0.3925521075725555,0.12838776409626,0.3323655128479004,-0.1019308343529701,-0.0855256468057632,0.3166574835777282,-0.1592085212469101,1
153,0.0339228846132755,-0.5605106949806213,-0.3718848526477813,0.1628126800060272,-0.4582459330558777,-0.1909500807523727,0.2805377542972564,-0.6705566644668579,-0.2730103731155395,-0.1194354519248008,-0.4602771699428558,-0.2532228529453277,-0.2360383868217468,-0.639182984828949,-0.347168505191803,0.3776784241199493,-0.906032145023346,-0.3427487909793854,-0.2911610603332519,-0.8801425695419312,-0.4045132100582123,0.1155291423201561,0.006441889796406,0.0188306625932455,-0.1156532242894172,-0.0068363109603524,-0.0173562206327915,0.1601707637310028,0.0955689623951911,-0.3554830849170685,-0.1497678458690643,0.0376646295189857,-0.3943621814250946,0.1276385337114334,0.3326843678951263,-0.1060755252838134,-0.0834389775991439,0.3135880827903747,-0.1581117510795593,1
154,0.0351438075304031,-0.5648084878921509,-0.3785934448242187,0.1673788577318191,-0.4589408040046692,-0.1952904760837555,0.2838276028633117,-0.6726783514022827,-0.2711148262023926,-0.1151209771633148,-0.4635070860385895,-0.2576795816421509,-0.2318888306617736,-0.6448628902435303,-0.3462851941585541,0.3777608275413513,-0.9088050723075868,-0.3398760259151459,-0.2884446978569031,-0.8839743733406067,-0.4034052789211273,0.1154473721981048,0.0064975884743034,0.0187261309474706,-0.1155813634395599,-0.0068901004269719,-0.0172476209700107,0.1607545316219329,0.1140125170350074,-0.3514315783977508,-0.1456803530454635,0.0624572485685348,-0.3829987347126007,0.1280922591686248,0.3521826565265655,-0.1003785654902458,-0.0791360288858413,0.3315220475196838,-0.1457855701446533,1
155,0.0364434495568275,-0.5538334250450134,-0.4014974236488342,0.1695342510938644,-0.4533279836177826,-0.2120166420936584,0.2923482358455658,-0.6667619347572327,-0.2855665385723114,-0.1131661906838417,-0.4638074934482574,-0.2735330164432525,-0.2197189182043075,-0.6463977098464966,-0.3602643013000488,0.3927074074745178,-0.8956825137138367,-0.3486445546150207,-0.2793571949005127,-0.8838489055633545,-0.4167444407939911,0.1152401491999626,0.0066236527636647,0.0187413822859525,-0.1153648570179939,-0.0070100305601954,-0.017266035079956,0.1760789155960083,0.1380558907985687,-0.3354807496070862,-0.1374436169862747,0.0828350335359573,-0.3610324561595917,0.1339630037546157,0.3756988644599914,-0.0725128427147865,-0.0789795443415641,0.3486560881137848,-0.1119564771652221,1
156,0.0384140089154243,-0.5621855854988098,-0.3907772004604339,0.1694666147232055,-0.4578366279602051,-0.2071510106325149,0.2903713881969452,-0.6803658604621887,-0.2752060294151306,-0.1121221929788589,-0.4656611979007721,-0.2721163928508758,-0.2200060188770294,-0.647692859172821,-0.3557738661766052,0.3838312327861786,-0.9181828498840332,-0.3320667147636413,-0.2805137038230896,-0.886138379573822,-0.4016233384609222,0.1152185499668121,0.0067392680794,0.0187225751578807,-0.1153434440493583,-0.0071127661503851,-0.0172478500753641,0.1588244587182998,0.12799172103405,-0.3669926524162292,-0.139951467514038,0.0746249631047248,-0.3850222826004028,0.1262174546718597,0.3675934672355652,-0.1093401461839675,-0.0790489464998245,0.3419884145259857,-0.1398808509111404,1
157,0.0386669673025608,-0.5618764758110046,-0.3873186707496643,0.1748548597097396,-0.4578173458576202,-0.2041399627923965,0.2966279983520508,-0.6788101196289062,-0.2737558782100677,-0.1101775839924812,-0.4668194353580475,-0.2652471363544464,-0.2188627868890762,-0.6494728922843933,-0.3389785289764404,0.3887702524662018,-0.9156759977340698,-0.3298034965991974,-0.2768835723400116,-0.888517439365387,-0.3880466520786285,0.1153363138437271,0.0067588300444185,0.0187042839825153,-0.1154582127928733,-0.0071295071393251,-0.0172309465706348,0.1726143956184387,0.1269128769636154,-0.3638470768928528,-0.1351971477270126,0.0910784304141998,-0.3834414482116699,0.1273331195116043,0.3735570311546325,-0.1101840659976005,-0.0790571793913841,0.3468604385852813,-0.141066238284111,1
158,0.037670686841011,-0.5655847787857056,-0.3855108320713043,0.1737574338912964,-0.4607410430908203,-0.2029738873243332,0.2935900390148163,-0.6783807873725891,-0.2730104327201843,-0.1102229356765747,-0.4694125354290008,-0.263022780418396,-0.2210978716611862,-0.6511954069137573,-0.3398189842700958,0.3858267664909363,-0.914891481399536,-0.3300108611583709,-0.2803121507167816,-0.8916109800338745,-0.3904061615467071,0.1150827184319496,0.0069068325683474,0.0186479054391384,-0.115209937095642,-0.007265945430845,-0.0171784572303295,0.1674677729606628,0.1485859602689743,-0.3486963510513305,-0.1370190531015396,0.100628949701786,-0.3648833334445953,0.1271150559186935,0.3924527764320373,-0.1008946299552917,-0.087705597281456,0.3572670221328735,-0.1278944164514541,1
159,0.0407438203692436,-0.5747966170310974,-0.3820376098155975,0.1737404912710189,-0.4619988203048706,-0.1990563720464706,0.2953216433525085,-0.6787238717079163,-0.2586742639541626,-0.1100277081131935,-0.4742937982082367,-0.2609226107597351,-0.2216744720935821,-0.6611137986183167,-0.3334820866584778,0.390937864780426,-0.915303647518158,-0.3129470646381378,-0.2804176211357116,-0.9029969573020936,-0.3753389418125152,0.1148898527026176,0.0069726225920021,0.0186274722218513,-0.1150199472904205,-0.0073252208530902,-0.0171600934118032,0.157977819442749,0.1761620491743087,-0.3452291190624237,-0.1396881490945816,0.1073336452245712,-0.3555559813976288,0.1270908415317535,0.4210518300533294,-0.0997092127799987,-0.0876025855541229,0.3838777840137481,-0.1272469162940979,1
160,0.0448741279542446,-0.5848557949066162,-0.3594245016574859,0.1751175969839096,-0.4716165661811828,-0.1762812584638595,0.2977270185947418,-0.6876737475395203,-0.2280338406562805,-0.1099467799067497,-0.4799915850162506,-0.2434311956167221,-0.2218002378940582,-0.6693192720413208,-0.3205978572368622,0.3920336663722992,-0.9215075969696044,-0.2894125580787658,-0.2776565253734588,-0.9105993509292604,-0.3665728271007538,0.1148692145943641,0.007093381602317,0.0186401046812534,-0.1150011196732521,-0.0074328137561678,-0.0171846207231283,0.1585787832736969,0.1768926084041595,-0.3376871943473816,-0.1423148661851883,0.1100262105464935,-0.3447050154209137,0.1286023706197738,0.4302652478218078,-0.099933922290802,-0.085025355219841,0.3934370279312134,-0.1283847987651825,1
161,0.0451179817318916,-0.5971620082855225,-0.3326034247875213,0.1806672215461731,-0.4822491109371185,-0.1577678620815277,0.3085071444511413,-0.6966201066970825,-0.2099613398313522,-0.1100127026438713,-0.4939902126789093,-0.2076254189014434,-0.2219421863555908,-0.68581223487854,-0.2771178185939789,0.3955188691616058,-0.9333935379981996,-0.2725949287414551,-0.2762305736541748,-0.9299067854881288,-0.3339037001132965,0.1148960515856742,0.0071279359981417,0.0177360158413648,-0.115032784640789,-0.0074644517153501,-0.0163506846874952,0.1586012542247772,0.1989099085330963,-0.3015427887439728,-0.1450037062168121,0.1357613056898117,-0.2964170575141907,0.1353821009397506,0.4524954557418823,-0.0679262652993202,-0.0855096206068992,0.4156722724437713,-0.0898119509220123,1
162,0.0485582686960697,-0.599271297454834,-0.3378794491291046,0.1728365421295166,-0.4857654571533203,-0.1572802513837814,0.307555228471756,-0.7021933794021606,-0.1934353709220886,-0.1114524826407432,-0.4940326511859894,-0.2272237688302993,-0.2235582172870636,-0.6841548085212708,-0.3237430453300476,0.3973084688186645,-0.9333510994911194,-0.2490988820791244,-0.2769039869308471,-0.9265815615653992,-0.3900003731250763,0.1142335534095764,0.0068283579312264,0.018374640494585,-0.1144378557801246,-0.0071244095452129,-0.0170686170458793,0.1622330397367477,0.2247390896081924,-0.2803181111812591,-0.1479011923074722,0.1824800074100494,-0.2385172247886657,0.1442591249942779,0.4870081841945648,-0.0427091158926487,-0.0950761064887046,0.4534549415111542,-0.0195809192955493,1
163,0.0483517497777938,-0.6119369864463806,-0.3267373740673065,0.1724632680416107,-0.4882398843765259,-0.142875000834465,0.306837648153305,-0.7069631814956665,-0.1721074134111404,-0.1146538779139518,-0.4960385262966156,-0.2199557423591613,-0.2276132106781005,-0.6899259090423584,-0.3013664484024048,0.3968691825866699,-0.937184989452362,-0.2255089282989502,-0.2800794243812561,-0.9279950261116028,-0.3511288464069366,0.1141737401485443,0.0065124053508043,0.0183648150414228,-0.1143873780965805,-0.0067799035459756,-0.017062971368432,0.1614355891942978,0.2359983921051025,-0.2852981984615326,-0.1497598886489868,0.1996698826551437,-0.2399281114339828,0.1467181742191314,0.5091202855110168,-0.0497743748128414,-0.0948166921734809,0.4727223515510559,-0.0360839068889617,1
164,0.0484124459326267,-0.6117513179779053,-0.3235628008842468,0.1759188175201416,-0.4883650243282318,-0.1409084945917129,0.3076439201831817,-0.708102822303772,-0.174903467297554,-0.114458329975605,-0.4990384876728058,-0.2096421867609024,-0.2242472767829895,-0.6974567770957947,-0.282231867313385,0.4003787934780121,-0.9438424110412598,-0.2240378558635711,-0.2772875130176544,-0.9421483874320984,-0.3212767839431762,0.1141721382737159,0.0061699524521827,0.0183710660785436,-0.1143838390707969,-0.006417985074222,-0.0170797016471624,0.157674640417099,0.2281810194253921,-0.3101053237915039,-0.1496970355510711,0.2003800272941589,-0.2423062920570373,0.1447186917066574,0.5009960532188416,-0.0793210268020629,-0.0925312116742134,0.4723354279994964,-0.0476111024618148,1
165,0.0476194135844707,-0.6166645288467407,-0.3189196288585663,0.1732440739870071,-0.4899286031723022,-0.1360604912042617,0.3073995113372803,-0.7093827724456787,-0.1620657294988632,-0.1158806160092353,-0.5005872249603271,-0.2083713859319687,-0.224562332034111,-0.6963288187980652,-0.2855247855186462,0.4001571536064148,-0.943044364452362,-0.2091354429721832,-0.2782473564147949,-0.9396280646324158,-0.3282725512981415,0.113982580602169,0.0060723475180566,0.0184044111520051,-0.1142026558518409,-0.0063133779913187,-0.0171228032559156,0.155012771487236,0.2412455976009369,-0.3012352883815765,-0.1500869691371917,0.2163581848144531,-0.239246517419815,0.1443165689706802,0.5147285461425781,-0.0688624307513237,-0.0923445522785186,0.4926807284355163,-0.0341984331607818,1
166,0.0378627777099609,-0.6282914280891418,-0.2899705469608307,0.1671883165836334,-0.494933009147644,-0.1126423180103302,0.2858183979988098,-0.7110594511032104,-0.1425030827522277,-0.1209395825862884,-0.5026834607124329,-0.1767720282077789,-0.2295291423797607,-0.6965685486793518,-0.2459316104650497,0.3753946721553802,-0.944798469543457,-0.1913706511259079,-0.286979615688324,-0.9395731091499328,-0.289474219083786,0.1138060316443443,0.0056774276308715,0.0182382017374038,-0.1140228286385536,-0.0059041026979684,-0.0169705506414175,0.1329836547374725,0.2304719984531402,-0.2956231534481048,-0.1520133167505264,0.2139724642038345,-0.2403138726949691,0.1270555853843689,0.5066263675689697,-0.0693000480532646,-0.0920023322105407,0.4836554527282715,-0.0329320766031742,1
167,0.0391478836536407,-0.6286567449569702,-0.3048276305198669,0.1687650233507156,-0.4958155751228332,-0.120036207139492,0.2956645488739013,-0.7143821716308594,-0.1506072133779525,-0.1196647211909294,-0.503731906414032,-0.1870657503604889,-0.230598047375679,-0.6924987435340881,-0.3060005307197571,0.3924834430217743,-0.9443865418434144,-0.1998352110385894,-0.280198186635971,-0.9200910925865172,-0.4068441689014435,0.1129361242055893,0.0053540673106908,0.0175603199750185,-0.1131811216473579,-0.0055697709321975,-0.0163242500275373,0.1419230103492736,0.2609461545944214,-0.2465234845876693,-0.1520299464464187,0.2579366266727447,-0.147896260023117,0.1514935195446014,0.5426602363586426,-0.0480904020369052,-0.1003779619932174,0.5402339100837708,0.0464571863412857,1
168,0.0341792851686477,-0.6285523772239685,-0.3154615759849548,0.1665848195552826,-0.4974085688591003,-0.1231069564819336,0.2954865992069244,-0.7190106511116028,-0.154647096991539,-0.1215176060795784,-0.504787027835846,-0.192107617855072,-0.2355631738901138,-0.6978710889816284,-0.2921351790428161,0.3894451558589935,-0.9474281668663024,-0.2019337117671966,-0.2874072790145874,-0.931568682193756,-0.3536227643489837,0.1124024018645286,0.0053151454776525,0.0175892505794763,-0.1126788705587387,-0.0055334419012069,-0.0163655597716569,0.1427042186260223,0.2881200313568115,-0.2372132539749145,-0.1505782455205917,0.2721734941005707,-0.1698686629533767,0.1463510990142822,0.5786405205726624,-0.0369890853762626,-0.0998889729380607,0.5612300038337708,0.0202083997428417,1
169,0.0341807752847671,-0.6266244053840637,-0.3343878090381622,0.1685499846935272,-0.4971940815448761,-0.1536947041749954,0.2990806400775909,-0.7183856964111328,-0.1965713500976562,-0.1189823076128959,-0.5064622163772583,-0.1982466727495193,-0.2283291816711425,-0.6895857453346252,-0.2945047914981842,0.3894959986209869,-0.9470875263214112,-0.2491996735334396,-0.2687274515628814,-0.9245518445968628,-0.3678652346134186,0.1123369634151458,0.0052842977456748,0.0156227899715304,-0.1126244738698005,-0.0055031385272741,-0.0144004970788955,0.1448143571615219,0.3423466384410858,-0.0916606783866882,-0.1529676020145416,0.2909601926803589,-0.1088743060827255,0.1556728184223175,0.6223134398460388,0.1283746361732483,-0.1095579788088798,0.5847117900848389,0.1066140979528427,1
170,0.0318128131330013,-0.6297996640205383,-0.3372849524021148,0.1692987233400344,-0.4972296953201294,-0.1637861877679824,0.2979893088340759,-0.7180121541023254,-0.2074217349290847,-0.1167970225214958,-0.507520318031311,-0.198337897658348,-0.2283114194869995,-0.6842637658119202,-0.2955212891101837,0.3882483839988708,-0.9485578536987304,-0.2619724869728088,-0.2686937749385834,-0.916042685508728,-0.3978343307971954,0.1119240224361419,0.0051435730420053,0.0128102246671915,-0.1122152209281921,-0.0053848694078624,-0.0116821639239788,0.1455046385526657,0.3435654044151306,-0.0738770216703414,-0.1354695856571197,0.3123500645160675,-0.0625841543078422,0.1589223146438598,0.628905713558197,0.1466445326805114,-0.1049447357654571,0.6113075613975525,0.1565674096345901,1
171,0.0280130095779895,-0.621505081653595,-0.3764750361442566,0.1674207746982574,-0.4925505816936493,-0.1980712413787841,0.2954692542552948,-0.7133001685142517,-0.2472780048847198,-0.1171816885471344,-0.5046939849853516,-0.2312729954719543,-0.2291385382413864,-0.674213707447052,-0.3480756282806396,0.3845191895961761,-0.9445606470108032,-0.3052012920379638,-0.2690594494342804,-0.9047539830207824,-0.468773603439331,0.1117936745285987,0.0050888280384242,0.0113426987081766,-0.1120832860469818,-0.0053470320999622,-0.0102012921124696,0.1376793831586837,0.3464976549148559,-0.0898853465914726,-0.1324045211076736,0.3198572397232055,-0.051002986729145,0.1524963229894638,0.638889729976654,0.1226192042231559,-0.1047838032245636,0.6195768117904663,0.1633061170578003,1
172,0.0282187685370445,-0.6107370853424072,-0.3788930773735046,0.1713470220565796,-0.4872344434261322,-0.1981016844511032,0.2955237627029419,-0.7071110606193542,-0.2483637332916259,-0.1126378700137138,-0.5001948475837708,-0.2346407324075698,-0.2205420881509781,-0.6681997776031494,-0.3455051183700561,0.3813622295856476,-0.9403661489486694,-0.3067697286605835,-0.2587064802646637,-0.899140477180481,-0.4523388147354126,0.111745499074459,0.0050729070790112,0.0112398965284228,-0.1120358407497406,-0.0053415084257721,-0.0101024555042386,0.1382647454738617,0.3458315730094909,-0.1130784600973129,-0.1326738893985748,0.3142549395561218,-0.0705357119441032,0.1448881477117538,0.6467767357826233,0.0894832089543342,-0.1061047241091728,0.6173370480537415,0.1354971379041671,1
173,0.0265578124672174,-0.6088600158691406,-0.3764832019805908,0.1687716096639633,-0.4854921996593475,-0.1944359391927719,0.2947529554367065,-0.7070328593254089,-0.2433125525712967,-0.1134063303470611,-0.4984017312526703,-0.2350867390632629,-0.2185174226760864,-0.6682105660438538,-0.3478080034255981,0.375198096036911,-0.9396580457687378,-0.3013955950736999,-0.2504561245441437,-0.8993474245071411,-0.4563368558883667,0.1113506779074668,0.0050792428664863,0.0117475017905235,-0.1116533726453781,-0.0053615579381585,-0.0106213800609111,0.1285710334777832,0.3566648960113525,-0.085280530154705,-0.1249223574995994,0.3206759989261627,-0.0422746799886226,0.1248132660984993,0.6581968665122986,0.1004626080393791,-0.1102581247687339,0.6242790818214417,0.1691691875457763,1
174,0.0267252121120691,-0.6102052927017212,-0.3650954961776733,0.1689313650131225,-0.4856222569942474,-0.1861346513032913,0.2949046492576599,-0.7070751190185547,-0.237475961446762,-0.1134016364812851,-0.5009890198707581,-0.2234667092561721,-0.2151805162429809,-0.677889883518219,-0.3279567658901214,0.3754898309707641,-0.93740314245224,-0.2943073213100433,-0.2433466017246246,-0.9066901206970216,-0.4226090013980865,0.1111383736133575,0.004973798058927,0.0116375144571065,-0.1114574447274208,-0.0052658673375844,-0.0105255404487252,0.1297685950994491,0.3592859506607055,-0.0839325487613678,-0.1245519295334816,0.3275853991508484,-0.0331555157899856,0.126580610871315,0.6659447550773621,0.0961926355957984,-0.1089820638298988,0.633904218673706,0.1751657873392105,1
175,0.0251028090715408,-0.603523850440979,-0.3737026453018188,0.1689419150352478,-0.4805966913700104,-0.1934856921434402,0.2917246520519256,-0.6951091289520264,-0.2449051439762115,-0.1135471761226654,-0.4992383420467376,-0.2257037311792373,-0.2110822200775146,-0.673006534576416,-0.3327299356460571,0.3692364692687988,-0.9217872619628906,-0.299464076757431,-0.2351119667291641,-0.9002368450164795,-0.4365490972995758,0.1109173223376274,0.0049538202583789,0.0116188880056142,-0.111241340637207,-0.0052560716867446,-0.0105070527642965,0.1143287643790245,0.381750077009201,-0.040950670838356,-0.1134751886129379,0.3429337441921234,-0.0153166037052869,0.1028874740004539,0.6913799047470093,0.1343072056770324,-0.1051995903253555,0.6541584134101868,0.1793762892484665,1
176,0.0263369195163249,-0.6030516624450684,-0.3846192955970764,0.1691743284463882,-0.4786162376403808,-0.2013924866914749,0.2913989722728729,-0.6887729167938232,-0.2515292465686798,-0.1132086738944053,-0.4992159903049469,-0.2360205054283142,-0.2052870690822601,-0.6742662787437439,-0.3443092703819275,0.3690839409828186,-0.9087491631507874,-0.3068368136882782,-0.2312488257884979,-0.9006277322769165,-0.4515096545219421,0.1107738092541694,0.0048701087944209,0.0114282714203,-0.1111009418964386,-0.0052052470855414,-0.0102959759533405,0.1122332140803337,0.3875046074390411,-0.0118399206548929,-0.1100351884961128,0.3488654494285583,0.0128539269790053,0.1067351251840591,0.6956748962402344,0.1668576598167419,-0.1012387946248054,0.6586310863494873,0.2170270532369613,1
177,0.0246412754058837,-0.6004784107208252,-0.3925485908985138,0.1677052974700927,-0.4778088927268982,-0.2137433439493179,0.2855004668235779,-0.6879322528839111,-0.2665969133377075,-0.1134802773594856,-0.4989448487758636,-0.2423361837863922,-0.2067324519157409,-0.6743245720863342,-0.3486352562904358,0.3596929013729095,-0.9099695086479188,-0.3193443715572357,-0.2330619394779205,-0.898465633392334,-0.4604848325252533,0.1103806644678115,0.004909046459943,0.0100663714110851,-0.1107027009129524,-0.0052805431187152,-0.0088808666914701,0.1109905168414115,0.3965023756027221,0.0300619378685951,-0.1110302433371543,0.3508332073688507,0.0334388948976993,0.1078949645161628,0.7064192295074463,0.215094655752182,-0.1042513102293014,0.6592642664909363,0.2427793145179748,1
178,0.0259794034063816,-0.6025936603546143,-0.3914183676242828,0.1677014082670211,-0.4787032604217529,-0.2118358761072158,0.2836681306362152,-0.685375988483429,-0.2642275691032409,-0.1131281852722168,-0.5019339323043823,-0.2414360642433166,-0.2015101909637451,-0.6851005554199219,-0.3367006182670593,0.3534256517887115,-0.8967669606208801,-0.3167749047279358,-0.2212117314338684,-0.9041550159454346,-0.4355268478393554,0.1096193790435791,0.004860708490014,0.0089387744665145,-0.1099419519305229,-0.0052508399821817,-0.0077061057090759,0.1061761677265167,0.3965836763381958,0.0256826095283031,-0.1043696328997612,0.3526439368724823,0.0528512075543403,0.106414571404457,0.7069852948188782,0.1969895213842392,-0.1015918403863906,0.6608268022537231,0.2592611610889435,1
179,0.0238431729376316,-0.6027671098709106,-0.3915150463581085,0.1617958843708038,-0.4787993431091308,-0.2096182256937027,0.2714053094387054,-0.6841282844543457,-0.2619023621082306,-0.1155535355210304,-0.5016697645187378,-0.2447554916143417,-0.2030384689569473,-0.6867246031761169,-0.3427984714508056,0.3433120846748352,-0.8966256976127625,-0.3151978552341461,-0.2235915809869766,-0.9060816168785096,-0.4453950226306915,0.1092938557267189,0.0046534352004528,0.009111157618463,-0.1095993146300315,-0.0050896466709673,-0.0078632403165102,0.0999377518892288,0.4013083875179291,0.0381866991519928,-0.1025115773081779,0.3622925877571106,0.0390751138329505,0.1070960164070129,0.7148724794387817,0.2176690399646759,-0.0990651622414588,0.6790350675582886,0.2439100444316864,1
180,0.0312376823276281,-0.609997034072876,-0.3766266405582428,0.161923661828041,-0.485298603773117,-0.184619516134262,0.2702523469924927,-0.6856581568717957,-0.2235632836818695,-0.1137034893035888,-0.5043953657150269,-0.2391321510076522,-0.203532338142395,-0.6902778148651123,-0.3325575292110443,0.3425045907497406,-0.8971253633499146,-0.287967711687088,-0.222795158624649,-0.9062962532043456,-0.4265269637107849,0.1085527762770652,0.0042676562443375,0.0107498681172728,-0.1088391616940498,-0.0047520953230559,-0.0094453543424606,0.0950218141078949,0.4068637490272522,0.055209245532751,-0.0956499651074409,0.3722456097602844,0.0374260991811752,0.1064179986715316,0.7214102149009705,0.2233172208070755,-0.097238153219223,0.6929438710212708,0.2421345710754394,1
181,0.0261820182204246,-0.623173713684082,-0.3456061482429504,0.1571890860795974,-0.4957212209701538,-0.1511290371417999,0.2660062313079834,-0.6915014386177063,-0.1824413985013961,-0.1209310293197631,-0.5119630098342896,-0.2152596116065979,-0.2161725461483001,-0.7046642303466797,-0.2992885410785675,0.3340344130992889,-0.8973687291145325,-0.2509583532810211,-0.2314947247505188,-0.9178972244262696,-0.3774977326393127,0.1083449497818946,0.0042676366865634,0.0111088566482067,-0.1086247116327285,-0.0047700218856334,-0.0097981058061122,0.0945222675800323,0.4070895314216614,0.0525853335857391,-0.0999761521816253,0.3696836829185486,0.039440456777811,0.0990874171257019,0.7216721773147583,0.2260305881500244,-0.1016635447740554,0.6876852512359619,0.2367986440658569,1
182,0.0391077175736427,-0.6255608797073364,-0.3441847562789917,0.1673473566770553,-0.4975400567054748,-0.1490751653909683,0.2754094004631042,-0.6956092119216919,-0.1821303516626358,-0.1134827509522438,-0.5135377049446106,-0.2134248912334442,-0.2064773738384246,-0.7031428813934326,-0.3044525384902954,0.3350729644298553,-0.8968997001647949,-0.2497751116752624,-0.2147697657346725,-0.9102591872215272,-0.3892431855201721,0.1078674271702766,0.0040750764310359,0.0121432710438966,-0.1081378608942031,-0.0045938622206449,-0.0108084669336676,0.0943583846092224,0.4121334850788116,0.0539947263896465,-0.0894004628062248,0.3763733208179474,0.0373463593423366,0.1049704849720001,0.7301778793334961,0.2226006537675857,-0.0912929400801658,0.7012267112731934,0.2157562524080276,1
183,0.0368352085351944,-0.6280066967010498,-0.3404838144779205,0.1641407310962677,-0.4990722239017486,-0.1466299444437027,0.2744090855121612,-0.6985857486724854,-0.1806874722242355,-0.1162291765213012,-0.5147020816802979,-0.2113504409790039,-0.2094149440526962,-0.7031809091567993,-0.3101826608181,0.336467832326889,-0.8971454501152039,-0.2488751709461212,-0.2122980505228042,-0.908000946044922,-0.4057958424091339,0.1075385585427284,0.0040853298269212,0.0121416328474879,-0.1078005358576774,-0.0046166256070137,-0.0108105083927512,0.0890838280320167,0.4111947417259216,0.0509711578488349,-0.0902139171957969,0.3785330951213836,0.0417415052652359,0.0980667769908905,0.7287030816078186,0.219627171754837,-0.0915967300534248,0.7079454660415649,0.218421384692192,1
184,0.0404684767127037,-0.6287888884544373,-0.3425759375095367,0.1657362729310989,-0.49884694814682,-0.1493966877460479,0.2743704617023468,-0.6979871392250061,-0.184347465634346,-0.1139931827783584,-0.5151710510253906,-0.2119813561439514,-0.2042828351259231,-0.702783465385437,-0.3212900757789612,0.337201863527298,-0.8940976858139038,-0.2521451413631439,-0.2000127583742141,-0.9034896492958068,-0.4249809980392456,0.1073974221944809,0.0036257205065339,0.0121341934427618,-0.107663482427597,-0.0041864006780087,-0.010804459452629,0.0893504247069358,0.4106301367282867,0.0529110096395015,-0.0870751142501831,0.3822435140609741,0.0453446432948112,0.1155626028776168,0.7219496369361877,0.230284497141838,-0.0760519802570343,0.7112136483192444,0.2230233401060104,0
185,0.0400200150907039,-0.6289803385734558,-0.3411995470523834,0.1637926548719406,-0.499576210975647,-0.1481770277023315,0.2714917957782745,-0.6988291144371033,-0.1844679117202758,-0.1158176288008689,-0.5156726241111755,-0.2127821445465088,-0.2044054418802261,-0.7093217372894287,-0.328358918428421,0.328114241361618,-0.8892664909362793,-0.2537565231323242,-0.2022806107997894,-0.9100869297981262,-0.427041083574295,0.1067737638950347,0.0038181743584573,0.0106515120714902,-0.1070126444101333,-0.0043833456002175,-0.009383643977344,0.0867743194103241,0.4105340838432312,0.0467486940324306,-0.0868016853928566,0.3843312263488769,0.0494011752307415,0.1111566796898841,0.7336111664772034,0.1996186077594757,-0.0777688175439834,0.7176846861839294,0.2209217101335525,0
186,0.0433238521218299,-0.6307374238967896,-0.3329724967479706,0.1703651398420334,-0.4996768534183502,-0.1480810791254043,0.2737314105033874,-0.6988715529441833,-0.1846079230308532,-0.1107589602470398,-0.5177807807922363,-0.1921014934778213,-0.2024968564510345,-0.7089132070541382,-0.2899935245513916,0.3304222524166107,-0.8891808986663818,-0.2530425190925598,-0.2018032819032669,-0.9099899530410768,-0.3963252007961273,0.1064035296440124,0.003718260442838,0.0065237050876021,-0.1066384688019752,-0.0042880224063992,-0.0053149778395891,0.0886688157916069,0.4103392958641052,0.0403982996940612,-0.0844251662492752,0.3859853148460388,0.0558191314339637,0.122731901705265,0.7330712080001831,0.1958914101123809,-0.068132683634758,0.7183116674423218,0.2229175120592117,0
187,0.0415100790560245,-0.6282377243041992,-0.3345686495304107,0.1668134033679962,-0.4996265470981598,-0.14995077252388,0.2717302739620209,-0.7005639672279358,-0.1883472353219986,-0.1132088303565979,-0.5172285437583923,-0.197215273976326,-0.2026700973510742,-0.708842933177948,-0.3088228702545166,0.320440411567688,-0.8894297480583191,-0.2561987340450287,-0.2071835845708847,-0.9105359315872192,-0.4181471168994903,0.1063262820243835,0.0037260081153362,0.0066687362268567,-0.1065608412027359,-0.0043008159846067,-0.0054488228633999,0.0888970345258712,0.4101098477840423,0.0403145141899585,-0.0847021043300628,0.3850924968719482,0.054714847356081,0.1216972321271896,0.7320221662521362,0.1963298171758651,-0.069862961769104,0.717560887336731,0.2219611406326294,0
188,0.0441119670867919,-0.6273932456970215,-0.3441884517669678,0.1694699227809906,-0.4967143833637237,-0.1568967401981353,0.2753737866878509,-0.694714367389679,-0.1990244686603546,-0.1095560938119888,-0.516910195350647,-0.2082703709602356,-0.1969224363565445,-0.7056408524513245,-0.3261861503124237,0.3281028568744659,-0.8839522004127502,-0.2686391770839691,-0.1920527517795562,-0.9073678255081176,-0.4361431002616882,0.1061571091413497,0.003686886979267,0.0065883384086191,-0.1064003631472587,-0.0042658075690269,-0.0053672129288315,0.0898648798465728,0.4097292721271515,0.0366906151175498,-0.0776861980557441,0.3870329260826111,0.0542934201657772,0.121338278055191,0.7313684821128845,0.1950031071901321,-0.06624286621809,0.7200944423675537,0.2210360318422317,0
189,0.0438061021268367,-0.6197226643562317,-0.3608616888523102,0.1693235486745834,-0.4931564927101135,-0.1771875321865081,0.2756264507770538,-0.6942334771156311,-0.2331094592809677,-0.1097249686717987,-0.5142809152603149,-0.2221005707979202,-0.1967169940471649,-0.7063812613487244,-0.3392609059810638,0.3225325047969818,-0.881104588508606,-0.3089474737644195,-0.1969242691993713,-0.9143721461296082,-0.4490535855293274,0.1062367409467697,0.0036489621270447,0.0052833994850516,-0.1064845845103263,-0.00423369044438,-0.0040527335368096,0.0899823755025863,0.4099080562591553,0.0281055644154548,-0.085050381720066,0.3878772854804992,0.0523212514817714,0.1324442923069,0.7309749126434326,0.182987093925476,-0.0681681334972381,0.7255862355232239,0.2088940292596817,0
190,0.0451296716928482,-0.6160945296287537,-0.3685451745986938,0.1697559505701065,-0.491522878408432,-0.1772089004516601,0.2770206928253174,-0.6910796165466309,-0.228487029671669,-0.1090777292847633,-0.5115724802017212,-0.2295954972505569,-0.1974933892488479,-0.6940696835517883,-0.3447898030281067,0.3416663408279419,-0.8790656328201294,-0.3021464645862579,-0.1989440768957138,-0.8944504261016846,-0.4595571160316467,0.1062014400959014,0.0033558695577085,0.0079431720077991,-0.1064489781856536,-0.0039567360654473,-0.0066299582831561,0.0912762135267257,0.4101395606994629,0.031120317056775,-0.0820931196212768,0.3877775967121124,0.0359548106789588,0.1316626071929931,0.7323317527770996,0.1809051632881164,-0.0716601461172103,0.7254108786582947,0.1896119862794876,0
191,0.0418596379458904,-0.6168472170829773,-0.3679731488227844,0.1675667911767959,-0.4913305044174194,-0.1767807006835937,0.2751281559467315,-0.687248170375824,-0.2249540537595749,-0.1142397448420524,-0.5115829110145569,-0.2251084446907043,-0.2063452452421188,-0.694338858127594,-0.3413179516792297,0.3398435711860657,-0.8793304562568665,-0.2985820174217224,-0.2124951928853988,-0.896317183971405,-0.4567009806632995,0.1062264665961265,0.0033836106304079,0.0077218296937644,-0.1064691469073295,-0.0039865737780928,-0.006423448678106,0.0907763391733169,0.4104935526847839,0.0312635786831378,-0.08314960449934,0.3876719176769256,0.0363083332777023,0.130655363202095,0.7399331331253052,0.1737174093723297,-0.0726328864693641,0.7268591523170471,0.1914045214653015,0
192,0.0302670281380414,-0.6251726150512695,-0.3165349066257477,0.1658383160829544,-0.4996792078018188,-0.1360558718442917,0.2657563090324402,-0.6941145658493042,-0.1681257933378219,-0.1190126463770866,-0.5122132897377014,-0.1635711938142776,-0.2170496582984924,-0.7001044154167175,-0.2260435372591018,0.2969078421592712,-0.8815898299217224,-0.2261430472135543,-0.2210383415222168,-0.9086183309555054,-0.2954314947128296,0.1060240939259529,0.0032284390181303,0.0065618027001619,-0.1062700524926185,-0.0038391503039747,-0.0053255944512784,0.0895071849226951,0.4105020761489868,0.0315744914114475,-0.0831969305872917,0.3885415196418762,0.0375797487795352,0.1289209276437759,0.7419400811195374,0.1633345633745193,-0.073282741010189,0.732668399810791,0.1868429183959961,0
193,0.0259400308132171,-0.6281886696815491,-0.3231500089168548,0.159495323896408,-0.5002227425575256,-0.1370884627103805,0.2608410120010376,-0.6956966519355774,-0.1727308183908462,-0.1245563998818397,-0.5122607946395874,-0.173598974943161,-0.2238158285617828,-0.6995704174041748,-0.2392527014017105,0.3026776015758514,-0.890364944934845,-0.2382124960422516,-0.2306025028228759,-0.9085615277290344,-0.3187958300113678,0.1059510707855224,0.0032992921769618,0.0077062360942363,-0.1061913073062896,-0.003911096137017,-0.006501764524728,0.0885334461927414,0.4117828011512756,0.0337685979902744,-0.0862083360552787,0.387753278017044,0.0377437435090541,0.1216171309351921,0.7473823428153992,0.1648968160152435,-0.0789145529270172,0.730021059513092,0.1898993998765945,0
194,0.033809844404459,-0.63335782289505,-0.324518471956253,0.1667225658893585,-0.5020381808280945,-0.136011391878128,0.2651329934597015,-0.6993761658668518,-0.1679899245500564,-0.1176336333155632,-0.5143062472343445,-0.1802885681390762,-0.2183448523283004,-0.6967962980270386,-0.2537495195865631,0.3204414844512939,-0.902030348777771,-0.2313343286514282,-0.2274747043848037,-0.9005590081214905,-0.3321638405323028,0.1057876572012901,0.0035202556755393,0.0085865193977952,-0.1060263216495513,-0.0041348868981003,-0.0073912381194531,0.0862161666154861,0.4132776856422424,0.0445960462093353,-0.0810011103749275,0.3876062035560608,0.0379119254648685,0.0987502783536911,0.7478611469268799,0.1782241314649582,-0.0796253979206085,0.728432297706604,0.1941859871149063,0
195,0.0314717814326286,-0.6280608773231506,-0.3413680493831634,0.1644999384880066,-0.4975359737873077,-0.1593981087207794,0.2652739286422729,-0.6986196041107178,-0.2041303515434265,-0.1188523173332214,-0.5119758248329163,-0.2002322375774383,-0.2179572582244873,-0.6966811418533325,-0.3053936958312988,0.3189517557621002,-0.9010623693466188,-0.2666791379451751,-0.2271596640348434,-0.9013862013816832,-0.4128144383430481,0.1057866588234901,0.0037384326569736,0.00764134619385,-0.1060240492224693,-0.004347417037934,-0.0064366017468273,0.0829684510827064,0.4136184453964233,0.032609149813652,-0.0879599601030349,0.3874845504760742,0.0425843745470047,0.1022502779960632,0.7475078105926514,0.173479750752449,-0.0806681588292121,0.7276648879051208,0.2068146765232086,0
196,0.0321343578398227,-0.6275677680969238,-0.3339033126831054,0.16650390625,-0.4977409243583679,-0.1591120958328247,0.2677289545536041,-0.6985014081001282,-0.2041457295417785,-0.1177208945155143,-0.5118330121040344,-0.187495931982994,-0.2166672796010971,-0.7011464834213257,-0.2736410498619079,0.2987735569477081,-0.8863300085067749,-0.2713809609413147,-0.2268529236316681,-0.911865234375,-0.3603019416332245,0.1056139022111892,0.003725487506017,0.0053937952034175,-0.1058475598692894,-0.0043320739641785,-0.004217742010951,0.0822013765573501,0.4137958586215973,0.0252861287444829,-0.0837331190705299,0.3888923525810241,0.0426245480775833,0.1036634743213653,0.748812198638916,0.1557714492082595,-0.0735282227396965,0.7297194600105286,0.1990323364734649,0
197,0.0298240203410387,-0.634432315826416,-0.3142938613891601,0.1663678586483001,-0.5007480382919312,-0.1425199210643768,0.2681702971458435,-0.6997198462486267,-0.1884320229291916,-0.1189794316887855,-0.5158421993255615,-0.1694057434797287,-0.2154109627008438,-0.7088464498519897,-0.2451717257499694,0.3010649085044861,-0.8867433071136475,-0.255946934223175,-0.2266931384801864,-0.9189074039459229,-0.3266099989414215,0.1054961159825325,0.0039555337280035,0.004923375789076,-0.1057211011648178,-0.0045534735545516,-0.0037739188410341,0.0838788300752639,0.4135457575321197,0.0256506036967039,-0.0837710127234458,0.3864065110683441,0.0536125339567661,0.1102838590741157,0.7490382790565491,0.1516808867454528,-0.0735094547271728,0.7200971841812134,0.2195156067609787,0
198,0.0354828648269176,-0.6350749731063843,-0.323240578174591,0.1669525057077407,-0.5008924603462219,-0.1427292823791504,0.2713081538677215,-0.7007030248641968,-0.1838281154632568,-0.1160221025347709,-0.5158039927482605,-0.1945762485265731,-0.2138083726167678,-0.7085906863212585,-0.291968286037445,0.3182672262191772,-0.8884909749031067,-0.2557033002376556,-0.2186535596847534,-0.9124947786331176,-0.3794012367725372,0.1052330136299133,0.004039236344397,0.0070266043767333,-0.1054575592279434,-0.0046359179541468,-0.0058218049816787,0.0827558264136314,0.4156405329704284,0.0329139530658721,-0.0787988752126693,0.3865334093570709,0.0504873618483543,0.1104729175567627,0.7503821849822998,0.1700861752033233,-0.0724188014864921,0.7200164794921875,0.2178072780370712,0
199,0.0340387150645256,-0.6356519460678101,-0.320683479309082,0.1665741056203842,-0.5010943412780762,-0.1402223259210586,0.2711912989616394,-0.6997105479240417,-0.1824880689382553,-0.1165831089019775,-0.5162352323532104,-0.1882158517837524,-0.2125663012266159,-0.7083204984664917,-0.2846727967262268,0.3199967443943023,-0.8886575102806091,-0.2543779611587524,-0.2196309268474578,-0.9159165620803832,-0.3772532045841217,0.1051942929625511,0.0041145300492644,0.0069971960037946,-0.105417862534523,-0.0047080884687602,-0.005799202248454,0.0831373035907745,0.4152458310127258,0.0314156487584114,-0.0812142640352249,0.3861854076385498,0.0512247271835804,0.11150424182415,0.7502090930938721,0.1645691841840744,-0.0731945857405662,0.7184897065162659,0.2204863578081131,0
200,0.0337605662643909,-0.6366302371025085,-0.3212898075580597,0.1665471494197845,-0.5010875463485718,-0.1401689201593399,0.2720789611339569,-0.6965311169624329,-0.1819552183151245,-0.1166298538446426,-0.5167708992958069,-0.1874114125967025,-0.2125274538993835,-0.708134114742279,-0.2825928628444671,0.3244132399559021,-0.8856450915336609,-0.2541996836662292,-0.2187840789556503,-0.9157902598381042,-0.3758604228496551,0.1051607802510261,0.0040785269811749,0.0070215174928307,-0.1053836494684219,-0.0046739936806261,-0.0058270581066608,0.0833969414234161,0.4151882231235504,0.033788114786148,-0.079771414399147,0.386796623468399,0.0475818514823913,0.1129106059670448,0.7496892213821411,0.1706880182027816,-0.0723473653197288,0.7202501893043518,0.2125419974327087,0
201,0.034555334597826,-0.6360199451446533,-0.3347016870975494,0.1672101467847824,-0.4999992549419403,-0.1500608474016189,0.2737523317337036,-0.6966333389282227,-0.1918654143810272,-0.1154204159975051,-0.5167717337608337,-0.1962558925151825,-0.2116802781820297,-0.7082256078720093,-0.2926311790943146,0.3271147906780243,-0.8877586126327515,-0.2663263082504272,-0.2169600278139114,-0.91512131690979,-0.3884874284267425,0.1050925031304359,0.0041571320034563,0.006133877672255,-0.1053214371204376,-0.0047553293406963,-0.0049425200559198,0.0831128060817718,0.4148850739002228,0.034417912364006,-0.076885886490345,0.3879937827587127,0.047659546136856,0.1123166382312774,0.749556303024292,0.170701265335083,-0.0724067538976669,0.724841296672821,0.2099370658397674,0
202,0.0342386625707149,-0.6359801292419434,-0.3281212747097015,0.1668269634246826,-0.5006036758422852,-0.1461022645235061,0.2720317840576172,-0.696790874004364,-0.1881949603557586,-0.1155880168080329,-0.5167428851127625,-0.1906882524490356,-0.2111020237207412,-0.7081788182258606,-0.2835874855518341,0.3215763568878174,-0.8872410655021667,-0.2606741487979889,-0.2174572050571441,-0.9163417220115662,-0.3768073618412018,0.1050575301051139,0.0041648847982287,0.0062046693637967,-0.1052812933921814,-0.0047637959942221,-0.0050153625197708,0.0831636562943458,0.414879709482193,0.0348248034715652,-0.0787832960486412,0.3878795802593231,0.0470668487250804,0.1123708859086036,0.7486120462417603,0.172911137342453,-0.0734888166189193,0.7240546345710754,0.2098955810070037,0
203,0.0342050157487392,-0.6359354257583618,-0.3286533057689667,0.1668844670057296,-0.5003884434700012,-0.1467286646366119,0.2722944617271423,-0.6968564987182617,-0.1899418234825134,-0.1155317574739456,-0.5169073343276978,-0.1913821101188659,-0.2105846256017685,-0.7107254266738892,-0.2846817374229431,0.3221186995506286,-0.8873216509819031,-0.2635613977909088,-0.2180494666099548,-0.919628083705902,-0.3770678341388702,0.1050282269716262,0.0042158719152212,0.0060799596831202,-0.1052512526512146,-0.0048140767030417,-0.0049005486071109,0.0833127349615097,0.4148862659931183,0.0344188064336776,-0.0783404633402824,0.388122022151947,0.0458514168858528,0.1126669943332672,0.7487382888793945,0.1723838001489639,-0.0723946392536163,0.7251443266868591,0.205869436264038,0
204,0.0337944142520427,-0.6358386278152466,-0.3284792602062225,0.1667933166027069,-0.501024067401886,-0.1473435014486313,0.2723047435283661,-0.7005867958068848,-0.1931962817907333,-0.1156579330563545,-0.5160951614379883,-0.1910956501960754,-0.2105896770954132,-0.7106536626815796,-0.2766406834125519,0.2973560690879822,-0.8868004679679871,-0.2656391263008117,-0.2198851108551025,-0.9190580248832704,-0.3516829907894134,0.1049236506223678,0.0041632959619164,0.006231581326574,-0.1051476225256919,-0.0047654681839048,-0.005036624148488,0.0811104774475097,0.4150029718875885,0.0429586209356784,-0.0767866596579551,0.3883970379829407,0.0451062209904193,0.1127202287316322,0.7436216473579407,0.1793704479932785,-0.0743978843092918,0.7260807156562805,0.2028985470533371,0
205,0.0337572619318962,-0.6355992555618286,-0.3318028748035431,0.1659499555826187,-0.5007657408714294,-0.1470783948898315,0.2710067331790924,-0.7001562714576721,-0.1886814385652542,-0.1160100847482681,-0.5161266326904297,-0.1955907642841339,-0.2105961591005325,-0.7101773023605347,-0.2865639626979828,0.3063307106494903,-0.8884109854698181,-0.2633511126041412,-0.2199106216430664,-0.9168461561203004,-0.3683072924613952,0.1048677340149879,0.004214490763843,0.0062304562889039,-0.1050985381007194,-0.0048168571665883,-0.0050372690893709,0.0815286859869957,0.414944976568222,0.0427761040627956,-0.0762943774461746,0.3884482383728027,0.0434420518577098,0.1146061345934867,0.7460335493087769,0.1642176061868667,-0.0740493163466453,0.7321630716323853,0.1889507472515106,0
206,0.0320285558700561,-0.6317794322967529,-0.3355349004268646,0.1616841107606887,-0.4999814927577972,-0.1452992409467697,0.2680390179157257,-0.6984191536903381,-0.1806355118751526,-0.1188826933503151,-0.5131618976593018,-0.2068244367837906,-0.2106293737888336,-0.7020458579063416,-0.3080185949802398,0.3086712062358856,-0.8891112208366394,-0.254309743642807,-0.2173554748296737,-0.9133702516555786,-0.3961028754711151,0.1048582941293716,0.0040771062485873,0.0097588691860437,-0.1050901189446449,-0.004683953244239,-0.008556836284697,0.0815395340323448,0.4146812260150909,0.0447996817529201,-0.0758559554815292,0.3884350955486297,0.0301377158612012,0.1119578704237937,0.7446335554122925,0.1694242507219314,-0.0743700787425041,0.7320195436477661,0.1813262701034546,0
207,0.0318915024399757,-0.6316845417022705,-0.3354979157447815,0.1617013812065124,-0.4999723434448242,-0.1456588953733444,0.2676901817321777,-0.6987226605415344,-0.1808959990739822,-0.1191530674695968,-0.5127131342887878,-0.2063807100057602,-0.2121167629957199,-0.7002242207527161,-0.3064416944980621,0.3075718879699707,-0.8904101252555847,-0.2521341443061828,-0.2167728245258331,-0.90979266166687,-0.3935204446315765,0.1048371940851211,0.0038058243226259,0.0095847686752676,-0.1050710156559944,-0.0044109770096838,-0.0083937719464302,0.0821295455098152,0.414280503988266,0.0442825593054294,-0.0739744901657104,0.3898162543773651,0.0307347811758518,0.1146326437592506,0.7433066964149475,0.1721944957971573,-0.0720209255814552,0.7331184148788452,0.182014599442482,0
208,0.0298082288354635,-0.6328209638595581,-0.3279350996017456,0.1614095270633697,-0.5002248287200928,-0.1376920193433761,0.2677121758460998,-0.6981494426727295,-0.1703943014144897,-0.1215409263968467,-0.5137601494789124,-0.1924754679203033,-0.2169103622436523,-0.7073652148246765,-0.2780907452106476,0.3071203231811523,-0.8844801783561707,-0.2425417304039001,-0.2204882204532623,-0.91531902551651,-0.3557386994361877,0.1048187687993049,0.0038738939911127,0.0091439690440893,-0.1050533354282379,-0.0044833165593445,-0.0079634143039584,0.0818593651056289,0.4146389663219452,0.0431760400533676,-0.0756794810295105,0.3897302150726318,0.0316811725497245,0.1132024005055427,0.7487040162086487,0.1615867465734481,-0.0724364072084426,0.7346509099006653,0.1794069409370422,0
209,0.0246081445366144,-0.636676013469696,-0.3203468918800354,0.1592238396406173,-0.5030189156532288,-0.1280809938907623,0.267361581325531,-0.6994682550430298,-0.1561455130577087,-0.1269160211086273,-0.5140100121498108,-0.1829028874635696,-0.2309922575950622,-0.7036049365997314,-0.2691964209079742,0.3077601194381714,-0.8910728693008423,-0.2253498435020446,-0.2307521551847458,-0.9134877920150756,-0.3549917340278625,0.1047902330756187,0.0038660434074699,0.0091861244291067,-0.1050253584980964,-0.0044761593453586,-0.0080183576792478,0.081325776875019,0.4149600565433502,0.0480402149260044,-0.0787395387887954,0.3888280391693115,0.0349723324179649,0.1112701967358589,0.7510232329368591,0.1682767421007156,-0.0763994455337524,0.7333788871765137,0.1827511936426162,0
210,0.0238546635955572,-0.6367303133010864,-0.3282742798328399,0.1592350006103515,-0.5027268528938293,-0.1327182650566101,0.2692631185054779,-0.6973561644554138,-0.1594598442316055,-0.1268885135650634,-0.5140599012374878,-0.1891910135746002,-0.2325338870286941,-0.6988561749458313,-0.2769508063793182,0.323935866355896,-0.8916871547698975,-0.2307303845882415,-0.2347276955842971,-0.9094305038452148,-0.3708813488483429,0.1048380136489868,0.0038532903417944,0.0092781567946076,-0.1050766259431839,-0.0044643972069025,-0.0081104421988129,0.0835565999150276,0.4144441485404968,0.0479159280657768,-0.0786202251911163,0.3867471516132355,0.045062106102705,0.1111442446708679,0.7485842704772949,0.1830231100320816,-0.0757117494940757,0.7171133160591125,0.222348153591156,0
211,0.027011377736926,-0.6319022178649902,-0.3465673625469208,0.1607193052768707,-0.4994385540485382,-0.1483477801084518,0.2733959853649139,-0.689719021320343,-0.177866131067276,-0.1264441311359405,-0.5113569498062134,-0.2027660906314849,-0.2363163977861404,-0.6879697442054749,-0.2914039194583893,0.3263732194900512,-0.8794682025909424,-0.2515124678611755,-0.2361509203910827,-0.8975682854652405,-0.3900096714496612,0.1048772782087326,0.0037067041266709,0.0090033486485481,-0.1051172912120819,-0.004331496078521,-0.0078068445436656,0.083168089389801,0.4134304821491241,0.0488936938345432,-0.0778603255748748,0.3869592845439911,0.0457104295492172,0.1098112612962722,0.7417415976524353,0.1914194226264953,-0.0754405334591865,0.7180479764938354,0.2177459746599197,0
212,0.0237065367400646,-0.6356712579727173,-0.3319301605224609,0.160121276974678,-0.5006657838821411,-0.1318402588367462,0.2740124762058258,-0.6896327137947083,-0.1519553065299987,-0.131377711892128,-0.5118443369865417,-0.1795528531074524,-0.2517078220844269,-0.688283383846283,-0.2410346418619156,0.325902909040451,-0.8833484649658203,-0.2185398489236831,-0.2392361611127853,-0.8988412618637085,-0.3132722079753876,0.105010874569416,0.0035960220266133,0.0089849000796675,-0.1052542254328727,-0.0042370432056486,-0.0077894977293908,0.0826859697699546,0.4138717353343963,0.0564983338117599,-0.0794083625078201,0.3869423866271972,0.0456794202327728,0.1093365624547004,0.7429048418998718,0.1918308287858963,-0.0783368274569511,0.7204176783561707,0.2106155455112457,0
213,0.023242998868227,-0.6493822336196899,-0.2847930788993835,0.1607740968465805,-0.5110899209976196,-0.0977636873722076,0.275358110666275,-0.6924703121185303,-0.1182348877191543,-0.1340757459402084,-0.5157731771469116,-0.1362521648406982,-0.2549397647380829,-0.6878643035888672,-0.1930213719606399,0.3266501426696777,-0.8931781053543091,-0.1816223263740539,-0.238913208246231,-0.897505521774292,-0.2663611173629761,0.105204164981842,0.0034732287749648,0.0089104743674397,-0.1054376885294914,-0.0041212025098502,-0.0077180294319987,0.0770258754491806,0.4120361506938934,0.0765228495001792,-0.0816602408885955,0.3844398856163025,0.054786242544651,0.1001068353652954,0.7348118424415588,0.2275489270687103,-0.0837391093373298,0.7096961736679077,0.2267395406961441,0
214,0.0251190979033708,-0.6573305130004883,-0.2414343953132629,0.1646902859210968,-0.5162389278411865,-0.0579183250665664,0.2884836792945862,-0.6921198964118958,-0.0710310190916061,-0.1346287876367569,-0.5207251906394958,-0.088664211332798,-0.2587120831012726,-0.6875930428504944,-0.1427913904190063,0.3352572917938232,-0.8941857814788818,-0.127906247973442,-0.2380691468715667,-0.8933432102203369,-0.2199649661779403,0.105322353541851,0.0032828608527779,0.0082211606204509,-0.1055476814508438,-0.0039360574446618,-0.0070296130143105,0.0766786634922027,0.4107868373394012,0.074988842010498,-0.0830417945981025,0.3841983675956726,0.0570635087788105,0.101531758904457,0.7346473932266235,0.2218153178691864,-0.0831205621361732,0.7108975648880005,0.2238468825817108,0
215,0.0228478498756885,-0.6652642488479614,-0.2139407694339752,0.166477769613266,-0.5159633755683899,-0.0436993427574634,0.2908165454864502,-0.6805616021156311,-0.0637997537851333,-0.1371673792600631,-0.5219475030899048,-0.0472581088542938,-0.271563708782196,-0.6861482262611389,-0.0846084207296371,0.3302569091320038,-0.8926965594291687,-0.1147132888436317,-0.2379492968320846,-0.889792263507843,-0.1473026722669601,0.1059597060084343,0.0032357180025428,0.0028474875725805,-0.1061587333679199,-0.0038901942316442,-0.0016574707115069,0.0785401985049247,0.4100475311279297,0.0692918077111244,-0.0847255289554596,0.3841140270233154,0.0598001740872859,0.1094845235347747,0.7347449660301208,0.218152105808258,-0.0804418325424194,0.7138686180114746,0.2223691493272781,0
216,0.0240779593586921,-0.6737033724784851,-0.1841567009687423,0.1705580353736877,-0.5164505243301392,-0.0201084800064563,0.3117770552635193,-0.6614471673965454,-0.0450331196188926,-0.1376821249723434,-0.5253612995147705,-0.0092444857582449,-0.2770855724811554,-0.6862767338752747,-0.0205115098506212,0.3356993198394775,-0.868372917175293,-0.0987483933568,-0.2390884459018707,-0.8882890343666077,-0.061432622373104,0.1062181517481803,0.0027817899826914,0.0009476957493461,-0.1063832864165306,-0.0034004959743469,0.0002246872900286,0.0904662162065506,0.4091123342514038,0.0636658668518066,-0.0843843966722488,0.3837828636169433,0.0602460391819477,0.1217588037252426,0.7362625002861023,0.2038103342056274,-0.0766990035772323,0.7141857743263245,0.2207950353622436,0
217,0.0254048164933919,-0.6752861738204956,-0.1729462891817093,0.1728649884462356,-0.5161246657371521,-0.00600071484223,0.319575160741806,-0.639424741268158,-0.0345708504319191,-0.1380968987941742,-0.5240252614021301,0.0067688366398215,-0.2925240695476532,-0.6719822883605957,0.0069239223375916,0.3354484736919403,-0.8524242043495178,-0.0830811038613319,-0.2438531070947647,-0.8669318556785583,-0.0110628018155694,0.1068656146526336,0.0027584580238908,4.305826223571785e-05,-0.1070017293095588,-0.003371900646016,0.0010532941669225,0.084902636706829,0.4149378836154938,0.0614464022219181,-0.0916349589824676,0.3836075663566589,0.0611779578030109,0.1177607774734497,0.7431920170783997,0.1974980682134628,-0.0805787295103073,0.7139983177185059,0.2188811898231506,0
218,0.0257342439144849,-0.6739777326583862,-0.161856323480606,0.1744345277547836,-0.5137329697608948,0.0073811877518892,0.3267657160758972,-0.6036729216575623,-0.0305050518363714,-0.1385884881019592,-0.5180772542953491,0.0196797102689743,-0.2953672111034393,-0.6380870938301086,0.0277300402522087,0.3337182104587555,-0.8196994066238403,-0.0909028127789497,-0.2462468892335891,-0.8360738158226013,0.0096145747229456,0.107633039355278,0.0028078285977244,-0.0001377740845782,-0.1077354401350021,-0.0034023991320282,0.0012026609620079,0.0825065523386001,0.4173174500465393,0.0500697195529937,-0.0939323082566261,0.3835871815681457,0.0619817711412906,0.114010751247406,0.7437781095504761,0.1886132955551147,-0.0809410512447357,0.7121967673301697,0.2219059765338897,0
219,0.0259965434670448,-0.6732245087623596,-0.1700199991464615,0.1751019060611724,-0.5127399563789368,-0.0025674302596598,0.328360766172409,-0.5744413733482361,-0.0379924923181533,-0.1381346732378006,-0.5145917534828186,0.0211916156113147,-0.2982000112533569,-0.5891367793083191,0.0450711771845817,0.3300821185111999,-0.7880073189735413,-0.1293437927961349,-0.2495917081832885,-0.7807367444038391,0.0287870392203331,0.1076973304152488,0.0030270002316683,-0.0011515141231939,-0.1077886670827865,-0.0035920210648328,0.0021581631153821,0.0810875818133354,0.4176196157932281,0.037056777626276,-0.0947397500276565,0.3828984498977661,0.0628636479377746,0.1093202233314514,0.7437277436256409,0.1661242246627807,-0.0871733948588371,0.7110664248466492,0.2221796661615371,0
220,0.033749796450138,-0.6728376150131226,-0.1753993481397628,0.1799317002296447,-0.5117018818855286,-0.0037546516396105,0.3293218612670898,-0.5468171238899231,-0.0404139049351215,-0.1303284466266632,-0.5122767686843872,0.0124750165268778,-0.2827465236186981,-0.5476951003074646,0.0168602932244539,0.329991340637207,-0.7583560943603516,-0.1445782929658889,-0.2278272211551666,-0.7375533580780029,-0.0281219948083162,0.107696533203125,0.0032591565977782,-0.0016101688379421,-0.1077801510691642,-0.0038144432473927,0.0025818224530667,0.0812765136361122,0.4177241623401642,0.0330262556672096,-0.0859242007136344,0.3846406936645508,0.0596048533916473,0.1083394438028335,0.7440749406814575,0.167631909251213,-0.077035903930664,0.7156713604927063,0.2128372341394424,0
221,0.0288586225360631,-0.6723214983940125,-0.174672320485115,0.1748016029596328,-0.5060770511627197,0.0005733069847337,0.3122563660144806,-0.5045756101608276,-0.0419111996889114,-0.1326895803213119,-0.5036889314651489,0.0146880075335502,-0.2861354053020477,-0.5010159015655518,0.0090486882254481,0.3005402684211731,-0.7086157202720642,-0.1550788879394531,-0.2288388013839721,-0.6761590838432312,-0.0981653481721878,0.1075143367052078,0.0032818203326314,-0.0012701200321316,-0.1075823754072189,-0.0038309399969875,0.0021741061937063,0.0778875723481178,0.4210132360458374,0.0293871741741895,-0.0860558450222015,0.3857764303684234,0.0463477224111557,0.1050124019384384,0.7491388916969299,0.1677718758583068,-0.0765116363763809,0.7204074859619141,0.19023959338665,0
222,0.0342977792024612,-0.6678764820098877,-0.1788109540939331,0.1775735914707183,-0.487569123506546,-0.0002095031231874,0.2930141985416412,-0.4472813606262207,-0.0894405469298362,-0.1263216286897659,-0.495190680027008,0.0078563531860709,-0.2708051800727844,-0.4635266363620758,-0.0775227099657058,0.2863658368587494,-0.6586728692054749,-0.2192918956279754,-0.2154223918914795,-0.6345071196556091,-0.2211907804012298,0.1074815839529037,0.0032320905011147,0.0032854757737368,-0.1075396463274955,-0.0037787531036883,-0.0025084095541387,0.0852842554450035,0.4209396839141845,0.0306568313390016,-0.082581803202629,0.3860881924629211,0.0349298864603042,0.1070770025253295,0.7445265054702759,0.1809101998805999,-0.0741096884012222,0.7204331755638123,0.1841362118721008,0
223,0.0302492678165435,-0.665574848651886,-0.1794342845678329,0.1749453842639923,-0.4841443300247192,-0.0020305437501519,0.2776533961296081,-0.4189949035644531,-0.0984409898519516,-0.1278689503669738,-0.4912277460098266,0.0053521543741226,-0.2654820084571838,-0.4229174554347992,-0.1095495000481605,0.2716840803623199,-0.6205651760101318,-0.2316172420978546,-0.2112172096967697,-0.5845319032669067,-0.2778124511241913,0.107457235455513,0.003324851160869,0.0042010266333818,-0.1075067445635795,-0.0038687714841216,-0.0035158169921487,0.0859031602740287,0.420943945646286,0.0264904666692018,-0.0826258137822151,0.3862048983573913,0.0356119163334369,0.1015035584568977,0.7451647520065308,0.1788778305053711,-0.0740212202072143,0.7202865481376648,0.1861016899347305,0
224,0.0284922178834676,-0.6589884161949158,-0.1918472051620483,0.1717892438173294,-0.4816659688949585,-0.0025685539003461,0.2719354033470154,-0.3969755470752716,-0.1200990378856659,-0.1329529583454132,-0.4853515625,-0.0237624384462833,-0.259698748588562,-0.3728551268577575,-0.166217103600502,0.2634439170360565,-0.5894516110420227,-0.2784772217273712,-0.2062363922595977,-0.5207417011260986,-0.3606537580490112,0.1076177433133125,0.0031742053106427,0.0081660440191626,-0.1076566204428672,-0.003733149729669,-0.0075377123430371,0.0900505557656288,0.4161706268787384,0.026667982339859,-0.0793317481875419,0.3859796524047851,0.0211543645709753,0.0956825390458107,0.7349499464035034,0.1835364997386932,-0.0743812099099159,0.7198103070259094,0.1755173653364181,0
225,0.0284382030367851,-0.6533231735229492,-0.1927945911884308,0.1694226115942001,-0.4776063859462738,0.001860084827058,0.2535036206245422,-0.3726701438426971,-0.1161649078130722,-0.1388962268829345,-0.4813400208950043,-0.0345121510326862,-0.2465622872114181,-0.3498627543449402,-0.1829774379730224,0.2465409338474273,-0.5625637769699097,-0.2824458181858063,-0.1970981359481811,-0.4890437126159668,-0.383391261100769,0.1082159727811813,0.0031525865197181,0.0110068805515766,-0.108239471912384,-0.0037166234105825,-0.0103592667728662,0.0898446291685104,0.4162451326847076,0.0270703192800283,-0.0790802612900734,0.3858392834663391,0.0222190059721469,0.0921625643968582,0.7350113391876221,0.1845252066850662,-0.0721843540668487,0.7190093994140625,0.1769590675830841,0
226,0.0288227032870054,-0.6507482528686523,-0.1750175505876541,0.1629070490598678,-0.4723209738731384,0.0224589854478836,0.2362335324287414,-0.3471306562423706,-0.107022076845169,-0.1448773443698883,-0.4755761325359344,-0.033868595957756,-0.2388950437307357,-0.321493923664093,-0.1658154428005218,0.2305362969636917,-0.5239942073822021,-0.2793061137199402,-0.1955766528844833,-0.4469165802001953,-0.3594617545604706,0.1082716360688209,0.0029884334653615,0.0130598237738013,-0.1082962602376937,-0.0035537420772016,-0.0124224927276372,0.0863714665174484,0.4170315265655517,0.0294525139033794,-0.0797950103878974,0.3838994204998016,0.015385209582746,0.0921691730618476,0.7344786524772644,0.1848648935556411,-0.0694649443030357,0.7190060019493103,0.1659865826368332,0
227,0.0289311725646257,-0.642414391040802,-0.1537449210882187,0.1619352251291275,-0.4680952429771423,0.0352801829576492,0.2233942449092865,-0.3263646066188812,-0.0988858267664909,-0.1488528996706009,-0.463667094707489,1.9818213331745937e-05,-0.2285910695791244,-0.2859192192554474,-0.1266142427921295,0.2096339166164398,-0.4899980723857879,-0.2883047461509704,-0.1945185214281082,-0.4027250409126282,-0.3383651375770569,0.1083867400884628,0.0024103890173137,0.012775900773704,-0.1084040626883506,-0.0029790247790515,-0.0121293291449546,0.0765014290809631,0.4177570044994354,0.0242532305419445,-0.0793540924787521,0.3838060200214386,0.0102283032611012,0.0846393778920173,0.7347504496574402,0.1777732521295547,-0.063794806599617,0.7211555242538452,0.1567086428403854,0
228,0.0366386584937572,-0.6342994570732117,-0.1661314666271209,0.1582241207361221,-0.4618174731731415,0.031495101749897,0.2122351378202438,-0.3117505311965942,-0.0986599251627922,-0.1523032039403915,-0.4564208388328552,-0.0191981177777051,-0.2168658673763275,-0.2580665349960327,-0.1382797509431839,0.2031450867652893,-0.4750714898109436,-0.307022750377655,-0.1837931722402572,-0.3608427047729492,-0.357063353061676,0.1085617542266845,0.0013099290663376,0.0142077514901757,-0.1085869446396827,-0.001913990243338,-0.0135415894910693,0.0734056457877159,0.4079594016075134,0.0242738537490367,-0.07913838326931,0.384856253862381,0.0041053495369851,0.0737428814172744,0.7330829501152039,0.1772719770669937,-0.0639839917421341,0.7228372693061829,0.1524656414985656,0
229,0.0463538765907287,-0.629363477230072,-0.16269052028656,0.1573475152254104,-0.4587559998035431,0.0402432568371295,0.2096971571445465,-0.2932167947292328,-0.0699583142995834,-0.1519620865583419,-0.4515781700611114,-0.0173893179744482,-0.207755446434021,-0.2367933243513107,-0.1297860145568847,0.2002980560064315,-0.4575603008270263,-0.2768313288688659,-0.1722586303949356,-0.3154913485050201,-0.3444560170173645,0.1086850240826606,0.0003432888188399,0.0157122910022735,-0.1087158992886543,-0.000966831925325,-0.0149498200044035,0.0733171254396438,0.4083415567874908,0.025593003258109,-0.0755446404218673,0.3865574896335602,0.0026654207613319,0.0732703506946563,0.7327412962913513,0.1809049695730209,-0.0594868585467338,0.7261458039283752,0.1532613784074783,0
230,0.0526871606707572,-0.6303552985191345,-0.1605585217475891,0.1570694595575332,-0.457537442445755,0.0399539209902286,0.2060297727584839,-0.289788156747818,-0.0681542754173278,-0.1518372893333435,-0.4526793658733368,-0.0192348659038543,-0.2049677968025207,-0.2388521134853363,-0.1270954310894012,0.1941595822572708,-0.4409258365631103,-0.2762627601623535,-0.1614502668380737,-0.2900899052619934,-0.3429277539253235,0.1087849140167236,1.4572345207852775e-05,0.016843182966113,-0.1088235303759574,-0.0006446596235036,-0.0160216502845287,0.0734732523560524,0.4062496721744537,0.0224126018583774,-0.074760653078556,0.3865700960159302,0.0013941632350906,0.0734590291976928,0.7332931756973267,0.1684970408678054,-0.0598312430083751,0.7261282205581665,0.1520101130008697,0
231,0.0550481751561164,-0.6312143206596375,-0.1534370929002761,0.1555376946926117,-0.4580821692943573,0.0424725487828254,0.2037168741226196,-0.2867825925350189,-0.0573066510260105,-0.1523668318986892,-0.4532821476459503,-0.0169944800436496,-0.1982662975788116,-0.2274690121412277,-0.1011961996555328,0.1887280046939849,-0.4434200823307037,-0.2491017878055572,-0.1524852812290191,-0.2498449236154556,-0.2846836149692535,0.1088615357875824,-0.0008481707191094,0.0172259490936994,-0.1089145019650459,0.0002182188618462,-0.0163566563278436,0.0752877816557884,0.4070419073104858,0.0262673497200012,-0.0726148560643196,0.3871689438819885,0.0017340014455839,0.0755751579999923,0.7337722182273865,0.1707868129014969,-0.0559912919998168,0.7270362377166748,0.1534900814294815,0
232,0.0563628263771534,-0.629170835018158,-0.1523653715848922,0.152485579252243,-0.4577482044696808,0.0511804856359958,0.2057533711194992,-0.2859355509281158,-0.040102332830429,-0.1529071480035781,-0.4539244174957275,-0.0161485970020294,-0.1930558532476425,-0.2236461341381073,-0.0836896449327468,0.189617320895195,-0.4478986263275146,-0.222118005156517,-0.1498952209949493,-0.1940726041793823,-0.2559086084365845,0.108777716755867,-0.0011702690972015,0.0207367371767759,-0.108852706849575,0.0005491264746524,-0.0197298116981983,0.0770522952079773,0.4094886779785156,0.0339176841080188,-0.0706698521971702,0.3864246606826782,0.000301505846437,0.0794265940785408,0.7338225245475769,0.1750832796096801,-0.0564757846295833,0.725691556930542,0.1523889750242233,0
233,0.0558817125856876,-0.6293834447860718,-0.1517099142074585,0.1524716019630432,-0.457914650440216,0.0512128435075283,0.2068475484848022,-0.2856832444667816,-0.0437152348458766,-0.1533266454935073,-0.4642027914524078,-0.0107797281816601,-0.1951570659875869,-0.2322883009910583,-0.0604292303323745,0.1908409744501114,-0.444270521402359,-0.223160058259964,-0.1506040841341018,-0.1544887423515319,-0.2284445315599441,0.1087859198451042,-0.0012150930706411,0.0206743795424699,-0.1088688671588897,0.0005952854990027,-0.0196733847260475,0.0796699002385139,0.4105819463729858,0.0338117703795433,-0.0659306272864341,0.3857110440731048,0.0009831280913203,0.0815091878175735,0.733917772769928,0.1739235520362854,-0.0559965334832668,0.7253915071487427,0.1543772518634796,0
234,0.0556007400155067,-0.6440327763557434,-0.1519493907690048,0.1550372689962387,-0.4620238840579986,0.0465250499546527,0.2078458666801452,-0.288286030292511,-0.0548649877309799,-0.1536064893007278,-0.4756254553794861,-0.0043842638842761,-0.2054508030414581,-0.2407055497169494,-0.0352321937680244,0.1889655292034149,-0.4405128955841064,-0.2593583762645721,-0.1725725680589676,-0.1267967820167541,-0.1809976249933242,0.1087932810187339,-0.0011169431963935,0.0192763339728117,-0.1088849231600761,0.0004982073442079,-0.0182567331939935,0.0783401429653167,0.4121544957160949,0.0330679304897785,-0.0660444200038909,0.3844001591205597,0.0079963281750679,0.080182246863842,0.7345097064971924,0.1738629788160324,-0.0586324073374271,0.7253015637397766,0.1671316176652908,0
235,0.055384524166584,-0.651160478591919,-0.1655884385108947,0.1587536185979843,-0.4646675288677215,0.0353380404412746,0.2194230258464813,-0.2892703711986542,-0.0683636218309402,-0.1536329388618469,-0.4848864674568176,-0.0095022423192858,-0.20882149040699,-0.2433983832597732,-0.0459960326552391,0.1920997202396392,-0.4402970969676971,-0.2869719564914703,-0.1779229640960693,-0.1136912927031517,-0.2017486691474914,0.1088705956935882,-0.0006693142931908,0.0188123136758804,-0.1089897155761718,5.146027615410276e-05,-0.0178362932056188,0.0788140445947647,0.4139004945755005,0.03244249522686,-0.0671669766306877,0.3842605054378509,0.0099891228601336,0.0821301713585853,0.7402465343475342,0.1706348806619644,-0.0637876093387603,0.7254515290260315,0.1688463538885116,0
236,0.0573738627135753,-0.6549267768859863,-0.1861126869916916,0.1628977954387664,-0.4663381576538086,0.0152360536158084,0.2197962552309036,-0.2896499335765838,-0.0830845162272453,-0.1531703025102615,-0.4910152554512024,-0.0295129548758268,-0.2131728380918502,-0.2465793192386627,-0.0400677099823951,0.1948310285806656,-0.4355876445770263,-0.3026442229747772,-0.1787298768758773,-0.0893675684928894,-0.1503272801637649,0.1093401312828064,-0.0002437875664327,0.0180157590657472,-0.10953950881958,-0.0003822493599727,-0.0170313715934753,0.079196460545063,0.4147037863731384,0.0342226512730121,-0.0670016109943389,0.3852979242801666,0.0265488494187593,0.0849464461207389,0.740156352519989,0.1864712387323379,-0.0626531466841697,0.7222486734390259,0.2052304893732071,0
237,0.0626529976725578,-0.655226469039917,-0.1868564337491989,0.1649597287178039,-0.4668459892272949,0.012638627551496,0.219160571694374,-0.2895819246768951,-0.0830013751983642,-0.1509537398815155,-0.4926729202270508,-0.0348361991345882,-0.2131578177213668,-0.2471341639757156,-0.0315375141799449,0.1983859986066818,-0.4336417913436889,-0.2974939048290252,-0.1785035133361816,-0.0748774483799934,-0.1197562143206596,0.1094747260212898,-0.0001284574536839,0.0180207677185535,-0.1097060739994049,-0.0004993031616322,-0.0170335751026868,0.0805075243115425,0.4152784347534179,0.0494787730276584,-0.0670487359166145,0.3860024809837341,0.0343989394605159,0.0959383323788642,0.7332665324211121,0.2266567796468734,-0.0600097700953483,0.7192946672439575,0.2226775586605072,0
238,0.0653395801782608,-0.6566721796989441,-0.1851115971803665,0.1677376925945282,-0.4671021997928619,0.0139574566856026,0.2216853499412536,-0.2888936698436737,-0.0831364020705223,-0.1482002884149551,-0.4957281947135925,-0.0336181409657001,-0.2127597630023956,-0.2486309111118316,-0.0223356951028108,0.2009777426719665,-0.4319830238819122,-0.2972146868705749,-0.1793019622564315,-0.066240519285202,-0.1027019321918487,0.1095210388302803,0.0004341538297012,0.0169620513916015,-0.1097723394632339,-0.0010676919482648,-0.0159851890057325,0.0833852067589759,0.415176510810852,0.0413476787507534,-0.0668447837233543,0.386161059141159,0.0333415903151035,0.1002742797136306,0.7336360216140747,0.2130298316478729,-0.0620997212827205,0.7194559574127197,0.2146079540252685,0
239,0.0664749592542648,-0.6565675735473633,-0.1838188618421554,0.1691086292266845,-0.4673540592193603,0.0148088028654456,0.2225396484136581,-0.289033979177475,-0.0853125378489494,-0.1473262459039688,-0.496260792016983,-0.0330555103719234,-0.2127144634723663,-0.2491008639335632,-0.0172277148813009,0.2011741399765014,-0.4275211095809936,-0.3031448423862457,-0.1835961043834686,-0.0596196912229061,-0.0985951572656631,0.1095182597637176,0.0010473262518644,0.0163173731416463,-0.1097781732678413,-0.0016857876908034,-0.0153456227853894,0.083370417356491,0.4152311980724334,0.0319937691092491,-0.066165804862976,0.3861700892448425,0.0343413017690181,0.1037821248173713,0.7354614734649658,0.1868104040622711,-0.0617021024227142,0.7196045517921448,0.2128787338733673,0
240,0.0662876665592193,-0.6564430594444275,-0.1715750694274902,0.1717997044324875,-0.4672126770019531,0.0190869756042957,0.2210010141134262,-0.2845399677753448,-0.0810767039656639,-0.1445278972387313,-0.4958409667015075,-0.017388766631484,-0.2125244438648224,-0.243571788072586,0.0112585350871086,0.2001599967479705,-0.4245114028453827,-0.2906432449817657,-0.1894386261701584,-0.0428977571427822,-0.0546048320829868,0.1095319837331771,0.0016862329794093,0.0151332933455705,-0.109798789024353,-0.0023128825705498,-0.0141648361459374,0.0839999839663505,0.4158627986907959,0.0198780018836259,-0.065222717821598,0.3861872553825378,0.0340383537113666,0.1051784753799438,0.7403165698051453,0.167838767170906,-0.0612427145242691,0.7210394740104675,0.211049422621727,0
241,0.0640699565410614,-0.6557539701461792,-0.1743469387292862,0.171725258231163,-0.4667021930217743,0.0160374920815229,0.2174610495567321,-0.2804957032203674,-0.0829584524035453,-0.1456556171178817,-0.4955684244632721,-0.0171234514564275,-0.2153548598289489,-0.2400993406772613,0.0183492377400398,0.1950160562992096,-0.4235691130161285,-0.2920904457569122,-0.1922990083694458,-0.0281717609614133,-0.0413566343486309,0.1099612191319465,0.0017499895766377,0.014420099556446,-0.1102689206600189,-0.0023780767805874,-0.0134725263342261,0.0835375115275383,0.4182233512401581,0.0202531963586807,-0.0673543289303779,0.3875593841075897,0.0336341746151447,0.1066546961665153,0.7423179745674133,0.1859490126371383,-0.0602547489106655,0.7213320732116699,0.2100961953401565,0
242,0.063993752002716,-0.6556574702262878,-0.1864110678434372,0.1751056313514709,-0.4666820764541626,0.0050961161032319,0.2184268236160278,-0.2789425253868103,-0.0944675132632255,-0.144785538315773,-0.495326280593872,-0.0219346489757299,-0.2153990864753723,-0.2401472628116607,0.0143037540838122,0.1941004693508148,-0.4199143350124359,-0.3064614534378052,-0.1939077675342559,-0.0249807108193635,-0.0445495881140232,0.1104909628629684,0.0020784388761967,0.0137683926150202,-0.1108385026454925,-0.0027165352366864,-0.012832049280405,0.0845949202775955,0.4182748198509216,0.0187148284167051,-0.067277155816555,0.3876490592956543,0.034049991518259,0.1089216694235801,0.7395349144935608,0.1911105960607528,-0.059297639876604,0.7196453809738159,0.2190549373626709,0
243,0.0638533681631088,-0.6501049399375916,-0.1988329440355301,0.1749768406152725,-0.4601051807403564,-0.000887771777343,0.2172799259424209,-0.2684765160083771,-0.0982741713523864,-0.1449398398399353,-0.4924788773059845,-0.0312152933329343,-0.2162793576717376,-0.234316736459732,0.0113557055592536,0.1921854317188263,-0.4123145937919616,-0.3093050718307495,-0.1958272159099578,-0.0163764301687479,-0.0493261255323886,0.1107731983065605,0.0027159103192389,0.0136575177311897,-0.111135259270668,-0.0033568928483873,-0.0127216055989265,0.0825824588537216,0.4198867082595825,0.0115354377776384,-0.0676510706543922,0.3882048428058624,0.0384713821113109,0.1087198406457901,0.7430610060691833,0.17454394698143,-0.0592698454856872,0.7195523381233215,0.2307861149311065,0
244,0.0559663474559783,-0.6487571001052856,-0.1873397380113601,0.1737426966428756,-0.4602601826190948,0.0026004784740507,0.210536316037178,-0.2684563994407654,-0.0968539342284202,-0.1465606093406677,-0.4918100833892822,-0.0160401575267314,-0.2162817120552063,-0.2339853793382644,0.0311819165945053,0.1813801229000091,-0.4120306670665741,-0.3051517605781555,-0.2031535357236862,-0.0190172456204891,-0.0239797718822956,0.11089688539505,0.0028057894669473,0.0133924558758735,-0.1112611964344978,-0.0034450863022357,-0.0124529236927628,0.0822564214468002,0.4205305576324463,0.0122839156538248,-0.068324826657772,0.3883240222930908,0.0322217643260955,0.1085824146866798,0.7436046004295349,0.1810076236724853,-0.0605007521808147,0.7201884388923645,0.2174901664257049,0
245,0.0575879737734794,-0.641269326210022,-0.1622241884469986,0.1720303893089294,-0.4592148661613464,0.0278134439140558,0.2096405625343322,-0.2669868767261505,-0.0740792676806449,-0.1465431749820709,-0.48922860622406,-0.0046455240808427,-0.2135717570781707,-0.2286779284477234,0.0316581055521965,0.1805813759565353,-0.4111152291297912,-0.2711267173290252,-0.2028341442346573,-0.0123550985008478,-0.0260954163968563,0.1107579544186592,0.0026893927715718,0.013641963712871,-0.11112991720438,-0.0033252036664634,-0.0126869408413767,0.0826904997229576,0.4202318787574768,0.0145731577649712,-0.0634751245379448,0.3897430896759033,0.0222243461757898,0.1087418720126152,0.7447934746742249,0.1745590418577194,-0.0551864765584468,0.7312266230583191,0.1845752894878387,0
246,0.0549341775476932,-0.6415136456489563,-0.173543632030487,0.1718353331089019,-0.459282636642456,0.0125654842704534,0.2086134254932403,-0.2672730684280395,-0.092158518731594,-0.1474793851375579,-0.4877323806285858,-0.0083011016249656,-0.2138347178697586,-0.2285620719194412,0.0300649516284465,0.1745767593383789,-0.4103165864944458,-0.297961950302124,-0.2060973942279815,-0.0122964587062597,-0.0295898523181676,0.1108666658401489,0.0026565061416476,0.0133124338462948,-0.1112439781427383,-0.0033007601741701,-0.0123531771823763,0.0826996713876724,0.4199247360229492,0.0150076104328036,-0.0651616752147674,0.3899467587471008,0.0220500994473695,0.1062133386731147,0.7450801134109497,0.1730632185935974,-0.0573834031820297,0.7330829501152039,0.1857489198446273,0
247,0.0555674992501735,-0.6440230011940002,-0.1744201928377151,0.1718930006027221,-0.4595966935157776,0.0113378325477242,0.2085558623075485,-0.2674996554851532,-0.093014508485794,-0.1475272178649902,-0.4880697429180145,-0.0090591348707675,-0.2138115465641021,-0.2287013381719589,0.0298695601522922,0.1751966476440429,-0.4115665256977081,-0.3013914227485657,-0.2058406323194503,-0.011835821904242,-0.0269954614341259,0.1109701544046402,0.0028554140590131,0.0127170579507946,-0.1113545149564743,-0.0034953069407492,-0.0117671517655253,0.0809078067541122,0.420331597328186,0.0130494236946105,-0.0672557428479194,0.3899761736392975,0.0259157326072454,0.1040679514408111,0.7473747730255127,0.1714230626821518,-0.0595484264194965,0.7321385741233826,0.1973836719989776,0
248,0.0567267425358295,-0.6441498398780823,-0.1797700524330139,0.1718164384365081,-0.459621250629425,0.0065910476259887,0.2073371708393097,-0.2676982879638672,-0.096211276948452,-0.1475502699613571,-0.4876924753189087,-0.0147125320509076,-0.2138237357139587,-0.2282318025827407,0.027966821566224,0.1745975613594055,-0.4116751551628113,-0.3037024736404419,-0.2058785259723663,-0.0104734217748045,-0.0291227009147405,0.1110201328992843,0.0029213030356913,0.0123293604701757,-0.1114036440849304,-0.0035601889248937,-0.0113818254321813,0.0800777599215507,0.4215071201324463,0.0149407237768173,-0.0671642124652862,0.3899615705013275,0.0279014091938734,0.1037770137190818,0.7477501630783081,0.1776318252086639,-0.0593599528074264,0.7297486066818237,0.2028592675924301,0
249,0.0572539195418357,-0.6439872980117798,-0.1772485226392746,0.171296626329422,-0.4599034786224365,0.0110439974814653,0.2088007181882858,-0.269134372472763,-0.0894975364208221,-0.1477657854557037,-0.4879163205623626,-0.0144626097753643,-0.2136825770139694,-0.2287541329860687,0.0270657408982515,0.1748752295970916,-0.4117656946182251,-0.2944269478321075,-0.2058094888925552,-0.0107191931456327,-0.0304721184074878,0.1110442727804184,0.0028283181600272,0.0123776188120245,-0.111431784927845,-0.0034717072267085,-0.0114310085773468,0.0806436538696289,0.4203664064407348,0.0165286976844072,-0.0664658993482589,0.3910298347473144,0.0230459403246641,0.1041205078363418,0.7443624138832092,0.1820593476295471,-0.059091780334711,0.7320123314857483,0.1942741423845291,0
250,0.0565885566174984,-0.6439619064331055,-0.1824707388877868,0.1712435334920883,-0.4602559804916382,0.0067014186643064,0.2082168757915496,-0.2699639797210693,-0.0928527042269706,-0.1480266898870468,-0.4881796538829803,-0.0165080539882183,-0.2136681228876114,-0.2294072061777115,0.0258479602634906,0.1745563298463821,-0.4143142998218536,-0.2958926856517792,-0.2060270607471466,-0.0109887169674038,-0.0309711247682571,0.1110842227935791,0.0028589710127562,0.0119533473625779,-0.1114729344844818,-0.0035035903565585,-0.0110047962516546,0.0808143392205238,0.4206146597862243,0.0223761443048715,-0.0670076087117195,0.3905971050262451,0.0274168699979782,0.1065122634172439,0.7436173558235168,0.1919933259487152,-0.0606697127223014,0.7272167801856995,0.20428267121315,0
251,0.0576430149376392,-0.6448240876197815,-0.1810573190450668,0.1712506711483001,-0.4619256854057312,0.007000598590821,0.2083607912063598,-0.2716329097747803,-0.092849500477314,-0.1477164030075073,-0.4885508418083191,-0.0154601298272609,-0.2116198092699051,-0.2295179367065429,0.0265742968767881,0.1743378192186355,-0.4143235981464386,-0.2959790229797363,-0.2043433040380478,-0.0114567084237933,-0.029980918392539,0.1111108586192131,0.0028731317725032,0.0114173116162419,-0.1114996075630188,-0.0035175643861293,-0.0104638813063502,0.081569068133831,0.4207072854042053,0.020415112376213,-0.0670952051877975,0.3905534744262695,0.0301869343966245,0.1103263348340988,0.7421069741249084,0.1913654655218124,-0.0607211329042911,0.7260351181030273,0.2113925665616989,0
252,0.0575261376798152,-0.6431401968002319,-0.1914656162261963,0.1712854355573654,-0.4588039517402649,0.0037493945565074,0.2089870572090149,-0.2689766883850097,-0.0972095504403114,-0.1479959785938263,-0.4882735013961792,-0.0214891750365495,-0.2113285809755325,-0.2292523384094238,0.0230785869061946,0.174790009856224,-0.4135512113571167,-0.3055898249149322,-0.2028762400150299,-0.0111234635114669,-0.0332020819187164,0.1111492663621902,0.0029094936326146,0.0125132054090499,-0.1115380525588989,-0.0035577770322561,-0.011565395630896,0.0826695263385772,0.4211081862449646,0.0246083345264196,-0.0659457966685295,0.3905453383922577,0.0268534142524003,0.1102486029267311,0.7450886964797974,0.190935730934143,-0.0604486130177974,0.7261301279067993,0.2033525109291076,0
253,0.057328850030899,-0.6431754231452942,-0.1955729722976684,0.1710400581359863,-0.4589780867099762,0.000873741635587,0.2087021619081497,-0.2690664231777191,-0.0988852605223655,-0.1481587290763855,-0.4882235825061798,-0.0293799191713333,-0.2113458961248397,-0.2292167246341705,0.0135120069608092,0.1743291318416595,-0.4134710133075714,-0.3073190450668335,-0.2026248723268509,-0.0096155935898423,-0.0396594516932964,0.1111921519041061,0.0029648959171026,0.0129004893824458,-0.1115863993763923,-0.0036130857188254,-0.0119594652205705,0.0826757997274398,0.4217727482318878,0.0259873922914266,-0.066022127866745,0.3905742466449737,0.0265346523374319,0.109676718711853,0.745688796043396,0.1926717460155487,-0.0604414492845535,0.7255602478981018,0.2032634168863296,0
254,0.0568846277892589,-0.6427450776100159,-0.2046754211187362,0.1705787926912307,-0.4590544700622558,-0.0067687416449189,0.2076770216226577,-0.269156664609909,-0.105239637196064,-0.1482616066932678,-0.4878862500190735,-0.0403694547712802,-0.2117129415273666,-0.2291109710931778,-6.110921822255477e-05,0.1727305501699447,-0.4129962921142578,-0.3128654360771179,-0.2023235410451889,-0.0094133475795388,-0.0537540949881076,0.1112150698900222,0.0029622414149343,0.013067920692265,-0.1116120368242263,-0.0036137625575065,-0.0121270092204213,0.0828064680099487,0.4200210869312286,0.0303535107523202,-0.066839650273323,0.3906472027301788,0.0272688679397106,0.1090762913227081,0.741765558719635,0.1967742443084716,-0.0636637732386589,0.7252594232559204,0.2036809027194976,0
255,0.0575388856232166,-0.6487200260162354,-0.1984803229570388,0.1706629246473312,-0.4614613950252533,-0.0037319427356123,0.2087117433547973,-0.2698215246200561,-0.1022287681698799,-0.1479006856679916,-0.489483892917633,-0.0373738072812557,-0.2117325514554977,-0.2297160327434539,0.002428910229355,0.1739996373653412,-0.4129505455493927,-0.3104404509067535,-0.2020497620105743,-0.0100596053525805,-0.0506884269416332,0.1112183332443237,0.0029951848555356,0.0129698542878031,-0.111619159579277,-0.0036454715300351,-0.0120362173765897,0.082873485982418,0.4193731844425201,0.0302242096513509,-0.0667993277311325,0.3906075954437256,0.0286086183041334,0.1090959087014198,0.7401337623596191,0.19936503469944,-0.0633782893419265,0.724027693271637,0.2092709392309188,0
256,0.0583314150571823,-0.6467733979225159,-0.2037936449050903,0.1764090955257415,-0.4612929224967956,-0.0047340835444629,0.2087554037570953,-0.2684664726257324,-0.106433629989624,-0.1440887749195099,-0.4901579916477203,-0.0364878289401531,-0.2097735702991485,-0.2300726622343063,0.0032705154735594,0.1740130633115768,-0.4120333194732666,-0.3161228001117706,-0.199473887681961,-0.0097635192796587,-0.0501368753612041,0.1112909764051437,0.0034556244499981,0.0129708815366029,-0.1116880550980568,-0.0041049406863749,-0.0120374495163559,0.0837198346853256,0.4200827777385711,0.0266793705523014,-0.0672749951481819,0.3901838958263397,0.0322446934878826,0.1130595207214355,0.741180956363678,0.187375321984291,-0.0626049861311912,0.7214438915252686,0.2142536789178848,0
257,0.0574994273483753,-0.6468920111656189,-0.2081830501556396,0.1719442903995514,-0.4601505398750305,-0.0082350270822644,0.2074551880359649,-0.2669534087181091,-0.1082667708396911,-0.1469868868589401,-0.4897433817386627,-0.0412435382604599,-0.2114624977111816,-0.230006068944931,-0.0007791899843141,0.1732748001813888,-0.4085600674152374,-0.3182902038097381,-0.1995132714509964,-0.0098078502342104,-0.0563658326864242,0.111309677362442,0.0035040744114667,0.012953883036971,-0.1117077320814132,-0.0041562239639461,-0.0120217483490705,0.0801574438810348,0.4205585122108459,0.0269445590674877,-0.067929483950138,0.3906002342700958,0.032295748591423,0.1070990934967994,0.7431300282478333,0.1898965686559677,-0.0648238211870193,0.7217414379119873,0.2144131958484649,0
258,0.0583850517868995,-0.6466935873031616,-0.207049936056137,0.1716564893722534,-0.4599944353103637,-0.0077738207764923,0.2062210738658905,-0.2669927775859833,-0.1076391637325286,-0.1469862014055252,-0.4891070425510406,-0.0407815873622894,-0.2116541117429733,-0.2284188121557235,-9.518930164631456e-05,0.1731158047914505,-0.4104236960411072,-0.3169251680374145,-0.1976761668920517,-0.0093856649473309,-0.0558156222105026,0.1113220676779747,0.0034536009188741,0.0129638919606804,-0.1117226704955101,-0.0041083060204982,-0.0120309134945273,0.080874465405941,0.4210507273674011,0.0273171700537204,-0.0679045021533966,0.3906044960021972,0.0317641608417034,0.1094006225466728,0.7436812520027161,0.1906543225049972,-0.0645977482199668,0.7217705249786377,0.2116219252347946,0
259,0.0584955587983131,-0.646648645401001,-0.2066060602664947,0.1703209578990936,-0.4594193994998932,-0.0072883632965385,0.20612733066082,-0.2668559849262237,-0.1061388254165649,-0.1471364796161651,-0.48806232213974,-0.041096992790699,-0.211988627910614,-0.2274330258369445,-0.0012417351827025,0.1727725714445114,-0.4102748930454254,-0.3138978183269501,-0.1976847648620605,-0.008986891247332,-0.0561867803335189,0.1113077700138092,0.0033526946790516,0.0132707841694355,-0.1117116287350654,-0.0040095071308314,-0.0123400660231709,0.0815416723489761,0.4210598766803741,0.0278299506753683,-0.0650020241737365,0.3909650146961212,0.0307440441101789,0.1115923076868057,0.7433419227600098,0.1931271255016327,-0.0626212805509567,0.7228127717971802,0.2111224085092544,0
260,0.0587074682116508,-0.6468021273612976,-0.2030969411134719,0.1707265377044677,-0.4598984122276306,-0.0066320314072072,0.2073516845703125,-0.2670696377754211,-0.1060334593057632,-0.1468459665775299,-0.4884009957313537,-0.0375045649707317,-0.2116562575101852,-0.2284336984157562,0.0040943194180727,0.1739412993192672,-0.411386102437973,-0.313768059015274,-0.1970930248498916,-0.0092514185234904,-0.0497321411967277,0.1113846972584724,0.0033602893818169,0.0129846585914492,-0.1117952316999435,-0.0040175574831664,-0.0120531506836414,0.081617884337902,0.4204197525978088,0.0224148742854595,-0.066092349588871,0.3910124599933624,0.0302129313349723,0.1083810031414032,0.7426868081092834,0.1909047961235046,-0.0626271069049835,0.7228203415870667,0.210448756814003,0
261,0.0585606731474399,-0.6471008062362671,-0.2011346518993377,0.1707415580749511,-0.4599557220935821,-0.005458625499159,0.2058930546045303,-0.2670681774616241,-0.105278879404068,-0.1468327045440673,-0.4884208738803863,-0.0353739820420742,-0.2128244340419769,-0.2285242974758148,0.0043418379500508,0.172304168343544,-0.411121129989624,-0.3131985068321228,-0.1970918625593185,-0.0096892425790429,-0.0499778948724269,0.1113972067832946,0.0034421214368194,0.0129502462223172,-0.1118083894252777,-0.0040959357284009,-0.0120182866230607,0.081382006406784,0.4217249751091003,0.0208270736038684,-0.067123994231224,0.3908754885196686,0.0316549427807331,0.1084098666906356,0.7443385124206543,0.1885909438133239,-0.0629843100905418,0.7226070165634155,0.2155678272247314,0
