FrameNo,head_x,head_y,head_z,left_shoulder_x,left_shoulder_y,left_shoulder_z,left_elbow_x,left_elbow_y,left_elbow_z,right_shoulder_x,right_shoulder_y,right_shoulder_z,right_elbow_x,right_elbow_y,right_elbow_z,left_hand_x,left_hand_y,left_hand_z,right_hand_x,right_hand_y,right_hand_z,left_hip_x,left_hip_y,left_hip_z,right_hip_x,right_hip_y,right_hip_z,left_knee_x,left_knee_y,left_knee_z,right_knee_x,right_knee_y,right_knee_z,left_foot_x,left_foot_y,left_foot_z,right_foot_x,right_foot_y,right_foot_z
0,-0.013214483857154846,-0.6363822817802429,-0.3032189905643463,0.1442917138338089,-0.5231291651725769,-0.1508699655532837,0.2409517467021942,-0.739336371421814,-0.2130156308412552,-0.14710447192192078,-0.5102221965789795,-0.1594674289226532,-0.26464706659317017,-0.680992841720581,-0.2258463203907013,0.2871701717376709,-0.9542235136032104,-0.27299070358276367,-0.2787485420703888,-0.8853942155838013,-0.3202800154685974,0.10487903654575348,-0.0038339169695973396,0.003635542467236519,-0.10516814142465591,0.0034253206104040146,-0.0023560042027384043,0.09519637376070023,0.39398887753486633,0.032009489834308624,-0.11935904622077942,0.3816993236541748,0.028191663324832916,0.1444496512413025,0.7057961821556091,0.18082045018672943,-0.12701575458049774,0.7212932705879211,0.16665752232074738
1,-0.012742682360112667,-0.6313091516494751,-0.3029950261116028,0.14304158091545105,-0.5234299302101135,-0.14011386036872864,0.23823119699954987,-0.7393406629562378,-0.186434805393219,-0.14877040684223175,-0.5088866353034973,-0.15785042941570282,-0.27544084191322327,-0.6797595620155334,-0.2255542129278183,0.28661423921585083,-0.956053614616394,-0.24363234639167786,-0.2856549918651581,-0.8890873789787292,-0.3114786744117737,0.1053643524646759,-0.0037595084868371487,0.005918120965361595,-0.10564859956502914,0.0033329157158732414,-0.004641169682145119,0.0945427417755127,0.4032215178012848,0.04478595033288002,-0.11944817006587982,0.3833310902118683,0.02068817801773548,0.13752464950084686,0.7224022746086121,0.18258801102638245,-0.13092410564422607,0.7217208743095398,0.158749520778656
2,-0.012645580805838108,-0.6322436332702637,-0.29066482186317444,0.14232023060321808,-0.523632287979126,-0.12874716520309448,0.232700914144516,-0.7404451966285706,-0.17833754420280457,-0.14979611337184906,-0.5088309049606323,-0.13659976422786713,-0.28164875507354736,-0.679962158203125,-0.20753248035907745,0.2786147892475128,-0.9634268283843994,-0.2365466207265854,-0.2912987172603607,-0.8990769982337952,-0.29023587703704834,0.10597933083772659,-0.0033500532153993845,0.004961911588907242,-0.1062493622303009,0.002892475575208664,-0.0037176045589149,0.09456954896450043,0.40803003311157227,0.04400781914591789,-0.11891042441129684,0.38671520352363586,0.023171329870820045,0.13748347759246826,0.7351436614990234,0.1792546510696411,-0.12580977380275726,0.7241262793540955,0.16233795881271362
3,-0.01022421382367611,-0.633760929107666,-0.28983062505722046,0.14195358753204346,-0.5236890316009521,-0.12737590074539185,0.23034830391407013,-0.7411153316497803,-0.17665840685367584,-0.15009728074073792,-0.5083288550376892,-0.13738100230693817,-0.2834610044956207,-0.6792078614234924,-0.20902881026268005,0.2767956554889679,-0.9661906361579895,-0.23416605591773987,-0.2914775013923645,-0.8997491002082825,-0.2923891246318817,0.10630188882350922,-0.0031216552015393972,0.005073926877230406,-0.10656411200761795,0.0026422166265547276,-0.003837155643850565,0.09461943805217743,0.4093165397644043,0.043207358568906784,-0.11855468899011612,0.38833221793174744,0.023221787065267563,0.13372944295406342,0.7387551665306091,0.17733827233314514,-0.12458866834640503,0.726294994354248,0.16155382990837097
4,-0.010456639342010021,-0.6340162754058838,-0.2902286648750305,0.14022579789161682,-0.5243176221847534,-0.12837596237659454,0.22658242285251617,-0.7435626983642578,-0.17868362367153168,-0.1505228579044342,-0.5076621174812317,-0.13843749463558197,-0.2839006185531616,-0.6793552041053772,-0.2150854766368866,0.2736808657646179,-0.9688153862953186,-0.2360999882221222,-0.29258838295936584,-0.9008839726448059,-0.30097585916519165,0.10651534795761108,-0.003009043401107192,0.0052091204561293125,-0.10677053779363632,0.002517672721296549,-0.003980608657002449,0.09399624913930893,0.41058963537216187,0.0466662161052227,-0.1188851147890091,0.38991132378578186,0.023396926000714302,0.13459883630275726,0.7380853295326233,0.1779647022485733,-0.1260906606912613,0.7289871573448181,0.1616784781217575
5,-0.007782610598951578,-0.630852997303009,-0.29830628633499146,0.14010395109653473,-0.5234928727149963,-0.12964116036891937,0.22682251036167145,-0.7425494194030762,-0.17964552342891693,-0.15053778886795044,-0.5050801634788513,-0.1481718271970749,-0.2835480868816376,-0.6746019721031189,-0.23662886023521423,0.27384060621261597,-0.9684175252914429,-0.23656587302684784,-0.2923933267593384,-0.9005786776542664,-0.3302108347415924,0.10674946755170822,-0.002985285362228751,0.006883593741804361,-0.10700860619544983,0.0024913097731769085,-0.005667463876307011,0.09392500668764114,0.41066616773605347,0.04640106484293938,-0.118860624730587,0.389889657497406,0.012878498993813992,0.1314282864332199,0.737278938293457,0.17524270713329315,-0.12743180990219116,0.7291799187660217,0.14771389961242676
6,-0.010693570598959923,-0.6324810981750488,-0.2949947118759155,0.1383063644170761,-0.5238949656486511,-0.13015052676200867,0.22265149652957916,-0.7433358430862427,-0.1804078072309494,-0.1514616161584854,-0.5051314234733582,-0.1420060396194458,-0.28523582220077515,-0.6767911911010742,-0.21887756884098053,0.26762324571609497,-0.9697094559669495,-0.23788250982761383,-0.29502564668655396,-0.9023595452308655,-0.30181241035461426,0.10681848973035812,-0.0028109236154705286,0.005613986402750015,-0.10707216709852219,0.0023098455276340246,-0.004405082669109106,0.09318991005420685,0.4113723635673523,0.04601525142788887,-0.12032191455364227,0.39071059226989746,0.024076342582702637,0.13149964809417725,0.7388092875480652,0.17605076730251312,-0.12817038595676422,0.7296113967895508,0.16264691948890686
7,-0.008504009805619717,-0.6328582763671875,-0.29829901456832886,0.1394812911748886,-0.5233917236328125,-0.1337650567293167,0.22427836060523987,-0.7435261011123657,-0.18285539746284485,-0.15086796879768372,-0.5050704479217529,-0.14563514292240143,-0.2840346395969391,-0.6772997379302979,-0.2213352620601654,0.26791468262672424,-0.9706741571426392,-0.23860539495944977,-0.2919262945652008,-0.9034187197685242,-0.30233028531074524,0.10693144053220749,-0.002711063949391246,0.0055022831074893475,-0.10719189792871475,0.0022029834799468517,-0.004297689069062471,0.09362571686506271,0.41165265440940857,0.04579108953475952,-0.1189085841178894,0.3908716142177582,0.026177695021033287,0.13161039352416992,0.7394409775733948,0.1802433431148529,-0.12280578911304474,0.7292352318763733,0.16807079315185547
8,-0.010296918451786041,-0.6372172832489014,-0.2844179570674896,0.13824869692325592,-0.5257832407951355,-0.12468830496072769,0.2208928018808365,-0.7468268871307373,-0.174113929271698,-0.15171529352664948,-0.5060194134712219,-0.13342279195785522,-0.28455641865730286,-0.6806381940841675,-0.20398098230361938,0.26281821727752686,-0.9735397696495056,-0.22711478173732758,-0.29206839203834534,-0.9062685370445251,-0.280739426612854,0.10697059333324432,-0.00267172628082335,0.005462284199893475,-0.10723089426755905,0.002159768482670188,-0.004256749991327524,0.09304986149072647,0.4114426076412201,0.04656469076871872,-0.11931367218494415,0.39102283120155334,0.026238026097416878,0.13133184611797333,0.7391806244850159,0.17946048080921173,-0.12530365586280823,0.7304061651229858,0.16547013819217682
9,-0.011712134815752506,-0.6372348070144653,-0.2851288318634033,0.13713641464710236,-0.5256182551383972,-0.12531815469264984,0.2189258337020874,-0.7465184926986694,-0.17502151429653168,-0.15244866907596588,-0.5060034394264221,-0.13436199724674225,-0.2860163152217865,-0.681410014629364,-0.20513512194156647,0.2613915503025055,-0.9731137156486511,-0.22817301750183105,-0.2922710180282593,-0.906892716884613,-0.2828335165977478,0.10703263431787491,-0.0026236334815621376,0.005425386596471071,-0.10729291290044785,0.002107849344611168,-0.0042213317938148975,0.09261763840913773,0.4113558232784271,0.04526236653327942,-0.11937063932418823,0.39105820655822754,0.025398340076208115,0.13003215193748474,0.7393386363983154,0.1745975911617279,-0.12536878883838654,0.7311520576477051,0.16161321103572845
10,-0.011073700152337551,-0.6361039280891418,-0.2947588562965393,0.13774245977401733,-0.5238226056098938,-0.13293947279453278,0.22114606201648712,-0.7441964149475098,-0.1841375231742859,-0.15219618380069733,-0.5058308839797974,-0.14185991883277893,-0.2844366133213043,-0.6811798214912415,-0.21856792271137238,0.26274263858795166,-0.9711431860923767,-0.2399018555879593,-0.2914288341999054,-0.9068330526351929,-0.305099219083786,0.1071687713265419,-0.00254553253762424,0.00516531290486455,-0.10743693262338638,0.002026617992669344,-0.003967254422605038,0.09271585941314697,0.4117039144039154,0.04357486590743065,-0.11907143145799637,0.3910447657108307,0.02554914727807045,0.13017909228801727,0.7397557497024536,0.17561550438404083,-0.12182064354419708,0.7299942374229431,0.16369833052158356
11,-0.011312444694340229,-0.6370324492454529,-0.2895261347293854,0.13701769709587097,-0.5249776244163513,-0.12796629965305328,0.22036448121070862,-0.7457906603813171,-0.17885325849056244,-0.15283098816871643,-0.5061603784561157,-0.13911019265651703,-0.28549742698669434,-0.6826989650726318,-0.2136855572462082,0.2623019516468048,-0.9721742272377014,-0.23435324430465698,-0.29148218035697937,-0.9079631567001343,-0.29367998242378235,0.10721614211797714,-0.0025339163839817047,0.005352372769266367,-0.10748367756605148,0.002010970376431942,-0.004152602981775999,0.09249299764633179,0.41102826595306396,0.04376873001456261,-0.11925432831048965,0.39111778140068054,0.023173104971647263,0.13009685277938843,0.7390415668487549,0.1748877316713333,-0.12441487610340118,0.7310134768486023,0.15704798698425293
12,-0.008150794543325901,-0.6369852423667908,-0.28950944542884827,0.14015725255012512,-0.5239903330802917,-0.12810134887695312,0.22566074132919312,-0.7406854629516602,-0.18073099851608276,-0.15170109272003174,-0.5057984590530396,-0.13898919522762299,-0.28160014748573303,-0.675970733165741,-0.2223644256591797,0.26869750022888184,-0.9661563038825989,-0.23995836079120636,-0.28968873620033264,-0.901794970035553,-0.32032936811447144,0.107340507209301,-0.002480460563674569,0.005098921712487936,-0.10760865360498428,0.0019610498566180468,-0.003909592982381582,0.09280809760093689,0.41131553053855896,0.04037247225642204,-0.11822658777236938,0.39079299569129944,0.023174958303570747,0.13207058608531952,0.7393499612808228,0.1733274757862091,-0.12086451798677444,0.7296452522277832,0.15799137949943542
13,-0.007411568891257048,-0.6383016109466553,-0.27288568019866943,0.1432434469461441,-0.525489330291748,-0.11686079949140549,0.2302696406841278,-0.7425732016563416,-0.1701684296131134,-0.15033259987831116,-0.506993293762207,-0.11856076121330261,-0.2815224230289459,-0.6761394143104553,-0.19598305225372314,0.27140700817108154,-0.9683516621589661,-0.2291247546672821,-0.2901517450809479,-0.9018797278404236,-0.2907131314277649,0.10738576203584671,-0.0020969014149159193,0.0031519292388111353,-0.10764764249324799,0.0015837043756619096,-0.001982728485018015,0.09553978592157364,0.41023746132850647,0.03675597533583641,-0.11728797107934952,0.39012467861175537,0.030448980629444122,0.13874147832393646,0.7393340468406677,0.16582715511322021,-0.11488303542137146,0.7277156114578247,0.16568593680858612
14,-0.009200594387948513,-0.6371544003486633,-0.27290695905685425,0.1416638195514679,-0.5259118676185608,-0.1154639944434166,0.2301318198442459,-0.7458769083023071,-0.1636633425951004,-0.15133100748062134,-0.5071637034416199,-0.11719218641519547,-0.2840692698955536,-0.6762315034866333,-0.19329196214675903,0.2712172567844391,-0.9728723168373108,-0.21616235375404358,-0.29516488313674927,-0.9021535515785217,-0.28814172744750977,0.1074192076921463,-0.0018853879300877452,0.0024188735987991095,-0.10767636448144913,0.0013659680262207985,-0.0012504043988883495,0.09339064359664917,0.4103989899158478,0.03512130305171013,-0.11764374375343323,0.3900756537914276,0.030309384688735008,0.13845348358154297,0.7398086190223694,0.1586167961359024,-0.11607050150632858,0.7299855947494507,0.15967419743537903
15,-0.008093653246760368,-0.6372936367988586,-0.28435075283050537,0.1435917615890503,-0.5243145227432251,-0.1279490739107132,0.2326747328042984,-0.745520830154419,-0.1815924197435379,-0.14896941184997559,-0.5067750215530396,-0.12444852292537689,-0.2824324369430542,-0.6748942136764526,-0.2122216522693634,0.2736664414405823,-0.9730218052864075,-0.2370443046092987,-0.29289862513542175,-0.9001868367195129,-0.31796377897262573,0.10749810189008713,-0.0015550642274320126,0.001043418189510703,-0.10775449126958847,0.0010408204980194569,9.88768515526317e-05,0.09370214492082596,0.4113737940788269,0.033541083335876465,-0.11728369444608688,0.39003393054008484,0.0339166522026062,0.1410408318042755,0.7419270873069763,0.15926970541477203,-0.11339649558067322,0.7293577194213867,0.16987073421478271
16,-0.008912889286875725,-0.636551558971405,-0.2829555571079254,0.14186756312847137,-0.5242701172828674,-0.12661205232143402,0.23107092082500458,-0.7452352046966553,-0.1813514679670334,-0.15011344850063324,-0.5068004131317139,-0.1243000477552414,-0.2828434705734253,-0.6747697591781616,-0.21221235394477844,0.2704004943370819,-0.9721094965934753,-0.23812241852283478,-0.2935917377471924,-0.9002546072006226,-0.31672200560569763,0.10752809047698975,-0.001510496367700398,0.0010622252011671662,-0.1077812910079956,0.0009953593835234642,8.123239240376279e-05,0.09368037432432175,0.41133347153663635,0.02952043153345585,-0.11716408282518387,0.3898110091686249,0.026272103190422058,0.140868678689003,0.7419815063476562,0.1506626158952713,-0.11393280327320099,0.7308588027954102,0.15316320955753326
17,-0.005404836498200893,-0.636442244052887,-0.28447645902633667,0.1436781883239746,-0.524408221244812,-0.12654396891593933,0.23158738017082214,-0.7447022795677185,-0.18042394518852234,-0.1479010432958603,-0.5068832635879517,-0.12807618081569672,-0.281400591135025,-0.6749790906906128,-0.21229039132595062,0.27184635400772095,-0.9705968499183655,-0.23802150785923004,-0.2932257056236267,-0.9007768034934998,-0.3129100203514099,0.10757385939359665,-0.0014678662410005927,0.001083514653146267,-0.10782930999994278,0.0009501118329353631,6.0287424275884405e-05,0.09586825966835022,0.4107796549797058,0.031048526987433434,-0.11664708703756332,0.3898402154445648,0.028317967429757118,0.14077705144882202,0.7405964136123657,0.1600763350725174,-0.11530910432338715,0.7293481230735779,0.16361179947853088
18,-0.007586643099784851,-0.6364496350288391,-0.27376896142959595,0.14287321269512177,-0.5257126688957214,-0.11653201282024384,0.2282702624797821,-0.7451139688491821,-0.16718246042728424,-0.14935202896595,-0.5069907903671265,-0.11848876625299454,-0.2820698320865631,-0.6769558787345886,-0.18921008706092834,0.264171302318573,-0.970443844795227,-0.22259795665740967,-0.294686883687973,-0.9047163128852844,-0.27475473284721375,0.10763377696275711,-0.0014156261458992958,0.000984586775302887,-0.10788363963365555,0.0008954168879427016,0.00016324709577020258,0.09555968642234802,0.4107164740562439,0.030379466712474823,-0.12002331018447876,0.389766126871109,0.028417054563760757,0.13997390866279602,0.7405988574028015,0.15892575681209564,-0.11868324130773544,0.729343056678772,0.16230514645576477
19,-0.008045228198170662,-0.6340655088424683,-0.2977558970451355,0.14255933463573456,-0.5224933624267578,-0.13704054057598114,0.2282869815826416,-0.7429873943328857,-0.1919892579317093,-0.14928022027015686,-0.5055020451545715,-0.13945463299751282,-0.2807518243789673,-0.6723141074180603,-0.22665704786777496,0.264312744140625,-0.9695524573326111,-0.25312796235084534,-0.2920018136501312,-0.8983471989631653,-0.33254241943359375,0.10768426209688187,-0.0013520774664357305,0.0008941548294387758,-0.10793818533420563,0.0008319183834828436,0.0002490390616003424,0.09680493921041489,0.41038545966148376,0.029295943677425385,-0.1186031773686409,0.3894733488559723,0.027794141322374344,0.14073675870895386,0.7406278848648071,0.15771788358688354,-0.11870945245027542,0.7290233373641968,0.16218633949756622
20,-0.008059266023337841,-0.6362360715866089,-0.27755963802337646,0.14303547143936157,-0.5231320261955261,-0.12207774817943573,0.22899477183818817,-0.7424672842025757,-0.1791761815547943,-0.14904826879501343,-0.5063855648040771,-0.12057499587535858,-0.27933791279792786,-0.6724017262458801,-0.20205342769622803,0.2645183503627777,-0.9683729410171509,-0.23982128500938416,-0.2892727851867676,-0.898985743522644,-0.3004944622516632,0.10771404951810837,-0.0012681272346526384,0.0006684883846901357,-0.10796710103750229,0.0007484083762392402,0.00047779185115359724,0.09679853171110153,0.4103536903858185,0.028105592355132103,-0.11711019277572632,0.3892376124858856,0.027759436517953873,0.1408688873052597,0.7408758401870728,0.15492203831672668,-0.1166587546467781,0.7290114760398865,0.16155308485031128
21,-0.011030705645680428,-0.6357502937316895,-0.27841296792030334,0.13946814835071564,-0.5232935547828674,-0.122218556702137,0.22513815760612488,-0.743200957775116,-0.1786031424999237,-0.15109722316265106,-0.5064412355422974,-0.12144108861684799,-0.28060612082481384,-0.6735354065895081,-0.20231913030147552,0.25876015424728394,-0.9690636396408081,-0.23659338057041168,-0.2907940149307251,-0.9002357125282288,-0.29804354906082153,0.10768158733844757,-0.0012193869333714247,0.0006662014639005065,-0.10792721807956696,0.0006972052506171167,0.00048012068145908415,0.09403674304485321,0.41071444749832153,0.0295101311057806,-0.11748941242694855,0.38921141624450684,0.027924789115786552,0.13679200410842896,0.7413037419319153,0.1550678163766861,-0.11935573816299438,0.7296183705329895,0.16139303147792816
22,-0.00855222437530756,-0.6338261365890503,-0.2999275028705597,0.14160528779029846,-0.5228706002235413,-0.13504540920257568,0.22608676552772522,-0.7421072721481323,-0.18535493314266205,-0.1489720344543457,-0.5061231255531311,-0.14640317857265472,-0.2794741988182068,-0.675519585609436,-0.22208192944526672,0.2600570321083069,-0.9672573208808899,-0.24157333374023438,-0.28739163279533386,-0.9006932973861694,-0.3060935139656067,0.10784551501274109,-0.0012360939290374517,0.0011872554896399379,-0.10811648517847061,0.0007078517228364944,-4.65434932266362e-05,0.09578701108694077,0.4106654226779938,0.039612989872694016,-0.11673160642385483,0.38943803310394287,0.02898385003209114,0.13925129175186157,0.7382777333259583,0.18123941123485565,-0.11915166676044464,0.7273982167243958,0.1717744916677475
23,-0.00858287699520588,-0.634568452835083,-0.2896431088447571,0.14191588759422302,-0.5229872465133667,-0.1290304958820343,0.22670473158359528,-0.7420396208763123,-0.18086731433868408,-0.1491944044828415,-0.505938708782196,-0.13576804101467133,-0.27940070629119873,-0.6751847863197327,-0.2092755287885666,0.260335773229599,-0.9670050740242004,-0.23706410825252533,-0.28740090131759644,-0.90093994140625,-0.29456260800361633,0.10792483389377594,-0.001232266891747713,0.001221060985699296,-0.10819375514984131,0.000703116471413523,-7.7209529990796e-05,0.09615715593099594,0.4106546640396118,0.03922343626618385,-0.117568738758564,0.3893396258354187,0.02901102416217327,0.1404939591884613,0.7380841970443726,0.17847339808940887,-0.11908860504627228,0.7270276546478271,0.17152489721775055
24,-0.007130424026399851,-0.6363086104393005,-0.2873181402683258,0.14317995309829712,-0.5241760015487671,-0.12692978978157043,0.22895289957523346,-0.744893491268158,-0.17635907232761383,-0.14879176020622253,-0.5066739916801453,-0.13371704518795013,-0.27982476353645325,-0.6763558983802795,-0.20361243188381195,0.2633538246154785,-0.969833493232727,-0.23232005536556244,-0.2870415151119232,-0.9012479186058044,-0.2860470414161682,0.1079440787434578,-0.0011752175632864237,0.0011817277409136295,-0.1082109734416008,0.0006443957099691033,-3.437689156271517e-05,0.0959242656826973,0.4108543395996094,0.03988875448703766,-0.11706353724002838,0.3893967568874359,0.03206314519047737,0.14024128019809723,0.7391179203987122,0.1777712106704712,-0.11690762639045715,0.7270808815956116,0.17188270390033722
25,-0.0061801522970199585,-0.6366158723831177,-0.2908470332622528,0.14318238198757172,-0.5247843265533447,-0.12967538833618164,0.22818821668624878,-0.7500340342521667,-0.17731650173664093,-0.1486411690711975,-0.5066760182380676,-0.1396750509738922,-0.2798440456390381,-0.680304229259491,-0.20958618819713593,0.2617562711238861,-0.9753465056419373,-0.23193512856960297,-0.28579995036125183,-0.902389645576477,-0.2863241136074066,0.10792887955904007,-0.0011114934459328651,0.0013162133982405066,-0.1081949919462204,0.0005769823910668492,-0.00016923125076573342,0.09560223668813705,0.41104114055633545,0.043917782604694366,-0.11786985397338867,0.38950246572494507,0.03567946329712868,0.1381433606147766,0.739218533039093,0.178583562374115,-0.11799167841672897,0.727090060710907,0.17422115802764893
26,-0.005817839410156012,-0.6258919835090637,-0.33538559079170227,0.14318402111530304,-0.5204948782920837,-0.16837520897388458,0.22821909189224243,-0.7467813491821289,-0.22364608943462372,-0.14770087599754333,-0.502554178237915,-0.1890021115541458,-0.27353033423423767,-0.6804261207580566,-0.2748112976551056,0.26158174872398376,-0.9720478057861328,-0.27999991178512573,-0.2795329689979553,-0.9028846621513367,-0.36125248670578003,0.1079626977443695,-0.0011185199255123734,0.002641323022544384,-0.1082400232553482,0.0005820603691972792,-0.0014863911783322692,0.09561460465192795,0.41160881519317627,0.043993283063173294,-0.11748358607292175,0.3895012140274048,0.03248126432299614,0.13819240033626556,0.739181399345398,0.18488134443759918,-0.1174280047416687,0.7238492369651794,0.17441925406455994
27,-0.005944337695837021,-0.6223843693733215,-0.336933970451355,0.1389264315366745,-0.5187721848487854,-0.16495007276535034,0.21973438560962677,-0.7448145747184753,-0.2185308039188385,-0.1483885496854782,-0.49659430980682373,-0.19666998088359833,-0.2735636234283447,-0.6750789880752563,-0.2913459837436676,0.2553097605705261,-0.9694762229919434,-0.27657222747802734,-0.2796402871608734,-0.8994962573051453,-0.3797900080680847,0.10797660052776337,-0.0014638256980106235,0.009153970517218113,-0.10825545340776443,0.0009208080009557307,-0.007942517288029194,0.095482736825943,0.41161757707595825,0.04924950376152992,-0.11801955848932266,0.38899290561676025,0.013185427524149418,0.1372576206922531,0.7353624105453491,0.18869195878505707,-0.12199202924966812,0.7229824066162109,0.15480279922485352
28,-0.004433862864971161,-0.622848629951477,-0.3327147960662842,0.14101511240005493,-0.5184327960014343,-0.16464316844940186,0.22127379477024078,-0.7446148991584778,-0.21954821050167084,-0.14723366498947144,-0.4967016875743866,-0.1884116232395172,-0.27188417315483093,-0.6751621961593628,-0.2774934470653534,0.2555229663848877,-0.9688253998756409,-0.2766483426094055,-0.27679064869880676,-0.8996289372444153,-0.3647672235965729,0.10803532600402832,-0.0015758649678900838,0.008629228919744492,-0.1083238273859024,0.001031144754961133,-0.007424558978527784,0.10100135207176208,0.4114108085632324,0.04896920919418335,-0.11801505088806152,0.3893702030181885,0.02249895967543125,0.14150398969650269,0.7352808713912964,0.19111302495002747,-0.11997083574533463,0.7228054404258728,0.16877715289592743
29,-0.008835789747536182,-0.6195529699325562,-0.33490750193595886,0.13754452764987946,-0.5164352059364319,-0.16833579540252686,0.21669313311576843,-0.7395710945129395,-0.22826418280601501,-0.14914396405220032,-0.49438121914863586,-0.1868162602186203,-0.2725816071033478,-0.6723358035087585,-0.2735908627510071,0.2475423961877823,-0.9618317484855652,-0.2879406213760376,-0.2796332538127899,-0.8990522027015686,-0.3605671525001526,0.1080515906214714,-0.0016155058983713388,0.008512132801115513,-0.10834129899740219,0.00106992747168988,-0.0073114666156470776,0.09949006885290146,0.4115082323551178,0.04496568441390991,-0.12231874465942383,0.38938525319099426,0.01987416297197342,0.14105089008808136,0.7352969646453857,0.18163999915122986,-0.12643980979919434,0.7250971794128418,0.15811887383460999
30,-0.005960147827863693,-0.618030846118927,-0.3439314067363739,0.14031560719013214,-0.5159463882446289,-0.17734387516975403,0.2205319106578827,-0.7414619326591492,-0.238358736038208,-0.14580637216567993,-0.49429115653038025,-0.19441631436347961,-0.26743337512016296,-0.6696830987930298,-0.2844383120536804,0.24841076135635376,-0.9664869904518127,-0.2966831624507904,-0.27675220370292664,-0.8963608741760254,-0.3792036473751068,0.10816386342048645,-0.0016410192474722862,0.007798853795975447,-0.10846773535013199,0.0010946403490379453,-0.006608631927520037,0.10637793689966202,0.41053465008735657,0.04471106827259064,-0.11874376237392426,0.3895072340965271,0.022480392828583717,0.15067742764949799,0.7338616847991943,0.18631795048713684,-0.1190980076789856,0.7246845364570618,0.16677697002887726
31,-0.010185671038925648,-0.6145405769348145,-0.34120872616767883,0.13921663165092468,-0.5164397358894348,-0.17104819416999817,0.22080741822719574,-0.7424198985099792,-0.21981623768806458,-0.14801661670207977,-0.49532267451286316,-0.1866866648197174,-0.2701866328716278,-0.6736236810684204,-0.2543945610523224,0.24926447868347168,-0.9662120342254639,-0.2737637460231781,-0.2766408324241638,-0.8993111252784729,-0.32998716831207275,0.10816926509141922,-0.0016420565079897642,0.007275742944329977,-0.10847333818674088,0.0010927101830020547,-0.0060781678184866905,0.10611215233802795,0.4105628728866577,0.04429639130830765,-0.11910255253314972,0.3895752727985382,0.025601759552955627,0.15013551712036133,0.7339228391647339,0.18347367644309998,-0.11905058473348618,0.724993109703064,0.16700045764446259
32,-0.008287495002150536,-0.6126569509506226,-0.35243088006973267,0.1395726352930069,-0.5145326256752014,-0.17848922312259674,0.22294972836971283,-0.7397642731666565,-0.2308247685432434,-0.14752326905727386,-0.4950913190841675,-0.20455408096313477,-0.2701300084590912,-0.6760683655738831,-0.2875206172466278,0.25193795561790466,-0.9622300267219543,-0.2892952263355255,-0.27658337354660034,-0.9036564826965332,-0.36594125628471375,0.10821142047643661,-0.0017012300668284297,0.007281749974936247,-0.10852605849504471,0.0011507434537634254,-0.006086375098675489,0.10580305755138397,0.4105287492275238,0.04128674045205116,-0.11690190434455872,0.3898480236530304,0.023311104625463486,0.1496124118566513,0.7348931431770325,0.17966848611831665,-0.1148495003581047,0.7249478101730347,0.16464726626873016
33,-0.008202425204217434,-0.6130749583244324,-0.34282445907592773,0.14045824110507965,-0.516919732093811,-0.1736709326505661,0.22443291544914246,-0.7412121891975403,-0.23015207052230835,-0.1470651924610138,-0.49595582485198975,-0.190398707985878,-0.26989850401878357,-0.6737948060035706,-0.28269335627555847,0.2521674335002899,-0.9623726606369019,-0.28908684849739075,-0.2760290801525116,-0.9029219746589661,-0.36429283022880554,0.10823147743940353,-0.0017312625423073769,0.006878624204546213,-0.10854499787092209,0.001183133339509368,-0.005681849084794521,0.1059049591422081,0.41014519333839417,0.039519377052783966,-0.11674492061138153,0.388807088136673,0.022298043593764305,0.1472957879304886,0.7348394989967346,0.17839717864990234,-0.11556877195835114,0.7210747599601746,0.16444139182567596
34,-0.008183198049664497,-0.6128649711608887,-0.33914291858673096,0.14050297439098358,-0.5178370475769043,-0.17009148001670837,0.2245796173810959,-0.7434175610542297,-0.22436368465423584,-0.147248774766922,-0.49765607714653015,-0.18436181545257568,-0.27106812596321106,-0.6762944459915161,-0.2591437101364136,0.25238171219825745,-0.9632164835929871,-0.2826482653617859,-0.2764832377433777,-0.9036106467247009,-0.3334389925003052,0.10827422142028809,-0.0017684238264337182,0.005879968870431185,-0.10858792066574097,0.0012207345571368933,-0.004690893460065126,0.10723576694726944,0.40879085659980774,0.036899589002132416,-0.11990471184253693,0.38880398869514465,0.02518552727997303,0.14803384244441986,0.7331017851829529,0.17706279456615448,-0.11860973387956619,0.7206255793571472,0.16693049669265747
35,-0.008143488317728043,-0.6098126769065857,-0.35358741879463196,0.14033758640289307,-0.5157150626182556,-0.18693168461322784,0.22476857900619507,-0.7429535388946533,-0.2532282769680023,-0.14723047614097595,-0.4966410994529724,-0.20026718080043793,-0.26834526658058167,-0.6681707501411438,-0.2896384000778198,0.2525830864906311,-0.9636155962944031,-0.3111533224582672,-0.2773791551589966,-0.8954979777336121,-0.38588273525238037,0.10834532976150513,-0.0017443248070776463,0.00505821593105793,-0.10866133868694305,0.0011960741830989718,-0.003859833348542452,0.10770376771688461,0.40842583775520325,0.03567913919687271,-0.12209036946296692,0.3878610134124756,0.025744082406163216,0.1479339450597763,0.7318522334098816,0.18003925681114197,-0.1216280609369278,0.7174304723739624,0.17217852175235748
36,-0.01080801896750927,-0.6093056797981262,-0.3524519205093384,0.13934771716594696,-0.5172276496887207,-0.18502618372440338,0.2248341143131256,-0.7430421710014343,-0.24619117379188538,-0.14913925528526306,-0.4969075918197632,-0.19754230976104736,-0.2737745940685272,-0.6681985259056091,-0.2797233462333679,0.2546420991420746,-0.9638974070549011,-0.30310502648353577,-0.2795996069908142,-0.8960388898849487,-0.3660624027252197,0.10839888453483582,-0.0017914802301675081,0.004959624260663986,-0.10871459543704987,0.0012403378495946527,-0.0037525442894548178,0.10732404887676239,0.40836969017982483,0.042354315519332886,-0.1215469017624855,0.38669320940971375,0.02679010108113289,0.1458372324705124,0.7255885601043701,0.19607892632484436,-0.12235190719366074,0.7114310264587402,0.17784740030765533
37,-0.010755019262433052,-0.611827552318573,-0.32226985692977905,0.1407402604818344,-0.5188906788825989,-0.1588182896375656,0.22480268776416779,-0.7416765689849854,-0.2227320671081543,-0.14852526783943176,-0.4969315230846405,-0.17304037511348724,-0.27363336086273193,-0.667920708656311,-0.2545781433582306,0.25474148988723755,-0.9634004831314087,-0.2795051038265228,-0.27987805008888245,-0.8969907164573669,-0.3359251022338867,0.10858148336410522,-0.0021692586597055197,0.007002206519246101,-0.10889926552772522,0.0016278022667393088,-0.005748503841459751,0.1084456816315651,0.408338338136673,0.04822255298495293,-0.12092205137014389,0.3846339285373688,0.010659324936568737,0.14581672847270966,0.7215512990951538,0.20522217452526093,-0.12340684980154037,0.7072446942329407,0.16107597947120667
38,-0.010854498483240604,-0.6118638515472412,-0.32278940081596375,0.14019350707530975,-0.5192885994911194,-0.1578701287508011,0.22524960339069366,-0.7425752282142639,-0.22314903140068054,-0.15097247064113617,-0.4966792166233063,-0.17351241409778595,-0.2788344919681549,-0.666138768196106,-0.25606000423431396,0.2597939074039459,-0.9640971422195435,-0.2859901785850525,-0.29148614406585693,-0.8951241374015808,-0.34118977189064026,0.10891630500555038,-0.002294411649927497,0.006994517054408789,-0.10923449695110321,0.0017649895744398236,-0.005746661685407162,0.11646462976932526,0.40508124232292175,0.04360238090157509,-0.13713066279888153,0.38053080439567566,0.005805827211588621,0.15527425706386566,0.7124893069267273,0.2036452293395996,-0.12937802076339722,0.699155867099762,0.16101233661174774
39,-0.0036138657014817,-0.6102703809738159,-0.3547123372554779,0.14514189958572388,-0.5144098997116089,-0.18859511613845825,0.23181486129760742,-0.7364736795425415,-0.2682957947254181,-0.14630869030952454,-0.49549537897109985,-0.21156816184520721,-0.2697630524635315,-0.6585679054260254,-0.31329619884490967,0.26803016662597656,-0.9627939462661743,-0.33491742610931396,-0.2893882989883423,-0.8898513317108154,-0.4050692021846771,0.10940401256084442,-0.002350892871618271,0.007204990368336439,-0.10976085811853409,0.0018222663784399629,-0.005948053207248449,0.12897777557373047,0.4004732668399811,0.03953726217150688,-0.13332870602607727,0.376216858625412,-0.01020773034542799,0.1618780642747879,0.7037153244018555,0.21199488639831543,-0.12408877164125443,0.6952696442604065,0.1500476598739624
40,-0.003771575167775154,-0.6096981763839722,-0.361335813999176,0.14483821392059326,-0.5138533711433411,-0.19644837081432343,0.23206007480621338,-0.7381118535995483,-0.27128955721855164,-0.14638963341712952,-0.4954851269721985,-0.2128547579050064,-0.27156102657318115,-0.6589617729187012,-0.3082593083381653,0.2699270248413086,-0.9676452875137329,-0.33587703108787537,-0.29487401247024536,-0.8898496627807617,-0.4041121304035187,0.10944605618715286,-0.0023747652303427458,0.006110228132456541,-0.10980366170406342,0.001846417086198926,-0.00488885585218668,0.1310051828622818,0.39649340510368347,0.03929242491722107,-0.1380152851343155,0.3763333559036255,0.003531860187649727,0.16920487582683563,0.6996660828590393,0.21092025935649872,-0.125955730676651,0.6958562731742859,0.16559545695781708
41,-0.00219928240403533,-0.614065945148468,-0.35515230894088745,0.1459387093782425,-0.5147361159324646,-0.19471044838428497,0.23461002111434937,-0.7440358400344849,-0.269281804561615,-0.14380653202533722,-0.49819818139076233,-0.21223199367523193,-0.2681538462638855,-0.6665322184562683,-0.29139405488967896,0.27021029591560364,-0.974811851978302,-0.33082717657089233,-0.2939867675304413,-0.8973424434661865,-0.36305588483810425,0.10953651368618011,-0.0023289350792765617,0.00563634792342782,-0.10991425067186356,0.0018099250737577677,-0.00446026585996151,0.14239056408405304,0.3829924762248993,0.030793337151408195,-0.1487683355808258,0.36216893792152405,-0.004601817112416029,0.17594872415065765,0.6790964603424072,0.21752233803272247,-0.12605617940425873,0.6708042621612549,0.16939985752105713
42,-0.006516456138342619,-0.6160886287689209,-0.33807775378227234,0.14588332176208496,-0.5173782110214233,-0.18696819245815277,0.23419785499572754,-0.7447269558906555,-0.2603953182697296,-0.14405405521392822,-0.5028162002563477,-0.1936299353837967,-0.26825854182243347,-0.6898719668388367,-0.2551872730255127,0.2656446695327759,-0.9744811058044434,-0.3199959993362427,-0.29351651668548584,-0.929815411567688,-0.32042813301086426,0.11022927612066269,-0.0023759903851896524,0.005609623622149229,-0.11062189936637878,0.0018582867924124002,-0.0044340514577925205,0.15457257628440857,0.3689459562301636,0.029181135818362236,-0.1618475317955017,0.3421553373336792,-0.0342988558113575,0.19065076112747192,0.64193195104599,0.2543013095855713,-0.12595506012439728,0.6402700543403625,0.16276685893535614
43,-0.005451163277029991,-0.616924524307251,-0.3384222090244293,0.14583204686641693,-0.5171304941177368,-0.1864258348941803,0.23613233864307404,-0.7466042041778564,-0.2537137567996979,-0.14388655126094818,-0.5027039647102356,-0.19687969982624054,-0.2687717378139496,-0.6874019503593445,-0.25851309299468994,0.2677968740463257,-0.9770826697349548,-0.30172279477119446,-0.29335764050483704,-0.9255852699279785,-0.3289024829864502,0.11033645272254944,-0.0022775542456656694,0.005017055664211512,-0.11074191331863403,0.0017787872347980738,-0.003842392470687628,0.15476572513580322,0.35492199659347534,0.01218324899673462,-0.18842853605747223,0.3042552173137665,-0.09261451661586761,0.205941841006279,0.6186442375183105,0.24983598291873932,-0.12545964121818542,0.5953727960586548,0.10939650982618332
44,-0.004982174839824438,-0.6197333335876465,-0.3276543915271759,0.14643265306949615,-0.5171416997909546,-0.17839382588863373,0.23782789707183838,-0.7491468787193298,-0.2336135357618332,-0.1426289677619934,-0.5020354390144348,-0.1900353878736496,-0.2688439190387726,-0.6809200048446655,-0.25245213508605957,0.26886704564094543,-0.9851012825965881,-0.27202507853507996,-0.29241108894348145,-0.9243616461753845,-0.3186649680137634,0.1106589213013649,-0.0022685618605464697,0.004985158797353506,-0.11108303815126419,0.0017754141008481383,-0.0038064131513237953,0.15785163640975952,0.34455227851867676,0.008816754445433617,-0.19587497413158417,0.29152560234069824,-0.11838278919458389,0.21398507058620453,0.5975424647331238,0.2630139887332916,-0.1239107996225357,0.5765330195426941,0.0864398181438446
45,-0.00496714748442173,-0.6211041212081909,-0.32375434041023254,0.14949746429920197,-0.516934871673584,-0.1769963949918747,0.23913787305355072,-0.7496773600578308,-0.2312038540840149,-0.13781100511550903,-0.5011383295059204,-0.18261194229125977,-0.270904004573822,-0.6774613261222839,-0.24134662747383118,0.26918795704841614,-0.9867303371429443,-0.26810526847839355,-0.2930440306663513,-0.9238708019256592,-0.3050902485847473,0.11135591566562653,-0.0016922185895964503,0.003805660642683506,-0.11179476231336594,0.0012167100794613361,-0.0026069977320730686,0.16052715480327606,0.3393254578113556,0.006997149437665939,-0.2095995545387268,0.27539920806884766,-0.14411289989948273,0.21632008254528046,0.5809195041656494,0.28640785813331604,-0.12551724910736084,0.5597264766693115,0.06334854662418365
46,-0.007556846830993891,-0.6257068514823914,-0.2965036630630493,0.1508324146270752,-0.5176249742507935,-0.1533603072166443,0.23989877104759216,-0.7514270544052124,-0.20493362843990326,-0.1377168595790863,-0.5019944906234741,-0.1503564864397049,-0.271066814661026,-0.681593120098114,-0.20156978070735931,0.2691705524921417,-0.9895470142364502,-0.23734930157661438,-0.2930727005004883,-0.9293349385261536,-0.26523861289024353,0.112479567527771,-0.0007161686080507934,0.002815758343786001,-0.11288384348154068,0.0002644084161147475,-0.0015789917670190334,0.16699063777923584,0.33004575967788696,-0.047733601182699203,-0.22276373207569122,0.2585102915763855,-0.1695583313703537,0.21383219957351685,0.5627676248550415,0.24578702449798584,-0.13098281621932983,0.5336203575134277,0.05225280299782753
47,-0.003314415691420436,-0.6270583271980286,-0.28755199909210205,0.1542406976222992,-0.5162428021430969,-0.13918153941631317,0.24626889824867249,-0.750531017780304,-0.19230833649635315,-0.13751576840877533,-0.5014814734458923,-0.144057959318161,-0.27188876271247864,-0.6812607645988464,-0.193140909075737,0.27928754687309265,-0.9893994927406311,-0.22942283749580383,-0.295788049697876,-0.9288764595985413,-0.24859082698822021,0.11353401839733124,-0.0001225893502123654,0.0030800921376794577,-0.11388121545314789,-0.00029192009242251515,-0.0018158190650865436,0.16849271953105927,0.31179079413414,-0.17283286154270172,-0.22383449971675873,0.24359361827373505,-0.2522903382778168,0.20118090510368347,0.5302903652191162,0.10682583600282669,-0.13051609694957733,0.5008370876312256,0.009648732841014862
48,-0.0006315363571047783,-0.6267276406288147,-0.2883144021034241,0.15721680223941803,-0.5148881077766418,-0.13936755061149597,0.24602089822292328,-0.7447100281715393,-0.18903322517871857,-0.13729344308376312,-0.4991176128387451,-0.14315281808376312,-0.27272820472717285,-0.6698494553565979,-0.19251781702041626,0.2810438275337219,-0.9876798391342163,-0.22131727635860443,-0.29692763090133667,-0.9188624024391174,-0.25116562843322754,0.11576607823371887,0.00018725008703768253,0.0028709217440336943,-0.11603683233261108,-0.0005915967049077153,-0.0015690205618739128,0.17339488863945007,0.3175889253616333,-0.11609196662902832,-0.2384561002254486,0.25100553035736084,-0.24472926557064056,0.1970704346895218,0.5305969715118408,0.17963473498821259,-0.1376967579126358,0.49568480253219604,0.020132996141910553
49,0.0008803706150501966,-0.6285648941993713,-0.28969138860702515,0.1608213186264038,-0.514015257358551,-0.1411910355091095,0.24590319395065308,-0.7384706139564514,-0.19192048907279968,-0.13726189732551575,-0.49908918142318726,-0.14295074343681335,-0.27326500415802,-0.6650277376174927,-0.19409802556037903,0.2817564010620117,-0.983578085899353,-0.22498062252998352,-0.2977535128593445,-0.9124762415885925,-0.2572816014289856,0.11758899688720703,0.0005334086017683148,0.002693700371310115,-0.11783989518880844,-0.0009402429568581283,-0.0013832200784236193,0.1786922663450241,0.31711989641189575,-0.10110758244991302,-0.2413792908191681,0.25112026929855347,-0.23233766853809357,0.19493386149406433,0.521769106388092,0.21483859419822693,-0.13951994478702545,0.4947996437549591,0.024110116064548492
50,0.0028047123923897743,-0.6281262040138245,-0.2900514006614685,0.16383343935012817,-0.511677622795105,-0.14132241904735565,0.24874672293663025,-0.7351998090744019,-0.19368502497673035,-0.13536272943019867,-0.4988912343978882,-0.13936109840869904,-0.272419810295105,-0.6649062037467957,-0.18498805165290833,0.2885739207267761,-0.9795536994934082,-0.22934778034687042,-0.2982572019100189,-0.9137832522392273,-0.24259549379348755,0.11811944097280502,0.000995506183244288,0.0026884081307798624,-0.11835809797048569,-0.0013867795933037996,-0.0013717019464820623,0.1792992800474167,0.29286956787109375,-0.21730849146842957,-0.24501599371433258,0.2357516884803772,-0.2641773521900177,0.19238702952861786,0.4996141791343689,0.07328987121582031,-0.13974368572235107,0.4707145392894745,0.014520914293825626
51,0.004408239386975765,-0.6280478239059448,-0.29029643535614014,0.1641032099723816,-0.5092159509658813,-0.14173085987567902,0.24910062551498413,-0.7347885370254517,-0.19474390149116516,-0.13556590676307678,-0.49651938676834106,-0.14031827449798584,-0.27521154284477234,-0.6629480123519897,-0.18713177740573883,0.28980761766433716,-0.9799491763114929,-0.23074793815612793,-0.30164456367492676,-0.9136367440223694,-0.24166759848594666,0.11841382831335068,0.0013021508930251002,0.002882651286199689,-0.11864182353019714,-0.0016827995423227549,-0.0015592576237395406,0.1783144176006317,0.28119346499443054,-0.255973756313324,-0.2453884333372116,0.21506163477897644,-0.2982568144798279,0.17843899130821228,0.4794808030128479,0.04038054123520851,-0.13533830642700195,0.4459674060344696,-0.008572690188884735
52,0.0016263570869341493,-0.6289806962013245,-0.2770021855831146,0.16379384696483612,-0.5116780996322632,-0.13286995887756348,0.24858112633228302,-0.7361655831336975,-0.1881900280714035,-0.13711921870708466,-0.49679115414619446,-0.12755943834781647,-0.28100600838661194,-0.66298508644104,-0.17229920625686646,0.29025277495384216,-0.9821808934211731,-0.22736254334449768,-0.3044850528240204,-0.913256049156189,-0.22472624480724335,0.11853425949811935,0.0014292781706899405,0.0028382495511323214,-0.11875732988119125,-0.001804507919587195,-0.0015080124139785767,0.17872318625450134,0.27640193700790405,-0.23183760046958923,-0.24871398508548737,0.20834994316101074,-0.29110050201416016,0.1761361062526703,0.4663708508014679,0.06452587991952896,-0.13187219202518463,0.44429340958595276,-0.008044304326176643
53,0.0017769701080396771,-0.6304961442947388,-0.2755647301673889,0.16712306439876556,-0.5113492608070374,-0.13370490074157715,0.25295490026474,-0.7343863248825073,-0.20376767218112946,-0.13664694130420685,-0.4967900514602661,-0.1275785118341446,-0.2809029519557953,-0.6645491719245911,-0.17347857356071472,0.297529399394989,-0.978563129901886,-0.254351943731308,-0.3043915331363678,-0.9155634045600891,-0.23052680492401123,0.11867088079452515,0.0017553148791193962,0.0028540913481265306,-0.11888130009174347,-0.002114984905347228,-0.0015225509414449334,0.1843881458044052,0.2390923947095871,-0.2953947186470032,-0.24816076457500458,0.17553454637527466,-0.3173213303089142,0.17571328580379486,0.4247003495693207,-0.013226517476141453,-0.1275681108236313,0.41668832302093506,-0.05156063660979271
54,0.0023622384760528803,-0.6352302432060242,-0.26255345344543457,0.16698303818702698,-0.5113770365715027,-0.12239383906126022,0.2563304901123047,-0.7370230555534363,-0.1841166615486145,-0.13694462180137634,-0.4968241751194,-0.12207918614149094,-0.28087079524993896,-0.6655161380767822,-0.17432691156864166,0.3058456480503082,-0.9830767512321472,-0.22295750677585602,-0.304312139749527,-0.915526270866394,-0.22866152226924896,0.11869943886995316,0.0019374396651983261,0.003250833135098219,-0.11890461295843124,-0.002284503309056163,-0.0018987316871061921,0.17605866491794586,0.20492784678936005,-0.30227214097976685,-0.24711664021015167,0.15257032215595245,-0.32348546385765076,0.17380352318286896,0.402885764837265,-0.024054404348134995,-0.12758532166481018,0.3895946145057678,-0.06069938838481903
55,0.001307093072682619,-0.6342294812202454,-0.2609185576438904,0.16674759984016418,-0.5106715559959412,-0.11995998024940491,0.2571825683116913,-0.7354989647865295,-0.18482200801372528,-0.13917700946331024,-0.4958442747592926,-0.12100746482610703,-0.28376924991607666,-0.6647301316261292,-0.17524518072605133,0.3148065507411957,-0.9821051359176636,-0.22450128197669983,-0.31173962354660034,-0.9154541492462158,-0.22864428162574768,0.11911601573228836,0.002222031122073531,0.0036015938967466354,-0.11926547437906265,-0.0025600818917155266,-0.00222207373008132,0.1890954077243805,0.17883867025375366,-0.33558008074760437,-0.2518261671066284,0.11977077275514603,-0.3358050584793091,0.170290008187294,0.37739861011505127,-0.07163381576538086,-0.12922348082065582,0.35686594247817993,-0.08987011015415192
56,-0.0025750792119652033,-0.6331372857093811,-0.25177058577537537,0.1655004918575287,-0.5112404227256775,-0.1142829954624176,0.2506885826587677,-0.7326593995094299,-0.18394000828266144,-0.14202667772769928,-0.4953218400478363,-0.11201649159193039,-0.29191815853118896,-0.6615038514137268,-0.17059096693992615,0.30672144889831543,-0.9793561100959778,-0.2254701405763626,-0.3153749108314514,-0.914082407951355,-0.22335559129714966,0.11945033818483353,0.0026123598217964172,0.003584319958463311,-0.11956921219825745,-0.002953634597361088,-0.0021877125836908817,0.18589122593402863,0.16617491841316223,-0.3377940058708191,-0.2639049291610718,0.0976383313536644,-0.33607786893844604,0.1657879501581192,0.3676994740962982,-0.0744868814945221,-0.14217273890972137,0.34426891803741455,-0.09596435725688934
57,-0.003267616033554077,-0.6327134370803833,-0.24745647609233856,0.16451551020145416,-0.5120956301689148,-0.11031307280063629,0.25011178851127625,-0.7307589054107666,-0.184198260307312,-0.14495669305324554,-0.4941611588001251,-0.10568293184041977,-0.3007141649723053,-0.6491026282310486,-0.16916856169700623,0.30651235580444336,-0.9727484583854675,-0.23705412447452545,-0.32648584246635437,-0.9032486081123352,-0.2241455465555191,0.11994406580924988,0.0030967912171036005,0.0034927555825561285,-0.12003233283758163,-0.0034534521400928497,-0.0020734912250190973,0.18159954249858856,0.16454918682575226,-0.3359260857105255,-0.2642213702201843,0.07148919254541397,-0.3362916111946106,0.15899129211902618,0.3325282633304596,-0.05377376079559326,-0.14505529403686523,0.3290887176990509,-0.09015234559774399
58,-0.003341707866638899,-0.6298978328704834,-0.2316518872976303,0.16341856122016907,-0.51334148645401,-0.0908169373869896,0.25017011165618896,-0.7308141589164734,-0.15642257034778595,-0.1480700671672821,-0.49307671189308167,-0.0922420471906662,-0.3048321604728699,-0.6406345963478088,-0.15443167090415955,0.3072625398635864,-0.9740880131721497,-0.2066544145345688,-0.33117011189460754,-0.8947863578796387,-0.2120855748653412,0.12060556560754776,0.003156136954203248,0.003645024262368679,-0.1206490769982338,-0.003511979477480054,-0.002197959925979376,0.18091128766536713,0.15041159093379974,-0.33263057470321655,-0.26952266693115234,0.07354134321212769,-0.3406694233417511,0.15965257585048676,0.3340452313423157,-0.058173950761556625,-0.15331579744815826,0.3299442231655121,-0.09111843258142471
59,-0.007117444649338722,-0.6301994919776917,-0.20560945570468903,0.15979644656181335,-0.5168105959892273,-0.06425485014915466,0.2520742416381836,-0.7291347980499268,-0.12313969433307648,-0.15506818890571594,-0.49161049723625183,-0.0619194321334362,-0.31548094749450684,-0.6332135796546936,-0.11139288544654846,0.3082629442214966,-0.9736418724060059,-0.17530761659145355,-0.34635236859321594,-0.892784595489502,-0.16867871582508087,0.12100407481193542,0.003223130013793707,0.0029106277506798506,-0.1209920197725296,-0.0035779899917542934,-0.0014042251277714968,0.16715805232524872,0.1253785789012909,-0.3399156928062439,-0.27809780836105347,0.06132487207651138,-0.3395216464996338,0.15791451930999756,0.32488566637039185,-0.07245029509067535,-0.15823839604854584,0.31755387783050537,-0.08963173627853394
60,-0.004368179012089968,-0.6110133528709412,-0.23180563747882843,0.16297850012779236,-0.5121785402297974,-0.06783559173345566,0.27395424246788025,-0.6831445097923279,-0.14655041694641113,-0.15469695627689362,-0.48880070447921753,-0.07863367348909378,-0.3176632523536682,-0.6078290343284607,-0.12370794266462326,0.32124510407447815,-0.9252610206604004,-0.23512408137321472,-0.3436164855957031,-0.8606520891189575,-0.174573615193367,0.12119260430335999,0.0030439049005508423,0.0028593065217137337,-0.12119926512241364,-0.003382801776751876,-0.0013662884011864662,0.18869291245937347,0.1369580179452896,-0.3365094065666199,-0.2738613188266754,0.07411972433328629,-0.3386519253253937,0.16270802915096283,0.3331644535064697,-0.055127572268247604,-0.15724103152751923,0.32272574305534363,-0.039632052183151245
61,-0.004406342748552561,-0.6101386547088623,-0.23252183198928833,0.16405580937862396,-0.5106918811798096,-0.06974632292985916,0.28991010785102844,-0.663597047328949,-0.14316420257091522,-0.1546201854944229,-0.48893147706985474,-0.07951358705759048,-0.3217257559299469,-0.6086943745613098,-0.11921730637550354,0.3326340317726135,-0.9096632599830627,-0.23122219741344452,-0.3515525758266449,-0.8566901087760925,-0.17119954526424408,0.12126712501049042,0.0029346647206693888,0.0029938057996332645,-0.12127280235290527,-0.0032623622100800276,-0.0015212061116471887,0.2122361660003662,0.1385374367237091,-0.33484429121017456,-0.273142009973526,0.09358492493629456,-0.3396322727203369,0.16767603158950806,0.33527177572250366,-0.053326740860939026,-0.15759722888469696,0.32604703307151794,-0.043624769896268845
62,-0.0019968280103057623,-0.6106389164924622,-0.22921177744865417,0.16670607030391693,-0.5106415152549744,-0.06681390106678009,0.29731041193008423,-0.6718972325325012,-0.13764937222003937,-0.15409594774246216,-0.4891570210456848,-0.07642403244972229,-0.3250577747821808,-0.6095367074012756,-0.11653712391853333,0.3485029637813568,-0.9181807041168213,-0.2209077626466751,-0.3593691885471344,-0.8539621829986572,-0.1700146198272705,0.12142950296401978,0.0029980153776705265,0.0033385194838047028,-0.12141968309879303,-0.003321936121210456,-0.0018869314808398485,0.22499121725559235,0.14381569623947144,-0.33580657839775085,-0.27195602655410767,0.09221230447292328,-0.3484826385974884,0.17357473075389862,0.33870258927345276,-0.06802379339933395,-0.15652509033679962,0.3279763162136078,-0.06464076042175293
63,0.002940776525065303,-0.606887698173523,-0.2293466180562973,0.1710510551929474,-0.5100958347320557,-0.06681712716817856,0.3058420419692993,-0.6746581792831421,-0.1325232982635498,-0.14981868863105774,-0.4892558753490448,-0.07465248554944992,-0.324627161026001,-0.6092144250869751,-0.10892711579799652,0.35935765504837036,-0.9213355779647827,-0.20947375893592834,-0.35849007964134216,-0.853273332118988,-0.16265374422073364,0.12149050086736679,0.0034783869050443172,0.003428742289543152,-0.12148112803697586,-0.0038013821467757225,-0.0019909667316824198,0.23245209455490112,0.14514495432376862,-0.337960422039032,-0.25928980112075806,0.07990261912345886,-0.3597075045108795,0.17827045917510986,0.3398534953594208,-0.07389817386865616,-0.15544894337654114,0.32851332426071167,-0.08809595555067062
64,0.003142287489026785,-0.6058313846588135,-0.23545756936073303,0.1713065505027771,-0.5080879926681519,-0.0732232853770256,0.30706048011779785,-0.6751180291175842,-0.1394757181406021,-0.14958147704601288,-0.4888942241668701,-0.07767263799905777,-0.3260040283203125,-0.606513500213623,-0.11067134886980057,0.36025965213775635,-0.9216820597648621,-0.2148335725069046,-0.36102262139320374,-0.8505132794380188,-0.16905802488327026,0.12154079228639603,0.0036341070663183928,0.003425115952268243,-0.12153060734272003,-0.003950127400457859,-0.001992846606299281,0.22281783819198608,0.15026436746120453,-0.3423502743244171,-0.25513508915901184,0.08135239034891129,-0.35830172896385193,0.1772572249174118,0.34316375851631165,-0.0721580982208252,-0.15474514663219452,0.32909634709358215,-0.08062199503183365
65,0.009274427779018879,-0.5976766347885132,-0.2643040418624878,0.17440170049667358,-0.5059468150138855,-0.09136132150888443,0.31837329268455505,-0.6787422895431519,-0.1478874534368515,-0.14827176928520203,-0.487842857837677,-0.10183077305555344,-0.32733044028282166,-0.6072474718093872,-0.13120006024837494,0.3708394169807434,-0.9278743863105774,-0.2173829972743988,-0.3647051155567169,-0.8517278432846069,-0.18930120766162872,0.12159009277820587,0.0036865773145109415,0.003997669089585543,-0.12157868593931198,-0.004001461435109377,-0.0025981198996305466,0.2250387966632843,0.16675464808940887,-0.33808836340904236,-0.24457481503486633,0.0891270786523819,-0.3682500720024109,0.1772715002298355,0.35826125741004944,-0.0583537332713604,-0.15170122683048248,0.34410321712493896,-0.08521626889705658
66,0.010051699355244637,-0.5982199907302856,-0.2624830901622772,0.17468787729740143,-0.505372941493988,-0.09446387737989426,0.3171271085739136,-0.6885917782783508,-0.15082813799381256,-0.14835618436336517,-0.48693811893463135,-0.1054031103849411,-0.3286677896976471,-0.6077591776847839,-0.14546743035316467,0.3712525963783264,-0.9380887150764465,-0.21532292664051056,-0.3666653633117676,-0.8520172238349915,-0.2001482993364334,0.12169607728719711,0.0037856120616197586,0.004133618902415037,-0.12168724834918976,-0.004095957148820162,-0.0027491662185639143,0.20339630544185638,0.16800041496753693,-0.34367144107818604,-0.24525025486946106,0.0916394367814064,-0.3675721287727356,0.1714341640472412,0.3594483435153961,-0.0585264191031456,-0.15052762627601624,0.34398868680000305,-0.08457385748624802
67,0.01397286169230938,-0.5949755907058716,-0.2830566167831421,0.17724654078483582,-0.5033100247383118,-0.11595012992620468,0.3178645074367523,-0.6965136528015137,-0.17459683120250702,-0.14620482921600342,-0.4863514006137848,-0.1300150752067566,-0.324654757976532,-0.6102564930915833,-0.1749463975429535,0.3749961853027344,-0.9446836113929749,-0.23193252086639404,-0.3663482666015625,-0.854376494884491,-0.22837524116039276,0.1217399537563324,0.003806792665272951,0.004464822355657816,-0.1217295452952385,-0.004114182200282812,-0.0031015677377581596,0.20365600287914276,0.16852684319019318,-0.34288814663887024,-0.24220876395702362,0.10210593044757843,-0.3690684735774994,0.17220328748226166,0.3612719476222992,-0.052793461829423904,-0.1478884369134903,0.34407907724380493,-0.08145502954721451
68,0.01995410956442356,-0.5941637754440308,-0.2815673351287842,0.1811925321817398,-0.5028385519981384,-0.11527623236179352,0.32060036063194275,-0.7094852924346924,-0.1724224090576172,-0.14249089360237122,-0.48716554045677185,-0.12909138202667236,-0.31182509660720825,-0.6267968416213989,-0.17097415030002594,0.3807874023914337,-0.9596843719482422,-0.22947856783866882,-0.3562014102935791,-0.870430588722229,-0.2231362760066986,0.12186934053897858,0.0038254207465797663,0.0047493260353803635,-0.12185591459274292,-0.0041310773231089115,-0.0033815798815339804,0.2039281129837036,0.17071771621704102,-0.3425034284591675,-0.24262002110481262,0.11949336528778076,-0.36956676840782166,0.1735660433769226,0.3693467080593109,-0.05157117545604706,-0.14465461671352386,0.3506828546524048,-0.07974017411470413
69,0.02112654037773609,-0.5943989157676697,-0.2796138823032379,0.18160879611968994,-0.5030879378318787,-0.11424717307090759,0.32020244002342224,-0.7152570486068726,-0.16866593062877655,-0.14195460081100464,-0.4891347885131836,-0.1264711171388626,-0.31066396832466125,-0.6377537250518799,-0.16650821268558502,0.3837219178676605,-0.9642562866210938,-0.22519735991954803,-0.3547064960002899,-0.8837676048278809,-0.21451956033706665,0.12194780260324478,0.0038888871204108,0.005101081449538469,-0.12192906439304352,-0.004191924352198839,-0.0037175207398831844,0.2216302454471588,0.1777866631746292,-0.3291775584220886,-0.2429128885269165,0.11772216856479645,-0.3655736446380615,0.17909201979637146,0.37313830852508545,-0.04832173511385918,-0.14227157831192017,0.3503631055355072,-0.07584664970636368
70,0.02135395258665085,-0.5945953130722046,-0.2780449092388153,0.18175069987773895,-0.5030376315116882,-0.11541854590177536,0.3178095817565918,-0.7208518385887146,-0.17320676147937775,-0.13985319435596466,-0.48926278948783875,-0.12710446119308472,-0.3057031035423279,-0.6366507411003113,-0.16971473395824432,0.3827701210975647,-0.9719641804695129,-0.22687436640262604,-0.35467708110809326,-0.8836003541946411,-0.22138145565986633,0.12195950001478195,0.004141686949878931,0.005199126433581114,-0.12194082140922546,-0.004432490095496178,-0.0038157158996909857,0.21900002658367157,0.1774841845035553,-0.32753410935401917,-0.24355600774288177,0.11668502539396286,-0.3624933660030365,0.17804761230945587,0.372925341129303,-0.04565679654479027,-0.1438598334789276,0.34795433282852173,-0.06876729428768158
71,0.0212105605751276,-0.5967873930931091,-0.2720327079296112,0.1816943883895874,-0.5032138824462891,-0.11477816849946976,0.31412652134895325,-0.7241422533988953,-0.17240704596042633,-0.1395336389541626,-0.49088340997695923,-0.12620893120765686,-0.30332744121551514,-0.6408173441886902,-0.16855540871620178,0.38123899698257446,-0.9749557971954346,-0.22584180533885956,-0.35318663716316223,-0.8866803646087646,-0.2205386608839035,0.12199689447879791,0.004481509793549776,0.0053077442571520805,-0.12197577953338623,-0.004766450729221106,-0.003922531381249428,0.22304756939411163,0.17729580402374268,-0.3276194632053375,-0.24371960759162903,0.11072298884391785,-0.3624374270439148,0.17767982184886932,0.3720748722553253,-0.04623148962855339,-0.14190135896205902,0.34387412667274475,-0.0702088251709938
72,0.021991653367877007,-0.5956948399543762,-0.27681875228881836,0.18165205419063568,-0.5017886161804199,-0.11864323914051056,0.3076868951320648,-0.723063051700592,-0.17854946851730347,-0.13801445066928864,-0.4911484718322754,-0.13278791308403015,-0.29379650950431824,-0.6421023011207581,-0.17989017069339752,0.3796617090702057,-0.973985493183136,-0.22848555445671082,-0.3472159206867218,-0.888961672782898,-0.22836452722549438,0.12203938513994217,0.004547568969428539,0.006032225210219622,-0.12202008068561554,-0.004833177663385868,-0.004668051842600107,0.2267291247844696,0.16372336447238922,-0.32957059144973755,-0.24053749442100525,0.112106554210186,-0.3655625581741333,0.1753568947315216,0.36039191484451294,-0.049438200891017914,-0.13415586948394775,0.32915300130844116,-0.06628038734197617
73,0.02035214565694332,-0.5953767895698547,-0.2777387797832489,0.18079333007335663,-0.5008339285850525,-0.12163177132606506,0.29776427149772644,-0.7183475494384766,-0.18592329323291779,-0.13624240458011627,-0.4914183020591736,-0.13454309105873108,-0.2864242196083069,-0.643105149269104,-0.182167187333107,0.3725073039531708,-0.970045804977417,-0.23910142481327057,-0.34271565079689026,-0.8917088508605957,-0.23072212934494019,0.12197831273078918,0.004775318782776594,0.006382836028933525,-0.12195657193660736,-0.005045467521995306,-0.005018343683332205,0.22627414762973785,0.16169880330562592,-0.32956305146217346,-0.24011081457138062,0.11315976828336716,-0.3634245991706848,0.17003127932548523,0.36225372552871704,-0.05403676629066467,-0.13437582552433014,0.32177209854125977,-0.06182621419429779
74,0.01880623772740364,-0.5985433459281921,-0.28992190957069397,0.17819662392139435,-0.49836573004722595,-0.13640880584716797,0.28833824396133423,-0.7181439995765686,-0.20176930725574493,-0.13612045347690582,-0.49141523241996765,-0.14967191219329834,-0.2836023271083832,-0.6465349197387695,-0.20133590698242188,0.3627188801765442,-0.9704259634017944,-0.24954208731651306,-0.34431809186935425,-0.8925539255142212,-0.25307536125183105,0.12185847759246826,0.004932617302983999,0.006817427463829517,-0.12183713912963867,-0.005197467282414436,-0.005446958355605602,0.22138969600200653,0.16173407435417175,-0.33199453353881836,-0.23775161802768707,0.11406157910823822,-0.36355364322662354,0.16319645941257477,0.3636090159416199,-0.05919865146279335,-0.13316553831100464,0.32140353322029114,-0.0659179836511612
75,0.019007233902812004,-0.6069048643112183,-0.2892325520515442,0.17807036638259888,-0.4996764361858368,-0.1341973841190338,0.2861410677433014,-0.7255740761756897,-0.19897301495075226,-0.13581493496894836,-0.4941556751728058,-0.14781200885772705,-0.28087660670280457,-0.6553162932395935,-0.19933858513832092,0.3611884117126465,-0.9815739393234253,-0.24517834186553955,-0.34454235434532166,-0.8978748321533203,-0.2519923448562622,0.12183825671672821,0.005106597673147917,0.006986221764236689,-0.12181790918111801,-0.005371028557419777,-0.0056089372374117374,0.22557829320430756,0.16820849478244781,-0.326017826795578,-0.23968151211738586,0.11794467270374298,-0.3571692705154419,0.16426406800746918,0.36377400159835815,-0.05381079018115997,-0.13329724967479706,0.3219875991344452,-0.05739706754684448
76,0.018987776711583138,-0.610384464263916,-0.2882347106933594,0.17704464495182037,-0.5000367164611816,-0.1330646276473999,0.28190046548843384,-0.7272440791130066,-0.19722433388233185,-0.13557730615139008,-0.4949217438697815,-0.14729008078575134,-0.28071653842926025,-0.657638430595398,-0.20182320475578308,0.3592536747455597,-0.9831469058990479,-0.24242161214351654,-0.3446660339832306,-0.8990999460220337,-0.2559658885002136,0.1218094676733017,0.005218587815761566,0.0071770185604691505,-0.12179291248321533,-0.005478308070451021,-0.005803717765957117,0.22556856274604797,0.1702975034713745,-0.32369425892829895,-0.23964618146419525,0.11969461292028427,-0.35316887497901917,0.165900319814682,0.36503517627716064,-0.051845915615558624,-0.13422253727912903,0.321948379278183,-0.052281998097896576
77,0.019871385768055916,-0.6110963821411133,-0.2879314422607422,0.17694945633411407,-0.5000558495521545,-0.13236252963542938,0.2811221778392792,-0.7271273732185364,-0.1961381584405899,-0.13534389436244965,-0.4959764778614044,-0.1469195932149887,-0.2799874246120453,-0.6622403264045715,-0.20348341763019562,0.358393132686615,-0.9832393527030945,-0.2398654967546463,-0.34346023201942444,-0.903897762298584,-0.25758659839630127,0.1217963695526123,0.005345379002392292,0.007457410916686058,-0.12178139388561249,-0.005606044549494982,-0.006086447741836309,0.22611188888549805,0.1713075190782547,-0.32081660628318787,-0.23586970567703247,0.1175951361656189,-0.35336607694625854,0.166035994887352,0.36478474736213684,-0.05056251958012581,-0.13257673382759094,0.32187843322753906,-0.056343961507081985
78,0.020134849473834038,-0.6086133718490601,-0.2960164248943329,0.176683247089386,-0.49769216775894165,-0.14116568863391876,0.2815932631492615,-0.7265977263450623,-0.20846548676490784,-0.13538505136966705,-0.4948127567768097,-0.15666595101356506,-0.2786799371242523,-0.661689281463623,-0.2118925154209137,0.35587579011917114,-0.9830563068389893,-0.251958966255188,-0.3407323360443115,-0.9045301079750061,-0.26154690980911255,0.121797114610672,0.0053990730084478855,0.007596415001899004,-0.12178224325180054,-0.005658862646669149,-0.006230020429939032,0.2224561870098114,0.16613225638866425,-0.3289662301540375,-0.2305465042591095,0.10940484702587128,-0.36561325192451477,0.16043052077293396,0.3587287366390228,-0.05577567592263222,-0.12221543490886688,0.31340476870536804,-0.06861148774623871
79,0.01579030603170395,-0.6078161597251892,-0.3114975094795227,0.17182253301143646,-0.4945518374443054,-0.15700362622737885,0.26957041025161743,-0.727038562297821,-0.23157308995723724,-0.1354416310787201,-0.490447461605072,-0.1705041229724884,-0.2771880328655243,-0.6598395109176636,-0.22406283020973206,0.340570867061615,-0.9846276044845581,-0.2746528685092926,-0.3459104299545288,-0.9033322930335999,-0.274147629737854,0.12174371629953384,0.005537046585232019,0.007637041620910168,-0.12172591686248779,-0.0058005875907838345,-0.006260308437049389,0.21966618299484253,0.16853690147399902,-0.3416288495063782,-0.23939694464206696,0.10697336494922638,-0.3639286458492279,0.15142029523849487,0.3658458888530731,-0.06503020972013474,-0.1333712935447693,0.3167989253997803,-0.07396917790174484
80,0.014607450924813747,-0.6067752838134766,-0.3158900737762451,0.17149114608764648,-0.4940339922904968,-0.15988005697727203,0.2699230909347534,-0.7291327118873596,-0.23098443448543549,-0.13564975559711456,-0.48848602175712585,-0.17315931618213654,-0.27749332785606384,-0.6600302457809448,-0.22447167336940765,0.3385699689388275,-0.9860208034515381,-0.2717925012111664,-0.3458418548107147,-0.9050713181495667,-0.27358654141426086,0.12172737717628479,0.005627303384244442,0.007624179124832153,-0.12170950323343277,-0.0058985804207623005,-0.006234240252524614,0.2191002368927002,0.18147879838943481,-0.34063467383384705,-0.2438480108976364,0.1074867770075798,-0.35743448138237,0.15025721490383148,0.3777201175689697,-0.06441600620746613,-0.1387999951839447,0.32914239168167114,-0.07376374304294586
81,0.013271316885948181,-0.604021430015564,-0.3183564245700836,0.17129841446876526,-0.4939112365245819,-0.16177597641944885,0.27052175998687744,-0.7296435832977295,-0.23083877563476562,-0.1356494277715683,-0.48749834299087524,-0.17596523463726044,-0.2772892117500305,-0.6602888703346252,-0.2297317236661911,0.33725905418395996,-0.9858030080795288,-0.2710965871810913,-0.3448754847049713,-0.9062867164611816,-0.2777259349822998,0.1216508075594902,0.0056701283901929855,0.007657293695956469,-0.12163596600294113,-0.005941456649452448,-0.006264695897698402,0.21636301279067993,0.18070518970489502,-0.3400121331214905,-0.2448313981294632,0.11419034004211426,-0.355330228805542,0.1507837176322937,0.3783958852291107,-0.06386642158031464,-0.14002008736133575,0.32918310165405273,-0.07188477367162704
82,0.009861238300800323,-0.6039839386940002,-0.3179250955581665,0.1690886914730072,-0.4945632517337799,-0.16132332384586334,0.2704908847808838,-0.7316848039627075,-0.22702813148498535,-0.1373121738433838,-0.4875333309173584,-0.17555612325668335,-0.27891260385513306,-0.6640201807022095,-0.2292517125606537,0.33715853095054626,-0.9860619902610779,-0.26467713713645935,-0.3462080955505371,-0.9104392528533936,-0.27593228220939636,0.12147682905197144,0.005687261000275612,0.007674518506973982,-0.121468186378479,-0.005957247223705053,-0.0062806750647723675,0.20393919944763184,0.18014587461948395,-0.3396763205528259,-0.24500232934951782,0.11959835886955261,-0.3515491485595703,0.1500992774963379,0.38203707337379456,-0.06352224946022034,-0.1406363993883133,0.33401888608932495,-0.07098416239023209
83,0.008804657496511936,-0.6041577458381653,-0.3174915611743927,0.1676359921693802,-0.49531319737434387,-0.1601274162530899,0.27035003900527954,-0.7351828813552856,-0.22595736384391785,-0.1400362253189087,-0.48712360858917236,-0.1754627525806427,-0.28437361121177673,-0.6629514098167419,-0.2292889803647995,0.335966020822525,-0.9892211556434631,-0.26238614320755005,-0.34899041056632996,-0.9103813171386719,-0.27698448300361633,0.1215004101395607,0.005583328194916248,0.007725907489657402,-0.12149586528539658,-0.005852948874235153,-0.006330745294690132,0.2053520381450653,0.18651136755943298,-0.3363553285598755,-0.24649617075920105,0.13198734819889069,-0.3475688695907593,0.15045855939388275,0.3872496783733368,-0.057601526379585266,-0.14415667951107025,0.3391839265823364,-0.05742630735039711
84,0.0067005883902311325,-0.6004741787910461,-0.314626544713974,0.16673749685287476,-0.4954378008842468,-0.15946732461452484,0.26578348875045776,-0.7326464653015137,-0.22788722813129425,-0.14075671136379242,-0.4869811236858368,-0.17267438769340515,-0.28477588295936584,-0.660738468170166,-0.2273349165916443,0.3237762749195099,-0.988508939743042,-0.267111599445343,-0.34538283944129944,-0.9102782607078552,-0.2730564773082733,0.12153072655200958,0.005374030210077763,0.007522217463701963,-0.12153247743844986,-0.005644024349749088,-0.006140766199678183,0.20016682147979736,0.17692965269088745,-0.3367216885089874,-0.24144184589385986,0.12724871933460236,-0.35722070932388306,0.14947444200515747,0.3619142472743988,-0.04549415037035942,-0.1401851773262024,0.3247677981853485,-0.05052562803030014
85,0.0016716696554794908,-0.6003828644752502,-0.31414249539375305,0.1657876968383789,-0.4959903657436371,-0.15933726727962494,0.26524218916893005,-0.7314873933792114,-0.2273522913455963,-0.1432007998228073,-0.4875737726688385,-0.1722991168498993,-0.28713691234588623,-0.6598012447357178,-0.2268989384174347,0.321949303150177,-0.9870449900627136,-0.26712319254875183,-0.34834378957748413,-0.90850830078125,-0.27414631843566895,0.12152040004730225,0.005377523601055145,0.00730150705203414,-0.12152773886919022,-0.005646481178700924,-0.005925886332988739,0.1991930454969406,0.1859510987997055,-0.32834041118621826,-0.233640655875206,0.12546640634536743,-0.3539036512374878,0.14996199309825897,0.36590778827667236,-0.033922187983989716,-0.13989125192165375,0.33161023259162903,-0.05088961124420166
86,0.0018393044592812657,-0.5971347093582153,-0.31988075375556946,0.16579362750053406,-0.4951218366622925,-0.16387461125850677,0.26703113317489624,-0.7311294078826904,-0.22979070246219635,-0.14325068891048431,-0.4875868856906891,-0.17828944325447083,-0.2857193052768707,-0.6597738265991211,-0.23291131854057312,0.32233431935310364,-0.986739993095398,-0.2670495808124542,-0.3471003770828247,-0.9082455635070801,-0.2814594507217407,0.12147913128137589,0.0053531876765191555,0.007300776429474354,-0.1214938759803772,-0.005621285643428564,-0.005926358513534069,0.1956103891134262,0.197877898812294,-0.3226895332336426,-0.22997789084911346,0.13876844942569733,-0.34937921166419983,0.15296988189220428,0.38792684674263,-0.02362643927335739,-0.13628403842449188,0.35278600454330444,-0.046704769134521484
87,0.0012328203301876783,-0.5966566801071167,-0.3349977135658264,0.163527712225914,-0.4956893026828766,-0.1811666488647461,0.2671301066875458,-0.7345114350318909,-0.25417762994766235,-0.14441566169261932,-0.4885340631008148,-0.1906561404466629,-0.28924551606178284,-0.6654843688011169,-0.2441558986902237,0.322537362575531,-0.9885419607162476,-0.3001864552497864,-0.3493841886520386,-0.9141327142715454,-0.2996586263179779,0.12112230807542801,0.005148507654666901,0.006704145111143589,-0.12117666751146317,-0.005409399978816509,-0.005364750511944294,0.20969749987125397,0.23405379056930542,-0.27825459837913513,-0.23176828026771545,0.15010590851306915,-0.3160332143306732,0.16894151270389557,0.40333208441734314,0.029878098517656326,-0.13756881654262543,0.3870384097099304,-0.01857319287955761
88,-0.002434114459902048,-0.5925155282020569,-0.34961140155792236,0.15816502273082733,-0.4958088994026184,-0.1958998739719391,0.2584415376186371,-0.736615777015686,-0.27073732018470764,-0.14475463330745697,-0.4861454963684082,-0.20319417119026184,-0.29198503494262695,-0.6585183143615723,-0.2720626890659332,0.30938535928726196,-0.9884821176528931,-0.3127218782901764,-0.35059601068496704,-0.9029080867767334,-0.3439342677593231,0.1207648366689682,0.004769203253090382,0.006482997909188271,-0.12085229903459549,-0.005027468781918287,-0.00515344925224781,0.1980241984128952,0.2460525780916214,-0.2459876388311386,-0.2302965223789215,0.16474111378192902,-0.3088885545730591,0.16906771063804626,0.41027557849884033,0.08680152148008347,-0.14466141164302826,0.4029328525066376,0.000235867832088843
89,-0.0030631760600954294,-0.5956575274467468,-0.3463245630264282,0.15891575813293457,-0.49731677770614624,-0.1920638233423233,0.2613646686077118,-0.7382305860519409,-0.26542845368385315,-0.14454253017902374,-0.4882097840309143,-0.2022649645805359,-0.2921673059463501,-0.6597887277603149,-0.26166144013404846,0.3100919723510742,-0.9911890625953674,-0.30982014536857605,-0.35063275694847107,-0.9046902060508728,-0.3334946632385254,0.1205562949180603,0.004623780492693186,0.006054957862943411,-0.12067407369613647,-0.004874556325376034,-0.004734936635941267,0.20863480865955353,0.2472267746925354,-0.24682419002056122,-0.2301698476076126,0.1803979128599167,-0.29425525665283203,0.18409664928913116,0.42395684123039246,0.06333969533443451,-0.14520439505577087,0.41412773728370667,0.0081923957914114
90,-0.00798795372247696,-0.5975924730300903,-0.3443979322910309,0.15553319454193115,-0.504224419593811,-0.19017432630062103,0.2607986330986023,-0.7444132566452026,-0.26373574137687683,-0.14673753082752228,-0.48998403549194336,-0.19977083802223206,-0.29458701610565186,-0.6590656638145447,-0.2585400938987732,0.3052218556404114,-0.9940040111541748,-0.30721306800842285,-0.35114601254463196,-0.9028170108795166,-0.3302779793739319,0.11969086527824402,0.004539742134511471,0.004606784787029028,-0.1198742538690567,-0.0047901952639222145,-0.0033733139280229807,0.20160268247127533,0.27796781063079834,-0.13081999123096466,-0.22887100279331207,0.19772778451442719,-0.2326761931180954,0.19043488800525665,0.46656134724617004,0.2054995447397232,-0.14249946177005768,0.44596484303474426,0.03500954061746597
91,-0.007965954951941967,-0.6033942699432373,-0.32835254073143005,0.15564754605293274,-0.5075834393501282,-0.17924733459949493,0.26110267639160156,-0.7449196577072144,-0.24447976052761078,-0.14739421010017395,-0.494137167930603,-0.18436318635940552,-0.2946840822696686,-0.6598905324935913,-0.24154417216777802,0.30651554465293884,-0.9961198568344116,-0.28701847791671753,-0.3495888411998749,-0.9041226506233215,-0.31797701120376587,0.11948372423648834,0.004208933096379042,0.00411553680896759,-0.11969409883022308,-0.0044531747698783875,-0.002900472143664956,0.20123717188835144,0.2827484905719757,-0.1476603001356125,-0.22805364429950714,0.20684491097927094,-0.2278379499912262,0.19765445590019226,0.484504371881485,0.16987396776676178,-0.14204736053943634,0.47077688574790955,0.027139820158481598
92,-0.005794941447675228,-0.6035315990447998,-0.3347577452659607,0.15631990134716034,-0.5081853270530701,-0.1845530867576599,0.262162446975708,-0.7448098063468933,-0.24596042931079865,-0.1466129571199417,-0.495154470205307,-0.1905333250761032,-0.2945556938648224,-0.6582279801368713,-0.25757452845573425,0.30851325392723083,-0.9947760105133057,-0.2889953553676605,-0.34256163239479065,-0.8993386626243591,-0.34466537833213806,0.11912646144628525,0.003832686459645629,0.00393257662653923,-0.11936741322278976,-0.0040938942693173885,-0.002726148348301649,0.20903730392456055,0.2972578704357147,-0.06318327784538269,-0.2236349880695343,0.22543364763259888,-0.19432486593723297,0.217458575963974,0.5014707446098328,0.27262449264526367,-0.13850334286689758,0.49796634912490845,0.042322155088186264
93,-0.005870063789188862,-0.5978728532791138,-0.34341251850128174,0.15632545948028564,-0.508509635925293,-0.19077131152153015,0.26249465346336365,-0.7451775670051575,-0.24893413484096527,-0.14660178124904633,-0.49525371193885803,-0.19590087234973907,-0.29681533575057983,-0.6563328504562378,-0.2620835304260254,0.30708348751068115,-0.9935902953147888,-0.29150253534317017,-0.3418862223625183,-0.894344687461853,-0.3515874445438385,0.11864056438207626,0.0036410759203135967,0.0030566409695893526,-0.11890017241239548,-0.003912802319973707,-0.0018536015413701534,0.19883333146572113,0.3092050850391388,-0.02603769302368164,-0.2141328603029251,0.22880125045776367,-0.20807111263275146,0.21503077447414398,0.5245070457458496,0.3133849799633026,-0.13482318818569183,0.5138481259346008,0.02475045621395111
94,-0.0058241114020347595,-0.5979139804840088,-0.3427172601222992,0.156010240316391,-0.5081990361213684,-0.1902000457048416,0.2623353898525238,-0.7449255585670471,-0.248915895819664,-0.1466619074344635,-0.4949885308742523,-0.19611279666423798,-0.2967675030231476,-0.6551136374473572,-0.2610093355178833,0.3065628707408905,-0.9935712814331055,-0.29243332147598267,-0.3430231213569641,-0.8929678201675415,-0.35048726201057434,0.1181584894657135,0.0034747645258903503,0.0030979029834270477,-0.1184525266289711,-0.003736294573172927,-0.0018986142240464687,0.19205427169799805,0.3070945143699646,-0.05798894539475441,-0.210224911570549,0.23638136684894562,-0.2145390510559082,0.21431727707386017,0.544112503528595,0.21113532781600952,-0.13484877347946167,0.5333261489868164,0.0023600731510668993
95,-0.007238978054374456,-0.5952590107917786,-0.35190141201019287,0.15238893032073975,-0.5067850947380066,-0.19675545394420624,0.25979751348495483,-0.7426998019218445,-0.25813642144203186,-0.14912627637386322,-0.49450862407684326,-0.20734070241451263,-0.296966016292572,-0.6528257131576538,-0.2924189567565918,0.3025851249694824,-0.9919864535331726,-0.2974697947502136,-0.3431289494037628,-0.8874772191047668,-0.3930588662624359,0.11787322908639908,0.00319608673453331,0.0031669873278588057,-0.11818192154169083,-0.003462208202108741,-0.0019782595336437225,0.17317132651805878,0.3140642046928406,-0.07782407104969025,-0.2010105550289154,0.2477690577507019,-0.2107280045747757,0.19526591897010803,0.5552394986152649,0.21258580684661865,-0.13436760008335114,0.545475423336029,0.006654965225607157
96,-0.008783121593296528,-0.5902780890464783,-0.3523683547973633,0.14889204502105713,-0.5077725052833557,-0.19646696746349335,0.2581688463687897,-0.7426964044570923,-0.2575141489505768,-0.15251648426055908,-0.49258580803871155,-0.2084028422832489,-0.29927465319633484,-0.6403132677078247,-0.2974974513053894,0.30280423164367676,-0.9901476502418518,-0.2979356050491333,-0.34307387471199036,-0.8761686682701111,-0.3989529311656952,0.1174021065235138,0.0027902075089514256,0.003361206501722336,-0.11773428320884705,-0.0030567063950002193,-0.0021799765527248383,0.16293077170848846,0.3233749270439148,-0.058374688029289246,-0.198328897356987,0.25341498851776123,-0.21403101086616516,0.19096672534942627,0.5676422119140625,0.2303566038608551,-0.13440610468387604,0.5563311576843262,-0.0027282729279249907
97,-0.007442845962941647,-0.5925026535987854,-0.3523356020450592,0.1490267664194107,-0.5053527355194092,-0.19552110135555267,0.2577681541442871,-0.7426785826683044,-0.25539013743400574,-0.1520226150751114,-0.49166107177734375,-0.2077489048242569,-0.2992461025714874,-0.6485722064971924,-0.2813843786716461,0.29662710428237915,-0.989612877368927,-0.29612791538238525,-0.3495570719242096,-0.8904655575752258,-0.3492608070373535,0.11687138676643372,0.0024550287052989006,0.003714596154168248,-0.11723214387893677,-0.0027202023193240166,-0.0025289517361670732,0.1630547195672989,0.32188284397125244,-0.11187145113945007,-0.19437946379184723,0.25683143734931946,-0.21541714668273926,0.1830272525548935,0.5807698965072632,0.11597323417663574,-0.13104857504367828,0.5740723013877869,-0.025941409170627594
98,-0.008044283837080002,-0.5890774130821228,-0.38091161847114563,0.14827357232570648,-0.498905748128891,-0.21729829907417297,0.25756537914276123,-0.7422466278076172,-0.2874811291694641,-0.15027761459350586,-0.48527026176452637,-0.2320357710123062,-0.2965134382247925,-0.6409057974815369,-0.3290640711784363,0.2946534752845764,-0.9865467548370361,-0.3335675299167633,-0.3451368510723114,-0.8775385618209839,-0.4301505386829376,0.11642271280288696,0.002314711455255747,0.004384989850223064,-0.11680755764245987,-0.0025975878816097975,-0.003179274033755064,0.15985813736915588,0.3340473771095276,-0.09068389981985092,-0.18225029110908508,0.2847980558872223,-0.1770298331975937,0.18109732866287231,0.6066544055938721,0.142067089676857,-0.13102932274341583,0.5993433594703674,0.003933521453291178
99,-0.008577217347919941,-0.5850539803504944,-0.39856740832328796,0.14343740046024323,-0.4945885241031647,-0.23049479722976685,0.2460552155971527,-0.7366979122161865,-0.30648159980773926,-0.1508568823337555,-0.4807938039302826,-0.25245988368988037,-0.2944360375404358,-0.6368063688278198,-0.3565429747104645,0.2835550606250763,-0.9821734428405762,-0.3578803539276123,-0.34483444690704346,-0.8725878596305847,-0.46014127135276794,0.11564967781305313,0.002262277528643608,0.0053216321393847466,-0.11604922264814377,-0.0025512350257486105,-0.004088393412530422,0.14199991524219513,0.3514028489589691,-0.06148025766015053,-0.17584164440631866,0.2824868857860565,-0.16691096127033234,0.16909582912921906,0.6343396306037903,0.1434856653213501,-0.13140921294689178,0.5997732281684875,0.013478744775056839
100,-0.008406143635511398,-0.5859236121177673,-0.4015229344367981,0.14331921935081482,-0.4948231279850006,-0.23523010313510895,0.2446853220462799,-0.7357208728790283,-0.3106369376182556,-0.1500651240348816,-0.48034435510635376,-0.25737300515174866,-0.28817296028137207,-0.6321499943733215,-0.3680589199066162,0.2809677720069885,-0.9804527163505554,-0.3616976737976074,-0.33304131031036377,-0.8645414710044861,-0.4783291220664978,0.11508726328611374,0.0021176831796765327,0.005709754303097725,-0.11551046371459961,-0.0024240808561444283,-0.004484629258513451,0.14412547647953033,0.3580997884273529,-0.007361728232353926,-0.1671796441078186,0.29357752203941345,-0.12008528411388397,0.17661027610301971,0.6458300948143005,0.22395716607570648,-0.12869834899902344,0.603825032711029,0.06796610355377197
101,-0.0070801894180476665,-0.5807729959487915,-0.42004483938217163,0.14291705191135406,-0.49473536014556885,-0.24850766360759735,0.24402610957622528,-0.7355939745903015,-0.32660022377967834,-0.1484411358833313,-0.47950559854507446,-0.2761783003807068,-0.2794455587863922,-0.6304047703742981,-0.38586121797561646,0.2797122299671173,-0.9795439839363098,-0.3783275783061981,-0.3167847990989685,-0.8594525456428528,-0.4941492974758148,0.11381091922521591,0.0017360725905746222,0.007204972207546234,-0.1142314150929451,-0.0020817643962800503,-0.005925857927650213,0.13237595558166504,0.37089988589286804,0.02700154110789299,-0.15084430575370789,0.31532180309295654,-0.071993887424469,0.16928648948669434,0.6566482186317444,0.2509859800338745,-0.13473182916641235,0.619632363319397,0.11041592061519623
102,-0.009918376803398132,-0.5845447182655334,-0.41590267419815063,0.14017373323440552,-0.5006304383277893,-0.24649706482887268,0.2382642775774002,-0.7431500554084778,-0.32165098190307617,-0.14932000637054443,-0.47984054684638977,-0.27173903584480286,-0.2811109125614166,-0.6303914189338684,-0.375345915555954,0.2687324285507202,-0.9835146069526672,-0.3705068826675415,-0.3192294239997864,-0.8581392168998718,-0.4796774089336395,0.11305772513151169,0.001423242618329823,0.007252018433064222,-0.11346239596605301,-0.0017853721510618925,-0.005968407727777958,0.1253737062215805,0.378749817609787,0.021466806530952454,-0.15317490696907043,0.3273683488368988,-0.05349055305123329,0.16349825263023376,0.6685463786125183,0.2383120059967041,-0.14120814204216003,0.6333819627761841,0.12911243736743927
103,-0.010295283980667591,-0.5901263356208801,-0.40119668841362,0.14004378020763397,-0.5065150260925293,-0.23471486568450928,0.236057311296463,-0.7440558671951294,-0.30121055245399475,-0.1495036631822586,-0.48248299956321716,-0.24690164625644684,-0.2821195423603058,-0.6306071877479553,-0.3448805809020996,0.2633151412010193,-0.9834749102592468,-0.35746341943740845,-0.31134140491485596,-0.8589079976081848,-0.45566537976264954,0.11278244107961655,0.0009076044079847634,0.005948019679635763,-0.1131870225071907,-0.001303654396906495,-0.004687808919698,0.12687116861343384,0.3840179741382599,0.04160003736615181,-0.1524674892425537,0.3406940698623657,-0.015774579718708992,0.16432978212833405,0.6685755848884583,0.2553071975708008,-0.1437014639377594,0.6502377390861511,0.1633545309305191
104,-0.009671924635767937,-0.5924443006515503,-0.3997806906700134,0.1402239203453064,-0.5074949264526367,-0.23383405804634094,0.2361864596605301,-0.7436642050743103,-0.30319944024086,-0.14935998618602753,-0.4835105538368225,-0.2467697113752365,-0.2820679247379303,-0.6307766437530518,-0.344807893037796,0.2645871043205261,-0.9830043911933899,-0.3635573089122772,-0.3067595362663269,-0.8593932390213013,-0.4552304744720459,0.11268563568592072,0.0006438419804908335,0.005102238617837429,-0.11308789998292923,-0.0010607008589431643,-0.003828715765848756,0.1208612322807312,0.3901245892047882,0.04359651729464531,-0.14811211824417114,0.35101038217544556,-0.0008186954655684531,0.16196322441101074,0.6775481700897217,0.2511069178581238,-0.14586126804351807,0.6598776578903198,0.17578023672103882
105,-0.00961526483297348,-0.5943454504013062,-0.3830026686191559,0.14045706391334534,-0.5099583864212036,-0.2176954448223114,0.23638631403446198,-0.7434139251708984,-0.2927514314651489,-0.14949046075344086,-0.4863613247871399,-0.22705607116222382,-0.28284764289855957,-0.6327510476112366,-0.3168036639690399,0.26488950848579407,-0.9808999300003052,-0.361374169588089,-0.30597826838493347,-0.8613210320472717,-0.4222526252269745,0.11247862875461578,0.0005813095485791564,0.0045378790237009525,-0.11286522448062897,-0.00100226909853518,-0.0032558138482272625,0.11288687586784363,0.39804139733314514,0.0386493019759655,-0.14580900967121124,0.35851457715034485,0.02210293337702751,0.14968180656433105,0.6909185647964478,0.2308695763349533,-0.15170957148075104,0.6650313138961792,0.19700995087623596
106,-0.008472594432532787,-0.595721423625946,-0.371625691652298,0.14134521782398224,-0.512281060218811,-0.20720063149929047,0.23381879925727844,-0.7431581616401672,-0.2854442596435547,-0.1489822119474411,-0.48991483449935913,-0.21874353289604187,-0.28039348125457764,-0.6370562314987183,-0.3085585832595825,0.258126825094223,-0.9785138368606567,-0.35471057891845703,-0.298480361700058,-0.8628023266792297,-0.40893861651420593,0.11225777119398117,0.0001870801643235609,0.004542333073914051,-0.11262952536344528,-0.0006346491281874478,-0.003256096038967371,0.11262267082929611,0.4012312591075897,0.048061322420835495,-0.12941400706768036,0.3726583421230316,0.012353465892374516,0.1475694626569748,0.6994867920875549,0.23017948865890503,-0.1454787701368332,0.6914517283439636,0.1794830709695816
107,-0.008201004937291145,-0.5958812236785889,-0.3570968210697174,0.1431969702243805,-0.5126143097877502,-0.19149576127529144,0.23395936191082,-0.7413842082023621,-0.26815640926361084,-0.14695364236831665,-0.49028149247169495,-0.20449651777744293,-0.2747507393360138,-0.6392836570739746,-0.29834648966789246,0.2590397000312805,-0.9744249582290649,-0.3341110050678253,-0.28977158665657043,-0.8676259517669678,-0.39808908104896545,0.1120288223028183,0.00010238619142910466,0.005072775296866894,-0.11238903552293777,-0.0005550684290938079,-0.003793247975409031,0.110591359436512,0.4040271043777466,0.04423334449529648,-0.12921378016471863,0.3761349618434906,0.006759693380445242,0.14232003688812256,0.7109368443489075,0.20245018601417542,-0.14314500987529755,0.6993927955627441,0.17223256826400757
108,-0.01030008401721716,-0.597002387046814,-0.3433645963668823,0.14166690409183502,-0.513778567314148,-0.1786389797925949,0.23057906329631805,-0.7416042685508728,-0.25966736674308777,-0.15094421803951263,-0.49212801456451416,-0.19270266592502594,-0.2757738530635834,-0.654918372631073,-0.2866196632385254,0.2550264000892639,-0.9739553332328796,-0.3283831477165222,-0.2905445992946625,-0.8857453465461731,-0.37940025329589844,0.11195524781942368,-1.9578979845391586e-05,0.00530337356030941,-0.11230691522359848,-0.00044238241389393806,-0.004035011865198612,0.10174135118722916,0.40624937415122986,0.04368910938501358,-0.12896369397640228,0.3787766098976135,0.005668165162205696,0.13255174458026886,0.7184385657310486,0.18933168053627014,-0.14306753873825073,0.7038434147834778,0.1701107621192932
109,-0.010264701209962368,-0.6066105365753174,-0.3273378908634186,0.1462874412536621,-0.5194863080978394,-0.1717323362827301,0.23026984930038452,-0.7426902055740356,-0.247055321931839,-0.1453339010477066,-0.49724051356315613,-0.17455248534679413,-0.2693658173084259,-0.6661026477813721,-0.2475864291191101,0.24919994175434113,-0.9718374609947205,-0.31174197793006897,-0.2790117859840393,-0.8938827514648438,-0.3183961510658264,0.11138924956321716,-0.0002814846229739487,0.004053427837789059,-0.11175920814275742,-0.00018412571807857603,-0.0028441380709409714,0.10997427999973297,0.4055405557155609,0.04278458654880524,-0.12467323988676071,0.38141772150993347,0.02934950962662697,0.13674922287464142,0.7166028022766113,0.19324305653572083,-0.13635504245758057,0.7061000466346741,0.18471692502498627
110,-0.014151057228446007,-0.6062120795249939,-0.3313935101032257,0.1424589902162552,-0.5194434523582458,-0.1710742563009262,0.2226869761943817,-0.7432129979133606,-0.2450907975435257,-0.14871609210968018,-0.4968673288822174,-0.17892473936080933,-0.2697529196739197,-0.664058268070221,-0.25990307331085205,0.24110083281993866,-0.9715827107429504,-0.309476763010025,-0.27776047587394714,-0.8928097486495972,-0.3420378267765045,0.11116320639848709,-0.00034985376987606287,0.00408113794401288,-0.11152065545320511,-0.0001184719440061599,-0.00287142232991755,0.10390626639127731,0.4065316617488861,0.04195863753557205,-0.1252489537000656,0.38167625665664673,0.023221515119075775,0.12794800102710724,0.720528781414032,0.18297459185123444,-0.13972128927707672,0.7110146284103394,0.17707285284996033
111,-0.012619071640074253,-0.6062101721763611,-0.3223695755004883,0.14576853811740875,-0.5215879082679749,-0.16143746674060822,0.22306104004383087,-0.7458233833312988,-0.23024451732635498,-0.14271941781044006,-0.49735623598098755,-0.16935661435127258,-0.25991880893707275,-0.6626831293106079,-0.2566153109073639,0.24127943813800812,-0.972199022769928,-0.2899564504623413,-0.26353222131729126,-0.8913292288780212,-0.3444758355617523,0.11089935898780823,-0.0005489451577886939,0.003654542611911893,-0.11125782132148743,7.571726746391505e-05,-0.0024681834038347006,0.11079023778438568,0.40575262904167175,0.039053138345479965,-0.12303289026021957,0.38338372111320496,0.024321552366018295,0.140043243765831,0.7190639972686768,0.18214859068393707,-0.13339726626873016,0.7132373452186584,0.17488132417201996
112,-0.01773347519338131,-0.6069430708885193,-0.3253014385700226,0.1423923373222351,-0.5215634107589722,-0.16365814208984375,0.21892277896404266,-0.7476626038551331,-0.23422649502754211,-0.14435209333896637,-0.49728599190711975,-0.17240503430366516,-0.26069778203964233,-0.664723813533783,-0.25117745995521545,0.23374809324741364,-0.9744073748588562,-0.29420122504234314,-0.26518288254737854,-0.891922652721405,-0.32845965027809143,0.11052560806274414,-0.000603108259383589,0.0035746877547353506,-0.1108788475394249,0.00012571137631312013,-0.002385025145485997,0.10515068471431732,0.40571925044059753,0.038730062544345856,-0.1233505830168724,0.38452374935150146,0.02405007742345333,0.1353135108947754,0.720728874206543,0.1812943071126938,-0.13637866079807281,0.7181780338287354,0.17357508838176727
113,-0.014415259473025799,-0.6022621989250183,-0.3329590857028961,0.1429336816072464,-0.5198671817779541,-0.16816346347332,0.2168777883052826,-0.7494405508041382,-0.23488663136959076,-0.1388268917798996,-0.4965372085571289,-0.18335172533988953,-0.24824248254299164,-0.6641358733177185,-0.2697727680206299,0.2303648293018341,-0.9767051935195923,-0.296503484249115,-0.25209057331085205,-0.8913707733154297,-0.3549368679523468,0.11013872176408768,-0.0005839669029228389,0.003511450020596385,-0.11049461364746094,9.72902198554948e-05,-0.0023222039453685284,0.10632716119289398,0.4056333899497986,0.03480907529592514,-0.1205061823129654,0.38455885648727417,0.025669146329164505,0.1369100660085678,0.7241091132164001,0.17954806983470917,-0.1309192180633545,0.7168278098106384,0.17534804344177246
114,-0.014091105200350285,-0.6094087362289429,-0.33138307929039,0.14288672804832458,-0.5208107829093933,-0.16856522858142853,0.21419073641300201,-0.752229630947113,-0.23741747438907623,-0.13906091451644897,-0.49660524725914,-0.18208704888820648,-0.2504911720752716,-0.6695833206176758,-0.2595857083797455,0.21734151244163513,-0.9782886505126953,-0.29730623960494995,-0.2535874843597412,-0.8975669741630554,-0.3311319351196289,0.10992874205112457,-0.0006126732914708555,0.0036773381289094687,-0.11027926951646805,0.0001243399310624227,-0.0024861330166459084,0.10499327629804611,0.4062464237213135,0.040522076189517975,-0.11764941364526749,0.3846776485443115,0.025241047143936157,0.13740774989128113,0.724322497844696,0.1928665190935135,-0.13078469038009644,0.7159506678581238,0.17735812067985535
115,-0.012824757024645805,-0.6092127561569214,-0.3356286585330963,0.1436091661453247,-0.5198476910591125,-0.17729106545448303,0.21294666826725006,-0.7524464726448059,-0.2522018253803253,-0.13785678148269653,-0.49475347995758057,-0.18602612614631653,-0.24605675041675568,-0.6670715808868408,-0.27242419123649597,0.21270622313022614,-0.9781807065010071,-0.31029704213142395,-0.2491455078125,-0.8910115957260132,-0.36328446865081787,0.10982781648635864,-0.0006499678711406887,0.00367608736269176,-0.11017568409442902,0.00015793502097949386,-0.0024833474308252335,0.10508159548044205,0.4069867730140686,0.041940104216337204,-0.1175990179181099,0.38631629943847656,0.027742521837353706,0.1388234943151474,0.7240161895751953,0.19682838022708893,-0.12943695485591888,0.7186838984489441,0.1808280050754547
116,-0.014690037816762924,-0.6112162470817566,-0.33463340997695923,0.1433308869600296,-0.5200743079185486,-0.18029454350471497,0.2114473283290863,-0.7569400668144226,-0.25702962279319763,-0.13799379765987396,-0.4953535795211792,-0.18093334138393402,-0.24583521485328674,-0.6712468862533569,-0.2534153461456299,0.2070283740758896,-0.9833507537841797,-0.3115767240524292,-0.2492319792509079,-0.8949578404426575,-0.3345164656639099,0.10972229391336441,-0.0006473702960647643,0.0018644464435055852,-0.11006304621696472,0.00015208865806926042,-0.0007020040648058057,0.10568380355834961,0.4067477881908417,0.04032519459724426,-0.11782138049602509,0.3862011432647705,0.03445512801408768,0.14844709634780884,0.7242282032966614,0.19542400538921356,-0.12697236239910126,0.7184151411056519,0.18771086633205414
117,-0.013628155924379826,-0.6095757484436035,-0.33585652709007263,0.1436273604631424,-0.5191999077796936,-0.18052205443382263,0.21079212427139282,-0.7567110061645508,-0.25706133246421814,-0.1373136192560196,-0.49318113923072815,-0.18351128697395325,-0.2437533140182495,-0.664017379283905,-0.26655831933021545,0.20872539281845093,-0.9835931658744812,-0.31249380111694336,-0.24755845963954926,-0.8913848996162415,-0.3571453094482422,0.10960724949836731,-0.000707017898093909,0.0019447006052359939,-0.10994723439216614,0.00020937433873768896,-0.0007787580252625048,0.10657597333192825,0.40680721402168274,0.03910849243402481,-0.12050322443246841,0.387057900428772,0.03407835587859154,0.1529608964920044,0.7244661450386047,0.18841132521629333,-0.1303040087223053,0.7211236357688904,0.18388397991657257
118,-0.012107492424547672,-0.6091361045837402,-0.33752700686454773,0.14385442435741425,-0.5171298980712891,-0.18420253694057465,0.21112535893917084,-0.7547094821929932,-0.26062095165252686,-0.13673485815525055,-0.4930192530155182,-0.18323110044002533,-0.24419951438903809,-0.6637428998947144,-0.26502788066864014,0.20957867801189423,-0.9822864532470703,-0.3177025020122528,-0.24704943597316742,-0.8908593058586121,-0.3568454682826996,0.10943011194467545,-0.0006689935689792037,0.0006629066774621606,-0.10975562781095505,0.00017011634190566838,0.00048228781088255346,0.10902010649442673,0.4064543843269348,0.03579895943403244,-0.11926406621932983,0.387123703956604,0.03496048226952553,0.16597673296928406,0.7254753708839417,0.1760368049144745,-0.12635092437267303,0.7232990860939026,0.1834612935781479
119,-0.013473868370056152,-0.6098081469535828,-0.32282543182373047,0.14382830262184143,-0.5178722739219666,-0.17475083470344543,0.2107895016670227,-0.7540621757507324,-0.24745908379554749,-0.13677573204040527,-0.49490103125572205,-0.1642872393131256,-0.24445705115795135,-0.6693128943443298,-0.22900310158729553,0.20863191783428192,-0.9820927381515503,-0.30229461193084717,-0.24614432454109192,-0.8977763652801514,-0.30421799421310425,0.1092759519815445,-0.0006615299498662353,-0.00038400315679609776,-0.10959374904632568,0.00016197793593164533,0.0014977346872910857,0.1090264767408371,0.4063977301120758,0.03513665497303009,-0.11837910860776901,0.38749098777770996,0.03697565570473671,0.1665060818195343,0.7259759902954102,0.17668405175209045,-0.12060119211673737,0.723792552947998,0.18431678414344788
120,-0.016721341758966446,-0.6105477213859558,-0.3036235272884369,0.14144115149974823,-0.5196411609649658,-0.15620167553424835,0.20750610530376434,-0.7505441308021545,-0.2277291864156723,-0.1395978182554245,-0.4988609850406647,-0.14451010525226593,-0.24630004167556763,-0.6728509664535522,-0.199994295835495,0.20500421524047852,-0.9788395762443542,-0.2824326455593109,-0.24654628336429596,-0.9021129608154297,-0.271202027797699,0.10920319706201553,-0.0006925929337739944,-9.947475518856663e-06,-0.10952383279800415,0.00019238877575844526,0.0011467797448858619,0.10211285203695297,0.40768933296203613,0.0350617915391922,-0.11338917911052704,0.3864094913005829,0.023386331275105476,0.15113374590873718,0.7265445590019226,0.17692652344703674,-0.11993147432804108,0.7216054797172546,0.1695127636194229
121,-0.016657916828989983,-0.610427975654602,-0.3061022460460663,0.14256465435028076,-0.5185456275939941,-0.15867257118225098,0.20647263526916504,-0.7455838918685913,-0.2290230244398117,-0.13745839893817902,-0.4983462393283844,-0.14793285727500916,-0.24402542412281036,-0.6712515354156494,-0.20419569313526154,0.20232504606246948,-0.9751008152961731,-0.28329476714134216,-0.2439245730638504,-0.9016923904418945,-0.2959231734275818,0.10913753509521484,-0.0007733292877674103,3.623568409238942e-05,-0.10945627838373184,0.00027640987536869943,0.0011079300893470645,0.10236359387636185,0.4076671898365021,0.028007734566926956,-0.11340510100126266,0.38635388016700745,0.01836710423231125,0.15131457149982452,0.7265410423278809,0.16488829255104065,-0.11837460100650787,0.7215328216552734,0.15863357484340668
122,-0.01986018568277359,-0.6106675863265991,-0.32410427927970886,0.1416899412870407,-0.515723705291748,-0.17904523015022278,0.20796002447605133,-0.7385174036026001,-0.2532280385494232,-0.13945867121219635,-0.49851083755493164,-0.15867166221141815,-0.2445039600133896,-0.6739618182182312,-0.20579227805137634,0.20262306928634644,-0.969288170337677,-0.30477374792099,-0.24411650002002716,-0.9033539891242981,-0.2985140085220337,0.10903934389352798,-0.0007742722518742085,-0.000669565110001713,-0.1093539223074913,0.0002755306486506015,0.001799992867745459,0.10258655250072479,0.40726637840270996,0.02877669967710972,-0.11164580285549164,0.38591185212135315,0.02183341234922409,0.15184907615184784,0.7268195748329163,0.16504906117916107,-0.1105346605181694,0.7218203544616699,0.1599521040916443
123,-0.02242179401218891,-0.6145495176315308,-0.28577470779418945,0.14184635877609253,-0.5183729529380798,-0.15241527557373047,0.20667718350887299,-0.7389585971832275,-0.23193320631980896,-0.13934734463691711,-0.5024468302726746,-0.11934641003608704,-0.24771817028522491,-0.6777028441429138,-0.16107921302318573,0.19774681329727173,-0.9702596068382263,-0.2849527597427368,-0.24980592727661133,-0.9087016582489014,-0.2288123220205307,0.10898324102163315,-0.0007757304701954126,-0.0014477892545983195,-0.10929742455482483,0.0002780845679808408,0.00259386096149683,0.10448908060789108,0.40679478645324707,0.02018592320382595,-0.11076967418193817,0.3857118785381317,0.020434346050024033,0.15441539883613586,0.7268538475036621,0.15410377085208893,-0.1096639335155487,0.7217866778373718,0.15574438869953156
124,-0.025662966072559357,-0.615544319152832,-0.28943967819213867,0.14225983619689941,-0.5235505700111389,-0.1537647843360901,0.20914976298809052,-0.7502041459083557,-0.2269650101661682,-0.13939319550991058,-0.5062106847763062,-0.12101680040359497,-0.24908752739429474,-0.6857357621192932,-0.1557479202747345,0.19902324676513672,-0.97843337059021,-0.2749733328819275,-0.2543533146381378,-0.9126278162002563,-0.21757452189922333,0.10890479385852814,-0.0004745613259728998,-0.0038704127073287964,-0.10920844227075577,-2.7215150112169795e-05,0.004990861285477877,0.10739472508430481,0.405962735414505,0.020691029727458954,-0.1103663221001625,0.38472646474838257,0.03497559204697609,0.15547780692577362,0.7268815040588379,0.15557493269443512,-0.10606314241886139,0.7190142273902893,0.1725897192955017
125,-0.027017412707209587,-0.6141457557678223,-0.2919989228248596,0.1418703943490982,-0.5236320495605469,-0.15371555089950562,0.20906466245651245,-0.7503111362457275,-0.22465308010578156,-0.14027860760688782,-0.5048828125,-0.12435803562402725,-0.251701682806015,-0.681252658367157,-0.16678167879581451,0.1988195776939392,-0.9783706068992615,-0.27470019459724426,-0.2582901120185852,-0.9091868996620178,-0.23336707055568695,0.1088835746049881,-0.0005548655171878636,-0.0030985388439148664,-0.10918308049440384,4.82107607240323e-05,0.00424372311681509,0.10756899416446686,0.40592318773269653,0.020861461758613586,-0.1102425754070282,0.38469186425209045,0.027329014614224434,0.15548449754714966,0.726313054561615,0.1572466790676117,-0.10598733276128769,0.7189714908599854,0.16645851731300354
126,-0.027965957298874855,-0.6146067380905151,-0.29375144839286804,0.14213865995407104,-0.5236806869506836,-0.1539565920829773,0.21225474774837494,-0.7500382661819458,-0.2233201563358307,-0.14022929966449738,-0.5052264332771301,-0.1272757351398468,-0.2518655061721802,-0.6829294562339783,-0.16829261183738708,0.19995062053203583,-0.9782028198242188,-0.27182886004447937,-0.25844359397888184,-0.9101741909980774,-0.23142245411872864,0.10884781926870346,-0.0006301780231297016,-0.0023628633935004473,-0.10914458334445953,0.0001188534006359987,0.003526059677824378,0.10967866331338882,0.4057566225528717,0.028087103739380836,-0.10750402510166168,0.38471996784210205,0.022875646129250526,0.15582779049873352,0.7260085344314575,0.16320106387138367,-0.1064751073718071,0.720319390296936,0.1587817221879959
127,-0.033993203192949295,-0.6211383938789368,-0.2841847836971283,0.14136545360088348,-0.528029203414917,-0.15224827826023102,0.21214880049228668,-0.7542456388473511,-0.22264112532138824,-0.14132137596607208,-0.5102439522743225,-0.11115607619285583,-0.2573641538619995,-0.691105842590332,-0.13519534468650818,0.1997474879026413,-0.9807085990905762,-0.2717990279197693,-0.2621177136898041,-0.9143643975257874,-0.1935017853975296,0.1086103767156601,-0.000508054334204644,-0.004781179595738649,-0.10888002067804337,-1.7344956404485856e-06,0.0059426575899124146,0.10838054120540619,0.4057820737361908,0.029814010486006737,-0.1079217717051506,0.38477396965026855,0.039227843284606934,0.15385721623897552,0.7265393137931824,0.1651923507452011,-0.10662943124771118,0.7203453183174133,0.17846165597438812
128,-0.03892262652516365,-0.6196091175079346,-0.2870412766933441,0.13863995671272278,-0.5275347232818604,-0.1538689136505127,0.21145020425319672,-0.7541214823722839,-0.22500061988830566,-0.1447651982307434,-0.5100449919700623,-0.11288772523403168,-0.26242631673812866,-0.6905022263526917,-0.1453801393508911,0.19755317270755768,-0.980239748954773,-0.27320417761802673,-0.2673221230506897,-0.913326621055603,-0.20749807357788086,0.10859315097332001,-0.0005464265123009682,-0.005010794848203659,-0.10886084288358688,3.616972389863804e-05,0.00617626216262579,0.10839546471834183,0.4054470360279083,0.028370723128318787,-0.10807482898235321,0.3846886157989502,0.0356549508869648,0.1546001136302948,0.7244200110435486,0.1651504635810852,-0.10713403671979904,0.7203466892242432,0.17212265729904175
129,-0.03870367631316185,-0.6194455027580261,-0.291095107793808,0.13930459320545197,-0.5268454551696777,-0.15846163034439087,0.21158196032047272,-0.7539803981781006,-0.2287832647562027,-0.14327040314674377,-0.510129451751709,-0.11660720407962799,-0.2599371671676636,-0.690809965133667,-0.14874325692653656,0.19838370382785797,-0.9800002574920654,-0.27596357464790344,-0.26761412620544434,-0.9132140278816223,-0.21280810236930847,0.10847742855548859,-0.0005025967257097363,-0.005990857724100351,-0.10875089466571808,-4.999851171305636e-06,0.007131672464311123,0.11697477847337723,0.40427085757255554,0.027950912714004517,-0.1080387532711029,0.3846794664859772,0.03889830783009529,0.16281023621559143,0.7242193818092346,0.16386336088180542,-0.10715124011039734,0.7209400534629822,0.17433731257915497
130,-0.03873194009065628,-0.6193414926528931,-0.28525176644325256,0.13958477973937988,-0.5284778475761414,-0.15556083619594574,0.2117672562599182,-0.7553353309631348,-0.22769398987293243,-0.1431972086429596,-0.512112021446228,-0.10797051340341568,-0.2600112855434418,-0.6964176893234253,-0.13412201404571533,0.19681914150714874,-0.9799301624298096,-0.273337185382843,-0.2680973708629608,-0.9209862947463989,-0.19309398531913757,0.10836774110794067,-0.0003448801289778203,-0.007305285427719355,-0.1086253747344017,-0.00015944981714710593,0.0084384735673666,0.11456696689128876,0.4048316180706024,0.023422187194228172,-0.10995664447546005,0.38488176465034485,0.04073147103190422,0.15970273315906525,0.7264402508735657,0.1588357537984848,-0.10746920853853226,0.7219164967536926,0.17516525089740753
131,-0.03961911052465439,-0.6184442639350891,-0.28519025444984436,0.13697728514671326,-0.5283905863761902,-0.14358721673488617,0.20903001725673676,-0.7549187541007996,-0.2070489525794983,-0.14729894697666168,-0.5118134021759033,-0.10980362445116043,-0.26127052307128906,-0.6959580183029175,-0.14782512187957764,0.1948213428258896,-0.9784679412841797,-0.24992933869361877,-0.2679953873157501,-0.9200248122215271,-0.2102590799331665,0.10841354727745056,-0.0005013293703086674,-0.004883806686848402,-0.1086716502904892,-1.673082442721352e-05,0.006067665759474039,0.11420395225286484,0.40481406450271606,0.02443346194922924,-0.11093918979167938,0.3847830593585968,0.031165501102805138,0.15808390080928802,0.725122332572937,0.1605576127767563,-0.11072120070457458,0.7218995690345764,0.1653897613286972
132,-0.04867963492870331,-0.6239345669746399,-0.2533961236476898,0.13558180630207062,-0.5333235263824463,-0.1265636682510376,0.20782992243766785,-0.7582089900970459,-0.19752413034439087,-0.14747746288776398,-0.5150079727172852,-0.07829594612121582,-0.26129376888275146,-0.6956767439842224,-0.09908299148082733,0.18392932415008545,-0.9897114634513855,-0.24080072343349457,-0.27534765005111694,-0.919155478477478,-0.1582040786743164,0.10792031139135361,-0.0004740464501082897,-0.006716497708112001,-0.10815827548503876,-3.84381964977365e-05,0.007898484356701374,0.1137005016207695,0.40413305163383484,0.026183709502220154,-0.11060306429862976,0.3848675787448883,0.038794707506895065,0.15809571743011475,0.7251126170158386,0.16367994248867035,-0.11105216294527054,0.7220344543457031,0.1750730276107788
133,-0.0485975407063961,-0.62369304895401,-0.2509538233280182,0.13535036146640778,-0.5350852012634277,-0.125971257686615,0.20807501673698425,-0.7580826878547668,-0.20022469758987427,-0.14990590512752533,-0.5162054896354675,-0.07736664265394211,-0.26421207189559937,-0.6956009268760681,-0.10368916392326355,0.183663472533226,-0.9883443713188171,-0.24194422364234924,-0.27641963958740234,-0.9187422394752502,-0.16481812298297882,0.1078060045838356,-0.0004943967214785516,-0.00764232873916626,-0.10803389549255371,-1.1421671842981596e-05,0.008808953687548637,0.11177847534418106,0.4041398763656616,0.02603728696703911,-0.10643570870161057,0.3850175440311432,0.03942539915442467,0.1573738157749176,0.7262824177742004,0.16236235201358795,-0.1041310653090477,0.7229260802268982,0.1748897284269333
134,-0.053219396620988846,-0.6174675822257996,-0.25462642312049866,0.13186505436897278,-0.534785807132721,-0.12671589851379395,0.20168733596801758,-0.7549856901168823,-0.20083166658878326,-0.15125194191932678,-0.5150057673454285,-0.07967685163021088,-0.2707282304763794,-0.685710072517395,-0.10438001155853271,0.17904439568519592,-0.984752357006073,-0.24494363367557526,-0.28697794675827026,-0.9066895246505737,-0.16816186904907227,0.10777350515127182,-0.0004364615888334811,-0.00794882234185934,-0.10799992829561234,-6.59097422612831e-05,0.009132998064160347,0.10881000012159348,0.40450388193130493,0.017616789788007736,-0.10767623782157898,0.38506513833999634,0.03242174908518791,0.15562427043914795,0.7278207540512085,0.14860251545906067,-0.10656191408634186,0.7246116399765015,0.1614324301481247
135,-0.05280391499400139,-0.6169002652168274,-0.2649516761302948,0.1327219158411026,-0.5342280268669128,-0.13451950252056122,0.2036338448524475,-0.7550567984580994,-0.20889142155647278,-0.15112942457199097,-0.5147883296012878,-0.09289088845252991,-0.2693294882774353,-0.6860747933387756,-0.11986689269542694,0.1795584261417389,-0.98451828956604,-0.25352275371551514,-0.2852340340614319,-0.9069328308105469,-0.1787438541650772,0.10776923596858978,-0.0003741768596228212,-0.007860765792429447,-0.10799773782491684,-0.0001271708752028644,0.009037899784743786,0.11161283403635025,0.4044345021247864,0.017963839694857597,-0.1076061874628067,0.3846636712551117,0.03254521265625954,0.15450352430343628,0.7288002371788025,0.1540890336036682,-0.10660789906978607,0.7222884893417358,0.1657879799604416
136,-0.05700831860303879,-0.6142305731773376,-0.2653125524520874,0.13138608634471893,-0.5342133045196533,-0.13716261088848114,0.20328198373317719,-0.7560735940933228,-0.21394294500350952,-0.1516755372285843,-0.5141928791999817,-0.09294617921113968,-0.26953014731407166,-0.68607497215271,-0.11995390057563782,0.17512257397174835,-0.9852182269096375,-0.2574049234390259,-0.28545907139778137,-0.9070937037467957,-0.17940841615200043,0.10735488682985306,-0.0003094365238212049,-0.009296517819166183,-0.10758340358734131,-0.00018532463582232594,0.010429918766021729,0.10764559358358383,0.40395671129226685,0.015761295333504677,-0.10671558976173401,0.3852179944515228,0.03452051058411598,0.15165995061397552,0.7288464307785034,0.14610710740089417,-0.10613586753606796,0.7256935834884644,0.16577841341495514
137,-0.05683717131614685,-0.6151034235954285,-0.2629762589931488,0.13143080472946167,-0.5354588627815247,-0.13488875329494476,0.20323581993579865,-0.7583872079849243,-0.2098553478717804,-0.1516643464565277,-0.5138545632362366,-0.0908268615603447,-0.26943957805633545,-0.68515944480896,-0.11627539992332458,0.1749502569437027,-0.9858379364013672,-0.2542806565761566,-0.2850514352321625,-0.9062012434005737,-0.1739247888326645,0.10734765231609344,-0.0002950491616502404,-0.009207349270582199,-0.10757379978895187,-0.00019890113617293537,0.010345345363020897,0.11104472726583481,0.4039260745048523,0.01833675615489483,-0.10676424950361252,0.38516703248023987,0.036286551505327225,0.1522485613822937,0.7288057208061218,0.15393872559070587,-0.10618609935045242,0.7243046164512634,0.17151516675949097
138,-0.06074543669819832,-0.613860547542572,-0.25811144709587097,0.13096944987773895,-0.5358743071556091,-0.13337065279483795,0.2030765414237976,-0.758479654788971,-0.20997396111488342,-0.1523214876651764,-0.5145084857940674,-0.08149322867393494,-0.26931899785995483,-0.6866797804832458,-0.1048002764582634,0.17214100062847137,-0.9864091873168945,-0.2546904683113098,-0.2850947380065918,-0.9082417488098145,-0.1638985127210617,0.10706491768360138,-5.8764577261172235e-05,-0.011531884782016277,-0.1072811409831047,-0.00042335642501711845,0.01263582706451416,0.10844527184963226,0.4037189781665802,0.012902341783046722,-0.10624618083238602,0.38518834114074707,0.0418512225151062,0.14977580308914185,0.7312115430831909,0.141042098402977,-0.10438371449708939,0.7246967554092407,0.17191819846630096
139,-0.06204204633831978,-0.6165264248847961,-0.2501852810382843,0.12991444766521454,-0.5378976464271545,-0.12699908018112183,0.19974638521671295,-0.7617033123970032,-0.20017017424106598,-0.15180864930152893,-0.5163214206695557,-0.07466480880975723,-0.2612079083919525,-0.6876198053359985,-0.09586581587791443,0.16685226559638977,-0.9929006695747375,-0.23765064775943756,-0.2839183509349823,-0.9082829356193542,-0.1528131514787674,0.10668937861919403,1.0607071772028576e-06,-0.012530704028904438,-0.10689980536699295,-0.00048107231850735843,0.013620899990200996,0.11156401038169861,0.4022122323513031,0.014853369444608688,-0.10611248761415482,0.3852294087409973,0.05196550861001015,0.15595577657222748,0.7299516797065735,0.1472393274307251,-0.10420882701873779,0.7245112657546997,0.18550556898117065
