FrameNo,head_x,head_y,head_z,left_shoulder_x,left_shoulder_y,left_shoulder_z,left_elbow_x,left_elbow_y,left_elbow_z,right_shoulder_x,right_shoulder_y,right_shoulder_z,right_elbow_x,right_elbow_y,right_elbow_z,left_hand_x,left_hand_y,left_hand_z,right_hand_x,right_hand_y,right_hand_z,left_hip_x,left_hip_y,left_hip_z,right_hip_x,right_hip_y,right_hip_z,left_knee_x,left_knee_y,left_knee_z,right_knee_x,right_knee_y,right_knee_z,left_foot_x,left_foot_y,left_foot_z,right_foot_x,right_foot_y,right_foot_z
0,0.02157498151063919,-0.5956544876098633,-0.33605045080184937,0.1664993166923523,-0.44784078001976013,-0.11178556084632874,0.17431201040744781,-0.2119365930557251,-0.05737525597214699,-0.14484211802482605,-0.4410141110420227,-0.13720475137233734,-0.19075199961662292,-0.19116348028182983,-0.07580973207950592,0.20056378841400146,0.010290957055985928,-0.13906195759773254,-0.22301998734474182,0.030477695167064667,-0.15380719304084778,0.11468736827373505,0.004086569417268038,0.007718593813478947,-0.11494018137454987,-0.00483443820849061,-0.006252945400774479,0.10979411005973816,0.43060049414634705,-0.02762102521955967,-0.13283765316009521,0.40465831756591797,-0.01648222655057907,0.13107047975063324,0.7984325885772705,0.06278911978006363,-0.12301895767450333,0.781547486782074,0.07770039886236191
1,0.02512231469154358,-0.5950796008110046,-0.3362131416797638,0.17101529240608215,-0.4414171576499939,-0.11190802603960037,0.18902678787708282,-0.21088933944702148,-0.05729971453547478,-0.1410105973482132,-0.4401317834854126,-0.13581956923007965,-0.19157801568508148,-0.19123996794223785,-0.06814629584550858,0.22362011671066284,0.008303232491016388,-0.13918837904930115,-0.23663824796676636,0.026235003024339676,-0.14498071372509003,0.11468654125928879,0.0043904222548007965,0.0077199265360832214,-0.11493997275829315,-0.005142968147993088,-0.006251791957765818,0.1098596379160881,0.4307984709739685,-0.02748723328113556,-0.13217252492904663,0.4037361145019531,-0.016573727130889893,0.1292937994003296,0.8017152547836304,0.05686947703361511,-0.12020131200551987,0.7818403840065002,0.07041697204113007
2,0.025519976392388344,-0.6083546280860901,-0.19035783410072327,0.17102037370204926,-0.45835816860198975,0.013067792169749737,0.22109809517860413,-0.2565280795097351,0.04216818884015083,-0.14225682616233826,-0.45294445753097534,-0.009093246422708035,-0.23940026760101318,-0.23360146582126617,0.02867107279598713,0.2635924518108368,-0.09132872521877289,-0.06360041350126266,-0.31727564334869385,-0.07078634947538376,-0.07229271531105042,0.11465418338775635,0.00429463991895318,0.007806512527167797,-0.11486777663230896,-0.005006320308893919,-0.006350712850689888,0.1141481027007103,0.4277408719062805,-0.03342895209789276,-0.1302286982536316,0.40069425106048584,-0.02485201507806778,0.1286403089761734,0.7974168062210083,0.02769048698246479,-0.11743350327014923,0.7814643979072571,0.04725975543260574
3,0.027255995199084282,-0.6240944862365723,-0.09257350862026215,0.17130911350250244,-0.4708023965358734,0.09153567999601364,0.2347642332315445,-0.2840587794780731,0.10260465741157532,-0.14234201610088348,-0.4569832384586334,0.07285978645086288,-0.26652416586875916,-0.250682532787323,0.09576431661844254,0.27829423546791077,-0.15140272676944733,-0.00698350602760911,-0.35906118154525757,-0.1086239442229271,-0.0051219104789197445,0.11440487951040268,0.004280562978237867,0.007854357361793518,-0.11454786360263824,-0.004961072932928801,-0.006413610652089119,0.11125025153160095,0.4266432523727417,-0.039217159152030945,-0.12948904931545258,0.3962959349155426,-0.038747869431972504,0.11909501999616623,0.7967270016670227,0.015882616862654686,-0.11734551191329956,0.7773587107658386,0.02877628058195114
4,0.027345722541213036,-0.6302589178085327,-0.08411204069852829,0.16836905479431152,-0.47967061400413513,0.09771817177534103,0.2392854243516922,-0.31619736552238464,0.12395630031824112,-0.14426615834236145,-0.4624929428100586,0.0843573585152626,-0.29390475153923035,-0.28532329201698303,0.11741171032190323,0.29233476519584656,-0.21477295458316803,0.03387016803026199,-0.3927144408226013,-0.1589624285697937,0.026006370782852173,0.11427797377109528,0.00402389420196414,0.007826724089682102,-0.11440297216176987,-0.004651770461350679,-0.006384485866874456,0.10422907024621964,0.4268684387207031,-0.03909577429294586,-0.12943698465824127,0.39448997378349304,-0.04317796230316162,0.11551160365343094,0.792313814163208,0.015755940228700638,-0.11745983362197876,0.7730783820152283,0.02236797846853733
5,0.027513086795806885,-0.624129056930542,-0.011964338831603527,0.1720893532037735,-0.4781639575958252,0.12555040419101715,0.2547816038131714,-0.3744414448738098,-0.0760602355003357,-0.14303719997406006,-0.46794620156288147,0.12443804740905762,-0.2797788083553314,-0.37782591581344604,0.003941564355045557,0.3177975118160248,-0.45096132159233093,-0.3432867228984833,-0.3615541458129883,-0.4331633150577545,-0.22927336394786835,0.11392568051815033,0.004044420551508665,0.0052564130164682865,-0.11396786570549011,-0.004650951828807592,-0.004260811489075422,0.10281801968812943,0.4264027774333954,-0.044219788163900375,-0.12433434277772903,0.3940291702747345,-0.041847143322229385,0.10936439782381058,0.7932475209236145,0.008347333408892155,-0.10914615541696548,0.7743085026741028,0.0142878582701087
6,0.027605557814240456,-0.6264350414276123,-0.010512303560972214,0.172584667801857,-0.47896069288253784,0.12646731734275818,0.27926385402679443,-0.4740934371948242,-0.058975670486688614,-0.14251606166362762,-0.48350968956947327,0.12669815123081207,-0.27979159355163574,-0.5223796963691711,0.004699487704783678,0.3390796184539795,-0.6280325651168823,-0.2696079909801483,-0.36167749762535095,-0.6485440135002136,-0.18757706880569458,0.11333850771188736,0.003966808319091797,0.005016225855797529,-0.11327947676181793,-0.00454375147819519,-0.004065924324095249,0.10867080837488174,0.4262043237686157,-0.044381894171237946,-0.12154386937618256,0.39384135603904724,-0.04108657315373421,0.10994534194469452,0.7918506860733032,-0.007563402410596609,-0.10529341548681259,0.7741585373878479,-0.0007578826625831425
7,0.02932967059314251,-0.6325139403343201,-0.02020721696317196,0.17163194715976715,-0.49040359258651733,0.1310451328754425,0.29339277744293213,-0.5617443919181824,0.04217469319701195,-0.14013928174972534,-0.4952957034111023,0.12822149693965912,-0.28785619139671326,-0.5869801044464111,0.0808892622590065,0.3512021005153656,-0.7487958669662476,-0.06198658421635628,-0.360055148601532,-0.7595928311347961,-0.0004197510425001383,0.11224868893623352,0.0038653339724987745,0.005048528779298067,-0.11216738075017929,-0.004432481247931719,-0.004098197910934687,0.11628875881433487,0.4263123869895935,-0.04424094408750534,-0.11626295000314713,0.3925893306732178,-0.04290856793522835,0.11839575320482254,0.7894682884216309,-0.005925475619733334,-0.10402606427669525,0.7706806659698486,-0.004660331178456545
8,0.026788262650370598,-0.6318890452384949,-0.1878424882888794,0.16654938459396362,-0.4901597499847412,-0.006379381753504276,0.2852642834186554,-0.6233870387077332,-0.038143713027238846,-0.14023594558238983,-0.49286749958992004,-0.020059121772646904,-0.3003605008125305,-0.6215549111366272,-0.05974883958697319,0.3406440019607544,-0.8325875401496887,-0.07001566141843796,-0.3639799952507019,-0.8307904005050659,-0.15163902938365936,0.1120363101363182,0.0034008175134658813,0.006637010257691145,-0.1119847223162651,-0.0040257032960653305,-0.005641112569719553,0.11613231897354126,0.42613551020622253,-0.020529750734567642,-0.1162772849202156,0.3916373550891876,-0.032888442277908325,0.1203107163310051,0.7805810570716858,0.047451309859752655,-0.10428937524557114,0.7667986750602722,0.03539228066802025
9,0.023612523451447487,-0.6070523858070374,-0.3290952146053314,0.16169005632400513,-0.4843566119670868,-0.14714090526103973,0.28106915950775146,-0.6558696627616882,-0.19380822777748108,-0.1385384202003479,-0.48598676919937134,-0.1570940464735031,-0.2963273823261261,-0.6225607991218567,-0.24104882776737213,0.33676621317863464,-0.8868567943572998,-0.2648576498031616,-0.34916308522224426,-0.8462063074111938,-0.37093281745910645,0.11146113276481628,0.0030066599138081074,0.006481054704636335,-0.11150361597537994,-0.0036518049892038107,-0.005505584646016359,0.11405585706233978,0.4260680377483368,-0.010336820036172867,-0.11873412132263184,0.39308926463127136,-0.008136916905641556,0.11922847479581833,0.7783937454223633,0.0747147873044014,-0.10470117628574371,0.7669771313667297,0.07752493023872375
10,0.025497762486338615,-0.5880160927772522,-0.393381804227829,0.1596808135509491,-0.47033530473709106,-0.20727479457855225,0.2663349509239197,-0.6598331332206726,-0.2745191156864166,-0.1352107971906662,-0.47568824887275696,-0.23246167600154877,-0.28202974796295166,-0.6200729608535767,-0.3492705821990967,0.3259526491165161,-0.8967891335487366,-0.36010727286338806,-0.3188838064670563,-0.8446933031082153,-0.4870317578315735,0.11105478554964066,0.0029731476679444313,0.0071119507774710655,-0.11115345358848572,-0.0036144377663731575,-0.006132178939878941,0.11145513504743576,0.426011860370636,-0.0076272678561508656,-0.12160421162843704,0.39292338490486145,-0.0007238491089083254,0.11918798834085464,0.7787418365478516,0.0783582329750061,-0.11307947337627411,0.760661780834198,0.09364467859268188
11,0.024955781176686287,-0.5859085917472839,-0.39211708307266235,0.15755565464496613,-0.4676520824432373,-0.21522457897663116,0.25712868571281433,-0.6677342653274536,-0.2896789610385895,-0.13355618715286255,-0.47440364956855774,-0.22649246454238892,-0.27634719014167786,-0.6277857422828674,-0.33170607686042786,0.30664724111557007,-0.9092037677764893,-0.37157580256462097,-0.3125995099544525,-0.8568004965782166,-0.46040937304496765,0.11043039709329605,0.003018768038600683,0.005721925757825375,-0.11059745401144028,-0.003651499282568693,-0.004761029966175556,0.10486198961734772,0.4253152310848236,-0.007555360905826092,-0.1257266253232956,0.39288330078125,0.008783782832324505,0.1188327819108963,0.7758966684341431,0.08536960929632187,-0.12137307226657867,0.7567177414894104,0.10561496764421463
12,0.020447056740522385,-0.5870301723480225,-0.35557663440704346,0.1565117985010147,-0.46812787652015686,-0.19322632253170013,0.24721644818782806,-0.6818084120750427,-0.27338698506355286,-0.13346929848194122,-0.47677484154701233,-0.18729457259178162,-0.2725980281829834,-0.6509812474250793,-0.2856239378452301,0.290378600358963,-0.9228598475456238,-0.3482342064380646,-0.30060648918151855,-0.8824428915977478,-0.40743356943130493,0.10995768010616302,0.003045418532565236,0.00020726630464196205,-0.11015761643648148,-0.0036695885937660933,0.000704305071849376,0.09734153002500534,0.4235781729221344,-0.007989306002855301,-0.1293775588274002,0.39323529601097107,0.01628969982266426,0.114784836769104,0.7751350402832031,0.08702535927295685,-0.12264365702867508,0.7566819190979004,0.11353065073490143
13,0.020558224990963936,-0.5882836580276489,-0.3584730923175812,0.15658310055732727,-0.46826833486557007,-0.1963481903076172,0.24615277349948883,-0.6792474389076233,-0.27099838852882385,-0.13287927210330963,-0.4786538779735565,-0.18863260746002197,-0.27062442898750305,-0.650566577911377,-0.2878502309322357,0.28890955448150635,-0.9199106693267822,-0.34269145131111145,-0.29197242856025696,-0.8813194632530212,-0.4083741307258606,0.10973624885082245,0.00306939915753901,-0.00207593385130167,-0.10995122045278549,-0.0036861449480056763,0.003001653589308262,0.09601759165525436,0.42282724380493164,-0.011505216360092163,-0.12938973307609558,0.3937728703022003,0.018321916460990906,0.11688873171806335,0.7745497226715088,0.08410591632127762,-0.12216664850711823,0.7564059495925903,0.1152079850435257
14,0.020909782499074936,-0.5893344879150391,-0.36549046635627747,0.1574377715587616,-0.469941109418869,-0.2029051035642624,0.24633106589317322,-0.6871956586837769,-0.26897019147872925,-0.13016578555107117,-0.48104292154312134,-0.1928841769695282,-0.26430654525756836,-0.6550068855285645,-0.2927733063697815,0.28981876373291016,-0.9249194860458374,-0.3337845802307129,-0.2745612561702728,-0.8788025379180908,-0.4139319956302643,0.10944487154483795,0.0032225768081843853,-0.0038810360711067915,-0.10967089235782623,-0.0038267942145466805,0.00483721075579524,0.09602107107639313,0.42249181866645813,-0.011908884160220623,-0.1292957067489624,0.39396870136260986,0.023607339709997177,0.1205659806728363,0.7738986611366272,0.08604182302951813,-0.12197509407997131,0.7554046511650085,0.12460210174322128
15,0.021252132952213287,-0.5893517732620239,-0.36920109391212463,0.1579088270664215,-0.46908172965049744,-0.20697562396526337,0.24664241075515747,-0.6805986166000366,-0.2808607518672943,-0.12689706683158875,-0.4810144305229187,-0.1991550475358963,-0.25537410378456116,-0.6530998945236206,-0.3032419681549072,0.2886822819709778,-0.9171193242073059,-0.3460744023323059,-0.26690372824668884,-0.8766403198242188,-0.42438507080078125,0.10917409509420395,0.0032626651227474213,-0.003534704679623246,-0.10940490663051605,-0.003861607052385807,0.004508787766098976,0.09615416079759598,0.42238250374794006,-0.012290618382394314,-0.1268019825220108,0.39435580372810364,0.022748839110136032,0.12184776365756989,0.7740112543106079,0.08499157428741455,-0.11590258032083511,0.7565690279006958,0.12203595042228699
16,0.01787264458835125,-0.5896150469779968,-0.36311545968055725,0.1547476053237915,-0.472233384847641,-0.20034600794315338,0.2434215396642685,-0.6871921420097351,-0.2760177552700043,-0.129572793841362,-0.48207399249076843,-0.19353756308555603,-0.25568461418151855,-0.6532284021377563,-0.2959471046924591,0.27841025590896606,-0.9260580539703369,-0.3432263135910034,-0.2699145972728729,-0.8782671689987183,-0.41754648089408875,0.10897472500801086,0.003265870502218604,-0.0036092204973101616,-0.10920477658510208,-0.003860217286273837,0.004580618813633919,0.09524856507778168,0.4218173325061798,-0.012689751572906971,-0.12681353092193604,0.3944298326969147,0.021137570962309837,0.12054185569286346,0.7744960188865662,0.08445039391517639,-0.1152467131614685,0.756628692150116,0.11866792291402817
17,0.01807667315006256,-0.5924949049949646,-0.3615350127220154,0.1555580198764801,-0.4737587869167328,-0.19714626669883728,0.2428520768880844,-0.6864424347877502,-0.2735633850097656,-0.12903383374214172,-0.4846639335155487,-0.19177091121673584,-0.25181451439857483,-0.6569041013717651,-0.29250550270080566,0.27725470066070557,-0.9259784817695618,-0.3413376212120056,-0.2603883445262909,-0.8828444480895996,-0.4141003489494324,0.10889867693185806,0.003283330937847495,-0.004312959033995867,-0.10913370549678802,-0.003872049506753683,0.005269634537398815,0.09637318551540375,0.4207759499549866,-0.01521031279116869,-0.12704981863498688,0.39438506960868835,0.021051079034805298,0.12249922752380371,0.7741166949272156,0.08408349752426147,-0.11702271550893784,0.7559682726860046,0.11822497844696045
18,0.02341269515454769,-0.5926479697227478,-0.3452526330947876,0.16098730266094208,-0.475320965051651,-0.18767111003398895,0.2434246838092804,-0.6862339377403259,-0.26242953538894653,-0.12418124824762344,-0.48518139123916626,-0.17350511252880096,-0.24563975632190704,-0.6556360125541687,-0.28294020891189575,0.27620580792427063,-0.925548791885376,-0.32391753792762756,-0.2500171959400177,-0.8812353014945984,-0.410612016916275,0.10881660133600235,0.003319012001156807,-0.004840109962970018,-0.10904994606971741,-0.0039007174782454967,0.005777662619948387,0.0980544313788414,0.42023801803588867,-0.015392530709505081,-0.12665480375289917,0.39438745379447937,0.020681122317910194,0.12448792904615402,0.7732972502708435,0.08486874401569366,-0.1174292266368866,0.755937933921814,0.11838619410991669
19,0.02323470450937748,-0.5919129848480225,-0.33689406514167786,0.161000058054924,-0.47560977935791016,-0.18399940431118011,0.2409878522157669,-0.6870996952056885,-0.26359137892723083,-0.12392807006835938,-0.4835887849330902,-0.1659529060125351,-0.24602684378623962,-0.6537178754806519,-0.2801392674446106,0.2596234977245331,-0.9249050617218018,-0.329003244638443,-0.25324004888534546,-0.8806025981903076,-0.4094356894493103,0.10872765630483627,0.003323681652545929,-0.004807496443390846,-0.10895507782697678,-0.003900350071489811,0.005743762478232384,0.09586652368307114,0.42019951343536377,-0.019085675477981567,-0.1267060488462448,0.39439699053764343,0.014479730278253555,0.12037187814712524,0.7755512595176697,0.07606298476457596,-0.11684886366128922,0.756890058517456,0.10515006631612778
20,0.023515542969107628,-0.5959882736206055,-0.3229634463787079,0.16098736226558685,-0.4793786406517029,-0.17377960681915283,0.23903539776802063,-0.6966922283172607,-0.25988566875457764,-0.12398319691419601,-0.48663198947906494,-0.1586906611919403,-0.24224598705768585,-0.6632553935050964,-0.2749969959259033,0.2558497488498688,-0.9335296750068665,-0.3248254358768463,-0.25246506929397583,-0.8907049298286438,-0.40402159094810486,0.10866536945104599,0.0032769793178886175,-0.004623633809387684,-0.1088855192065239,-0.003845340572297573,0.005559367593377829,0.09573829919099808,0.42016756534576416,-0.018293552100658417,-0.12676814198493958,0.3943028450012207,0.012950805947184563,0.11977730691432953,0.7759540677070618,0.08061052113771439,-0.11700785905122757,0.756840169429779,0.10526824742555618
21,0.02096797153353691,-0.6022035479545593,-0.29483023285865784,0.1609838455915451,-0.4851485788822174,-0.14758704602718353,0.23830083012580872,-0.7009297013282776,-0.218796044588089,-0.12434825301170349,-0.48849040269851685,-0.12659965455532074,-0.24379552900791168,-0.6639982461929321,-0.2396254688501358,0.25750723481178284,-0.9371951818466187,-0.273857444524765,-0.25289323925971985,-0.8909915685653687,-0.3682301640510559,0.10852701961994171,0.0032971592154353857,-0.005204944871366024,-0.10873721539974213,-0.0038598293904215097,0.006135813891887665,0.09554850310087204,0.41975703835487366,-0.01828652061522007,-0.12874627113342285,0.3941749930381775,0.014325515367090702,0.11976951360702515,0.776255190372467,0.08031582832336426,-0.11979575455188751,0.7569847106933594,0.1066877469420433
22,0.01910770870745182,-0.6109838485717773,-0.28988632559776306,0.1608879566192627,-0.48645368218421936,-0.14535976946353912,0.23728132247924805,-0.7010857462882996,-0.2179025560617447,-0.12484054267406464,-0.4925007224082947,-0.12243236601352692,-0.24403029680252075,-0.6713372468948364,-0.23170199990272522,0.25844666361808777,-0.9360894560813904,-0.2734830975532532,-0.25334614515304565,-0.8955864906311035,-0.35656362771987915,0.10846666246652603,0.003301596501842141,-0.00576765974983573,-0.10867543518543243,-0.0038613800425082445,0.006689534056931734,0.09557614475488663,0.4194774031639099,-0.01820068061351776,-0.12915009260177612,0.39412233233451843,0.015825726091861725,0.11969167739152908,0.7764014601707458,0.08103286474943161,-0.11976971477270126,0.7570039629936218,0.10918684303760529
23,0.018667392432689667,-0.6133974194526672,-0.2736721932888031,0.1609504669904709,-0.4900927245616913,-0.12786656618118286,0.23736195266246796,-0.7052986025810242,-0.194736048579216,-0.12567554414272308,-0.49383389949798584,-0.1078130379319191,-0.2478240430355072,-0.6720544099807739,-0.21247601509094238,0.26183104515075684,-0.9414321780204773,-0.24749939143657684,-0.25361570715904236,-0.8968581557273865,-0.33060339093208313,0.10841108113527298,0.0033345576375722885,-0.005816042423248291,-0.10862067341804504,-0.003889089683070779,0.006739613600075245,0.0956278145313263,0.41939157247543335,-0.01818831078708172,-0.13130876421928406,0.39365154504776,0.015620637685060501,0.11976228654384613,0.7766713500022888,0.08004087209701538,-0.12091027945280075,0.7568024396896362,0.10831481218338013
24,0.018622778356075287,-0.6143592000007629,-0.24995842576026917,0.16106566786766052,-0.49561163783073425,-0.10809639096260071,0.23472122848033905,-0.7048542499542236,-0.17384925484657288,-0.1257311850786209,-0.5010711550712585,-0.081824392080307,-0.24832704663276672,-0.6749277710914612,-0.17283621430397034,0.2641686499118805,-0.9377198219299316,-0.22941474616527557,-0.2543184459209442,-0.8982409834861755,-0.2867293059825897,0.10835477709770203,0.003469140501692891,-0.006687517743557692,-0.10856408625841141,-0.004018670413643122,0.0076538631692528725,0.0946730375289917,0.4193539619445801,-0.019022317603230476,-0.1313304901123047,0.3933703303337097,0.015733717009425163,0.11981333047151566,0.7773761749267578,0.07567272335290909,-0.1201312467455864,0.7558800578117371,0.10793279111385345
25,0.016568485647439957,-0.6211104989051819,-0.2506347596645355,0.16010361909866333,-0.4958871304988861,-0.10908690840005875,0.2305733561515808,-0.707099199295044,-0.17704828083515167,-0.12599602341651917,-0.5007035732269287,-0.08726974576711655,-0.24812278151512146,-0.6756044626235962,-0.18681557476520538,0.263638973236084,-0.9405000805854797,-0.23065340518951416,-0.25599274039268494,-0.8987545967102051,-0.3036441206932068,0.1083071380853653,0.003407182404771447,-0.005531805567443371,-0.10851304233074188,-0.00395312299951911,0.006522250361740589,0.09548123925924301,0.419353723526001,-0.016831543296575546,-0.13129287958145142,0.3933667242527008,0.009613975882530212,0.11902029067277908,0.7774806618690491,0.07652100175619125,-0.1201324313879013,0.7577993869781494,0.09861770272254944
26,0.017071880400180817,-0.6205152273178101,-0.2560352385044098,0.15997204184532166,-0.4957696795463562,-0.11280731856822968,0.2292109578847885,-0.7032279968261719,-0.181435227394104,-0.1261751353740692,-0.5008696913719177,-0.09136579930782318,-0.24880653619766235,-0.6755003333091736,-0.1929018646478653,0.26633182168006897,-0.9340795278549194,-0.23671555519104004,-0.2566917836666107,-0.8989803194999695,-0.30969786643981934,0.10826598107814789,0.0034090469125658274,-0.00552957970649004,-0.1084698960185051,-0.003953876905143261,0.00652273977175355,0.0928720086812973,0.41985467076301575,-0.01679467037320137,-0.13119149208068848,0.39349523186683655,0.00973865482956171,0.11605393141508102,0.779655933380127,0.07581446319818497,-0.1189734935760498,0.75794517993927,0.09898343682289124
27,0.01711740344762802,-0.6202270984649658,-0.2693684697151184,0.1596682071685791,-0.49553003907203674,-0.12169691920280457,0.22851723432540894,-0.7030628323554993,-0.18540208041667938,-0.12627243995666504,-0.5006130933761597,-0.10623525828123093,-0.24864400923252106,-0.6753648519515991,-0.21066774427890778,0.2663985788822174,-0.9337246417999268,-0.239384263753891,-0.256848007440567,-0.8988478779792786,-0.32884934544563293,0.10819263756275177,0.003449337324127555,-0.005493408069014549,-0.10839276015758514,-0.003992156125605106,0.006485368125140667,0.09243718534708023,0.42027747631073,-0.017411476001143456,-0.1310940831899643,0.39372530579566956,0.009832642041146755,0.11562512069940567,0.781323254108429,0.07341175526380539,-0.11830748617649078,0.7583762407302856,0.09897652268409729
28,0.017074624076485634,-0.6197493672370911,-0.2793596088886261,0.15963812172412872,-0.4953610599040985,-0.13426043093204498,0.22856472432613373,-0.7052258253097534,-0.2058531939983368,-0.12621960043907166,-0.4998709559440613,-0.1145867109298706,-0.2484288364648819,-0.6749234199523926,-0.225551038980484,0.26645395159721375,-0.9373188614845276,-0.26226183772087097,-0.2576921880245209,-0.8972814679145813,-0.3522357940673828,0.10811930149793625,0.0034700646065175533,-0.005639833863824606,-0.10831637680530548,-0.00400919932872057,0.006622394546866417,0.09254584461450577,0.42022424936294556,-0.017720723524689674,-0.13112527132034302,0.3939289152622223,0.010746138170361519,0.11527673155069351,0.7815115451812744,0.07389204949140549,-0.11829327791929245,0.7586129903793335,0.10130050778388977
29,0.016990911215543747,-0.6172927021980286,-0.2795740067958832,0.1589297205209732,-0.49427494406700134,-0.13415037095546722,0.2271036058664322,-0.7020652294158936,-0.2056218683719635,-0.12645815312862396,-0.4991627335548401,-0.115397147834301,-0.24843119084835052,-0.6748580932617188,-0.22574368119239807,0.26605087518692017,-0.9337274432182312,-0.2620764672756195,-0.2579968273639679,-0.8979901671409607,-0.3512462377548218,0.10808492451906204,0.0034409661311656237,-0.004790633916854858,-0.10827720165252686,-0.003979627974331379,0.0058001140132546425,0.09249983727931976,0.4204871654510498,-0.01723795384168625,-0.1326625645160675,0.39394617080688477,0.007890324108302593,0.1146656945347786,0.7813822031021118,0.07443594932556152,-0.12088853865861893,0.7586674690246582,0.09803156554698944
30,0.015283670276403427,-0.617159903049469,-0.27604052424430847,0.15827901661396027,-0.4952242076396942,-0.13252019882202148,0.22708818316459656,-0.7077638506889343,-0.20383566617965698,-0.12708905339241028,-0.5001521706581116,-0.1088203713297844,-0.25058525800704956,-0.6767991781234741,-0.21319043636322021,0.26630258560180664,-0.9398053884506226,-0.2589961290359497,-0.25955694913864136,-0.8979851007461548,-0.3334702253341675,0.10792623460292816,0.0035126132424920797,-0.006697414442896843,-0.10811498016119003,-0.004045835696160793,0.007683570496737957,0.09251374006271362,0.4196132719516754,-0.017490236088633537,-0.133072629570961,0.3939518332481384,0.01457399781793356,0.11466041952371597,0.7811312079429626,0.07541213184595108,-0.12086783349514008,0.7583239674568176,0.10602493584156036
31,0.015142463147640228,-0.617009162902832,-0.27607807517051697,0.15824539959430695,-0.49505165219306946,-0.13242672383785248,0.22714470326900482,-0.7052621245384216,-0.2033592313528061,-0.1271299421787262,-0.5004907846450806,-0.10869652032852173,-0.24953266978263855,-0.676733136177063,-0.21337434649467468,0.26825645565986633,-0.9374376535415649,-0.2587265372276306,-0.2578403651714325,-0.897881269454956,-0.3344965875148773,0.10787110030651093,0.003546103835105896,-0.007150675170123577,-0.10805820673704147,-0.004077819641679525,0.00813034363090992,0.09249607473611832,0.4192797541618347,-0.01779365725815296,-0.1331968605518341,0.39395901560783386,0.015729732811450958,0.11375638097524643,0.7808026075363159,0.07541348785161972,-0.12087385356426239,0.7581523060798645,0.10751485824584961
32,0.014831041917204857,-0.6183323264122009,-0.28298789262771606,0.15764382481575012,-0.4952740967273712,-0.13835187256336212,0.22712674736976624,-0.7073881030082703,-0.21085219085216522,-0.12783227860927582,-0.5004682540893555,-0.11997747421264648,-0.24863386154174805,-0.6772418022155762,-0.22968314588069916,0.26835447549819946,-0.94207364320755,-0.267231285572052,-0.2565387189388275,-0.899883508682251,-0.3512839376926422,0.10786598175764084,0.003475988982245326,-0.006511474959552288,-0.1080508828163147,-0.004002029541879892,0.007488794159144163,0.09268520027399063,0.4193751811981201,-0.014306546188890934,-0.13346973061561584,0.3939126431941986,0.015689663589000702,0.11463833600282669,0.7790537476539612,0.08709598332643509,-0.1214938834309578,0.7565365433692932,0.11284370720386505
33,0.01565556973218918,-0.6184127330780029,-0.30297020077705383,0.15925566852092743,-0.4926392734050751,-0.15688373148441315,0.23254550993442535,-0.7045583128929138,-0.23091378808021545,-0.12621086835861206,-0.5004972815513611,-0.1376025527715683,-0.2438889592885971,-0.6769489645957947,-0.2495959997177124,0.275260865688324,-0.9366210103034973,-0.2901966869831085,-0.2530065178871155,-0.8967608213424683,-0.3729974925518036,0.10783606767654419,0.0036113837268203497,-0.007461626548320055,-0.1080242246389389,-0.004132415633648634,0.008436025120317936,0.09472573548555374,0.41869765520095825,-0.018384506925940514,-0.13032087683677673,0.39398932456970215,0.020064998418092728,0.11654427647590637,0.7791382670402527,0.08383764326572418,-0.11908471584320068,0.7563660144805908,0.11787459999322891
34,0.010788480751216412,-0.6170379519462585,-0.30114269256591797,0.15253406763076782,-0.4934297204017639,-0.15524744987487793,0.2290406972169876,-0.7030120491981506,-0.23026446998119354,-0.13301758468151093,-0.5021831393241882,-0.13248075544834137,-0.2544712722301483,-0.6806120872497559,-0.23292727768421173,0.2746034860610962,-0.9314325451850891,-0.286599338054657,-0.2643820643424988,-0.9011564254760742,-0.3471282124519348,0.10775719583034515,0.0035640974529087543,-0.008268303237855434,-0.10794351994991302,-0.00408038217574358,0.00924752652645111,0.09424976259469986,0.41816988587379456,-0.019703691825270653,-0.1308109015226364,0.39470478892326355,0.02102133259177208,0.11671877652406693,0.7789644002914429,0.08269019424915314,-0.11842986941337585,0.7569282650947571,0.11750349402427673
35,0.016684696078300476,-0.6135035157203674,-0.3087240755558014,0.15915489196777344,-0.49251633882522583,-0.16166508197784424,0.23707140982151031,-0.7024122476577759,-0.23390266299247742,-0.12604643404483795,-0.5016941428184509,-0.1351712942123413,-0.24994158744812012,-0.6753156185150146,-0.23287825286388397,0.27906352281570435,-0.932297945022583,-0.29216063022613525,-0.2627108693122864,-0.8985387086868286,-0.3478444516658783,0.10770535469055176,0.0036294874735176563,-0.009454792365431786,-0.1078982725739479,-0.004141182638704777,0.010403630323708057,0.0965086966753006,0.4180082082748413,-0.020594170317053795,-0.12432850897312164,0.39489832520484924,0.023824147880077362,0.12155362963676453,0.7779039740562439,0.08248858898878098,-0.11116407811641693,0.7569613456726074,0.12164274603128433
36,0.01356563437730074,-0.6145537495613098,-0.28382396697998047,0.15772338211536407,-0.4953063428401947,-0.1445576399564743,0.23690611124038696,-0.7028234601020813,-0.21310298144817352,-0.12691359221935272,-0.5023944973945618,-0.11089596152305603,-0.25117227435112,-0.6760222315788269,-0.1853613406419754,0.28384214639663696,-0.9357889294624329,-0.27031952142715454,-0.26365798711776733,-0.9017998576164246,-0.28123125433921814,0.10767745971679688,0.0036848243325948715,-0.00950598157942295,-0.10786976665258408,-0.004189605824649334,0.010458771139383316,0.0950867086648941,0.417932391166687,-0.02280387282371521,-0.12556611001491547,0.39492133259773254,0.022051356732845306,0.1215326264500618,0.7779737710952759,0.07438941299915314,-0.11006958037614822,0.7569698095321655,0.11446325480937958
37,0.013466195203363895,-0.6154576539993286,-0.2832934856414795,0.1597452461719513,-0.49626123905181885,-0.1447768211364746,0.2366057187318802,-0.7010093927383423,-0.21455274522304535,-0.12638802826404572,-0.5032712817192078,-0.10996489971876144,-0.2503235936164856,-0.6781617403030396,-0.19119876623153687,0.2834828495979309,-0.9334982633590698,-0.2740139663219452,-0.26197487115859985,-0.9057883620262146,-0.2965186834335327,0.10761868953704834,0.0038804493378847837,-0.01090961042791605,-0.10780990868806839,-0.004376960918307304,0.011849675327539444,0.09441753476858139,0.4173922836780548,-0.023643553256988525,-0.1254185140132904,0.3947319984436035,0.024709660559892654,0.12147902697324753,0.7750973105430603,0.07484901696443558,-0.11020644009113312,0.7560892701148987,0.12061721831560135
38,0.01437896303832531,-0.6080387830734253,-0.3161596357822418,0.15854188799858093,-0.4913646876811981,-0.16446509957313538,0.23726442456245422,-0.7004038095474243,-0.23160770535469055,-0.12720221281051636,-0.4986855685710907,-0.148041233420372,-0.25137683749198914,-0.6738778948783875,-0.24548374116420746,0.28400832414627075,-0.9331415891647339,-0.294215589761734,-0.2618710994720459,-0.9005787372589111,-0.36262184381484985,0.10759182274341583,0.003862746525555849,-0.010457063093781471,-0.10778263956308365,-0.004357841331511736,0.011395103298127651,0.09278686344623566,0.4173629581928253,-0.025011157616972923,-0.1239066794514656,0.39572247862815857,0.021442562341690063,0.12198688089847565,0.7751320600509644,0.07195091247558594,-0.10657669603824615,0.759377121925354,0.11131949722766876
39,0.013817962259054184,-0.608269214630127,-0.3124016225337982,0.15856140851974487,-0.4926139712333679,-0.16411277651786804,0.23656997084617615,-0.7006468176841736,-0.2433193176984787,-0.1270046830177307,-0.49901655316352844,-0.1450444757938385,-0.2506454288959503,-0.6740511655807495,-0.2402491271495819,0.2839260399341583,-0.9331368803977966,-0.3140978515148163,-0.26179808378219604,-0.9002864956855774,-0.35927239060401917,0.10758229345083237,0.003849684027954936,-0.01046910509467125,-0.10777239501476288,-0.004340583458542824,0.011405459605157375,0.09482240676879883,0.416976660490036,-0.02376524917781353,-0.12459708750247955,0.3958244323730469,0.021998055279254913,0.12259294092655182,0.7748180031776428,0.0786813497543335,-0.10909640789031982,0.7591813206672668,0.11638312041759491
40,0.010977637022733688,-0.6100530624389648,-0.31104138493537903,0.15638156235218048,-0.49302271008491516,-0.1635080724954605,0.235002338886261,-0.7004746794700623,-0.24177004396915436,-0.12904010713100433,-0.499091774225235,-0.14265455305576324,-0.2530338764190674,-0.6741195321083069,-0.2354121208190918,0.28384578227996826,-0.932894229888916,-0.31002479791641235,-0.2630191147327423,-0.9018674492835999,-0.34447920322418213,0.1075763925909996,0.0037356805987656116,-0.010448821820318699,-0.10776709020137787,-0.004220052156597376,0.011384580284357071,0.09910548478364944,0.41410312056541443,-0.02379661612212658,-0.12455041706562042,0.3958066999912262,0.021463677287101746,0.12907826900482178,0.7711360454559326,0.08023335784673691,-0.10363246500492096,0.7579683065414429,0.1163167729973793
41,0.011529299430549145,-0.6078572869300842,-0.3296046555042267,0.15641799569129944,-0.49173828959465027,-0.1809859424829483,0.2377280741930008,-0.7004749178886414,-0.26225918531417847,-0.12819820642471313,-0.4991503059864044,-0.16223500669002533,-0.24964889883995056,-0.6741114854812622,-0.25374728441238403,0.28784802556037903,-0.9342812299728394,-0.32857397198677063,-0.2628674805164337,-0.9019816517829895,-0.35845357179641724,0.10754641145467758,0.0038165850564837456,-0.009641001932322979,-0.10774421691894531,-0.004298313520848751,0.01056660432368517,0.10421235114336014,0.4130507707595825,-0.017973026260733604,-0.12630318105220795,0.39252379536628723,0.019071675837039948,0.12946873903274536,0.7649991512298584,0.09808023273944855,-0.10888121277093887,0.7481597065925598,0.12049741297960281
42,0.0104198744520545,-0.6079573631286621,-0.33653804659843445,0.1549266278743744,-0.49032214283943176,-0.18634243309497833,0.23862506449222565,-0.6969628930091858,-0.2647717595100403,-0.12970854341983795,-0.49906060099601746,-0.17463357746601105,-0.24992938339710236,-0.6741234660148621,-0.2637592852115631,0.29201245307922363,-0.9289478063583374,-0.3292287588119507,-0.2642218768596649,-0.901951789855957,-0.36400750279426575,0.10752029716968536,0.003828987944871187,-0.007110391743481159,-0.10772224515676498,-0.004310671240091324,0.00808294489979744,0.10647565871477127,0.4118366539478302,-0.011678243987262249,-0.12629334628582,0.390439510345459,0.016614949330687523,0.13373379409313202,0.7612102627754211,0.10817168653011322,-0.10933248698711395,0.7428884506225586,0.12157411873340607
43,0.013080780394375324,-0.6060225367546082,-0.35062548518180847,0.15610724687576294,-0.48919764161109924,-0.19813001155853271,0.24465927481651306,-0.700787365436554,-0.2757498025894165,-0.12518928945064545,-0.4973696172237396,-0.18910939991474152,-0.2476416379213333,-0.6721037030220032,-0.27265089750289917,0.2963314652442932,-0.9380154609680176,-0.3382275700569153,-0.26425638794898987,-0.8987364768981934,-0.367815762758255,0.10728706419467926,0.004119253717362881,-0.006417384836822748,-0.10752002149820328,-0.0045961798168718815,0.007366084959357977,0.10980618745088577,0.40938180685043335,-0.009318751282989979,-0.12768962979316711,0.38700857758522034,0.009621220640838146,0.1352241337299347,0.7573955655097961,0.1133911982178688,-0.11189153790473938,0.738756000995636,0.12154217064380646
44,0.006940308026969433,-0.617664098739624,-0.3285469710826874,0.15396039187908173,-0.496160089969635,-0.1914306879043579,0.24449650943279266,-0.7085988521575928,-0.27217426896095276,-0.1295158863067627,-0.5023454427719116,-0.16817329823970795,-0.2587895095348358,-0.6839571595191956,-0.23207657039165497,0.29629722237586975,-0.9416609406471252,-0.3371224105358124,-0.27597686648368835,-0.9080051183700562,-0.3121293783187866,0.10686759650707245,0.004278202541172504,-0.007091820240020752,-0.10709282755851746,-0.004736732225865126,0.008027643896639347,0.1061515361070633,0.40720894932746887,-0.011613655835390091,-0.12437675148248672,0.38568004965782166,0.009856302291154861,0.13522692024707794,0.7581275105476379,0.11164192110300064,-0.09447736293077469,0.734926164150238,0.1263091117143631
45,0.005336671136319637,-0.6158948540687561,-0.34532031416893005,0.1540081650018692,-0.4960000216960907,-0.19852936267852783,0.24852381646633148,-0.7109949588775635,-0.2733283042907715,-0.1293468028306961,-0.5022876262664795,-0.1816016584634781,-0.25854623317718506,-0.6834229826927185,-0.2333134412765503,0.30237770080566406,-0.9486677050590515,-0.335094153881073,-0.276975154876709,-0.9078428745269775,-0.3121884763240814,0.10681696981191635,0.004551940597593784,-0.006170189939439297,-0.10705340653657913,-0.005009197164326906,0.007104907184839249,0.11097944527864456,0.4057072699069977,-0.009734215214848518,-0.12563574314117432,0.38300445675849915,0.0077175865881145,0.13596166670322418,0.7562094330787659,0.11245227605104446,-0.11335021257400513,0.7314392328262329,0.12532535195350647
46,0.00784979946911335,-0.6180192828178406,-0.343319296836853,0.15506413578987122,-0.4954223334789276,-0.19672411680221558,0.2510916292667389,-0.7112855911254883,-0.27243223786354065,-0.12891344726085663,-0.5016168355941772,-0.1817876100540161,-0.2562296986579895,-0.6819322109222412,-0.2522391676902771,0.30495092272758484,-0.9504613876342773,-0.33398231863975525,-0.27576199173927307,-0.9063555002212524,-0.3388805091381073,0.10678849369287491,0.004567274823784828,-0.0041206651367247105,-0.10702838748693466,-0.005021795630455017,0.005066696088761091,0.11391108483076096,0.4050571024417877,-0.0021650849375873804,-0.1256219893693924,0.3816530704498291,0.007084765005856752,0.1391785591840744,0.7536414861679077,0.12629742920398712,-0.11407393962144852,0.7269566059112549,0.12776707112789154
47,0.006576028186827898,-0.621331512928009,-0.34077611565589905,0.15474075078964233,-0.4968070983886719,-0.19628192484378815,0.25425493717193604,-0.7117345333099365,-0.271594762802124,-0.13022585213184357,-0.5050596594810486,-0.1807248592376709,-0.25819775462150574,-0.6878844499588013,-0.24331697821617126,0.31199946999549866,-0.9500927925109863,-0.33328214287757874,-0.27908647060394287,-0.9103155732154846,-0.31649214029312134,0.10669536143541336,0.004527921788394451,-0.004026905633509159,-0.10694873332977295,-0.004973652772605419,0.004966389387845993,0.11746154725551605,0.3982309401035309,-0.0019804982002824545,-0.12456906586885452,0.37899520993232727,0.006760766264051199,0.14776307344436646,0.7471135258674622,0.1265612691640854,-0.107868492603302,0.719211995601654,0.13126415014266968
48,0.007783570792526007,-0.6221703290939331,-0.32275882363319397,0.1575506329536438,-0.49869534373283386,-0.18472185730934143,0.26080432534217834,-0.7155937552452087,-0.2659952640533447,-0.12788842618465424,-0.5062107443809509,-0.16814719140529633,-0.25548049807548523,-0.6881869435310364,-0.2303941696882248,0.3161846697330475,-0.959431529045105,-0.3262276351451874,-0.2783752679824829,-0.9166644215583801,-0.2960324287414551,0.10665217787027359,0.0044934931211173534,-0.0025711834896355867,-0.10690895467996597,-0.004924846813082695,0.003489317372441292,0.1284431517124176,0.39086830615997314,-0.0088809784501791,-0.12610049545764923,0.3711831271648407,-0.017138808965682983,0.15369893610477448,0.7366213798522949,0.1259355992078781,-0.10841528326272964,0.7078941464424133,0.11968452483415604
49,0.007709729019552469,-0.6250191330909729,-0.3063534200191498,0.15796342492103577,-0.5038580298423767,-0.17414836585521698,0.2629677653312683,-0.7234310507774353,-0.2602277398109436,-0.12786465883255005,-0.5083204507827759,-0.15502861142158508,-0.2547456920146942,-0.6879017949104309,-0.21776451170444489,0.3173430263996124,-0.9648095369338989,-0.3208111822605133,-0.2807973027229309,-0.916250467300415,-0.28550899028778076,0.10655388981103897,0.004769967403262854,-0.0024946301709860563,-0.10680108517408371,-0.005156656727194786,0.0034112443681806326,0.12748250365257263,0.3846227526664734,-0.04636280611157417,-0.13228948414325714,0.36073505878448486,-0.04047497734427452,0.15297822654247284,0.7317714095115662,0.10215641558170319,-0.10873255878686905,0.6929749250411987,0.10464814305305481
50,0.007903387770056725,-0.6250180006027222,-0.3071591854095459,0.15909278392791748,-0.5055780410766602,-0.17068207263946533,0.2680049538612366,-0.7289292216300964,-0.25304657220840454,-0.12737061083316803,-0.5104281902313232,-0.15523868799209595,-0.2536649703979492,-0.6934353709220886,-0.2177664041519165,0.3244131803512573,-0.9697410464286804,-0.31003573536872864,-0.2811368405818939,-0.9252647757530212,-0.2839398682117462,0.10648524016141891,0.004869937896728516,-0.0020952036138623953,-0.10673452168703079,-0.005238478537648916,0.003005238249897957,0.13303010165691376,0.37909674644470215,-0.04987502843141556,-0.13965466618537903,0.350001722574234,-0.049136683344841,0.15339669585227966,0.7257515788078308,0.09414582699537277,-0.11600161343812943,0.6827787756919861,0.09409201890230179
51,0.007108407560735941,-0.626176655292511,-0.29647931456565857,0.16020449995994568,-0.5064714550971985,-0.16258303821086884,0.27176257967948914,-0.7290177345275879,-0.2440471649169922,-0.125629261136055,-0.5129015445709229,-0.14334440231323242,-0.2479250580072403,-0.6966556310653687,-0.19948872923851013,0.3291400969028473,-0.9689809679985046,-0.30058568716049194,-0.28096213936805725,-0.9273786544799805,-0.26341789960861206,0.10629145801067352,0.0050544277764856815,-0.002179092960432172,-0.106529600918293,-0.005392003804445267,0.0030871047638356686,0.1352280080318451,0.3722854554653168,-0.07223249226808548,-0.1397545039653778,0.34700337052345276,-0.048284657299518585,0.15316587686538696,0.7228561043739319,0.0722237154841423,-0.11576786637306213,0.6793511509895325,0.09233728796243668
52,0.006555299740284681,-0.626123309135437,-0.29906490445137024,0.15679797530174255,-0.5048375129699707,-0.16330961883068085,0.2715087831020355,-0.7299122214317322,-0.24477340281009674,-0.12926959991455078,-0.5114972591400146,-0.14928282797336578,-0.2531871497631073,-0.6963201761245728,-0.20804551243782043,0.3304198384284973,-0.9700961709022522,-0.30122050642967224,-0.2880936861038208,-0.9270403981208801,-0.2658340334892273,0.10613732784986496,0.005142919719219208,-0.0018592849373817444,-0.1063622310757637,-0.005468457471579313,0.0027704189997166395,0.1320808380842209,0.36693695187568665,-0.094013512134552,-0.14349976181983948,0.34365418553352356,-0.05701165273785591,0.14581146836280823,0.7206906676292419,0.04200965166091919,-0.11909639090299606,0.6784802675247192,0.07208219170570374
53,-0.0003596541937440634,-0.6311074495315552,-0.300600528717041,0.15408752858638763,-0.5047892928123474,-0.16504929959774017,0.26829397678375244,-0.73160320520401,-0.24832063913345337,-0.13200770318508148,-0.5118589401245117,-0.14985226094722748,-0.2552526891231537,-0.6981285214424133,-0.20822609961032867,0.32989662885665894,-0.9768523573875427,-0.30233410000801086,-0.2985357940196991,-0.9288811087608337,-0.2686420977115631,0.10597917437553406,0.005071911960840225,-0.0018509523943066597,-0.10620509088039398,-0.005371537990868092,0.0027599427849054337,0.13177306950092316,0.3503083884716034,-0.12617230415344238,-0.14398464560508728,0.33467692136764526,-0.07155458629131317,0.14547781646251678,0.7086131572723389,0.0015067087952047586,-0.12194570153951645,0.6733314990997314,0.04247744381427765
54,-0.0029030379373580217,-0.6309686303138733,-0.3120877146720886,0.15216898918151855,-0.5045007467269897,-0.17371338605880737,0.2660353481769562,-0.7348001599311829,-0.2546251714229584,-0.1335369348526001,-0.5113220810890198,-0.16086985170841217,-0.25574642419815063,-0.6979166865348816,-0.21778708696365356,0.32981324195861816,-0.9879616498947144,-0.3052101731300354,-0.29976746439933777,-0.9304862022399902,-0.2756715714931488,0.1059415340423584,0.005006222520023584,-0.00171113689430058,-0.10617168247699738,-0.005293819587677717,0.002611898584291339,0.1316249966621399,0.3484985828399658,-0.1182679757475853,-0.1473226547241211,0.3310431241989136,-0.07509253919124603,0.1430286020040512,0.7016833424568176,0.01717628352344036,-0.1291206330060959,0.6672019958496094,0.047557272017002106
55,-0.0024373179767280817,-0.630241870880127,-0.30987972021102905,0.15235820412635803,-0.5012556910514832,-0.1693013459444046,0.26639166474342346,-0.7340636849403381,-0.24778571724891663,-0.13338617980480194,-0.5109831690788269,-0.16126130521297455,-0.2544538974761963,-0.7075909376144409,-0.2192881852388382,0.33187615871429443,-0.9871976375579834,-0.29515212774276733,-0.2995096743106842,-0.9436159133911133,-0.2765345275402069,0.10626599192619324,0.0049863168969750404,-0.0007081527728587389,-0.1065235361456871,-0.005264926701784134,0.0016380534507334232,0.13568325340747833,0.32659149169921875,-0.17278918623924255,-0.15485911071300507,0.3009667694568634,-0.1271141767501831,0.1393064260482788,0.6675385236740112,-0.03176778182387352,-0.12927745282649994,0.635413646697998,-0.007483246736228466
56,0.0024956082925200462,-0.6304411888122559,-0.29749998450279236,0.15486115217208862,-0.49946945905685425,-0.15421746671199799,0.2716122269630432,-0.7346184253692627,-0.22577215731143951,-0.13332818448543549,-0.5101358294487,-0.15670865774154663,-0.25228166580200195,-0.7091185450553894,-0.21662980318069458,0.3375697433948517,-0.9882444143295288,-0.2635517716407776,-0.2990730404853821,-0.9467427134513855,-0.26808157563209534,0.10735589265823364,0.0051371147856116295,0.002607732079923153,-0.10759919136762619,-0.005405684467405081,-0.0015840781852602959,0.13548818230628967,0.30914056301116943,-0.21423718333244324,-0.1551389843225479,0.2683578133583069,-0.1759771853685379,0.13588373363018036,0.6331731677055359,-0.08945241570472717,-0.12899014353752136,0.6121867895126343,-0.07733149081468582
57,0.005933322012424469,-0.6307304501533508,-0.2893865406513214,0.158060684800148,-0.49767082929611206,-0.14257553219795227,0.2754414975643158,-0.7345284223556519,-0.21347418427467346,-0.13275741040706635,-0.5087845325469971,-0.15271598100662231,-0.25005286931991577,-0.7111886143684387,-0.21455338597297668,0.34959086775779724,-0.9874383211135864,-0.2526794672012329,-0.2987668812274933,-0.9499320983886719,-0.2648327946662903,0.10858529061079025,0.005611557047814131,0.003938411828130484,-0.10883232206106186,-0.005868325941264629,-0.002872155047953129,0.13890805840492249,0.3017064034938812,-0.22855712473392487,-0.16626444458961487,0.24801021814346313,-0.20632728934288025,0.13647668063640594,0.6218135356903076,-0.1059531569480896,-0.1288548707962036,0.5951665639877319,-0.1041770651936531
58,0.014270990155637264,-0.6379246115684509,-0.24364973604679108,0.17190255224704742,-0.4978824853897095,-0.10415638983249664,0.280886709690094,-0.7339654564857483,-0.174419566988945,-0.13323856890201569,-0.5087129473686218,-0.1073395311832428,-0.24899941682815552,-0.711955726146698,-0.1707543283700943,0.3584665060043335,-0.9870466589927673,-0.2112414836883545,-0.2992619574069977,-0.9513342380523682,-0.22556407749652863,0.11454365402460098,0.00614934740588069,0.005355396773666143,-0.11468343436717987,-0.006402297411113977,-0.004186310339719057,0.13806971907615662,0.19746816158294678,-0.32568103075027466,-0.16524845361709595,0.15637727081775665,-0.2902076244354248,0.13640514016151428,0.5267843008041382,-0.2301533818244934,-0.12381084263324738,0.5173285007476807,-0.2340804487466812
59,0.013978756032884121,-0.6406911015510559,-0.24336913228034973,0.1735037863254547,-0.49756285548210144,-0.10531166195869446,0.2850452959537506,-0.7296280264854431,-0.16962788999080658,-0.1343766450881958,-0.5083838105201721,-0.1002700999379158,-0.24905337393283844,-0.7117670178413391,-0.15837876498699188,0.3654600977897644,-0.9829909801483154,-0.198583722114563,-0.2995401620864868,-0.9536718130111694,-0.2137826532125473,0.11717835068702698,0.0060236891731619835,0.005688847508281469,-0.11724957078695297,-0.006280425004661083,-0.00447201868519187,0.1356087476015091,0.19059878587722778,-0.34555307030677795,-0.16894954442977905,0.1632179319858551,-0.2904806137084961,0.13523223996162415,0.5120814442634583,-0.22444982826709747,-0.11811323463916779,0.5096980929374695,-0.22243928909301758
60,0.012820999138057232,-0.6398769617080688,-0.24963608384132385,0.17401209473609924,-0.4985402226448059,-0.11125272512435913,0.28471383452415466,-0.7294272780418396,-0.17818106710910797,-0.13243483006954193,-0.5086569786071777,-0.10570766776800156,-0.24338580667972565,-0.7102339863777161,-0.1564560830593109,0.36369720101356506,-0.9829121232032776,-0.21128606796264648,-0.2994622588157654,-0.9532662034034729,-0.21048851311206818,0.11729531735181808,0.006051937118172646,0.00555048743262887,-0.11734849959611893,-0.0063049644231796265,-0.0043168519623577595,0.13779622316360474,0.21752025187015533,-0.3248487710952759,-0.17846561968326569,0.1770297884941101,-0.26270797848701477,0.14166072010993958,0.5350273251533508,-0.1972474455833435,-0.11822444200515747,0.5166615843772888,-0.1806359589099884
61,0.01756158284842968,-0.6358683705329895,-0.25244805216789246,0.17503586411476135,-0.49549782276153564,-0.11319562792778015,0.284982293844223,-0.7229276299476624,-0.18122632801532745,-0.13241411745548248,-0.5057452321052551,-0.10868619382381439,-0.24060681462287903,-0.7082083821296692,-0.1598530262708664,0.36768341064453125,-0.9739338159561157,-0.21640947461128235,-0.2952684462070465,-0.9530022144317627,-0.22012396156787872,0.11798098683357239,0.006117852870374918,0.00600708182901144,-0.11801333725452423,-0.006373219657689333,-0.004733963869512081,0.13795645534992218,0.1677510142326355,-0.35313791036605835,-0.17962385714054108,0.12965263426303864,-0.30349063873291016,0.14158806204795837,0.48553353548049927,-0.23494817316532135,-0.11750419437885284,0.474459707736969,-0.22586919367313385
62,0.014401978813111782,-0.6321986317634583,-0.24278171360492706,0.1748054325580597,-0.4948471188545227,-0.10533884167671204,0.2830454409122467,-0.7215547561645508,-0.17981335520744324,-0.13489632308483124,-0.5015272498130798,-0.0996917188167572,-0.24410755932331085,-0.6955873370170593,-0.15895195305347443,0.3667464256286621,-0.9755865931510925,-0.21871799230575562,-0.29772982001304626,-0.9453492760658264,-0.2228231430053711,0.11910593509674072,0.006130545400083065,0.005827842280268669,-0.11911017447710037,-0.006385225336998701,-0.004524837713688612,0.13600824773311615,0.11874806880950928,-0.3672676682472229,-0.18646103143692017,0.09456121921539307,-0.3201253414154053,0.12798072397708893,0.4574529230594635,-0.2687917649745941,-0.11756684631109238,0.44954872131347656,-0.2545925974845886
63,0.014713930897414684,-0.6213285326957703,-0.24450187385082245,0.1702354997396469,-0.48683175444602966,-0.10708151757717133,0.2788846492767334,-0.7105229496955872,-0.18094606697559357,-0.1385434865951538,-0.49433958530426025,-0.10597565770149231,-0.2448149025440216,-0.6893812417984009,-0.172562375664711,0.3663162291049957,-0.9629338979721069,-0.2203328162431717,-0.2977641522884369,-0.9407981634140015,-0.23698244988918304,0.11937832832336426,0.006451305467635393,0.005888110026717186,-0.11937358975410461,-0.006710630841553211,-0.0045722066424787045,0.1247224286198616,0.12581172585487366,-0.3745705485343933,-0.18953491747379303,0.0766839012503624,-0.3359718322753906,0.12177956849336624,0.44696640968322754,-0.2846422493457794,-0.11667940020561218,0.4316615164279938,-0.27285900712013245
64,0.0054940213449299335,-0.6217849850654602,-0.24629230797290802,0.16510318219661713,-0.48823410272598267,-0.1079726293683052,0.2751160264015198,-0.7167574763298035,-0.18328246474266052,-0.14521972835063934,-0.4946284294128418,-0.10707628726959229,-0.249290332198143,-0.6896892189979553,-0.17277869582176208,0.35864511132240295,-0.9696884751319885,-0.22779414057731628,-0.30241358280181885,-0.9409223198890686,-0.23798657953739166,0.11942890286445618,0.00649481313303113,0.005013355985283852,-0.11942368000745773,-0.006751416716724634,-0.0036683636717498302,0.117207370698452,0.12722401320934296,-0.37234464287757874,-0.19921329617500305,0.08263981342315674,-0.3251018524169922,0.1186978816986084,0.44909602403640747,-0.28022488951683044,-0.1211116760969162,0.4349418878555298,-0.26013532280921936
65,-0.002108532004058361,-0.6201505064964294,-0.24591323733329773,0.15930670499801636,-0.4898986518383026,-0.10494989156723022,0.26300033926963806,-0.7184977531433105,-0.18382638692855835,-0.15025152266025543,-0.49478352069854736,-0.10462750494480133,-0.2597990930080414,-0.6901618242263794,-0.17027173936367035,0.34903499484062195,-0.9763244390487671,-0.2309500128030777,-0.3112250566482544,-0.9413051605224609,-0.23797133564949036,0.11953075975179672,0.006519048474729061,0.004518171772360802,-0.11952346563339233,-0.006774891633540392,-0.0031516088638454676,0.11808891594409943,0.10272680222988129,-0.3724343478679657,-0.20520153641700745,0.061174146831035614,-0.330828458070755,0.11746350675821304,0.4300352931022644,-0.29091453552246094,-0.13354654610157013,0.4181084632873535,-0.27301090955734253
66,-0.0008691376424394548,-0.6187033653259277,-0.239942729473114,0.15920959413051605,-0.4906134605407715,-0.09509705007076263,0.2632960379123688,-0.7248991131782532,-0.17401421070098877,-0.15090852975845337,-0.49524351954460144,-0.10502194613218307,-0.2617318630218506,-0.6980546712875366,-0.17148828506469727,0.3468332290649414,-0.9851409196853638,-0.22340090572834015,-0.3115115165710449,-0.9499545097351074,-0.23801255226135254,0.1196187287569046,0.006731831934303045,0.004998099058866501,-0.1196240782737732,-0.0069876182824373245,-0.0036235200241208076,0.12301138788461685,0.08661726862192154,-0.3760918974876404,-0.20621874928474426,0.03624645620584488,-0.34599602222442627,0.11671239137649536,0.40122199058532715,-0.28811198472976685,-0.14569029211997986,0.38265854120254517,-0.28211846947669983
67,-0.0018693598685786128,-0.6180427670478821,-0.2500644624233246,0.15908914804458618,-0.48852938413619995,-0.10765007883310318,0.26321837306022644,-0.724540650844574,-0.19510586559772491,-0.15056729316711426,-0.49343088269233704,-0.11539071053266525,-0.26143792271614075,-0.6981076598167419,-0.18531523644924164,0.34701141715049744,-0.9838889241218567,-0.24873144924640656,-0.3112068176269531,-0.9491831660270691,-0.25176137685775757,0.11957520246505737,0.00676083704456687,0.005000070668756962,-0.11958795040845871,-0.007016044110059738,-0.0036228313110768795,0.1351230889558792,0.08927647024393082,-0.37433746457099915,-0.21361705660820007,0.041085679084062576,-0.33996739983558655,0.12416019290685654,0.4006741940975189,-0.2805109918117523,-0.1474296599626541,0.38715115189552307,-0.2659223973751068
68,-0.0015961546450853348,-0.6197403073310852,-0.2434016913175583,0.1592402458190918,-0.4887121021747589,-0.10255217552185059,0.26477500796318054,-0.7242599725723267,-0.18679359555244446,-0.15040995180606842,-0.4935877323150635,-0.10739968717098236,-0.26277899742126465,-0.7023224234580994,-0.1742856204509735,0.35357165336608887,-0.9831287264823914,-0.23912560939788818,-0.31139689683914185,-0.9543246030807495,-0.23699960112571716,0.11967036873102188,0.006628114264458418,0.005345596931874752,-0.11968199163675308,-0.0068845609202980995,-0.00394813809543848,0.14747296273708344,0.0690401941537857,-0.3745649755001068,-0.21181859076023102,0.03149610385298729,-0.3392898142337799,0.1344882845878601,0.38253456354141235,-0.27774369716644287,-0.14055807888507843,0.3718733787536621,-0.26397910714149475
69,-0.001393248443491757,-0.6197898387908936,-0.2364623248577118,0.16061727702617645,-0.4896385073661804,-0.0963573008775711,0.2651403248310089,-0.7226085066795349,-0.17970913648605347,-0.15026326477527618,-0.4950229525566101,-0.09728869050741196,-0.26561903953552246,-0.7024145722389221,-0.16533228754997253,0.3567850589752197,-0.9829303622245789,-0.23018699884414673,-0.3125881850719452,-0.9560093879699707,-0.23355138301849365,0.11970733106136322,0.006679220590740442,0.005293963011354208,-0.11971641331911087,-0.006936080288141966,-0.003895784495398402,0.14880678057670593,0.06805481016635895,-0.37308141589164734,-0.19951535761356354,0.03227394446730614,-0.33260947465896606,0.1358325034379959,0.3817664384841919,-0.27979370951652527,-0.1395958960056305,0.3712834119796753,-0.26363420486450195
70,-0.0018336951034143567,-0.6215192079544067,-0.23340128362178802,0.16080321371555328,-0.49193522334098816,-0.09431006014347076,0.2655387222766876,-0.7225172519683838,-0.17328940331935883,-0.15016232430934906,-0.4966224133968353,-0.09462255239486694,-0.26722240447998047,-0.704838216304779,-0.1587619036436081,0.35763418674468994,-0.9826591610908508,-0.22010990977287292,-0.3169894516468048,-0.9594470262527466,-0.22680826485157013,0.11974489688873291,0.006666350178420544,0.005394029896706343,-0.11975380033254623,-0.006924213841557503,-0.003986049443483353,0.14634472131729126,0.061127129942178726,-0.37371689081192017,-0.1912383735179901,0.021729018539190292,-0.3325199484825134,0.13403534889221191,0.3682647943496704,-0.2797049582004547,-0.1351822018623352,0.3587735891342163,-0.2657909095287323
71,-0.0035454826429486275,-0.6245900392532349,-0.21957889199256897,0.15971143543720245,-0.4927884340286255,-0.08328317850828171,0.26307937502861023,-0.7221176028251648,-0.16359882056713104,-0.1524537354707718,-0.4979704022407532,-0.08218086510896683,-0.2766605317592621,-0.709564745426178,-0.14829033613204956,0.35593628883361816,-0.9817183613777161,-0.21257242560386658,-0.32678285241127014,-0.9626532793045044,-0.2212156504392624,0.11975773423910141,0.006757429800927639,0.005421774927526712,-0.11976709216833115,-0.007014582399278879,-0.004004042595624924,0.1478046029806137,0.04653291404247284,-0.3667992949485779,-0.190832257270813,0.007681365590542555,-0.33128467202186584,0.1352836638689041,0.35789525508880615,-0.2811136245727539,-0.14078810811042786,0.3429466187953949,-0.26978638768196106
72,-0.004096995107829571,-0.6244255900382996,-0.22780466079711914,0.16066576540470123,-0.4927803874015808,-0.09311620891094208,0.26323017477989197,-0.7194830179214478,-0.17548081278800964,-0.15217097103595734,-0.49798738956451416,-0.08932981640100479,-0.27727222442626953,-0.7094559669494629,-0.15131279826164246,0.35665661096572876,-0.9814040660858154,-0.2264586091041565,-0.3298848867416382,-0.9624074101448059,-0.2229689657688141,0.1197800263762474,0.006748642772436142,0.0054408833384513855,-0.11979001760482788,-0.007007882464677095,-0.004021068103611469,0.15440846979618073,0.050383683294057846,-0.36326757073402405,-0.19588854908943176,0.010686364024877548,-0.3277009129524231,0.13600780069828033,0.3597310185432434,-0.2762908339500427,-0.1455046832561493,0.3456605076789856,-0.2609475553035736
73,-0.004530736710876226,-0.6247265338897705,-0.2192767709493637,0.16079206764698029,-0.49281615018844604,-0.08628086745738983,0.2630768418312073,-0.7188190221786499,-0.16510078310966492,-0.15317361056804657,-0.4970889687538147,-0.07984790205955505,-0.28357547521591187,-0.7008668184280396,-0.14747047424316406,0.35660621523857117,-0.9813741445541382,-0.2132699340581894,-0.33426758646965027,-0.9577013850212097,-0.22219225764274597,0.11997226625680923,0.006803317926824093,0.005421757698059082,-0.1199740543961525,-0.007065548561513424,-0.003990862052887678,0.1558268666267395,0.02296275459229946,-0.3558686673641205,-0.19791525602340698,-0.008674446493387222,-0.32720401883125305,0.14107489585876465,0.3386249542236328,-0.27682971954345703,-0.14587078988552094,0.3229624629020691,-0.26645627617836
74,-0.007644199300557375,-0.630982518196106,-0.2169811874628067,0.1607827991247177,-0.49664202332496643,-0.0857592523097992,0.2623056173324585,-0.7213565707206726,-0.1636081337928772,-0.15322929620742798,-0.500626266002655,-0.07733569294214249,-0.2838364839553833,-0.7052550315856934,-0.13787828385829926,0.3540270924568176,-0.9845964312553406,-0.21239550411701202,-0.3381660580635071,-0.9603723883628845,-0.21218599379062653,0.11999063193798065,0.006779166404157877,0.00452433992177248,-0.11999310553073883,-0.007048376835882664,-0.0030678454786539078,0.15431135892868042,0.019343804568052292,-0.35665228962898254,-0.20282381772994995,-0.00611464399844408,-0.31397125124931335,0.13923488557338715,0.33323803544044495,-0.2733388841152191,-0.14838765561580658,0.3152282238006592,-0.24789290130138397
75,-0.01422069314867258,-0.6317127346992493,-0.21777606010437012,0.1573309302330017,-0.4994603097438812,-0.0859045684337616,0.25881174206733704,-0.7278136610984802,-0.16371853649616241,-0.1583966761827469,-0.5033840537071228,-0.0781940296292305,-0.2950546443462372,-0.7132905721664429,-0.13909085094928741,0.34744083881378174,-0.9917159080505371,-0.21295933425426483,-0.34983089566230774,-0.9651882648468018,-0.21689268946647644,0.1199425682425499,0.006794547662138939,0.0036883950233459473,-0.11995629221200943,-0.0070680780336260796,-0.0022286607418209314,0.1536029726266861,0.008269612677395344,-0.35656851530075073,-0.20998908579349518,-0.011199423111975193,-0.30943822860717773,0.1390904039144516,0.3261661231517792,-0.2715325653553009,-0.15435825288295746,0.3119998574256897,-0.2473030835390091
76,-0.01515789795666933,-0.6316278576850891,-0.224874347448349,0.155483216047287,-0.4994329810142517,-0.09017767012119293,0.2574474513530731,-0.7280733585357666,-0.17093795537948608,-0.1612207144498825,-0.5031364560127258,-0.0875927209854126,-0.2977340817451477,-0.7101032137870789,-0.15628430247306824,0.3441544473171234,-0.9927394390106201,-0.22846488654613495,-0.35314667224884033,-0.9604588150978088,-0.241240456700325,0.11992938071489334,0.006603223271667957,0.0034971607383340597,-0.11995068192481995,-0.006891387514770031,-0.0020384083036333323,0.15345637500286102,0.005265781655907631,-0.355776846408844,-0.21643725037574768,-0.00919865071773529,-0.3082720935344696,0.14153940975666046,0.32198095321655273,-0.2693807780742645,-0.1558077037334442,0.31429681181907654,-0.24651752412319183
77,-0.01811935566365719,-0.6309500336647034,-0.22579103708267212,0.15482588112354279,-0.49874845147132874,-0.09200509637594223,0.2546263635158539,-0.7234335541725159,-0.17553378641605377,-0.16116903722286224,-0.5027955770492554,-0.08812683820724487,-0.2968340218067169,-0.7079653739929199,-0.158181831240654,0.3419419527053833,-0.986422061920166,-0.2372787892818451,-0.3530676066875458,-0.9569476842880249,-0.24842745065689087,0.11981276422739029,0.006275794468820095,0.0032406835816800594,-0.11984799057245255,-0.006581082474440336,-0.0017834557220339775,0.1579015702009201,-0.0056994277983903885,-0.35229820013046265,-0.21865873038768768,-0.007601076737046242,-0.300428569316864,0.1458870768547058,0.3179945647716522,-0.2677117586135864,-0.15641696751117706,0.31536924839019775,-0.2423449456691742
78,-0.020033590495586395,-0.629814624786377,-0.22727635502815247,0.15449798107147217,-0.4986828565597534,-0.0947619304060936,0.2543579936027527,-0.7219011783599854,-0.18150217831134796,-0.16118508577346802,-0.5019184350967407,-0.0899115800857544,-0.2962781488895416,-0.7007728815078735,-0.16237930953502655,0.34103623032569885,-0.985370397567749,-0.24583007395267487,-0.35210591554641724,-0.95107102394104,-0.2532356381416321,0.11977910250425339,0.006109142210334539,0.0031758570112288,-0.11982119828462601,-0.006420642137527466,-0.0017238869331777096,0.157743901014328,-0.018953250721096992,-0.35093119740486145,-0.21807895600795746,-0.01544845849275589,-0.3005300760269165,0.14531132578849792,0.3064211308956146,-0.2638954222202301,-0.15471836924552917,0.3025812804698944,-0.2402528077363968
79,-0.01403097528964281,-0.6269012093544006,-0.22764049470424652,0.15689189732074738,-0.4968641996383667,-0.09358090907335281,0.25654473900794983,-0.7204261422157288,-0.17879988253116608,-0.15868929028511047,-0.501753568649292,-0.093069888651371,-0.2941797077655792,-0.7008407711982727,-0.16774235665798187,0.344419926404953,-0.9843515753746033,-0.2443753033876419,-0.34619179368019104,-0.9504565000534058,-0.2567550241947174,0.11969062685966492,0.006031590513885021,0.004435692448168993,-0.11974553018808365,-0.0063464948907494545,-0.002987887244671583,0.17024756968021393,-0.023088593035936356,-0.3422211706638336,-0.21766796708106995,-0.014997552148997784,-0.30085504055023193,0.15447060763835907,0.3014538586139679,-0.25915905833244324,-0.15226538479328156,0.29984012246131897,-0.24045567214488983
80,-0.0027903125155717134,-0.6256815791130066,-0.230972021818161,0.1568758189678192,-0.49275875091552734,-0.0937974601984024,0.2575409710407257,-0.7160109877586365,-0.17863228917121887,-0.1581205576658249,-0.5006976127624512,-0.10368597507476807,-0.2940106987953186,-0.7004915475845337,-0.1857578605413437,0.34597814083099365,-0.9765201210975647,-0.24454571306705475,-0.34600305557250977,-0.9497358202934265,-0.27225565910339355,0.11946694552898407,0.006047562230378389,0.006731163710355759,-0.11954466253519058,-0.006361659150570631,-0.005302192643284798,0.1781298667192459,-0.031209023669362068,-0.33078059554100037,-0.21072182059288025,-0.030713316053152084,-0.30941686034202576,0.15967345237731934,0.2896307110786438,-0.24915191531181335,-0.14508667588233948,0.28032323718070984,-0.24580875039100647
81,-0.0032178640831261873,-0.6152098178863525,-0.2405926138162613,0.15325042605400085,-0.48793867230415344,-0.09688980877399445,0.25431114435195923,-0.7045481204986572,-0.18337631225585938,-0.16079887747764587,-0.4943406283855438,-0.1130489856004715,-0.29624682664871216,-0.6872729659080505,-0.19898675382137299,0.3449508547782898,-0.9671345353126526,-0.25433194637298584,-0.3483685553073883,-0.9393908977508545,-0.28775474429130554,0.11927910894155502,0.006034062709659338,0.007778929080814123,-0.11937502026557922,-0.006348102353513241,-0.006399705074727535,0.1765451282262802,-0.04601829871535301,-0.33112016320228577,-0.19641366600990295,-0.04283758997917175,-0.3129017651081085,0.15654820203781128,0.2772756814956665,-0.24640566110610962,-0.1347246915102005,0.2696516513824463,-0.24733223021030426
82,-0.00867935549467802,-0.614865243434906,-0.23703356087207794,0.1521863341331482,-0.4880516231060028,-0.09463474899530411,0.2510607838630676,-0.7053388357162476,-0.18233376741409302,-0.16275927424430847,-0.4932900667190552,-0.10506284236907959,-0.30180296301841736,-0.6870875358581543,-0.1916268914937973,0.34015750885009766,-0.9678022861480713,-0.2532138228416443,-0.35294702649116516,-0.9392772316932678,-0.2836132049560547,0.11922402679920197,0.0058180708438158035,0.007670894730836153,-0.11932302266359329,-0.006127845961600542,-0.006291402969509363,0.17240221798419952,-0.06502515822649002,-0.3318851888179779,-0.2003214806318283,-0.05374991148710251,-0.31106677651405334,0.15414856374263763,0.26689228415489197,-0.24888840317726135,-0.13547731935977936,0.2629798650741577,-0.24734555184841156
83,-0.013236341997981071,-0.6055389046669006,-0.2381654977798462,0.15032145380973816,-0.48671475052833557,-0.09463965147733688,0.2496112585067749,-0.7004979252815247,-0.18276366591453552,-0.16620796918869019,-0.491640567779541,-0.10505547374486923,-0.30496248602867126,-0.6840977072715759,-0.18974518775939941,0.3384203314781189,-0.9603258371353149,-0.25538384914398193,-0.35514700412750244,-0.9361972212791443,-0.2806207835674286,0.11913364380598068,0.005717982072383165,0.00761331245303154,-0.11923468858003616,-0.006032740231603384,-0.0062348502688109875,0.16876141726970673,-0.06934235990047455,-0.33246752619743347,-0.2092294543981552,-0.057337746024131775,-0.309538871049881,0.1482090801000595,0.26739636063575745,-0.2541424334049225,-0.1353927105665207,0.2611294984817505,-0.24742631614208221
84,-0.01776471547782421,-0.6090716123580933,-0.23512673377990723,0.15034551918506622,-0.4896388649940491,-0.09409943222999573,0.24834635853767395,-0.7009189128875732,-0.18263715505599976,-0.16617774963378906,-0.49172350764274597,-0.09689833968877792,-0.3052082061767578,-0.6815568208694458,-0.1739441454410553,0.333182156085968,-0.9611809253692627,-0.25489291548728943,-0.3572480082511902,-0.9298527240753174,-0.2682048976421356,0.11910762637853622,0.005693554878234863,0.006166673731058836,-0.11921115219593048,-0.006009507924318314,-0.004732641391456127,0.15452280640602112,-0.06794590502977371,-0.3339495360851288,-0.21356290578842163,-0.06227348744869232,-0.301398903131485,0.1405583620071411,0.26470425724983215,-0.25461578369140625,-0.14467036724090576,0.2582836449146271,-0.24489764869213104
85,-0.01671496406197548,-0.6002788543701172,-0.24522694945335388,0.14968037605285645,-0.48013830184936523,-0.10278117656707764,0.24697931110858917,-0.685418426990509,-0.19117847084999084,-0.16780295968055725,-0.4835662543773651,-0.10501882433891296,-0.3066538870334625,-0.6581213474273682,-0.18577606976032257,0.33341681957244873,-0.9501175880432129,-0.2593403160572052,-0.35945427417755127,-0.9110626578330994,-0.2781142294406891,0.11922083795070648,0.00572938472032547,0.005679247435182333,-0.11932406574487686,-0.006046997848898172,-0.004238388501107693,0.14119812846183777,-0.08004823327064514,-0.34118419885635376,-0.21322205662727356,-0.08736521005630493,-0.3066895008087158,0.13189907371997833,0.24441233277320862,-0.25844231247901917,-0.14394807815551758,0.2347336858510971,-0.2491806298494339
86,-0.01650560460984707,-0.5950822830200195,-0.24461695551872253,0.1453261375427246,-0.4750249683856964,-0.1007981151342392,0.24671335518360138,-0.6739850044250488,-0.1908157616853714,-0.17320235073566437,-0.47754356265068054,-0.10509946942329407,-0.3098345398902893,-0.6496541500091553,-0.1865314245223999,0.33354151248931885,-0.9343413710594177,-0.25871628522872925,-0.3606642186641693,-0.9055598974227905,-0.27966761589050293,0.11927668005228043,0.005221570376306772,0.005816024262458086,-0.1193840354681015,-0.005537720397114754,-0.004362580366432667,0.1425192654132843,-0.08845870941877365,-0.34065303206443787,-0.2131413221359253,-0.09530586004257202,-0.3123466670513153,0.13460390269756317,0.23389536142349243,-0.25924792885780334,-0.14105302095413208,0.22699081897735596,-0.25673189759254456
87,-0.0004971758462488651,-0.5816259384155273,-0.2486831545829773,0.1463751345872879,-0.4670782685279846,-0.10083502531051636,0.24875037372112274,-0.6655519008636475,-0.19225621223449707,-0.1714884489774704,-0.4680817127227783,-0.11744002252817154,-0.3083285987377167,-0.6360312104225159,-0.20382916927337646,0.33702489733695984,-0.9276631474494934,-0.26325705647468567,-0.36038827896118164,-0.8931722044944763,-0.29411324858665466,0.11929739266633987,0.004873824771493673,0.006560679525136948,-0.11940768361091614,-0.005197021644562483,-0.0050969976000487804,0.14333179593086243,-0.09095831960439682,-0.34064769744873047,-0.21307075023651123,-0.09197511523962021,-0.321386456489563,0.139162078499794,0.23045293986797333,-0.2596117854118347,-0.13907185196876526,0.22808948159217834,-0.26061904430389404
88,-0.0014747511595487595,-0.5820907354354858,-0.24952585995197296,0.14643043279647827,-0.46611207723617554,-0.10276402533054352,0.24910873174667358,-0.6623267531394958,-0.19394159317016602,-0.17237748205661774,-0.4652777910232544,-0.11648839712142944,-0.31396201252937317,-0.6326367259025574,-0.2020704448223114,0.3365638554096222,-0.9234790802001953,-0.2630727291107178,-0.36430612206459045,-0.8946375250816345,-0.2915140986442566,0.11946416646242142,0.004801795817911625,0.0064095389097929,-0.11957291513681412,-0.0051252334378659725,-0.004930704832077026,0.1427880823612213,-0.09895966947078705,-0.3412729799747467,-0.21071264147758484,-0.11073917895555496,-0.32168707251548767,0.1357547491788864,0.2201004922389984,-0.2596307694911957,-0.1389920711517334,0.21283556520938873,-0.26397931575775146
89,-0.010883904993534088,-0.5828662514686584,-0.23318997025489807,0.14438839256763458,-0.4667053818702698,-0.08877339214086533,0.24713844060897827,-0.6596458554267883,-0.18326011300086975,-0.17899896204471588,-0.46332013607025146,-0.09091951698064804,-0.3236021101474762,-0.6236250996589661,-0.17465630173683167,0.3298647999763489,-0.9170185923576355,-0.2545003890991211,-0.3721714913845062,-0.8884642720222473,-0.26720690727233887,0.11972751468420029,0.004675066098570824,0.005632862448692322,-0.11981857568025589,-0.004997636191546917,-0.004101763945072889,0.13228756189346313,-0.11749507486820221,-0.3409150242805481,-0.21450109779834747,-0.13132597506046295,-0.31720998883247375,0.1294020712375641,0.20414508879184723,-0.2715800702571869,-0.14038589596748352,0.1922501027584076,-0.2716011703014374
90,-0.010946234688162804,-0.5771627426147461,-0.22522331774234772,0.14458821713924408,-0.4656529426574707,-0.07531812787055969,0.24713259935379028,-0.6558487415313721,-0.1658371239900589,-0.18018759787082672,-0.4620591998100281,-0.08675450086593628,-0.3249272108078003,-0.6225653290748596,-0.17155498266220093,0.32979586720466614,-0.913949728012085,-0.23979991674423218,-0.3717268705368042,-0.8869432806968689,-0.2637163996696472,0.11999701708555222,0.00446000462397933,0.005486991256475449,-0.12009791284799576,-0.004781418014317751,-0.003960466478019953,0.13079439103603363,-0.1236489936709404,-0.3404192328453064,-0.215814471244812,-0.1276368498802185,-0.31681546568870544,0.12983101606369019,0.20208553969860077,-0.2735034227371216,-0.1400974839925766,0.19726353883743286,-0.2747142016887665
91,-0.009995903819799423,-0.5774779915809631,-0.22018830478191376,0.1475922167301178,-0.46525701880455017,-0.06849560141563416,0.24760925769805908,-0.6551573276519775,-0.16001996397972107,-0.1794235110282898,-0.46047264337539673,-0.07977703213691711,-0.32431307435035706,-0.6187459230422974,-0.16398575901985168,0.3296414911746979,-0.9144178032875061,-0.23532521724700928,-0.3712712228298187,-0.8812118172645569,-0.25552210211753845,0.12043795734643936,0.004397212062031031,0.005420282948762178,-0.12053173780441284,-0.004718432202935219,-0.0038894345052540302,0.1312289834022522,-0.11972379684448242,-0.3416687846183777,-0.21723687648773193,-0.12384678423404694,-0.31775394082069397,0.1312565952539444,0.20542402565479279,-0.2785368263721466,-0.1398971974849701,0.20044049620628357,-0.27716174721717834
92,-0.008441442623734474,-0.5779377818107605,-0.21762631833553314,0.15119169652462006,-0.4652232229709625,-0.06817537546157837,0.25446054339408875,-0.6573637127876282,-0.15751653909683228,-0.17836399376392365,-0.4619561433792114,-0.076595738530159,-0.32391464710235596,-0.6193459630012512,-0.1570437252521515,0.33641281723976135,-0.9220626950263977,-0.2268078774213791,-0.3722563683986664,-0.8812209367752075,-0.24779345095157623,0.12048417329788208,0.004830893129110336,0.005470036994665861,-0.12057231366634369,-0.005144529044628143,-0.003942522220313549,0.14169913530349731,-0.11773208528757095,-0.3332706093788147,-0.20748266577720642,-0.12486550211906433,-0.3176060616970062,0.13510459661483765,0.20653191208839417,-0.278145968914032,-0.13337737321853638,0.19919626414775848,-0.2779627740383148
93,-0.008464815095067024,-0.5781981945037842,-0.21220949292182922,0.15155671536922455,-0.4654406011104584,-0.06305789202451706,0.25633230805397034,-0.6601591110229492,-0.15110814571380615,-0.1782974898815155,-0.46232518553733826,-0.0693853348493576,-0.3251795470714569,-0.6205601096153259,-0.1447766274213791,0.3371371328830719,-0.9274575114250183,-0.21886293590068817,-0.3724927008152008,-0.88189297914505,-0.2337828278541565,0.12069637328386307,0.004875665996223688,0.005385031923651695,-0.1207718774676323,-0.005190173164010048,-0.0038502158131450415,0.14091095328330994,-0.11897923052310944,-0.33354976773262024,-0.2072562426328659,-0.13075006008148193,-0.3184836208820343,0.13514505326747894,0.20498254895210266,-0.281599760055542,-0.1333579123020172,0.1948591023683548,-0.2854083776473999
94,-0.008476093411445618,-0.5774980187416077,-0.21636079251766205,0.15173305571079254,-0.4652387201786041,-0.0653223767876625,0.25704389810562134,-0.6604394912719727,-0.15179714560508728,-0.17824067175388336,-0.4623258709907532,-0.07240220904350281,-0.3259044289588928,-0.6199238896369934,-0.14583846926689148,0.33750396966934204,-0.9277738332748413,-0.2204393595457077,-0.37320467829704285,-0.8778149485588074,-0.23497696220874786,0.12079878151416779,0.004873334895819426,0.005377364810556173,-0.12087056040763855,-0.005188915878534317,-0.0038432623259723186,0.14083528518676758,-0.1183769553899765,-0.33586376905441284,-0.2092464715242386,-0.1273767650127411,-0.32079002261161804,0.13512146472930908,0.2066713571548462,-0.2811279892921448,-0.13342943787574768,0.19963736832141876,-0.28486451506614685
95,-0.0065316371619701385,-0.5784466862678528,-0.21896430850028992,0.15362748503684998,-0.46587657928466797,-0.06705838441848755,0.25833573937416077,-0.6641445159912109,-0.15248937904834747,-0.17616724967956543,-0.46243828535079956,-0.07635245472192764,-0.3242781162261963,-0.6205163598060608,-0.1527274250984192,0.3387889266014099,-0.9311209321022034,-0.22178006172180176,-0.37163543701171875,-0.8782281875610352,-0.2384541779756546,0.12086799740791321,0.004849182907491922,0.005401210859417915,-0.12094063311815262,-0.005163031630218029,-0.003870583837851882,0.14076226949691772,-0.11799802631139755,-0.33596256375312805,-0.20886017382144928,-0.1288030445575714,-0.32095271348953247,0.13513317704200745,0.20554395020008087,-0.27725479006767273,-0.13333943486213684,0.19702358543872833,-0.2833954691886902
96,-0.0045983316376805305,-0.5804249048233032,-0.22634071111679077,0.15379144251346588,-0.4673738181591034,-0.0792674645781517,0.2581394910812378,-0.6657407879829407,-0.17202426493167877,-0.17417845129966736,-0.462976336479187,-0.08552508056163788,-0.323766827583313,-0.6160061955451965,-0.170057013630867,0.3373623490333557,-0.9334944486618042,-0.2393469512462616,-0.37119051814079285,-0.8730142712593079,-0.2576364278793335,0.12093554437160492,0.004838636144995689,0.005403904244303703,-0.12100328505039215,-0.005151050630956888,-0.0038743293844163418,0.13748963177204132,-0.11773142963647842,-0.34834024310112,-0.20508427917957306,-0.13487398624420166,-0.3198850452899933,0.13219544291496277,0.19002705812454224,-0.26694348454475403,-0.1415582001209259,0.1782139539718628,-0.26354169845581055
97,-0.0022074885200709105,-0.5774295330047607,-0.24733564257621765,0.1550062596797943,-0.4643668830394745,-0.09613613784313202,0.26343801617622375,-0.6650823950767517,-0.19201961159706116,-0.17260630428791046,-0.46142464876174927,-0.10904230177402496,-0.3222212791442871,-0.6152212619781494,-0.2008334845304489,0.34147390723228455,-0.9325511455535889,-0.2631320357322693,-0.36966049671173096,-0.8724075555801392,-0.2850634455680847,0.12096983194351196,0.004839274100959301,0.005735478363931179,-0.12103861570358276,-0.005149379372596741,-0.004238997120410204,0.14195871353149414,-0.10648197680711746,-0.3489535450935364,-0.2037576287984848,-0.11472184211015701,-0.32607609033584595,0.13792064785957336,0.2021832913160324,-0.2660026252269745,-0.1340576559305191,0.1960763782262802,-0.2646457254886627
98,-0.005242150276899338,-0.5800654888153076,-0.2588331699371338,0.15395767986774445,-0.4646458327770233,-0.11375511437654495,0.26032671332359314,-0.6689733862876892,-0.20956236124038696,-0.17209257185459137,-0.46110522747039795,-0.11756391078233719,-0.3217519223690033,-0.6154834628105164,-0.19985060393810272,0.33710259199142456,-0.9376465082168579,-0.275623083114624,-0.3723220229148865,-0.8726066946983337,-0.28252506256103516,0.12098190933465958,0.004654213320463896,0.0056424979120492935,-0.12105020880699158,-0.004969040863215923,-0.00413863267749548,0.14105723798274994,-0.10432100296020508,-0.35269612073898315,-0.20613768696784973,-0.11276613175868988,-0.3253940939903259,0.13352306187152863,0.20264498889446259,-0.25911787152290344,-0.13736020028591156,0.1993817389011383,-0.2579551339149475
99,-0.009556000120937824,-0.5841450095176697,-0.256409227848053,0.15290243923664093,-0.4677501320838928,-0.11275512725114822,0.2535151243209839,-0.6707049012184143,-0.20707863569259644,-0.17213740944862366,-0.4640824496746063,-0.11595430225133896,-0.32460352778434753,-0.6232852339744568,-0.19512508809566498,0.3315482437610626,-0.9375001788139343,-0.27465009689331055,-0.3814850449562073,-0.8780025243759155,-0.281267911195755,0.12085273116827011,0.004520290996879339,0.004448248539119959,-0.12091352790594101,-0.004834610037505627,-0.003005845006555319,0.14098738133907318,-0.1011335700750351,-0.3559716045856476,-0.21077223122119904,-0.08760475367307663,-0.31709808111190796,0.13340285420417786,0.2173096090555191,-0.2673526406288147,-0.13734440505504608,0.22265657782554626,-0.2535218894481659
100,-0.00680894311517477,-0.595768392086029,-0.2557726502418518,0.15865162014961243,-0.4713182747364044,-0.11100056767463684,0.2629318833351135,-0.6777251362800598,-0.20136171579360962,-0.16812847554683685,-0.46713218092918396,-0.11465193331241608,-0.3216748833656311,-0.6321007609367371,-0.19215217232704163,0.3393067419528961,-0.9413304328918457,-0.26753905415534973,-0.37990328669548035,-0.8832592964172363,-0.27416178584098816,0.12088901549577713,0.004412285052239895,0.004871233366429806,-0.12095453590154648,-0.00471324659883976,-0.003465681103989482,0.15362179279327393,-0.08303291350603104,-0.3563217222690582,-0.20541362464427948,-0.07182228565216064,-0.3243410289287567,0.14041931927204132,0.24482110142707825,-0.2642331123352051,-0.12933489680290222,0.24736633896827698,-0.2541806101799011
101,-0.010437988676130772,-0.6157686710357666,-0.25436174869537354,0.15753155946731567,-0.4822373688220978,-0.1097300797700882,0.2626880705356598,-0.6986379027366638,-0.19449657201766968,-0.16863496601581573,-0.4758542478084564,-0.11420582234859467,-0.3225182890892029,-0.6533341407775879,-0.18887437880039215,0.339214950799942,-0.9586355090141296,-0.2541215419769287,-0.3801654279232025,-0.9033840894699097,-0.26833662390708923,0.12087889015674591,0.004271685611456633,0.00485283974558115,-0.12094548344612122,-0.0045825159177184105,-0.003450637450441718,0.1540377140045166,-0.05500295013189316,-0.35950541496276855,-0.2078012228012085,-0.04732149839401245,-0.3242129683494568,0.1427876204252243,0.2742743492126465,-0.26154613494873047,-0.12957942485809326,0.27605336904525757,-0.2508847415447235
102,-0.014409408904612064,-0.6213411688804626,-0.2519034743309021,0.15596619248390198,-0.4888799786567688,-0.10898715257644653,0.26104214787483215,-0.7085468173027039,-0.1902603656053543,-0.17017287015914917,-0.4803849756717682,-0.113063745200634,-0.326602578163147,-0.6637797951698303,-0.1842600256204605,0.3389700651168823,-0.9681592583656311,-0.25032201409339905,-0.38181406259536743,-0.9132372140884399,-0.26066461205482483,0.12087550759315491,0.003585784463211894,0.004821005742996931,-0.12094346433877945,-0.003909592516720295,-0.00342094199731946,0.1618506759405136,-0.03574828803539276,-0.36049801111221313,-0.2091750204563141,-0.020063916221261024,-0.3240490257740021,0.1459341198205948,0.2926149368286133,-0.2608722150325775,-0.1306816041469574,0.30147644877433777,-0.2508922517299652
103,-0.008933881297707558,-0.6204684376716614,-0.25119319558143616,0.16126857697963715,-0.4895414412021637,-0.10845952481031418,0.2679940462112427,-0.7098444700241089,-0.18998588621616364,-0.16475699841976166,-0.4803311824798584,-0.11175722628831863,-0.3186832070350647,-0.6612301468849182,-0.18397283554077148,0.3429619371891022,-0.9707376956939697,-0.25034046173095703,-0.3683467507362366,-0.9147693514823914,-0.2601415812969208,0.12090582400560379,0.003209396731108427,0.005002916790544987,-0.12097721546888351,-0.0035273528192192316,-0.003612163942307234,0.16495007276535034,-0.02587045170366764,-0.3608010411262512,-0.19858403503894806,-0.012485927902162075,-0.32772842049598694,0.15034642815589905,0.29824310541152954,-0.2609501779079437,-0.12583018839359283,0.3098258674144745,-0.2553374469280243
104,-0.009224414825439453,-0.626367449760437,-0.24538461863994598,0.16103236377239227,-0.49330687522888184,-0.10506487637758255,0.26854032278060913,-0.7164626717567444,-0.18045660853385925,-0.16369961202144623,-0.48709410429000854,-0.10737241059541702,-0.3083195984363556,-0.6713672876358032,-0.17198988795280457,0.3462381064891815,-0.9800633788108826,-0.23779675364494324,-0.3630022406578064,-0.9222938418388367,-0.24704959988594055,0.1209537461400032,0.003283329075202346,0.005007627885788679,-0.12102607637643814,-0.003600118216127157,-0.003617222188040614,0.16066427528858185,0.007734355516731739,-0.36589086055755615,-0.19197723269462585,-0.007918104529380798,-0.3311343789100647,0.14781375229358673,0.3156324028968811,-0.2609903812408447,-0.12933248281478882,0.3123849630355835,-0.25622713565826416
105,-0.00919537153095007,-0.6273645758628845,-0.24543975293636322,0.16145633161067963,-0.49356091022491455,-0.10501021146774292,0.2691940665245056,-0.7191510200500488,-0.18138045072555542,-0.16228173673152924,-0.4898111820220947,-0.1076902225613594,-0.30187419056892395,-0.6865373849868774,-0.17216326296329498,0.347477525472641,-0.9838072657585144,-0.23869803547859192,-0.35904204845428467,-0.9365419149398804,-0.2440718561410904,0.12106919288635254,0.0033767393324524164,0.005231654271483421,-0.12114299833774567,-0.0036873826757073402,-0.0038427894469350576,0.15997253358364105,0.025208890438079834,-0.3754487633705139,-0.1813875436782837,-0.0019793035462498665,-0.3413388729095459,0.1407494992017746,0.33337822556495667,-0.26377150416374207,-0.1299717128276825,0.3251936733722687,-0.26370397210121155
106,-0.0011319792829453945,-0.6290374398231506,-0.24516043066978455,0.16461168229579926,-0.4938145875930786,-0.10223207622766495,0.26958709955215454,-0.7198529839515686,-0.1769612580537796,-0.15723097324371338,-0.49034708738327026,-0.10744357109069824,-0.2939736247062683,-0.6834000945091248,-0.172295480966568,0.35060036182403564,-0.9864071607589722,-0.23306241631507874,-0.3548407256603241,-0.9345018863677979,-0.24443058669567108,0.12118878215551376,0.0037238262593746185,0.006485859863460064,-0.1212538406252861,-0.004026626702398062,-0.005089545622467995,0.1673252284526825,0.038844406604766846,-0.3748103976249695,-0.17089125514030457,0.0106629878282547,-0.3405500650405884,0.14542189240455627,0.34842103719711304,-0.26481711864471436,-0.12965305149555206,0.33481138944625854,-0.2636844515800476
107,0.006570469122380018,-0.6284834742546082,-0.24526159465312958,0.16311787068843842,-0.4936882555484772,-0.10186249762773514,0.26908037066459656,-0.7209540605545044,-0.1741207093000412,-0.1547452062368393,-0.49258652329444885,-0.11569072306156158,-0.28987857699394226,-0.6891340017318726,-0.1831107884645462,0.35311058163642883,-0.9857223629951477,-0.22854772210121155,-0.35349512100219727,-0.9359036087989807,-0.2520444095134735,0.12079406529664993,0.004501298535615206,0.0079491613432765,-0.12086953222751617,-0.004779163282364607,-0.006551442202180624,0.16867534816265106,0.08106324076652527,-0.3658885061740875,-0.17315930128097534,0.04255275800824165,-0.3327651023864746,0.14971040189266205,0.38693365454673767,-0.25593632459640503,-0.1295957714319229,0.3674326539039612,-0.24697108566761017
108,0.0017838894855231047,-0.6277027726173401,-0.25544866919517517,0.16257520020008087,-0.49393102526664734,-0.11164932698011398,0.2678999900817871,-0.7210826873779297,-0.18633340299129486,-0.15497790277004242,-0.49002012610435486,-0.11810252070426941,-0.2905518710613251,-0.686779797077179,-0.18285873532295227,0.35089510679244995,-0.9850532412528992,-0.23521210253238678,-0.3587927520275116,-0.9354594349861145,-0.24971593916416168,0.12085169553756714,0.0045830304734408855,0.007475646678358316,-0.12091993540525436,-0.004853112623095512,-0.0060844412073493,0.14650875329971313,0.08377524465322495,-0.38199400901794434,-0.18419305980205536,0.037571970373392105,-0.3373207449913025,0.13446545600891113,0.3831529915332794,-0.27087220549583435,-0.1369725912809372,0.3688357472419739,-0.25750410556793213
109,0.007825827226042747,-0.6277998089790344,-0.23795130848884583,0.16039615869522095,-0.49406424164772034,-0.09338479489088058,0.26818543672561646,-0.723743736743927,-0.16148535907268524,-0.1565120369195938,-0.49008676409721375,-0.11414744704961777,-0.28982600569725037,-0.687345027923584,-0.17743510007858276,0.3513753414154053,-0.9865834712982178,-0.20450757443904877,-0.3574855327606201,-0.9379564523696899,-0.2340770959854126,0.12089367210865021,0.004800539463758469,0.008102637715637684,-0.12096278369426727,-0.005059344228357077,-0.006712041329592466,0.13755649328231812,0.11024324595928192,-0.3821161687374115,-0.1885988563299179,0.060140255838632584,-0.3455686569213867,0.1297016739845276,0.4129014015197754,-0.2822731137275696,-0.13727553188800812,0.39544710516929626,-0.27883169054985046
110,0.006117807235568762,-0.6291505694389343,-0.2325422316789627,0.16045846045017242,-0.494626522064209,-0.09050508588552475,0.26652252674102783,-0.7231526970863342,-0.16063369810581207,-0.15804998576641083,-0.490013062953949,-0.09796085208654404,-0.2900574207305908,-0.6827216744422913,-0.1623157411813736,0.34296855330467224,-0.9868042469024658,-0.20200929045677185,-0.35674241185188293,-0.9372783303260803,-0.22451472282409668,0.12142519652843475,0.00489081209525466,0.007372788153588772,-0.12147726863622665,-0.005151163786649704,-0.005979761015623808,0.1183246448636055,0.12172990292310715,-0.3832319378852844,-0.19199047982692719,0.0647507905960083,-0.3455754816532135,0.12409820407629013,0.4223856031894684,-0.2922920882701874,-0.13780167698860168,0.4050354063510895,-0.28814980387687683
111,0.006333924364298582,-0.6309837102890015,-0.26609373092651367,0.16143208742141724,-0.49417445063591003,-0.12739454209804535,0.27357620000839233,-0.7234632968902588,-0.20989923179149628,-0.1540597826242447,-0.49694058299064636,-0.12414920330047607,-0.2820882797241211,-0.704305112361908,-0.18357522785663605,0.34859123826026917,-0.9836621284484863,-0.2638508975505829,-0.3540981411933899,-0.946539044380188,-0.2507418096065521,0.12057069689035416,0.004653087351471186,0.006443321704864502,-0.12064933776855469,-0.004881901666522026,-0.0051008532755076885,0.12516848742961884,0.22356121242046356,-0.340448260307312,-0.19251523911952972,0.1836199313402176,-0.28790387511253357,0.14818567037582397,0.5270183086395264,-0.23333458602428436,-0.13203150033950806,0.5304680466651917,-0.21026355028152466
112,0.005152088589966297,-0.631862223148346,-0.2736446261405945,0.16544413566589355,-0.4954204857349396,-0.1334938257932663,0.2826559245586395,-0.7291058897972107,-0.20714066922664642,-0.1446545124053955,-0.49805378913879395,-0.12840256094932556,-0.2761146128177643,-0.7033244967460632,-0.18425415456295013,0.35463669896125793,-0.9874539971351624,-0.2560957968235016,-0.3473869264125824,-0.9471444487571716,-0.2451767921447754,0.1198212206363678,0.004589044023305178,0.006438643671572208,-0.11991993337869644,-0.004809974692761898,-0.005112352315336466,0.1325155794620514,0.2680199146270752,-0.30299094319343567,-0.1816810965538025,0.22993943095207214,-0.2521684169769287,0.14780275523662567,0.5795125961303711,-0.1626855581998825,-0.12324173748493195,0.5753827095031738,-0.15201841294765472
113,0.008838876150548458,-0.631041407585144,-0.2898713946342468,0.1653648316860199,-0.4928608238697052,-0.1458243876695633,0.285234659910202,-0.725768506526947,-0.210405170917511,-0.14034487307071686,-0.49900537729263306,-0.14774248003959656,-0.2679925262928009,-0.7017526030540466,-0.20808923244476318,0.3605652153491974,-0.9834886193275452,-0.25239112973213196,-0.33405181765556335,-0.9444990158081055,-0.2638770043849945,0.11755416542291641,0.004638537764549255,0.00661153718829155,-0.11771879345178604,-0.004857631865888834,-0.005339247640222311,0.13871707022190094,0.2960790693759918,-0.2533535063266754,-0.16576747596263885,0.25784724950790405,-0.21227553486824036,0.15140584111213684,0.6096354722976685,-0.10221962630748749,-0.10524263232946396,0.5949200391769409,-0.09554370492696762
114,0.0023555790539830923,-0.6268478035926819,-0.30211296677589417,0.16309985518455505,-0.49285387992858887,-0.157456636428833,0.28372177481651306,-0.725679337978363,-0.22700439393520355,-0.13962192833423615,-0.4977954030036926,-0.155882328748703,-0.26915231347084045,-0.6992099285125732,-0.21263214945793152,0.35550400614738464,-0.9828028082847595,-0.26745840907096863,-0.3353114426136017,-0.9415130615234375,-0.27078476548194885,0.1164243295788765,0.004523853305727243,0.0064659216441214085,-0.11661848425865173,-0.004738126415759325,-0.005224419292062521,0.1411411315202713,0.30554404854774475,-0.24194331467151642,-0.1656397134065628,0.2665986120700836,-0.2001475840806961,0.1488526612520218,0.6254337430000305,-0.09035000950098038,-0.10703697800636292,0.5984205007553101,-0.07844258844852448
115,0.001189237111248076,-0.6244983077049255,-0.3272159993648529,0.15617479383945465,-0.4918777644634247,-0.17908574640750885,0.27803200483322144,-0.7248683571815491,-0.25166088342666626,-0.1396440714597702,-0.4976990222930908,-0.18254384398460388,-0.26922303438186646,-0.6909325122833252,-0.24138441681861877,0.35112905502319336,-0.9810782670974731,-0.2975601255893707,-0.3307490348815918,-0.9247982501983643,-0.3050691783428192,0.11329255998134613,0.004371571354568005,0.00637546693906188,-0.11359229683876038,-0.004589186515659094,-0.005160888656973839,0.1434634029865265,0.3308967053890228,-0.1628478765487671,-0.16392678022384644,0.2977564036846161,-0.15307703614234924,0.15941552817821503,0.651142954826355,0.005883022211492062,-0.11174998432397842,0.6311892867088318,-0.006729554384946823
116,0.0021403890568763018,-0.6251656413078308,-0.33304065465927124,0.15586337447166443,-0.4927073121070862,-0.17955923080444336,0.27603909373283386,-0.7243863344192505,-0.2491331696510315,-0.13935346901416779,-0.4990837574005127,-0.1868027150630951,-0.26953089237213135,-0.6914957165718079,-0.2527948021888733,0.3472827076911926,-0.9747925996780396,-0.2989027500152588,-0.31833338737487793,-0.9252958297729492,-0.31722667813301086,0.11192607134580612,0.004010387696325779,0.006370494142174721,-0.11227767169475555,-0.004244618117809296,-0.0051698810420930386,0.14545941352844238,0.3637203276157379,-0.08897718787193298,-0.1517854481935501,0.3320966958999634,-0.0951179787516594,0.16207407414913177,0.6996424198150635,0.06276507675647736,-0.11636631935834885,0.6647033095359802,0.05051187425851822
117,0.003783644177019596,-0.6215476393699646,-0.34145933389663696,0.15514808893203735,-0.4935072064399719,-0.187681645154953,0.26421135663986206,-0.7242969870567322,-0.2596585154533386,-0.13654513657093048,-0.4986841380596161,-0.18776386976242065,-0.2672020494937897,-0.6666607856750488,-0.2729368209838867,0.3294414281845093,-0.9741666316986084,-0.31720221042633057,-0.29977017641067505,-0.8945091366767883,-0.3793741464614868,0.10982774198055267,0.0041042533703148365,0.0038297499995678663,-0.1101706251502037,-0.0043573034927248955,-0.00276443874463439,0.14169615507125854,0.3892515301704407,-0.00909944623708725,-0.13373737037181854,0.35897737741470337,-0.022154277190566063,0.16822387278079987,0.7339217066764832,0.13132017850875854,-0.11209601908922195,0.6952911019325256,0.12628711760044098
118,-0.00014176664990372956,-0.6226807832717896,-0.3358575105667114,0.1497306227684021,-0.49397411942481995,-0.18992333114147186,0.25803342461586,-0.7241106629371643,-0.27250736951828003,-0.1375093311071396,-0.49901336431503296,-0.18607833981513977,-0.26741817593574524,-0.6674662828445435,-0.26380035281181335,0.3137986361980438,-0.972783088684082,-0.33197465538978577,-0.29909399151802063,-0.8973590135574341,-0.3581201434135437,0.10815219581127167,0.004108279477804899,0.0010629548924043775,-0.1084468886256218,-0.004362158011645079,-0.00010198017116636038,0.13826973736286163,0.37831422686576843,-0.04309917986392975,-0.12758155167102814,0.3588212728500366,-0.01991414651274681,0.16593578457832336,0.7274179458618164,0.1013699471950531,-0.10765767842531204,0.6911762952804565,0.12207011878490448
119,-0.00030859318212606013,-0.625526487827301,-0.333502858877182,0.14987729489803314,-0.49442848563194275,-0.1902197301387787,0.2558319568634033,-0.7247618436813354,-0.27266791462898254,-0.1350056380033493,-0.500207781791687,-0.18415626883506775,-0.2611043453216553,-0.668799877166748,-0.26089146733283997,0.31146326661109924,-0.9729094505310059,-0.3315463364124298,-0.2877297103404999,-0.8956920504570007,-0.34876903891563416,0.10671433061361313,0.004226901102811098,-0.0016737538389861584,-0.1070108413696289,-0.004483933560550213,0.0025669990573078394,0.13842539489269257,0.3801840841770172,-0.027203481644392014,-0.1117294579744339,0.3655860424041748,0.005310051143169403,0.16710273921489716,0.734686017036438,0.11445242911577225,-0.09866496175527573,0.6989693641662598,0.1485658586025238
120,0.013618020340800285,-0.6199403405189514,-0.3432300388813019,0.1544182300567627,-0.4939431846141815,-0.19328433275222778,0.2534967064857483,-0.7187761068344116,-0.27067023515701294,-0.12654028832912445,-0.5001986622810364,-0.18988235294818878,-0.2432827651500702,-0.6691213846206665,-0.27911314368247986,0.3059562146663666,-0.9615305662155151,-0.3279939293861389,-0.26212990283966064,-0.895499587059021,-0.3805912733078003,0.10651590675115585,0.004286305513232946,-0.0008720102487131953,-0.10679232329130173,-0.004565115552395582,0.0017884941771626472,0.13722525537014008,0.3942330479621887,0.0008507406455464661,-0.11227363348007202,0.37287992238998413,0.009227190166711807,0.1656397581100464,0.7469602823257446,0.13206125795841217,-0.09834538400173187,0.7102658152580261,0.14586959779262543
121,0.012544362805783749,-0.6215286254882812,-0.3304629623889923,0.15544196963310242,-0.49471527338027954,-0.19165559113025665,0.25368595123291016,-0.7156664729118347,-0.270137757062912,-0.12576933205127716,-0.5053194761276245,-0.1688012182712555,-0.2445482462644577,-0.6785269975662231,-0.23155026137828827,0.3072500228881836,-0.9555168747901917,-0.3259662687778473,-0.26616519689559937,-0.9013296365737915,-0.31198325753211975,0.10595929622650146,0.0047477371990680695,-0.003195284865796566,-0.10621558874845505,-0.005050079431384802,0.004097654018551111,0.13032861053943634,0.398125022649765,-0.0025526012759655714,-0.10510819405317307,0.37953072786331177,0.030034484341740608,0.16529379785060883,0.755480945110321,0.12800736725330353,-0.088429294526577,0.7192261815071106,0.16064399480819702
122,0.012022098526358604,-0.6103492379188538,-0.35325679183006287,0.1546693742275238,-0.4873047173023224,-0.2092093825340271,0.24580807983875275,-0.7035402059555054,-0.29560455679893494,-0.125860795378685,-0.5005074739456177,-0.18846037983894348,-0.2457161545753479,-0.672882080078125,-0.27587589621543884,0.28920507431030273,-0.94129878282547,-0.35774335265159607,-0.26407480239868164,-0.8954427242279053,-0.38171836733818054,0.10567639768123627,0.00483515253290534,-0.003612354164943099,-0.10591252893209457,-0.005153615493327379,0.004536697641015053,0.1202450767159462,0.40281882882118225,-0.0058401357382535934,-0.10576168447732925,0.38355451822280884,0.029089586809277534,0.15992172062397003,0.7605857849121094,0.11930554360151291,-0.08947264403104782,0.7282825112342834,0.15220190584659576
123,0.011860288679599762,-0.613335132598877,-0.35029706358909607,0.15488801896572113,-0.4875704050064087,-0.20834258198738098,0.24578814208507538,-0.7044168710708618,-0.29121342301368713,-0.12600992619991302,-0.5019969344139099,-0.17999064922332764,-0.24584832787513733,-0.6800243258476257,-0.25760993361473083,0.29109692573547363,-0.9437369108200073,-0.3519884943962097,-0.26022279262542725,-0.9026914238929749,-0.35123831033706665,0.10559337586164474,0.004905464127659798,-0.00497240899130702,-0.10582578182220459,-0.005238882265985012,0.005883235018700361,0.11997149884700775,0.40296685695648193,-0.0014863215619698167,-0.10579513758420944,0.3850450813770294,0.03957241028547287,0.15556812286376953,0.7580862045288086,0.12918305397033691,-0.08422353863716125,0.7274622321128845,0.16738612949848175
124,0.01166242454200983,-0.6193941235542297,-0.3239578902721405,0.15557503700256348,-0.48860666155815125,-0.1884821653366089,0.2461063265800476,-0.7042002081871033,-0.26973724365234375,-0.12613633275032043,-0.5043565630912781,-0.15581895411014557,-0.24477003514766693,-0.6851604580879211,-0.22586479783058167,0.2903989255428314,-0.94257652759552,-0.3300715982913971,-0.25663068890571594,-0.9109371900558472,-0.3097241520881653,0.10552660375833511,0.0049099489115178585,-0.006787632592022419,-0.10575912892818451,-0.005248784553259611,0.0076940031722188,0.1193055585026741,0.40204036235809326,-0.006251519080251455,-0.10490648448467255,0.3868112862110138,0.03618461638689041,0.1545943021774292,0.757736086845398,0.12472061812877655,-0.08387663215398788,0.7311259508132935,0.16160671412944794
125,0.011478307656943798,-0.6170777082443237,-0.3281247615814209,0.15561047196388245,-0.48613473773002625,-0.19069994986057281,0.24564629793167114,-0.7012553215026855,-0.2710157334804535,-0.12616676092147827,-0.5022324919700623,-0.15666918456554413,-0.24366237223148346,-0.679118275642395,-0.2378189116716385,0.2878841459751129,-0.9410758018493652,-0.33039504289627075,-0.25369250774383545,-0.9043942093849182,-0.34281691908836365,0.1054735854268074,0.004945776890963316,-0.0073036556132137775,-0.10570112615823746,-0.005293776746839285,0.008213355205953121,0.11607395112514496,0.4047023057937622,-0.006771416869014502,-0.10541482269763947,0.38853976130485535,0.03627418354153633,0.1528509110212326,0.7599166631698608,0.12290555238723755,-0.08428835868835449,0.7353588342666626,0.16068017482757568
126,0.01158943958580494,-0.6181715130805969,-0.3265421390533447,0.15592288970947266,-0.48626720905303955,-0.1880372017621994,0.24570916593074799,-0.7022811770439148,-0.2681110203266144,-0.12584851682186127,-0.502738356590271,-0.1574934870004654,-0.24146753549575806,-0.6811826825141907,-0.23861907422542572,0.28540679812431335,-0.9415793418884277,-0.3246355950832367,-0.24862311780452728,-0.905742347240448,-0.34268680214881897,0.10541888326406479,0.004987359046936035,-0.007650197483599186,-0.10564099252223969,-0.005341469310224056,0.008568821474909782,0.11253919452428818,0.40671464800834656,-0.007361674215644598,-0.10505270957946777,0.3897302746772766,0.03562067449092865,0.15175707638263702,0.7614707350730896,0.12182523310184479,-0.07998500019311905,0.7375519871711731,0.1587333232164383
127,0.013045140542089939,-0.6188589334487915,-0.3178546130657196,0.15767689049243927,-0.4877694249153137,-0.17690744996070862,0.24549120664596558,-0.7040085196495056,-0.2546688914299011,-0.1249750554561615,-0.5027782917022705,-0.15393218398094177,-0.23627831041812897,-0.681538462638855,-0.23836742341518402,0.28205081820487976,-0.942983090877533,-0.30871668457984924,-0.24276387691497803,-0.9078512787818909,-0.33979496359825134,0.10547003895044327,0.0049917735159397125,-0.007267278619110584,-0.1056864932179451,-0.005351967178285122,0.008199471049010754,0.11181353777647018,0.4085804522037506,-0.002776580862700939,-0.105352021753788,0.38933780789375305,0.034136317670345306,0.1498211771249771,0.7608094215393066,0.12536607682704926,-0.08034535497426987,0.7372944355010986,0.15773074328899384
128,0.013591151684522629,-0.6197860240936279,-0.3034438192844391,0.15759901702404022,-0.48850661516189575,-0.164869025349617,0.24260324239730835,-0.703866183757782,-0.2428414523601532,-0.12519316375255585,-0.5031856298446655,-0.1339196264743805,-0.23860158026218414,-0.6842982769012451,-0.2151334434747696,0.2805172801017761,-0.9424903392791748,-0.29882779717445374,-0.2439374029636383,-0.9136060476303101,-0.3126717805862427,0.10542973130941391,0.004885579459369183,-0.007855143398046494,-0.10563533753156662,-0.00525863841176033,0.008809120394289494,0.10685934871435165,0.40888136625289917,-0.005303234327584505,-0.10623307526111603,0.39091047644615173,0.03338109701871872,0.14451183378696442,0.7625774145126343,0.11338402330875397,-0.08023843914270401,0.7437480092048645,0.1499817669391632
129,0.021269267424941063,-0.6169286370277405,-0.30495956540107727,0.1620616614818573,-0.490182489156723,-0.16379474103450775,0.2424255758523941,-0.7038027048110962,-0.23728567361831665,-0.12297377735376358,-0.5032033324241638,-0.1381881833076477,-0.2337164580821991,-0.6812499165534973,-0.23525860905647278,0.2807374596595764,-0.9430611729621887,-0.2936820983886719,-0.24011635780334473,-0.9122593402862549,-0.3427101969718933,0.10574597120285034,0.004795907065272331,-0.005711264908313751,-0.10594774037599564,-0.0051825460977852345,0.0066789258271455765,0.10721220821142197,0.4105193614959717,-0.0010193436173722148,-0.10639451444149017,0.39060163497924805,0.02836647443473339,0.1437012255191803,0.7624068260192871,0.1171889379620552,-0.08310502767562866,0.7429654002189636,0.1428845226764679
130,0.021318405866622925,-0.6167228817939758,-0.3047574758529663,0.1628955900669098,-0.4902578592300415,-0.1640697717666626,0.24247890710830688,-0.7059204578399658,-0.23858045041561127,-0.1219702810049057,-0.5024160146713257,-0.1381973922252655,-0.23380598425865173,-0.6764086484909058,-0.2381281703710556,0.278973251581192,-0.9462107419967651,-0.2952081859111786,-0.24069282412528992,-0.9072288870811462,-0.35713207721710205,0.1057543233036995,0.004850007593631744,-0.005957853514701128,-0.10595083236694336,-0.00524178147315979,0.0069234068505465984,0.1044076457619667,0.4107149839401245,-0.004159880336374044,-0.11034978181123734,0.39083802700042725,0.02824559435248375,0.14006996154785156,0.7644082307815552,0.11080342531204224,-0.08327401429414749,0.7448878884315491,0.13965778052806854
131,0.022518960759043694,-0.6085629463195801,-0.305385947227478,0.1629621535539627,-0.49019521474838257,-0.16458414494991302,0.24214324355125427,-0.7065831422805786,-0.23978035151958466,-0.12120155245065689,-0.49914905428886414,-0.13953427970409393,-0.2325199544429779,-0.6713365912437439,-0.24062219262123108,0.27481499314308167,-0.946353018283844,-0.2962847352027893,-0.23838776350021362,-0.9030539989471436,-0.36447855830192566,0.10577597469091415,0.004843608941882849,-0.005980864632874727,-0.10596361011266708,-0.005240158643573523,0.00695081427693367,0.10085045546293259,0.4136171042919159,-0.007781148422509432,-0.1131380945444107,0.39232468605041504,0.025416525080800056,0.13079681992530823,0.7670076489448547,0.10078280419111252,-0.09287828207015991,0.7521730661392212,0.12892459332942963
132,0.021694215014576912,-0.6133251786231995,-0.2971542477607727,0.16251984238624573,-0.49027830362319946,-0.15728014707565308,0.24206899106502533,-0.709951639175415,-0.23028162121772766,-0.1213793009519577,-0.499216765165329,-0.13343411684036255,-0.23264268040657043,-0.6715802550315857,-0.2396160066127777,0.27504950761795044,-0.9480943083763123,-0.2832885682582855,-0.2385888695716858,-0.8992519974708557,-0.3622811436653137,0.10581698268651962,0.004835302941501141,-0.0063857221975922585,-0.10600443184375763,-0.005234315525740385,0.007348806131631136,0.10119924694299698,0.41349175572395325,-0.01306914072483778,-0.11621648073196411,0.3930974304676056,0.024529898539185524,0.13266102969646454,0.7691547274589539,0.09263666719198227,-0.09922429174184799,0.7539178729057312,0.12506358325481415
133,0.02123531512916088,-0.6063306331634521,-0.3235700726509094,0.16150471568107605,-0.48579278588294983,-0.1773015260696411,0.2413521111011505,-0.7010127902030945,-0.25584277510643005,-0.12168195843696594,-0.49756118655204773,-0.15465298295021057,-0.2336900383234024,-0.6672560572624207,-0.2597953975200653,0.27533984184265137,-0.9404354691505432,-0.31813159584999084,-0.24047459661960602,-0.8941513299942017,-0.3867383599281311,0.10594654083251953,0.004825600888580084,-0.006428892724215984,-0.1061336100101471,-0.0052278959192335606,0.007393529638648033,0.10085497051477432,0.41450563073158264,-0.01655004732310772,-0.12038756161928177,0.393658310174942,0.023781701922416687,0.13194911181926727,0.7701809406280518,0.08797453343868256,-0.1038159653544426,0.7544755935668945,0.12327372282743454
134,0.01972748152911663,-0.6067440509796143,-0.3210439085960388,0.15992073714733124,-0.48573067784309387,-0.17616777122020721,0.23846659064292908,-0.7009894847869873,-0.2535231113433838,-0.12261313199996948,-0.4974524974822998,-0.14956121146678925,-0.2372491955757141,-0.6674661040306091,-0.24962545931339264,0.271986186504364,-0.939720094203949,-0.31243398785591125,-0.2408774495124817,-0.8944496512413025,-0.37211883068084717,0.10595954209566116,0.004752835258841515,-0.006779933348298073,-0.1061447262763977,-0.005162028130143881,0.007744281552731991,0.10097014904022217,0.41444191336631775,-0.017037782818078995,-0.12230180203914642,0.39388608932495117,0.023686405271291733,0.13103030622005463,0.7701459527015686,0.08892573416233063,-0.10549845546483994,0.7542898654937744,0.12364506721496582
135,0.01520513091236353,-0.6007176041603088,-0.343819797039032,0.15695008635520935,-0.48142126202583313,-0.19522705674171448,0.23512300848960876,-0.6930720210075378,-0.2782181203365326,-0.1239757239818573,-0.4939996302127838,-0.1698862761259079,-0.2393479347229004,-0.6630175709724426,-0.26807957887649536,0.2677154541015625,-0.9297709465026855,-0.3427569568157196,-0.24504289031028748,-0.8908641338348389,-0.3909863233566284,0.10598128288984299,0.004727208986878395,-0.006783600896596909,-0.10616794973611832,-0.005143078044056892,0.007751957047730684,0.10087647289037704,0.41466227173805237,-0.017021728679537773,-0.12581832706928253,0.3939066529273987,0.023577071726322174,0.12875235080718994,0.7699485421180725,0.0894707515835762,-0.10984376817941666,0.7543544769287109,0.12322096526622772
136,0.013516046106815338,-0.6005086302757263,-0.3412986695766449,0.15618349611759186,-0.4793767035007477,-0.19376423954963684,0.2351340800523758,-0.6887030601501465,-0.2756589353084564,-0.12451465427875519,-0.49356546998023987,-0.167990580201149,-0.23974324762821198,-0.6615927815437317,-0.266355037689209,0.26999640464782715,-0.9251406788825989,-0.33917295932769775,-0.24917751550674438,-0.8886389136314392,-0.38908737897872925,0.10600730776786804,0.004687000066041946,-0.006884641479700804,-0.10619457066059113,-0.005108578596264124,0.007857240736484528,0.10059534758329391,0.41468545794487,-0.01820504106581211,-0.12719282507896423,0.39406710863113403,0.023373937234282494,0.1288602501153946,0.7707028388977051,0.08703064918518066,-0.11005807667970657,0.7543069124221802,0.12247556447982788
137,0.012744544073939323,-0.6002838015556335,-0.3356233537197113,0.15581583976745605,-0.4793632924556732,-0.18894991278648376,0.23399706184864044,-0.6890736222267151,-0.27352145314216614,-0.12513309717178345,-0.4928589165210724,-0.15998822450637817,-0.24186010658740997,-0.6613390445709229,-0.2642478942871094,0.26885566115379333,-0.924318790435791,-0.33644768595695496,-0.24980077147483826,-0.8867931962013245,-0.38726335763931274,0.10609164834022522,0.004615751560777426,-0.00730180786922574,-0.1062779426574707,-0.005043550860136747,0.008276604115962982,0.09942328929901123,0.41489285230636597,-0.0208091139793396,-0.13107915222644806,0.3946920931339264,0.023086637258529663,0.12728911638259888,0.7724525928497314,0.08127032220363617,-0.11398063600063324,0.7562319040298462,0.1190696731209755
138,0.013954546302556992,-0.599982738494873,-0.3339393436908722,0.15612880885601044,-0.47942087054252625,-0.18506959080696106,0.23401404917240143,-0.6879191398620605,-0.266107976436615,-0.12509465217590332,-0.49334508180618286,-0.15953417122364044,-0.24142757058143616,-0.6617395877838135,-0.26354438066482544,0.27194300293922424,-0.9242442846298218,-0.3327999711036682,-0.24947600066661835,-0.8874639868736267,-0.3900372385978699,0.10616681724786758,0.004569185897707939,-0.007271491922438145,-0.10635054856538773,-0.005002039019018412,0.008248019963502884,0.09888597577810287,0.41546690464019775,-0.020792711526155472,-0.1311243325471878,0.39494022727012634,0.022483179345726967,0.1270783394575119,0.7734803557395935,0.08072029054164886,-0.11545288562774658,0.756711483001709,0.1186465248465538
139,0.014725844375789165,-0.6003744006156921,-0.33338499069213867,0.1562826782464981,-0.4783306121826172,-0.1848473846912384,0.23556633293628693,-0.6877874135971069,-0.2657491862773895,-0.12509311735630035,-0.49300798773765564,-0.15929245948791504,-0.2420034259557724,-0.6612424254417419,-0.2630983591079712,0.27541598677635193,-0.9241361618041992,-0.33190590143203735,-0.24956196546554565,-0.8854421973228455,-0.3894975781440735,0.10622745007276535,0.004550303798168898,-0.007955026812851429,-0.10641451925039291,-0.004985332954674959,0.008920199237763882,0.09814032912254333,0.4154864549636841,-0.022016141563653946,-0.13104099035263062,0.39519792795181274,0.022882593795657158,0.12713192403316498,0.7739090323448181,0.07980627566576004,-0.11472570151090622,0.7567565441131592,0.11871878802776337
140,0.014123699627816677,-0.599797248840332,-0.33288443088531494,0.1562538743019104,-0.4775354266166687,-0.18464820086956024,0.235817089676857,-0.6808350086212158,-0.26527875661849976,-0.12509658932685852,-0.49287042021751404,-0.1559089720249176,-0.2424948513507843,-0.6611173152923584,-0.25280746817588806,0.27684247493743896,-0.9099184274673462,-0.3316768407821655,-0.25048285722732544,-0.8849069476127625,-0.3788180947303772,0.10625701397657394,0.004521880764514208,-0.008257939480245113,-0.10644320398569107,-0.004961976315826178,0.009231548756361008,0.09720177203416824,0.41561535000801086,-0.0235898494720459,-0.13116563856601715,0.39565661549568176,0.022821839898824692,0.12768134474754333,0.7755158543586731,0.07423795759677887,-0.1135912612080574,0.7580400705337524,0.11641515791416168
141,0.014290195889770985,-0.6024653911590576,-0.31210190057754517,0.15678440034389496,-0.4776066243648529,-0.16599756479263306,0.235836923122406,-0.6806145906448364,-0.24386541545391083,-0.12483767420053482,-0.49324628710746765,-0.14404752850532532,-0.24017617106437683,-0.6628736853599548,-0.24968409538269043,0.2797265648841858,-0.9113410711288452,-0.30907899141311646,-0.2483350783586502,-0.8866212368011475,-0.3771156072616577,0.10635831952095032,0.004437170457094908,-0.007492332253605127,-0.1065479964017868,-0.004883828107267618,0.008456187322735786,0.09719177335500717,0.41581785678863525,-0.021949592977762222,-0.13065172731876373,0.3957616984844208,0.017505932599306107,0.12669239938259125,0.7757014632225037,0.07574509084224701,-0.11370518803596497,0.7592861652374268,0.10995444655418396
142,0.009926557540893555,-0.6028516292572021,-0.3129677176475525,0.15270324051380157,-0.4778822064399719,-0.16679485142230988,0.2321622222661972,-0.6808571815490723,-0.24509935081005096,-0.12800747156143188,-0.4932490587234497,-0.1442166268825531,-0.24195227026939392,-0.663505494594574,-0.25182053446769714,0.27956533432006836,-0.9119815230369568,-0.314620703458786,-0.2538825571537018,-0.8866677284240723,-0.3799838423728943,0.10637089610099792,0.004359033424407244,-0.007066985126584768,-0.10655727982521057,-0.004809306934475899,0.008031293749809265,0.09717924147844315,0.4157578945159912,-0.02159828506410122,-0.1306077539920807,0.39578840136528015,0.016679618507623672,0.12630817294120789,0.7759356498718262,0.07597071677446365,-0.11347629129886627,0.7592739462852478,0.10885293781757355
143,0.011399609036743641,-0.6044143438339233,-0.30801767110824585,0.154155895113945,-0.4783499836921692,-0.16090703010559082,0.2330363392829895,-0.6827672123908997,-0.23408690094947815,-0.12742578983306885,-0.49378639459609985,-0.1396683007478714,-0.24177232384681702,-0.664806067943573,-0.24647393822669983,0.2817154824733734,-0.9169325828552246,-0.29518651962280273,-0.2511734366416931,-0.8893070816993713,-0.37040314078330994,0.10643859207630157,0.00432969955727458,-0.007065328303724527,-0.10662851482629776,-0.004784600809216499,0.008031446486711502,0.09692005068063736,0.4157789945602417,-0.021307285875082016,-0.13261273503303528,0.39576008915901184,0.016298379749059677,0.1202651858329773,0.7756868004798889,0.07734015583992004,-0.118662528693676,0.7592381834983826,0.10864920914173126
144,0.01239311695098877,-0.6116078495979309,-0.27724334597587585,0.1552286446094513,-0.48710379004478455,-0.13471096754074097,0.2331056296825409,-0.6915045380592346,-0.20430511236190796,-0.1268911510705948,-0.49678847193717957,-0.11069583147764206,-0.24197053909301758,-0.6656491160392761,-0.22096842527389526,0.28188058733940125,-0.9265942573547363,-0.25945889949798584,-0.2513101398944855,-0.8893258571624756,-0.3493407368659973,0.10637609660625458,0.004326710477471352,-0.007021375931799412,-0.10654861479997635,-0.0047833737917244434,0.007986824959516525,0.09890085458755493,0.41546890139579773,-0.01988838240504265,-0.13158294558525085,0.3942048251628876,0.016423555091023445,0.12271673232316971,0.7757395505905151,0.07746078073978424,-0.1130024865269661,0.756966769695282,0.10939924418926239
145,0.014827459119260311,-0.6108651161193848,-0.2842310965061188,0.15749996900558472,-0.48652562499046326,-0.14275290071964264,0.23502600193023682,-0.6907731294631958,-0.2164323925971985,-0.12369641661643982,-0.49580714106559753,-0.12098323553800583,-0.23332902789115906,-0.6630334258079529,-0.23916663229465485,0.28244638442993164,-0.9236148595809937,-0.27176785469055176,-0.24191102385520935,-0.8865424990653992,-0.3739430010318756,0.10640397667884827,0.004339276812970638,-0.006837161723524332,-0.10657265037298203,-0.004797870293259621,0.007799849845468998,0.09945549070835114,0.41537606716156006,-0.01984301768243313,-0.12838895618915558,0.3942373991012573,0.016011323779821396,0.12279754132032394,0.7760155200958252,0.07817147672176361,-0.10877590626478195,0.7568331360816956,0.1095207929611206
146,0.014642847701907158,-0.6118505597114563,-0.2751997113227844,0.15780654549598694,-0.4912627637386322,-0.13666437566280365,0.23531267046928406,-0.6939083933830261,-0.21318478882312775,-0.12358775734901428,-0.49915578961372375,-0.1051863357424736,-0.23364605009555817,-0.6686210632324219,-0.19675813615322113,0.2794387936592102,-0.924027144908905,-0.27039334177970886,-0.24220602214336395,-0.8901180028915405,-0.3123582899570465,0.10636217892169952,0.004347701091319323,-0.00691954093053937,-0.10651075094938278,-0.004807291552424431,0.007895497605204582,0.0995125100016594,0.4152432680130005,-0.019965652376413345,-0.12787176668643951,0.393532931804657,0.016177700832486153,0.12422796338796616,0.7754798531532288,0.07742757350206375,-0.1080641821026802,0.7557269334793091,0.10979852080345154
147,0.019433988258242607,-0.6099647283554077,-0.2853524684906006,0.1599021852016449,-0.4876384437084198,-0.14270971715450287,0.2352004200220108,-0.6837117075920105,-0.22246508300304413,-0.12233684957027435,-0.49686187505722046,-0.11987455934286118,-0.23126572370529175,-0.6653546094894409,-0.23299631476402283,0.28004875779151917,-0.913029134273529,-0.2864637076854706,-0.23868221044540405,-0.8901084661483765,-0.36368894577026367,0.10646826028823853,0.004312576726078987,-0.006805577781051397,-0.10661451518535614,-0.0047752088867127895,0.007778756786137819,0.09881369769573212,0.4153262972831726,-0.019940122961997986,-0.12786710262298584,0.39370042085647583,0.015864280983805656,0.12425898015499115,0.7755493521690369,0.07790689915418625,-0.10834287852048874,0.7557380795478821,0.10989963263273239
148,0.018553826957941055,-0.6095435619354248,-0.2865031659603119,0.15865597128868103,-0.488104909658432,-0.1427251696586609,0.2343427836894989,-0.6852213740348816,-0.2185143679380417,-0.1230969950556755,-0.49717432260513306,-0.12068405747413635,-0.2333984524011612,-0.6653550267219543,-0.2330418974161148,0.2818965017795563,-0.9132809042930603,-0.27991783618927,-0.24306485056877136,-0.8895413279533386,-0.36370667815208435,0.10648550093173981,0.004284971859306097,-0.006619192194193602,-0.10662958025932312,-0.004748682025820017,0.007597813382744789,0.09905179589986801,0.41512253880500793,-0.019942715764045715,-0.1287594437599182,0.39361628890037537,0.014660879038274288,0.12423881143331528,0.7749696969985962,0.07764698565006256,-0.10996498167514801,0.755659818649292,0.1075993999838829
149,0.021770594641566277,-0.607772707939148,-0.28715282678604126,0.16122882068157196,-0.486126184463501,-0.1431778371334076,0.2343599647283554,-0.6790293455123901,-0.2203940600156784,-0.12101135402917862,-0.49611717462539673,-0.12010478228330612,-0.2324926257133484,-0.6625409722328186,-0.23297840356826782,0.2823847234249115,-0.9077383279800415,-0.29038020968437195,-0.24085508286952972,-0.8893677592277527,-0.3646092414855957,0.10658231377601624,0.004255895037204027,-0.007130843121558428,-0.10672739148139954,-0.0047220331616699696,0.008099108003079891,0.09865185618400574,0.41534751653671265,-0.021669233217835426,-0.12839509546756744,0.39457839727401733,0.014929968863725662,0.12315981835126877,0.7769357562065125,0.07575582712888718,-0.10739165544509888,0.757739245891571,0.10745110362768173
150,0.015854505822062492,-0.6074916124343872,-0.28913062810897827,0.1577107459306717,-0.4860856235027313,-0.1453602910041809,0.23233498632907867,-0.6793736219406128,-0.22851206362247467,-0.12332768738269806,-0.4959390163421631,-0.12381944805383682,-0.234521746635437,-0.6629284620285034,-0.2379237413406372,0.2821686267852783,-0.9079928994178772,-0.30061113834381104,-0.2481193095445633,-0.8882348537445068,-0.3685998022556305,0.10657931864261627,0.004220033064484596,-0.0063538504764437675,-0.10672066360712051,-0.004686526022851467,0.0073314751498401165,0.0985962525010109,0.41541847586631775,-0.021959366276860237,-0.12925153970718384,0.3945825695991516,0.011325428262352943,0.1239466741681099,0.7774545550346375,0.07296077907085419,-0.10905441641807556,0.7581366300582886,0.10134891420602798
151,0.018971167504787445,-0.611992597579956,-0.27948421239852905,0.15944166481494904,-0.48800843954086304,-0.1384733021259308,0.23241454362869263,-0.6847146153450012,-0.22096191346645355,-0.12282261997461319,-0.49848711490631104,-0.11280152946710587,-0.23423948884010315,-0.6669877171516418,-0.22069449722766876,0.2822301685810089,-0.9163255095481873,-0.2892158329486847,-0.24520058929920197,-0.8929660320281982,-0.34424063563346863,0.10663878172636032,0.004209368489682674,-0.007314376067370176,-0.10678354650735855,-0.00467783072963357,0.008275173604488373,0.09856792539358139,0.41537174582481384,-0.020609356462955475,-0.12985709309577942,0.3940446972846985,0.013393391855061054,0.12032574415206909,0.7752744555473328,0.08022201061248779,-0.11117781698703766,0.756104052066803,0.10585682839155197
152,0.018626250326633453,-0.6106858849525452,-0.2823139727115631,0.15842069685459137,-0.4885520040988922,-0.13911977410316467,0.23235753178596497,-0.6879646182060242,-0.2208736538887024,-0.12409315258264542,-0.4987320601940155,-0.11645191162824631,-0.23751315474510193,-0.6685057878494263,-0.22507798671722412,0.28263047337532043,-0.9182173609733582,-0.28790000081062317,-0.2481963336467743,-0.8933332562446594,-0.3502441644668579,0.10665374249219894,0.004189230501651764,-0.0072605907917022705,-0.10679735988378525,-0.004658770747482777,0.008223802782595158,0.09871892631053925,0.4147103726863861,-0.020511135458946228,-0.12957614660263062,0.3939948081970215,0.01366510521620512,0.12011688947677612,0.7752871513366699,0.08013579249382019,-0.11094913631677628,0.7558732032775879,0.10654190182685852
153,0.022290557622909546,-0.6103690266609192,-0.2886306047439575,0.15947309136390686,-0.4883899688720703,-0.1429728865623474,0.23274977505207062,-0.6879960894584656,-0.22455470263957977,-0.12378226965665817,-0.49871495366096497,-0.12336660176515579,-0.23766008019447327,-0.6689049005508423,-0.23045240342617035,0.28374019265174866,-0.9196974039077759,-0.2933867871761322,-0.24763180315494537,-0.8952730894088745,-0.35142800211906433,0.10678661614656448,0.004129933193325996,-0.007279504090547562,-0.10694276541471481,-0.004601018503308296,0.008241770789027214,0.09860353171825409,0.4149007797241211,-0.020437072962522507,-0.13079704344272614,0.3940664231777191,0.013886488042771816,0.11958228796720505,0.7751377820968628,0.08169542998075485,-0.1169506311416626,0.7558292746543884,0.10819137096405029
154,0.021789394319057465,-0.602742075920105,-0.3119640052318573,0.1587800234556198,-0.48497524857521057,-0.1614987850189209,0.2326212376356125,-0.6839450001716614,-0.2444831132888794,-0.1238340437412262,-0.4957656264305115,-0.14386306703090668,-0.23798313736915588,-0.6598843932151794,-0.260509729385376,0.2839897572994232,-0.9139286875724792,-0.3188229501247406,-0.2517434060573578,-0.8841259479522705,-0.3982284665107727,0.1068977490067482,0.0041136001236736774,-0.007293744012713432,-0.10706077516078949,-0.004585623275488615,0.008256872184574604,0.09560861438512802,0.41572463512420654,-0.02097601257264614,-0.13249142467975616,0.39587998390197754,0.014243898913264275,0.11655979603528976,0.7766210436820984,0.07992507517337799,-0.11697698384523392,0.7592342495918274,0.10812486708164215
155,0.022102024406194687,-0.6048601269721985,-0.29940280318260193,0.15888452529907227,-0.4866015911102295,-0.15138420462608337,0.23402447998523712,-0.6869245171546936,-0.2352754920721054,-0.12496944516897202,-0.49650856852531433,-0.1350850760936737,-0.2414829283952713,-0.6674224734306335,-0.2410547435283661,0.28695493936538696,-0.9164177179336548,-0.3097171187400818,-0.25188809633255005,-0.8956850171089172,-0.35763517022132874,0.10693151503801346,0.004129390232264996,-0.007266129832714796,-0.10709278285503387,-0.004602804314345121,0.008230679668486118,0.09417323023080826,0.4157317578792572,-0.020409155637025833,-0.13833779096603394,0.39388540387153625,0.014793178997933865,0.11502910405397415,0.7764990329742432,0.08153507113456726,-0.12569688260555267,0.7525665760040283,0.11154542118310928
156,0.022477200254797935,-0.6052049398422241,-0.307155042886734,0.16126281023025513,-0.4864814579486847,-0.15909627079963684,0.23780322074890137,-0.6888333559036255,-0.2386290431022644,-0.12418149411678314,-0.4963380992412567,-0.14293034374713898,-0.24129194021224976,-0.6674337983131409,-0.24506744742393494,0.28668245673179626,-0.9221715331077576,-0.30842798948287964,-0.2483436018228531,-0.897141695022583,-0.3598780333995819,0.10699760168790817,0.0042983973398804665,-0.006926615722477436,-0.10715919733047485,-0.004777088295668364,0.007908589206635952,0.09337585419416428,0.4160843789577484,-0.019265979528427124,-0.13922928273677826,0.3929634392261505,0.01484597660601139,0.11097624152898788,0.7740092873573303,0.08563535660505295,-0.1307705193758011,0.7503983378410339,0.11255114525556564
157,0.023758403956890106,-0.613823652267456,-0.3060407340526581,0.1637447476387024,-0.48672837018966675,-0.15848533809185028,0.2457808554172516,-0.6962710618972778,-0.23138675093650818,-0.12340466678142548,-0.4967172145843506,-0.14082717895507812,-0.24190188944339752,-0.6770442724227905,-0.23361071944236755,0.2880919575691223,-0.9265070557594299,-0.2860606908798218,-0.2479727417230606,-0.9050072431564331,-0.33932822942733765,0.10702372342348099,0.004430096130818129,-0.006641319952905178,-0.10718504339456558,-0.004920899868011475,0.007654477842152119,0.09530435502529144,0.41596519947052,-0.013436374254524708,-0.1394251137971878,0.38931939005851746,0.01662563718855381,0.10862185060977936,0.7688336372375488,0.10021651536226273,-0.1288996785879135,0.7444068193435669,0.11912176012992859
158,0.022689806297421455,-0.6255956888198853,-0.2598940432071686,0.1637849360704422,-0.4916777014732361,-0.1066284254193306,0.25671055912971497,-0.696103036403656,-0.16251449286937714,-0.1292337328195572,-0.4970077872276306,-0.090155690908432,-0.265674889087677,-0.6766838431358337,-0.16670943796634674,0.2903997302055359,-0.9188324809074402,-0.2132171094417572,-0.25762972235679626,-0.9049854278564453,-0.25793081521987915,0.10723701119422913,0.004417761228978634,-0.006618354935199022,-0.10740223526954651,-0.004915236961096525,0.007632643450051546,0.09231562167406082,0.41608548164367676,-0.00982162356376648,-0.14549469947814941,0.3882111608982086,0.01682545430958271,0.10007119178771973,0.7687495946884155,0.10082737356424332,-0.1325092613697052,0.7447001338005066,0.11857432872056961
159,0.021954098716378212,-0.6244915127754211,-0.24192583560943604,0.1645149141550064,-0.49194642901420593,-0.07568631321191788,0.274260938167572,-0.6875311136245728,-0.1185089647769928,-0.13474141061306,-0.4969893991947174,-0.0691867470741272,-0.2845969796180725,-0.6762986779212952,-0.1256570667028427,0.29817646741867065,-0.9062995314598083,-0.16433905065059662,-0.2637515962123871,-0.9035449624061584,-0.19400225579738617,0.10773258656263351,0.004438959993422031,-0.006049326155334711,-0.10791750997304916,-0.0049482895992696285,0.007054475136101246,0.0917486771941185,0.4171551764011383,-0.009902155958116055,-0.14876766502857208,0.38639938831329346,0.013996695168316364,0.09433703124523163,0.7696703672409058,0.09467633813619614,-0.13813921809196472,0.744745135307312,0.10570138692855835
160,0.024006033316254616,-0.6327705383300781,-0.1872818022966385,0.16781263053417206,-0.4946397542953491,-0.018924543634057045,0.2900019586086273,-0.6807622313499451,-0.05207119137048721,-0.13719728589057922,-0.49894875288009644,-0.010165215469896793,-0.29706892371177673,-0.676144540309906,-0.05562121048569679,0.30088186264038086,-0.8946166634559631,-0.08966244012117386,-0.26520583033561707,-0.9000723958015442,-0.1261337697505951,0.10851644724607468,0.00440075621008873,-0.005070359446108341,-0.10867202281951904,-0.004926344379782677,0.006106678396463394,0.09218467026948929,0.4174900949001312,-0.008915985934436321,-0.1485224962234497,0.38535091280937195,0.010734164156019688,0.09280931949615479,0.7700865864753723,0.09181530773639679,-0.14034517109394073,0.7446551322937012,0.09679940342903137
161,0.037361737340688705,-0.6423032283782959,-0.10424493253231049,0.1748700737953186,-0.4971686899662018,0.06658542156219482,0.311007559299469,-0.6478449702262878,0.021693047136068344,-0.13737668097019196,-0.49911558628082275,0.058603666722774506,-0.2935698926448822,-0.6706451177597046,0.011291002854704857,0.3029593825340271,-0.8491947650909424,-0.029042469337582588,-0.2515117824077606,-0.8809309601783752,-0.046169884502887726,0.10947509855031967,0.004068570677191019,-0.0025760589633136988,-0.10960078239440918,-0.004603212233632803,0.003594317240640521,0.09289813041687012,0.41967764496803284,-0.00890268012881279,-0.14152054488658905,0.38634636998176575,0.0007812681724317372,0.09195218980312347,0.7702189683914185,0.08497124910354614,-0.1401159018278122,0.7492594718933105,0.08173950761556625
162,0.04391464218497276,-0.6419269442558289,-0.09618382900953293,0.18402327597141266,-0.4974767863750458,0.07194105535745621,0.35664623975753784,-0.6108605265617371,0.022897178307175636,-0.13603518903255463,-0.49477729201316833,0.08724122494459152,-0.30969712138175964,-0.6351322531700134,0.0714883953332901,0.31097277998924255,-0.7972316741943359,-0.03331178054213524,-0.24615031480789185,-0.8301485776901245,0.04581180959939957,0.10970882326364517,0.004049461800605059,-0.0019655032083392143,-0.10979337245225906,-0.0045828684233129025,0.0030002964194864035,0.0921173244714737,0.4201071858406067,-0.021640336140990257,-0.14028744399547577,0.3869745135307312,-0.005294572561979294,0.08394049108028412,0.7692787647247314,0.062034282833337784,-0.14079506695270538,0.7510521411895752,0.07121635973453522
163,0.04275355860590935,-0.6472640633583069,-0.11591564118862152,0.1813163012266159,-0.4981343746185303,0.03737111762166023,0.35125234723091125,-0.5389573574066162,-0.008030366152524948,-0.1465854048728943,-0.4948466718196869,0.06447160243988037,-0.32646605372428894,-0.5544710755348206,-0.030207429081201553,0.30309683084487915,-0.6979223489761353,-0.1430692970752716,-0.25599125027656555,-0.7077797651290894,-0.14047189056873322,0.10974478721618652,0.004250041209161282,0.0016403049230575562,-0.10982470959424973,-0.004789366852492094,-0.000644987216219306,0.08525294065475464,0.4237900674343109,-0.01974567398428917,-0.14497825503349304,0.3871321976184845,-0.0067347255535423756,0.052888173609972,0.7651453018188477,0.08334188908338547,-0.16448640823364258,0.7494458556175232,0.0723496526479721
164,0.04192762076854706,-0.648568332195282,-0.20907728374004364,0.17981478571891785,-0.4876708388328552,-0.014370426535606384,0.3499189615249634,-0.48029962182044983,-0.09680554270744324,-0.1495838463306427,-0.48468074202537537,-0.019931791350245476,-0.33365413546562195,-0.4871925711631775,-0.09717448055744171,0.2948968708515167,-0.6266979575157166,-0.21578878164291382,-0.26797589659690857,-0.6334253549575806,-0.20680740475654602,0.10978090018033981,0.004300356842577457,0.002262408845126629,-0.10985972732305527,-0.004848379176110029,-0.0013156634522601962,0.08504524827003479,0.42376402020454407,-0.020203368738293648,-0.14489243924617767,0.38671329617500305,-0.005858996883034706,0.05022929981350899,0.7571271061897278,0.10134942084550858,-0.16841432452201843,0.7360792756080627,0.09497847408056259
165,0.04151584953069687,-0.6546391844749451,-0.20742812752723694,0.1773136407136917,-0.4861859679222107,-0.013864971697330475,0.3460604250431061,-0.4424807131290436,-0.10106825828552246,-0.1510840356349945,-0.4831008017063141,-0.024169297888875008,-0.3300793468952179,-0.43457311391830444,-0.10965777188539505,0.2937099039554596,-0.5855941772460938,-0.23740550875663757,-0.27471208572387695,-0.5678650140762329,-0.24750572443008423,0.10960906744003296,0.00446687126532197,0.002581121865659952,-0.10968568176031113,-0.005012811161577702,-0.0016817342257127166,0.06640800833702087,0.4231465756893158,-0.011020670644938946,-0.13841889798641205,0.3857969641685486,-0.0002218695735791698,0.032235223799943924,0.7542813420295715,0.12811489403247833,-0.1666310578584671,0.7258327603340149,0.11851019412279129
166,0.05031489580869675,-0.6470246315002441,-0.2060147374868393,0.1771889626979828,-0.4814188778400421,-0.003768346505239606,0.3439159691333771,-0.40182945132255554,-0.09891322255134583,-0.14575648307800293,-0.4790666699409485,-0.027570081874728203,-0.3032197058200836,-0.37788066267967224,-0.12320949137210846,0.3005533814430237,-0.5384671688079834,-0.2367953509092331,-0.2642340660095215,-0.5061661601066589,-0.28987252712249756,0.1091277152299881,0.004582802299410105,0.006457100622355938,-0.10915859043598175,-0.005125489551573992,-0.005634792614728212,0.0634942278265953,0.4235948920249939,-0.009035307914018631,-0.12945424020290375,0.3855767250061035,-0.0011541254352778196,0.022464735433459282,0.7562561631202698,0.12403023988008499,-0.14191921055316925,0.7273594737052917,0.11618346720933914
167,0.05784181132912636,-0.6250587105751038,-0.15175342559814453,0.17361341416835785,-0.4714908003807068,0.06537581235170364,0.33439144492149353,-0.3645947575569153,-0.010575143620371819,-0.14208979904651642,-0.4713035523891449,0.012266648933291435,-0.28681424260139465,-0.30452510714530945,-0.08083169162273407,0.3010554015636444,-0.4842608869075775,-0.1909380704164505,-0.2629164159297943,-0.3973061442375183,-0.26927319169044495,0.10828854143619537,0.004614458419382572,0.012501264922320843,-0.10827101022005081,-0.005152661819010973,-0.011659784242510796,0.051920708268880844,0.42477741837501526,-0.010841636918485165,-0.10635688900947571,0.38576164841651917,-0.023787405341863632,0.014471449889242649,0.761143147945404,0.11843305826187134,-0.12388703972101212,0.7346583604812622,0.09702931344509125
168,0.05678746849298477,-0.6048082709312439,-0.10513010621070862,0.1474025398492813,-0.4689658582210541,0.10921955108642578,0.2839859127998352,-0.3515770435333252,0.02558843232691288,-0.15105649828910828,-0.4700404107570648,0.023845752701163292,-0.26882773637771606,-0.2759111821651459,-0.062400706112384796,0.28708338737487793,-0.46457865834236145,-0.17040063440799713,-0.289833664894104,-0.31202757358551025,-0.2581678628921509,0.10401945561170578,0.004784313961863518,0.027800897136330605,-0.10400086641311646,-0.00531407818198204,-0.026878342032432556,0.037389662116765976,0.42514196038246155,0.000305559195112437,-0.08239187300205231,0.3818715512752533,-0.045559242367744446,-0.024664461612701416,0.7646900415420532,0.11691557615995407,-0.11544711142778397,0.734222948551178,0.06688908487558365
169,0.07880538702011108,-0.6069978475570679,-0.12233727425336838,0.15789510309696198,-0.45043468475341797,0.09749811142683029,0.2885564863681793,-0.28778377175331116,0.010495157912373543,-0.14591483771800995,-0.46855196356773376,0.019309528172016144,-0.2204563319683075,-0.243340864777565,-0.046677473932504654,0.3107072114944458,-0.39279264211654663,-0.2190961241722107,-0.2839615046977997,-0.17050838470458984,-0.2383929044008255,0.103742316365242,0.004422216210514307,0.03131819888949394,-0.10375770926475525,-0.004999083932489157,-0.03027394972741604,0.046074893325567245,0.4219670593738556,0.006176103837788105,-0.03269093483686447,0.3825458586215973,-0.05010085180401802,-0.011794405058026314,0.7612549066543579,0.11336635053157806,-0.024370303377509117,0.7499616742134094,0.05109467729926109
170,0.07456935197114944,-0.6089183688163757,-0.11470616608858109,0.15808619558811188,-0.45211151242256165,0.08704829216003418,0.23942840099334717,-0.28304749727249146,0.0011272910051047802,-0.1495026797056198,-0.4728352427482605,0.03115687519311905,-0.22506363689899445,-0.24318554997444153,0.009946734644472599,0.2956428527832031,-0.362265408039093,-0.2582595944404602,-0.27820515632629395,-0.09314315766096115,-0.12774460017681122,0.10132041573524475,0.002840540837496519,0.03165411204099655,-0.10122144222259521,-0.003531710710376501,-0.030419351533055305,0.026349220424890518,0.4053657054901123,0.0031249537132680416,0.02417479269206524,0.3840712606906891,-0.05263286083936691,-0.06865641474723816,0.7364112734794617,0.07021278887987137,0.12249870598316193,0.7564530968666077,0.001686420408077538
171,0.07383140921592712,-0.6095868945121765,-0.07991733402013779,0.15219710767269135,-0.45105862617492676,0.10804606974124908,0.22589462995529175,-0.2594398856163025,0.035058021545410156,-0.14962312579154968,-0.4727713465690613,0.055360209196805954,-0.2214439958333969,-0.21500830352306366,0.08001086115837097,0.3144177496433258,-0.28326040506362915,-0.2020840048789978,-0.25798824429512024,-0.04018503054976463,-0.005962751340121031,0.09504413604736328,0.0016195490024983883,0.03394688293337822,-0.09493284672498703,-0.0023286358918994665,-0.03257402405142784,-0.013534762896597385,0.4056825637817383,0.02552907168865204,0.09687406569719315,0.38408222794532776,-0.10419230163097382,-0.11167450249195099,0.7285600900650024,0.0998898297548294,0.23399262130260468,0.7566465735435486,-0.11531089246273041
172,0.07393880933523178,-0.6099368929862976,-0.07577865570783615,0.14837630093097687,-0.45101815462112427,0.11798694729804993,0.20703651010990143,-0.24304449558258057,0.07283969968557358,-0.1496713012456894,-0.4717973470687866,0.05061846226453781,-0.21920780837535858,-0.19113072752952576,0.07802321016788483,0.31683146953582764,-0.2520241439342499,-0.14054128527641296,-0.24162499606609344,0.0003714314370881766,0.001050138846039772,0.09279634058475494,0.00020402565132826567,0.038657400757074356,-0.09272446483373642,-0.0009319473174400628,-0.037175677716732025,-0.02157030999660492,0.4064389169216156,0.0352894626557827,0.11060831695795059,0.3831472098827362,-0.11931147426366806,-0.1258770376443863,0.722781777381897,0.11351636052131653,0.258905291557312,0.7527870535850525,-0.12194957584142685
173,0.08595685660839081,-0.6088008880615234,-0.08439362794160843,0.1440407782793045,-0.45138484239578247,0.11189904808998108,0.19892814755439758,-0.2486027032136917,0.074459969997406,-0.14954528212547302,-0.4695085883140564,0.029255786910653114,-0.2129262238740921,-0.19022338092327118,0.05504500865936279,0.3439445495605469,-0.23848989605903625,-0.1273508220911026,-0.21954499185085297,0.019116772338747978,-0.025857707485556602,0.09222593158483505,-0.000313799362629652,0.03824532777070999,-0.09218338131904602,-0.0004325190675444901,-0.03657183796167374,-0.043131109327077866,0.4053694009780884,0.03263752534985542,0.11907324939966202,0.3799017369747162,-0.11623213440179825,-0.16129472851753235,0.6993566751480103,0.12479540705680847,0.2570657730102539,0.7281578183174133,-0.09033297747373581
174,0.08676855266094208,-0.6015199422836304,-0.13948297500610352,0.14688237011432648,-0.44445979595184326,0.08210519701242447,0.2071598619222641,-0.24351133406162262,0.07106876373291016,-0.14897143840789795,-0.46438804268836975,-0.019081082195043564,-0.21252989768981934,-0.19108039140701294,0.030546199530363083,0.3941909968852997,-0.22922103106975555,-0.1167697161436081,-0.22318151593208313,0.03489037603139877,-0.0413302406668663,0.0921856239438057,-0.00015602078929077834,0.04037873074412346,-0.0921674594283104,-0.0005962916184216738,-0.03862351179122925,-0.04588599130511284,0.4119609594345093,0.03559579327702522,0.09922795742750168,0.37764495611190796,-0.1252211183309555,-0.1815217286348343,0.6906132698059082,0.17310966551303864,0.22387176752090454,0.723787248134613,-0.08804112672805786
175,0.08623739331960678,-0.6022096276283264,-0.14187559485435486,0.14662052690982819,-0.4436784088611603,0.0807972103357315,0.21064327657222748,-0.24438321590423584,0.08879711478948593,-0.14920224249362946,-0.46419280767440796,-0.030590130016207695,-0.21892178058624268,-0.19225141406059265,0.013198360800743103,0.41716042160987854,-0.21421293914318085,-0.0943605974316597,-0.2292112410068512,0.03327058255672455,-0.04904498904943466,0.0902813971042633,7.647956954315305e-05,0.04355021193623543,-0.09031283110380173,-0.0008235095301643014,-0.04175741598010063,-0.05194281041622162,0.41218242049217224,0.040718380361795425,0.09575687348842621,0.3780294358730316,-0.12966635823249817,-0.18346597254276276,0.690085768699646,0.18883949518203735,0.21458104252815247,0.7248646020889282,-0.08952618390321732
176,0.09923554956912994,-0.601263701915741,-0.1683047115802765,0.15218406915664673,-0.4440726339817047,0.06288576871156693,0.23157073557376862,-0.248777374625206,0.09564840793609619,-0.14422078430652618,-0.46361249685287476,-0.06530042737722397,-0.21867191791534424,-0.19589672982692719,-0.019747905433177948,0.4476240277290344,-0.2143513560295105,-0.057785484939813614,-0.23549655079841614,0.027170907706022263,-0.06788273900747299,0.09014289081096649,0.00017205142648890615,0.047155335545539856,-0.09021465480327606,-0.0009181812056340277,-0.04536018520593643,-0.05302128568291664,0.41514357924461365,0.04656101018190384,0.09071040153503418,0.3776485323905945,-0.13148602843284607,-0.1958330273628235,0.6916875243186951,0.19102153182029724,0.2100781500339508,0.723657488822937,-0.08762817829847336
177,0.12813612818717957,-0.5986505746841431,-0.18004481494426727,0.16133004426956177,-0.4436555504798889,0.05111300200223923,0.263225257396698,-0.2503046691417694,0.10107135027647018,-0.12959104776382446,-0.46484729647636414,-0.10248768329620361,-0.21412666141986847,-0.1973833441734314,-0.07503094524145126,0.4883711040019989,-0.19474194943904877,-0.03820202499628067,-0.23735104501247406,0.028607433661818504,-0.13220401108264923,0.08987954258918762,0.00038673504604958,0.04872889816761017,-0.09001265466213226,-0.001138109597377479,-0.04698501154780388,-0.03505019098520279,0.4104253351688385,0.043596427887678146,0.08156412094831467,0.37886545062065125,-0.12234839051961899,-0.18930412828922272,0.6564404964447021,0.1838681995868683,0.19972600042819977,0.7270932197570801,-0.04673680663108826
178,0.14768315851688385,-0.5997535586357117,-0.18659499287605286,0.19065356254577637,-0.44334402680397034,0.050044432282447815,0.2979751229286194,-0.2514823079109192,0.10488573461771011,-0.10745144635438919,-0.47558143734931946,-0.10104580968618393,-0.2070729285478592,-0.2243441939353943,-0.07642033696174622,0.5244474411010742,-0.18646715581417084,-0.03391283378005028,-0.2399924099445343,0.02177187241613865,-0.1440657526254654,0.0912468433380127,0.0024724644608795643,0.05142141878604889,-0.09144141525030136,-0.0032715110573917627,-0.04973926395177841,0.037472549825906754,0.41798660159111023,0.011148721911013126,0.045229554176330566,0.37563246488571167,-0.10351579636335373,-0.17590971291065216,0.6534730792045593,0.15235620737075806,0.16818483173847198,0.726728618144989,-0.013162652030587196
179,0.163492351770401,-0.5975716710090637,-0.18867504596710205,0.20126518607139587,-0.4397994577884674,0.050169769674539566,0.3243038058280945,-0.25180813670158386,0.10636457055807114,-0.09537289291620255,-0.4781915545463562,-0.11048620939254761,-0.19804657995700836,-0.23267683386802673,-0.09044438600540161,0.555260956287384,-0.1817041039466858,-0.026800209656357765,-0.24653242528438568,0.009918269701302052,-0.1569698303937912,0.09320598840713501,0.00462394580245018,0.05410154536366463,-0.09343412518501282,-0.005428101867437363,-0.052514538168907166,0.0863032341003418,0.42163601517677307,-0.004011639393866062,0.023773521184921265,0.37588849663734436,-0.09482797980308533,-0.11725544184446335,0.651669979095459,0.14612439274787903,0.14082714915275574,0.7319830060005188,0.0036451146006584167
180,0.18307602405548096,-0.5814745426177979,-0.1853514015674591,0.21916796267032623,-0.4292697012424469,0.04362276941537857,0.35465148091316223,-0.24700812995433807,0.09710663557052612,-0.08307068794965744,-0.4779258668422699,-0.10499349236488342,-0.19358794391155243,-0.23445650935173035,-0.08232325315475464,0.5810980796813965,-0.15754228830337524,-0.035366181284189224,-0.2510519325733185,0.0072767059318721294,-0.14729854464530945,0.09531991183757782,0.006494773551821709,0.05396764725446701,-0.09561850130558014,-0.007342920638620853,-0.052383411675691605,0.11512888967990875,0.4247578978538513,-0.02084818109869957,0.005686326418071985,0.3748438060283661,-0.09572774171829224,-0.0649394541978836,0.6449611783027649,0.14467580616474152,0.10476665198802948,0.7357527017593384,-0.004321378655731678
181,0.20524783432483673,-0.581229031085968,-0.13667985796928406,0.2127135843038559,-0.43451035022735596,0.07879217714071274,0.3466269075870514,-0.2548254132270813,0.13462495803833008,-0.07994376122951508,-0.4891514480113983,-0.10182395577430725,-0.19442391395568848,-0.26201531291007996,-0.10284994542598724,0.5655054450035095,-0.15060144662857056,0.014505283907055855,-0.2552129924297333,-0.030031582340598106,-0.17667578160762787,0.09521710127592087,0.006512192077934742,0.05914348363876343,-0.0955425500869751,-0.007360246032476425,-0.05766788497567177,0.11634230613708496,0.4131230413913727,-0.012787583284080029,-0.01565537601709366,0.3834477961063385,-0.08761652559041977,-0.011798894964158535,0.6526484489440918,0.15219637751579285,0.07832379639148712,0.7514280676841736,-0.00846077874302864
182,0.19928905367851257,-0.5690593719482422,-0.10055939108133316,0.20966902375221252,-0.43505391478538513,0.08923915773630142,0.3253001868724823,-0.25442492961883545,0.09800578653812408,-0.08177828043699265,-0.48964977264404297,-0.04353182017803192,-0.19896675646305084,-0.26540154218673706,-0.047810375690460205,0.518515944480896,-0.149815171957016,-0.10544033348560333,-0.2591196596622467,-0.04046974331140518,-0.1423381268978119,0.09892134368419647,0.005791101139038801,0.05160626769065857,-0.09916809946298599,-0.006626846268773079,-0.05018042027950287,0.12454711645841599,0.3970448970794678,-0.07157380878925323,-0.030365221202373505,0.3890184462070465,-0.08730148524045944,0.05886587128043175,0.7100045680999756,0.051682863384485245,0.038281675428152084,0.7539902925491333,-0.008205549791455269
183,0.2050314098596573,-0.5690107345581055,-0.11151082813739777,0.21476928889751434,-0.43531936407089233,0.0767509713768959,0.31873953342437744,-0.2517149746417999,0.07039675116539001,-0.08285387605428696,-0.4918769896030426,-0.04910683259367943,-0.19737525284290314,-0.2689013183116913,-0.03619284927845001,0.51087486743927,-0.14996694028377533,-0.12402679771184921,-0.2597040832042694,-0.04474067687988281,-0.11582303047180176,0.10167469829320908,0.004870912060141563,0.045952100306749344,-0.10196805745363235,-0.0057021393440663815,-0.04458790272474289,0.13489776849746704,0.39330774545669556,-0.059152476489543915,-0.025653483346104622,0.39889469742774963,-0.08205708861351013,0.1207084059715271,0.7407649755477905,0.05657968670129776,0.046876486390829086,0.7602459192276001,0.017459718510508537
184,0.2202109545469284,-0.5613901615142822,-0.09429392963647842,0.21628804504871368,-0.43502843379974365,0.07969707250595093,0.3183833360671997,-0.24985089898109436,0.07307683676481247,-0.07859722524881363,-0.49330034852027893,-0.026836682111024857,-0.1896936595439911,-0.27153030037879944,-0.01446335669606924,0.49788472056388855,-0.14741213619709015,-0.12202351540327072,-0.25009116530418396,-0.05313023552298546,-0.09810393303632736,0.10515708476305008,0.003723433706909418,0.031493790447711945,-0.10557585954666138,-0.004546798299998045,-0.03018331341445446,0.13219629228115082,0.3947771489620209,-0.05916999652981758,-0.030322743579745293,0.41140615940093994,-0.07539373636245728,0.1759641170501709,0.749028742313385,0.049670200794935226,0.035934679210186005,0.7582833766937256,0.07103919237852097
185,0.2178216129541397,-0.562868058681488,-0.07664724439382553,0.2214086800813675,-0.4345449209213257,0.08955423533916473,0.311139315366745,-0.24453622102737427,0.07359287142753601,-0.0740632563829422,-0.4959222078323364,0.00484399264678359,-0.18539617955684662,-0.2734367847442627,0.0013568716822192073,0.4812162518501282,-0.1460418403148651,-0.11117436736822128,-0.2438240498304367,-0.05591924861073494,-0.09392815083265305,0.10811495780944824,0.0035714341793209314,0.02475019544363022,-0.10850989818572998,-0.004402634222060442,-0.023378118872642517,0.14031340181827545,0.39443695545196533,-0.06229713559150696,-0.032253019511699677,0.4097382426261902,-0.060174815356731415,0.21744707226753235,0.7491442561149597,0.012197976000607014,0.033088311553001404,0.7560044527053833,0.07550019770860672
186,0.21927410364151,-0.5617517232894897,-0.06299727410078049,0.2274080067873001,-0.4275926649570465,0.10029127448797226,0.2986869513988495,-0.22903792560100555,0.07472445070743561,-0.06577960401773453,-0.49574971199035645,0.027322756126523018,-0.1823129802942276,-0.2729901075363159,0.025547293946146965,0.4607968330383301,-0.13851884007453918,-0.11002553254365921,-0.23878487944602966,-0.05309288203716278,-0.06810441613197327,0.1095958948135376,0.0037744890432804823,0.020751744508743286,-0.10996076464653015,-0.004615305922925472,-0.019315967336297035,0.140512153506279,0.3950197994709015,-0.060517873615026474,-0.03688618540763855,0.40857136249542236,-0.05361640453338623,0.22536586225032806,0.7553570866584778,0.007945368066430092,0.03178440034389496,0.7557037472724915,0.07402114570140839
187,0.21764692664146423,-0.5621175765991211,-0.05622711405158043,0.22629429399967194,-0.4279042184352875,0.10898658633232117,0.29420289397239685,-0.22993206977844238,0.08422752469778061,-0.0653642937541008,-0.4960470497608185,0.02413497492671013,-0.17822863161563873,-0.27253997325897217,0.026976056396961212,0.4593035578727722,-0.14252260327339172,-0.09899343550205231,-0.23669929802417755,-0.05175920948386192,-0.057090308517217636,0.10968843102455139,0.004880224354565144,0.021904263645410538,-0.1100587397813797,-0.005734234116971493,-0.02047041989862919,0.13952158391475677,0.3986548185348511,-0.053211867809295654,-0.04264935106039047,0.40400776267051697,-0.0483037494122982,0.2139042168855667,0.7572293281555176,0.014190861023962498,0.008782359771430492,0.7472312450408936,0.08209345489740372
188,0.21630698442459106,-0.5571499466896057,-0.06298168748617172,0.22562935948371887,-0.42608946561813354,0.106484554708004,0.28911373019218445,-0.22463512420654297,0.07915607839822769,-0.06613270193338394,-0.494104266166687,0.01874173991382122,-0.17852306365966797,-0.26363083720207214,0.028241649270057678,0.43451637029647827,-0.12809260189533234,-0.10772491991519928,-0.23826904594898224,-0.0398663692176342,-0.04433630779385567,0.10972262173891068,0.005811224691569805,0.021797843277454376,-0.1100844293832779,-0.0066754636354744434,-0.020323868840932846,0.12688980996608734,0.4015101194381714,-0.05160985887050629,-0.0444619245827198,0.3950183093547821,-0.04174897074699402,0.2053431272506714,0.7601777911186218,0.007930071093142033,0.004206146579235792,0.745582103729248,0.07667934149503708
189,0.21410252153873444,-0.5563613772392273,-0.06715378165245056,0.2252161055803299,-0.42479026317596436,0.10002052783966064,0.2725526988506317,-0.22411634027957916,0.06314603239297867,-0.06865086406469345,-0.492141455411911,0.020951546728610992,-0.18633466958999634,-0.25086307525634766,0.04576347768306732,0.4081822335720062,-0.13379737734794617,-0.13736101984977722,-0.23893672227859497,-0.034928712993860245,-0.02242959290742874,0.11031749099493027,0.006196670699864626,0.021852029487490654,-0.11061686277389526,-0.007051544263958931,-0.020353365689516068,0.11689113080501556,0.4047660529613495,-0.051083456724882126,-0.043486446142196655,0.3958049714565277,-0.04339331388473511,0.19672739505767822,0.7600955367088318,0.01246523205190897,0.000801020476501435,0.7408002018928528,0.09385900944471359
190,0.2134125679731369,-0.5596452355384827,-0.12050837278366089,0.22491554915905,-0.4247138500213623,0.06154000759124756,0.28036656975746155,-0.22182518243789673,0.05764782056212425,-0.0711025670170784,-0.492738276720047,-0.03437003493309021,-0.1850144863128662,-0.24931642413139343,-0.0177275612950325,0.4383039176464081,-0.12272630631923676,-0.1180490255355835,-0.23797284066677094,-0.034170083701610565,-0.09534114599227905,0.11031457781791687,0.006787846330553293,0.021904639899730682,-0.11062552779912949,-0.007652848493307829,-0.02041654661297798,0.10771401971578598,0.40654227137565613,-0.04780007153749466,-0.04858208820223808,0.39625680446624756,-0.03762638196349144,0.19174239039421082,0.7617166042327881,0.020106101408600807,-0.010880615562200546,0.7404264807701111,0.10473711788654327
191,0.21450109779834747,-0.5512808561325073,-0.11389478296041489,0.22283141314983368,-0.4216720163822174,0.06379923224449158,0.27231621742248535,-0.2135271579027176,0.06265663355588913,-0.07311023026704788,-0.49025866389274597,-0.028267191722989082,-0.18491919338703156,-0.2446155995130539,-0.018673032522201538,0.43522751331329346,-0.11910995841026306,-0.10568806529045105,-0.23504194617271423,-0.02864021435379982,-0.10669006407260895,0.11026030033826828,0.006987786386162043,0.02173420414328575,-0.1105751246213913,-0.007864653132855892,-0.020251553505659103,0.09957305341959,0.40842118859291077,-0.047762494534254074,-0.04935817793011665,0.39546358585357666,-0.038744114339351654,0.18102313578128815,0.7619760632514954,0.020928293466567993,-0.008390180766582489,0.7394684553146362,0.10169252753257751
192,0.21184581518173218,-0.5516141057014465,-0.14921057224273682,0.2222903072834015,-0.4184361696243286,0.055422697216272354,0.27007797360420227,-0.20477119088172913,0.07758065313100815,-0.07324744015932083,-0.48992258310317993,-0.06052672863006592,-0.18144024908542633,-0.24286355078220367,-0.04752606153488159,0.44273272156715393,-0.09740946441888809,-0.04509315639734268,-0.23023627698421478,-0.027619412168860435,-0.13207782804965973,0.11025436967611313,0.007016357034444809,0.023034824058413506,-0.11057863384485245,-0.007893900386989117,-0.0214999970048666,0.1012975350022316,0.40946218371391296,-0.0470571368932724,-0.04992303252220154,0.39747318625450134,-0.04050389677286148,0.17862334847450256,0.7624576687812805,0.023495353758335114,-0.008717426098883152,0.7428379654884338,0.09938901662826538
193,0.21284598112106323,-0.5517891049385071,-0.14350014925003052,0.2172851413488388,-0.4149521291255951,0.054475706070661545,0.25187039375305176,-0.19127771258354187,0.08232282102108002,-0.07410567253828049,-0.48733484745025635,-0.06358792632818222,-0.18193651735782623,-0.23857422173023224,-0.04941641539335251,0.4260619580745697,-0.0730479434132576,-0.03190405294299126,-0.23051348328590393,-0.021113861352205276,-0.12765727937221527,0.10958811640739441,0.007088450249284506,0.023127933964133263,-0.10990746319293976,-0.007969818077981472,-0.021581869572401047,0.09680024534463882,0.4161711633205414,-0.02455911412835121,-0.04966338351368904,0.3968025743961334,-0.041691284626722336,0.17858821153640747,0.7724559307098389,0.04931265860795975,-0.006355572957545519,0.7474332451820374,0.07786615192890167
194,0.19632166624069214,-0.5519653558731079,-0.17134059965610504,0.2077188938856125,-0.41347819566726685,0.02648240514099598,0.23018908500671387,-0.1862645149230957,0.05683562904596329,-0.08272659033536911,-0.483364462852478,-0.0808965191245079,-0.18393436074256897,-0.23298245668411255,-0.06292349100112915,0.3809996545314789,-0.05534720793366432,-0.04379306733608246,-0.22488628327846527,-0.01720111444592476,-0.13698771595954895,0.1095324158668518,0.007115582004189491,0.023191086947917938,-0.10984386503696442,-0.007998507469892502,-0.02164279669523239,0.09473349153995514,0.4195193648338318,-0.020388998091220856,-0.0527428537607193,0.39600127935409546,-0.045809049159288406,0.17841623723506927,0.7768105864524841,0.050169967114925385,-0.013416753150522709,0.7500402927398682,0.05967633053660393
195,0.1959795206785202,-0.5520932674407959,-0.18585647642612457,0.2067648470401764,-0.41015490889549255,0.004377719480544329,0.2158348113298416,-0.1708611398935318,0.026296192780137062,-0.08637434244155884,-0.47984617948532104,-0.09970291703939438,-0.18402555584907532,-0.22818994522094727,-0.08367905765771866,0.3445896506309509,-0.02197030745446682,-0.07933606952428818,-0.22373269498348236,-0.014129426330327988,-0.15680110454559326,0.10952617228031158,0.007451021112501621,0.023227885365486145,-0.10983915627002716,-0.008343205787241459,-0.021669264882802963,0.09279075264930725,0.4193578064441681,-0.02108011581003666,-0.05777610093355179,0.3937605917453766,-0.04849947988986969,0.1741991937160492,0.7763376832008362,0.04975427687168121,-0.02647298201918602,0.749656081199646,0.05475504323840141
196,0.19104543328285217,-0.5447874665260315,-0.19263510406017303,0.18423432111740112,-0.41032177209854126,-0.005816135089844465,0.19519589841365814,-0.17351557314395905,0.024653945118188858,-0.1030147597193718,-0.47480809688568115,-0.12545928359031677,-0.18760712444782257,-0.22393889725208282,-0.10216232389211655,0.2742025554180145,0.006546673830598593,-0.07466059178113937,-0.22499807178974152,-0.0035739224404096603,-0.16202402114868164,0.10862348973751068,0.007593797519803047,0.02364432066679001,-0.10897018015384674,-0.008487829938530922,-0.022086195647716522,0.0859266072511673,0.42033183574676514,-0.018989184871315956,-0.06463368982076645,0.39351850748062134,-0.051057394593954086,0.15785689651966095,0.7795740962028503,0.052958421409130096,-0.03777456656098366,0.7508354187011719,0.04959533363580704
197,0.17553746700286865,-0.5589467287063599,-0.17842532694339752,0.17610706388950348,-0.41500160098075867,0.0019098113989457488,0.18588924407958984,-0.17467361688613892,0.02956365793943405,-0.11087575554847717,-0.4749370813369751,-0.12153404206037521,-0.18816658854484558,-0.22460679709911346,-0.09868226945400238,0.2561877369880676,0.015840021893382072,-0.06546362489461899,-0.22523252665996552,-0.0042194887064397335,-0.152460515499115,0.10803276300430298,0.007681390270590782,0.02359773963689804,-0.10838370025157928,-0.008569078519940376,-0.02203652635216713,0.0865330919623375,0.4181199073791504,-0.019266963005065918,-0.06396818906068802,0.39067542552948,-0.055436935275793076,0.15651465952396393,0.7781150937080383,0.04570581391453743,-0.04163045436143875,0.7506263256072998,0.03770683705806732
