FrameNo,head_x,head_y,head_z,left_shoulder_x,left_shoulder_y,left_shoulder_z,left_elbow_x,left_elbow_y,left_elbow_z,right_shoulder_x,right_shoulder_y,right_shoulder_z,right_elbow_x,right_elbow_y,right_elbow_z,left_hand_x,left_hand_y,left_hand_z,right_hand_x,right_hand_y,right_hand_z,left_hip_x,left_hip_y,left_hip_z,right_hip_x,right_hip_y,right_hip_z,left_knee_x,left_knee_y,left_knee_z,right_knee_x,right_knee_y,right_knee_z,left_foot_x,left_foot_y,left_foot_z,right_foot_x,right_foot_y,right_foot_z
0,0.016236817464232445,-0.633765459060669,-0.25947287678718567,0.152746319770813,-0.46903765201568604,-0.033233221620321274,0.161733478307724,-0.23582936823368073,0.026371750980615616,-0.1625051349401474,-0.46777451038360596,-0.09456460922956467,-0.1998502016067505,-0.2165430188179016,-0.043386850506067276,0.19215376675128937,-0.013325382024049759,-0.05877115577459335,-0.21172817051410675,0.007808972150087357,-0.12319621443748474,0.11326698958873749,0.004759765230119228,0.016898369416594505,-0.11341232806444168,-0.0054872166365385056,-0.01537645049393177,0.11692290753126144,0.4272788465023041,-0.008530562743544579,-0.12204908579587936,0.4024556279182434,-0.020084278658032417,0.13946184515953064,0.8038578033447266,0.07553160935640335,-0.09873735904693604,0.781210720539093,0.07806307822465897
1,0.016402211040258408,-0.6198914647102356,-0.30916017293930054,0.15153978765010834,-0.4569211006164551,-0.07692255824804306,0.1620379388332367,-0.22335772216320038,-0.011809286661446095,-0.16199077665805817,-0.45190542936325073,-0.13108976185321808,-0.1965218186378479,-0.19664059579372406,-0.07447587698698044,0.19824601709842682,-0.0033938579726964235,-0.0885855108499527,-0.2111383080482483,0.021098271012306213,-0.15675391256809235,0.11329517513513565,0.004376285709440708,0.016207797452807426,-0.11345069110393524,-0.0051274909637868404,-0.01466225367039442,0.11650560796260834,0.4275038540363312,-0.010232341475784779,-0.12200649827718735,0.4033007323741913,-0.019922444596886635,0.13960479199886322,0.8038544058799744,0.07313821464776993,-0.09767817705869675,0.7812625765800476,0.07792819291353226
2,0.015876172110438347,-0.6107143759727478,-0.3357771635055542,0.1503179371356964,-0.4422374963760376,-0.11356756836175919,0.16159957647323608,-0.20425677299499512,-0.0652480199933052,-0.15906673669815063,-0.434577077627182,-0.14761506021022797,-0.1893538534641266,-0.17783503234386444,-0.09303181618452072,0.2006305307149887,0.01474709901958704,-0.14659234881401062,-0.20604123175144196,0.030345845967531204,-0.16921654343605042,0.11325529217720032,0.004050735849887133,0.014251535758376122,-0.11341807246208191,-0.004802529234439135,-0.012660856358706951,0.11439250409603119,0.42778342962265015,-0.014583124779164791,-0.12201423197984695,0.403381884098053,-0.01726909913122654,0.13853952288627625,0.8039913773536682,0.06895533204078674,-0.09715180844068527,0.7807483077049255,0.07825081050395966
3,0.014546401798725128,-0.5989678502082825,-0.3436167538166046,0.14938193559646606,-0.4338812828063965,-0.12177301198244095,0.16053302586078644,-0.1941412389278412,-0.07645530998706818,-0.1567847579717636,-0.4236639440059662,-0.1550246626138687,-0.18724432587623596,-0.16896741092205048,-0.10274454206228256,0.2019798308610916,0.02540615014731884,-0.15918101370334625,-0.20530636608600616,0.037861090153455734,-0.1779017150402069,0.11308079212903976,0.003863896708935499,0.013983872719109058,-0.11325596272945404,-0.004612577613443136,-0.012374212965369225,0.11313985288143158,0.4279477894306183,-0.017443234100937843,-0.12169680744409561,0.403995543718338,-0.017331095412373543,0.1374215930700302,0.80628901720047,0.06066650152206421,-0.09599312394857407,0.7831640243530273,0.07292606681585312
4,0.013195146806538105,-0.5992087125778198,-0.3353375196456909,0.14571473002433777,-0.4317585527896881,-0.11461643129587173,0.15603622794151306,-0.19222570955753326,-0.0689251720905304,-0.15671032667160034,-0.4236902892589569,-0.15079712867736816,-0.1866062730550766,-0.16955959796905518,-0.09950516372919083,0.20183111727237701,0.027485106140375137,-0.14985057711601257,-0.20375341176986694,0.03887918218970299,-0.17407628893852234,0.11284901946783066,0.003768250811845064,0.013702739961445332,-0.11302794516086578,-0.004514971282333136,-0.012079557403922081,0.1113506406545639,0.42796406149864197,-0.018028128892183304,-0.1214500442147255,0.4040676951408386,-0.01749429479241371,0.13730104267597198,0.8063212037086487,0.0585552416741848,-0.09599760919809341,0.7835308313369751,0.06961660087108612
5,0.014024789445102215,-0.6008209586143494,-0.3348816931247711,0.14575567841529846,-0.4335445761680603,-0.11226734519004822,0.15610097348690033,-0.1945904940366745,-0.0629793182015419,-0.15677382051944733,-0.4261631667613983,-0.1513950526714325,-0.18665392696857452,-0.17200328409671783,-0.09822128713130951,0.20329535007476807,0.025179272517561913,-0.14497315883636475,-0.2036508023738861,0.03767162933945656,-0.1735043227672577,0.11286742240190506,0.003596522379666567,0.013430790975689888,-0.11305668205022812,-0.004350417293608189,-0.011812740005552769,0.11124542355537415,0.4280039966106415,-0.017919357866048813,-0.1212695837020874,0.40423643589019775,-0.0174066424369812,0.13734574615955353,0.8057237267494202,0.06205533444881439,-0.09427360445261002,0.7834615111351013,0.07104688137769699
6,0.014141610823571682,-0.6017695665359497,-0.3348609209060669,0.14588488638401031,-0.43332183361053467,-0.11267776787281036,0.15534964203834534,-0.19432508945465088,-0.06593170762062073,-0.1559954285621643,-0.4264828562736511,-0.1510149985551834,-0.18639235198497772,-0.1722322404384613,-0.09933581948280334,0.20079830288887024,0.024402134120464325,-0.15008880198001862,-0.20244140923023224,0.03765217214822769,-0.17618697881698608,0.1128121018409729,0.003522618440911174,0.013393240049481392,-0.11300294101238251,-0.00427861325442791,-0.011770864017307758,0.110794797539711,0.4280380606651306,-0.017716271802783012,-0.12124308198690414,0.40407100319862366,-0.017096050083637238,0.1370532363653183,0.8058041334152222,0.06178418919444084,-0.09423446655273438,0.7829259037971497,0.0711374282836914
7,0.013300160877406597,-0.6022066473960876,-0.3336893320083618,0.1451173722743988,-0.4328344166278839,-0.11478352546691895,0.15410807728767395,-0.19335788488388062,-0.07279811799526215,-0.15593217313289642,-0.42563846707344055,-0.1500040739774704,-0.1864457130432129,-0.17136667668819427,-0.09865263104438782,0.20071296393871307,0.024753998965024948,-0.15669620037078857,-0.20243924856185913,0.03739394247531891,-0.17536334693431854,0.11273957043886185,0.00343157141469419,0.012615741230547428,-0.11293312162160873,-0.004184424877166748,-0.010976647958159447,0.10969912260770798,0.42809057235717773,-0.018374407663941383,-0.1216743066906929,0.4045335352420807,-0.016124088317155838,0.1366211622953415,0.8058831691741943,0.06036320701241493,-0.09431881457567215,0.7839478254318237,0.07117516547441483
8,0.014224924147129059,-0.6025215983390808,-0.33916428685188293,0.14531032741069794,-0.43310490250587463,-0.11640232056379318,0.1554170697927475,-0.1938043087720871,-0.07115308940410614,-0.155824676156044,-0.42572903633117676,-0.15645724534988403,-0.18632636964321136,-0.17110362648963928,-0.10426867753267288,0.2017570585012436,0.024992095306515694,-0.1545718014240265,-0.2023705691099167,0.03728915750980377,-0.18020734190940857,0.11269176751375198,0.0033310772851109505,0.012667002156376839,-0.11288962513208389,-0.004083526786416769,-0.011030394583940506,0.10937561839818954,0.42832502722740173,-0.018182938918471336,-0.12164841592311859,0.4049373269081116,-0.01621241681277752,0.1371883749961853,0.8064568638801575,0.060351189225912094,-0.09386264532804489,0.7843902707099915,0.0712282657623291
9,0.01457267813384533,-0.6031056046485901,-0.33388569951057434,0.14521242678165436,-0.43313297629356384,-0.11245598644018173,0.1539250612258911,-0.19382554292678833,-0.06921759247779846,-0.15577490627765656,-0.4259631633758545,-0.15419097244739532,-0.18678869307041168,-0.17131492495536804,-0.10373646020889282,0.20032988488674164,0.024767423048615456,-0.1538572758436203,-0.20240488648414612,0.03714201599359512,-0.17952121794223785,0.11259714514017105,0.0032931652385741472,0.012726014479994774,-0.11279004067182541,-0.004045491106808186,-0.011087819002568722,0.10922745615243912,0.42827174067497253,-0.018189217895269394,-0.12043232470750809,0.40487799048423767,-0.016690410673618317,0.1367952823638916,0.8066139817237854,0.05904151499271393,-0.093796506524086,0.7842594981193542,0.07083157449960709
10,0.014485307969152927,-0.5980095267295837,-0.3353375196456909,0.14535969495773315,-0.43187323212623596,-0.11506109684705734,0.15413418412208557,-0.19195517897605896,-0.07094468921422958,-0.15513721108436584,-0.4240914285182953,-0.15378433465957642,-0.1865033507347107,-0.16907565295696259,-0.10290626436471939,0.20129214227199554,0.026365097612142563,-0.1533186137676239,-0.20245781540870667,0.040361206978559494,-0.17814792692661285,0.1125815361738205,0.0032463723327964544,0.011740132234990597,-0.11277757585048676,-0.003997561056166887,-0.010095390491187572,0.10887127369642258,0.4284817576408386,-0.019734658300876617,-0.12055981904268265,0.4058787226676941,-0.015954822301864624,0.1368085741996765,0.8067832589149475,0.05728885158896446,-0.09350406378507614,0.7863552570343018,0.07016164064407349
11,0.01643100380897522,-0.5967382192611694,-0.3366493284702301,0.14691074192523956,-0.43050235509872437,-0.11637982726097107,0.15631310641765594,-0.1895211786031723,-0.07138119637966156,-0.1529405266046524,-0.42415860295295715,-0.1532227098941803,-0.1832166463136673,-0.16902494430541992,-0.1011880487203598,0.20272459089756012,0.02830607257783413,-0.15393565595149994,-0.2001970410346985,0.04019184783101082,-0.17487549781799316,0.11256273090839386,0.0032665645703673363,0.01151194516569376,-0.112760528922081,-0.004015516489744186,-0.009867541491985321,0.1089225560426712,0.42847269773483276,-0.02116484008729458,-0.1201571449637413,0.40589597821235657,-0.015996312722563744,0.13713140785694122,0.8068305253982544,0.05583355948328972,-0.09180618077516556,0.7864395976066589,0.06903767585754395
12,0.012610205449163914,-0.603023886680603,-0.32749292254447937,0.1468464434146881,-0.432362824678421,-0.1153624951839447,0.15625718235969543,-0.19173404574394226,-0.07471886277198792,-0.15341058373451233,-0.4256892204284668,-0.14410512149333954,-0.182885080575943,-0.17164812982082367,-0.0937504917383194,0.19899910688400269,0.027279922738671303,-0.1611453890800476,-0.20021924376487732,0.03723985329270363,-0.1664557307958603,0.11250530183315277,0.0032532429322600365,0.01161604467779398,-0.11269864439964294,-0.004000330809503794,-0.009976347908377647,0.10882528871297836,0.42843297123908997,-0.02068457007408142,-0.12015487253665924,0.4048573076725006,-0.016243668273091316,0.1368483603000641,0.8064610362052917,0.05584973469376564,-0.09560433030128479,0.7857572436332703,0.06923579424619675
13,0.013728753663599491,-0.606439471244812,-0.32707104086875916,0.14644315838813782,-0.4341905117034912,-0.1114216297864914,0.1569296419620514,-0.1948752999305725,-0.06499592214822769,-0.15425768494606018,-0.42755523324012756,-0.14531120657920837,-0.18439115583896637,-0.17406463623046875,-0.09425241500139236,0.19902996718883514,0.026960575953125954,-0.14952684938907623,-0.19992780685424805,0.035207368433475494,-0.16684046387672424,0.11248502880334854,0.003208848647773266,0.012066876515746117,-0.11267951130867004,-0.003956178203225136,-0.010438407771289349,0.10855728387832642,0.42844313383102417,-0.017994161695241928,-0.12017494440078735,0.4047973155975342,-0.01675233617424965,0.13585475087165833,0.806489884853363,0.05887556076049805,-0.09604588896036148,0.7850779294967651,0.07057666033506393
14,0.012407850474119186,-0.609855592250824,-0.3292582631111145,0.14751414954662323,-0.43685638904571533,-0.11190933734178543,0.15851172804832458,-0.19796137511730194,-0.06507671624422073,-0.15470221638679504,-0.4302806854248047,-0.14647074043750763,-0.1846882551908493,-0.1768425703048706,-0.09490951895713806,0.19911785423755646,0.024236587807536125,-0.1498747617006302,-0.19993972778320312,0.03280673548579216,-0.17067644000053406,0.11250516027212143,0.0031511157285422087,0.012072221376001835,-0.11270485073328018,-0.003900677664205432,-0.010448263958096504,0.1091880053281784,0.4281550347805023,-0.017229462042450905,-0.11990539729595184,0.40479421615600586,-0.016322201117873192,0.13724732398986816,0.8063426613807678,0.06070677563548088,-0.09536638855934143,0.7847955226898193,0.07311331480741501
15,0.011471346020698547,-0.6142131090164185,-0.32186758518218994,0.14845967292785645,-0.43991732597351074,-0.10728982836008072,0.1591901183128357,-0.20182624459266663,-0.06280188262462616,-0.15471822023391724,-0.4342431426048279,-0.1398213803768158,-0.1849260777235031,-0.1818883866071701,-0.08924480527639389,0.1990453153848648,0.018240202218294144,-0.1472529172897339,-0.199929878115654,0.026633303612470627,-0.1671719253063202,0.11250127106904984,0.0031177152413874865,0.012079520151019096,-0.11269938200712204,-0.003868532832711935,-0.010457185097038746,0.10965638607740402,0.4278249740600586,-0.01722683385014534,-0.11921431869268417,0.4044942855834961,-0.01612822525203228,0.1375913918018341,0.8059850335121155,0.059389520436525345,-0.09297581762075424,0.7840777039527893,0.07342395186424255
16,0.011410660110414028,-0.6165450811386108,-0.31669965386390686,0.148380309343338,-0.4412963092327118,-0.10464081168174744,0.15858738124370575,-0.20283029973506927,-0.062479302287101746,-0.15516334772109985,-0.43499889969825745,-0.13766631484031677,-0.1849847286939621,-0.1826280951499939,-0.08875742554664612,0.19691893458366394,0.017146797850728035,-0.14706991612911224,-0.1989695131778717,0.025555461645126343,-0.1666467934846878,0.11249400675296783,0.0030727090779691935,0.012074359692633152,-0.1126921996474266,-0.0038220640271902084,-0.010453457944095135,0.10928211361169815,0.4277382791042328,-0.016993854194879532,-0.11920731514692307,0.4043520987033844,-0.016047190874814987,0.1375255137681961,0.8043526411056519,0.05942186340689659,-0.09421007335186005,0.784004807472229,0.07375466078519821
17,0.010627001523971558,-0.6170065402984619,-0.3203478753566742,0.14880798757076263,-0.44223740696907043,-0.10616766661405563,0.15862321853637695,-0.20364268124103546,-0.06272319704294205,-0.15516698360443115,-0.43562179803848267,-0.13974350690841675,-0.18501994013786316,-0.18288841843605042,-0.09010963886976242,0.1966465264558792,0.01681835576891899,-0.1470572054386139,-0.1988801211118698,0.02548561431467533,-0.16894842684268951,0.11249073594808578,0.0030503009911626577,0.012001371011137962,-0.11268939077854156,-0.0038000394124537706,-0.010380033403635025,0.10879066586494446,0.42780938744544983,-0.01669456623494625,-0.11899054795503616,0.40455320477485657,-0.014979715459048748,0.13713066279888153,0.8044916391372681,0.0595276765525341,-0.09323186427354813,0.784330427646637,0.07481390237808228
18,0.011095874011516571,-0.6169881820678711,-0.32057473063468933,0.14865055680274963,-0.44211864471435547,-0.10566704720258713,0.15862853825092316,-0.2032623589038849,-0.060219656676054,-0.15535223484039307,-0.435536652803421,-0.13987576961517334,-0.18514594435691833,-0.1818276196718216,-0.08958352357149124,0.19672250747680664,0.017973268404603004,-0.14489080011844635,-0.19810792803764343,0.026388434693217278,-0.16729062795639038,0.11248897016048431,0.0030357581563293934,0.012037294916808605,-0.1126895397901535,-0.0037857647985219955,-0.010418235324323177,0.1086898073554039,0.4277290403842926,-0.0160055011510849,-0.11897334456443787,0.4043601155281067,-0.015004812739789486,0.1353389471769333,0.804532527923584,0.06118889898061752,-0.09402245283126831,0.7839414477348328,0.07543883472681046
19,0.00953016895800829,-0.6150095462799072,-0.33436232805252075,0.14825676381587982,-0.4411512017250061,-0.1163838654756546,0.15868522226810455,-0.20294153690338135,-0.07084624469280243,-0.15559013187885284,-0.43397992849349976,-0.15057197213172913,-0.18538130819797516,-0.18113811314105988,-0.09953571110963821,0.19683398306369781,0.018674803897738457,-0.15251463651657104,-0.19809956848621368,0.026724573224782944,-0.17523689568042755,0.11243420094251633,0.0029815994203090668,0.01209396030753851,-0.11263477057218552,-0.0037311085034161806,-0.01047784648835659,0.10868124663829803,0.42779332399368286,-0.016004569828510284,-0.11882714182138443,0.40446874499320984,-0.01490848045796156,0.13582147657871246,0.8052853941917419,0.06015945225954056,-0.09391333162784576,0.7840241193771362,0.07543755322694778
20,0.009075515903532505,-0.6127208471298218,-0.3365049958229065,0.14821340143680573,-0.4409589469432831,-0.11840584129095078,0.16094017028808594,-0.20297856628894806,-0.07341165095567703,-0.15566705167293549,-0.4326677620410919,-0.1513087898492813,-0.1854265183210373,-0.1797056943178177,-0.09956160932779312,0.1978469043970108,0.018953267484903336,-0.15435108542442322,-0.19821517169475555,0.02812550961971283,-0.17498406767845154,0.1123991310596466,0.002914801938459277,0.01207247655838728,-0.11260028928518295,-0.003659705864265561,-0.010460508055984974,0.10859853774309158,0.42788007855415344,-0.016237830743193626,-0.11814729869365692,0.40466707944869995,-0.014898855239152908,0.1359224021434784,0.8054056167602539,0.05902295932173729,-0.0933675691485405,0.784584641456604,0.07538328319787979
21,0.009099913761019707,-0.613237738609314,-0.32811111211776733,0.1477862447500229,-0.44093140959739685,-0.11381411552429199,0.1607399880886078,-0.20276089012622833,-0.07088438421487808,-0.15597093105316162,-0.4330739676952362,-0.1461796760559082,-0.18597784638404846,-0.18058454990386963,-0.09546372294425964,0.19786877930164337,0.019048087298870087,-0.15308663249015808,-0.19815731048583984,0.027321841567754745,-0.17041756212711334,0.11238717287778854,0.0029032130260020494,0.012013914063572884,-0.11258920282125473,-0.0036475122906267643,-0.010404727421700954,0.10740242898464203,0.4278646409511566,-0.01617913506925106,-0.11818757653236389,0.4045643210411072,-0.014891785569489002,0.13413742184638977,0.8052288889884949,0.05973516032099724,-0.09344462305307388,0.7843031883239746,0.07556227594614029
22,0.008470810018479824,-0.6162078380584717,-0.3075210452079773,0.15003183484077454,-0.4434907138347626,-0.09104793518781662,0.16353552043437958,-0.20438507199287415,-0.04664301127195358,-0.1560244858264923,-0.44029513001441956,-0.12472142279148102,-0.1862037479877472,-0.18732820451259613,-0.0721910297870636,0.20048750936985016,0.01761663518846035,-0.1343628615140915,-0.19875775277614594,0.02088736556470394,-0.15473516285419464,0.11248353868722916,0.0030239601619541645,0.012025161646306515,-0.11268346756696701,-0.0037682917900383472,-0.010422542691230774,0.10771115124225616,0.42740705609321594,-0.01618555374443531,-0.11851401627063751,0.4037281274795532,-0.014933688566088676,0.13394764065742493,0.8051397800445557,0.06028078868985176,-0.09323051571846008,0.7828070521354675,0.07645756006240845
23,0.009094364941120148,-0.6158124208450317,-0.3092242181301117,0.15002819895744324,-0.4439058005809784,-0.09189974516630173,0.16630259156227112,-0.20590069890022278,-0.046637292951345444,-0.15624341368675232,-0.44057029485702515,-0.1268157660961151,-0.19021189212799072,-0.18875905871391296,-0.07443656027317047,0.20273491740226746,0.017500057816505432,-0.13289682567119598,-0.2019648551940918,0.020076405256986618,-0.15548653900623322,0.11246313154697418,0.0030205368530005217,0.01224934495985508,-0.11266029626131058,-0.0037645394913852215,-0.01065819337964058,0.1082196980714798,0.4273964464664459,-0.016166262328624725,-0.11784087121486664,0.40371161699295044,-0.015550113283097744,0.134425088763237,0.8053956031799316,0.06003763526678085,-0.09310226887464523,0.7828370928764343,0.07607979327440262
24,0.009825983084738255,-0.6154547333717346,-0.3137519657611847,0.1517801284790039,-0.44388583302497864,-0.0929754227399826,0.17237882316112518,-0.20850245654582977,-0.038427144289016724,-0.15600715577602386,-0.44047388434410095,-0.12926387786865234,-0.19109903275966644,-0.1898307055234909,-0.07552234083414078,0.21271909773349762,0.016636746004223824,-0.11108973622322083,-0.20508238673210144,0.020206255838274956,-0.1557486206293106,0.11254063993692398,0.003145447466522455,0.012303211726248264,-0.11274563521146774,-0.0038973186165094376,-0.010711741633713245,0.11022096872329712,0.4269888699054718,-0.016154680401086807,-0.11826085299253464,0.4030906856060028,-0.016069969162344933,0.13427859544754028,0.8050458431243896,0.06008538976311684,-0.09560471773147583,0.7821593880653381,0.07458700984716415
25,0.0103519968688488,-0.613743782043457,-0.3251909911632538,0.15699009597301483,-0.443643182516098,-0.10019052028656006,0.1885666400194168,-0.21012575924396515,-0.03990283980965614,-0.15543822944164276,-0.43992504477500916,-0.13571561872959137,-0.19111375510692596,-0.18965253233909607,-0.07628478109836578,0.23409265279769897,0.013565721921622753,-0.11406275629997253,-0.21026118099689484,0.02071193791925907,-0.15773379802703857,0.11280819028615952,0.0031607162673026323,0.012153809890151024,-0.11302761733531952,-0.00391423050314188,-0.01056777872145176,0.11141785234212875,0.4269694685935974,-0.01809747703373432,-0.11795341968536377,0.403047651052475,-0.01608646661043167,0.1365361511707306,0.8056627511978149,0.055256664752960205,-0.09500626474618912,0.7821194529533386,0.07358957827091217
26,0.0109697375446558,-0.6177034378051758,-0.26422274112701416,0.15754330158233643,-0.4466363489627838,-0.05432182177901268,0.19269421696662903,-0.2132028192281723,-0.01346884947270155,-0.15543104708194733,-0.4427071809768677,-0.09228184074163437,-0.1929759681224823,-0.19205041229724884,-0.04508674889802933,0.23775283992290497,0.008119333535432816,-0.09481507539749146,-0.21510349214076996,0.01787273958325386,-0.12679044902324677,0.11283855885267258,0.0031916380394250154,0.01215018518269062,-0.11305511742830276,-0.003934995736926794,-0.01057065837085247,0.1134883388876915,0.4248077869415283,-0.020844049751758575,-0.11591626703739166,0.40248215198516846,-0.020018383860588074,0.1390596181154251,0.8049001097679138,0.05190199986100197,-0.0948265790939331,0.7816609740257263,0.06731739640235901
27,0.010120064951479435,-0.6263628602027893,-0.17513135075569153,0.15778188407421112,-0.46862897276878357,0.0235325638204813,0.21180380880832672,-0.26214075088500977,0.06658194214105606,-0.15764600038528442,-0.4597359597682953,-0.0035091154277324677,-0.23622842133045197,-0.24603939056396484,0.05906838923692703,0.2734473943710327,-0.07786893099546432,-0.014737325720489025,-0.2864947021007538,-0.04934415593743324,-0.0015345291467383504,0.11316191405057907,0.0030631383415311575,0.011637046001851559,-0.11335054785013199,-0.0037706331349909306,-0.010077930055558681,0.11196884512901306,0.424605131149292,-0.024539444595575333,-0.11615492403507233,0.4022470712661743,-0.026886440813541412,0.13873499631881714,0.804815411567688,0.04248541221022606,-0.0955897867679596,0.7818155288696289,0.05306324362754822
28,0.010130573064088821,-0.6322766542434692,-0.14539572596549988,0.15776126086711884,-0.47695186734199524,0.055267203599214554,0.23809537291526794,-0.2976824641227722,0.10534048080444336,-0.15705478191375732,-0.46625539660453796,0.018371377140283585,-0.24428419768810272,-0.28166463971138,0.05111159384250641,0.3157826364040375,-0.133316770195961,0.03879087045788765,-0.3133363127708435,-0.11644666641950607,-0.037445276975631714,0.11310824006795883,0.003060174873098731,0.011609763838350773,-0.11327069252729416,-0.0037580335047096014,-0.010056521743535995,0.11105715483427048,0.4241601824760437,-0.029928799718618393,-0.11969036608934402,0.3983535170555115,-0.03814532607793808,0.13730894029140472,0.8005082011222839,0.028990624472498894,-0.09939462691545486,0.7787283658981323,0.031609538942575455
29,0.008230205625295639,-0.6285375356674194,-0.012074136175215244,0.15524187684059143,-0.4754178822040558,0.14228472113609314,0.23190419375896454,-0.2917935252189636,0.0721113458275795,-0.1580815315246582,-0.46461981534957886,0.12558124959468842,-0.24339912831783295,-0.2743064761161804,0.03816739842295647,0.3172842860221863,-0.17229165136814117,-0.13828545808792114,-0.3005869388580322,-0.13852906227111816,-0.15773488581180573,0.11309278011322021,0.0021847160533070564,0.011225695721805096,-0.11319708079099655,-0.0027054185047745705,-0.009784357622265816,0.11050986498594284,0.4204881191253662,-0.045130111277103424,-0.1178695410490036,0.39726024866104126,-0.043310754001140594,0.13440078496932983,0.8003004193305969,-0.00830860249698162,-0.09770496189594269,0.7787363529205322,0.010400746017694473
30,0.009115772321820259,-0.6281587481498718,0.017575427889823914,0.15542705357074738,-0.47731491923332214,0.17255966365337372,0.2452140897512436,-0.30707284808158875,0.06066326051950455,-0.16170193254947662,-0.463731050491333,0.14774411916732788,-0.24516814947128296,-0.2862384021282196,0.03284760192036629,0.3387530446052551,-0.2220887988805771,-0.18920983374118805,-0.3008849620819092,-0.17507238686084747,-0.1898394078016281,0.1134408488869667,0.0008220024756155908,0.010825199075043201,-0.1134592667222023,-0.0012330635217949748,-0.009508607909083366,0.11209689825773239,0.4191759526729584,-0.04954559728503227,-0.11497840285301208,0.3957928717136383,-0.04442521929740906,0.13417714834213257,0.7913672924041748,0.001473373849876225,-0.08997171372175217,0.7738066911697388,0.017878912389278412
31,0.01683877408504486,-0.6279579997062683,0.014030405320227146,0.15664589405059814,-0.4759225845336914,0.17016218602657318,0.2588237226009369,-0.3133380115032196,0.03480350226163864,-0.161652073264122,-0.46075353026390076,0.1308731883764267,-0.2435891330242157,-0.30320245027542114,-0.0029038453940302134,0.3628462553024292,-0.24909481406211853,-0.21831120550632477,-0.29784950613975525,-0.23346905410289764,-0.2381742298603058,0.1134214997291565,0.0005052144406363368,0.011048927903175354,-0.11341939866542816,-0.0008697315934114158,-0.009839576669037342,0.11416961997747421,0.4189976155757904,-0.04827508330345154,-0.11458180844783783,0.39509934186935425,-0.044638361781835556,0.13473254442214966,0.7912415266036987,0.007379951421171427,-0.08756911009550095,0.7734112739562988,0.021441979333758354
32,0.01744861900806427,-0.623701274394989,0.02677471935749054,0.15765602886676788,-0.4751538932323456,0.18758034706115723,0.25858360528945923,-0.3400184214115143,0.01494604256004095,-0.16191542148590088,-0.4604294002056122,0.13948547840118408,-0.24234114587306976,-0.32253405451774597,-0.005986008793115616,0.35022684931755066,-0.31950637698173523,-0.2533893287181854,-0.312467485666275,-0.29600751399993896,-0.2284793108701706,0.11388086527585983,0.00039338358328677714,0.01130317896604538,-0.11388259381055832,-0.0007307347841560841,-0.010244518518447876,0.1131824478507042,0.4149295389652252,-0.049341436475515366,-0.11441534012556076,0.3934337794780731,-0.04777086153626442,0.13431629538536072,0.7856564521789551,0.009444314055144787,-0.08748532831668854,0.7686386108398438,0.017107903957366943
33,0.016538631170988083,-0.6215561032295227,0.0066423495300114155,0.15676866471767426,-0.4749279320240021,0.1689511388540268,0.2796064019203186,-0.3814137876033783,-0.020056549459695816,-0.16528476774692535,-0.46273866295814514,0.12151606380939484,-0.24176882207393646,-0.35304850339889526,-0.05615536868572235,0.4045979678630829,-0.3767862915992737,-0.2841566205024719,-0.3088207244873047,-0.34798166155815125,-0.27092471718788147,0.11396225541830063,0.0003326573933009058,0.012284701690077782,-0.11395246535539627,-0.0006518724258057773,-0.011397009715437889,0.10813743621110916,0.41616058349609375,-0.049540530890226364,-0.1156378984451294,0.3937174379825592,-0.04820173978805542,0.13037370145320892,0.7864088416099548,0.019686322659254074,-0.08963953703641891,0.7690153121948242,0.018384583294391632
34,0.014739889651536942,-0.6203997135162354,-0.00047427992103621364,0.15495902299880981,-0.4779694676399231,0.18264637887477875,0.2880409359931946,-0.4113505184650421,0.02027534879744053,-0.1659582257270813,-0.4748387932777405,0.11475121974945068,-0.24645771086215973,-0.38299262523651123,-0.07953973859548569,0.4371671676635742,-0.4376947581768036,-0.21665319800376892,-0.310782790184021,-0.40689632296562195,-0.3135387897491455,0.11382968723773956,0.00033338635694235563,0.016877545043826103,-0.11380540579557419,-0.00064852338982746,-0.016145242378115654,0.10818653553724289,0.42193982005119324,-0.044881146401166916,-0.11567394435405731,0.3939129710197449,-0.05188539996743202,0.13034623861312866,0.7866958975791931,0.035452038049697876,-0.08966201543807983,0.7691634893417358,0.019609319046139717
35,0.011421767994761467,-0.6196372509002686,-0.012291818857192993,0.15378272533416748,-0.47822514176368713,0.16953782737255096,0.2901146411895752,-0.4147302806377411,-0.05231306329369545,-0.16718938946723938,-0.4753386080265045,0.09336749464273453,-0.248517245054245,-0.40087223052978516,-0.09103947132825851,0.41639551520347595,-0.472324013710022,-0.32454168796539307,-0.3133886158466339,-0.45427796244621277,-0.30756866931915283,0.1135731041431427,0.0003310046740807593,0.017480788752436638,-0.11351293325424194,-0.000641052087303251,-0.016779035329818726,0.10760527849197388,0.42469367384910583,-0.04570528864860535,-0.11801797896623611,0.39482635259628296,-0.05196448415517807,0.12850528955459595,0.7912230491638184,0.03263496980071068,-0.0903143584728241,0.7715056538581848,0.01750815100967884
36,0.006436304189264774,-0.6155433058738708,-0.014426825568079948,0.1539442092180252,-0.4781813621520996,0.16427187621593475,0.29482054710388184,-0.42619457840919495,-0.05829127877950668,-0.16715124249458313,-0.4748988449573517,0.09238040447235107,-0.2517782151699066,-0.40486493706703186,-0.0884333997964859,0.4168526530265808,-0.505462646484375,-0.3174067735671997,-0.31907927989959717,-0.4833415150642395,-0.30122098326683044,0.11340576410293579,0.0007039260817691684,0.01760232076048851,-0.11332591623067856,-0.0009742519469000399,-0.01691793091595173,0.10704942047595978,0.42463162541389465,-0.045817647129297256,-0.12627695500850677,0.3943653106689453,-0.05308855324983597,0.12603479623794556,0.7920178771018982,0.007681318558752537,-0.10246463119983673,0.7715986967086792,-0.0015820442931726575
37,0.008133885450661182,-0.615581214427948,-0.03705751895904541,0.16005918383598328,-0.47890517115592957,0.12027476727962494,0.2965008020401001,-0.44837814569473267,-0.10384244471788406,-0.16015595197677612,-0.47434601187705994,0.07488729059696198,-0.25124502182006836,-0.43996503949165344,-0.10725054889917374,0.416704922914505,-0.5507280230522156,-0.3590511679649353,-0.31790342926979065,-0.5418792963027954,-0.3170226812362671,0.11328189074993134,0.0008595837862230837,0.015675099566578865,-0.11318991333246231,-0.0011240974999964237,-0.01499863900244236,0.10576918721199036,0.4244930148124695,-0.0454152375459671,-0.12614735960960388,0.39452987909317017,-0.04646552354097366,0.12021097540855408,0.7924582958221436,0.004644273780286312,-0.10194110125303268,0.7728481888771057,0.0014082302805036306
38,0.011965300887823105,-0.6222353577613831,-0.03127483278512955,0.16912870109081268,-0.4801037609577179,0.12308544665575027,0.3019505739212036,-0.4984857439994812,-0.03284578025341034,-0.14821626245975494,-0.47514665126800537,0.07810263335704803,-0.2509647309780121,-0.490857869386673,-0.10413217544555664,0.4358513653278351,-0.6335551142692566,-0.20261545479297638,-0.31549036502838135,-0.6249620914459229,-0.32169070839881897,0.11303446441888809,0.001011358923278749,0.014950865879654884,-0.11295612156391144,-0.0012697534402832389,-0.014302467927336693,0.11542341858148575,0.42377349734306335,-0.042445242404937744,-0.12346836924552917,0.39402449131011963,-0.04502038285136223,0.12976156175136566,0.7906668186187744,0.004013516940176487,-0.10092170536518097,0.7728986740112305,0.0021285268012434244
39,0.012758917175233364,-0.6323062777519226,-0.06008298695087433,0.17425093054771423,-0.49650174379348755,0.10291687399148941,0.3141081631183624,-0.5842393040657043,0.04975594952702522,-0.14013433456420898,-0.48373085260391235,0.06906617432832718,-0.25789564847946167,-0.5423345565795898,-0.09604691714048386,0.4441552460193634,-0.7573270797729492,-0.02114170417189598,-0.3259708881378174,-0.7121663093566895,-0.2962021231651306,0.11277101188898087,0.0012185990344733,0.014248386956751347,-0.11270580440759659,-0.0015028722118586302,-0.01351197063922882,0.11740562319755554,0.423933207988739,-0.025890488177537918,-0.12128998339176178,0.3939175605773926,-0.035742465406656265,0.1386643648147583,0.7869855165481567,0.027043109759688377,-0.10037295520305634,0.7720999717712402,0.02274356037378311
40,0.0120545057579875,-0.6377468705177307,-0.08870302885770798,0.17388805747032166,-0.5009920001029968,0.08877667784690857,0.3130718469619751,-0.5930044054985046,0.0639859214425087,-0.14142395555973053,-0.4908623993396759,0.055907368659973145,-0.28669485449790955,-0.5868681073188782,-0.02874876745045185,0.4395101070404053,-0.769116997718811,-0.005699096713215113,-0.3461395800113678,-0.7879897356033325,-0.14789389073848724,0.11274130642414093,0.0014312735293060541,0.014345485717058182,-0.1126745194196701,-0.0017755733570083976,-0.013558970764279366,0.11988850682973862,0.42433005571365356,-0.017921719700098038,-0.11995299160480499,0.3931567370891571,-0.035127125680446625,0.142315074801445,0.7846065163612366,0.04190756008028984,-0.10011816024780273,0.7686875462532043,0.02717777155339718
41,0.005718035623431206,-0.6331793069839478,-0.17475326359272003,0.16685554385185242,-0.5013052225112915,0.008522276766598225,0.3018600642681122,-0.6213786005973816,0.008059756830334663,-0.14504744112491608,-0.49266567826271057,-0.007677226793020964,-0.29760807752609253,-0.6198973655700684,-0.03957181051373482,0.4209170937538147,-0.8184875845909119,-0.06988857686519623,-0.34868353605270386,-0.843776285648346,-0.1468711942434311,0.11272376030683517,0.001198714366182685,0.012334617786109447,-0.11266225576400757,-0.0016100917709991336,-0.011409147642552853,0.11932594329118729,0.4224630296230316,-0.010933257639408112,-0.1199510246515274,0.3928453028202057,-0.022912589833140373,0.14173875749111176,0.7742127776145935,0.05902182683348656,-0.09999147802591324,0.7652525901794434,0.05054112896323204
42,0.004143682774156332,-0.6005351543426514,-0.31653591990470886,0.1571783423423767,-0.48629969358444214,-0.11657848954200745,0.2886895537376404,-0.6145113706588745,-0.15151488780975342,-0.14539267122745514,-0.4783564805984497,-0.14775440096855164,-0.2935125231742859,-0.5929381847381592,-0.2393103539943695,0.3975907266139984,-0.8259994983673096,-0.2358153760433197,-0.34652841091156006,-0.818818211555481,-0.3669692277908325,0.11225952208042145,0.0008790288120508194,0.012323068454861641,-0.1122870147228241,-0.0013374417321756482,-0.011394264176487923,0.11911758780479431,0.4221966564655304,-0.012390290386974812,-0.12503795325756073,0.39275121688842773,-0.01877998746931553,0.13971923291683197,0.7731085419654846,0.060906488448381424,-0.10721591860055923,0.7628687024116516,0.05987224355340004
43,0.00336090219207108,-0.5981248617172241,-0.32290759682655334,0.15354597568511963,-0.4848410487174988,-0.1307678073644638,0.2774527370929718,-0.6294198632240295,-0.17906534671783447,-0.14584416151046753,-0.47779950499534607,-0.15482817590236664,-0.29144591093063354,-0.6023143529891968,-0.2508127689361572,0.37750884890556335,-0.8504695892333984,-0.2678944766521454,-0.3426610231399536,-0.8383944630622864,-0.3791355788707733,0.11204564571380615,0.0005311612039804459,0.011624971404671669,-0.11211887001991272,-0.0010205111466348171,-0.010680892504751682,0.11736001819372177,0.42115291953086853,-0.009857325814664364,-0.12607340514659882,0.392807275056839,-0.011501437053084373,0.13948389887809753,0.770848274230957,0.0751887857913971,-0.11003796011209488,0.7601680159568787,0.07676354050636292
44,0.003835901850834489,-0.5882230401039124,-0.36504417657852173,0.1528559923171997,-0.4769377112388611,-0.1751532107591629,0.26967450976371765,-0.6277076005935669,-0.23967665433883667,-0.14560645818710327,-0.47564300894737244,-0.19808891415596008,-0.28471019864082336,-0.6036378145217896,-0.3035361170768738,0.3609844148159027,-0.8567761182785034,-0.33787110447883606,-0.3276153802871704,-0.8390591740608215,-0.4389766752719879,0.11168684810400009,0.00045659398892894387,0.010612971149384975,-0.11181788891553879,-0.0009515495039522648,-0.009700441733002663,0.11658389121294022,0.42025572061538696,-0.009771504439413548,-0.1259918510913849,0.3929506540298462,-0.004674949217587709,0.13938306272029877,0.7667959332466125,0.08114515244960785,-0.11038737744092941,0.7580305337905884,0.0897151380777359
45,0.007215349934995174,-0.5863648056983948,-0.3734205663204193,0.15202538669109344,-0.4735913574695587,-0.18501754105091095,0.2643631398677826,-0.6361786723136902,-0.25861304998397827,-0.14554259181022644,-0.4747689664363861,-0.2092330902814865,-0.27960482239723206,-0.608690083026886,-0.3204419016838074,0.3542926013469696,-0.865946888923645,-0.3623790740966797,-0.31589001417160034,-0.8464610576629639,-0.45600706338882446,0.1115216463804245,0.00041505289846099913,0.010042536072432995,-0.11167993396520615,-0.0009126743534579873,-0.00913679227232933,0.11648839712142944,0.42035332322120667,-0.007408179808408022,-0.12600556015968323,0.39283522963523865,-0.0004732496745418757,0.13950257003307343,0.7665610909461975,0.08937422931194305,-0.11202933639287949,0.7528822422027588,0.09999272227287292
46,0.008262728340923786,-0.5854371786117554,-0.3667304813861847,0.15133975446224213,-0.4739029109477997,-0.18382352590560913,0.25365814566612244,-0.6495647430419922,-0.25762298703193665,-0.14458604156970978,-0.4759497344493866,-0.20109206438064575,-0.2758375108242035,-0.6234561204910278,-0.303737998008728,0.3370228409767151,-0.883179247379303,-0.3549334406852722,-0.30557388067245483,-0.8661295175552368,-0.42886513471603394,0.11126098036766052,0.0003985742514487356,0.007573413662612438,-0.1114511713385582,-0.0008972946088761091,-0.006649721413850784,0.1163068562746048,0.41960713267326355,-0.00764974532648921,-0.12676095962524414,0.3928532004356384,0.0030503161251544952,0.1397329717874527,0.7640182971954346,0.09441325068473816,-0.11239945888519287,0.7505318522453308,0.10620322823524475
47,0.0075982920825481415,-0.5854878425598145,-0.3720599114894867,0.15101614594459534,-0.47431403398513794,-0.19464635848999023,0.2529290020465851,-0.6579040288925171,-0.2651611566543579,-0.14307543635368347,-0.4768986403942108,-0.20733222365379333,-0.2647310197353363,-0.632948100566864,-0.30531489849090576,0.33178406953811646,-0.8950029015541077,-0.35242360830307007,-0.29197457432746887,-0.8727824687957764,-0.4246155321598053,0.11104865372180939,0.0004719443095382303,0.005520240403711796,-0.11126846820116043,-0.0009725274285301566,-0.0046003335155546665,0.11580104380846024,0.4194302558898926,-0.0060321493074297905,-0.12538419663906097,0.3934025466442108,0.009506984613835812,0.1428396850824356,0.7629473805427551,0.10463995486497879,-0.11043475568294525,0.7502923607826233,0.11792708188295364
48,0.006430681329220533,-0.5865181088447571,-0.3674602508544922,0.14875353872776031,-0.47454264760017395,-0.19988824427127838,0.2430332750082016,-0.6619642972946167,-0.280132532119751,-0.14234450459480286,-0.4783070981502533,-0.20264644920825958,-0.26094257831573486,-0.6313254833221436,-0.3067757487297058,0.31745126843452454,-0.8988704085350037,-0.3636055290699005,-0.2879573702812195,-0.868248462677002,-0.42866209149360657,0.11049174517393112,0.0005632393877021968,0.004526721313595772,-0.11071210354566574,-0.0010613324120640755,-0.003569116583094001,0.11506786942481995,0.4179290533065796,-0.003944231662899256,-0.1255665421485901,0.39235955476760864,0.010256333276629448,0.14380042254924774,0.758425235748291,0.11383497714996338,-0.11046460270881653,0.744587779045105,0.12315692752599716
49,0.003708722535520792,-0.5842652916908264,-0.38173913955688477,0.14385689795017242,-0.47273343801498413,-0.21580640971660614,0.2340071052312851,-0.6625731587409973,-0.3030460476875305,-0.14248578250408173,-0.4776882231235504,-0.21554388105869293,-0.2603997588157654,-0.6283791661262512,-0.3243553638458252,0.3077552318572998,-0.9016413688659668,-0.38919445872306824,-0.2857186496257782,-0.8629476428031921,-0.44711437821388245,0.1099957823753357,0.000579576357267797,0.002887599403038621,-0.11022906005382538,-0.0010781986638903618,-0.0019066951936110854,0.11620104312896729,0.4152897000312805,-0.0055259643122553825,-0.12568029761314392,0.3923626244068146,0.009814528748393059,0.1535421460866928,0.7565425038337708,0.11069927364587784,-0.11029835790395737,0.7449037432670593,0.12013062089681625
50,0.003058510832488537,-0.5926545262336731,-0.37432384490966797,0.14359840750694275,-0.4777950942516327,-0.20989416539669037,0.23042868077754974,-0.6776477098464966,-0.2923489212989807,-0.14226798713207245,-0.48351916670799255,-0.20915569365024567,-0.25962796807289124,-0.6414185166358948,-0.31697967648506165,0.2989710867404938,-0.917587161064148,-0.3754303753376007,-0.281114786863327,-0.8766262531280518,-0.4281732738018036,0.10965075343847275,0.0006291876779869199,0.0007481527281925082,-0.1099013239145279,-0.0011239915620535612,0.00022558745695278049,0.11691804975271225,0.41293516755104065,-0.0054614730179309845,-0.12283232063055038,0.3923812806606293,0.014242162927985191,0.1573810875415802,0.7544359564781189,0.11617806553840637,-0.10352300107479095,0.743595540523529,0.12964986264705658
51,0.002827891381457448,-0.5981578230857849,-0.3709815740585327,0.14378641545772552,-0.4788561165332794,-0.20532748103141785,0.2316390872001648,-0.6857418417930603,-0.2854934334754944,-0.14075328409671783,-0.4871213734149933,-0.20282861590385437,-0.25676482915878296,-0.6477852463722229,-0.2971380352973938,0.3018057942390442,-0.9282568693161011,-0.3636513352394104,-0.2706538140773773,-0.8799450397491455,-0.39961355924606323,0.10917319357395172,0.0007454586448147893,-0.0004804672207683325,-0.10942241549491882,-0.0012346588773652911,0.0014487928710877895,0.12186189740896225,0.40826812386512756,-0.004454080481082201,-0.12000244110822678,0.39094287157058716,0.01561241876333952,0.16453897953033447,0.750149667263031,0.1210271418094635,-0.09309758245944977,0.7393047213554382,0.13645783066749573
52,-3.01417094306089e-05,-0.5982152223587036,-0.36849451065063477,0.1418626308441162,-0.4788522720336914,-0.2076992690563202,0.23052732646465302,-0.6850628852844238,-0.3002490699291229,-0.14154177904129028,-0.4868209958076477,-0.202005073428154,-0.2569233775138855,-0.646469235420227,-0.3046085834503174,0.293580025434494,-0.9264825582504272,-0.3800882399082184,-0.2727736532688141,-0.8779439330101013,-0.41484588384628296,0.10901065170764923,0.0007184199639596045,-0.00047912768786773086,-0.10926373302936554,-0.0012043145252391696,0.0014479616656899452,0.1228632777929306,0.4058865010738373,-0.004479344934225082,-0.12200385332107544,0.3884853720664978,0.009924668818712234,0.16403521597385406,0.7486271858215332,0.12093064934015274,-0.0936671644449234,0.7351917624473572,0.13556008040905
53,-0.003562131430953741,-0.5978212952613831,-0.3553299605846405,0.1388745754957199,-0.47920793294906616,-0.20107050240039825,0.2261640727519989,-0.6858671307563782,-0.2921406626701355,-0.14225320518016815,-0.48668333888053894,-0.18562786281108856,-0.26029345393180847,-0.6448889970779419,-0.2899967432022095,0.2830483913421631,-0.9265923500061035,-0.3638472855091095,-0.27397409081459045,-0.8793731927871704,-0.4014386832714081,0.10838574916124344,0.0007229310576803982,-0.001408103620633483,-0.1086394190788269,-0.001207418623380363,0.002375267446041107,0.12424850463867188,0.4040820896625519,-0.012810111977159977,-0.12817631661891937,0.3878933787345886,0.0049255914054811,0.16603043675422668,0.7482972741127014,0.10242851078510284,-0.09454541653394699,0.7375251650810242,0.11947258561849594
54,-0.0035332643892616034,-0.5976704955101013,-0.35751935839653015,0.13895918428897858,-0.4793255925178528,-0.2014637440443039,0.22696693241596222,-0.6882081031799316,-0.28975391387939453,-0.14220030605793,-0.4866628050804138,-0.18747809529304504,-0.2591942846775055,-0.6442092657089233,-0.2901333272457123,0.2849443256855011,-0.9288433194160461,-0.35266488790512085,-0.2698783278465271,-0.8782902359962463,-0.4019952416419983,0.10813160985708237,0.0007404960924759507,-0.0017574620433151722,-0.1083897277712822,-0.0012261110823601484,0.0027264177333563566,0.1244494840502739,0.40421926975250244,-0.012662988156080246,-0.12352366745471954,0.3884202837944031,0.0071213399060070515,0.1659058928489685,0.7491616010665894,0.10315210372209549,-0.09141943603754044,0.7402398586273193,0.12044841796159744
55,-0.0040426417253911495,-0.5985642671585083,-0.3554648160934448,0.13888698816299438,-0.4810746908187866,-0.20062705874443054,0.22308707237243652,-0.6898697018623352,-0.28807711601257324,-0.14352160692214966,-0.48659220337867737,-0.18763980269432068,-0.2599278390407562,-0.6444113850593567,-0.2932642102241516,0.27865225076675415,-0.9309477210044861,-0.3526226282119751,-0.27052268385887146,-0.8792321085929871,-0.4043164849281311,0.10805771499872208,0.0006987479864619672,-0.0015978042501956224,-0.10831677168607712,-0.0011817279737442732,0.002568204654380679,0.12421418726444244,0.40429210662841797,-0.012448739260435104,-0.12304241955280304,0.3886980414390564,0.008482798002660275,0.16581611335277557,0.7495390772819519,0.10345907509326935,-0.0950140431523323,0.7408952116966248,0.12025775015354156
56,-0.004501960705965757,-0.5975669622421265,-0.3552631437778473,0.13830724358558655,-0.4813663959503174,-0.20020782947540283,0.22161820530891418,-0.690038800239563,-0.28741660714149475,-0.14421482384204865,-0.48653870820999146,-0.18762338161468506,-0.2603979706764221,-0.6442541480064392,-0.29276537895202637,0.2729034125804901,-0.9302754402160645,-0.35252445936203003,-0.27102580666542053,-0.8791875243186951,-0.4036099910736084,0.10799536854028702,0.0006998199969530106,-0.001644063158892095,-0.10825307667255402,-0.00118266639765352,0.0026169628836214542,0.12290055304765701,0.4052247107028961,-0.013964124955236912,-0.12298648804426193,0.3898942172527313,0.009094907902181149,0.1649734228849411,0.7535548806190491,0.09772711992263794,-0.09890244156122208,0.7444581985473633,0.11669214069843292
57,-0.006877546198666096,-0.6006860136985779,-0.333854079246521,0.1381840854883194,-0.4864612817764282,-0.18408061563968658,0.21984554827213287,-0.6946937441825867,-0.2656867206096649,-0.14453460276126862,-0.4872484505176544,-0.1623455435037613,-0.26191309094429016,-0.6462652683258057,-0.26873111724853516,0.266168475151062,-0.9325295090675354,-0.32862547039985657,-0.27136507630348206,-0.8820696473121643,-0.385537326335907,0.10794258862733841,0.0006062492029741406,-0.0035801073536276817,-0.10820145905017853,-0.0010869314428418875,0.004533917177468538,0.12083704769611359,0.40559566020965576,-0.015531106851994991,-0.12392991036176682,0.39148086309432983,0.01261862926185131,0.16384483873844147,0.7557408809661865,0.09673808515071869,-0.09917915612459183,0.7467079162597656,0.11840151250362396
58,-0.004400158300995827,-0.6005758047103882,-0.3315676748752594,0.140255406498909,-0.48680636286735535,-0.18082715570926666,0.2195335179567337,-0.6947857737541199,-0.2681910991668701,-0.14395801723003387,-0.4871842563152313,-0.1642078161239624,-0.25704020261764526,-0.6461105942726135,-0.26930591464042664,0.2637934386730194,-0.9324185252189636,-0.34543555974960327,-0.2669111490249634,-0.8818394541740417,-0.3929281234741211,0.10793547332286835,0.0006015243125148118,-0.003659481881186366,-0.10819143056869507,-0.001080798450857401,0.00460997736081481,0.12007319182157516,0.4071584641933441,-0.0169284138828516,-0.1250094771385193,0.3920498490333557,0.012440725229680538,0.16371966898441315,0.7584018111228943,0.09290109574794769,-0.09958603978157043,0.748266339302063,0.11639942228794098
59,-0.004432583227753639,-0.6062979102134705,-0.30922219157218933,0.13957785069942474,-0.49030086398124695,-0.16195178031921387,0.2155197113752365,-0.6950042247772217,-0.2513878345489502,-0.1458979696035385,-0.48785504698753357,-0.14814472198486328,-0.26173222064971924,-0.6532511115074158,-0.25749656558036804,0.26024970412254333,-0.9320934414863586,-0.325344055891037,-0.2686385214328766,-0.8903508186340332,-0.3690369427204132,0.10793471336364746,0.0003661129157990217,-0.0029474557377398014,-0.10818412154912949,-0.0008412104798480868,0.003920591901987791,0.11905603855848312,0.4087150990962982,-0.015454207547008991,-0.1262129843235016,0.39242395758628845,0.01036911178380251,0.16235065460205078,0.7584788799285889,0.09479361027479172,-0.1050768494606018,0.7494834065437317,0.1141914576292038
60,-0.0030334817711263895,-0.6060348749160767,-0.2947380840778351,0.1412968784570694,-0.491718590259552,-0.14755681157112122,0.2151896357536316,-0.6951276063919067,-0.23440423607826233,-0.14444148540496826,-0.4878678023815155,-0.13326795399188995,-0.2599523961544037,-0.6484675407409668,-0.24766050279140472,0.25606393814086914,-0.9321434497833252,-0.30510082840919495,-0.26486241817474365,-0.8849725127220154,-0.36642909049987793,0.10791376233100891,0.0003744584391824901,-0.002993687056005001,-0.10816056281328201,-0.0008477336959913373,0.003970779478549957,0.11945874243974686,0.40974631905555725,-0.01811394654214382,-0.12686151266098022,0.39211681485176086,0.006676376797258854,0.15975908935070038,0.7584829926490784,0.08602025359869003,-0.10567007213830948,0.7497113347053528,0.10550428181886673
61,-0.002639301586896181,-0.6149754524230957,-0.2729365825653076,0.14234420657157898,-0.5011005401611328,-0.12738525867462158,0.21537719666957855,-0.7037474513053894,-0.20559324324131012,-0.14520344138145447,-0.49373531341552734,-0.11418858170509338,-0.2625565528869629,-0.6641939282417297,-0.20961041748523712,0.25527194142341614,-0.9361553192138672,-0.26616370677948,-0.26514843106269836,-0.899290919303894,-0.3041713535785675,0.10798849910497665,0.00035176187520846725,-0.0027258903719484806,-0.10821988433599472,-0.0008247880032286048,0.003723065834492445,0.12020924687385559,0.4097885191440582,-0.016958151012659073,-0.12736116349697113,0.3909171521663666,0.006695984397083521,0.15972551703453064,0.7580004334449768,0.08950263261795044,-0.105623260140419,0.7463361024856567,0.10586553812026978
62,-0.0027125305496156216,-0.6189600825309753,-0.2673020660877228,0.14204925298690796,-0.5015332102775574,-0.12161844968795776,0.21364134550094604,-0.703665554523468,-0.2037716656923294,-0.146406888961792,-0.49388551712036133,-0.11045220494270325,-0.26546549797058105,-0.663031280040741,-0.21827517449855804,0.2543949484825134,-0.9355852007865906,-0.27096426486968994,-0.2673279345035553,-0.897830069065094,-0.323699951171875,0.1079937294125557,0.0003042717871721834,-0.0025655911304056644,-0.10822103172540665,-0.0007765949703752995,0.0035725331399589777,0.12014129012823105,0.4098353683948517,-0.01804392784833908,-0.1282530426979065,0.39067909121513367,0.0033408894669264555,0.1534816324710846,0.7585274577140808,0.08377759903669357,-0.10682187974452972,0.7473195791244507,0.09513159096240997
63,-0.00279217422939837,-0.6183810830116272,-0.27056992053985596,0.14203643798828125,-0.5012094378471375,-0.12455838173627853,0.21334385871887207,-0.7024155855178833,-0.20787833631038666,-0.14641712605953217,-0.4942997097969055,-0.1095929816365242,-0.26602065563201904,-0.664527952671051,-0.21516117453575134,0.2529512643814087,-0.9292691349983215,-0.276346355676651,-0.26735249161720276,-0.897642195224762,-0.32235103845596313,0.10795900970697403,0.0002914264041464776,-0.002952720271423459,-0.10818080604076385,-0.0007633594796061516,0.003968271892517805,0.1196398213505745,0.41059932112693787,-0.021639784798026085,-0.12888267636299133,0.39173629879951477,0.003386006224900484,0.15659670531749725,0.7617748975753784,0.07782093435525894,-0.10623295605182648,0.7501649260520935,0.09530455619096756
64,-0.0024752558674663305,-0.6200060844421387,-0.2592772841453552,0.14284013211727142,-0.5023482441902161,-0.11556018143892288,0.21157480776309967,-0.7015815377235413,-0.20572882890701294,-0.14660713076591492,-0.49489715695381165,-0.10118921846151352,-0.266059935092926,-0.665765643119812,-0.2075052261352539,0.24672526121139526,-0.9256850481033325,-0.27909931540489197,-0.267791211605072,-0.8983931541442871,-0.31429925560951233,0.1080862358212471,0.00016603173571638763,-0.002947030356153846,-0.10829753428697586,-0.0006352142663672566,0.003963662777096033,0.11606986820697784,0.41222622990608215,-0.021580511704087257,-0.12972138822078705,0.3922120928764343,0.003429501550272107,0.152658611536026,0.7630230784416199,0.0777636170387268,-0.10640494525432587,0.7520743012428284,0.09545499086380005
65,-0.0003251085290685296,-0.6212111115455627,-0.25228023529052734,0.14471690356731415,-0.504006028175354,-0.10856427997350693,0.2115096002817154,-0.7014169692993164,-0.1963665783405304,-0.14657415449619293,-0.4948725402355194,-0.0935409665107727,-0.266080766916275,-0.6624210476875305,-0.20692452788352966,0.24676240980625153,-0.92613285779953,-0.27059412002563477,-0.2654058337211609,-0.8954659700393677,-0.3183743357658386,0.10831473022699356,1.771081952028908e-05,-0.0030093081295490265,-0.10851244628429413,-0.00048737903125584126,0.004022528417408466,0.11370152235031128,0.4132625162601471,-0.0197425726801157,-0.1303214579820633,0.3928181231021881,0.005355911795049906,0.15139125287532806,0.7659336924552917,0.0803132876753807,-0.10641496628522873,0.7522495985031128,0.10148627310991287
66,-0.00023560259432997555,-0.6208111643791199,-0.24434149265289307,0.14477978646755219,-0.5045590400695801,-0.09998290985822678,0.20887847244739532,-0.698264479637146,-0.19411222636699677,-0.14667600393295288,-0.494424968957901,-0.08744336664676666,-0.2670572102069855,-0.6577439308166504,-0.2075156718492508,0.24361957609653473,-0.9212642908096313,-0.2724364697933197,-0.26679545640945435,-0.8895585536956787,-0.32198795676231384,0.10841582715511322,-0.00010859280882868916,-0.0027642804197967052,-0.10860347747802734,-0.00035875337198376656,0.0037812814116477966,0.1110948920249939,0.4147828221321106,-0.02114943601191044,-0.13348491489887238,0.3930158317089081,0.0028105811215937138,0.14749541878700256,0.7670130729675293,0.07062110304832458,-0.11141539365053177,0.7552065253257751,0.0910138487815857
67,-0.00037783654988743365,-0.6216828227043152,-0.24127352237701416,0.14408345520496368,-0.5056520700454712,-0.09553513675928116,0.20655688643455505,-0.6983913779258728,-0.18077370524406433,-0.1476978361606598,-0.49502140283584595,-0.08336048573255539,-0.27077585458755493,-0.6572611927986145,-0.20180198550224304,0.24389223754405975,-0.9227598905563354,-0.25568491220474243,-0.26774635910987854,-0.8865201473236084,-0.3209979236125946,0.10844247043132782,-0.00016322942974511534,-0.002723769750446081,-0.10862407088279724,-0.00030813406920060515,0.0037440669257193804,0.11077212542295456,0.4150683879852295,-0.021470988169312477,-0.13395914435386658,0.39296528697013855,0.0021653384901583195,0.14560890197753906,0.7687069773674011,0.06910888105630875,-0.11209961026906967,0.755217969417572,0.08929012715816498
68,-0.00039044144796207547,-0.6218373775482178,-0.24202795326709747,0.1440466195344925,-0.5050106048583984,-0.09687402099370956,0.2062525600194931,-0.6974209547042847,-0.18132536113262177,-0.1476956307888031,-0.49501222372055054,-0.08229843527078629,-0.2699708342552185,-0.6568731665611267,-0.19995148479938507,0.2435157150030136,-0.922361433506012,-0.2533802390098572,-0.26769882440567017,-0.8848780989646912,-0.32157039642333984,0.1084463968873024,-0.00019309243361931294,-0.0029226201586425304,-0.10862026363611221,-0.00027838535606861115,0.003953246399760246,0.11005160212516785,0.41530275344848633,-0.023902807384729385,-0.133736714720726,0.3930909037590027,0.00220520980656147,0.14522354304790497,0.7711343169212341,0.0637093260884285,-0.11098983138799667,0.755341112613678,0.08956772089004517
69,-0.00048481905832886696,-0.6275343894958496,-0.210632786154747,0.14347580075263977,-0.5098286867141724,-0.06590073555707932,0.2044389694929123,-0.6999786496162415,-0.1430538147687912,-0.14911065995693207,-0.4980951249599457,-0.05566121265292168,-0.2702864110469818,-0.6597263216972351,-0.16472680866718292,0.24271637201309204,-0.9263292551040649,-0.2136678248643875,-0.26823779940605164,-0.8907082080841064,-0.27463552355766296,0.10847768187522888,-0.0003810474299825728,-0.0028974132146686316,-0.1086491197347641,-9.148243407253176e-05,0.003926634788513184,0.10928591340780258,0.41540899872779846,-0.022274546325206757,-0.13478800654411316,0.3930443525314331,0.0002733889559749514,0.14310957491397858,0.7717516422271729,0.06571409851312637,-0.1109548807144165,0.7555108070373535,0.08841150999069214
70,-0.00111590011510998,-0.6269916296005249,-0.19838452339172363,0.14319761097431183,-0.5103599429130554,-0.05676247552037239,0.20230907201766968,-0.6988959312438965,-0.148305281996727,-0.15078166127204895,-0.4977351725101471,-0.04419293254613876,-0.27120548486709595,-0.6565129160881042,-0.15851452946662903,0.23455864191055298,-0.9257112741470337,-0.22416642308235168,-0.27164649963378906,-0.8879944086074829,-0.2747441232204437,0.10858725011348724,-0.0005519547266885638,-0.002785847755149007,-0.10874477028846741,8.519089897163212e-05,0.0038188640028238297,0.10546910017728806,0.4157464802265167,-0.024337314069271088,-0.13592840731143951,0.39289429783821106,-0.004195390269160271,0.13996967673301697,0.7725036144256592,0.05859992653131485,-0.11122153699398041,0.7558110952377319,0.07877650111913681
71,-0.0011085644364356995,-0.6276780366897583,-0.2029702067375183,0.1432148814201355,-0.5102760195732117,-0.057712506502866745,0.20290416479110718,-0.6989380121231079,-0.15200644731521606,-0.15075373649597168,-0.49766409397125244,-0.04713466018438339,-0.2734012305736542,-0.6565002799034119,-0.1619454324245453,0.23934601247310638,-0.9255768060684204,-0.22357214987277985,-0.27281519770622253,-0.887886643409729,-0.2766236662864685,0.10860354453325272,-0.0005907674785703421,-0.0028503923676908016,-0.10875728726387024,0.00012339376553427428,0.0038842090871185064,0.10656548291444778,0.4158647358417511,-0.022969704121351242,-0.13616958260536194,0.39270150661468506,-0.002869648626074195,0.14017897844314575,0.772884726524353,0.06287796795368195,-0.11087100952863693,0.7546982169151306,0.08576825261116028
72,-0.0015036845579743385,-0.621972918510437,-0.21427708864212036,0.13879555463790894,-0.5099461078643799,-0.061180900782346725,0.19602540135383606,-0.6986558437347412,-0.15412458777427673,-0.15415248274803162,-0.4933762550354004,-0.0668303370475769,-0.2767915725708008,-0.6439986228942871,-0.19985629618167877,0.23332150280475616,-0.9257429838180542,-0.2256721556186676,-0.2794586420059204,-0.8771067261695862,-0.334187775850296,0.10862214863300323,-0.0007785310735926032,-0.0008129075868055224,-0.10877427458763123,0.0003063768381252885,0.0018392709316685796,0.10662171989679337,0.4162236750125885,-0.021546537056565285,-0.14038076996803284,0.39227449893951416,-0.00755364028736949,0.13767555356025696,0.7728744149208069,0.06326912343502045,-0.11891089379787445,0.7546813488006592,0.07941582798957825
73,0.0005210528615862131,-0.620246946811676,-0.24838782846927643,0.13918420672416687,-0.5061885118484497,-0.08958963304758072,0.20191487669944763,-0.6970218420028687,-0.16140736639499664,-0.15310433506965637,-0.49119144678115845,-0.09255044162273407,-0.27683818340301514,-0.6417666077613831,-0.210060253739357,0.23738786578178406,-0.9221518039703369,-0.2277599722146988,-0.2793275713920593,-0.8751674294471741,-0.33344849944114685,0.10859810560941696,-0.0008164889877662063,-0.0006428807973861694,-0.10874626040458679,0.00034412642708048224,0.0016786970663815737,0.10773567110300064,0.41637206077575684,-0.02243819832801819,-0.13729922473430634,0.3924756646156311,-0.007255280390381813,0.14273297786712646,0.7733277082443237,0.06118733063340187,-0.1163395494222641,0.754950225353241,0.07982756942510605
74,0.0005182915483601391,-0.6201660633087158,-0.2576616108417511,0.13808463513851166,-0.5031294822692871,-0.10044902563095093,0.20213954150676727,-0.6931043863296509,-0.18066412210464478,-0.15341858565807343,-0.48983871936798096,-0.0992659404873848,-0.27703624963760376,-0.6420322060585022,-0.21418599784374237,0.23879270255565643,-0.9167037606239319,-0.25982552766799927,-0.2815532088279724,-0.8754440546035767,-0.3342575132846832,0.10859060287475586,-0.001050095888786018,-0.0006754088681191206,-0.10873714089393616,0.0005741349305026233,0.001706479350104928,0.10823813825845718,0.4164298474788666,-0.02233588881790638,-0.13591007888317108,0.39391809701919556,-0.003909680061042309,0.14287015795707703,0.7734022736549377,0.06287025660276413,-0.11452936381101608,0.7569109797477722,0.08392360806465149
75,-0.0008212566026486456,-0.6188522577285767,-0.26734504103660583,0.13633817434310913,-0.5011959671974182,-0.10926789045333862,0.20156054198741913,-0.6920843124389648,-0.1877327412366867,-0.15380407869815826,-0.48805803060531616,-0.10781142860651016,-0.277638703584671,-0.6407217979431152,-0.22121797502040863,0.23888473212718964,-0.9168062210083008,-0.26499462127685547,-0.2854235768318176,-0.874821126461029,-0.33994489908218384,0.10854955017566681,-0.0011307148961350322,-0.0005417196662165225,-0.10869508981704712,0.0006504959892481565,0.0015747924335300922,0.10929197072982788,0.416665256023407,-0.023182272911071777,-0.1372680962085724,0.3938831686973572,-0.005013680085539818,0.1415472775697708,0.7735218405723572,0.06187789887189865,-0.11438825726509094,0.7570860385894775,0.0831415206193924
76,-0.000732248998247087,-0.6187854409217834,-0.265969842672348,0.13635815680027008,-0.5007371306419373,-0.10790826380252838,0.20173320174217224,-0.6923536062240601,-0.18731462955474854,-0.15375852584838867,-0.48746752738952637,-0.10743807256221771,-0.2772412598133087,-0.6405029892921448,-0.22314171493053436,0.2403428554534912,-0.9183223247528076,-0.26339298486709595,-0.28503474593162537,-0.8746605515480042,-0.3451785743236542,0.10851048678159714,-0.0012164621148258448,8.231731044361368e-06,-0.10865187644958496,0.0007302267476916313,0.0010294553358107805,0.10950180143117905,0.41685253381729126,-0.021687690168619156,-0.1372620165348053,0.3937992453575134,-0.005575134418904781,0.14103788137435913,0.7754014134407043,0.06275340914726257,-0.11415855586528778,0.757071316242218,0.0835811197757721
77,-0.0009133141720667481,-0.6189917922019958,-0.27167582511901855,0.13566771149635315,-0.500087559223175,-0.1146998405456543,0.2012850046157837,-0.6923606395721436,-0.19535131752490997,-0.15390802919864655,-0.48740413784980774,-0.11346393078565598,-0.27725350856781006,-0.6418135166168213,-0.22842152416706085,0.24020496010780334,-0.9185050129890442,-0.2717214822769165,-0.28574827313423157,-0.8756802082061768,-0.3472242057323456,0.10849521309137344,-0.0013157417997717857,5.2620602218667045e-05,-0.10863684117794037,0.0008283918141387403,0.000984960817731917,0.10952509939670563,0.41690781712532043,-0.02174978516995907,-0.1371966153383255,0.39454302191734314,-0.00472630187869072,0.13858363032341003,0.7754968404769897,0.06370119005441666,-0.11425513029098511,0.758213460445404,0.08433876931667328
78,-0.00023132952628657222,-0.618996798992157,-0.26516592502593994,0.13629275560379028,-0.5005491971969604,-0.10750950127840042,0.20160536468029022,-0.6927248239517212,-0.1852598488330841,-0.15335798263549805,-0.4872247278690338,-0.11026205867528915,-0.27493491768836975,-0.640601396560669,-0.22765590250492096,0.24036787450313568,-0.919549286365509,-0.26040247082710266,-0.2832546830177307,-0.8754565715789795,-0.34634634852409363,0.10849443823099136,-0.001389150507748127,0.000690663349814713,-0.10863418132066727,0.0008997254772111773,0.00034639707882888615,0.10971496999263763,0.41725364327430725,-0.020017217844724655,-0.13681907951831818,0.3941044807434082,-0.005983368959277868,0.1392834484577179,0.7757196426391602,0.06582298874855042,-0.1128351166844368,0.7570871114730835,0.08465535938739777
79,-7.208835450001061e-05,-0.6196842193603516,-0.27112090587615967,0.1371619701385498,-0.4997243583202362,-0.11590202897787094,0.20503480732440948,-0.6922560334205627,-0.19636572897434235,-0.1529625654220581,-0.48742228746414185,-0.11148819327354431,-0.27498534321784973,-0.6434388160705566,-0.22671137750148773,0.24279984831809998,-0.9182225465774536,-0.27281057834625244,-0.2822774052619934,-0.8772539496421814,-0.3458724915981293,0.10849505662918091,-0.0014330856502056122,-7.91235506767407e-05,-0.10863416641950607,0.0009423537412658334,0.0011076040100306273,0.11007047444581985,0.4167613983154297,-0.021867284551262856,-0.13605265319347382,0.39456331729888916,-0.00106515409424901,0.1414451003074646,0.7750669717788696,0.06573888659477234,-0.1113521009683609,0.7573865652084351,0.0891336128115654
80,-0.00012774656352121383,-0.6194910407066345,-0.27296072244644165,0.13723178207874298,-0.49962660670280457,-0.11717071384191513,0.20498962700366974,-0.6926524639129639,-0.19561192393302917,-0.15290971100330353,-0.487326443195343,-0.1131809875369072,-0.27506399154663086,-0.6437525153160095,-0.22729326784610748,0.24276189506053925,-0.9197239875793457,-0.27150896191596985,-0.282095730304718,-0.8780409693717957,-0.34621915221214294,0.10850288718938828,-0.0014734811848029494,-0.00012324083945713937,-0.1086420789361,0.0009818742983043194,0.001149486401118338,0.11007697135210037,0.4167901277542114,-0.021659499034285545,-0.13596200942993164,0.39492711424827576,0.0004423702775966376,0.14254261553287506,0.7751376628875732,0.06650987267494202,-0.11155585944652557,0.7575392723083496,0.09129471331834793
81,-9.415515523869544e-05,-0.6194996237754822,-0.28041011095046997,0.1371341496706009,-0.49872156977653503,-0.12282845377922058,0.20513123273849487,-0.6928715705871582,-0.19967256486415863,-0.15307381749153137,-0.48730167746543884,-0.1205483078956604,-0.2753638029098511,-0.6472264528274536,-0.233144611120224,0.24354009330272675,-0.9196656942367554,-0.27352502942085266,-0.28178346157073975,-0.8805965185165405,-0.3486380875110626,0.10851403325796127,-0.0015840575797483325,-0.0001580344105605036,-0.1086544468998909,0.0010872146813198924,0.0011852571042254567,0.1104898452758789,0.4168117046356201,-0.021147310733795166,-0.1362658590078354,0.3949715793132782,0.000694283633492887,0.14259013533592224,0.7745805382728577,0.06985104084014893,-0.11179263889789581,0.7575376629829407,0.0930803120136261
82,-0.00013532390585169196,-0.619592010974884,-0.28062671422958374,0.13674724102020264,-0.4987708628177643,-0.12248560786247253,0.20473948121070862,-0.692906379699707,-0.19911523163318634,-0.1539546549320221,-0.48730581998825073,-0.12118049710988998,-0.2771644592285156,-0.6469242572784424,-0.23333841562271118,0.24354879558086395,-0.9197086691856384,-0.27324211597442627,-0.2834223508834839,-0.8804243803024292,-0.3487124741077423,0.10851560533046722,-0.0016567424172535539,-0.00016387243522331119,-0.10865576565265656,0.0011594794923439622,0.001191088231280446,0.11049153655767441,0.4168402850627899,-0.021481167525053024,-0.13625884056091309,0.39518123865127563,0.0010794468689709902,0.1425507664680481,0.7745808362960815,0.06936945021152496,-0.11181025207042694,0.7576294541358948,0.09320379048585892
83,0.0004578527295961976,-0.6193596720695496,-0.275228887796402,0.1376742273569107,-0.4989597499370575,-0.11618959903717041,0.20468613505363464,-0.691615104675293,-0.19207333028316498,-0.1535002887248993,-0.4870587885379791,-0.11825515329837799,-0.27486634254455566,-0.6436029076576233,-0.23305627703666687,0.24351952970027924,-0.917640745639801,-0.2667030692100525,-0.28295662999153137,-0.8780112266540527,-0.34962546825408936,0.10855671763420105,-0.0017102414276450872,0.0004335525445640087,-0.1086912453174591,0.0012117271544411778,0.0006115915603004396,0.11065325140953064,0.41736191511154175,-0.021389294415712357,-0.1323775202035904,0.39535748958587646,0.00042751451837830245,0.14265763759613037,0.7757782340049744,0.0683075487613678,-0.10996811091899872,0.7580426931381226,0.09224158525466919
84,-0.0004344692570157349,-0.6210281252861023,-0.2682313919067383,0.13755302131175995,-0.49997958540916443,-0.10917142033576965,0.20469063520431519,-0.6926246881484985,-0.17737367749214172,-0.1538708508014679,-0.48727676272392273,-0.11328759044408798,-0.2757508158683777,-0.6432873010635376,-0.22959227859973907,0.24380111694335938,-0.9188142418861389,-0.2472352236509323,-0.2832324206829071,-0.876186192035675,-0.34904998540878296,0.10856813192367554,-0.0017461872193962336,0.0007594722555950284,-0.1087038516998291,0.0012462856248021126,0.0002771268773358315,0.11080754548311234,0.4170798063278198,-0.02052183449268341,-0.1320185512304306,0.39486411213874817,-0.0005461567780002952,0.13984665274620056,0.7757610082626343,0.06819906085729599,-0.11120717227458954,0.7574442625045776,0.09058240801095963
85,-0.0005249261157587171,-0.6215161681175232,-0.2749670743942261,0.13738521933555603,-0.49999022483825684,-0.11576811969280243,0.20461831986904144,-0.6934241652488708,-0.1939273476600647,-0.1541302353143692,-0.48728829622268677,-0.12070167064666748,-0.27550575137138367,-0.6452202200889587,-0.2380426973104477,0.2433779239654541,-0.9187678098678589,-0.2709929943084717,-0.2813027799129486,-0.8769112825393677,-0.3540956974029541,0.10861849784851074,-0.0019050500122830272,0.0009570216061547399,-0.10875692218542099,0.0014053444610908628,7.231653580674902e-05,0.1125871017575264,0.4170854389667511,-0.016803501173853874,-0.13132686913013458,0.39501336216926575,0.0007273511146195233,0.14359113574028015,0.7752285003662109,0.07694636285305023,-0.11092014610767365,0.7571136355400085,0.09665390849113464
86,-0.0003093148989137262,-0.6218220591545105,-0.270936518907547,0.13800421357154846,-0.500413715839386,-0.11385510116815567,0.20455098152160645,-0.6933510899543762,-0.1937403529882431,-0.1540805548429489,-0.48727908730506897,-0.113734170794487,-0.2779310345649719,-0.6453167796134949,-0.23000596463680267,0.2436126172542572,-0.9187663197517395,-0.2728753983974457,-0.28450655937194824,-0.8788129687309265,-0.34713584184646606,0.10873831808567047,-0.002000399399548769,0.0005673477426171303,-0.10888416320085526,0.001501849154010415,0.0004455153539311141,0.11255834996700287,0.41708165407180786,-0.016489125788211823,-0.13148432970046997,0.3950943648815155,0.002350031165406108,0.14383827149868011,0.7742671370506287,0.07806231826543808,-0.11097613722085953,0.7569743394851685,0.09851798415184021
87,-0.001004990073852241,-0.624517560005188,-0.26714590191841125,0.13805493712425232,-0.501158595085144,-0.111556775867939,0.20518629252910614,-0.6942903995513916,-0.18669718503952026,-0.15466053783893585,-0.4887281358242035,-0.10572792589664459,-0.2825470268726349,-0.6493086814880371,-0.2106022983789444,0.243622824549675,-0.9191269278526306,-0.2599441707134247,-0.2849232256412506,-0.8813300132751465,-0.3188350200653076,0.10877534747123718,-0.0020440383814275265,8.817083289613947e-05,-0.10892219096422195,0.001543944701552391,0.0009200552594847977,0.11239597946405411,0.41703322529792786,-0.015493501909077168,-0.13197848200798035,0.3948524296283722,0.00497239688411355,0.14367005228996277,0.7733720541000366,0.07949250191450119,-0.1115574836730957,0.755603551864624,0.10161765664815903
88,-0.0008791814907453954,-0.623920202255249,-0.27832090854644775,0.137442946434021,-0.49939173460006714,-0.11787271499633789,0.2051796317100525,-0.6934764385223389,-0.19252407550811768,-0.154849573969841,-0.48750004172325134,-0.12069667875766754,-0.28219762444496155,-0.6486106514930725,-0.2351197451353073,0.2443995326757431,-0.9173136353492737,-0.267439603805542,-0.28270506858825684,-0.8798813223838806,-0.34886783361434937,0.10877903550863266,-0.002114448230713606,0.000499136745929718,-0.10892749577760696,0.001612607971765101,0.0005125257303006947,0.1124177798628807,0.4171779155731201,-0.015733813866972923,-0.13160884380340576,0.3952086865901947,0.004050226882100105,0.14405106008052826,0.7744678854942322,0.07747118175029755,-0.11175256222486496,0.7572422027587891,0.09872934222221375
89,0.001740328036248684,-0.6232544183731079,-0.2761172652244568,0.1393101066350937,-0.5000607371330261,-0.11645137518644333,0.20502765476703644,-0.6930452585220337,-0.19411295652389526,-0.15258918702602386,-0.4874722957611084,-0.12043015658855438,-0.2751929759979248,-0.647490382194519,-0.2354728728532791,0.24449336528778076,-0.9173356294631958,-0.27407315373420715,-0.2823408246040344,-0.8800622820854187,-0.35245072841644287,0.10884445905685425,-0.002153017558157444,0.0008874096674844623,-0.1089925765991211,0.0016504976665601134,0.00011695644934661686,0.11240368336439133,0.4173027276992798,-0.014906693249940872,-0.13116754591464996,0.39520755410194397,0.0035157990641891956,0.14275610446929932,0.7745823264122009,0.07892858982086182,-0.1092003658413887,0.7563360929489136,0.09897229075431824
90,0.0035520209930837154,-0.622819185256958,-0.275529682636261,0.14031875133514404,-0.5006073713302612,-0.1161230057477951,0.2060011625289917,-0.6928478479385376,-0.1935049593448639,-0.15214551985263824,-0.4892543852329254,-0.11800224334001541,-0.2751101553440094,-0.6497915983200073,-0.2284097820520401,0.24626950919628143,-0.917372465133667,-0.2738833427429199,-0.2817521393299103,-0.8856546878814697,-0.3425891697406769,0.10893642902374268,-0.0021699320059269667,0.00043188390554860234,-0.10908696055412292,0.0016676685772836208,0.0005669689271599054,0.11132336407899857,0.41735976934432983,-0.0154336579144001,-0.13110488653182983,0.3958785831928253,0.004219762049615383,0.14270490407943726,0.7745044231414795,0.078834168612957,-0.10923577100038528,0.757015585899353,0.09930191189050674
91,0.003375937230885029,-0.6236522793769836,-0.2696094214916229,0.14008456468582153,-0.5033313632011414,-0.1120079830288887,0.20608066022396088,-0.6963846683502197,-0.18709473311901093,-0.15218663215637207,-0.4911283552646637,-0.11193337291479111,-0.2751563787460327,-0.6514964699745178,-0.22362665832042694,0.24785083532333374,-0.9210533499717712,-0.26325178146362305,-0.28101029992103577,-0.8867143392562866,-0.3386616110801697,0.10894843190908432,-0.0021880497224628925,0.0004136409843340516,-0.10909733921289444,0.001686800504103303,0.0005880661774426699,0.11100492626428604,0.4173751473426819,-0.01667158491909504,-0.13129544258117676,0.39610886573791504,0.0035755238495767117,0.1455150544643402,0.7744529247283936,0.07607130706310272,-0.10977783054113388,0.7583497762680054,0.09583636373281479
92,0.0030748769640922546,-0.6207190155982971,-0.2862336337566376,0.1398584395647049,-0.4997992515563965,-0.1263032704591751,0.20610296726226807,-0.6928241848945618,-0.20778733491897583,-0.1524750143289566,-0.48877114057540894,-0.13057884573936462,-0.27340948581695557,-0.6481034159660339,-0.24804270267486572,0.24820096790790558,-0.9187838435173035,-0.292044997215271,-0.27920031547546387,-0.8834077715873718,-0.3683781921863556,0.10905242711305618,-0.002240484580397606,0.00041558462544344366,-0.10920790582895279,0.0017396153416484594,0.0005851112073287368,0.11076512187719345,0.41741451621055603,-0.018714630976319313,-0.13077643513679504,0.39677679538726807,0.0035552370827645063,0.14466875791549683,0.7749977111816406,0.07365921139717102,-0.10817844420671463,0.7588117122650146,0.09575977176427841
93,0.000515689782332629,-0.6234396696090698,-0.28419768810272217,0.13851873576641083,-0.5008147954940796,-0.12546950578689575,0.2058025300502777,-0.6939375400543213,-0.20645852386951447,-0.15419462323188782,-0.4899637699127197,-0.1265137642621994,-0.27673739194869995,-0.652779757976532,-0.2404758781194687,0.2460997998714447,-0.9187561869621277,-0.28944459557533264,-0.2812771499156952,-0.8864805102348328,-0.355416864156723,0.10904859751462936,-0.0023418357595801353,8.065821748459712e-05,-0.10920361429452896,0.0018411439377814531,0.0009199596242979169,0.11106553673744202,0.4159983992576599,-0.01836896687746048,-0.1308853030204773,0.39686182141304016,0.0057058194652199745,0.145236536860466,0.7733969688415527,0.0777461975812912,-0.10807561874389648,0.7582406997680664,0.10172265768051147
94,-0.003770555602386594,-0.6207852959632874,-0.2892385423183441,0.13543261587619781,-0.5005178451538086,-0.12676329910755157,0.2040998488664627,-0.6939548850059509,-0.20534609258174896,-0.15557606518268585,-0.4879586398601532,-0.13609564304351807,-0.27633169293403625,-0.6484607458114624,-0.25240522623062134,0.24573193490505219,-0.918755054473877,-0.2885453999042511,-0.28130292892456055,-0.8842569589614868,-0.36704450845718384,0.10905695706605911,-0.002397623611614108,0.0005515352822840214,-0.10921560972929001,0.0018955946434289217,0.0004479497147258371,0.11148852109909058,0.4159679412841797,-0.01835980825126171,-0.1307527869939804,0.39689645171165466,0.0030372138135135174,0.146013081073761,0.7739692330360413,0.07662934809923172,-0.1094517707824707,0.7584385871887207,0.09661370515823364
95,-0.003669935977086425,-0.6120578646659851,-0.30845072865486145,0.13544535636901855,-0.49736976623535156,-0.1413288116455078,0.20534728467464447,-0.692413330078125,-0.21900323033332825,-0.1551089584827423,-0.4849567711353302,-0.15075255930423737,-0.2760492265224457,-0.6442260146141052,-0.26526549458503723,0.24752235412597656,-0.9158113598823547,-0.3004995882511139,-0.2815369963645935,-0.8812366127967834,-0.38153892755508423,0.10900048911571503,-0.002409654203802347,0.0007243611034937203,-0.10916518419981003,0.0019061154453083873,0.0002756624307949096,0.11783437430858612,0.41606366634368896,-0.018729116767644882,-0.13019488751888275,0.396867036819458,0.0030396643560379744,0.1529824137687683,0.7734084129333496,0.07357898354530334,-0.10829414427280426,0.7584236860275269,0.09620939195156097
96,-0.0010459460318088531,-0.6143771409988403,-0.26187971234321594,0.138773113489151,-0.4999086260795593,-0.10249185562133789,0.21073830127716064,-0.6929540038108826,-0.17400303483009338,-0.15379087626934052,-0.48625245690345764,-0.10807778686285019,-0.27597761154174805,-0.6445968747138977,-0.22469665110111237,0.2517634928226471,-0.9160221219062805,-0.24428443610668182,-0.2780400514602661,-0.8818289637565613,-0.34366846084594727,0.10895111411809921,-0.002420410979539156,0.0013852338306605816,-0.1091105118393898,0.001915492583066225,-0.0003793239302467555,0.125077486038208,0.41556018590927124,-0.018108928576111794,-0.1301480233669281,0.39343661069869995,-0.002792185638099909,0.15277914702892303,0.7698227167129517,0.07383770495653152,-0.10822317004203796,0.7549964785575867,0.09107986837625504
97,-0.0009834732627496123,-0.6201825141906738,-0.26121899485588074,0.13875257968902588,-0.5006963610649109,-0.10389064252376556,0.2113977074623108,-0.6935781836509705,-0.17532344162464142,-0.15357287228107452,-0.48861631751060486,-0.10312061756849289,-0.27626052498817444,-0.6459648609161377,-0.2116760015487671,0.2542368769645691,-0.9168880581855774,-0.2469266802072525,-0.2780153751373291,-0.8821929097175598,-0.32662105560302734,0.10893987864255905,-0.0024345088750123978,0.0009578884346410632,-0.10909845679998398,0.001929324003867805,5.4209758673096076e-05,0.12955106794834137,0.4142230153083801,-0.019372882321476936,-0.13182128965854645,0.3931053578853607,-0.0028155683539807796,0.15508151054382324,0.7678041458129883,0.07115139067173004,-0.10852114856243134,0.7550248503684998,0.08852890878915787
98,-0.0009844130836427212,-0.6201983690261841,-0.2623593211174011,0.13838323950767517,-0.5014445781707764,-0.10461901873350143,0.2114528864622116,-0.6935354471206665,-0.17426200211048126,-0.1536051630973816,-0.4890908896923065,-0.10211183875799179,-0.2795822024345398,-0.6460283398628235,-0.2091907262802124,0.2547948956489563,-0.9158024787902832,-0.24530373513698578,-0.2801334857940674,-0.8821622133255005,-0.32464972138404846,0.10887199640274048,-0.0024562336038798094,0.0007552271126769483,-0.109023317694664,0.0019503015791997313,0.00026359938783571124,0.13016349077224731,0.4125484228134155,-0.02183728851377964,-0.13191816210746765,0.39302724599838257,-0.002913939068093896,0.15591014921665192,0.7667243480682373,0.06628091633319855,-0.10846680402755737,0.7550565600395203,0.08652867376804352
99,-0.0007391023682430387,-0.6206722855567932,-0.263340562582016,0.13864867389202118,-0.49938949942588806,-0.10533387213945389,0.21248863637447357,-0.6890820860862732,-0.17506346106529236,-0.15313853323459625,-0.48819699883461,-0.10339432954788208,-0.27818629145622253,-0.6427723169326782,-0.21053294837474823,0.26105740666389465,-0.9125059843063354,-0.24821974337100983,-0.279931902885437,-0.8776991367340088,-0.33444464206695557,0.10885900259017944,-0.002555298851802945,0.0010139092337340117,-0.10900770872831345,0.002045080764219165,1.1660097698040772e-05,0.13455809652805328,0.4116005003452301,-0.022415360435843468,-0.13125884532928467,0.39246469736099243,-0.004089030437171459,0.1558661162853241,0.7667365074157715,0.06531193852424622,-0.10669314861297607,0.7544136643409729,0.08597525209188461
100,-0.0002579979773145169,-0.6206803321838379,-0.2647404968738556,0.13829076290130615,-0.49898308515548706,-0.10578017681837082,0.2126358598470688,-0.6892119646072388,-0.17598526179790497,-0.15329498052597046,-0.48774367570877075,-0.10606077313423157,-0.2781592309474945,-0.6423965096473694,-0.21474608778953552,0.26494768261909485,-0.9155262112617493,-0.2508513927459717,-0.28078851103782654,-0.8777897357940674,-0.33779558539390564,0.10884708166122437,-0.0027779596857726574,0.0016785028856247663,-0.10899453610181808,0.0022700040135532618,-0.0006514918641187251,0.13734376430511475,0.4099259078502655,-0.02311624214053154,-0.13234029710292816,0.39114144444465637,-0.009648032486438751,0.1559911072254181,0.7666325569152832,0.0640047937631607,-0.10638962686061859,0.7523464560508728,0.0835825651884079
101,-0.000259124964941293,-0.6211344599723816,-0.2557246685028076,0.13817137479782104,-0.5003964304924011,-0.09699518978595734,0.21475724875926971,-0.6904951333999634,-0.16846126317977905,-0.15329305827617645,-0.4884378910064697,-0.09781911224126816,-0.27833428978919983,-0.6434774994850159,-0.20942096412181854,0.2720259726047516,-0.9163191914558411,-0.24461783468723297,-0.2811110019683838,-0.880652129650116,-0.3297986686229706,0.10880626738071442,-0.0028795450925827026,0.0017969893524423242,-0.10894941538572311,0.0023765109945088625,-0.0007674259832128882,0.13998232781887054,0.40712109208106995,-0.026219410821795464,-0.1324356496334076,0.3897661864757538,-0.015154254622757435,0.15865908563137054,0.7662097811698914,0.05946100875735283,-0.10363026708364487,0.7511533498764038,0.07682318240404129
102,-0.0014343287330120802,-0.6195994019508362,-0.2581138610839844,0.13476474583148956,-0.501766562461853,-0.09777876734733582,0.2145959436893463,-0.6939642429351807,-0.16967526078224182,-0.15568116307258606,-0.48837190866470337,-0.10177858918905258,-0.28193917870521545,-0.6424093842506409,-0.21143905818462372,0.2715036869049072,-0.922051191329956,-0.24535469710826874,-0.290924996137619,-0.8806548118591309,-0.33038392663002014,0.10877812653779984,-0.0030739884823560715,0.0024342783726751804,-0.10892286896705627,0.0025788946077227592,-0.001416872488334775,0.14012786746025085,0.4064771831035614,-0.02647915482521057,-0.13438263535499573,0.389344722032547,-0.01986173540353775,0.15830060839653015,0.7662839889526367,0.05872747674584389,-0.10526087135076523,0.7512372136116028,0.07011829316616058
103,-0.0017726798541843891,-0.6197528839111328,-0.25841739773750305,0.13475081324577332,-0.5022106170654297,-0.09746400266885757,0.21459819376468658,-0.6935916543006897,-0.16971902549266815,-0.1557655930519104,-0.4883463382720947,-0.10225464403629303,-0.2801809012889862,-0.6422352194786072,-0.21373942494392395,0.27312570810317993,-0.9217740893363953,-0.24625657498836517,-0.29059848189353943,-0.8807594776153564,-0.33082115650177,0.10874547064304352,-0.003299943869933486,0.0033046850003302097,-0.10888991504907608,0.002814109902828932,-0.0022900367621332407,0.14216560125350952,0.40399110317230225,-0.026451876387000084,-0.13119696080684662,0.388139933347702,-0.020945720374584198,0.16219988465309143,0.7642912268638611,0.05928860977292061,-0.10159624367952347,0.7480177879333496,0.07072731107473373
104,-0.0017612919909879565,-0.6225091218948364,-0.25850242376327515,0.13484759628772736,-0.5042660236358643,-0.09780511260032654,0.21571673452854156,-0.70294588804245,-0.16523434221744537,-0.15556734800338745,-0.4912923276424408,-0.101834736764431,-0.28047889471054077,-0.6506119966506958,-0.2079717218875885,0.2735399901866913,-0.9352036714553833,-0.23406173288822174,-0.2904652953147888,-0.8889933228492737,-0.3187408447265625,0.10869289189577103,-0.003349133301526308,0.0031778686679899693,-0.1088406890630722,0.00286414404399693,-0.002168735023587942,0.1438278704881668,0.40129104256629944,-0.026449598371982574,-0.1314975619316101,0.38638195395469666,-0.02066769264638424,0.1624523252248764,0.7549730539321899,0.06838861107826233,-0.10085010528564453,0.7434841394424438,0.07688423991203308
105,-0.0013724718010053039,-0.6222119331359863,-0.25755545496940613,0.13492591679096222,-0.5065287351608276,-0.09746403247117996,0.21836313605308533,-0.7051893472671509,-0.16617517173290253,-0.1555386483669281,-0.49239668250083923,-0.10173773765563965,-0.2819399833679199,-0.6560755372047424,-0.20338074862957,0.2761596143245697,-0.9349409937858582,-0.24168314039707184,-0.2926441431045532,-0.898478090763092,-0.3024773597717285,0.10855463147163391,-0.003393319435417652,0.003129828255623579,-0.10870802402496338,0.0029191712383180857,-0.002123630605638027,0.14888940751552582,0.3959555923938751,-0.0364142581820488,-0.1347358226776123,0.3853631317615509,-0.02853294089436531,0.1724328249692917,0.7517956495285034,0.06322980672121048,-0.10147207975387573,0.742317259311676,0.07068227976560593
106,-0.0011167002376168966,-0.6188698410987854,-0.2716779112815857,0.1346232146024704,-0.5062153935432434,-0.10778544843196869,0.22213618457317352,-0.7051687240600586,-0.17582130432128906,-0.15574537217617035,-0.49199867248535156,-0.11824693530797958,-0.2837032675743103,-0.6527643799781799,-0.22386805713176727,0.2807367146015167,-0.9343513250350952,-0.2528612017631531,-0.29407912492752075,-0.8947545886039734,-0.32672691345214844,0.10840903222560883,-0.003425410483032465,0.003174765734001994,-0.10857322067022324,0.002954525640234351,-0.0021695499308407307,0.1484188735485077,0.39312466979026794,-0.04436993971467018,-0.13504213094711304,0.3847934603691101,-0.031112832948565483,0.17245766520500183,0.7493340373039246,0.054954081773757935,-0.10318019986152649,0.7413697838783264,0.06428076326847076
107,-0.002930744318291545,-0.6186007261276245,-0.2715296149253845,0.13376614451408386,-0.5059763193130493,-0.10776139795780182,0.2221110612154007,-0.7048646807670593,-0.17836177349090576,-0.15631674230098724,-0.4919736683368683,-0.1178160160779953,-0.28406965732574463,-0.6532365083694458,-0.22331181168556213,0.28058189153671265,-0.9339935779571533,-0.26103663444519043,-0.29513058066368103,-0.8952822089195251,-0.324425607919693,0.10835348069667816,-0.0036328244023025036,0.0033849983010441065,-0.10852590203285217,0.0031635595951229334,-0.0023821918293833733,0.15258117020130157,0.391836017370224,-0.04046104475855827,-0.13502489030361176,0.3843948245048523,-0.03144919499754906,0.17574794590473175,0.7453964352607727,0.06931446492671967,-0.102595753967762,0.7406617403030396,0.06902345269918442
108,-0.0018257369520142674,-0.6186655163764954,-0.26938411593437195,0.1343967765569687,-0.5056988596916199,-0.10576523095369339,0.22405102849006653,-0.7047111988067627,-0.1791314035654068,-0.15605197846889496,-0.4919351041316986,-0.11776012182235718,-0.28399214148521423,-0.6534407138824463,-0.22321631014347076,0.28477901220321655,-0.9336957931518555,-0.2642953395843506,-0.2959058880805969,-0.8950111269950867,-0.32267266511917114,0.10824280232191086,-0.003669341094791889,0.005949162412434816,-0.10841722786426544,0.003201382467523217,-0.004939615726470947,0.16746297478675842,0.3868081569671631,-0.04242794215679169,-0.1347581148147583,0.3819725513458252,-0.04278663918375969,0.178982675075531,0.7387677431106567,0.06847680360078812,-0.10182349383831024,0.7371111512184143,0.06192437931895256
109,-0.0017919406527653337,-0.618779182434082,-0.2663683593273163,0.13570187985897064,-0.5066354274749756,-0.1054125502705574,0.2240310162305832,-0.7045971751213074,-0.1869335174560547,-0.15560559928417206,-0.49217867851257324,-0.11749300360679626,-0.2833368480205536,-0.6542338728904724,-0.22335632145404816,0.2849619686603546,-0.933097243309021,-0.2797873020172119,-0.2999679148197174,-0.8948560953140259,-0.3229123055934906,0.10822466015815735,-0.00365325715392828,0.00719904201105237,-0.10839639604091644,0.0031964625231921673,-0.006188723724335432,0.17418594658374786,0.383828341960907,-0.04195220395922661,-0.1350010484457016,0.37951675057411194,-0.04337038844823837,0.18365365266799927,0.7322612404823303,0.07726957648992538,-0.10130159556865692,0.7306067943572998,0.06553278118371964
110,0.002217883011326194,-0.6206393241882324,-0.25835978984832764,0.13982391357421875,-0.507806658744812,-0.10050665587186813,0.23116391897201538,-0.707714319229126,-0.1830122172832489,-0.15306231379508972,-0.49310383200645447,-0.11577669531106949,-0.2786386013031006,-0.6570174694061279,-0.22316747903823853,0.2929001450538635,-0.9353986978530884,-0.27269330620765686,-0.29991576075553894,-0.8964790105819702,-0.3211861550807953,0.10820548236370087,-0.0036613030824810266,0.00813637301325798,-0.10837570577859879,0.0032121650874614716,-0.007123718038201332,0.17909596860408783,0.37668755650520325,-0.057159990072250366,-0.13602831959724426,0.3756619691848755,-0.05717916041612625,0.18433471024036407,0.7245913147926331,0.06953995674848557,-0.0993945375084877,0.7243103384971619,0.056844357401132584
111,0.004754296969622374,-0.6204359531402588,-0.25961270928382874,0.14045989513397217,-0.5079048871994019,-0.10121499747037888,0.23338854312896729,-0.7148030400276184,-0.18619515001773834,-0.15307694673538208,-0.4924947917461395,-0.11890500038862228,-0.27938491106033325,-0.6572498679161072,-0.2287674844264984,0.2935585379600525,-0.9448196887969971,-0.27684059739112854,-0.30728957056999207,-0.8970412015914917,-0.326337605714798,0.10819371789693832,-0.0036484224256128073,0.008684561587870121,-0.10836128145456314,0.0032106912694871426,-0.007681929040700197,0.1787910908460617,0.3754632771015167,-0.05852298066020012,-0.13738685846328735,0.3735421895980835,-0.06000686436891556,0.18394073843955994,0.7245064377784729,0.0686875432729721,-0.09776381403207779,0.7201759815216064,0.05737112835049629
112,0.0048418366350233555,-0.6209642887115479,-0.2723644971847534,0.1409473419189453,-0.5108538866043091,-0.11246619373559952,0.2349754422903061,-0.725580632686615,-0.1901748776435852,-0.15298829972743988,-0.49318256974220276,-0.13412994146347046,-0.2794552445411682,-0.6606007814407349,-0.24357831478118896,0.29332464933395386,-0.9580786824226379,-0.2754686772823334,-0.3071484863758087,-0.9006238579750061,-0.3372112512588501,0.1081712394952774,-0.0036428726743906736,0.00956685096025467,-0.10834085196256638,0.00321321003139019,-0.00858065951615572,0.1778368353843689,0.37541553378105164,-0.04804278910160065,-0.13445837795734406,0.3725214898586273,-0.05960908532142639,0.18441921472549438,0.7233003377914429,0.08355690538883209,-0.0979568287730217,0.7148275375366211,0.06610788404941559
113,0.004901804029941559,-0.6208116412162781,-0.2820674180984497,0.14196576178073883,-0.510835587978363,-0.11824067682027817,0.24448348581790924,-0.7242899537086487,-0.1919485181570053,-0.15311682224273682,-0.4935774803161621,-0.1449849158525467,-0.27945268154144287,-0.6616269946098328,-0.25597405433654785,0.3017222583293915,-0.9562281370162964,-0.27283021807670593,-0.3065723180770874,-0.9010555744171143,-0.34649598598480225,0.10808829963207245,-0.0034618335776031017,0.010843569412827492,-0.10825813561677933,0.0030638533644378185,-0.009884992614388466,0.1796821653842926,0.3713676929473877,-0.049222659319639206,-0.12863615155220032,0.36810511350631714,-0.06025717034935951,0.19154274463653564,0.7202282547950745,0.08003238588571548,-0.09727464616298676,0.7052687406539917,0.0636395514011383
114,0.00482701463624835,-0.6238610744476318,-0.28430745005607605,0.14252807199954987,-0.5101144909858704,-0.12397344410419464,0.24798624217510223,-0.7259734869003296,-0.19675584137439728,-0.15277130901813507,-0.49384328722953796,-0.147291898727417,-0.27939295768737793,-0.6615421772003174,-0.25879138708114624,0.3059367835521698,-0.9596282839775085,-0.2725953161716461,-0.3062278628349304,-0.899739682674408,-0.35048070549964905,0.10780669003725052,-0.0033021739218384027,0.011267644353210926,-0.10797722637653351,0.002928811823949218,-0.010307146236300468,0.1820090264081955,0.3661520183086395,-0.05364884063601494,-0.12322690337896347,0.3656632602214813,-0.05944200977683067,0.1948133260011673,0.7184480428695679,0.06955382227897644,-0.09295622259378433,0.7030283808708191,0.06207478418946266
115,0.0037661718670278788,-0.6234076619148254,-0.3012659549713135,0.14167356491088867,-0.507970929145813,-0.13940373063087463,0.24733339250087738,-0.7247470021247864,-0.2153707593679428,-0.15379668772220612,-0.49288976192474365,-0.1658090054988861,-0.27761852741241455,-0.6589751243591309,-0.28118249773979187,0.30797305703163147,-0.9583653807640076,-0.2861175239086151,-0.30616500973701477,-0.8988853096961975,-0.37558412551879883,0.10777925699949265,-0.0032943219412118196,0.012094240635633469,-0.1079494059085846,0.0029279058799147606,-0.011133880354464054,0.18130411207675934,0.364676833152771,-0.06747256219387054,-0.12342584133148193,0.3639918565750122,-0.06872843205928802,0.196227565407753,0.7139731049537659,0.06189261004328728,-0.0929962694644928,0.7010583281517029,0.052709709852933884
116,0.0026419146452099085,-0.6261926293373108,-0.29001274704933167,0.14219915866851807,-0.5079968571662903,-0.13478019833564758,0.24857676029205322,-0.7270596027374268,-0.20932860672473907,-0.15379594266414642,-0.4932211935520172,-0.15450336039066315,-0.2802467346191406,-0.6626356244087219,-0.25098666548728943,0.30783185362815857,-0.963333249092102,-0.27225616574287415,-0.31017008423805237,-0.9038041234016418,-0.32364970445632935,0.10772015899419785,-0.0030889506451785564,0.012030286714434624,-0.10789600014686584,0.002752489410340786,-0.011077111586928368,0.18110379576683044,0.3586006164550781,-0.08668341487646103,-0.12388564646244049,0.35669177770614624,-0.08324480801820755,0.19666928052902222,0.7094912528991699,0.040495190769433975,-0.09048570692539215,0.6928523182868958,0.03681310638785362
117,-0.00014211928646545857,-0.6266303062438965,-0.2868122458457947,0.14194266498088837,-0.5102120637893677,-0.13422627747058868,0.24845382571220398,-0.731972873210907,-0.20783257484436035,-0.1542581468820572,-0.49417150020599365,-0.15133805572986603,-0.2806150019168854,-0.6646886467933655,-0.2439931184053421,0.3076232373714447,-0.9676205515861511,-0.26733797788619995,-0.314642071723938,-0.9065613746643066,-0.31943586468696594,0.10766609013080597,-0.002903243061155081,0.011705812998116016,-0.10784344375133514,0.0025920283515006304,-0.010763837024569511,0.1774584800004959,0.3588896095752716,-0.09004704654216766,-0.12890374660491943,0.3525492250919342,-0.0843212679028511,0.1953260600566864,0.7075536847114563,0.04298338666558266,-0.09038770198822021,0.6865297555923462,0.038911618292331696
118,-0.0007651928463019431,-0.6276076436042786,-0.28575658798217773,0.14186017215251923,-0.5105950832366943,-0.1328500658273697,0.24832765758037567,-0.733022928237915,-0.20677641034126282,-0.1544751226902008,-0.4958657920360565,-0.15037082135677338,-0.281363844871521,-0.6677125692367554,-0.23561406135559082,0.30723682045936584,-0.9710828065872192,-0.26736924052238464,-0.31722134351730347,-0.9100200533866882,-0.30435648560523987,0.10763773322105408,-0.002778965048491955,0.011374160647392273,-0.10781610757112503,0.0024835187941789627,-0.010430081747472286,0.17741957306861877,0.35808444023132324,-0.0919506773352623,-0.13271503150463104,0.34713470935821533,-0.09753843396902084,0.19592174887657166,0.7027915120124817,0.04242295026779175,-0.09130840748548508,0.6796250939369202,0.031704261898994446
119,0.00010412933625048026,-0.6274505853652954,-0.28562256693840027,0.14400248229503632,-0.5086271166801453,-0.1319042295217514,0.2529238760471344,-0.7323225140571594,-0.20613203942775726,-0.1533547043800354,-0.495660662651062,-0.14951923489570618,-0.2814760208129883,-0.6676538586616516,-0.23319730162620544,0.31408944725990295,-0.9706102013587952,-0.2656616270542145,-0.31863296031951904,-0.9098172187805176,-0.30200517177581787,0.10763514786958694,-0.002408090513199568,0.011248450726270676,-0.1078212559223175,0.002131607150658965,-0.01029768493026495,0.17773817479610443,0.35689571499824524,-0.09416323155164719,-0.1333266794681549,0.34144327044487,-0.10791685432195663,0.19637168943881989,0.7004631161689758,0.040332864969968796,-0.0910131186246872,0.6740628480911255,0.023871034383773804
120,-0.001698705949820578,-0.6360318064689636,-0.2606959939002991,0.1441202163696289,-0.5146389007568359,-0.11206047981977463,0.25300195813179016,-0.7368322610855103,-0.17418020963668823,-0.1538035124540329,-0.4996988773345947,-0.12307204306125641,-0.28669795393943787,-0.6786855459213257,-0.1969650238752365,0.3159216642379761,-0.9747517704963684,-0.22534538805484772,-0.32598018646240234,-0.9221218228340149,-0.25795048475265503,0.10812843590974808,-0.002384698949754238,0.011167114600539207,-0.10828541964292526,0.0021177155431360006,-0.010204402729868889,0.18464432656764984,0.33457303047180176,-0.15193212032318115,-0.13962958753108978,0.33433985710144043,-0.10796168446540833,0.19484752416610718,0.674343466758728,0.0005044765421189368,-0.09730019420385361,0.6597715616226196,0.025355610996484756
121,-0.0026538523379713297,-0.6322137713432312,-0.27475813031196594,0.14522336423397064,-0.5122478008270264,-0.1229805201292038,0.2533658444881439,-0.7348036766052246,-0.1899750977754593,-0.15309254825115204,-0.49717193841934204,-0.1369301825761795,-0.2866320013999939,-0.6744056344032288,-0.2086976170539856,0.31793180108070374,-0.9741767644882202,-0.23917734622955322,-0.32566624879837036,-0.9178113341331482,-0.269798219203949,0.10915398597717285,-0.0022635208442807198,0.011187459342181683,-0.10933876782655716,0.0020067605655640364,-0.010217922739684582,0.19321706891059875,0.32888656854629517,-0.16781753301620483,-0.15338243544101715,0.32369160652160645,-0.14973124861717224,0.19183728098869324,0.6637591123580933,-0.006295002996921539,-0.10671376436948776,0.6453830003738403,-0.006836137734353542
122,-0.00036676041781902313,-0.6321425437927246,-0.2776443064212799,0.14907382428646088,-0.5107302665710449,-0.12387563288211823,0.2575992941856384,-0.7343646287918091,-0.18991315364837646,-0.15022675693035126,-0.4965486228466034,-0.140349343419075,-0.28486981987953186,-0.674200713634491,-0.21171380579471588,0.3290150463581085,-0.973766565322876,-0.2393348515033722,-0.3253592252731323,-0.9178674221038818,-0.2746920883655548,0.10991601645946503,-0.001955748535692692,0.011190906167030334,-0.11011546850204468,0.0017086577136069536,-0.010216036811470985,0.1978374719619751,0.32475847005844116,-0.17042236030101776,-0.15639664232730865,0.31517738103866577,-0.15766441822052002,0.19285230338573456,0.6591598391532898,-0.012299807742238045,-0.10989737510681152,0.6376851797103882,-0.017547935247421265
123,0.00017421982192900032,-0.632087767124176,-0.2756851017475128,0.15017417073249817,-0.5119205117225647,-0.12075015157461166,0.2587851881980896,-0.736192524433136,-0.18323495984077454,-0.1501229852437973,-0.4965217113494873,-0.1400526762008667,-0.285404771566391,-0.6748157739639282,-0.21352578699588776,0.32879719138145447,-0.9740718603134155,-0.23182520270347595,-0.32609421014785767,-0.9181089997291565,-0.2741378843784332,0.11046405136585236,-0.0015237311599776149,0.01144805084913969,-0.1106564849615097,0.0012885193573310971,-0.010450098663568497,0.19762635231018066,0.3245193064212799,-0.166226327419281,-0.15660101175308228,0.3070044219493866,-0.17072774469852448,0.1953183263540268,0.6515507102012634,-0.00798968318849802,-0.10940933972597122,0.6296854019165039,-0.025514498353004456
124,5.5753720516804606e-05,-0.6310380101203918,-0.27576944231987,0.15037383139133453,-0.5119413733482361,-0.12070583552122116,0.2599201202392578,-0.7376667857170105,-0.18359194695949554,-0.15070773661136627,-0.49602261185646057,-0.14016175270080566,-0.285674512386322,-0.6744826436042786,-0.21466970443725586,0.32944685220718384,-0.9768733382225037,-0.23297898471355438,-0.32598555088043213,-0.917934238910675,-0.2737012207508087,0.11148955672979355,-0.0012404333101585507,0.011475995182991028,-0.11168087273836136,0.0010079167550429702,-0.010469243861734867,0.19719940423965454,0.31895196437835693,-0.19218555092811584,-0.1616704910993576,0.28620484471321106,-0.20130126178264618,0.19399069249629974,0.637140691280365,-0.036519404500722885,-0.11120691895484924,0.6152738928794861,-0.0639234110713005
125,0.000548164127394557,-0.632653534412384,-0.27406761050224304,0.15062803030014038,-0.511842668056488,-0.11857780814170837,0.2598833441734314,-0.7386728525161743,-0.1792329102754593,-0.15116596221923828,-0.4964454770088196,-0.13856075704097748,-0.2860008776187897,-0.6816126108169556,-0.21192313730716705,0.32909759879112244,-0.9785053730010986,-0.22519263625144958,-0.32683703303337097,-0.9284216165542603,-0.26375818252563477,0.1122894212603569,-0.001088840188458562,0.011451154947280884,-0.11247745156288147,0.0008555967942811549,-0.010438076220452785,0.1974238008260727,0.3013205826282501,-0.2320682853460312,-0.16487786173820496,0.2611634135246277,-0.2220459133386612,0.19085708260536194,0.6085035800933838,-0.07264350354671478,-0.11002059280872345,0.5897546410560608,-0.09105534851551056
126,0.003568949643522501,-0.6317239999771118,-0.2766764461994171,0.1525810956954956,-0.5092757940292358,-0.11877480894327164,0.2607693076133728,-0.7376605868339539,-0.1794029027223587,-0.15047049522399902,-0.49495232105255127,-0.14119313657283783,-0.28528690338134766,-0.6817235350608826,-0.21368518471717834,0.33147409558296204,-0.9777065515518188,-0.22514723241329193,-0.327174574136734,-0.93001389503479,-0.2651488780975342,0.11309747397899628,-0.0008143142913468182,0.011555064469575882,-0.11328228563070297,0.0005777478800155222,-0.010534808970987797,0.20016947388648987,0.28948771953582764,-0.24973629415035248,-0.16475415229797363,0.24838575720787048,-0.2384442389011383,0.1910502314567566,0.5926771759986877,-0.088724784553051,-0.10645714402198792,0.5778819918632507,-0.1072273775935173
127,0.0036119678989052773,-0.6362758874893188,-0.27747610211372375,0.1533149778842926,-0.5062662959098816,-0.12204039096832275,0.26294004917144775,-0.7377599477767944,-0.1836625039577484,-0.15090800821781158,-0.4952472448348999,-0.1412481814622879,-0.2843792736530304,-0.6911371350288391,-0.21361280977725983,0.33434978127479553,-0.9804662466049194,-0.22572481632232666,-0.32694727182388306,-0.9377842545509338,-0.26131752133369446,0.11388517916202545,-0.0006355323130264878,0.0115573825314641,-0.11406771093606949,0.00039298040792346,-0.010532137006521225,0.20189888775348663,0.26960647106170654,-0.2712500989437103,-0.1647413671016693,0.22782233357429504,-0.24420198798179626,0.19116482138633728,0.5663049221038818,-0.1110147088766098,-0.1026807650923729,0.5526029467582703,-0.12132000923156738
128,0.0030692473519593477,-0.6384171843528748,-0.27081620693206787,0.15329979360103607,-0.5051679611206055,-0.11695021390914917,0.26161929965019226,-0.7360451817512512,-0.1814788430929184,-0.15178759396076202,-0.49546751379966736,-0.13452023267745972,-0.2831425368785858,-0.6951931118965149,-0.20563045144081116,0.33710619807243347,-0.9803341627120972,-0.22403943538665771,-0.3281177878379822,-0.945706307888031,-0.2486024796962738,0.11485050618648529,-2.8381731681292877e-05,0.011539630591869354,-0.11500278115272522,-0.000229106008191593,-0.010502228513360023,0.1989767700433731,0.2557395398616791,-0.2870740592479706,-0.17070524394512177,0.19641315937042236,-0.2680980861186981,0.1896296888589859,0.5497605800628662,-0.1375495195388794,-0.1018252968788147,0.5237709879875183,-0.15261226892471313
129,0.0007923883968032897,-0.6354800462722778,-0.2755770981311798,0.1488303393125534,-0.49944058060646057,-0.11982474476099014,0.25404930114746094,-0.7296693921089172,-0.18242768943309784,-0.1573280394077301,-0.4894523024559021,-0.14492809772491455,-0.288038432598114,-0.683448314666748,-0.2197713553905487,0.33397454023361206,-0.9785722494125366,-0.22440192103385925,-0.3377862572669983,-0.9364227652549744,-0.2633473575115204,0.11555121093988419,0.0007921778596937656,0.011644507758319378,-0.11572535336017609,-0.0010655965888872743,-0.010589314624667168,0.1901697814464569,0.23826396465301514,-0.30103814601898193,-0.1879175752401352,0.17199474573135376,-0.29168981313705444,0.17412082850933075,0.5384357571601868,-0.15626102685928345,-0.10386338084936142,0.509242057800293,-0.17581984400749207
130,0.0003227687266189605,-0.6338418126106262,-0.27759695053100586,0.14832991361618042,-0.4970012307167053,-0.12010160833597183,0.24990729987621307,-0.7283028960227966,-0.18657830357551575,-0.1576329469680786,-0.4871894419193268,-0.14712320268154144,-0.2893400192260742,-0.6800320148468018,-0.22518950700759888,0.33041658997535706,-0.9784929156303406,-0.23809179663658142,-0.3376307189464569,-0.9320297241210938,-0.2747002840042114,0.11591757833957672,0.0012816684320569038,0.011623276397585869,-0.11609847098588943,-0.0015563579509034753,-0.01055376511067152,0.18591946363449097,0.23323312401771545,-0.308098167181015,-0.18936143815517426,0.15743803977966309,-0.301226943731308,0.17376403510570526,0.5291473865509033,-0.1714569479227066,-0.10391610860824585,0.5032538771629333,-0.18910688161849976
131,-0.00555197661742568,-0.6323049068450928,-0.2768319249153137,0.14461910724639893,-0.4969925582408905,-0.1192270964384079,0.24535565078258514,-0.7272264957427979,-0.1864982396364212,-0.16212263703346252,-0.48660916090011597,-0.14511285722255707,-0.29316455125808716,-0.6773419380187988,-0.22338008880615234,0.32327261567115784,-0.976922869682312,-0.237986221909523,-0.33910465240478516,-0.9302254319190979,-0.2743357717990875,0.11634505540132523,0.001820316887460649,0.01127326674759388,-0.11651618033647537,-0.002097624121233821,-0.010159526020288467,0.16873790323734283,0.2302900105714798,-0.31892871856689453,-0.1935233473777771,0.14475765824317932,-0.30497899651527405,0.16921739280223846,0.5171871185302734,-0.18755565583705902,-0.1130666583776474,0.4898713231086731,-0.2019616961479187
132,-0.015404640696942806,-0.6259281039237976,-0.2782631516456604,0.14306943118572235,-0.49434274435043335,-0.1228579580783844,0.23638422787189484,-0.7157979607582092,-0.20041073858737946,-0.16247916221618652,-0.4830249547958374,-0.14228825271129608,-0.29263707995414734,-0.6660922169685364,-0.2176423817873001,0.3211731016635895,-0.9695489406585693,-0.2533622980117798,-0.33898332715034485,-0.9176480770111084,-0.27370044589042664,0.11689269542694092,0.0018818893004208803,0.010526501573622227,-0.11702371388673782,-0.002156938426196575,-0.009326187893748283,0.16513587534427643,0.20820404589176178,-0.34381169080734253,-0.19308306276798248,0.12717631459236145,-0.3161594271659851,0.15855558216571808,0.49693143367767334,-0.2075008600950241,-0.11359903961420059,0.4783596992492676,-0.21378953754901886
133,-0.016265932470560074,-0.6250171065330505,-0.27869775891304016,0.1431208848953247,-0.4937811493873596,-0.12390121072530746,0.2366458773612976,-0.7152491807937622,-0.2034081518650055,-0.1624055802822113,-0.4797555208206177,-0.1410258412361145,-0.2925013303756714,-0.6578613519668579,-0.2170001119375229,0.32128655910491943,-0.9691962003707886,-0.25657323002815247,-0.34023958444595337,-0.9119725823402405,-0.2735383212566376,0.11751924455165863,0.0022151460871100426,0.010104493238031864,-0.11761131882667542,-0.0024928527418524027,-0.008852078579366207,0.16325260698795319,0.2057090550661087,-0.35232850909233093,-0.19367437064647675,0.10656324774026871,-0.3328063488006592,0.1533677726984024,0.48136574029922485,-0.20894755423069,-0.11342936009168625,0.45763686299324036,-0.2219637781381607
134,-0.0158366896212101,-0.6238571405410767,-0.27880433201789856,0.14351244270801544,-0.4929637908935547,-0.12451613694429398,0.23652759194374084,-0.7131141424179077,-0.20620347559452057,-0.16235271096229553,-0.47946274280548096,-0.13990096747875214,-0.29239776730537415,-0.6587610244750977,-0.21621058881282806,0.3218783438205719,-0.9664226770401001,-0.26071175932884216,-0.3406814932823181,-0.9126248359680176,-0.27341386675834656,0.11811847984790802,0.002468848368152976,0.009914850816130638,-0.1181797906756401,-0.0027544598560780287,-0.008624795824289322,0.16388903558254242,0.19187091290950775,-0.35834795236587524,-0.19471730291843414,0.08747292309999466,-0.33847662806510925,0.1547843962907791,0.45991477370262146,-0.21145138144493103,-0.1167033314704895,0.43554946780204773,-0.2254253625869751
135,-0.011009308509528637,-0.6238241791725159,-0.273281067609787,0.1446465104818344,-0.4927300214767456,-0.11945369094610214,0.23918597400188446,-0.7134362459182739,-0.2001970112323761,-0.16250412166118622,-0.47956186532974243,-0.1363111138343811,-0.2930201292037964,-0.6594377160072327,-0.2142905592918396,0.3238185942173004,-0.9664304852485657,-0.25505331158638,-0.339760959148407,-0.9125952124595642,-0.2709147334098816,0.11851904541254044,0.002857844578102231,0.01003019604831934,-0.11856622993946075,-0.0031422958709299564,-0.008717463351786137,0.17092390358448029,0.17939862608909607,-0.35702452063560486,-0.19446459412574768,0.07635609060525894,-0.34565138816833496,0.15556132793426514,0.4489678740501404,-0.21457000076770782,-0.11663307249546051,0.4225938320159912,-0.23309962451457977
136,-0.007119218818843365,-0.6161680221557617,-0.27354198694229126,0.14545057713985443,-0.4917449355125427,-0.11923396587371826,0.24097226560115814,-0.7136437892913818,-0.19996295869350433,-0.1624327152967453,-0.4769212305545807,-0.13703738152980804,-0.293531596660614,-0.6526457071304321,-0.21574348211288452,0.3248753547668457,-0.9681105613708496,-0.25473636388778687,-0.33895954489707947,-0.9073699712753296,-0.27178606390953064,0.1187581792473793,0.003122834488749504,0.0102279307320714,-0.11878718435764313,-0.0033998964354395866,-0.008896268904209137,0.17553140223026276,0.17813681066036224,-0.3588205873966217,-0.1963745802640915,0.07972057163715363,-0.34860026836395264,0.1561286598443985,0.45119398832321167,-0.21711896359920502,-0.11752671003341675,0.4243628680706024,-0.2333238273859024
137,-0.0068885283544659615,-0.6174260973930359,-0.259635329246521,0.14634969830513,-0.493935227394104,-0.11010278016328812,0.24087347090244293,-0.7139632105827332,-0.1937950700521469,-0.16228584945201874,-0.47808489203453064,-0.12130548804998398,-0.2911067605018616,-0.6531510353088379,-0.20472809672355652,0.3238471746444702,-0.9681428074836731,-0.2511592507362366,-0.33707407116889954,-0.907622218132019,-0.2675471007823944,0.11882516741752625,0.003191443160176277,0.010002289898693562,-0.1188497468829155,-0.0034670729655772448,-0.008655152283608913,0.17772182822227478,0.1479509025812149,-0.3574920892715454,-0.1986910104751587,0.0716174840927124,-0.34659191966056824,0.16308872401714325,0.4347056746482849,-0.2209475338459015,-0.11700689792633057,0.413228303194046,-0.23194724321365356
138,-0.0062630013562738895,-0.6176643371582031,-0.26212334632873535,0.14812339842319489,-0.4941462576389313,-0.11062770336866379,0.24161170423030853,-0.7164287567138672,-0.19376851618289948,-0.16188576817512512,-0.4781079888343811,-0.12594608962535858,-0.293427050113678,-0.6533941626548767,-0.2077426165342331,0.32431384921073914,-0.9706496000289917,-0.25107476115226746,-0.339721143245697,-0.9080623388290405,-0.26894399523735046,0.11919499188661575,0.0035281626041978598,0.010190452449023724,-0.11921302229166031,-0.0038100893143564463,-0.008823438547551632,0.19598250091075897,0.15510623157024384,-0.3558681607246399,-0.19872018694877625,0.06389167904853821,-0.34777167439460754,0.16515851020812988,0.42802295088768005,-0.21779340505599976,-0.11682336032390594,0.4068002998828888,-0.2317405790090561
139,-0.006124486681073904,-0.6203128099441528,-0.2584466338157654,0.14834941923618317,-0.49523285031318665,-0.10755305737257004,0.24286840856075287,-0.7214968800544739,-0.1846114844083786,-0.16189517080783844,-0.47866663336753845,-0.12519524991512299,-0.29687345027923584,-0.6615818738937378,-0.2047448754310608,0.32457220554351807,-0.9725032448768616,-0.2396715134382248,-0.3438361585140228,-0.9141111373901367,-0.26403480768203735,0.11931897699832916,0.003732229582965374,0.010327916592359543,-0.11933775991201401,-0.004017232917249203,-0.008948523551225662,0.20134980976581573,0.1470218300819397,-0.3490607440471649,-0.1989104449748993,0.06023697555065155,-0.34719735383987427,0.17064425349235535,0.42038440704345703,-0.2132692188024521,-0.1167278066277504,0.3993200361728668,-0.23110686242580414
140,-0.00275063537992537,-0.6203983426094055,-0.25902220606803894,0.14983728528022766,-0.4947790801525116,-0.10795317590236664,0.24432533979415894,-0.7195130586624146,-0.1848347932100296,-0.1614491194486618,-0.47924816608428955,-0.12785544991493225,-0.2964724004268646,-0.6617327332496643,-0.20643077790737152,0.3280583322048187,-0.9718356728553772,-0.24007980525493622,-0.34352239966392517,-0.914225697517395,-0.2681029438972473,0.11938903480768204,0.003805780317634344,0.01075376570224762,-0.11940836906433105,-0.004090346395969391,-0.00935860350728035,0.20736154913902283,0.14596439898014069,-0.33742812275886536,-0.19541320204734802,0.0634055957198143,-0.3456250727176666,0.182819202542305,0.42328524589538574,-0.20517799258232117,-0.11416561901569366,0.40086883306503296,-0.22780285775661469
141,0.003186476184055209,-0.6229996681213379,-0.2570670247077942,0.1555805802345276,-0.4940323233604431,-0.10595729947090149,0.25545457005500793,-0.7187069058418274,-0.18255387246608734,-0.15885034203529358,-0.47929880023002625,-0.12153137475252151,-0.29387402534484863,-0.6624419093132019,-0.19980038702487946,0.3419381082057953,-0.9712424874305725,-0.23836109042167664,-0.33528074622154236,-0.917963981628418,-0.2613700330257416,0.11955138295888901,0.0038583639543503523,0.01084373239427805,-0.11955742537975311,-0.004144976381212473,-0.009440982714295387,0.21632152795791626,0.1281675547361374,-0.3366941809654236,-0.1917562484741211,0.057890888303518295,-0.3451838791370392,0.19209906458854675,0.4093513488769531,-0.2071976661682129,-0.10639886558055878,0.39093226194381714,-0.23078501224517822
142,0.0030195864383131266,-0.6234430074691772,-0.2489028126001358,0.16109979152679443,-0.4939526915550232,-0.10361039638519287,0.26035135984420776,-0.7143334746360779,-0.1807945817708969,-0.15602712333202362,-0.47934189438819885,-0.11088129132986069,-0.28702667355537415,-0.6606109142303467,-0.1846783459186554,0.3431541323661804,-0.9693500995635986,-0.23715843260288239,-0.3268876373767853,-0.9177579283714294,-0.24777422845363617,0.11989770084619522,0.0039058150723576546,0.010863534174859524,-0.11987948417663574,-0.004193199798464775,-0.009458138607442379,0.2196308821439743,0.11149927973747253,-0.33696433901786804,-0.18390047550201416,0.048285868018865585,-0.34481239318847656,0.19054991006851196,0.3959321081638336,-0.21285207569599152,-0.10448421537876129,0.3708539307117462,-0.2320585995912552
143,0.002916752826422453,-0.6236757636070251,-0.2431274652481079,0.1608879566192627,-0.4940966069698334,-0.09820777922868729,0.2600705921649933,-0.7139186859130859,-0.17221768200397491,-0.15607959032058716,-0.47949662804603577,-0.10620559751987457,-0.28921666741371155,-0.6606220602989197,-0.18187226355075836,0.34287503361701965,-0.9687852263450623,-0.229712575674057,-0.3289809823036194,-0.9180444478988647,-0.24831761419773102,0.11997243016958237,0.003946507815271616,0.010896082036197186,-0.11994729191064835,-0.004234472755342722,-0.009485678747296333,0.23387515544891357,0.08936158567667007,-0.3318801522254944,-0.18422484397888184,0.03288653865456581,-0.34333914518356323,0.19438163936138153,0.3743201792240143,-0.2169112116098404,-0.10455039143562317,0.3575006127357483,-0.23776565492153168
144,0.005372045561671257,-0.6240720152854919,-0.2388743758201599,0.1622748076915741,-0.4940303862094879,-0.0941990464925766,0.2611692547798157,-0.7140532732009888,-0.16612985730171204,-0.15489958226680756,-0.4796457588672638,-0.10139115899801254,-0.28736424446105957,-0.6606454849243164,-0.17573709785938263,0.34679919481277466,-0.9740764498710632,-0.21446296572685242,-0.32910585403442383,-0.9197978973388672,-0.23850682377815247,0.12006034702062607,0.004075359553098679,0.011086532846093178,-0.12002500146627426,-0.004358984995633364,-0.00965424906462431,0.23270390927791595,0.06745104491710663,-0.33208492398262024,-0.1696816086769104,0.015252767130732536,-0.3416140079498291,0.18943512439727783,0.35449349880218506,-0.2245488166809082,-0.1046428307890892,0.3351456820964813,-0.2451360672712326
145,0.007631273940205574,-0.624171257019043,-0.23850087821483612,0.16315577924251556,-0.493989497423172,-0.09429138153791428,0.2608833312988281,-0.7137365937232971,-0.16550911962985992,-0.15191763639450073,-0.48089325428009033,-0.10198960453271866,-0.2854224145412445,-0.6613660454750061,-0.17533479630947113,0.34869953989982605,-0.9742404818534851,-0.21242089569568634,-0.3288814425468445,-0.9199455380439758,-0.2368917167186737,0.12009727209806442,0.004121473990380764,0.011352822184562683,-0.1200614795088768,-0.004403908737003803,-0.009914027526974678,0.23614168167114258,0.04528556019067764,-0.3245418965816498,-0.15603233873844147,0.0021279992070049047,-0.3345131278038025,0.18943968415260315,0.33194079995155334,-0.22129322588443756,-0.09438221901655197,0.31253087520599365,-0.2438303828239441
146,0.007499019615352154,-0.6240235567092896,-0.23830905556678772,0.16232500970363617,-0.49314749240875244,-0.09383534640073776,0.26105189323425293,-0.7137145400047302,-0.16405387222766876,-0.15185154974460602,-0.481738418340683,-0.10258430242538452,-0.2827841341495514,-0.6619184613227844,-0.1760551482439041,0.34837982058525085,-0.9741607308387756,-0.21140366792678833,-0.3270622491836548,-0.9196796417236328,-0.2373702973127365,0.11985482275485992,0.004158605355769396,0.011729951947927475,-0.1198372095823288,-0.004441382363438606,-0.010300975292921066,0.23739688098430634,0.03941705450415611,-0.3186042308807373,-0.15177872776985168,0.007626969367265701,-0.31918981671333313,0.18924033641815186,0.32615911960601807,-0.21895597875118256,-0.09095370024442673,0.3104180097579956,-0.23205463588237762
147,0.0054847681894898415,-0.6242056488990784,-0.2374899685382843,0.16078737378120422,-0.49318787455558777,-0.09397188574075699,0.2589539885520935,-0.713650643825531,-0.16428114473819733,-0.15190894901752472,-0.48238614201545715,-0.10215253382921219,-0.28263112902641296,-0.6618666052818298,-0.1743350625038147,0.34781843423843384,-0.9745977520942688,-0.21326030790805817,-0.3273821473121643,-0.9196531176567078,-0.237629234790802,0.11970780789852142,0.0038919185753911734,0.011759530752897263,-0.11969948559999466,-0.0041807410307228565,-0.010329057462513447,0.236441507935524,0.022207625210285187,-0.3157508671283722,-0.1533813774585724,0.0073423609137535095,-0.30585193634033203,0.1818319708108902,0.3163125514984131,-0.21781672537326813,-0.09431105107069016,0.3050265312194824,-0.22255079448223114
148,0.0023374799638986588,-0.6242886185646057,-0.23623129725456238,0.1583024561405182,-0.49287959933280945,-0.0940646380186081,0.25313904881477356,-0.7098510265350342,-0.16775943338871002,-0.15393850207328796,-0.4821907877922058,-0.10121863335371017,-0.283341646194458,-0.6579726934432983,-0.1746322065591812,0.34308838844299316,-0.9716665744781494,-0.221506729722023,-0.32940080761909485,-0.9163997173309326,-0.24254009127616882,0.1196579784154892,0.0037406207993626595,0.01162270549684763,-0.11965402960777283,-0.00403235899284482,-0.01019736286252737,0.2318749874830246,0.0069898320361971855,-0.31623440980911255,-0.15454445779323578,-0.007104136515408754,-0.3081020414829254,0.17623384296894073,0.30317309498786926,-0.21937896311283112,-0.09383402019739151,0.2920985221862793,-0.22509488463401794
149,-0.0011323061771690845,-0.6245334148406982,-0.23660214245319366,0.1544351726770401,-0.4917546212673187,-0.09440837800502777,0.24904467165470123,-0.7081209421157837,-0.16932815313339233,-0.1561248004436493,-0.48232489824295044,-0.10254915058612823,-0.2896316945552826,-0.660686731338501,-0.17928121984004974,0.3413691222667694,-0.9692196846008301,-0.22906552255153656,-0.33648160099983215,-0.9169360399246216,-0.25357574224472046,0.11946454644203186,0.0031480409670621157,0.011558318510651588,-0.11948121339082718,-0.003460085950791836,-0.01014111191034317,0.23377348482608795,0.015047254040837288,-0.30506160855293274,-0.17318417131900787,0.0062043131329119205,-0.3045595586299896,0.19050033390522003,0.310416042804718,-0.21079590916633606,-0.0996473953127861,0.3017297089099884,-0.2220827043056488
150,-0.005193252582103014,-0.6245079040527344,-0.23716606199741364,0.149949312210083,-0.49107611179351807,-0.09449875354766846,0.24373355507850647,-0.7081454992294312,-0.17018923163414001,-0.159465491771698,-0.4822863042354584,-0.1052568256855011,-0.29572170972824097,-0.6612464785575867,-0.18776355683803558,0.33738037943840027,-0.9691479802131653,-0.23336726427078247,-0.34778547286987305,-0.9169623851776123,-0.269748330116272,0.1193050667643547,0.002939313417300582,0.0115119107067585,-0.11933989822864532,-0.0032597468234598637,-0.010097261518239975,0.23345179855823517,0.017108000814914703,-0.2968725562095642,-0.1846708208322525,0.006566471885889769,-0.2972792387008667,0.19005978107452393,0.3141610026359558,-0.20748542249202728,-0.11850643157958984,0.3081684410572052,-0.220041424036026
151,-0.00986963789910078,-0.6278371214866638,-0.23792764544487,0.1497270166873932,-0.492596834897995,-0.0959416925907135,0.243831604719162,-0.7182682752609253,-0.17281946539878845,-0.1615937352180481,-0.4824208915233612,-0.10534776747226715,-0.302040159702301,-0.66572105884552,-0.18758665025234222,0.3369804918766022,-0.9828060865402222,-0.23548859357833862,-0.35413506627082825,-0.9209370613098145,-0.2677832841873169,0.11928562819957733,0.002660140860825777,0.01103372871875763,-0.11932366341352463,-0.002986231120303273,-0.009617047384381294,0.22963987290859222,0.016004091128706932,-0.2998843789100647,-0.1886654645204544,0.0012634414015337825,-0.29783257842063904,0.18249444663524628,0.30750715732574463,-0.2076186090707779,-0.12125755846500397,0.30539101362228394,-0.21708205342292786
152,-0.010685746558010578,-0.6285618543624878,-0.2384129762649536,0.1475382149219513,-0.49280503392219543,-0.09665093570947647,0.24094177782535553,-0.719041109085083,-0.17278628051280975,-0.1651018261909485,-0.48274508118629456,-0.10595100373029709,-0.3093222677707672,-0.6693480014801025,-0.1874581128358841,0.33494478464126587,-0.9823530316352844,-0.2339554876089096,-0.36287230253219604,-0.9231432676315308,-0.26682621240615845,0.11921300739049911,0.002464106772094965,0.010960644111037254,-0.11925609409809113,-0.0027978920843452215,-0.009543810039758682,0.22590970993041992,0.0015345283318310976,-0.3017329275608063,-0.19234931468963623,-0.003781689563766122,-0.29825809597969055,0.18239107728004456,0.3000119924545288,-0.20771701633930206,-0.1207999438047409,0.2990896999835968,-0.21639122068881989
153,-0.00992464367300272,-0.627958357334137,-0.23215781152248383,0.14957281947135925,-0.4934895932674408,-0.08991025388240814,0.24109145998954773,-0.71771639585495,-0.16109737753868103,-0.16481630504131317,-0.48276254534721375,-0.0994861051440239,-0.305904358625412,-0.6617622375488281,-0.17775236070156097,0.3331497013568878,-0.9818984270095825,-0.21359655261039734,-0.3621888756752014,-0.9163641929626465,-0.25287044048309326,0.11931277066469193,0.0023234838154166937,0.01082454901188612,-0.11936338245868683,-0.002660950878635049,-0.009404230862855911,0.21279530227184296,-0.02056955359876156,-0.31453651189804077,-0.18615753948688507,-0.010729634203016758,-0.2975267171859741,0.18133026361465454,0.2803540527820587,-0.2222098410129547,-0.12020771950483322,0.28537046909332275,-0.21815116703510284
154,-0.009808629751205444,-0.6270840764045715,-0.23883560299873352,0.1494179219007492,-0.49342092871665955,-0.09337762743234634,0.2423900067806244,-0.7175731062889099,-0.1628168523311615,-0.16528397798538208,-0.48319196701049805,-0.10705193132162094,-0.31035315990448,-0.6674256324768066,-0.1779654324054718,0.3367063105106354,-0.981089174747467,-0.2170182764530182,-0.36699533462524414,-0.9190695285797119,-0.25075817108154297,0.11925110220909119,0.002204241929575801,0.010694046504795551,-0.11931018531322479,-0.0025421124882996082,-0.009274194948375225,0.21829457581043243,-0.009034031070768833,-0.31522947549819946,-0.19206799566745758,0.00600459286943078,-0.29190945625305176,0.1869155317544937,0.3030771315097809,-0.22121387720108032,-0.12032340466976166,0.2977789342403412,-0.20313385128974915
155,-0.0023466169368475676,-0.6237727999687195,-0.2388489842414856,0.15012767910957336,-0.49272194504737854,-0.09258799999952316,0.243864044547081,-0.7138319611549377,-0.15892618894577026,-0.16498984396457672,-0.4814208149909973,-0.10973038524389267,-0.31011146306991577,-0.6545677781105042,-0.1882995069026947,0.33677175641059875,-0.9756988883018494,-0.20953717827796936,-0.3657095730304718,-0.90964674949646,-0.2604118287563324,0.11931420117616653,0.002187900710850954,0.011119987815618515,-0.11938656121492386,-0.0025263302959501743,-0.009710725396871567,0.21323001384735107,-0.02024742215871811,-0.31777122616767883,-0.17393344640731812,-0.008033530786633492,-0.29728442430496216,0.18729247152805328,0.2852177321910858,-0.22078268229961395,-0.1151677593588829,0.28292566537857056,-0.21148204803466797
156,-0.00042220932664349675,-0.6215606927871704,-0.23863720893859863,0.15006111562252045,-0.4921233057975769,-0.09270863234996796,0.24408824741840363,-0.7119428515434265,-0.15925422310829163,-0.16475772857666016,-0.4800277650356293,-0.11008935421705246,-0.30416029691696167,-0.6503067016601562,-0.18766362965106964,0.33801043033599854,-0.9749730229377747,-0.21075068414211273,-0.3609757125377655,-0.9081915020942688,-0.254618763923645,0.11939221620559692,0.002201276598498225,0.011622421443462372,-0.11946285516023636,-0.002537333406507969,-0.010199319571256638,0.2071605920791626,-0.032780908048152924,-0.326232373714447,-0.15751564502716064,-0.028711432591080666,-0.30332472920417786,0.1749560385942459,0.2692441940307617,-0.22251003980636597,-0.11393806338310242,0.2544191777706146,-0.21173088252544403
157,-8.027980948099867e-05,-0.6173333525657654,-0.23957467079162598,0.1516733020544052,-0.48834869265556335,-0.0926051065325737,0.24831970036029816,-0.7003557085990906,-0.159760519862175,-0.16222119331359863,-0.4799271821975708,-0.11029776930809021,-0.30264878273010254,-0.6509928703308105,-0.18806110322475433,0.34512510895729065,-0.9588058590888977,-0.21239763498306274,-0.360370934009552,-0.9084222316741943,-0.2593759298324585,0.11915097385644913,0.0022619080264121294,0.011662827804684639,-0.11923997849225998,-0.002597179962322116,-0.010244938544929028,0.2179425060749054,-0.02842254564166069,-0.31312131881713867,-0.158591166138649,-0.02675331011414528,-0.28930288553237915,0.18979708850383759,0.2724131643772125,-0.2151033878326416,-0.10582301765680313,0.2597845196723938,-0.20070402324199677
158,-0.0028142270166426897,-0.6134213209152222,-0.2545093297958374,0.15095774829387665,-0.4852611720561981,-0.10972282290458679,0.24944694340229034,-0.6988630294799805,-0.1929788887500763,-0.16377991437911987,-0.47901052236557007,-0.12257397174835205,-0.30734753608703613,-0.651336669921875,-0.20154644548892975,0.3452906608581543,-0.9587224721908569,-0.2646901309490204,-0.3618590235710144,-0.9092313647270203,-0.28377488255500793,0.11910650879144669,0.002084131818264723,0.01153688132762909,-0.11919902265071869,-0.0024214910808950663,-0.010132253170013428,0.21816490590572357,-0.026348784565925598,-0.3163197636604309,-0.16881325840950012,-0.017287321388721466,-0.2899916470050812,0.18948788940906525,0.28818121552467346,-0.21514686942100525,-0.10601162165403366,0.2826743721961975,-0.20072366297245026
159,-0.008523966185748577,-0.6155516505241394,-0.253589004278183,0.149644672870636,-0.48555731773376465,-0.10955093801021576,0.24838419258594513,-0.6987732648849487,-0.19045870006084442,-0.1672317534685135,-0.4782983958721161,-0.12183877825737,-0.31184685230255127,-0.649093747138977,-0.20035867393016815,0.33669373393058777,-0.9582696557044983,-0.25639837980270386,-0.36555808782577515,-0.9090589880943298,-0.28043222427368164,0.11919788271188736,0.0016730747884139419,0.011164950206875801,-0.11929717659950256,-0.0020146488677710295,-0.00975948479026556,0.2025415003299713,-0.033937688916921616,-0.3269488215446472,-0.16986016929149628,-0.0285751111805439,-0.29647189378738403,0.1788773238658905,0.2647036612033844,-0.21543475985527039,-0.10723599046468735,0.2619189918041229,-0.20258212089538574
160,-0.008440779522061348,-0.616142213344574,-0.2406039834022522,0.14987140893936157,-0.48760807514190674,-0.0972895473241806,0.24802181124687195,-0.6989188194274902,-0.1772640496492386,-0.16764099895954132,-0.4782874584197998,-0.10875199735164642,-0.3116004765033722,-0.6455434560775757,-0.1944897621870041,0.3349403440952301,-0.9585275650024414,-0.24060964584350586,-0.36442381143569946,-0.9058392643928528,-0.2742595076560974,0.11930124461650848,0.0016910296399146318,0.01115734875202179,-0.11940508335828781,-0.0020304671488702297,-0.009751208126544952,0.20301556587219238,-0.04166591912508011,-0.32676610350608826,-0.1671583503484726,-0.044582076370716095,-0.29667729139328003,0.17901039123535156,0.24567441642284393,-0.21618014574050903,-0.10743946582078934,0.23927649855613708,-0.20331746339797974
161,-0.0026781223714351654,-0.6160517334938049,-0.23696710169315338,0.15291652083396912,-0.48724302649497986,-0.09338851273059845,0.252089262008667,-0.696021556854248,-0.17119409143924713,-0.16465917229652405,-0.4782850742340088,-0.10357783734798431,-0.3085990250110626,-0.64577317237854,-0.18712258338928223,0.3422639071941376,-0.9525567889213562,-0.2345769852399826,-0.35600998997688293,-0.9060598611831665,-0.26480942964553833,0.11909158527851105,0.0018092493992298841,0.011162464506924152,-0.11919999122619629,-0.002148970263078809,-0.00975417997688055,0.21322888135910034,-0.050596073269844055,-0.3095536530017853,-0.16331779956817627,-0.059230707585811615,-0.2949378490447998,0.1825999915599823,0.24205352365970612,-0.20972543954849243,-0.09614335000514984,0.2301943302154541,-0.20408271253108978
162,-0.0006779159884899855,-0.6123391389846802,-0.23716069757938385,0.15316839516162872,-0.48713418841362,-0.09243571013212204,0.2526427209377289,-0.6961244940757751,-0.16624316573143005,-0.16394086182117462,-0.4778974652290344,-0.10401955991983414,-0.3085188567638397,-0.6459339261054993,-0.18760152161121368,0.3455095589160919,-0.9523780941963196,-0.2262503206729889,-0.3554980754852295,-0.907975435256958,-0.2647532820701599,0.11875349283218384,0.002171027008444071,0.011598757468163967,-0.11886144429445267,-0.002507853787392378,-0.010206565260887146,0.23061472177505493,-0.05493544414639473,-0.2910560369491577,-0.15182988345623016,-0.06792116910219193,-0.29336971044540405,0.18416495621204376,0.23736491799354553,-0.1955607831478119,-0.09656037390232086,0.22063294053077698,-0.20398715138435364
163,-0.0015168852405622602,-0.6098154783248901,-0.24367964267730713,0.15150928497314453,-0.48655858635902405,-0.09586842358112335,0.25074854493141174,-0.6963011026382446,-0.16812406480312347,-0.1646948754787445,-0.4766291379928589,-0.11124540120363235,-0.31097468733787537,-0.6462582349777222,-0.1957111954689026,0.3449355959892273,-0.9526357054710388,-0.22788958251476288,-0.35784101486206055,-0.9086031913757324,-0.2715250253677368,0.1182960495352745,0.002291951095685363,0.01163014117628336,-0.1184128001332283,-0.0026295040734112263,-0.010242902673780918,0.23326121270656586,-0.05463799461722374,-0.2846301198005676,-0.152375727891922,-0.07262759655714035,-0.29325070977211,0.18295592069625854,0.23994600772857666,-0.18525469303131104,-0.09611088782548904,0.2245180457830429,-0.20413999259471893
164,-0.0015976234572008252,-0.603614091873169,-0.2491576224565506,0.1497902274131775,-0.48585841059684753,-0.09713420271873474,0.2504015862941742,-0.6954793334007263,-0.17001625895500183,-0.16774772107601166,-0.4749586582183838,-0.11700917035341263,-0.3172397017478943,-0.6461092233657837,-0.20440158247947693,0.34386146068573,-0.9490246772766113,-0.232036754488945,-0.357880562543869,-0.908574640750885,-0.278611421585083,0.11810832470655441,0.002283473964780569,0.012186769396066666,-0.11823122948408127,-0.0026187694165855646,-0.010813993401825428,0.2362886667251587,-0.056004203855991364,-0.2770389914512634,-0.1511572301387787,-0.08057115226984024,-0.2950289845466614,0.18639805912971497,0.23838388919830322,-0.17663298547267914,-0.09425897896289825,0.2230941206216812,-0.2054133415222168
165,-0.0013605650747194886,-0.5945197939872742,-0.24933290481567383,0.1506509929895401,-0.48281431198120117,-0.09658760577440262,0.25149935483932495,-0.6918307542800903,-0.1700054556131363,-0.16699087619781494,-0.4743933379650116,-0.11704041063785553,-0.3131610155105591,-0.6446903347969055,-0.2040710300207138,0.3453304171562195,-0.9469931721687317,-0.23204851150512695,-0.3544486463069916,-0.906216025352478,-0.2780928909778595,0.11803315579891205,0.002370323520153761,0.012191296555101871,-0.11816121637821198,-0.0027017584070563316,-0.01081699039787054,0.23560336232185364,-0.05537792667746544,-0.2799094617366791,-0.15475890040397644,-0.07565104216337204,-0.28624051809310913,0.19116465747356415,0.240112766623497,-0.18419192731380463,-0.0944163128733635,0.23312422633171082,-0.20484042167663574
166,-0.0022406079806387424,-0.5964101552963257,-0.24900659918785095,0.1492735743522644,-0.48343324661254883,-0.09627478569746017,0.2505892515182495,-0.6919612288475037,-0.16913928091526031,-0.1679821014404297,-0.4743761122226715,-0.11680858582258224,-0.313892126083374,-0.6447483897209167,-0.2036028504371643,0.344448983669281,-0.9470077157020569,-0.2315375953912735,-0.3572399616241455,-0.906692385673523,-0.2777196764945984,0.11776667833328247,0.002373447408899665,0.012297325767576694,-0.11789801716804504,-0.0027043367736041546,-0.010927216149866581,0.2352074235677719,-0.05494716763496399,-0.2775472402572632,-0.14992040395736694,-0.07428914308547974,-0.28662431240081787,0.19053155183792114,0.24080964922904968,-0.17931869626045227,-0.09119874238967896,0.23144933581352234,-0.2038090080022812
167,-0.002010785276070237,-0.5956296324729919,-0.25038671493530273,0.1493217498064041,-0.48283013701438904,-0.09658679366111755,0.25097012519836426,-0.6919499635696411,-0.16951455175876617,-0.167945995926857,-0.47347989678382874,-0.1177954226732254,-0.31383123993873596,-0.6440802812576294,-0.20330286026000977,0.34446874260902405,-0.9471164345741272,-0.2316838651895523,-0.35476794838905334,-0.9063653349876404,-0.2774328589439392,0.1175975427031517,0.002399681368842721,0.01248963363468647,-0.11773063987493515,-0.002729280386120081,-0.011125299148261547,0.23762407898902893,-0.05626087635755539,-0.2767612934112549,-0.14891818165779114,-0.07758104801177979,-0.287166029214859,0.1922631561756134,0.23766355216503143,-0.17894940078258514,-0.09035012871026993,0.22715045511722565,-0.20384596288204193
168,0.00297783431597054,-0.5982851386070251,-0.23440605401992798,0.14962103962898254,-0.48340505361557007,-0.08224264532327652,0.25083720684051514,-0.6954867243766785,-0.15268459916114807,-0.16545191407203674,-0.47355544567108154,-0.10882901400327682,-0.31031250953674316,-0.6419637799263,-0.19606348872184753,0.34439796209335327,-0.9527683258056641,-0.21224386990070343,-0.3523848056793213,-0.9011123776435852,-0.26782962679862976,0.1174711138010025,0.002699216827750206,0.013595434837043285,-0.11760798841714859,-0.0030248865950852633,-0.012231814675033092,0.23421716690063477,-0.07330706715583801,-0.2745438516139984,-0.13949015736579895,-0.08685701340436935,-0.28738701343536377,0.1892036646604538,0.22182059288024902,-0.1793384999036789,-0.09180605411529541,0.20258620381355286,-0.20414668321609497
169,0.002326225396245718,-0.5985404849052429,-0.2468584179878235,0.14920015633106232,-0.4826801121234894,-0.0946466252207756,0.2521294355392456,-0.691058337688446,-0.1663685292005539,-0.1660788506269455,-0.4734964966773987,-0.11521713435649872,-0.3140851855278015,-0.6419085264205933,-0.19953475892543793,0.34708619117736816,-0.9423247575759888,-0.2283041626214981,-0.3573322594165802,-0.9012778401374817,-0.272993266582489,0.11736153811216354,0.002584375673905015,0.013527137227356434,-0.11749807000160217,-0.00291491043753922,-0.012166201137006283,0.23432192206382751,-0.07098031789064407,-0.28001853823661804,-0.14867037534713745,-0.07166241109371185,-0.28751760721206665,0.18608888983726501,0.23348267376422882,-0.17986862361431122,-0.09185614436864853,0.2209513634443283,-0.19972491264343262
170,0.0023394483141601086,-0.5989258289337158,-0.2447095364332199,0.15078583359718323,-0.48267924785614014,-0.09151580929756165,0.2534295916557312,-0.6909748315811157,-0.1625538021326065,-0.1651783138513565,-0.4724698066711426,-0.11437615752220154,-0.3130449652671814,-0.6381360292434692,-0.19940981268882751,0.347362220287323,-0.9427142143249512,-0.2245507389307022,-0.3561374843120575,-0.899347186088562,-0.2714869976043701,0.11731970310211182,0.0026909327134490013,0.014192149043083191,-0.11745791137218475,-0.003017154522240162,-0.012844132259488106,0.2391664981842041,-0.06981393694877625,-0.27345776557922363,-0.1423540860414505,-0.0801805704832077,-0.2899112105369568,0.18743163347244263,0.23121897876262665,-0.17568013072013855,-0.09184970706701279,0.21453073620796204,-0.1998191475868225
171,0.0009157165186479688,-0.5986893773078918,-0.2497132420539856,0.15078797936439514,-0.4811880588531494,-0.0984024628996849,0.2538996636867523,-0.6918495297431946,-0.17244426906108856,-0.1652325689792633,-0.47022294998168945,-0.11641864478588104,-0.31321054697036743,-0.6371992826461792,-0.19949407875537872,0.34743309020996094,-0.9455327987670898,-0.23193641006946564,-0.3596782982349396,-0.8980734348297119,-0.27147600054740906,0.1172959953546524,0.002707818755879998,0.013954468071460724,-0.11743375658988953,-0.0030321094673126936,-0.01260553952306509,0.23864446580410004,-0.06917090713977814,-0.2883857786655426,-0.14566630125045776,-0.07467187196016312,-0.2899753153324127,0.1824769526720047,0.23161140084266663,-0.1992768496274948,-0.09217605739831924,0.2147706300020218,-0.20324507355690002
172,0.002609261544421315,-0.5972821116447449,-0.2497662901878357,0.15238671004772186,-0.4803237318992615,-0.09809134155511856,0.25542891025543213,-0.6882016658782959,-0.17148499190807343,-0.16349947452545166,-0.47014787793159485,-0.11654471606016159,-0.3111400604248047,-0.6348664164543152,-0.19942907989025116,0.35068953037261963,-0.9418861865997314,-0.23141461610794067,-0.35857000946998596,-0.8955851197242737,-0.271359920501709,0.11726564168930054,0.002816271036863327,0.014028082601726055,-0.11740259826183319,-0.0031382485758513212,-0.012681801803410053,0.2452751249074936,-0.06300823390483856,-0.2881835997104645,-0.14568538963794708,-0.06648534536361694,-0.28956669569015503,0.1910213828086853,0.23833341896533966,-0.19791501760482788,-0.09160783141851425,0.22344046831130981,-0.2003038227558136
173,0.002750101964920759,-0.5978997349739075,-0.24967215955257416,0.15253004431724548,-0.4801780581474304,-0.097714364528656,0.25625309348106384,-0.6906713843345642,-0.16875751316547394,-0.16335852444171906,-0.47002506256103516,-0.11654683202505112,-0.31034648418426514,-0.6349148750305176,-0.19930969178676605,0.3517667055130005,-0.9458663463592529,-0.2255917191505432,-0.3586527705192566,-0.8956642746925354,-0.2700895667076111,0.11726782470941544,0.0028327174950391054,0.014029739424586296,-0.1174030601978302,-0.0031542335636913776,-0.012684287503361702,0.24393653869628906,-0.06142549589276314,-0.29409173130989075,-0.14656393229961395,-0.05756184458732605,-0.29122820496559143,0.19063009321689606,0.24298368394374847,-0.20134681463241577,-0.09053456783294678,0.22943250834941864,-0.2029688060283661
174,0.00029320307658053935,-0.5980908870697021,-0.24961744248867035,0.15150421857833862,-0.48013395071029663,-0.09760074317455292,0.2534983456134796,-0.6900978684425354,-0.1692160815000534,-0.1646699160337448,-0.4700113534927368,-0.11628865450620651,-0.31164485216140747,-0.6348512172698975,-0.19926966726779938,0.3497649133205414,-0.9457535743713379,-0.22848717868328094,-0.3624267280101776,-0.8955311179161072,-0.27124160528182983,0.11729252338409424,0.0027898172847926617,0.013941198587417603,-0.11742659658193588,-0.0031117198523133993,-0.012593276798725128,0.2425777018070221,-0.058808401226997375,-0.29483267664909363,-0.15434491634368896,-0.0525856651365757,-0.29230013489723206,0.1906266063451767,0.2471146285533905,-0.2015601247549057,-0.09117840230464935,0.23648346960544586,-0.20443890988826752
175,-0.002604484325274825,-0.5983414053916931,-0.2617264688014984,0.15148575603961945,-0.4793712794780731,-0.11196578294038773,0.25362056493759155,-0.6901436448097229,-0.19597016274929047,-0.16631659865379333,-0.4699483811855316,-0.12418893724679947,-0.3169400990009308,-0.637444257736206,-0.2028340995311737,0.3476549983024597,-0.9471623301506042,-0.2685832679271698,-0.3692684769630432,-0.8957827687263489,-0.2812974452972412,0.11772977560758591,0.002001433866098523,0.013312178663909435,-0.11785998195409775,-0.002335119526833296,-0.011959829367697239,0.22618468105793,-0.03607119247317314,-0.32414960861206055,-0.16333062946796417,-0.021980680525302887,-0.30392593145370483,0.1864142119884491,0.28007209300994873,-0.21483197808265686,-0.09549684077501297,0.28003326058387756,-0.20896902680397034
176,-0.004802909214049578,-0.6041935682296753,-0.26092615723609924,0.1508081555366516,-0.4799429774284363,-0.11138378083705902,0.2506482005119324,-0.693977415561676,-0.19398024678230286,-0.16710563004016876,-0.4699535369873047,-0.12408827245235443,-0.3177037239074707,-0.6399145126342773,-0.20408131182193756,0.34216952323913574,-0.9565689563751221,-0.26325443387031555,-0.37108972668647766,-0.8988119959831238,-0.28160130977630615,0.11781568080186844,0.0018282406963407993,0.013275563716888428,-0.1179475411772728,-0.002155106980353594,-0.011925481259822845,0.22706712782382965,-0.03505614027380943,-0.31910327076911926,-0.16269241273403168,-0.028003176674246788,-0.30707207322120667,0.18803681433200836,0.2745111286640167,-0.21398214995861053,-0.09966131299734116,0.270846962928772,-0.20980004966259003
177,-0.008590027689933777,-0.6134922504425049,-0.25823402404785156,0.1493838131427765,-0.48506683111190796,-0.10995025187730789,0.24935317039489746,-0.7011697292327881,-0.18710224330425262,-0.16919684410095215,-0.47210028767585754,-0.12256813794374466,-0.31955355405807495,-0.6464630365371704,-0.2019565999507904,0.33866050839424133,-0.9591103196144104,-0.25542762875556946,-0.37569281458854675,-0.9036058783531189,-0.2786385118961334,0.11794053018093109,0.0013169489102438092,0.013173197396099567,-0.11807239800691605,-0.0016496573807671666,-0.011819995008409023,0.22765758633613586,-0.03268468752503395,-0.3167160153388977,-0.16846656799316406,-0.020291538909077644,-0.30792951583862305,0.19459989666938782,0.2802848517894745,-0.21311050653457642,-0.09980959445238113,0.27773556113243103,-0.20974187552928925
178,-0.008532575331628323,-0.6168765425682068,-0.25954654812812805,0.1505724936723709,-0.48732200264930725,-0.11381372064352036,0.25141191482543945,-0.7024411559104919,-0.19164417684078217,-0.16916294395923615,-0.4734976589679718,-0.12286761403083801,-0.3195541203022003,-0.6469945907592773,-0.19859102368354797,0.3376130163669586,-0.9614213109016418,-0.25841498374938965,-0.3772180378437042,-0.903859555721283,-0.27174463868141174,0.11840882897377014,0.0008068472961895168,0.012984110973775387,-0.11852575093507767,-0.0011417560745030642,-0.011616158299148083,0.21191337704658508,-0.026311621069908142,-0.3315572440624237,-0.1679069548845291,-0.019936181604862213,-0.31518152356147766,0.1842917799949646,0.2796739339828491,-0.21367262303829193,-0.10107838362455368,0.27602532505989075,-0.21119491755962372
179,-0.007675838656723499,-0.6212334632873535,-0.255553662776947,0.15085110068321228,-0.48858216404914856,-0.11091510951519012,0.25141698122024536,-0.7033963799476624,-0.18448421359062195,-0.16946688294410706,-0.4753575026988983,-0.12159258127212524,-0.3200899064540863,-0.648806095123291,-0.19551590085029602,0.33746615052223206,-0.963671088218689,-0.2481003999710083,-0.3786633312702179,-0.9043905735015869,-0.2679472863674164,0.11886183172464371,0.0006035979022271931,0.012960921041667461,-0.11896767467260361,-0.0009400748531334102,-0.011592470109462738,0.2100197970867157,-0.02269146218895912,-0.3388041853904724,-0.16765247285366058,-0.009818301536142826,-0.3188647925853729,0.18467292189598083,0.28859707713127136,-0.22607778012752533,-0.10141205787658691,0.2878568172454834,-0.22404588758945465
180,0.009291267022490501,-0.632204532623291,-0.25461843609809875,0.16357728838920593,-0.49332356452941895,-0.1099405288696289,0.2704586386680603,-0.7128300666809082,-0.18371760845184326,-0.15992037951946259,-0.4773222506046295,-0.1225043535232544,-0.3060246706008911,-0.6477794051170349,-0.19858422875404358,0.3502408266067505,-0.9688026905059814,-0.2482309192419052,-0.3671073913574219,-0.8972575068473816,-0.2682889401912689,0.11918458342552185,0.0005897671799175441,0.013519855216145515,-0.11926939338445663,-0.0009233001619577408,-0.012143803760409355,0.22396884858608246,0.013880152255296707,-0.33632856607437134,-0.15986910462379456,0.0012402154970914125,-0.33815720677375793,0.20518136024475098,0.31716829538345337,-0.21885108947753906,-0.08897199481725693,0.3048252463340759,-0.22917723655700684
181,0.008634286932647228,-0.6392691731452942,-0.21358656883239746,0.165262833237648,-0.5033989548683167,-0.07143793255090714,0.2689706087112427,-0.721564531326294,-0.13693803548812866,-0.15887831151485443,-0.4884459674358368,-0.08475273847579956,-0.3050486147403717,-0.6632238626480103,-0.15227879583835602,0.3479219973087311,-0.9803398251533508,-0.19616685807704926,-0.36252614855766296,-0.9127362966537476,-0.21602904796600342,0.11947287619113922,0.0014395250473171473,0.01373677421361208,-0.11953126639127731,-0.0017512267222627997,-0.012353743426501751,0.24103231728076935,0.042739156633615494,-0.3116011619567871,-0.14524918794631958,-0.00023171720386017114,-0.340114563703537,0.2071603536605835,0.3341131806373596,-0.21169288456439972,-0.08138459175825119,0.3131652772426605,-0.24565519392490387
182,0.010181396268308163,-0.6442427039146423,-0.1958244889974594,0.16494248807430267,-0.5050246119499207,-0.05393179878592491,0.2680981159210205,-0.7206470370292664,-0.11797518283128738,-0.15942174196243286,-0.4915480613708496,-0.07031827419996262,-0.30555659532546997,-0.6674997806549072,-0.14391137659549713,0.34760114550590515,-0.9794785380363464,-0.174310103058815,-0.3589475452899933,-0.917420506477356,-0.2091038078069687,0.11974629759788513,0.001986143412068486,0.013828106224536896,-0.11978594958782196,-0.0022937243338674307,-0.012443645857274532,0.24023710191249847,0.07455474138259888,-0.3114751875400543,-0.1432449221611023,0.019158702343702316,-0.3424704372882843,0.20633596181869507,0.35934776067733765,-0.2110186070203781,-0.07602275162935257,0.33723267912864685,-0.2533455789089203
183,0.006438217591494322,-0.6410560011863708,-0.2138780802488327,0.15847119688987732,-0.5044569969177246,-0.0660499557852745,0.26299718022346497,-0.7199828624725342,-0.1354612410068512,-0.16485443711280823,-0.4922492504119873,-0.08808670938014984,-0.30990931391716003,-0.6719794273376465,-0.1567360907793045,0.33505144715309143,-0.9788374900817871,-0.19616016745567322,-0.3602029085159302,-0.9226787090301514,-0.21776169538497925,0.11990543454885483,0.0021236492320895195,0.01373903639614582,-0.11994028091430664,-0.0024249881971627474,-0.012347886338829994,0.22042477130889893,0.1144075021147728,-0.32724234461784363,-0.15275536477565765,0.045977819710969925,-0.3435910642147064,0.18716081976890564,0.385746568441391,-0.21713471412658691,-0.08264526724815369,0.3589651882648468,-0.2512202560901642
184,0.002992738038301468,-0.6400861740112305,-0.2157532423734665,0.1558389812707901,-0.5021147131919861,-0.06856813281774521,0.25733932852745056,-0.7159302830696106,-0.13904106616973877,-0.1688099056482315,-0.48488128185272217,-0.08972030133008957,-0.31653252243995667,-0.6541925072669983,-0.1590816229581833,0.33264753222465515,-0.9754915833473206,-0.195576012134552,-0.3669116497039795,-0.9068841338157654,-0.22281420230865479,0.12052151560783386,0.002267733681946993,0.013285172171890736,-0.12054045498371124,-0.002565380884334445,-0.0118865966796875,0.17725889384746552,0.12329533696174622,-0.35286927223205566,-0.1645141839981079,0.06043624505400658,-0.34558695554733276,0.1605384796857834,0.40746209025382996,-0.2531074285507202,-0.0939367488026619,0.3882655203342438,-0.2675391137599945
185,0.0010524991666898131,-0.6328216195106506,-0.25593841075897217,0.15701889991760254,-0.49520111083984375,-0.10685013234615326,0.2573094666004181,-0.7150963544845581,-0.18934525549411774,-0.16562749445438385,-0.4735800325870514,-0.11467495560646057,-0.3124014735221863,-0.643307626247406,-0.1906079202890396,0.33043307065963745,-0.9727994799613953,-0.24945130944252014,-0.3670882284641266,-0.8956124186515808,-0.2508702278137207,0.12091129273176193,0.0024991801474243402,0.012402980588376522,-0.12090833485126495,-0.0027808246668428183,-0.01099358219653368,0.17009223997592926,0.14245449006557465,-0.37835779786109924,-0.18318013846874237,0.06523400545120239,-0.3600333631038666,0.14720959961414337,0.4231938421726227,-0.2597481608390808,-0.10769017040729523,0.40247631072998047,-0.26911261677742004
186,0.0008762676152400672,-0.6260722875595093,-0.27345800399780273,0.1570272445678711,-0.4888485074043274,-0.12363266944885254,0.2590576708316803,-0.7109849452972412,-0.20192624628543854,-0.16549159586429596,-0.47147607803344727,-0.12938493490219116,-0.3125981390476227,-0.6436470150947571,-0.2010139673948288,0.3303861916065216,-0.9657548666000366,-0.2601762115955353,-0.370095819234848,-0.8963353037834167,-0.2630171477794647,0.12097211182117462,0.0026132550556212664,0.011576256714761257,-0.12096893787384033,-0.002882596105337143,-0.010195589624345303,0.16713665425777435,0.17375653982162476,-0.3761555850505829,-0.18697288632392883,0.0975879430770874,-0.35798776149749756,0.15224485099315643,0.4608736038208008,-0.25609102845191956,-0.11067818105220795,0.45147639513015747,-0.2672450542449951
187,-0.002844330156221986,-0.6262059807777405,-0.2789373993873596,0.15649759769439697,-0.48755544424057007,-0.12819567322731018,0.25906845927238464,-0.7104440927505493,-0.2003788948059082,-0.1652972400188446,-0.46986716985702515,-0.1336604356765747,-0.31072282791137695,-0.6444419622421265,-0.20056979358196259,0.3310233950614929,-0.9647057056427002,-0.25405338406562805,-0.3762390613555908,-0.8971040844917297,-0.26176151633262634,0.12101884931325912,0.0026477468200027943,0.011027561500668526,-0.12101470679044724,-0.0029131874907761812,-0.00967087596654892,0.15986935794353485,0.1924036741256714,-0.3732247054576874,-0.18685314059257507,0.12106722593307495,-0.3507765233516693,0.13953326642513275,0.48973286151885986,-0.2536483705043793,-0.11371340602636337,0.47851935029029846,-0.26100581884384155
188,0.0007516885525546968,-0.6262375116348267,-0.29908841848373413,0.15648068487644196,-0.487385630607605,-0.1413031816482544,0.26346397399902344,-0.7127273082733154,-0.209056556224823,-0.1610456109046936,-0.47042176127433777,-0.16420674324035645,-0.3015062212944031,-0.6512045860290527,-0.2280205488204956,0.3388131558895111,-0.9654088020324707,-0.2612183392047882,-0.37607669830322266,-0.9010956883430481,-0.27631860971450806,0.12080863863229752,0.0026871126610785723,0.011449870653450489,-0.12084092944860458,-0.002943551167845726,-0.010156452655792236,0.1617797166109085,0.2485673874616623,-0.3453294336795807,-0.18619404733181,0.17708508670330048,-0.31570497155189514,0.1447371393442154,0.5369122624397278,-0.19850218296051025,-0.1155954971909523,0.5159412622451782,-0.20123466849327087
189,-6.193195440573618e-05,-0.6323068737983704,-0.2925533056259155,0.14941810071468353,-0.4940912127494812,-0.13986311852931976,0.25789836049079895,-0.7183448076248169,-0.19014529883861542,-0.16344048082828522,-0.4768413305282593,-0.15653207898139954,-0.30650147795677185,-0.6612670421600342,-0.2224046140909195,0.33882009983062744,-0.9660264849662781,-0.23108600080013275,-0.38641223311424255,-0.905447244644165,-0.2699224650859833,0.12027615308761597,0.0027034180238842964,0.011571434326469898,-0.12035515904426575,-0.0029550453182309866,-0.010309095494449139,0.16305844485759735,0.25655364990234375,-0.32316353917121887,-0.18499036133289337,0.18962040543556213,-0.2995159327983856,0.1467706561088562,0.5484826564788818,-0.1843690723180771,-0.11504685133695602,0.5264838933944702,-0.18877623975276947
190,0.0071128960698843,-0.6325366497039795,-0.29375550150871277,0.15788887441158295,-0.49415332078933716,-0.13635751605033875,0.2696952819824219,-0.7223067283630371,-0.19108174741268158,-0.15845078229904175,-0.4776885211467743,-0.15785230696201324,-0.3026178181171417,-0.6686595678329468,-0.2259145975112915,0.3493942320346832,-0.9684011936187744,-0.23169220983982086,-0.3821539282798767,-0.9160869717597961,-0.2698621153831482,0.12018638104200363,0.0027167124208062887,0.011823859065771103,-0.12028228491544724,-0.00296398694626987,-0.010616859421133995,0.17186510562896729,0.26443928480148315,-0.30395984649658203,-0.16208511590957642,0.2065034806728363,-0.2834148108959198,0.16340762376785278,0.5664043426513672,-0.16950353980064392,-0.10425645858049393,0.5459446310997009,-0.17743940651416779
191,0.0069506727159023285,-0.6409482955932617,-0.2817177176475525,0.15509827435016632,-0.5043202042579651,-0.12411240488290787,0.2667141854763031,-0.7298753261566162,-0.16834187507629395,-0.15884628891944885,-0.48527875542640686,-0.14820893108844757,-0.3047517240047455,-0.6731550693511963,-0.2156067192554474,0.34868282079696655,-0.9687891006469727,-0.20456628501415253,-0.3817448616027832,-0.9163718819618225,-0.2610711455345154,0.11948886513710022,0.0024098502472043037,0.011985276825726032,-0.11960664391517639,-0.0026523428969085217,-0.01081071700900793,0.1773165613412857,0.27602797746658325,-0.2720995247364044,-0.1625462919473648,0.236471489071846,-0.2571668326854706,0.1676097959280014,0.5766212940216064,-0.11293450742959976,-0.10110444575548172,0.5633819699287415,-0.1307252049446106
192,0.002009164309129119,-0.6416018605232239,-0.2822774648666382,0.1531447321176529,-0.5052067637443542,-0.12458281219005585,0.2664431035518646,-0.7306897640228271,-0.16999992728233337,-0.15896470844745636,-0.4864910840988159,-0.14777755737304688,-0.3044881522655487,-0.6693450212478638,-0.21584613621234894,0.3484806716442108,-0.9696980714797974,-0.20954379439353943,-0.3808036744594574,-0.9090771675109863,-0.2628321647644043,0.11899182945489883,0.002021078485995531,0.012084201909601688,-0.11912531405687332,-0.0022484459914267063,-0.010916607454419136,0.17850320041179657,0.2895859181880951,-0.265868216753006,-0.16233427822589874,0.25171345472335815,-0.24269534647464752,0.16997140645980835,0.5958142876625061,-0.11213690042495728,-0.10226350277662277,0.5732433795928955,-0.11783614754676819
193,0.00194857781752944,-0.6413859128952026,-0.2922402322292328,0.15288789570331573,-0.504965603351593,-0.13017286360263824,0.26554596424102783,-0.7303260564804077,-0.17132540047168732,-0.1563989371061325,-0.48635992407798767,-0.15812630951404572,-0.29987770318984985,-0.6609242558479309,-0.24744461476802826,0.34823721647262573,-0.9696078896522522,-0.2116650491952896,-0.37079161405563354,-0.8970510363578796,-0.3185877501964569,0.11761577427387238,0.0013702482683584094,0.01234096847474575,-0.11779893934726715,-0.0015869763446971774,-0.011205112561583519,0.1901542842388153,0.30088990926742554,-0.2043338567018509,-0.16256141662597656,0.2843276262283325,-0.18778035044670105,0.1878317892551422,0.6156408190727234,-0.03505345806479454,-0.10237862169742584,0.5977726578712463,-0.04037521407008171
194,-0.00010108042624779046,-0.6443743109703064,-0.2918865382671356,0.15063031017780304,-0.5059719681739807,-0.12965987622737885,0.2649281322956085,-0.7300925850868225,-0.17209236323833466,-0.1573457568883896,-0.4864521026611328,-0.15699361264705658,-0.3061208128929138,-0.6592269539833069,-0.24339836835861206,0.34747034311294556,-0.9673332571983337,-0.21329112350940704,-0.3713420629501343,-0.8946471810340881,-0.3121279180049896,0.11670133471488953,0.0008850920712575316,0.01255050115287304,-0.11688660085201263,-0.0010975156910717487,-0.011426161974668503,0.19098976254463196,0.30664315819740295,-0.20595012605190277,-0.1614176630973816,0.2995849549770355,-0.18497620522975922,0.18672864139080048,0.6351295113563538,-0.04749206081032753,-0.1025206670165062,0.6231635808944702,-0.05089639499783516
195,-0.001145086600445211,-0.6405104994773865,-0.2956102788448334,0.14914079010486603,-0.5058304667472839,-0.1335866004228592,0.2647382318973541,-0.7280409932136536,-0.18796905875205994,-0.15741711854934692,-0.48629501461982727,-0.15951798856258392,-0.30562111735343933,-0.6524488925933838,-0.2563665211200714,0.345481276512146,-0.9643710851669312,-0.24351058900356293,-0.36693841218948364,-0.88846755027771,-0.3419106900691986,0.11488742381334305,0.0005893221823498607,0.012577683664858341,-0.11512971669435501,-0.0007970951846800745,-0.011459275148808956,0.19105851650238037,0.33650198578834534,-0.1265840083360672,-0.1586390733718872,0.32376834750175476,-0.1427002251148224,0.18929283320903778,0.670520007610321,0.029826205223798752,-0.10363306105136871,0.6475671529769897,0.0021539470180869102
196,-0.0012256511254236102,-0.6428359746932983,-0.2835545241832733,0.1486116498708725,-0.5087483525276184,-0.12491951137781143,0.2619245648384094,-0.7289249897003174,-0.1809423863887787,-0.15747670829296112,-0.4899839460849762,-0.146982803940773,-0.30623582005500793,-0.6570042371749878,-0.25073209404945374,0.3423197865486145,-0.9648003578186035,-0.23918260633945465,-0.3649759590625763,-0.8921437859535217,-0.3283986449241638,0.11398891359567642,0.00023679382866248488,0.0126037010923028,-0.11422449350357056,-0.00044282994349487126,-0.011488542892038822,0.19272643327713013,0.34273743629455566,-0.10726258158683777,-0.1559489369392395,0.33322325348854065,-0.12497399002313614,0.19034618139266968,0.6784687042236328,0.052893683314323425,-0.1041826382279396,0.6580629348754883,0.025488074868917465
197,-0.0012401907006278634,-0.6392013430595398,-0.2848387658596039,0.14911015331745148,-0.5084190964698792,-0.1281028389930725,0.26123329997062683,-0.7255403995513916,-0.1899280697107315,-0.15498748421669006,-0.48986509442329407,-0.1470528393983841,-0.300270676612854,-0.6566998958587646,-0.2509159743785858,0.33979496359825134,-0.9593117237091064,-0.24849773943424225,-0.35587114095687866,-0.8922026753425598,-0.3391517996788025,0.11321090906858444,-1.0538342394283973e-05,0.012417640537023544,-0.11344420164823532,-0.0001910293649416417,-0.011324833147227764,0.19271089136600494,0.3408166468143463,-0.11916378885507584,-0.15191993117332458,0.33381789922714233,-0.1181853786110878,0.1917106658220291,0.6797932386398315,0.03183237835764885,-0.10424977540969849,0.6630716323852539,0.01912614330649376
198,-0.002778595080599189,-0.6392205953598022,-0.28474050760269165,0.14704629778862,-0.5083105564117432,-0.12817658483982086,0.2588449716567993,-0.7255697250366211,-0.18997101485729218,-0.1557535082101822,-0.49085789918899536,-0.14560991525650024,-0.302784264087677,-0.6605603098869324,-0.2401885837316513,0.33350029587745667,-0.9603509306907654,-0.2472437620162964,-0.35645025968551636,-0.8939515352249146,-0.324745774269104,0.11238327622413635,-0.00011027604341506958,0.012363560497760773,-0.11259251832962036,-9.653748566051945e-05,-0.011275050230324268,0.19312676787376404,0.3459642827510834,-0.1023482009768486,-0.15110504627227783,0.3370572030544281,-0.11235936731100082,0.1906629204750061,0.6902447938919067,0.03757942467927933,-0.10432273894548416,0.6673913598060608,0.023669281974434853
199,-0.002853924175724387,-0.636713445186615,-0.2862756848335266,0.1464545726776123,-0.5092071890830994,-0.12871238589286804,0.25687673687934875,-0.7249844074249268,-0.1939457207918167,-0.15606017410755157,-0.49138253927230835,-0.14571821689605713,-0.3028470277786255,-0.6584395170211792,-0.24585850536823273,0.3283308446407318,-0.9565132260322571,-0.25748446583747864,-0.35607197880744934,-0.8927692770957947,-0.34279680252075195,0.11180068552494049,-0.0005029846215620637,0.012059882283210754,-0.11200711876153946,0.000299804873066023,-0.010993534699082375,0.1885370910167694,0.35963815450668335,-0.07973288744688034,-0.14725825190544128,0.34595564007759094,-0.08387570083141327,0.19042092561721802,0.6994622349739075,0.06643112003803253,-0.10320298373699188,0.67417973279953,0.05869709700345993
200,-0.006075025070458651,-0.633689820766449,-0.2942783534526825,0.1437726467847824,-0.5044427514076233,-0.14086228609085083,0.2515561878681183,-0.7140913009643555,-0.22227531671524048,-0.15614068508148193,-0.49047020077705383,-0.14914727210998535,-0.29976704716682434,-0.6493368148803711,-0.2657902240753174,0.3228381276130676,-0.9451534748077393,-0.2976375222206116,-0.3533615171909332,-0.8781462907791138,-0.3876217305660248,0.11090907454490662,-0.0006922311731614172,0.011326612904667854,-0.11108673363924026,0.0004914632881991565,-0.010264626704156399,0.18702289462089539,0.3625953197479248,-0.07615361362695694,-0.13636286556720734,0.35223668813705444,-0.06661119312047958,0.1901729851961136,0.7056671380996704,0.0643150582909584,-0.099357470870018,0.682666003704071,0.0694824755191803
201,-0.004372071474790573,-0.6338618397712708,-0.2904275953769684,0.14365948736667633,-0.5057082772254944,-0.1310654580593109,0.25138673186302185,-0.7145946025848389,-0.20572684705257416,-0.15620438754558563,-0.49087610840797424,-0.14593757688999176,-0.29874399304389954,-0.6493688225746155,-0.2635139226913452,0.3210837244987488,-0.9458028674125671,-0.2891179919242859,-0.35109302401542664,-0.8793416023254395,-0.3731194734573364,0.11060193926095963,-0.0011482557747513056,0.011468742974102497,-0.11076588928699493,0.0009317545918747783,-0.010419929400086403,0.18637673556804657,0.36273321509361267,-0.06444035470485687,-0.13511455059051514,0.35561883449554443,-0.06497900187969208,0.18833589553833008,0.7084425687789917,0.0714256539940834,-0.09782147407531738,0.6876319646835327,0.0717761293053627
202,-0.004381745122373104,-0.6303256154060364,-0.2968299388885498,0.14335478842258453,-0.50537109375,-0.1368970274925232,0.25112852454185486,-0.7133269906044006,-0.22170372307300568,-0.156574547290802,-0.4902256429195404,-0.15380901098251343,-0.29599058628082275,-0.6460861563682556,-0.28260567784309387,0.3208189308643341,-0.9420907497406006,-0.3068403899669647,-0.34760817885398865,-0.8760603070259094,-0.40666115283966064,0.11048116534948349,-0.0013321812730282545,0.011898836120963097,-0.11063902825117111,0.0011074962094426155,-0.010860242880880833,0.17727907001972198,0.3690721392631531,-0.053031571209430695,-0.12905363738536835,0.36128678917884827,-0.056839652359485626,0.18570250272750854,0.7151758074760437,0.08254484832286835,-0.0978943258523941,0.6957394480705261,0.07674165070056915
203,-0.005481793079525232,-0.6281231641769409,-0.2952306270599365,0.1399988830089569,-0.5079736709594727,-0.1297086924314499,0.2429921180009842,-0.7135286331176758,-0.20847511291503906,-0.16138088703155518,-0.4899098575115204,-0.15329128503799438,-0.3008442223072052,-0.6455017328262329,-0.27872392535209656,0.3141362965106964,-0.9406594634056091,-0.2982596755027771,-0.34923049807548523,-0.8758296370506287,-0.3973535895347595,0.1103893369436264,-0.0014290431281551719,0.012578044086694717,-0.11054172366857529,0.0011959000257775187,-0.011546566151082516,0.16505329310894012,0.3776761591434479,-0.03514384105801582,-0.12934713065624237,0.3635290265083313,-0.05373534560203552,0.17723824083805084,0.7255287170410156,0.09053202718496323,-0.10186219215393066,0.7001177072525024,0.07671447098255157
204,-0.005347614176571369,-0.6239588260650635,-0.2911522686481476,0.14018170535564423,-0.5079547166824341,-0.12392478436231613,0.24369531869888306,-0.7118268013000488,-0.18955133855342865,-0.16063326597213745,-0.48984280228614807,-0.14190635085105896,-0.30086061358451843,-0.6414859890937805,-0.2542247772216797,0.31318721175193787,-0.9382290840148926,-0.2706342339515686,-0.3464913070201874,-0.8722299337387085,-0.3757178783416748,0.11028105020523071,-0.0018845805898308754,0.012300826609134674,-0.11043711006641388,0.001620669849216938,-0.011264337226748466,0.1663307100534439,0.3777513802051544,-0.03769441694021225,-0.12680743634700775,0.36879223585128784,-0.04498697817325592,0.17730659246444702,0.7294525504112244,0.0859723687171936,-0.10171862691640854,0.7128634452819824,0.07837459444999695
205,-0.007691711187362671,-0.6200127601623535,-0.29253819584846497,0.13785777986049652,-0.5087935924530029,-0.12707287073135376,0.23876722157001495,-0.7117542624473572,-0.20038528740406036,-0.16143430769443512,-0.4905674457550049,-0.14274464547634125,-0.30089524388313293,-0.6431035399436951,-0.25457361340522766,0.3050789535045624,-0.938190758228302,-0.2873823940753937,-0.34690651297569275,-0.8725364208221436,-0.37753382325172424,0.11018509417772293,-0.0020187937188893557,0.01151025015860796,-0.11034294217824936,0.0017324312357231975,-0.010455550625920296,0.1577845960855484,0.38398805260658264,-0.016610920429229736,-0.12523259222507477,0.37510916590690613,-0.022165650501847267,0.1741076409816742,0.7314422726631165,0.10491187870502472,-0.10321921855211258,0.7227078080177307,0.09634481370449066
206,0.0015639773337170482,-0.6138542890548706,-0.30626773834228516,0.1396792083978653,-0.5001136064529419,-0.134377121925354,0.23731400072574615,-0.6941071152687073,-0.20405228435993195,-0.1571362018585205,-0.48761889338493347,-0.15087485313415527,-0.29529133439064026,-0.6371012926101685,-0.2561783492565155,0.30072253942489624,-0.9232230186462402,-0.29136908054351807,-0.337585985660553,-0.8695793747901917,-0.37936046719551086,0.110080286860466,-0.0021064025349915028,0.010743861086666584,-0.11024752259254456,0.0017885990673676133,-0.009666195139288902,0.15328092873096466,0.3943926990032196,-0.007025104947388172,-0.11992710828781128,0.37630850076675415,-0.01722290925681591,0.17157277464866638,0.7402052283287048,0.10292000323534012,-0.09475746750831604,0.7282819747924805,0.0961330458521843
207,-2.933824544015806e-05,-0.6142381429672241,-0.30558738112449646,0.13747289776802063,-0.5000519156455994,-0.1345510333776474,0.23242101073265076,-0.6937398910522461,-0.19871459901332855,-0.15723665058612823,-0.48799216747283936,-0.14373165369033813,-0.29635536670684814,-0.6364338397979736,-0.23881885409355164,0.2965913414955139,-0.9246459603309631,-0.2748102843761444,-0.33955127000808716,-0.8687573671340942,-0.36429473757743835,0.10975457727909088,-0.0021132174879312515,0.007509569637477398,-0.10991004854440689,0.0017734278226271272,-0.006419968791306019,0.13915850222110748,0.3996838331222534,-0.009963425807654858,-0.1185009628534317,0.3832889795303345,-0.005112580023705959,0.16755624115467072,0.745847761631012,0.10073725134134293,-0.09554465860128403,0.742825448513031,0.09517376869916916
208,0.002022054046392441,-0.625681459903717,-0.2550710141658783,0.1402352899312973,-0.5063284635543823,-0.09389415383338928,0.23224157094955444,-0.6944841742515564,-0.14777202904224396,-0.1548919677734375,-0.4928550720214844,-0.09303861856460571,-0.2922367751598358,-0.6374128460884094,-0.19820921123027802,0.2970693111419678,-0.9253484606742859,-0.21125656366348267,-0.33605390787124634,-0.8690522313117981,-0.33082735538482666,0.10969903320074081,-0.002116190269589424,0.005455011501908302,-0.10985390841960907,0.001758214901201427,-0.0043601361103355885,0.13732106983661652,0.4015081822872162,-0.005327497608959675,-0.11214505881071091,0.38533201813697815,0.0010207651648670435,0.16732004284858704,0.7478305101394653,0.09944514185190201,-0.0916789099574089,0.7437094449996948,0.09966982901096344
209,-0.0004062738153152168,-0.6254972815513611,-0.262551486492157,0.13657543063163757,-0.5047126412391663,-0.10046010464429855,0.22510206699371338,-0.6920440793037415,-0.158141627907753,-0.15781369805335999,-0.4926826059818268,-0.10375013202428818,-0.29496946930885315,-0.6374225616455078,-0.20875857770442963,0.28986287117004395,-0.9238967895507812,-0.22390396893024445,-0.33733081817626953,-0.8682976961135864,-0.33580532670021057,0.10965284705162048,-0.002158863004297018,0.005548015236854553,-0.10979980230331421,0.001791771617718041,-0.004443694371730089,0.12913408875465393,0.40608206391334534,-0.007726077456027269,-0.11258755624294281,0.3861008882522583,-0.003626790829002857,0.16111674904823303,0.7545930743217468,0.08707433938980103,-0.09770773351192474,0.747157096862793,0.08960133790969849
210,-0.0023767962120473385,-0.6263214945793152,-0.2661912143230438,0.13620616495609283,-0.5052147507667542,-0.10304389148950577,0.22203807532787323,-0.6923653483390808,-0.16903144121170044,-0.1588735729455948,-0.4925704896450043,-0.10844431817531586,-0.2949135899543762,-0.6375336050987244,-0.2103516310453415,0.2845534682273865,-0.9243143200874329,-0.24506641924381256,-0.3377448320388794,-0.8683845400810242,-0.3413107991218567,0.10964488983154297,-0.002281720982864499,0.0043012406677007675,-0.10979003459215164,0.0019019959727302194,-0.0032415087334811687,0.12152422219514847,0.40807098150253296,-0.007213724311441183,-0.11312650889158249,0.3891269862651825,0.0014756880700588226,0.1583552211523056,0.7565469741821289,0.08926853537559509,-0.09733614325523376,0.7478851079940796,0.09963515400886536
211,-0.0024366567377001047,-0.6262450814247131,-0.2701035737991333,0.13633416593074799,-0.5033921003341675,-0.10620105266571045,0.22244025766849518,-0.6900952458381653,-0.17548491060733795,-0.1586037576198578,-0.49095600843429565,-0.10956776887178421,-0.2927897274494171,-0.6371227502822876,-0.21326620876789093,0.28540512919425964,-0.9183746576309204,-0.25530460476875305,-0.33574506640434265,-0.8670182824134827,-0.3447434604167938,0.10961794853210449,-0.002338002435863018,0.003989506047219038,-0.10976141691207886,0.001946342526935041,-0.0029330886900424957,0.12077853828668594,0.40871718525886536,-0.007645987439900637,-0.1117030531167984,0.3897051513195038,0.0021259747445583344,0.15637266635894775,0.7584911584854126,0.08864109963178635,-0.09404603391885757,0.7479146122932434,0.10088782012462616
212,-0.008184007368981838,-0.6265941262245178,-0.2749960422515869,0.13176776468753815,-0.5034845471382141,-0.1122976616024971,0.21689064800739288,-0.6911469101905823,-0.1816207617521286,-0.16474749147891998,-0.4909670054912567,-0.11505439877510071,-0.3016688823699951,-0.6404051780700684,-0.2197042852640152,0.28209957480430603,-0.9188072681427002,-0.25953102111816406,-0.34671875834465027,-0.8692300915718079,-0.34614747762680054,0.10959576070308685,-0.0023609758354723454,0.0030520609579980373,-0.10973761230707169,0.001962529495358467,-0.002017460996285081,0.1162826344370842,0.40990424156188965,-0.008467706851661205,-0.11386114358901978,0.3914709687232971,0.004494010005146265,0.15296965837478638,0.7626737952232361,0.08665888756513596,-0.09514541178941727,0.7484673857688904,0.10388965904712677
213,-0.007743971887975931,-0.6254292726516724,-0.2737264037132263,0.13188418745994568,-0.5039847493171692,-0.1083013117313385,0.21719713509082794,-0.6913367509841919,-0.17288139462471008,-0.16463631391525269,-0.4905250370502472,-0.11134317517280579,-0.3015429973602295,-0.6369934678077698,-0.21501091122627258,0.28224992752075195,-0.9171447157859802,-0.25030237436294556,-0.34446921944618225,-0.8674558997154236,-0.33799073100090027,0.10955218225717545,-0.002815632149577141,0.0028345349710434675,-0.10969658941030502,0.002391575835645199,-0.0017972503555938601,0.11720768362283707,0.40964174270629883,-0.008828042075037956,-0.111882284283638,0.3922165334224701,0.0036887391470372677,0.15407481789588928,0.762018084526062,0.08654758334159851,-0.09408627450466156,0.7513316869735718,0.10286401957273483
214,-0.0032624579034745693,-0.6255084872245789,-0.26371368765830994,0.1336420327425003,-0.5049722790718079,-0.09792567044496536,0.21741072833538055,-0.6914868354797363,-0.15446273982524872,-0.16269180178642273,-0.4907260835170746,-0.10209912806749344,-0.3010809123516083,-0.6370905041694641,-0.20947210490703583,0.2844453752040863,-0.9174565672874451,-0.22439560294151306,-0.3425976037979126,-0.8682218194007874,-0.3358260989189148,0.10953649133443832,-0.0028508934192359447,0.0027505417820066214,-0.10967778414487839,0.002420825185254216,-0.0017103333957493305,0.11750824749469757,0.41118332743644714,-0.008419192396104336,-0.11023350805044174,0.39285528659820557,0.0034242840483784676,0.1557854413986206,0.7636433839797974,0.08629032969474792,-0.0910915806889534,0.7523054480552673,0.10254544764757156
215,-0.003683929331600666,-0.626020073890686,-0.2647339701652527,0.1337033212184906,-0.5054111480712891,-0.09910956025123596,0.2172808200120926,-0.693610668182373,-0.1576666533946991,-0.16261699795722961,-0.4907253682613373,-0.10311555117368698,-0.30088481307029724,-0.6373059749603271,-0.2102663367986679,0.2834146022796631,-0.922380805015564,-0.22813071310520172,-0.3427327871322632,-0.8686366677284241,-0.34360745549201965,0.10951048880815506,-0.0028373596724122763,0.002113059163093567,-0.10964810848236084,0.0023990480694919825,-0.0010922540677711368,0.11464140564203262,0.4121805429458618,-0.006201653741300106,-0.11104997247457504,0.39338546991348267,0.0071762967854738235,0.15254104137420654,0.7666921615600586,0.08995796740055084,-0.09113004058599472,0.7524639964103699,0.11022686213254929
216,-0.003508698893710971,-0.6187732219696045,-0.2672603726387024,0.136510968208313,-0.5047110319137573,-0.10357547551393509,0.22268962860107422,-0.692849338054657,-0.1653841882944107,-0.15813086926937103,-0.48993343114852905,-0.10341708362102509,-0.2991161048412323,-0.6366091966629028,-0.21140697598457336,0.28540077805519104,-0.9194429516792297,-0.23638102412223816,-0.34266483783721924,-0.8652918338775635,-0.34332647919654846,0.1094546765089035,-0.002585363807156682,0.0020822901278734207,-0.10958871990442276,0.0021329147275537252,-0.001058507594279945,0.11445772647857666,0.4129435420036316,-0.007860382087528706,-0.11269937455654144,0.39305976033210754,0.005168152507394552,0.15021076798439026,0.7671579122543335,0.08273157477378845,-0.09653767198324203,0.7523439526557922,0.10208049416542053
217,-0.003502395935356617,-0.6229174733161926,-0.25336647033691406,0.1375480443239212,-0.5092783570289612,-0.09534089267253876,0.2232137769460678,-0.6986836194992065,-0.1533413827419281,-0.15836849808692932,-0.4922102093696594,-0.08862011879682541,-0.30009186267852783,-0.6425809860229492,-0.1924075335264206,0.28545066714286804,-0.9233835339546204,-0.21970027685165405,-0.34305113554000854,-0.8704834580421448,-0.32285574078559875,0.1095273569226265,-0.0024599838070571423,0.0005161424051038921,-0.10964947193861008,0.001999987754970789,0.0005070302286185324,0.11055989563465118,0.413892924785614,-0.0070174639113247395,-0.11590088158845901,0.3930318057537079,0.010812279768288136,0.1457105427980423,0.7674577236175537,0.0853930190205574,-0.09653133153915405,0.7502938508987427,0.11373202502727509
218,0.0006097173318266869,-0.6227231025695801,-0.25994718074798584,0.14133207499980927,-0.5061989426612854,-0.10143274813890457,0.2249167412519455,-0.6959128379821777,-0.16544891893863678,-0.15507476031780243,-0.4911022484302521,-0.09575647860765457,-0.2965860664844513,-0.6417922973632812,-0.20608274638652802,0.2863537669181824,-0.922458291053772,-0.23730535805225372,-0.33938586711883545,-0.8704108595848083,-0.33926212787628174,0.10954831540584564,-0.0024448244366794825,0.0005155118415132165,-0.10967124998569489,0.0019818090368062258,0.0005061373231001198,0.11118749529123306,0.41402944922447205,-0.007085142657160759,-0.11640118807554245,0.39300206303596497,0.009543181397020817,0.1456459015607834,0.7679121494293213,0.0854361429810524,-0.09717714786529541,0.7506037354469299,0.11092351377010345
219,0.0013511460274457932,-0.6229022145271301,-0.24918684363365173,0.14145195484161377,-0.5078030228614807,-0.08958132565021515,0.22605791687965393,-0.6966251134872437,-0.1467970907688141,-0.15512734651565552,-0.49247977137565613,-0.08694511651992798,-0.29725754261016846,-0.6437386274337769,-0.19403842091560364,0.2891528010368347,-0.9216485023498535,-0.21591615676879883,-0.3393893837928772,-0.8710359930992126,-0.3233841061592102,0.10953815281391144,-0.002236703410744667,0.00037621785304509103,-0.10965597629547119,0.0017739251488819718,0.000651164969895035,0.11001072824001312,0.4146442115306854,-0.009803076274693012,-0.11683028936386108,0.3932487964630127,0.00807237159460783,0.14619110524654388,0.7693657279014587,0.0767696276307106,-0.09827947616577148,0.7524745464324951,0.10076238960027695
220,-6.928014772711322e-05,-0.6203886866569519,-0.2637885510921478,0.1406104415655136,-0.506321370601654,-0.1033715084195137,0.22562605142593384,-0.6942864656448364,-0.16894392669200897,-0.15665918588638306,-0.4910660982131958,-0.10091984272003174,-0.2991017699241638,-0.6424292325973511,-0.20997776091098785,0.28897973895072937,-0.9182366728782654,-0.24556851387023926,-0.3412843346595764,-0.8695695400238037,-0.342075914144516,0.10956329852342606,-0.0022413788828998804,0.00035832906723953784,-0.10967913269996643,0.0017744217766448855,0.0006693757022731006,0.1100100725889206,0.41473841667175293,-0.010318458080291748,-0.11851844191551208,0.39346763491630554,0.007915223017334938,0.14502321183681488,0.7695856094360352,0.0771951824426651,-0.09927935898303986,0.7524953484535217,0.10084521025419235
221,-0.00010059944906970486,-0.6185334920883179,-0.26496368646621704,0.14086075127124786,-0.5055118799209595,-0.1049811840057373,0.22576572000980377,-0.6929686665534973,-0.17190945148468018,-0.1561422049999237,-0.49063587188720703,-0.10158141702413559,-0.2965470850467682,-0.6410322189331055,-0.21166777610778809,0.2888600528240204,-0.916907787322998,-0.24753336608409882,-0.34033507108688354,-0.8685279488563538,-0.34652289748191833,0.10955621302127838,-0.00219649076461792,0.00013998248323332518,-0.10966851562261581,0.0017259845044463873,0.000891003233846277,0.10987789928913116,0.4151068329811096,-0.011074399575591087,-0.11845161020755768,0.3936769664287567,0.007710589095950127,0.14511854946613312,0.7701064944267273,0.07706344872713089,-0.09598831832408905,0.7524901628494263,0.10135779529809952
222,-0.0019276486709713936,-0.6203216910362244,-0.25999921560287476,0.13811105489730835,-0.5064298510551453,-0.10006128251552582,0.22275635600090027,-0.6943503022193909,-0.16235162317752838,-0.15983620285987854,-0.49061521887779236,-0.09618876874446869,-0.3033856153488159,-0.6422957181930542,-0.20611944794654846,0.2844599187374115,-0.9170340895652771,-0.23406833410263062,-0.3432444930076599,-0.8705746531486511,-0.33955588936805725,0.10955169051885605,-0.0022198117803782225,-3.4296353987883776e-05,-0.1096615418791771,0.0017456552013754845,0.0010598126100376248,0.10850218683481216,0.41505080461502075,-0.010377958416938782,-0.12152738124132156,0.3937724530696869,0.008339978754520416,0.1448061764240265,0.7701015472412109,0.07874568551778793,-0.10083531588315964,0.7525639533996582,0.10281921178102493
223,-0.0018310823943465948,-0.6205136775970459,-0.2609257996082306,0.13920532166957855,-0.5056529641151428,-0.10254477709531784,0.22290265560150146,-0.6948463916778564,-0.17146985232830048,-0.15853728353977203,-0.4895619750022888,-0.09651027619838715,-0.3015498220920563,-0.6421699523925781,-0.20777520537376404,0.28371691703796387,-0.9190605282783508,-0.24600717425346375,-0.3424534797668457,-0.8701754808425903,-0.34207749366760254,0.10954728722572327,-0.0022736494429409504,-9.769495227374136e-05,-0.1096554771065712,0.0017924811691045761,0.0011267071822658181,0.10873300582170486,0.41504329442977905,-0.010173527523875237,-0.1215546652674675,0.3935287892818451,0.008250996470451355,0.14559458196163177,0.7698445320129395,0.08029257506132126,-0.09833371639251709,0.7511208653450012,0.10444750636816025
224,-0.004083283711224794,-0.6220936179161072,-0.26498278975486755,0.13644686341285706,-0.5056290030479431,-0.10512605309486389,0.22001472115516663,-0.6938372850418091,-0.17206032574176788,-0.1613388955593109,-0.48953771591186523,-0.10048110783100128,-0.30392545461654663,-0.6426775455474854,-0.2072650045156479,0.2825945019721985,-0.9158006906509399,-0.24640825390815735,-0.3451872169971466,-0.8718401193618774,-0.3338705003261566,0.10955973714590073,-0.0022832253016531467,-0.00018184584041591734,-0.10966437309980392,0.0017985088052228093,0.0012178858742117882,0.10835696011781693,0.4153023958206177,-0.009307455271482468,-0.12383981794118881,0.3937560021877289,0.00973200798034668,0.14367376267910004,0.7701036930084229,0.08331524580717087,-0.10230516642332077,0.7509968280792236,0.10880972445011139
225,-0.003457615152001381,-0.6221215724945068,-0.26475435495376587,0.1380491852760315,-0.5051455497741699,-0.10528331249952316,0.2200746387243271,-0.693690836429596,-0.1742723435163498,-0.15897659957408905,-0.4888900816440582,-0.09997950494289398,-0.301388680934906,-0.6415281295776367,-0.20725750923156738,0.28127992153167725,-0.9165313243865967,-0.2502094805240631,-0.34323087334632874,-0.8703984022140503,-0.3343282639980316,0.10955575108528137,-0.0023549292236566544,-0.0002156975824618712,-0.109659843146801,0.0018650868441909552,0.0012523549376055598,0.10880818963050842,0.4152517020702362,-0.009272956289350986,-0.12310346961021423,0.39375171065330505,0.009139818139374256,0.1452394723892212,0.7697655558586121,0.08374878764152527,-0.09789638221263885,0.7509387731552124,0.10862172394990921
226,-0.004610399249941111,-0.6220241785049438,-0.2803792357444763,0.13544400036334991,-0.5042753219604492,-0.11732270568609238,0.2170552760362625,-0.6928035616874695,-0.18419413268566132,-0.16172459721565247,-0.4884904623031616,-0.11794323474168777,-0.3034760653972626,-0.6414982080459595,-0.22028164565563202,0.2793949842453003,-0.9157825708389282,-0.2598792314529419,-0.34763607382774353,-0.8706600069999695,-0.3426380753517151,0.10957326740026474,-0.002353448187932372,-0.00020516625954769552,-0.10967520624399185,0.0018613121937960386,0.0012441636063158512,0.10872127115726471,0.4156685769557953,-0.009080329909920692,-0.12639211118221283,0.39391663670539856,0.009560158476233482,0.14300112426280975,0.7700086236000061,0.08462557941675186,-0.10511265695095062,0.7509344220161438,0.10974783450365067
227,-0.005200407933443785,-0.6199499368667603,-0.27807068824768066,0.13560426235198975,-0.5037523508071899,-0.11575114727020264,0.21715515851974487,-0.6920925974845886,-0.18351711332798004,-0.16111759841442108,-0.48711100220680237,-0.11667116731405258,-0.30341681838035583,-0.6402611136436462,-0.21987131237983704,0.27907630801200867,-0.9154335260391235,-0.2592969238758087,-0.34779661893844604,-0.8686999082565308,-0.34553956985473633,0.10955540835857391,-0.002408018335700035,-3.151498094666749e-05,-0.10966044664382935,0.001913301763124764,0.001066776574589312,0.10930606722831726,0.4154925048351288,-0.009870493784546852,-0.12607984244823456,0.3937561511993408,0.005544633138924837,0.14302977919578552,0.7699767351150513,0.08287358283996582,-0.103326216340065,0.7510331869125366,0.10328985750675201
228,-0.005721965339034796,-0.6228877902030945,-0.2443237602710724,0.13565602898597717,-0.5045998096466064,-0.0834427922964096,0.21743352711200714,-0.6921239495277405,-0.14136908948421478,-0.16193631291389465,-0.48707687854766846,-0.08622909337282181,-0.3064756989479065,-0.640189528465271,-0.1928921490907669,0.2791454493999481,-0.9149044156074524,-0.21049746870994568,-0.347988098859787,-0.8693042397499084,-0.31807342171669006,0.10958681255578995,-0.002407724503427744,0.00035761683830060065,-0.10969161987304688,0.0019107518019154668,0.0006693595205433667,0.10976260155439377,0.4157112240791321,-0.008042016997933388,-0.12810967862606049,0.3928214907646179,0.004377307370305061,0.14359530806541443,0.7697656750679016,0.08332899212837219,-0.10558859258890152,0.7503761053085327,0.10138657689094543
229,-0.006870781537145376,-0.6192337274551392,-0.24502864480018616,0.13426591455936432,-0.5044145584106445,-0.0866517573595047,0.21750116348266602,-0.6905364990234375,-0.14666487276554108,-0.16311515867710114,-0.485782653093338,-0.0904385894536972,-0.3063942492008209,-0.6311278343200684,-0.2068760246038437,0.2791557312011719,-0.9111238121986389,-0.2147114872932434,-0.348498672246933,-0.8583961129188538,-0.3443138897418976,0.1096096858382225,-0.002427109517157078,0.0012311507016420364,-0.10971114784479141,0.00192668114323169,-0.00018746871501207352,0.11007825285196304,0.41610321402549744,-0.00878071691840887,-0.1280631273984909,0.3925331234931946,0.0016358249122276902,0.14452341198921204,0.7705591917037964,0.08140932023525238,-0.10653622448444366,0.7494166493415833,0.10042925924062729
230,-0.005196498241275549,-0.6188191175460815,-0.25227513909339905,0.13197794556617737,-0.5028305649757385,-0.08811976760625839,0.21649837493896484,-0.6901869177818298,-0.14908303320407867,-0.16353724896907806,-0.4844150245189667,-0.10064460337162018,-0.30673831701278687,-0.6296744346618652,-0.21647071838378906,0.2791649401187897,-0.9104752540588379,-0.21778395771980286,-0.34877219796180725,-0.8562201261520386,-0.34776684641838074,0.10952907055616379,-0.002608045469969511,0.00329800508916378,-0.10962657630443573,0.00209510768763721,-0.00220915162935853,0.11160162836313248,0.41661229729652405,-0.007776839658617973,-0.12702028453350067,0.39239081740379333,-0.0026654426474124193,0.14729352295398712,0.7704851627349854,0.08080697059631348,-0.10388412326574326,0.7495254874229431,0.09390203654766083
231,-0.009424403309822083,-0.6127462387084961,-0.277058482170105,0.12828949093818665,-0.4985450804233551,-0.10723205655813217,0.2146317958831787,-0.68584805727005,-0.1768510341644287,-0.16636405885219574,-0.48139846324920654,-0.12137382477521896,-0.30670952796936035,-0.6233468055725098,-0.23807063698768616,0.2755538523197174,-0.908854603767395,-0.25873085856437683,-0.3490103781223297,-0.8511379957199097,-0.3707793354988098,0.10951986908912659,-0.0028981659561395645,0.004343794193118811,-0.10961803793907166,0.0023757147137075663,-0.003249567234888673,0.11250815540552139,0.41663411259651184,-0.007761904038488865,-0.12502922117710114,0.3923705220222473,-0.004358222708106041,0.14698290824890137,0.7704823613166809,0.08124896138906479,-0.1016082838177681,0.7495418190956116,0.09353891760110855
232,-0.0091767692938447,-0.611901044845581,-0.2764434814453125,0.12788762152194977,-0.4982890784740448,-0.10632552206516266,0.21227693557739258,-0.68512362241745,-0.1734873354434967,-0.1670713722705841,-0.4805506467819214,-0.11991275101900101,-0.306046724319458,-0.620232880115509,-0.23538640141487122,0.2729889154434204,-0.9088675379753113,-0.2565932273864746,-0.3473910391330719,-0.849364697933197,-0.367905855178833,0.10957974940538406,-0.0032663228921592236,0.004579868167638779,-0.10968025773763657,0.002727104816585779,-0.0034801827277988195,0.11488477885723114,0.4166540503501892,-0.010485894046723843,-0.1240505650639534,0.39234283566474915,-0.004585878923535347,0.14573241770267487,0.7701210975646973,0.08127526938915253,-0.09395484626293182,0.748210608959198,0.0983252227306366
233,-0.00912860780954361,-0.6112220287322998,-0.2800910770893097,0.12649665772914886,-0.49766185879707336,-0.1109514832496643,0.2116100788116455,-0.6843016743659973,-0.18248777091503143,-0.16743697226047516,-0.48037654161453247,-0.12108194082975388,-0.30602678656578064,-0.6198550462722778,-0.2343401163816452,0.272503525018692,-0.9059446454048157,-0.26905402541160583,-0.34720081090927124,-0.8479040265083313,-0.3657466173171997,0.10954926908016205,-0.003412757534533739,0.003743155626580119,-0.10965004563331604,0.002873045392334461,-0.002640831982716918,0.11483573913574219,0.41599181294441223,-0.013001098297536373,-0.12296843528747559,0.39377710223197937,-0.0029565528966486454,0.14881925284862518,0.7699056267738342,0.07625553756952286,-0.09327230602502823,0.7512078285217285,0.09664217382669449
234,-0.008577359840273857,-0.6072071194648743,-0.2933337092399597,0.12729167938232422,-0.49492359161376953,-0.12212607264518738,0.21319063007831573,-0.6814919710159302,-0.19775444269180298,-0.1659965068101883,-0.47899362444877625,-0.13225433230400085,-0.3013193905353546,-0.6188830137252808,-0.24648505449295044,0.2738034725189209,-0.9030188322067261,-0.28584665060043335,-0.34695565700531006,-0.8470855355262756,-0.3775121569633484,0.10950030386447906,-0.0034492164850234985,0.003782504005357623,-0.10960284620523453,0.0029083408880978823,-0.0026811021380126476,0.11532347649335861,0.4161960780620575,-0.013306218199431896,-0.11884117126464844,0.3942791223526001,-0.003115465398877859,0.14895373582839966,0.77031010389328,0.07467808574438095,-0.08791644871234894,0.7539570927619934,0.09282868355512619
235,-0.00910517293959856,-0.6057673692703247,-0.2954726219177246,0.12635625898838043,-0.4939807057380676,-0.12327439337968826,0.2137819230556488,-0.6808807849884033,-0.195420503616333,-0.16780544817447662,-0.4787686765193939,-0.13548482954502106,-0.3020746111869812,-0.6203922629356384,-0.24728024005889893,0.27562054991722107,-0.901455283164978,-0.2812439501285553,-0.3474343717098236,-0.8495455384254456,-0.37696027755737305,0.1095106452703476,-0.0035295295529067516,0.003883159486576915,-0.10961198806762695,0.0029844865202903748,-0.0027773347683250904,0.11528641730546951,0.4162069857120514,-0.013079851865768433,-0.120358407497406,0.3942580819129944,-0.0015490367077291012,0.15082795917987823,0.7703215479850769,0.0752398818731308,-0.09225542098283768,0.7507225275039673,0.10160983353853226
236,-0.00681707076728344,-0.6155209541320801,-0.2648254632949829,0.12710025906562805,-0.5024474859237671,-0.09178700298070908,0.21487277746200562,-0.6880794167518616,-0.1499270349740982,-0.16777575016021729,-0.48245301842689514,-0.10762039572000504,-0.30316489934921265,-0.6242101788520813,-0.21124321222305298,0.275862455368042,-0.9070799350738525,-0.2255048155784607,-0.3457008898258209,-0.8552078604698181,-0.3266196846961975,0.10950762033462524,-0.003759024664759636,0.004334465600550175,-0.1096084862947464,0.0032117103692144156,-0.003220841521397233,0.118352010846138,0.41594645380973816,-0.010699629783630371,-0.11920434981584549,0.39434099197387695,-0.0026936631184071302,0.15258635580539703,0.770709753036499,0.0797390341758728,-0.09179311245679855,0.750826895236969,0.09979952126741409
237,-0.0016075321473181248,-0.6135352253913879,-0.2794446349143982,0.13255520164966583,-0.49897676706314087,-0.10874828696250916,0.2218570113182068,-0.6836172342300415,-0.1718471348285675,-0.16312530636787415,-0.48238396644592285,-0.11308886855840683,-0.3027433454990387,-0.6242945790290833,-0.2129223346710205,0.2795272767543793,-0.9008483290672302,-0.2518702745437622,-0.34472382068634033,-0.8551630973815918,-0.328127384185791,0.10949838161468506,-0.003736050333827734,0.002795735141262412,-0.10959848761558533,0.003185826586559415,-0.0016980458749458194,0.11866313964128494,0.41576752066612244,-0.013896598480641842,-0.11696823686361313,0.39488762617111206,0.0037290374748408794,0.15680301189422607,0.7713415026664734,0.07540075480937958,-0.08731935918331146,0.7512592673301697,0.10375703126192093
238,-0.0029228483326733112,-0.6166284084320068,-0.2706349790096283,0.131175696849823,-0.4994736909866333,-0.09605975449085236,0.22295571863651276,-0.6863747835159302,-0.1389290690422058,-0.1675703227519989,-0.48259714245796204,-0.10905987024307251,-0.3173157572746277,-0.6295831203460693,-0.20325708389282227,0.2833365499973297,-0.9030377268791199,-0.20236772298812866,-0.34711751341819763,-0.8611758351325989,-0.31106939911842346,0.10950687527656555,-0.0037446939386427402,0.0035365137737244368,-0.10960705578327179,0.0031920182518661022,-0.002441083313897252,0.11859725415706635,0.415757954120636,-0.009149746038019657,-0.11698529124259949,0.3946825861930847,0.0028529453556984663,0.15672467648983002,0.7713581323623657,0.08054270595312119,-0.09111038595438004,0.7512013912200928,0.10250836610794067
239,-0.001507279695942998,-0.6142345070838928,-0.27467814087867737,0.13263794779777527,-0.4988723695278168,-0.0970742478966713,0.23017457127571106,-0.6868358850479126,-0.1367492377758026,-0.16705147922039032,-0.48063570261001587,-0.11021443456411362,-0.31860026717185974,-0.6238337755203247,-0.20605197548866272,0.2845305800437927,-0.9028648138046265,-0.19977758824825287,-0.34425610303878784,-0.8536666631698608,-0.318077027797699,0.10952355712652206,-0.003791999537497759,0.0038055656477808952,-0.10962879657745361,0.0032328006345778704,-0.0027185813523828983,0.12017139047384262,0.41540178656578064,-0.008380637504160404,-0.11240740120410919,0.3946952521800995,0.003423757152631879,0.16035579144954681,0.7713941931724548,0.0804077610373497,-0.08646008372306824,0.7511757016181946,0.10391958057880402
240,0.005782176740467548,-0.6266229152679443,-0.2412596046924591,0.14118625223636627,-0.501448392868042,-0.06043720245361328,0.24194654822349548,-0.6881492733955383,-0.08343656361103058,-0.16619645059108734,-0.48168325424194336,-0.07757869362831116,-0.32292652130126953,-0.6273035407066345,-0.1434364914894104,0.2911510765552521,-0.9018419981002808,-0.1367698311805725,-0.33935147523880005,-0.8578584790229797,-0.22778837382793427,0.1099209412932396,-0.003889957210049033,0.004254078958183527,-0.11004623770713806,0.0033156718127429485,-0.003167496295645833,0.12555770576000214,0.41441938281059265,-0.0020147652830928564,-0.11169169098138809,0.3940061926841736,0.003562828293070197,0.16351938247680664,0.7697110176086426,0.09199756383895874,-0.0823831707239151,0.749030351638794,0.10422142595052719
241,0.005443086382001638,-0.6472904682159424,-0.15405036509037018,0.1471155285835266,-0.5069574117660522,0.01199541985988617,0.2598479390144348,-0.6893485188484192,-0.0040132408030331135,-0.166002094745636,-0.48986363410949707,0.015351125039160252,-0.33060145378112793,-0.6413655877113342,-0.027073297649621964,0.29329153895378113,-0.9021334052085876,-0.0355798602104187,-0.3329803943634033,-0.8633946776390076,-0.09590111672878265,0.1100299283862114,-0.0036380356177687645,0.0035332944244146347,-0.11015366017818451,0.003052659099921584,-0.002450767671689391,0.1266339123249054,0.4125470817089081,0.0007234325748868287,-0.10790034383535385,0.3912075161933899,0.004325227811932564,0.16482146084308624,0.7693079113960266,0.09526219218969345,-0.07829417288303375,0.7470151782035828,0.10267376154661179
242,0.011721018701791763,-0.6503821611404419,-0.13348694145679474,0.1568353772163391,-0.5074508786201477,0.03647548705339432,0.28490546345710754,-0.688677191734314,0.024214740842580795,-0.15948213636875153,-0.49037936329841614,0.03907513990998268,-0.32972466945648193,-0.6414275765419006,0.011455068364739418,0.3047410845756531,-0.8999089598655701,-0.007900594733655453,-0.3204842507839203,-0.862922191619873,-0.040393561124801636,0.11017733812332153,-0.0036532708909362555,0.0037628416903316975,-0.1103019192814827,0.0030659809708595276,-0.0026924314443022013,0.13823948800563812,0.41199493408203125,0.0014801000943407416,-0.10104747861623764,0.39105865359306335,0.0006287049618549645,0.17625267803668976,0.7686965465545654,0.09526415914297104,-0.07060953974723816,0.7491926550865173,0.09397876262664795
243,0.015482637099921703,-0.6476751565933228,-0.12414785474538803,0.15624099969863892,-0.507003128528595,0.06922611594200134,0.30562832951545715,-0.6509963870048523,0.06029784306883812,-0.16091348230838776,-0.48883193731307983,0.042007096111774445,-0.33494433760643005,-0.6127929091453552,0.013269368559122086,0.314380019903183,-0.856895387172699,0.013801711611449718,-0.3136524558067322,-0.8188289403915405,-0.04546903818845749,0.11044976115226746,-0.0037421593442559242,0.007294503040611744,-0.11055491119623184,0.003150654723867774,-0.006186194252222776,0.13863874971866608,0.41499006748199463,0.0005448482115752995,-0.09825079888105392,0.39226260781288147,-0.00824796687811613,0.1760152280330658,0.7696398496627808,0.08520034700632095,-0.0611480250954628,0.7548193335533142,0.07529321312904358
244,0.020997952669858932,-0.6461885571479797,-0.12276344001293182,0.1653585433959961,-0.5095747113227844,0.07109570503234863,0.33602404594421387,-0.6393022537231445,0.05808407813310623,-0.15711447596549988,-0.48879528045654297,0.048794373869895935,-0.33453813195228577,-0.5904569625854492,0.02593998983502388,0.31889602541923523,-0.833107054233551,0.015708396211266518,-0.295879602432251,-0.786808431148529,-0.01993495039641857,0.11052802205085754,-0.0037480418104678392,0.00845280010253191,-0.11062925308942795,0.0031569600105285645,-0.007380896247923374,0.14383311569690704,0.4152848422527313,-0.0001070246726158075,-0.09167487919330597,0.3937542140483856,-0.01033476646989584,0.1803133338689804,0.773263692855835,0.08133959025144577,-0.05069959536194801,0.7567893266677856,0.07315561920404434
245,0.02254709228873253,-0.6430851221084595,-0.1261874884366989,0.1641104370355606,-0.5094500184059143,0.07551061362028122,0.33813440799713135,-0.6206894516944885,0.07296992838382721,-0.1609707921743393,-0.4862898290157318,0.047279760241508484,-0.34865978360176086,-0.5652909278869629,0.027639932930469513,0.32025548815727234,-0.8088305592536926,0.03726183623075485,-0.29978838562965393,-0.7539474368095398,-0.017193326726555824,0.11056546866893768,-0.003818838857114315,0.010038497857749462,-0.11066171526908875,0.0032270411029458046,-0.008988579735159874,0.14513203501701355,0.4160098731517792,-0.004520901013165712,-0.09226959943771362,0.3958719074726105,-0.012638428248465061,0.1798742264509201,0.7734767198562622,0.07213496416807175,-0.052636682987213135,0.7596597671508789,0.06546230614185333
246,0.04005514457821846,-0.6338779926300049,-0.1293756067752838,0.175141379237175,-0.5085692405700684,0.06917180866003036,0.36510762572288513,-0.5923438668251038,0.06272376328706741,-0.15136834979057312,-0.48285624384880066,0.040162552148103714,-0.34538325667381287,-0.5221874117851257,0.01184640172868967,0.33726412057876587,-0.7747519612312317,0.01622006669640541,-0.28495997190475464,-0.6983861923217773,-0.019684644415974617,0.11071985214948654,-0.0038055197801440954,0.011512326076626778,-0.11080562323331833,0.003213522955775261,-0.010479630902409554,0.14733745157718658,0.41599252820014954,-0.013589252717792988,-0.09190487861633301,0.39811253547668457,-0.015627387911081314,0.18409404158592224,0.7707219123840332,0.06020006909966469,-0.04466119036078453,0.761126697063446,0.057370610535144806
247,0.03810766339302063,-0.6331771612167358,-0.17051568627357483,0.17340540885925293,-0.5025145411491394,0.05307445675134659,0.3583352863788605,-0.5564934015274048,0.0499148964881897,-0.1520559936761856,-0.4727118909358978,0.004435312002897263,-0.34773364663124084,-0.4491710066795349,-0.047844551503658295,0.3380008339881897,-0.7295831441879272,-0.017551317811012268,-0.28861159086227417,-0.6022810935974121,-0.15500274300575256,0.11114255338907242,-0.0037731367629021406,0.012135970406234264,-0.11123840510845184,0.0031794251408427954,-0.011166703887283802,0.15304487943649292,0.4127187132835388,-0.017141146585345268,-0.09350807964801788,0.4011682868003845,-0.013677812181413174,0.18256646394729614,0.761055052280426,0.07357484847307205,-0.04511871933937073,0.7610768675804138,0.07352853566408157
248,0.03907172381877899,-0.6282324194908142,-0.16979195177555084,0.17271581292152405,-0.48772281408309937,0.05856337398290634,0.35703009366989136,-0.48492512106895447,0.04846924543380737,-0.15086352825164795,-0.4682835638523102,0.0019025667570531368,-0.32462742924690247,-0.39263591170310974,-0.06124924495816231,0.3531891703605652,-0.6511240005493164,-0.03767237067222595,-0.2705880105495453,-0.5358383655548096,-0.19477953016757965,0.1111808568239212,-0.0037966046947985888,0.017119254916906357,-0.11127688735723495,0.0032058029901236296,-0.01623927615582943,0.1682301163673401,0.4123152494430542,-0.017264248803257942,-0.09134604036808014,0.4014575481414795,-0.01868252269923687,0.18702173233032227,0.7602455019950867,0.07722605019807816,-0.04367174953222275,0.7617907524108887,0.0718151181936264
249,0.041719261556863785,-0.6193270087242126,-0.1745072454214096,0.17235895991325378,-0.47387638688087463,0.0590350367128849,0.361995130777359,-0.44292277097702026,0.04649367555975914,-0.14972355961799622,-0.46057891845703125,-0.005835972260683775,-0.30266305804252625,-0.3480759859085083,-0.07381539791822433,0.37675634026527405,-0.6014825701713562,-0.06270754337310791,-0.26222965121269226,-0.4832879304885864,-0.23753738403320312,0.11100156605243683,-0.0038180151022970676,0.018761400133371353,-0.11107198148965836,0.0032270948868244886,-0.017849577590823174,0.1661466658115387,0.40972205996513367,-0.025143710896372795,-0.08841019868850708,0.40261292457580566,-0.018415866419672966,0.19935540854930878,0.7615581154823303,0.04760715365409851,-0.044073354452848434,0.7634355425834656,0.07362250983715057
250,0.04143621772527695,-0.6105338335037231,-0.17401482164859772,0.1719454675912857,-0.4625330865383148,0.060927215963602066,0.3635299503803253,-0.3928491175174713,0.0214748103171587,-0.14989590644836426,-0.456365168094635,-0.004843186587095261,-0.28786158561706543,-0.307563453912735,-0.08157121390104294,0.39314278960227966,-0.5427055954933167,-0.14152534306049347,-0.25497668981552124,-0.4210735857486725,-0.28305068612098694,0.11102394759654999,-0.003811440896242857,0.020050710067152977,-0.11108632385730743,0.0032187930773943663,-0.01913459412753582,0.16456399857997894,0.409996896982193,-0.026792209595441818,-0.08724835515022278,0.40251490473747253,-0.01728493720293045,0.21628375351428986,0.7621604800224304,0.04697991535067558,-0.044598255306482315,0.7625411152839661,0.0929911807179451
251,0.04089658334851265,-0.6115345358848572,-0.17373353242874146,0.16891366243362427,-0.4583596885204315,0.06341563910245895,0.3573715090751648,-0.37120532989501953,0.007829045876860619,-0.15241950750350952,-0.45670270919799805,-0.004240433219820261,-0.2675507664680481,-0.276894211769104,-0.09329983592033386,0.3947886824607849,-0.5137515068054199,-0.17462335526943207,-0.253881573677063,-0.36101746559143066,-0.3227435052394867,0.11105239391326904,-0.003811486763879657,0.02083543874323368,-0.11109895259141922,0.0032165544107556343,-0.019929084926843643,0.16456671059131622,0.4148387908935547,-0.01594868116080761,-0.08792126178741455,0.4018058180809021,-0.019828278571367264,0.23543278872966766,0.7662366032600403,0.06051807105541229,-0.05927875638008118,0.7619076371192932,0.09132415801286697
252,0.04386649653315544,-0.6121629476547241,-0.13685482740402222,0.16785132884979248,-0.4560434818267822,0.07894085347652435,0.345749169588089,-0.341608464717865,0.006901223212480545,-0.15329012274742126,-0.4567139148712158,0.020999431610107422,-0.25521865487098694,-0.2505328059196472,-0.045653004199266434,0.40425780415534973,-0.4657100439071655,-0.1767580807209015,-0.2524805963039398,-0.23262108862400055,-0.24815212190151215,0.11100462824106216,-0.003829808672890067,0.02053319662809372,-0.11102397739887238,0.0032400530762970448,-0.019561856985092163,0.17117325961589813,0.416144996881485,-0.020287685096263885,-0.08802183717489243,0.4034430682659149,-0.015511940233409405,0.27833977341651917,0.7705262303352356,0.04437476024031639,-0.0627439096570015,0.7713781595230103,0.10059786587953568
253,0.042538952082395554,-0.6156741976737976,-0.12013981491327286,0.1684807986021042,-0.4534372389316559,0.07773248851299286,0.3381120562553406,-0.3260476589202881,-0.000957834126893431,-0.15346969664096832,-0.4569622278213501,0.048558756709098816,-0.24177581071853638,-0.24562135338783264,0.013117816299200058,0.40903908014297485,-0.4386002719402313,-0.1818404346704483,-0.26594188809394836,-0.15661872923374176,-0.14889861643314362,0.11116582155227661,-0.0038326289504766464,0.014042919501662254,-0.11114182323217392,0.0032451963052153587,-0.012844771146774292,0.1713772714138031,0.4160570204257965,-0.03536473587155342,-0.0873248279094696,0.4043797552585602,-0.012849818915128708,0.3048793077468872,0.7705144882202148,0.02155325934290886,-0.06255583465099335,0.7790277004241943,0.10010171681642532
254,0.05372576043009758,-0.6181308627128601,-0.12450539320707321,0.16986887156963348,-0.4529976546764374,0.07455001771450043,0.3313361406326294,-0.31755855679512024,-0.014528241939842701,-0.1533561795949936,-0.47028303146362305,0.042723096907138824,-0.22916321456432343,-0.25506046414375305,0.03020472079515457,0.42051079869270325,-0.4080825448036194,-0.22478076815605164,-0.2671924829483032,-0.09906158596277237,-0.09680160135030746,0.11119300127029419,-0.003684375900775194,0.011062162928283215,-0.11115963011980057,0.003088567638769746,-0.009846052154898643,0.17267222702503204,0.4148925840854645,-0.04411116987466812,-0.08774071931838989,0.4047805666923523,-0.007156967185437679,0.32284215092658997,0.771884560585022,0.005776867736130953,-0.06533405929803848,0.7825818061828613,0.10000129044055939
255,0.06589043140411377,-0.6228058338165283,-0.11498153954744339,0.170964315533638,-0.45371168851852417,0.080919049680233,0.3244532346725464,-0.32158607244491577,-0.012337161228060722,-0.14836546778678894,-0.47900331020355225,0.03823006898164749,-0.21363213658332825,-0.26100078225135803,0.01877700164914131,0.43736013770103455,-0.40259453654289246,-0.23544645309448242,-0.2503126859664917,-0.10626178234815598,-0.12438838928937912,0.11084865778684616,-0.003155112499371171,0.014732375741004944,-0.11081068217754364,0.0025665524881333113,-0.013539368286728859,0.17627118527889252,0.4137406349182129,-0.04030003026127815,-0.0959312841296196,0.40231823921203613,-0.006176067050546408,0.3188735544681549,0.7714430093765259,0.012545023113489151,-0.08994996547698975,0.7804133296012878,0.10864055901765823
256,0.06442095339298248,-0.6328175067901611,-0.15655457973480225,0.17527687549591064,-0.4543762505054474,0.0493837371468544,0.3267791271209717,-0.32093021273612976,-0.026506517082452774,-0.1484990268945694,-0.4860258400440216,0.0002804741670843214,-0.2216527909040451,-0.26533207297325134,-0.021441737189888954,0.472817063331604,-0.3900238275527954,-0.24491716921329498,-0.25145795941352844,-0.10655383765697479,-0.17305178940296173,0.11091423034667969,-0.002590449992567301,0.015078162774443626,-0.11087430268526077,0.0019921495113521814,-0.013869212940335274,0.17861518263816833,0.4137088358402252,-0.029598373919725418,-0.10498717427253723,0.4011377990245819,-0.00585379172116518,0.3128138780593872,0.7713816165924072,0.03509683907032013,-0.10429194569587708,0.7780590653419495,0.1077541783452034
257,0.0666787400841713,-0.6412922143936157,-0.1767926663160324,0.18108315765857697,-0.45907968282699585,0.027782002463936806,0.32794544100761414,-0.323961466550827,-0.045656293630599976,-0.1448180079460144,-0.4929194152355194,-0.02815718948841095,-0.22035039961338043,-0.26451918482780457,-0.035433463752269745,0.48857295513153076,-0.37997516989707947,-0.2633819878101349,-0.25507333874702454,-0.0783461481332779,-0.16708941757678986,0.1109229028224945,-0.0006865209434181452,0.015480313450098038,-0.11088955402374268,7.981178350746632e-05,-0.014267264865338802,0.17676369845867157,0.4138960540294647,-0.024068614467978477,-0.11909164488315582,0.3970252275466919,0.0025062200147658587,0.3093436062335968,0.7713608741760254,0.0418076366186142,-0.12774558365345,0.7632557153701782,0.12556390464305878
258,0.06694392114877701,-0.6408814787864685,-0.17802266776561737,0.18116885423660278,-0.45942187309265137,0.021355442702770233,0.32785677909851074,-0.31835252046585083,-0.04001914709806442,-0.14495940506458282,-0.49222347140312195,-0.026400696486234665,-0.21982093155384064,-0.2508120536804199,-0.01541436742991209,0.49711063504219055,-0.3529309928417206,-0.2566770911216736,-0.266801118850708,-0.04938482493162155,-0.11097128689289093,0.1114133968949318,0.0008320193155668676,0.013019309379160404,-0.11146461218595505,-0.0014598843408748507,-0.011810450814664364,0.16410128772258759,0.414217472076416,-0.02597711607813835,-0.12955178320407867,0.39620399475097656,0.004580839071422815,0.29165077209472656,0.7720224261283875,0.04152949899435043,-0.14363297820091248,0.7604206204414368,0.12444788217544556
259,0.073506660759449,-0.6400131583213806,-0.17681185901165009,0.18118874728679657,-0.4622631072998047,0.025096286088228226,0.3243752419948578,-0.3183242082595825,-0.02626006305217743,-0.14485988020896912,-0.4929400682449341,-0.032326895743608475,-0.2183997631072998,-0.2455981820821762,-0.0122905932366848,0.501396119594574,-0.35257452726364136,-0.22781161963939667,-0.2682161033153534,-0.03912094607949257,-0.09395407140254974,0.1117958053946495,0.0019154397305101156,0.013470422476530075,-0.11191115528345108,-0.002554986858740449,-0.012247119098901749,0.15944920480251312,0.4142175316810608,-0.024146560579538345,-0.14421860873699188,0.3918461799621582,0.0075819832272827625,0.2687753736972809,0.77182936668396,0.05098620057106018,-0.16686378419399261,0.7464350461959839,0.14168328046798706
260,0.07261046022176743,-0.632755696773529,-0.2085750848054886,0.18250255286693573,-0.461158812046051,0.0018305002013221383,0.3269125819206238,-0.31662634015083313,-0.029617730528116226,-0.14472739398479462,-0.4925410747528076,-0.05449222773313522,-0.2187192440032959,-0.2449033409357071,-0.019382577389478683,0.5166010856628418,-0.3358950912952423,-0.2239491045475006,-0.2691865563392639,-0.025830794125795364,-0.10298258066177368,0.11213735491037369,0.003228997578844428,0.013523843139410019,-0.11232099682092667,-0.0038901492953300476,-0.012298892252147198,0.14880530536174774,0.41592445969581604,-0.022916072979569435,-0.15295730531215668,0.3898217976093292,0.007430075202137232,0.2551060616970062,0.7725530862808228,0.05247468873858452,-0.18211767077445984,0.7450295090675354,0.13917648792266846
261,0.08711609244346619,-0.6322346925735474,-0.23180565237998962,0.1994106024503708,-0.4611765742301941,-0.01610797457396984,0.3368264138698578,-0.314064621925354,-0.014537110924720764,-0.12883718311786652,-0.49225854873657227,-0.08097261190414429,-0.20944665372371674,-0.23966708779335022,-0.047534313052892685,0.5510969161987305,-0.3171050548553467,-0.15338492393493652,-0.26714640855789185,-0.019020207226276398,-0.12138481438159943,0.11218474060297012,0.004325014539062977,0.013963783159852028,-0.11239119619131088,-0.004988803993910551,-0.012720352038741112,0.14811751246452332,0.4163285195827484,-0.021309584379196167,-0.1561128944158554,0.3887772858142853,0.012318349443376064,0.24763177335262299,0.774054765701294,0.051122765988111496,-0.18487489223480225,0.743402898311615,0.15170283615589142
262,0.09165319055318832,-0.6267459392547607,-0.2743667960166931,0.20422758162021637,-0.454917848110199,-0.05106085166335106,0.347874253988266,-0.3088550567626953,-0.02628854103386402,-0.1236664354801178,-0.4897719621658325,-0.12106315046548843,-0.21025529503822327,-0.23482541739940643,-0.09419706463813782,0.5733816027641296,-0.30406954884529114,-0.15864841639995575,-0.2697499394416809,-0.012638377025723457,-0.16913597285747528,0.11220481991767883,0.005542757920920849,0.014477742835879326,-0.11242011934518814,-0.006229808088392019,-0.013241362757980824,0.1410703808069229,0.4173020124435425,-0.015631284564733505,-0.16415904462337494,0.3870620131492615,0.011961415410041809,0.2243831604719162,0.7783793210983276,0.06483367085456848,-0.20447221398353577,0.7380545735359192,0.15022917091846466
263,0.09953433275222778,-0.6222911477088928,-0.29416826367378235,0.2133798748254776,-0.4461994767189026,-0.07568266242742538,0.3626045286655426,-0.2945407032966614,-0.05320970341563225,-0.11476139724254608,-0.48827484250068665,-0.1389865130186081,-0.20638379454612732,-0.2359607070684433,-0.10662262886762619,0.5878626108169556,-0.2828807234764099,-0.16298606991767883,-0.2690582573413849,-0.017061747610569,-0.17963168025016785,0.11219217628240585,0.0068091233260929585,0.014696504920721054,-0.11242446303367615,-0.0075211841613054276,-0.013459921814501286,0.13754905760288239,0.4173540472984314,-0.012721269391477108,-0.16711343824863434,0.38455021381378174,0.011673463508486748,0.20990362763404846,0.7804540991783142,0.0696379691362381,-0.21113063395023346,0.7335838675498962,0.1496170163154602
264,0.11013786494731903,-0.6080613732337952,-0.3349136710166931,0.22811515629291534,-0.43738049268722534,-0.1283046156167984,0.3766184151172638,-0.29601922631263733,-0.11468581855297089,-0.10267376899719238,-0.48420798778533936,-0.15953299403190613,-0.19431746006011963,-0.23652884364128113,-0.10832373052835464,0.6078220009803772,-0.2720057964324951,-0.21735158562660217,-0.26086631417274475,-0.014691582880914211,-0.17391246557235718,0.1123000904917717,0.008846175856888294,0.01293103862553835,-0.11254339665174484,-0.009580357931554317,-0.011654922738671303,0.12930448353290558,0.4199443757534027,-0.020037686452269554,-0.17102576792240143,0.3826635777950287,0.02087276801466942,0.199172243475914,0.7855173349380493,0.06839149445295334,-0.21995405852794647,0.7278026342391968,0.1770438402891159
265,0.14246952533721924,-0.6029526591300964,-0.33651772141456604,0.24448025226593018,-0.43242302536964417,-0.1286427527666092,0.40249767899513245,-0.2962800860404968,-0.11821898072957993,-0.08526287972927094,-0.4793687164783478,-0.17617473006248474,-0.17947809398174286,-0.23299992084503174,-0.13136351108551025,0.6383873820304871,-0.2634486258029938,-0.22445303201675415,-0.25457289814949036,-0.013937493786215782,-0.19312001764774323,0.11225457489490509,0.011047854088246822,0.012951897457242012,-0.11250978708267212,-0.011760841123759747,-0.011676040478050709,0.12809446454048157,0.42037972807884216,-0.020770758390426636,-0.1703316867351532,0.38218948245048523,0.030390212312340736,0.18533751368522644,0.7935470938682556,0.061905134469270706,-0.22069363296031952,0.7257300615310669,0.193877175450325
266,0.16227108240127563,-0.6019830107688904,-0.3310528099536896,0.2524223029613495,-0.4295216500759125,-0.13158388435840607,0.4121987521648407,-0.28717511892318726,-0.11848141998052597,-0.07558875530958176,-0.47938090562820435,-0.18081694841384888,-0.18094418942928314,-0.2334526628255844,-0.14327596127986908,0.645595371723175,-0.2256471961736679,-0.2230377048254013,-0.25817131996154785,-0.015628283843398094,-0.20528219640254974,0.1121978908777237,0.012445327825844288,0.012168153189122677,-0.11246538907289505,-0.013183403760194778,-0.010873626917600632,0.10828877240419388,0.42284905910491943,-0.00407945504412055,-0.17534983158111572,0.3810153901576996,0.02804507501423359,0.15876592695713043,0.7952322363853455,0.09507952630519867,-0.23677200078964233,0.7239370942115784,0.1839050054550171
267,0.17540395259857178,-0.6059675216674805,-0.32534366846084595,0.2738695740699768,-0.42587292194366455,-0.1355075091123581,0.4335433542728424,-0.2809979319572449,-0.12436819076538086,-0.0609910748898983,-0.4838525056838989,-0.17094656825065613,-0.17300225794315338,-0.24687452614307404,-0.13224788010120392,0.6543020009994507,-0.20346730947494507,-0.22546911239624023,-0.2583265006542206,-0.024513427168130875,-0.1787458211183548,0.11223910003900528,0.01651082932949066,0.00737196346744895,-0.11251258850097656,-0.01724722981452942,-0.006059355568140745,0.08910112082958221,0.42470765113830566,-0.007113256026059389,-0.17769408226013184,0.38006532192230225,0.04392269626259804,0.147749125957489,0.8000684976577759,0.08963267505168915,-0.23170337080955505,0.7228795289993286,0.20655566453933716
268,0.18532788753509521,-0.6070404052734375,-0.32537591457366943,0.28320711851119995,-0.4230893850326538,-0.14340047538280487,0.446548730134964,-0.2817901372909546,-0.13484178483486176,-0.05211116373538971,-0.4864846169948578,-0.16771751642227173,-0.16697891056537628,-0.2615796625614166,-0.10216108709573746,0.6609364748001099,-0.2020072191953659,-0.23584598302841187,-0.2519160211086273,-0.03467736393213272,-0.11271914094686508,0.1122484877705574,0.018883641809225082,0.0034316331148147583,-0.11252832412719727,-0.0196258332580328,-0.0022233547642827034,0.0828946977853775,0.42609187960624695,-0.007897907868027687,-0.1799883097410202,0.37813451886177063,0.04777251183986664,0.140535369515419,0.8026747107505798,0.0923534408211708,-0.23394013941287994,0.720294177532196,0.20850498974323273
269,0.20587968826293945,-0.6072005033493042,-0.3108378052711487,0.2856999933719635,-0.42372724413871765,-0.1374862790107727,0.45052066445350647,-0.2860158681869507,-0.13354775309562683,-0.044560205191373825,-0.49239522218704224,-0.16577176749706268,-0.1602177917957306,-0.26856958866119385,-0.10095089673995972,0.6649143099784851,-0.2038554847240448,-0.22053082287311554,-0.25072917342185974,-0.04518648982048035,-0.12580448389053345,0.11202777922153473,0.020694714039564133,0.0021509036887437105,-0.11232908070087433,-0.021419769152998924,-0.0009650496649555862,0.0732782855629921,0.42813289165496826,-0.00839351024478674,-0.18059411644935608,0.37712177634239197,0.0465351827442646,0.13193093240261078,0.8067626953125,0.09300017356872559,-0.23279120028018951,0.7202677130699158,0.20420809090137482
270,0.19691316783428192,-0.6064491868019104,-0.3386839032173157,0.2903168499469757,-0.4164372980594635,-0.16403764486312866,0.46432656049728394,-0.27895718812942505,-0.16391892731189728,-0.04301317036151886,-0.4915274381637573,-0.17409828305244446,-0.15734133124351501,-0.27279284596443176,-0.09860943257808685,0.6674007773399353,-0.17325302958488464,-0.2676452398300171,-0.2501941919326782,-0.0534549243748188,-0.1072746068239212,0.11214117705821991,0.021339107304811478,-0.0012751511530950665,-0.1124713271856308,-0.02207360230386257,0.002376401796936989,0.07316065579652786,0.4286157190799713,-0.010554375126957893,-0.1820574402809143,0.37712252140045166,0.046939585357904434,0.12353906035423279,0.8069947361946106,0.09344105422496796,-0.23228366672992706,0.7203662395477295,0.20243708789348602
271,0.20346640050411224,-0.6044065356254578,-0.3362051844596863,0.2936909794807434,-0.41609475016593933,-0.15709978342056274,0.46518465876579285,-0.27941253781318665,-0.1539682298898697,-0.040642064064741135,-0.49231040477752686,-0.17280276119709015,-0.15637174248695374,-0.2730211913585663,-0.1018187403678894,0.6639774441719055,-0.173146054148674,-0.2587672173976898,-0.2502500116825104,-0.05291733890771866,-0.11683741211891174,0.11215978860855103,0.02216947264969349,-0.0020199755672365427,-0.11248863488435745,-0.022889360785484314,0.0031280212569981813,0.06732361763715744,0.43141692876815796,-0.0036206813529133797,-0.18567593395709991,0.3757036626338959,0.048450302332639694,0.11610723286867142,0.8070443868637085,0.11916626244783401,-0.23805755376815796,0.717721164226532,0.20452265441417694
272,0.2250216156244278,-0.6046488285064697,-0.3068416118621826,0.2989882826805115,-0.4201190173625946,-0.13117627799510956,0.463596910238266,-0.28211867809295654,-0.11887604743242264,-0.03290382772684097,-0.4983888864517212,-0.16638977825641632,-0.14881984889507294,-0.2773393988609314,-0.10360062122344971,0.6602407097816467,-0.17698732018470764,-0.21690775454044342,-0.24883617460727692,-0.05440981313586235,-0.13586436212062836,0.11208602041006088,0.02292187698185444,-0.0006391656934283674,-0.11241789907217026,-0.023629983887076378,0.0017523417482152581,0.0688796415925026,0.4312743842601776,-0.0026770669501274824,-0.18586285412311554,0.37155118584632874,0.04946662113070488,0.11515766382217407,0.8039904236793518,0.12359348684549332,-0.23752140998840332,0.7092484831809998,0.21967677772045135
273,0.22459916770458221,-0.6043683290481567,-0.3114294111728668,0.30152878165245056,-0.4197266399860382,-0.13705675303936005,0.46468374133110046,-0.2804240584373474,-0.12646596133708954,-0.032210901379585266,-0.500193178653717,-0.1678142100572586,-0.14777667820453644,-0.27830371260643005,-0.10389111936092377,0.6592298746109009,-0.17123913764953613,-0.22675010561943054,-0.24892088770866394,-0.05670361593365669,-0.13616222143173218,0.11227672547101974,0.023293962702155113,-0.0008950653718784451,-0.11261041462421417,-0.024010732769966125,0.0020182805601507425,0.07009532302618027,0.4295544922351837,0.0014882695395499468,-0.1861681491136551,0.3704618811607361,0.057529017329216,0.11793683469295502,0.7938055396080017,0.15188944339752197,-0.23712757229804993,0.7041913270950317,0.23890672624111176
274,0.2207736223936081,-0.6030181646347046,-0.32610780000686646,0.3025846481323242,-0.41704800724983215,-0.14748898148536682,0.46512970328330994,-0.2704697549343109,-0.13982677459716797,-0.03131945803761482,-0.5001705884933472,-0.17408214509487152,-0.14735101163387299,-0.2803838551044464,-0.11153790354728699,0.661979615688324,-0.15307028591632843,-0.2375829964876175,-0.25018543004989624,-0.05898331105709076,-0.14452429115772247,0.11232583224773407,0.02362663857638836,-0.0005121076828800142,-0.11265506595373154,-0.02434278093278408,0.0016439897008240223,0.07031634449958801,0.42954471707344055,0.013979070819914341,-0.18796958029270172,0.36899644136428833,0.05946670472621918,0.11026943475008011,0.7926049828529358,0.15780936181545258,-0.23967790603637695,0.7010211944580078,0.2402600795030594
275,0.21579398214817047,-0.6030896902084351,-0.34420621395111084,0.3076118528842926,-0.409191370010376,-0.1630403697490692,0.4676159918308258,-0.25359639525413513,-0.16073782742023468,-0.026564210653305054,-0.49924275279045105,-0.17808404564857483,-0.14217250049114227,-0.2814091145992279,-0.11132904142141342,0.6616806387901306,-0.12861669063568115,-0.25722989439964294,-0.24919000267982483,-0.06114470586180687,-0.13965483009815216,0.11241670697927475,0.024080047383904457,-0.0004482724762056023,-0.11273691058158875,-0.024814913049340248,0.001581949065439403,0.07064495980739594,0.4291471242904663,0.01887454092502594,-0.18887192010879517,0.367708683013916,0.06784848868846893,0.10898018628358841,0.7887300848960876,0.16988247632980347,-0.24035018682479858,0.695412814617157,0.2588617503643036
276,0.21727539598941803,-0.5964540243148804,-0.349685937166214,0.30910131335258484,-0.3998146951198578,-0.164496511220932,0.4670591950416565,-0.23705944418907166,-0.16295038163661957,-0.023089228197932243,-0.49752235412597656,-0.17914733290672302,-0.14218218624591827,-0.2775095999240875,-0.11691101640462875,0.6612887978553772,-0.11224741488695145,-0.26362061500549316,-0.24923807382583618,-0.05345816910266876,-0.16066096723079681,0.11231900751590729,0.02506350725889206,-6.996743468334898e-05,-0.1126251369714737,-0.025806672871112823,0.0012195847230032086,0.06770382821559906,0.42986220121383667,0.01692992076277733,-0.18892383575439453,0.3676304519176483,0.06682873517274857,0.09258301556110382,0.7934070229530334,0.1504918336868286,-0.24426282942295074,0.6961847543716431,0.2533468008041382
277,0.22567643225193024,-0.586093008518219,-0.3412277400493622,0.30866971611976624,-0.39641979336738586,-0.1641656905412674,0.4666682481765747,-0.23624245822429657,-0.16079303622245789,-0.01823294535279274,-0.4915335178375244,-0.19221298396587372,-0.13742417097091675,-0.27150771021842957,-0.12884022295475006,0.6623407006263733,-0.11108405143022537,-0.25900715589523315,-0.2437610775232315,-0.048869065940380096,-0.16399799287319183,0.1117081344127655,0.026256322860717773,0.0005230776150710881,-0.11205261200666428,-0.027039015665650368,0.0006419429555535316,0.06035342812538147,0.4291714131832123,0.012309455312788486,-0.18780837953090668,0.36735767126083374,0.07077324390411377,0.08084528148174286,0.7944924831390381,0.12058304250240326,-0.24693451821804047,0.6940990090370178,0.26294100284576416
278,0.22451838850975037,-0.5843909382820129,-0.34828945994377136,0.30953431129455566,-0.39263975620269775,-0.16477958858013153,0.4658209979534149,-0.2310691475868225,-0.16027235984802246,-0.018169773742556572,-0.49121716618537903,-0.19049327075481415,-0.13732443749904633,-0.26963746547698975,-0.1228368803858757,0.6562304496765137,-0.10326715558767319,-0.2602611184120178,-0.24223032593727112,-0.04670261964201927,-0.16265444457530975,0.1116621345281601,0.027297062799334526,-0.0005215693963691592,-0.11200201511383057,-0.028073687106370926,0.001678570988588035,0.059038545936346054,0.42907506227493286,-0.003632474923506379,-0.18765418231487274,0.367295503616333,0.08324187994003296,0.08198908716440201,0.7952107191085815,0.10461617261171341,-0.246321901679039,0.6941465735435486,0.2844948470592499
279,0.23578043282032013,-0.5772042870521545,-0.34779202938079834,0.30970486998558044,-0.3920734226703644,-0.15974058210849762,0.46257975697517395,-0.23100003600120544,-0.146712526679039,-0.015370519831776619,-0.4895079433917999,-0.19303551316261292,-0.13439832627773285,-0.26569095253944397,-0.12948110699653625,0.6551952362060547,-0.10258474946022034,-0.2438828945159912,-0.23768192529678345,-0.04262593016028404,-0.16941356658935547,0.1114136204123497,0.02759229578077793,0.0015284048859030008,-0.11175762861967087,-0.028381088748574257,-0.0003888168139383197,0.05840907618403435,0.4287891387939453,0.002240183064714074,-0.18746386468410492,0.3670980632305145,0.08267053961753845,0.07975059747695923,0.7948833107948303,0.11849731206893921,-0.24741171300411224,0.6925768256187439,0.2790456712245941
280,0.23628832399845123,-0.5779923796653748,-0.337661474943161,0.30961188673973083,-0.39230501651763916,-0.14918452501296997,0.4472680687904358,-0.23233874142169952,-0.13080863654613495,-0.014795514754951,-0.4905184507369995,-0.19059507548809052,-0.1341724693775177,-0.26590031385421753,-0.12894845008850098,0.642516553401947,-0.10430692136287689,-0.23004551231861115,-0.23725058138370514,-0.0424288809299469,-0.16821148991584778,0.11126565933227539,0.027933919802308083,0.0032062076497823,-0.11161565035581589,-0.028734613209962845,-0.0020896398928016424,0.05585761368274689,0.4288088083267212,0.00859967339783907,-0.18860739469528198,0.36542707681655884,0.07308784872293472,0.07298986613750458,0.7964540719985962,0.1221127063035965,-0.2519971430301666,0.6915267109870911,0.26608917117118835
281,0.23347938060760498,-0.581310510635376,-0.34159624576568604,0.31292542815208435,-0.3924883306026459,-0.14947138726711273,0.4471704959869385,-0.22989077866077423,-0.13306599855422974,-0.013533216901123524,-0.4911958575248718,-0.18986977636814117,-0.13429279625415802,-0.2664276659488678,-0.1306159794330597,0.6432638764381409,-0.10603998601436615,-0.23794393241405487,-0.23686186969280243,-0.04242400452494621,-0.1795990765094757,0.11126771569252014,0.028060156852006912,0.0038921816740185022,-0.11161356419324875,-0.028862973675131798,-0.0027764260303229094,0.05608735978603363,0.43000438809394836,0.01646319217979908,-0.18865910172462463,0.3661486804485321,0.07217642664909363,0.07436268776655197,0.7979255318641663,0.1350744068622589,-0.25181740522384644,0.6959679126739502,0.26467055082321167
282,0.2314930558204651,-0.5825510621070862,-0.3457244038581848,0.3127867877483368,-0.3892684876918793,-0.15315616130828857,0.4422518014907837,-0.22179406881332397,-0.13736814260482788,-0.013416897505521774,-0.491626113653183,-0.18957123160362244,-0.1343945413827896,-0.26641201972961426,-0.12540219724178314,0.6425854563713074,-0.0992516353726387,-0.24465999007225037,-0.23687878251075745,-0.04171353578567505,-0.17017202079296112,0.11124473065137863,0.02862079069018364,0.003411497687920928,-0.1115855723619461,-0.0294266976416111,-0.0023016410414129496,0.0562102310359478,0.4290599822998047,0.016054246574640274,-0.1882781833410263,0.36612895131111145,0.082138791680336,0.07543516159057617,0.7974047064781189,0.1339370310306549,-0.24821971356868744,0.6959415674209595,0.28223228454589844
283,0.232635959982872,-0.5796204209327698,-0.34650567173957825,0.31233111023902893,-0.38951700925827026,-0.15334734320640564,0.43985772132873535,-0.22286391258239746,-0.13804581761360168,-0.013704410754144192,-0.49074769020080566,-0.1901347041130066,-0.13578905165195465,-0.2658643126487732,-0.12759406864643097,0.639869213104248,-0.09963535517454147,-0.24450793862342834,-0.23874561488628387,-0.041374631226062775,-0.17080378532409668,0.1112160012125969,0.028671221807599068,0.003673199564218521,-0.11155307292938232,-0.02947685681283474,-0.0025651715695858,0.056303951889276505,0.42932647466659546,0.017187055200338364,-0.18827363848686218,0.36613237857818604,0.08036680519580841,0.07536929100751877,0.7981628775596619,0.1368246078491211,-0.2499503493309021,0.6956745982170105,0.2806492745876312
284,0.22981791198253632,-0.5805885195732117,-0.3467937111854553,0.31264063715934753,-0.3882931172847748,-0.15715551376342773,0.4402374029159546,-0.22177138924598694,-0.14541901648044586,-0.013012666255235672,-0.49079951643943787,-0.1898604780435562,-0.13624358177185059,-0.2669762074947357,-0.127394899725914,0.6410489082336426,-0.10025279223918915,-0.2501143515110016,-0.23917299509048462,-0.04333328455686569,-0.1695026159286499,0.11119901388883591,0.0287270899862051,0.0036791982129216194,-0.11153480410575867,-0.029536686837673187,-0.0025695597287267447,0.056589920073747635,0.4296165108680725,0.017162229865789413,-0.18815115094184875,0.3662365674972534,0.07647621631622314,0.07680158317089081,0.7982017993927002,0.14341619610786438,-0.24974068999290466,0.6958907842636108,0.27185705304145813
285,0.23011231422424316,-0.5805496573448181,-0.34775441884994507,0.312711626291275,-0.3880702257156372,-0.15722942352294922,0.4431554675102234,-0.22205370664596558,-0.14550624787807465,-0.013040934689342976,-0.4908483028411865,-0.19004616141319275,-0.13737401366233826,-0.2676197290420532,-0.1298055350780487,0.6398769617080688,-0.09794002771377563,-0.24989579617977142,-0.2398664355278015,-0.04333195835351944,-0.1783212125301361,0.11113661527633667,0.029013153165578842,0.0036437413655221462,-0.11146344989538193,-0.02981789968907833,-0.0025254301726818085,0.0549764558672905,0.4296553432941437,0.016310125589370728,-0.18824632465839386,0.36623382568359375,0.07969234138727188,0.07651115208864212,0.7980859279632568,0.14318212866783142,-0.25059449672698975,0.6949765682220459,0.2837465703487396
286,0.23232430219650269,-0.5818458795547485,-0.3352149426937103,0.3136601746082306,-0.38925233483314514,-0.14750225841999054,0.443212628364563,-0.2244967818260193,-0.13352221250534058,-0.012011137790977955,-0.491234689950943,-0.18690313398838043,-0.1381089836359024,-0.2683728337287903,-0.13160355389118195,0.6348025798797607,-0.10351499915122986,-0.23861351609230042,-0.24138180911540985,-0.044888123869895935,-0.18706688284873962,0.11105907708406448,0.02906358242034912,0.0049239881336688995,-0.11138729751110077,-0.029867447912693024,-0.003785794135183096,0.05624590441584587,0.4296354055404663,0.013358840718865395,-0.1887417435646057,0.3655540645122528,0.06883346289396286,0.07605235278606415,0.7981406450271606,0.13306118547916412,-0.25195518136024475,0.6950108408927917,0.2612476646900177
287,0.23583786189556122,-0.580632746219635,-0.33583706617355347,0.3133425712585449,-0.3890765607357025,-0.14754928648471832,0.4436626434326172,-0.22596637904644012,-0.13369672000408173,-0.011745298281311989,-0.4908725917339325,-0.18914960324764252,-0.13947941362857819,-0.2686089277267456,-0.13786830008029938,0.6350918412208557,-0.10711009055376053,-0.2362966537475586,-0.24344810843467712,-0.04564915597438812,-0.19337452948093414,0.11095734685659409,0.02912209741771221,0.005896609276533127,-0.11127723008394241,-0.029929636046290398,-0.004711054731160402,0.05484115704894066,0.429605633020401,0.012470121495425701,-0.19136464595794678,0.3648952543735504,0.06772253662347794,0.07127917557954788,0.7965540885925293,0.13577380776405334,-0.2573021948337555,0.6936038732528687,0.26248931884765625
288,0.23950934410095215,-0.5828006267547607,-0.2782731056213379,0.3132008910179138,-0.40075016021728516,-0.08212880045175552,0.43900513648986816,-0.24567371606826782,-0.10037342458963394,-0.011546822264790535,-0.49647843837738037,-0.13304154574871063,-0.13922587037086487,-0.26954442262649536,-0.10400988161563873,0.5890325903892517,-0.13860365748405457,-0.24684537947177887,-0.24326880276203156,-0.04965408518910408,-0.17357274889945984,0.11090478301048279,0.029359208419919014,0.0066121709533035755,-0.11123009026050568,-0.030156072229146957,-0.005452015437185764,0.05151791125535965,0.43033909797668457,0.00928953755646944,-0.1924639344215393,0.36317387223243713,0.04807180538773537,0.06845510005950928,0.8003131151199341,0.11559872329235077,-0.2666100263595581,0.6944935917854309,0.21211914718151093
