FrameNo,head_x,head_y,head_z,left_shoulder_x,left_shoulder_y,left_shoulder_z,left_elbow_x,left_elbow_y,left_elbow_z,right_shoulder_x,right_shoulder_y,right_shoulder_z,right_elbow_x,right_elbow_y,right_elbow_z,left_hand_x,left_hand_y,left_hand_z,right_hand_x,right_hand_y,right_hand_z,left_hip_x,left_hip_y,left_hip_z,right_hip_x,right_hip_y,right_hip_z,left_knee_x,left_knee_y,left_knee_z,right_knee_x,right_knee_y,right_knee_z,left_foot_x,left_foot_y,left_foot_z,right_foot_x,right_foot_y,right_foot_z
0,-0.019699541851878166,-0.613472044467926,-0.24591629207134247,0.1401362270116806,-0.5105786919593811,-0.10107695311307907,0.1972835510969162,-0.7289113998413086,-0.18241918087005615,-0.13866744935512543,-0.5061965584754944,-0.11111869663000107,-0.22187460958957672,-0.7015745043754578,-0.2004530131816864,0.21680022776126862,-0.9520390033721924,-0.24138817191123962,-0.21714138984680176,-0.9276315569877625,-0.27498695254325867,0.10668116807937622,-6.16847537457943e-05,0.004615556448698044,-0.10705765336751938,-0.00043706013821065426,-0.0034604445099830627,0.12159614264965057,0.40499740839004517,-0.004789162892848253,-0.1567554622888565,0.3914993703365326,-0.01847662404179573,0.20004022121429443,0.7590427994728088,0.09329960495233536,-0.17095190286636353,0.7692614793777466,0.07319532334804535
1,-0.019952720031142235,-0.615081787109375,-0.2169562727212906,0.14000122249126434,-0.5110512375831604,-0.08437494188547134,0.19681724905967712,-0.7236756086349487,-0.16724002361297607,-0.1384807825088501,-0.5062676072120667,-0.08028925210237503,-0.21296600997447968,-0.696752667427063,-0.16683466732501984,0.21586492657661438,-0.9495172500610352,-0.2220524698495865,-0.21316882967948914,-0.9272845983505249,-0.2441784143447876,0.10673066228628159,-4.212254862068221e-05,0.00440562330186367,-0.1070995107293129,-0.00045626016799360514,-0.0032495411578565836,0.12036442756652832,0.40636521577835083,-0.009634015150368214,-0.1576584279537201,0.39089125394821167,-0.020457478240132332,0.19724544882774353,0.7594802975654602,0.09313467144966125,-0.1756257265806198,0.7666152119636536,0.07290226221084595
2,-0.02335475943982601,-0.6153217554092407,-0.2176324725151062,0.13946716487407684,-0.5117540955543518,-0.08616005629301071,0.196349635720253,-0.7228769063949585,-0.16881966590881348,-0.1386517584323883,-0.507631242275238,-0.08058901876211166,-0.20594528317451477,-0.6968735456466675,-0.16893251240253448,0.21565337479114532,-0.948814868927002,-0.2242431640625,-0.21254467964172363,-0.9306502342224121,-0.2475956231355667,0.10700533539056778,5.6197790399892256e-05,0.002562639769166708,-0.10736550390720367,-0.0005541020655073225,-0.001457003876566887,0.11730197817087173,0.40914055705070496,-0.018249403685331345,-0.16207493841648102,0.3909679651260376,-0.020472662523388863,0.18984688818454742,0.7593859434127808,0.09668192267417908,-0.17895668745040894,0.7635862231254578,0.07922249287366867
3,-0.02725048176944256,-0.6165658831596375,-0.21901226043701172,0.13871169090270996,-0.5128263235092163,-0.0871545746922493,0.19636301696300507,-0.7229838967323303,-0.1694488525390625,-0.13896964490413666,-0.509981095790863,-0.0816880613565445,-0.20347952842712402,-0.7002924084663391,-0.16559551656246185,0.217422217130661,-0.9490055441856384,-0.22338372468948364,-0.21242283284664154,-0.9343773722648621,-0.24006806313991547,0.1071750745177269,8.336726750712842e-05,0.0022366801276803017,-0.10753024369478226,-0.0005835428019054234,-0.0011327420361340046,0.11554811149835587,0.4098210036754608,-0.018182244151830673,-0.1624555140733719,0.3909672796726227,-0.02026527002453804,0.18363997340202332,0.7588303089141846,0.0994909331202507,-0.17883531749248505,0.7616276144981384,0.08171439170837402
4,-0.027492385357618332,-0.6210005879402161,-0.20886188745498657,0.1385372132062912,-0.5151142477989197,-0.07668598741292953,0.19710789620876312,-0.7234551906585693,-0.15267737209796906,-0.13916504383087158,-0.5135353207588196,-0.0754757970571518,-0.2010849416255951,-0.7085607051849365,-0.1535639762878418,0.22057422995567322,-0.9492338299751282,-0.20209722220897675,-0.21140892803668976,-0.9423941969871521,-0.21645799279212952,0.10730167478322983,0.00014012712927069515,0.002425187500193715,-0.10764998197555542,-0.0006443228921853006,-0.0013174265623092651,0.11552602797746658,0.41011637449264526,-0.017810452729463577,-0.16244283318519592,0.3904920518398285,-0.0204898901283741,0.18281115591526031,0.7586181163787842,0.10290533304214478,-0.17880034446716309,0.7587593793869019,0.08200517296791077
5,-0.028053196147084236,-0.6182762980461121,-0.24069245159626007,0.13648414611816406,-0.5133827924728394,-0.09910029172897339,0.19731056690216064,-0.7234452366828918,-0.17359499633312225,-0.13956868648529053,-0.5117488503456116,-0.10979960858821869,-0.20104438066482544,-0.7062414288520813,-0.20808462798595428,0.22197864949703217,-0.9484369158744812,-0.22603125870227814,-0.21230775117874146,-0.937690258026123,-0.2908836305141449,0.10737344622612,0.00014737028686795384,0.003410225035622716,-0.10772156715393066,-0.0006535752327181399,-0.002308356575667858,0.11558479815721512,0.41060569882392883,-0.01869688555598259,-0.16284669935703278,0.39061617851257324,-0.025225773453712463,0.18242014944553375,0.7586280107498169,0.10279008746147156,-0.1796189546585083,0.7587728500366211,0.0808536633849144
6,-0.029506830498576164,-0.6244071125984192,-0.22025206685066223,0.13566738367080688,-0.5150601863861084,-0.08546719700098038,0.19736957550048828,-0.7250624299049377,-0.15924398601055145,-0.14105068147182465,-0.5136831402778625,-0.08688518404960632,-0.2039237916469574,-0.7094298005104065,-0.16777466237545013,0.22454072535037994,-0.9511503577232361,-0.20743362605571747,-0.2145986109972,-0.9414947032928467,-0.2303086221218109,0.1074424758553505,0.0001709349890006706,0.003295196918770671,-0.10778722167015076,-0.0006777926464565098,-0.0021872741635888815,0.11564449220895767,0.4104457199573517,-0.017960935831069946,-0.1643625795841217,0.38957294821739197,-0.024010201916098595,0.18285296857357025,0.7581096291542053,0.1062002032995224,-0.18245038390159607,0.7536090612411499,0.08672483265399933
7,-0.029488150030374527,-0.6227233409881592,-0.22378556430339813,0.1354072391986847,-0.5144667029380798,-0.08789772540330887,0.19732432067394257,-0.7249181270599365,-0.1648251861333847,-0.14143554866313934,-0.5123682022094727,-0.09130118787288666,-0.20407715439796448,-0.7061002254486084,-0.18435998260974884,0.22441838681697845,-0.9504680633544922,-0.21505193412303925,-0.21629376709461212,-0.9384122490882874,-0.2594023048877716,0.10753431171178818,0.00018015713430941105,0.003395849373191595,-0.10787659883499146,-0.0006880866712890565,-0.0022895338479429483,0.11608532071113586,0.4107167422771454,-0.01848573423922062,-0.16789844632148743,0.38863053917884827,-0.026231365278363228,0.18294651806354523,0.7572486400604248,0.10734302550554276,-0.18251417577266693,0.7514492869377136,0.08653198182582855
8,-0.030031653121113777,-0.6244947910308838,-0.20267389714717865,0.13548977673053741,-0.5172459483146667,-0.07081428170204163,0.19836555421352386,-0.7273808717727661,-0.14264191687107086,-0.14167949557304382,-0.5172295570373535,-0.0668816864490509,-0.20528128743171692,-0.716452956199646,-0.1360742151737213,0.22447068989276886,-0.9521519541740417,-0.18958503007888794,-0.2207784652709961,-0.948754072189331,-0.19397787749767303,0.10761916637420654,0.00023758980387356132,0.0028450165409594774,-0.10795650631189346,-0.0007475567399524152,-0.0017198956338688731,0.11559813469648361,0.41075581312179565,-0.01838104985654354,-0.16780613362789154,0.3885892629623413,-0.02327151596546173,0.18437060713768005,0.757221519947052,0.10800766944885254,-0.18228289484977722,0.7510080933570862,0.08868874609470367
9,-0.029786106199026108,-0.6225674152374268,-0.20979413390159607,0.13509438931941986,-0.5167772769927979,-0.07543573528528214,0.19766642153263092,-0.727319061756134,-0.14858905971050262,-0.14204740524291992,-0.5161524415016174,-0.0755154937505722,-0.205396831035614,-0.7144602537155151,-0.156666100025177,0.22418661415576935,-0.9520384073257446,-0.19828683137893677,-0.22142623364925385,-0.94797283411026,-0.2236148566007614,0.10771563649177551,0.0002476335794199258,0.002839393448084593,-0.10804975777864456,-0.0007588717853650451,-0.0017141930293291807,0.11544671654701233,0.4111037850379944,-0.018547017127275467,-0.16791489720344543,0.3885783851146698,-0.02323962189257145,0.18438225984573364,0.7574495673179626,0.10823824256658554,-0.18253469467163086,0.75049889087677,0.08941983431577682
10,-0.028137261047959328,-0.628895103931427,-0.19330038130283356,0.13662657141685486,-0.519519031047821,-0.06159532442688942,0.20132139325141907,-0.7328508496284485,-0.1323869526386261,-0.14117081463336945,-0.5203819274902344,-0.0600716657936573,-0.20480826497077942,-0.724033772945404,-0.13036882877349854,0.22758468985557556,-0.9580552577972412,-0.17852748930454254,-0.22150686383247375,-0.955662190914154,-0.18622425198554993,0.10775495320558548,0.0002919152902904898,0.0027496342081576586,-0.1080859825015068,-0.0008052851771935821,-0.0016145934350788593,0.11590643972158432,0.4113532602787018,-0.017316224053502083,-0.16792325675487518,0.388136625289917,-0.02322780340909958,0.18834595382213593,0.7569474577903748,0.11098465323448181,-0.18052929639816284,0.7504472732543945,0.08944302797317505
11,-0.030691519379615784,-0.6285890936851501,-0.19619670510292053,0.13565793633460999,-0.5192041993141174,-0.0623818002641201,0.19938746094703674,-0.7311972975730896,-0.13567258417606354,-0.1416490525007248,-0.5203710794448853,-0.0631156861782074,-0.20491302013397217,-0.723574697971344,-0.1327403336763382,0.22422891855239868,-0.9557536840438843,-0.18323996663093567,-0.22148658335208893,-0.9545771479606628,-0.18954017758369446,0.10777685791254044,0.0003324855933897197,0.0027220139745622873,-0.1081053838133812,-0.0008488926687277853,-0.001583239296451211,0.11480746418237686,0.4112462103366852,-0.016612259671092033,-0.16631555557250977,0.3880821764469147,-0.022932538762688637,0.1843799650669098,0.7569363117218018,0.10957113653421402,-0.18066290020942688,0.7508090734481812,0.08700137585401535
12,-0.028099827468395233,-0.6283054947853088,-0.20428159832954407,0.1357366293668747,-0.5180326104164124,-0.06836173683404922,0.1993497908115387,-0.7311097979545593,-0.13965941965579987,-0.1415514200925827,-0.5196763277053833,-0.06830834597349167,-0.20760197937488556,-0.7217110395431519,-0.14041271805763245,0.22299332916736603,-0.9581375122070312,-0.18660664558410645,-0.22392849624156952,-0.9542021751403809,-0.1981126219034195,0.10779738426208496,0.0003458438441157341,0.0027749158907681704,-0.10812626779079437,-0.0008645002380944788,-0.0016342555172741413,0.11450790613889694,0.41157859563827515,-0.014682969078421593,-0.16634756326675415,0.38806089758872986,-0.02288544923067093,0.18313243985176086,0.7569735050201416,0.10981380194425583,-0.1832188218832016,0.7514172196388245,0.08552365005016327
13,-0.02607923559844494,-0.6283389329910278,-0.2049786001443863,0.13595929741859436,-0.5180051326751709,-0.0694628581404686,0.1991948038339615,-0.7313039302825928,-0.141169473528862,-0.14108683168888092,-0.5195009112358093,-0.06892155110836029,-0.2077837437391281,-0.72057044506073,-0.1417783945798874,0.22222168743610382,-0.9590279459953308,-0.18851463496685028,-0.2238728553056717,-0.9538800716400146,-0.20068593323230743,0.10781694948673248,0.00035599005059339106,0.0027671237476170063,-0.108145572245121,-0.0008766697719693184,-0.0016260369447991252,0.11447973549365997,0.4124886393547058,-0.013755444437265396,-0.16610413789749146,0.3880697190761566,-0.022814787924289703,0.1821678876876831,0.757047712802887,0.1098778173327446,-0.18251192569732666,0.7526528239250183,0.08467016369104385
14,-0.025195620954036713,-0.6294170618057251,-0.20324046909809113,0.13613104820251465,-0.5173840522766113,-0.06979141384363174,0.19804586470127106,-0.7286754250526428,-0.14186373353004456,-0.14104263484477997,-0.519115149974823,-0.06641650199890137,-0.20757946372032166,-0.7174175977706909,-0.13933615386486053,0.21911150217056274,-0.9579935669898987,-0.18941763043403625,-0.22088977694511414,-0.9515994191169739,-0.19800792634487152,0.10782971233129501,0.0003640895592980087,0.0027618284802883863,-0.10815676301717758,-0.0008870804449543357,-0.0016182968392968178,0.11428587138652802,0.4125152826309204,-0.012278657406568527,-0.16609224677085876,0.3874778747558594,-0.022718695923686028,0.1799142062664032,0.7568420171737671,0.11148486286401749,-0.18221506476402283,0.7521898746490479,0.08475729078054428
15,-0.025149550288915634,-0.628704845905304,-0.20424140989780426,0.13631075620651245,-0.5173411965370178,-0.07034433633089066,0.19876834750175476,-0.7291219830513,-0.14252729713916779,-0.1409718245267868,-0.518302321434021,-0.06671936064958572,-0.2083895355463028,-0.7145141959190369,-0.13969212770462036,0.2189847230911255,-0.9584323167800903,-0.18973834812641144,-0.2228403240442276,-0.9484754800796509,-0.20218251645565033,0.1078464463353157,0.0003763901477213949,0.002758047077804804,-0.10817195475101471,-0.0009003682644106448,-0.0016133798053488135,0.11379820853471756,0.4127514064311981,-0.012632385827600956,-0.16612227261066437,0.3875097632408142,-0.02264271304011345,0.17926520109176636,0.7576462030410767,0.10709291696548462,-0.18224181234836578,0.7533134818077087,0.08330439031124115
16,-0.025136427953839302,-0.632154107093811,-0.19141824543476105,0.13729462027549744,-0.5178343057632446,-0.06373263150453568,0.1990595906972885,-0.7291961908340454,-0.13720139861106873,-0.1406617909669876,-0.5195078253746033,-0.04971969127655029,-0.2083911895751953,-0.7153686285018921,-0.11357790231704712,0.21775996685028076,-0.9592870473861694,-0.1799071580171585,-0.222760871052742,-0.9492883682250977,-0.1711699366569519,0.10786670446395874,0.0004448111867532134,0.002111003501340747,-0.10818854719400406,-0.0009709809673950076,-0.0009487296338193119,0.11351695656776428,0.41303253173828125,-0.012100783176720142,-0.16620580852031708,0.3865770399570465,-0.01957646943628788,0.17925864458084106,0.7571786642074585,0.11071178317070007,-0.18226787447929382,0.7512670159339905,0.08878284692764282
17,-0.022191261872649193,-0.6321762204170227,-0.194630429148674,0.1377938985824585,-0.5177597403526306,-0.06677866727113724,0.19704905152320862,-0.728483259677887,-0.1483539193868637,-0.13991160690784454,-0.5194144248962402,-0.05809210613369942,-0.20564204454421997,-0.7155042290687561,-0.1358843892812729,0.21499165892601013,-0.9572678804397583,-0.2025490552186966,-0.21942903101444244,-0.9495407938957214,-0.19522298872470856,0.1078910380601883,0.0004592559998854995,0.0023561613634228706,-0.10820993036031723,-0.0009863736340776086,-0.001197180594317615,0.1151709109544754,0.41311806440353394,-0.0121020982041955,-0.16488958895206451,0.3868674337863922,-0.020514579489827156,0.18103548884391785,0.7574147582054138,0.1094021275639534,-0.17778785526752472,0.7525734305381775,0.08520743250846863
18,-0.025629417970776558,-0.6310808062553406,-0.1895529180765152,0.13730241358280182,-0.5177983045578003,-0.06106226518750191,0.19685706496238708,-0.7280702590942383,-0.13703693449497223,-0.14005474746227264,-0.5193912982940674,-0.05101527273654938,-0.20511409640312195,-0.7153744697570801,-0.11728809773921967,0.2140384316444397,-0.9569865465164185,-0.18634407222270966,-0.21826471388339996,-0.9493547677993774,-0.17424549162387848,0.10790063440799713,0.00046843031304888427,0.0020861246157437563,-0.10821858793497086,-0.0009963721968233585,-0.0009176822495646775,0.11406336724758148,0.4131263792514801,-0.012297325767576694,-0.16476160287857056,0.3870615065097809,-0.020498158410191536,0.18083687126636505,0.7578122615814209,0.10479588806629181,-0.17859654128551483,0.7554177641868591,0.0805773064494133
19,-0.026738524436950684,-0.6302871704101562,-0.19031904637813568,0.13727514445781708,-0.5178364515304565,-0.06156593933701515,0.19821646809577942,-0.728762149810791,-0.13716304302215576,-0.13991017639636993,-0.5194300413131714,-0.05185174569487572,-0.20321840047836304,-0.7157002091407776,-0.11869682371616364,0.2155502438545227,-0.9580722451210022,-0.18334630131721497,-0.2173868715763092,-0.9498619437217712,-0.17632612586021423,0.10791278630495071,0.000494995852932334,0.0018665178213268518,-0.10822988301515579,-0.0010246312012895942,-0.0006990458350628614,0.11399678885936737,0.41314923763275146,-0.014003339223563671,-0.16451495885849,0.38708028197288513,-0.02027287520468235,0.18068614602088928,0.757620632648468,0.10578211396932602,-0.17861966788768768,0.7549258470535278,0.0846492201089859
20,-0.027478456497192383,-0.630225419998169,-0.18571697175502777,0.13740547001361847,-0.5180436372756958,-0.057740453630685806,0.19949759542942047,-0.729101300239563,-0.1295061558485031,-0.13974802196025848,-0.5196048021316528,-0.04520566761493683,-0.20124094188213348,-0.7161281704902649,-0.10663134604692459,0.21644052863121033,-0.9590769410133362,-0.1715105175971985,-0.21495433151721954,-0.9508352279663086,-0.1647757887840271,0.10790947824716568,0.0005112742655910552,0.0013441998744383454,-0.1082247644662857,-0.0010406923247501254,-0.00017707757069729269,0.11348429322242737,0.4131299555301666,-0.01436187606304884,-0.16370195150375366,0.3870098292827606,-0.01939411461353302,0.1804928183555603,0.7574054002761841,0.10579664260149002,-0.17815931141376495,0.7548169493675232,0.08551853895187378
21,-0.02829413302242756,-0.6302483081817627,-0.1853848397731781,0.13763412833213806,-0.5180510878562927,-0.05801616981625557,0.20051619410514832,-0.7291982173919678,-0.12926936149597168,-0.13928568363189697,-0.520001232624054,-0.043445128947496414,-0.20005443692207336,-0.7169259786605835,-0.10163392126560211,0.21692976355552673,-0.9600171446800232,-0.17075574398040771,-0.21488969027996063,-0.9522855877876282,-0.16016684472560883,0.10790671408176422,0.0005270612891763449,0.0007387768127955496,-0.10822085291147232,-0.001056795590557158,0.00042903097346425056,0.11332187801599503,0.4131421148777008,-0.014497966505587101,-0.16283950209617615,0.38721251487731934,-0.018518541008234024,0.18037909269332886,0.7573914527893066,0.10569851100444794,-0.17753472924232483,0.7559072971343994,0.08553016185760498
22,-0.029103320091962814,-0.6311709880828857,-0.17724017798900604,0.1377798616886139,-0.5194481611251831,-0.05290775001049042,0.20051348209381104,-0.7303126454353333,-0.12483459711074829,-0.13919812440872192,-0.5214170813560486,-0.03479642793536186,-0.20001253485679626,-0.7178413271903992,-0.09100238233804703,0.21686668694019318,-0.9625418186187744,-0.16782750189304352,-0.21486184000968933,-0.9530805945396423,-0.14973922073841095,0.10791336745023727,0.0005310094566084445,0.0004172064654994756,-0.1082262173295021,-0.0010605360148474574,0.0007574608316645026,0.11324412375688553,0.4128895103931427,-0.014055674895644188,-0.16232742369174957,0.38727959990501404,-0.01809210330247879,0.18063971400260925,0.7564571499824524,0.10706286132335663,-0.17726324498653412,0.7565090656280518,0.08549971133470535
23,-0.027638422325253487,-0.630703330039978,-0.17808257043361664,0.1390959918498993,-0.5193642377853394,-0.05326448380947113,0.20074401795864105,-0.7301508784294128,-0.12495555728673935,-0.13851438462734222,-0.5213669538497925,-0.035210780799388885,-0.19992278516292572,-0.7174390554428101,-0.0920206755399704,0.21689264476299286,-0.9616482853889465,-0.1679295301437378,-0.21500426530838013,-0.951011598110199,-0.1508454829454422,0.10798096656799316,0.0005536203971132636,0.00038642375147901475,-0.10829562693834305,-0.0010850578546524048,0.0007893304573372006,0.11345233023166656,0.4131736159324646,-0.015238606370985508,-0.16247573494911194,0.38729000091552734,-0.018954318016767502,0.18047992885112762,0.756373405456543,0.10573404282331467,-0.17721335589885712,0.7568562030792236,0.08220607042312622
24,-0.02769361436367035,-0.6323994994163513,-0.18223027884960175,0.13869105279445648,-0.5194448232650757,-0.057348933070898056,0.20074565708637238,-0.7309916019439697,-0.13054759800434113,-0.13916000723838806,-0.5216652750968933,-0.04189196974039078,-0.19992868602275848,-0.7188524007797241,-0.10315811634063721,0.21884092688560486,-0.9617810845375061,-0.17342866957187653,-0.21270008385181427,-0.9514498114585876,-0.1613481193780899,0.10800343751907349,0.0005435271305032074,0.0003936497960239649,-0.10831480473279953,-0.0010763626778498292,0.0007831724360585213,0.11543550342321396,0.41278353333473206,-0.013265974819660187,-0.16264265775680542,0.387114018201828,-0.017714735120534897,0.18351401388645172,0.7549427151679993,0.1110507994890213,-0.17763546109199524,0.754395067691803,0.087323397397995
25,-0.028496291488409042,-0.6303212642669678,-0.19434694945812225,0.13683807849884033,-0.5174995064735413,-0.06464172154664993,0.19987009465694427,-0.7267221212387085,-0.13836899399757385,-0.1401163637638092,-0.51854008436203,-0.05558820441365242,-0.20113196969032288,-0.7097762227058411,-0.12927931547164917,0.21848997473716736,-0.9584633708000183,-0.18423791229724884,-0.21469184756278992,-0.9445730447769165,-0.19817829132080078,0.10800515860319138,0.00046732983901165426,0.0007417775923386216,-0.10831622779369354,-0.0010010846890509129,0.0004337687569204718,0.11501817405223846,0.41285982728004456,-0.014283907599747181,-0.1626366227865219,0.3880089223384857,-0.020227033644914627,0.18243780732154846,0.7566802501678467,0.10189621895551682,-0.1777133345603943,0.7586856484413147,0.07719995826482773
26,-0.023793315514922142,-0.6306576728820801,-0.1948203593492508,0.13864092528820038,-0.5175167322158813,-0.06365875899791718,0.20108823478221893,-0.7268069386482239,-0.13555505871772766,-0.13919520378112793,-0.5186429619789124,-0.058913830667734146,-0.20132224261760712,-0.7131839394569397,-0.1365559846162796,0.2236117273569107,-0.9568738341331482,-0.18279318511486053,-0.2152627408504486,-0.9460416436195374,-0.20140810310840607,0.10801400244235992,0.0005493324715644121,0.0019669807516038418,-0.10832290351390839,-0.0010889855911955237,-0.0007885827217251062,0.11440471559762955,0.41318243741989136,-0.012448405846953392,-0.16407932341098785,0.38763415813446045,-0.022143596783280373,0.1813863217830658,0.7594540119171143,0.10206805914640427,-0.17894873023033142,0.7566045522689819,0.07751775532960892
27,-0.027459004893898964,-0.6286571621894836,-0.20601676404476166,0.13660596311092377,-0.516271710395813,-0.07620972394943237,0.19993886351585388,-0.7242175936698914,-0.15291403234004974,-0.14074857532978058,-0.5180761814117432,-0.06711310893297195,-0.20161539316177368,-0.7117612361907959,-0.14331094920635223,0.22252030670642853,-0.9512077569961548,-0.2026616334915161,-0.2152811586856842,-0.9423076510429382,-0.21300850808620453,0.10800477862358093,0.0005240889149717987,0.001504525076597929,-0.10831274837255478,-0.0010612556943669915,-0.00033629476092755795,0.11276345700025558,0.41326627135276794,-0.012979208491742611,-0.16408394277095795,0.3888441026210785,-0.020276017487049103,0.18028762936592102,0.7610778212547302,0.09319719672203064,-0.17933586239814758,0.7600223422050476,0.07642725110054016
28,-0.020922960713505745,-0.6292956471443176,-0.20968231558799744,0.13709816336631775,-0.5162332057952881,-0.07531243562698364,0.20147822797298431,-0.7251996397972107,-0.14834792912006378,-0.1406545490026474,-0.5182285904884338,-0.07828214764595032,-0.2046836018562317,-0.7157973647117615,-0.16080285608768463,0.22737950086593628,-0.9512514472007751,-0.200301855802536,-0.21787479519844055,-0.9451318383216858,-0.2229255735874176,0.10802572220563889,0.0005540053243748844,0.0028182247187942266,-0.10833555459976196,-0.001094986218959093,-0.0016575987683609128,0.11292321979999542,0.41337013244628906,-0.011819880455732346,-0.16448429226875305,0.38854366540908813,-0.023046785965561867,0.18031229078769684,0.7610752582550049,0.0984511524438858,-0.17984728515148163,0.7572862505912781,0.07654023170471191
29,-0.025224408134818077,-0.6294133067131042,-0.20938587188720703,0.13680703938007355,-0.5161779522895813,-0.07495210319757462,0.20170801877975464,-0.7250116467475891,-0.14829404652118683,-0.14110760390758514,-0.5183411240577698,-0.07377637922763824,-0.20445503294467926,-0.7158234119415283,-0.14319880306720734,0.22723090648651123,-0.9508450031280518,-0.19856002926826477,-0.21646222472190857,-0.9452490210533142,-0.20321525633335114,0.10801886022090912,0.0005119623965583742,0.0020727715454995632,-0.10832732915878296,-0.0010520637733861804,-0.0009077488793991506,0.11274968087673187,0.4126850664615631,-0.012748492881655693,-0.16413646936416626,0.38877755403518677,-0.020506706088781357,0.18028539419174194,0.7606431841850281,0.09857890009880066,-0.17864271998405457,0.7576229572296143,0.07983182370662689
30,-0.024958252906799316,-0.6300719976425171,-0.20885224640369415,0.13703292608261108,-0.515991747379303,-0.07394798845052719,0.20353230834007263,-0.72334885597229,-0.14653529226779938,-0.14107662439346313,-0.5181597471237183,-0.07278385758399963,-0.2045968770980835,-0.7146414518356323,-0.14727957546710968,0.23156557977199554,-0.9483553767204285,-0.19702725112438202,-0.2164667397737503,-0.9453355073928833,-0.21254301071166992,0.10803798586130142,0.0005078032263554633,0.002435893751680851,-0.10834460705518723,-0.0010483496589586139,-0.001271605957299471,0.11370645463466644,0.4132278561592102,-0.012975731864571571,-0.16461795568466187,0.38872063159942627,-0.021313602104783058,0.1808076947927475,0.7605746388435364,0.0994039848446846,-0.1787993311882019,0.7567453980445862,0.08020763844251633
31,-0.022576602175831795,-0.623880922794342,-0.22197802364826202,0.1379573792219162,-0.5138037204742432,-0.08443046361207962,0.20384441316127777,-0.7232858538627625,-0.15757104754447937,-0.13977259397506714,-0.5159420967102051,-0.08604644238948822,-0.20435382425785065,-0.7105672359466553,-0.1711011528968811,0.23140183091163635,-0.9487478733062744,-0.20705869793891907,-0.21879491209983826,-0.9427501559257507,-0.24696342647075653,0.10805639624595642,0.0005145706236362457,0.002619973849505186,-0.10836305469274521,-0.0010559862712398171,-0.001465081819333136,0.11373002827167511,0.41321828961372375,-0.015218842774629593,-0.16477957367897034,0.3887275755405426,-0.022283146157860756,0.18111442029476166,0.7604583501815796,0.09916112571954727,-0.17914298176765442,0.7561951875686646,0.08025401830673218
32,-0.023053297773003578,-0.6253772974014282,-0.22036288678646088,0.13765516877174377,-0.5138145685195923,-0.0843430832028389,0.20340660214424133,-0.724572479724884,-0.15870505571365356,-0.14003555476665497,-0.5160404443740845,-0.08460704237222672,-0.20317105948925018,-0.7108228802680969,-0.1671251505613327,0.22995834052562714,-0.9508281350135803,-0.20794039964675903,-0.21314510703086853,-0.9427642226219177,-0.24573011696338654,0.10803759843111038,0.0005061507108621299,0.00262618251144886,-0.10834340006113052,-0.0010474756127223372,-0.0014707566006109118,0.11347289383411407,0.4132281541824341,-0.011687123216688633,-0.16386519372463226,0.38881716132164,-0.019923502579331398,0.18067105114459991,0.7604004144668579,0.10232055187225342,-0.17914791405200958,0.7565611600875854,0.08192997425794601
33,-0.015642916783690453,-0.6210183501243591,-0.23928484320640564,0.1376512497663498,-0.5089145302772522,-0.09573917835950851,0.20198073983192444,-0.7218371033668518,-0.1697114259004593,-0.13982324302196503,-0.5086855888366699,-0.10527317970991135,-0.20388337969779968,-0.696638286113739,-0.20725610852241516,0.22792387008666992,-0.9499691724777222,-0.2236967384815216,-0.21322977542877197,-0.9316076040267944,-0.2940550148487091,0.10805893689393997,0.000325927248923108,0.0034553157165646553,-0.10836639255285263,-0.0008728837128728628,-0.002307591959834099,0.11318624764680862,0.41364988684654236,-0.01241375133395195,-0.16309058666229248,0.38975101709365845,-0.022758176550269127,0.18066143989562988,0.7603663802146912,0.09879942983388901,-0.1791142225265503,0.758955717086792,0.07549621164798737
34,-0.009613673202693462,-0.6220353841781616,-0.24007181823253632,0.13769440352916718,-0.5087707042694092,-0.0957934632897377,0.20102077722549438,-0.7226186990737915,-0.17216552793979645,-0.13950806856155396,-0.5068953633308411,-0.11245588213205338,-0.20276902616024017,-0.6957983374595642,-0.2206810861825943,0.2278018444776535,-0.9506168961524963,-0.2311568558216095,-0.20689649879932404,-0.9294483065605164,-0.30075111985206604,0.10808786749839783,0.00027894729282706976,0.0047107175923883915,-0.10839702934026718,-0.0008264510543085635,-0.0035720986779779196,0.11366808414459229,0.4142315983772278,-0.008952165953814983,-0.16319294273853302,0.3896775245666504,-0.024431010708212852,0.18146732449531555,0.7602413892745972,0.10948097705841064,-0.17894257605075836,0.7561899423599243,0.07796971499919891
35,-0.009365493431687355,-0.6198535561561584,-0.24993161857128143,0.13713832199573517,-0.5068971514701843,-0.1021939218044281,0.19956547021865845,-0.7225295901298523,-0.17781732976436615,-0.1395806521177292,-0.5029396414756775,-0.12305493652820587,-0.2039896696805954,-0.6916748285293579,-0.23700615763664246,0.22545868158340454,-0.9506412148475647,-0.2370167374610901,-0.20795029401779175,-0.9257804155349731,-0.3227044939994812,0.10809479653835297,0.0002318576880497858,0.005643912591040134,-0.10840485244989395,-0.0007805141503922641,-0.004523773677647114,0.11368153989315033,0.41448700428009033,-0.010064841248095036,-0.16365772485733032,0.3896332383155823,-0.029297012835741043,0.18065635859966278,0.7608354091644287,0.10630712658166885,-0.17904651165008545,0.7562206983566284,0.0741293877363205
36,-0.005425937473773956,-0.6211999654769897,-0.24733933806419373,0.13731613755226135,-0.5073382258415222,-0.10074672847986221,0.1994234025478363,-0.726111114025116,-0.17508366703987122,-0.1392708420753479,-0.503398060798645,-0.11917269229888916,-0.2046082615852356,-0.6938362717628479,-0.2269384115934372,0.22644461691379547,-0.9548845887184143,-0.2364460527896881,-0.20755739510059357,-0.9266324639320374,-0.31627804040908813,0.10806508362293243,0.0002282019704580307,0.005800832062959671,-0.10837583988904953,-0.0007782144821248949,-0.004677447956055403,0.11406362056732178,0.41456133127212524,-0.008362837135791779,-0.16374017298221588,0.3890148997306824,-0.02896934747695923,0.18094654381275177,0.7607946991920471,0.10769645124673843,-0.17976488173007965,0.7543938755989075,0.07628694176673889
37,-0.005805236287415028,-0.6224520206451416,-0.2458021491765976,0.13704541325569153,-0.5075727701187134,-0.10004227608442307,0.19806042313575745,-0.726421594619751,-0.17792454361915588,-0.13933001458644867,-0.5041143894195557,-0.11724091321229935,-0.20460672676563263,-0.6962191462516785,-0.22199563682079315,0.22509168088436127,-0.9549878835678101,-0.24169307947158813,-0.2082269936800003,-0.9298175573348999,-0.30662986636161804,0.1080368161201477,0.00020215693803038448,0.005883701611310244,-0.10834810882806778,-0.000751856598071754,-0.0047647785395383835,0.11646731942892075,0.41411757469177246,-0.008331592194736004,-0.16373664140701294,0.388916552066803,-0.02985386736690998,0.18341851234436035,0.7590571045875549,0.10892949998378754,-0.17842045426368713,0.7543743848800659,0.07628660649061203
38,-0.005405229516327381,-0.622570276260376,-0.2467406839132309,0.1370239406824112,-0.5075228214263916,-0.09987016767263412,0.19769488275051117,-0.7259761691093445,-0.1800905019044876,-0.13929341733455658,-0.50404953956604,-0.12053564935922623,-0.20386645197868347,-0.6963890194892883,-0.23167963325977325,0.22495129704475403,-0.9534068703651428,-0.24725648760795593,-0.2073291689157486,-0.92991042137146,-0.31144022941589355,0.10804914683103561,0.00016060339112300426,0.006265787407755852,-0.10836420208215714,-0.000711400352884084,-0.00515856733545661,0.11705222725868225,0.4140452444553375,-0.009157344698905945,-0.16467757523059845,0.38851407170295715,-0.033946845680475235,0.1828187108039856,0.7580691576004028,0.10944456607103348,-0.17811083793640137,0.7538583278656006,0.07437366992235184
39,-0.004233065061271191,-0.6274556517601013,-0.23581542074680328,0.1373354196548462,-0.5096404552459717,-0.08899552375078201,0.19767162203788757,-0.7289219498634338,-0.1630645990371704,-0.13893961906433105,-0.5087913870811462,-0.1128573790192604,-0.20190145075321198,-0.7104253768920898,-0.20148202776908875,0.22465606033802032,-0.9553546905517578,-0.22732536494731903,-0.20741340517997742,-0.9433380961418152,-0.25024279952049255,0.10804478079080582,0.0002038897800957784,0.006311819422990084,-0.10836050659418106,-0.0007551186718046665,-0.005201925523579121,0.11863106489181519,0.41385984420776367,-0.009039895609021187,-0.16480709612369537,0.38750556111335754,-0.03400620445609093,0.18509450554847717,0.7568797469139099,0.11038487404584885,-0.17775693535804749,0.751849889755249,0.07443548738956451
40,-0.004319305997341871,-0.6405205726623535,-0.22646595537662506,0.1372208446264267,-0.5122987627983093,-0.07929352670907974,0.19803091883659363,-0.7302117943763733,-0.1474160999059677,-0.13897764682769775,-0.513509213924408,-0.10623261332511902,-0.2011333703994751,-0.7198614478111267,-0.1852700561285019,0.22511112689971924,-0.9554054141044617,-0.20885568857192993,-0.20837382972240448,-0.9498327970504761,-0.2263883352279663,0.10803534835577011,0.0002636656863614917,0.0065527609549462795,-0.10835069417953491,-0.0008141697035171092,-0.005434703081846237,0.118715800344944,0.41396278142929077,-0.002487289486452937,-0.1643522083759308,0.3873271346092224,-0.03150452673435211,0.1858758181333542,0.7568957805633545,0.11595383286476135,-0.1771310418844223,0.7514198422431946,0.07681342214345932
41,-0.0036986079066991806,-0.6408743858337402,-0.22625522315502167,0.1372237503528595,-0.512343168258667,-0.078756183385849,0.19804596900939941,-0.7300812005996704,-0.14889675378799438,-0.13899680972099304,-0.513442873954773,-0.10462957620620728,-0.20141272246837616,-0.7194702625274658,-0.18618524074554443,0.22493331134319305,-0.9548371434211731,-0.21083979308605194,-0.20982779562473297,-0.9490380883216858,-0.23315264284610748,0.10803744196891785,0.00025772771914489567,0.006593325175344944,-0.1083543673157692,-0.0008089044713415205,-0.00547420047223568,0.11869599670171738,0.41412338614463806,-0.0022772199008613825,-0.1651516705751419,0.38694337010383606,-0.03108847513794899,0.18565499782562256,0.7563140988349915,0.11772424727678299,-0.17812703549861908,0.7504584193229675,0.0773095041513443
42,-0.004129947628825903,-0.6429664492607117,-0.2195354700088501,0.1372312307357788,-0.5127912163734436,-0.07531292736530304,0.19815334677696228,-0.7300627827644348,-0.14648830890655518,-0.13889233767986298,-0.5145794153213501,-0.09666667133569717,-0.19890744984149933,-0.7198486328125,-0.17526844143867493,0.22422632575035095,-0.9547683000564575,-0.2076367735862732,-0.2088128626346588,-0.9517032504081726,-0.22002124786376953,0.10802245885133743,0.00029444313258863986,0.006180511321872473,-0.1083405539393425,-0.000843590241856873,-0.005058804992586374,0.12067849934101105,0.41413938999176025,-0.002387566026300192,-0.16532045602798462,0.3862907290458679,-0.028946993872523308,0.18827445805072784,0.7563627362251282,0.11609117686748505,-0.177479550242424,0.7502395510673523,0.07842624187469482
43,-0.0033703725785017014,-0.6405959129333496,-0.23186904191970825,0.13687756657600403,-0.5096251368522644,-0.08496661484241486,0.1956007331609726,-0.7254418134689331,-0.16435091197490692,-0.13884520530700684,-0.5108727216720581,-0.11027750372886658,-0.19880543649196625,-0.7133098840713501,-0.2114238739013672,0.2222393900156021,-0.950427770614624,-0.23540718853473663,-0.20884539186954498,-0.9513126015663147,-0.27730047702789307,0.10798687487840652,0.0002459456736687571,0.006397567689418793,-0.10830611735582352,-0.0007952867308631539,-0.005291058216243982,0.12064319103956223,0.4142299294471741,-0.0030836050864309072,-0.16569295525550842,0.38647526502609253,-0.03085382841527462,0.18671594560146332,0.7580623626708984,0.11070916801691055,-0.1770598590373993,0.7517668008804321,0.07485610991716385
44,-0.0011434911284595728,-0.6387425065040588,-0.24614323675632477,0.139505073428154,-0.5056211948394775,-0.10084076225757599,0.20086592435836792,-0.7195948362350464,-0.18461014330387115,-0.13691496849060059,-0.510448694229126,-0.12086672335863113,-0.19492985308170319,-0.7131909728050232,-0.22103457152843475,0.22809047996997833,-0.9435072541236877,-0.25587010383605957,-0.20331022143363953,-0.9512696862220764,-0.2866557538509369,0.10798852890729904,0.00020573049550876021,0.006418426986783743,-0.10830968618392944,-0.0007564378320239484,-0.005312703549861908,0.1234993115067482,0.41422951221466064,-0.0030118071008473635,-0.163559228181839,0.3866458535194397,-0.029795076698064804,0.18844468891620636,0.7565110921859741,0.11433940380811691,-0.17183150351047516,0.7518855929374695,0.07779676467180252
45,-0.0017639626748859882,-0.6385924220085144,-0.24547217786312103,0.1386437714099884,-0.5061631798744202,-0.09949599951505661,0.19817644357681274,-0.7210565805435181,-0.18266859650611877,-0.13731978833675385,-0.5104456543922424,-0.12046603113412857,-0.19718796014785767,-0.7131008505821228,-0.21622078120708466,0.22177442908287048,-0.9454814195632935,-0.2525167465209961,-0.20615006983280182,-0.9510806202888489,-0.27542540431022644,0.10796546190977097,0.00023714998678769916,0.006416916847229004,-0.10828637331724167,-0.0007860842742957175,-0.0053115529008209705,0.12346754223108292,0.41425517201423645,-0.006074907723814249,-0.165903240442276,0.3862048089504242,-0.03150368854403496,0.18833985924720764,0.7563261389732361,0.11408374458551407,-0.1728695034980774,0.750729501247406,0.07770497351884842
46,-0.0005324261728674173,-0.6384779214859009,-0.2480861246585846,0.1393422931432724,-0.506249189376831,-0.10080007463693619,0.19875656068325043,-0.7212024331092834,-0.1820680797100067,-0.13672083616256714,-0.5104362964630127,-0.12299206852912903,-0.19597089290618896,-0.7131940126419067,-0.2190212458372116,0.22238396108150482,-0.9451886415481567,-0.2508177161216736,-0.20340166985988617,-0.9508782029151917,-0.277539998292923,0.10796236246824265,0.00020848777785431594,0.00654018297791481,-0.10828536003828049,-0.0007572859758511186,-0.005441061221063137,0.12752003967761993,0.4140436053276062,-0.0032109119929373264,-0.1652253270149231,0.3862622380256653,-0.030773984268307686,0.18910634517669678,0.7562825679779053,0.11439801007509232,-0.17256104946136475,0.7515591979026794,0.07759653031826019
47,-0.0018359614768996835,-0.6405360102653503,-0.23690392076969147,0.1396303027868271,-0.506859540939331,-0.09810939431190491,0.19872169196605682,-0.7212412357330322,-0.18087829649448395,-0.13662710785865784,-0.511616587638855,-0.10825762897729874,-0.1957760602235794,-0.7136168479919434,-0.2018459439277649,0.22221267223358154,-0.9452825784683228,-0.2491476982831955,-0.20349296927452087,-0.9513332843780518,-0.2638740539550781,0.10790051519870758,0.000206647309823893,0.005889759864658117,-0.10822218656539917,-0.0007542583625763655,-0.004802492912858725,0.13152751326560974,0.4138262867927551,-0.0069734384305775166,-0.16514906287193298,0.38515347242355347,-0.03064424730837345,0.1888551265001297,0.7547562122344971,0.11078320443630219,-0.1662173569202423,0.7514092922210693,0.07734858989715576
48,0.003908677492290735,-0.6387935280799866,-0.2388220876455307,0.1419370025396347,-0.5054530501365662,-0.09962103515863419,0.19810685515403748,-0.7212530374526978,-0.19113942980766296,-0.132912278175354,-0.5092577338218689,-0.11573217064142227,-0.18343916535377502,-0.712419867515564,-0.22224292159080505,0.21689124405384064,-0.9467648267745972,-0.2646670937538147,-0.1856725662946701,-0.9512550234794617,-0.28574490547180176,0.10790213197469711,0.00023611342476215214,0.0063457246869802475,-0.10822180658578873,-0.0007795154815539718,-0.005282038822770119,0.13314254581928253,0.41277122497558594,-0.008520207367837429,-0.16835376620292664,0.38403257727622986,-0.036075230687856674,0.18685175478458405,0.7545678019523621,0.11067806929349899,-0.16657310724258423,0.7493196129798889,0.0758611261844635
49,0.008393054828047752,-0.6246160864830017,-0.27923840284347534,0.14177550375461578,-0.49984031915664673,-0.12955091893672943,0.19751137495040894,-0.7208366394042969,-0.22499419748783112,-0.13156530261039734,-0.5000942945480347,-0.16334344446659088,-0.18354995548725128,-0.7014346718788147,-0.2810157835483551,0.21214976906776428,-0.9469305872917175,-0.30723637342453003,-0.18411299586296082,-0.9422524571418762,-0.35029348731040955,0.10783521085977554,0.00039827919681556523,0.007750666234642267,-0.10816068202257156,-0.0009338781237602234,-0.006718149874359369,0.13338521122932434,0.4125228822231293,-0.010566670447587967,-0.17121487855911255,0.3840714991092682,-0.04666348919272423,0.18340355157852173,0.7546402215957642,0.11127331852912903,-0.16747568547725677,0.7492756843566895,0.06818404048681259
50,0.017079008743166924,-0.6295967102050781,-0.27265581488609314,0.14254528284072876,-0.5038525462150574,-0.12715469300746918,0.19867976009845734,-0.7374993562698364,-0.20597989857196808,-0.12939320504665375,-0.5031223893165588,-0.15981531143188477,-0.18372094631195068,-0.7101235389709473,-0.26633220911026,0.21324706077575684,-0.9588953852653503,-0.291297972202301,-0.185036763548851,-0.9503820538520813,-0.345352441072464,0.10770780593156815,0.0006137173622846603,0.008779481053352356,-0.10804975777864456,-0.0011473777703940868,-0.007770506665110588,0.1543211042881012,0.40093159675598145,-0.021624762564897537,-0.17866574227809906,0.37587231397628784,-0.0760444775223732,0.1915310025215149,0.739866316318512,0.11099567264318466,-0.16622260212898254,0.7345300912857056,0.0480068065226078
51,0.019863387569785118,-0.6296731233596802,-0.27771928906440735,0.14387807250022888,-0.503226101398468,-0.12754933536052704,0.205214262008667,-0.7366467714309692,-0.2076423168182373,-0.12823231518268585,-0.5031488537788391,-0.1672729253768921,-0.18392252922058105,-0.7105293273925781,-0.2705761194229126,0.21983453631401062,-0.9589373469352722,-0.29113930463790894,-0.18594299256801605,-0.9528895616531372,-0.32933297753334045,0.10769779980182648,0.0009511348325759172,0.009320877492427826,-0.10804376751184464,-0.001472030533477664,-0.008334350772202015,0.16672863066196442,0.39367708563804626,-0.03331003710627556,-0.18238724768161774,0.37003374099731445,-0.08921296149492264,0.19495698809623718,0.7339309453964233,0.1072210818529129,-0.16621339321136475,0.7245240211486816,0.04250800609588623
52,0.02300773561000824,-0.628485381603241,-0.29619738459587097,0.14767979085445404,-0.5002150535583496,-0.14238104224205017,0.20901289582252502,-0.7367510795593262,-0.23047515749931335,-0.12157369405031204,-0.5020065307617188,-0.18806418776512146,-0.18255023658275604,-0.7096737027168274,-0.3000008165836334,0.2254367470741272,-0.960919201374054,-0.3104993999004364,-0.1935473531484604,-0.9505761861801147,-0.35933834314346313,0.10761050134897232,0.0019399370066821575,0.009956945665180683,-0.10796705633401871,-0.0024234713055193424,-0.008976181037724018,0.1778026968240738,0.3872058689594269,-0.03938804939389229,-0.18200670182704926,0.360487163066864,-0.10705013573169708,0.2036559283733368,0.7267012000083923,0.09747172892093658,-0.16472692787647247,0.7151601910591125,0.0243770033121109
53,0.02817797288298607,-0.6296300888061523,-0.28544890880584717,0.14806319773197174,-0.5003138780593872,-0.12966886162757874,0.21508260071277618,-0.7411080002784729,-0.2010938674211502,-0.12020114064216614,-0.5063744783401489,-0.18115021288394928,-0.18283629417419434,-0.7239269018173218,-0.2919810116291046,0.23138877749443054,-0.9646493792533875,-0.2776857912540436,-0.19865286350250244,-0.9657798409461975,-0.3286546468734741,0.10745900869369507,0.003518178127706051,0.010918855667114258,-0.10782955586910248,-0.003980748355388641,-0.009925750084221363,0.17798888683319092,0.37849682569503784,-0.06115914508700371,-0.18622446060180664,0.3509889543056488,-0.13547350466251373,0.2028760313987732,0.7127371430397034,0.07688861340284348,-0.16666683554649353,0.7060413956642151,-0.0061771259643137455
54,0.03359724208712578,-0.6296718716621399,-0.2820707857608795,0.14818446338176727,-0.5002108812332153,-0.11984320729970932,0.21637766063213348,-0.7411008477210999,-0.1861756592988968,-0.119251549243927,-0.5097075700759888,-0.1801901012659073,-0.1840808391571045,-0.7305734753608704,-0.287889301776886,0.23977184295654297,-0.964592695236206,-0.2625810503959656,-0.2011277824640274,-0.9725249409675598,-0.3275313079357147,0.10721182823181152,0.0050550284795463085,0.012309538200497627,-0.1075986698269844,-0.005493510514497757,-0.011316753923892975,0.18305182456970215,0.3751036822795868,-0.05870562046766281,-0.19227732717990875,0.339449942111969,-0.1459352821111679,0.20613540709018707,0.7072494029998779,0.07112779468297958,-0.1693044900894165,0.6947430968284607,-0.017836762592196465
55,0.03495999798178673,-0.6270266175270081,-0.28315433859825134,0.1537603735923767,-0.49731287360191345,-0.12572763860225677,0.21991604566574097,-0.7433661222457886,-0.2044530212879181,-0.11585508286952972,-0.5095119476318359,-0.17883771657943726,-0.18439561128616333,-0.7298456430435181,-0.285636305809021,0.24832211434841156,-0.9735293984413147,-0.2809593081474304,-0.2075089067220688,-0.9712929725646973,-0.32664772868156433,0.10728118568658829,0.0053779361769557,0.011899204924702644,-0.10767407715320587,-0.005806908942759037,-0.010896759107708931,0.19913257658481598,0.3641277253627777,-0.08280462771654129,-0.2021336555480957,0.3326094448566437,-0.14225681126117706,0.2130134254693985,0.6915714740753174,0.06176524609327316,-0.17381156980991364,0.6812401413917542,-0.008958020247519016
56,0.03468405082821846,-0.6232271194458008,-0.28225016593933105,0.16002526879310608,-0.4934917390346527,-0.1280367374420166,0.23028884828090668,-0.7474159598350525,-0.21170704066753387,-0.11130189150571823,-0.5037978291511536,-0.1720799058675766,-0.18443511426448822,-0.7280781865119934,-0.26507243514060974,0.2656184434890747,-0.9829304814338684,-0.28184884786605835,-0.21198897063732147,-0.9693894386291504,-0.308928519487381,0.10771550983190536,0.005951785948127508,0.011264340952038765,-0.10810866951942444,-0.006378811784088612,-0.010253173299133778,0.2053014487028122,0.3286806046962738,-0.17206861078739166,-0.22881245613098145,0.30221128463745117,-0.18141964077949524,0.20007401704788208,0.6442256569862366,0.006156145595014095,-0.18389549851417542,0.6462121605873108,-0.030211180448532104
57,0.03343158960342407,-0.6306423544883728,-0.2633492052555084,0.15971872210502625,-0.4940498173236847,-0.11644621193408966,0.22968429327011108,-0.7507463097572327,-0.19389638304710388,-0.1114809587597847,-0.5056277513504028,-0.1554746776819229,-0.1849697083234787,-0.7347432374954224,-0.23853109776973724,0.2667703926563263,-0.988588809967041,-0.2665064334869385,-0.21153967082500458,-0.9765357971191406,-0.281587690114975,0.10777413100004196,0.005984741263091564,0.010964037850499153,-0.1081600934267044,-0.006411802489310503,-0.00994151271879673,0.2165650874376297,0.32457759976387024,-0.1623551994562149,-0.23226022720336914,0.3000173270702362,-0.1718233972787857,0.2128349095582962,0.642525851726532,0.010280734859406948,-0.1857670545578003,0.6476573944091797,-0.023476237431168556
58,0.03353453055024147,-0.6310970187187195,-0.26391351222991943,0.16422325372695923,-0.4907555878162384,-0.11628896743059158,0.2361709326505661,-0.7415656447410583,-0.19444672763347626,-0.11147785931825638,-0.5044467449188232,-0.1527087241411209,-0.18545858561992645,-0.7287982106208801,-0.23888792097568512,0.2804497480392456,-0.9828450083732605,-0.2661798894405365,-0.21124142408370972,-0.9677414298057556,-0.28413787484169006,0.10868530720472336,0.006004589144140482,0.010974107310175896,-0.10905895382165909,-0.006431095767766237,-0.009945175610482693,0.2298608422279358,0.3089245855808258,-0.1939399689435959,-0.23921415209770203,0.28965678811073303,-0.19645003974437714,0.21283981204032898,0.6146434545516968,-0.0031588496640324593,-0.1863098442554474,0.6310778856277466,-0.034181445837020874
59,0.033495716750621796,-0.6284765005111694,-0.2644985616207123,0.16613829135894775,-0.4867308437824249,-0.11833692342042923,0.24150528013706207,-0.7375184297561646,-0.19842788577079773,-0.11157222837209702,-0.5018845200538635,-0.15159334242343903,-0.18685097992420197,-0.727384626865387,-0.237656831741333,0.2867249846458435,-0.9821159243583679,-0.2665715217590332,-0.2115592509508133,-0.9676000475883484,-0.28445911407470703,0.1092744842171669,0.006019461899995804,0.011044389568269253,-0.10960610210895538,-0.006444965954869986,-0.009999487549066544,0.2407948225736618,0.3032405972480774,-0.20243427157402039,-0.24771706759929657,0.28025275468826294,-0.20160777866840363,0.21554501354694366,0.6144294738769531,-0.015504651702940464,-0.19216838479042053,0.6173481941223145,-0.03633524104952812
60,0.03185515105724335,-0.6310412883758545,-0.2518874704837799,0.16541025042533875,-0.48692455887794495,-0.1087116226553917,0.24003100395202637,-0.723246157169342,-0.19553837180137634,-0.116827592253685,-0.501929759979248,-0.14093133807182312,-0.18769392371177673,-0.7259953022003174,-0.23246312141418457,0.28814515471458435,-0.9512907862663269,-0.2677178382873535,-0.21130338311195374,-0.9645742774009705,-0.2782696783542633,0.11034706979990005,0.005917515140026808,0.011087230406701565,-0.11061452329158783,-0.006349682342261076,-0.010018990375101566,0.24538053572177887,0.2844155728816986,-0.232626274228096,-0.26096877455711365,0.26005733013153076,-0.2173127830028534,0.21519489586353302,0.5844013094902039,-0.03215661272406578,-0.1913577914237976,0.593539297580719,-0.044915881007909775
61,0.03214550390839577,-0.6154139637947083,-0.2977766692638397,0.1680678278207779,-0.47455838322639465,-0.1471482515335083,0.2462891787290573,-0.7171844244003296,-0.23542164266109467,-0.11680502444505692,-0.4895118474960327,-0.17371760308742523,-0.19007883965969086,-0.7107566595077515,-0.27527105808258057,0.2940668761730194,-0.953779935836792,-0.30140557885169983,-0.2136334776878357,-0.9570637345314026,-0.3339988589286804,0.11142051964998245,0.005614071153104305,0.011214982718229294,-0.11166854947805405,-0.006034942343831062,-0.010126683861017227,0.25432631373405457,0.27105751633644104,-0.24872370064258575,-0.2661983370780945,0.2515566051006317,-0.23940086364746094,0.2149295061826706,0.5774959921836853,-0.05796303227543831,-0.19116860628128052,0.5870257616043091,-0.07091277837753296
62,0.02907102182507515,-0.6111252903938293,-0.30797621607780457,0.16681475937366486,-0.47005704045295715,-0.1590774655342102,0.24748535454273224,-0.7100952863693237,-0.252387136220932,-0.11973582953214645,-0.4861961305141449,-0.1866224706172943,-0.1981392800807953,-0.7097415328025818,-0.2962634563446045,0.2936416268348694,-0.9476304650306702,-0.32222071290016174,-0.2200092375278473,-0.9567639827728271,-0.3613678216934204,0.11175919324159622,0.005582830868661404,0.011405149474740028,-0.11201102286577225,-0.006000913213938475,-0.010299136862158775,0.2538645565509796,0.27030476927757263,-0.2502012550830841,-0.26458269357681274,0.24563710391521454,-0.2496006190776825,0.2109575867652893,0.5657624006271362,-0.04889883100986481,-0.19002246856689453,0.5805243849754333,-0.07147198915481567
63,0.027232998982071877,-0.6045501232147217,-0.32158756256103516,0.16700439155101776,-0.46646666526794434,-0.16688960790634155,0.2524883449077606,-0.7114375829696655,-0.2604486644268036,-0.120081327855587,-0.4775359034538269,-0.19762901961803436,-0.20626290142536163,-0.6948416233062744,-0.30282390117645264,0.30093127489089966,-0.9533261060714722,-0.32700812816619873,-0.2285456657409668,-0.9406737089157104,-0.37322676181793213,0.1121692955493927,0.0057421401143074036,0.01164518017321825,-0.11242568492889404,-0.00614153640344739,-0.010527482256293297,0.25704050064086914,0.2567179799079895,-0.25872722268104553,-0.2631049156188965,0.22578173875808716,-0.2586323618888855,0.21202221512794495,0.5595331788063049,-0.08075615018606186,-0.18285687267780304,0.562695324420929,-0.09482944011688232
64,0.027200588956475258,-0.6115557551383972,-0.3115593492984772,0.16690592467784882,-0.46740710735321045,-0.15784864127635956,0.2517681121826172,-0.7123059034347534,-0.2538279592990875,-0.1211080551147461,-0.4781554341316223,-0.1879601627588272,-0.20579887926578522,-0.6954095363616943,-0.2889746129512787,0.30058804154396057,-0.955510139465332,-0.3253716230392456,-0.22711804509162903,-0.9364733695983887,-0.37140092253685,0.11234200745820999,0.005868254695087671,0.011674847453832626,-0.11258675158023834,-0.0062584299594163895,-0.01055213063955307,0.27160629630088806,0.23559369146823883,-0.2631087601184845,-0.2647664546966553,0.20172855257987976,-0.2591154873371124,0.21581615507602692,0.5256257653236389,-0.08621928095817566,-0.18091708421707153,0.5216241478919983,-0.0914200097322464
65,0.045078445225954056,-0.5950241684913635,-0.3312109112739563,0.17561683058738708,-0.4609425365924835,-0.16781702637672424,0.27297064661979675,-0.7112723588943481,-0.25625815987586975,-0.1157783716917038,-0.4726099669933319,-0.2043074369430542,-0.20803621411323547,-0.692050576210022,-0.2969323694705963,0.3419240415096283,-0.9559961557388306,-0.322411447763443,-0.2337009459733963,-0.9375308752059937,-0.3627825379371643,0.11368437856435776,0.005910816136747599,0.012175443582236767,-0.11387743055820465,-0.006300299894064665,-0.010998919606208801,0.27485179901123047,0.22601571679115295,-0.27664071321487427,-0.2741221487522125,0.178021639585495,-0.28495654463768005,0.22031942009925842,0.502618670463562,-0.08431195467710495,-0.1891392320394516,0.509450376033783,-0.10660376399755478
66,0.04355442151427269,-0.589741051197052,-0.33822253346443176,0.17701789736747742,-0.4547959864139557,-0.18578973412513733,0.2695409059524536,-0.7056214809417725,-0.2878535985946655,-0.11347293108701706,-0.465499609708786,-0.2040589451789856,-0.2074042111635208,-0.6817750930786133,-0.2972227931022644,0.3338383138179779,-0.9532730579376221,-0.3521471619606018,-0.2323361486196518,-0.9312916398048401,-0.3669826090335846,0.11428835988044739,0.005894678179174662,0.011602266691625118,-0.11443381756544113,-0.006284200120717287,-0.010322269052267075,0.27363815903663635,0.21360257267951965,-0.29463669657707214,-0.28203579783439636,0.16568979620933533,-0.28940871357917786,0.22185268998146057,0.4919359087944031,-0.10231692343950272,-0.19430941343307495,0.5035107731819153,-0.11359860748052597
67,0.03348619490861893,-0.5946941375732422,-0.3258435130119324,0.1747819036245346,-0.4561620056629181,-0.1832507699728012,0.2698493003845215,-0.7060238122940063,-0.28465113043785095,-0.12210720032453537,-0.46653324365615845,-0.18944208323955536,-0.2288455218076706,-0.6795645356178284,-0.27981629967689514,0.32978755235671997,-0.9524719715118408,-0.3440466821193695,-0.25105738639831543,-0.9263685941696167,-0.34470394253730774,0.11500933021306992,0.005651612300425768,0.01153623592108488,-0.11509659141302109,-0.006028049625456333,-0.01022307202219963,0.2729213833808899,0.19384922087192535,-0.3048783838748932,-0.296317994594574,0.15304233133792877,-0.29405441880226135,0.23119063675403595,0.4783238172531128,-0.11519381403923035,-0.19413810968399048,0.4870571494102478,-0.1228511780500412
68,0.03561282157897949,-0.5911592245101929,-0.3243522346019745,0.1746307611465454,-0.4571019113063812,-0.1756417602300644,0.26872509717941284,-0.7062853574752808,-0.26884526014328003,-0.12342433631420135,-0.46766209602355957,-0.19199343025684357,-0.23168079555034637,-0.6889094710350037,-0.28201159834861755,0.3341608941555023,-0.9572514891624451,-0.3283115029335022,-0.2519661486148834,-0.9408595561981201,-0.3436831831932068,0.11596380174160004,0.005640926770865917,0.011680271476507187,-0.11604361981153488,-0.006020477972924709,-0.010338615626096725,0.27634233236312866,0.1899615228176117,-0.3009999990463257,-0.30753859877586365,0.13983210921287537,-0.2967105507850647,0.2306351512670517,0.4521327614784241,-0.10862109065055847,-0.20677097141742706,0.4682652950286865,-0.12221498787403107
69,0.042086608707904816,-0.5906822681427002,-0.3221103549003601,0.17411983013153076,-0.45760783553123474,-0.1667851358652115,0.26837173104286194,-0.7052790522575378,-0.25141552090644836,-0.1243245005607605,-0.4700341820716858,-0.1936263144016266,-0.23578952252864838,-0.6895413994789124,-0.2834182381629944,0.3397238254547119,-0.9571189880371094,-0.3117219805717468,-0.2518365681171417,-0.9400668740272522,-0.34362226724624634,0.11612318456172943,0.005713123828172684,0.012431833893060684,-0.1162119060754776,-0.006094182841479778,-0.011076071299612522,0.2939457893371582,0.18097588419914246,-0.2904003858566284,-0.307145893573761,0.1286529004573822,-0.29993438720703125,0.25214684009552,0.4441603720188141,-0.10670532286167145,-0.21126653254032135,0.4432477056980133,-0.12115882337093353
70,0.047627147287130356,-0.5747035145759583,-0.3272205591201782,0.1739535629749298,-0.45372748374938965,-0.1674807220697403,0.267901211977005,-0.7027450799942017,-0.251992404460907,-0.12376443296670914,-0.4689866304397583,-0.20293912291526794,-0.23511528968811035,-0.6840775609016418,-0.28963491320610046,0.3500869870185852,-0.958210289478302,-0.31123587489128113,-0.25178062915802,-0.9293292164802551,-0.3452368378639221,0.11635808646678925,0.00562263373285532,0.012935641221702099,-0.11644385755062103,-0.006013025995343924,-0.011541591957211494,0.3030390739440918,0.16049884259700775,-0.2900340259075165,-0.30640709400177,0.1082356795668602,-0.31315720081329346,0.24894316494464874,0.422782838344574,-0.09753009676933289,-0.2104141265153885,0.4256344735622406,-0.12354861199855804
71,0.05212246999144554,-0.5725654363632202,-0.32698842883110046,0.17677895724773407,-0.4496762752532959,-0.16720962524414062,0.267739862203598,-0.6903760433197021,-0.25222545862197876,-0.1228274405002594,-0.4675271213054657,-0.2023581713438034,-0.2345299869775772,-0.6756419539451599,-0.28967776894569397,0.3526146411895752,-0.9507480263710022,-0.31195276975631714,-0.25082769989967346,-0.922319769859314,-0.3486374020576477,0.11678527295589447,0.006341978441923857,0.01320647168904543,-0.11684173345565796,-0.006750853732228279,-0.011772926896810532,0.30286651849746704,0.15388894081115723,-0.28957587480545044,-0.30525273084640503,0.08600985258817673,-0.3178558945655823,0.2469644397497177,0.416398823261261,-0.10503474622964859,-0.210735023021698,0.41481754183769226,-0.1418297290802002
72,0.05217679217457771,-0.574080765247345,-0.3281831741333008,0.183488667011261,-0.44771409034729004,-0.1702875792980194,0.27373912930488586,-0.6817760467529297,-0.26129019260406494,-0.11935607343912125,-0.46061262488365173,-0.201778382062912,-0.2337496131658554,-0.6570469737052917,-0.291322261095047,0.36467164754867554,-0.9416426420211792,-0.31949490308761597,-0.2501893639564514,-0.904630184173584,-0.3572576344013214,0.11739429086446762,0.006846203003078699,0.013195769861340523,-0.11741948127746582,-0.0072677419520914555,-0.011743521317839622,0.3010724186897278,0.1354406177997589,-0.2989576458930969,-0.3017132878303528,0.06724108755588531,-0.3273046612739563,0.24369333684444427,0.40180206298828125,-0.12104934453964233,-0.20278796553611755,0.4047584533691406,-0.1620062291622162
73,0.05148254707455635,-0.5767565369606018,-0.3274797201156616,0.18516363203525543,-0.4465456008911133,-0.17124401032924652,0.28096097707748413,-0.6813412308692932,-0.26475071907043457,-0.11927869915962219,-0.4562416970729828,-0.19999247789382935,-0.23464107513427734,-0.6596298217773438,-0.28918156027793884,0.36337578296661377,-0.9355114698410034,-0.3233456611633301,-0.2586352527141571,-0.9072975516319275,-0.3514419198036194,0.11765115708112717,0.00687071168795228,0.012768030166625977,-0.11767443269491196,-0.007293835747987032,-0.011292027309536934,0.3001566529273987,0.11814882606267929,-0.3108217418193817,-0.31233736872673035,0.05985419824719429,-0.32637491822242737,0.23557476699352264,0.3949318528175354,-0.13193871080875397,-0.20275020599365234,0.39979609847068787,-0.16198402643203735
74,0.04926739260554314,-0.6005095839500427,-0.31219255924224854,0.18493612110614777,-0.45845675468444824,-0.16582734882831573,0.28076449036598206,-0.6918569803237915,-0.25604248046875,-0.11902070790529251,-0.45929500460624695,-0.18800418078899384,-0.23196646571159363,-0.6724855899810791,-0.27868953347206116,0.36195528507232666,-0.9414015412330627,-0.30757996439933777,-0.2585090398788452,-0.9283820390701294,-0.3382534384727478,0.11771687120199203,0.006698498968034983,0.012466379441320896,-0.1177409291267395,-0.007135659921914339,-0.010980893857777119,0.2984997630119324,0.06019812077283859,-0.3067062795162201,-0.3111132085323334,0.005637364462018013,-0.32529887557029724,0.23312793672084808,0.3374755382537842,-0.13772499561309814,-0.1897832751274109,0.3442445695400238,-0.1701144278049469
75,0.042144350707530975,-0.6036436557769775,-0.30405667424201965,0.18340475857257843,-0.45941585302352905,-0.16108466684818268,0.2761870324611664,-0.6920307874679565,-0.25595197081565857,-0.12445539236068726,-0.46280330419540405,-0.17666979134082794,-0.25576120615005493,-0.676244854927063,-0.2707715332508087,0.3613704442977905,-0.9416208863258362,-0.3120065927505493,-0.28551068902015686,-0.9289425015449524,-0.33643364906311035,0.11776304244995117,0.00666362838819623,0.011937297880649567,-0.11778843402862549,-0.007102165836840868,-0.010447612032294273,0.29684072732925415,0.036528315395116806,-0.30535975098609924,-0.31102651357650757,-0.007824701257050037,-0.32335349917411804,0.2321280688047409,0.3216812312602997,-0.16368265450000763,-0.19007357954978943,0.33082759380340576,-0.18394392728805542
76,0.03425015136599541,-0.6025830507278442,-0.30369478464126587,0.18100501596927643,-0.4612925052642822,-0.1607455313205719,0.27147001028060913,-0.6920738816261292,-0.2564452886581421,-0.13113941252231598,-0.4651661515235901,-0.17263390123844147,-0.2715494632720947,-0.6759005784988403,-0.26246851682662964,0.3455197811126709,-0.9419586062431335,-0.32170024514198303,-0.291695773601532,-0.9279088377952576,-0.33654725551605225,0.11779004335403442,0.006442294921725988,0.011169102042913437,-0.1178160235285759,-0.006880364380776882,-0.009683567099273205,0.2951382100582123,0.013235342688858509,-0.3047106862068176,-0.31076687574386597,-0.016997097060084343,-0.3197885751724243,0.2329225391149521,0.3077232539653778,-0.1728104054927826,-0.19014465808868408,0.31956201791763306,-0.18597252666950226
77,0.030175931751728058,-0.5991094708442688,-0.3065044581890106,0.1808236986398697,-0.45874425768852234,-0.1666245460510254,0.2720266878604889,-0.685181200504303,-0.26966241002082825,-0.1306971311569214,-0.46475881338119507,-0.17353828251361847,-0.26666635274887085,-0.6700365543365479,-0.2638452351093292,0.3474189043045044,-0.9381913542747498,-0.33778491616249084,-0.28964224457740784,-0.9210977554321289,-0.3402477502822876,0.11778164654970169,0.006435961462557316,0.010480119846761227,-0.11780621856451035,-0.006872813683003187,-0.008984125219285488,0.28805598616600037,0.0094269635155797,-0.30425652861595154,-0.30670398473739624,-0.023400483652949333,-0.31889089941978455,0.24726620316505432,0.30776363611221313,-0.17570757865905762,-0.1911684274673462,0.30849742889404297,-0.1857171356678009
78,0.03044857829809189,-0.5992958545684814,-0.3003368079662323,0.18030916154384613,-0.45867639780044556,-0.1638764888048172,0.27056726813316345,-0.6822065711021423,-0.26841920614242554,-0.1314675360918045,-0.4671573340892792,-0.1670631617307663,-0.2671804428100586,-0.6732999086380005,-0.25705504417419434,0.3464982807636261,-0.9344030022621155,-0.33637750148773193,-0.2901974618434906,-0.9214655756950378,-0.33913806080818176,0.11762919276952744,0.006197979673743248,0.010293199680745602,-0.11764635145664215,-0.006639775820076466,-0.008802314288914204,0.28711339831352234,-0.0216042622923851,-0.2880236506462097,-0.30197566747665405,-0.03988310322165489,-0.3136385679244995,0.24975110590457916,0.28757616877555847,-0.17151865363121033,-0.18112359941005707,0.2901989221572876,-0.1843647062778473
79,0.040448639541864395,-0.5916280150413513,-0.2929448187351227,0.18121260404586792,-0.45606347918510437,-0.14896294474601746,0.27521637082099915,-0.6755998730659485,-0.24927997589111328,-0.12862829864025116,-0.4673001766204834,-0.16286338865756989,-0.25909149646759033,-0.6743628978729248,-0.255315363407135,0.3642553687095642,-0.9275221228599548,-0.32099485397338867,-0.28712671995162964,-0.9258020520210266,-0.3370659649372101,0.11719900369644165,0.006291212979704142,0.011144842021167278,-0.1171952560544014,-0.006729994434863329,-0.009669439867138863,0.2878691256046295,-0.037157878279685974,-0.25184720754623413,-0.27661651372909546,-0.060877323150634766,-0.30365732312202454,0.26288244128227234,0.27699601650238037,-0.16207674145698547,-0.16319237649440765,0.2647845149040222,-0.18263106048107147
80,0.035239651799201965,-0.5915820598602295,-0.2843831181526184,0.17591960728168488,-0.45641249418258667,-0.1399935632944107,0.2745823860168457,-0.6744709014892578,-0.23492708802223206,-0.13391278684139252,-0.46773985028266907,-0.15020276606082916,-0.27246180176734924,-0.6703969836235046,-0.23900285363197327,0.36560729146003723,-0.9272622466087341,-0.31178417801856995,-0.29633456468582153,-0.9216272830963135,-0.3288494944572449,0.11699274182319641,0.005562521051615477,0.011115527711808681,-0.11698224395513535,-0.006018853280693293,-0.009637001901865005,0.2851708233356476,-0.06776116788387299,-0.24652695655822754,-0.2830858528614044,-0.06644882261753082,-0.28240373730659485,0.2681867182254791,0.2424929440021515,-0.15266816318035126,-0.16454866528511047,0.24890467524528503,-0.1725403368473053
81,0.0353807769715786,-0.5874643325805664,-0.28518226742744446,0.17685218155384064,-0.45547646284103394,-0.14062239229679108,0.27842220664024353,-0.6729476451873779,-0.2398698925971985,-0.13252119719982147,-0.4673219323158264,-0.15206684172153473,-0.2716234028339386,-0.665930449962616,-0.24118202924728394,0.3672010004520416,-0.926663875579834,-0.3179742693901062,-0.29525431990623474,-0.9209486842155457,-0.3287854492664337,0.1167193055152893,0.00553780235350132,0.011085332371294498,-0.11670786887407303,-0.005995678249746561,-0.009606542065739632,0.2810177803039551,-0.07562930881977081,-0.24524743854999542,-0.2799786627292633,-0.08370563387870789,-0.27370476722717285,0.26368260383605957,0.2340523898601532,-0.1494942009449005,-0.16003508865833282,0.23067788779735565,-0.1655271202325821
82,0.03539690002799034,-0.587745189666748,-0.280832976102829,0.17711549997329712,-0.45510756969451904,-0.13636565208435059,0.2810731530189514,-0.6717562675476074,-0.234137624502182,-0.13216564059257507,-0.4692215025424957,-0.14620065689086914,-0.27069589495658875,-0.6661410927772522,-0.23424062132835388,0.3785487413406372,-0.9264917373657227,-0.31364041566848755,-0.2950079143047333,-0.9205266237258911,-0.32681530714035034,0.11656235158443451,0.00553547777235508,0.01111903227865696,-0.11654653400182724,-0.005993216298520565,-0.00963899027556181,0.28734299540519714,-0.06875111162662506,-0.23718245327472687,-0.27938389778137207,-0.07774481922388077,-0.26796963810920715,0.27306607365608215,0.23788799345493317,-0.1478770226240158,-0.1526530534029007,0.23695909976959229,-0.1626329869031906
83,0.041039466857910156,-0.5916814804077148,-0.2699604630470276,0.1830410659313202,-0.45573440194129944,-0.12621332705020905,0.2853235900402069,-0.6730732321739197,-0.219568133354187,-0.12803404033184052,-0.47259190678596497,-0.13659922778606415,-0.2702254056930542,-0.6706224083900452,-0.22379472851753235,0.38288867473602295,-0.9272728562355042,-0.2986733019351959,-0.2947116494178772,-0.9203647375106812,-0.31881964206695557,0.11646352708339691,0.0057233101688325405,0.011365939863026142,-0.11644574999809265,-0.006178892217576504,-0.00987706147134304,0.292189359664917,-0.07422603666782379,-0.2262890487909317,-0.27654919028282166,-0.08723204582929611,-0.262392520904541,0.2754102051258087,0.2351827770471573,-0.14739853143692017,-0.14811259508132935,0.22998064756393433,-0.1621517688035965
84,0.03522973135113716,-0.5909751057624817,-0.2856407165527344,0.1796468198299408,-0.45614176988601685,-0.14571930468082428,0.2851468324661255,-0.6730127334594727,-0.23277802765369415,-0.12828360497951508,-0.4745739698410034,-0.14557823538780212,-0.26961562037467957,-0.6706576943397522,-0.22575311362743378,0.3832084536552429,-0.926501452922821,-0.30750027298927307,-0.30169442296028137,-0.9203232526779175,-0.3226146996021271,0.11600509285926819,0.0056944191455841064,0.010522793978452682,-0.116007961332798,-0.006152541842311621,-0.009053992107510567,0.29220184683799744,-0.09612590074539185,-0.21770353615283966,-0.2785513401031494,-0.10404900461435318,-0.23180551826953888,0.2830542325973511,0.20387238264083862,-0.12007611989974976,-0.14926525950431824,0.20509862899780273,-0.1328631490468979
85,0.03454147279262543,-0.5836791396141052,-0.2927766740322113,0.17874649167060852,-0.4577539563179016,-0.14878880977630615,0.28007692098617554,-0.6730760335922241,-0.23368248343467712,-0.12829966843128204,-0.4747787415981293,-0.15100620687007904,-0.26920852065086365,-0.6703152060508728,-0.22739629447460175,0.3815353512763977,-0.9255043268203735,-0.30934396386146545,-0.30168309807777405,-0.920982837677002,-0.32642415165901184,0.1156768724322319,0.005043127574026585,0.009817354381084442,-0.1156817302107811,-0.0055295913480222225,-0.008361049927771091,0.2928174138069153,-0.09738659113645554,-0.21979905664920807,-0.2928086221218109,-0.09799336642026901,-0.23239657282829285,0.283183217048645,0.20320722460746765,-0.11457781493663788,-0.15642821788787842,0.21414503455162048,-0.1283659189939499
86,0.026525190100073814,-0.5837549567222595,-0.29266294836997986,0.17466646432876587,-0.4590311348438263,-0.1486891508102417,0.2712947130203247,-0.6731020212173462,-0.23409539461135864,-0.13150739669799805,-0.47477245330810547,-0.15110306441783905,-0.2716577649116516,-0.6698272824287415,-0.22863434255123138,0.37471556663513184,-0.9255300164222717,-0.30953872203826904,-0.3131638765335083,-0.9206754565238953,-0.32746490836143494,0.11561237275600433,0.00453507574275136,0.009681230410933495,-0.1156218871474266,-0.0050389086827635765,-0.00822104699909687,0.2899758815765381,-0.09787990897893906,-0.21881577372550964,-0.29703786969184875,-0.0950867235660553,-0.2351621687412262,0.28196027874946594,0.20754408836364746,-0.11583305150270462,-0.16094663739204407,0.2177123725414276,-0.13161659240722656
87,0.02121341973543167,-0.5836073756217957,-0.288064181804657,0.17236821353435516,-0.4629304111003876,-0.14500243961811066,0.26392775774002075,-0.674554705619812,-0.23284202814102173,-0.13562338054180145,-0.47473758459091187,-0.14660583436489105,-0.2796497642993927,-0.6694603562355042,-0.2246457189321518,0.3619212806224823,-0.9259310364723206,-0.30928003787994385,-0.3271632492542267,-0.9218604564666748,-0.323787122964859,0.11557511240243912,0.004348965361714363,0.009343660436570644,-0.11558621376752853,-0.004855930805206299,-0.00788518600165844,0.2900604009628296,-0.10074343532323837,-0.2166236788034439,-0.29722049832344055,-0.09713563323020935,-0.23056459426879883,0.27311721444129944,0.205470010638237,-0.11697973310947418,-0.16464762389659882,0.21697509288787842,-0.13307341933250427
88,0.012054886668920517,-0.5848780274391174,-0.2891639173030853,0.16719551384449005,-0.46466881036758423,-0.14605484902858734,0.26193466782569885,-0.6760146617889404,-0.23304669559001923,-0.1402469128370285,-0.4746474623680115,-0.14679120481014252,-0.2886258661746979,-0.6677417159080505,-0.22494587302207947,0.3612176179885864,-0.9260837435722351,-0.30878448486328125,-0.3392955958843231,-0.9215689301490784,-0.3234403133392334,0.11554136872291565,0.004195344168692827,0.008368873968720436,-0.11555282026529312,-0.004704913590103388,-0.006923908833414316,0.2918948829174042,-0.0993485152721405,-0.21488989889621735,-0.30513620376586914,-0.09608887881040573,-0.2200707197189331,0.2732042670249939,0.2071569561958313,-0.1136711984872818,-0.1726766973733902,0.21841855347156525,-0.12619361281394958
89,0.01069013774394989,-0.5933483839035034,-0.2890765070915222,0.16498205065727234,-0.46756404638290405,-0.14639310538768768,0.25977081060409546,-0.6764702796936035,-0.23477084934711456,-0.14354944229125977,-0.47462785243988037,-0.14683133363723755,-0.29345887899398804,-0.6658921241760254,-0.22514106333255768,0.3564532399177551,-0.9260433912277222,-0.3121861219406128,-0.3481137752532959,-0.9216651916503906,-0.3225908577442169,0.11552923917770386,0.0033574451226741076,0.00813968200236559,-0.11554574221372604,-0.003872133558616042,-0.0067033120431005955,0.298342227935791,-0.09873435646295547,-0.21543435752391815,-0.3047274649143219,-0.09190676361322403,-0.22166182100772858,0.2732035219669342,0.20800644159317017,-0.11272796988487244,-0.1726008802652359,0.2195863574743271,-0.12587611377239227
90,0.008930332958698273,-0.5932286381721497,-0.2796095907688141,0.1638929694890976,-0.4701521098613739,-0.13901786506175995,0.25633707642555237,-0.6797991394996643,-0.22867581248283386,-0.14586275815963745,-0.4752195477485657,-0.13763724267482758,-0.29723280668258667,-0.6662590503692627,-0.21351759135723114,0.3525475561618805,-0.9312225580215454,-0.3062364459037781,-0.3529311716556549,-0.9230629801750183,-0.312961220741272,0.11557693034410477,0.0029204615857452154,0.00779931852594018,-0.1155943050980568,-0.003444795496761799,-0.006352975498884916,0.29903873801231384,-0.09872826933860779,-0.21487931907176971,-0.30826032161712646,-0.08836217224597931,-0.220086470246315,0.27252519130706787,0.20873570442199707,-0.11311276257038116,-0.17453181743621826,0.2213921695947647,-0.12613545358181
91,0.008815806359052658,-0.5940278768539429,-0.2807689905166626,0.16267110407352448,-0.47140246629714966,-0.14152748882770538,0.25399184226989746,-0.6828796863555908,-0.23339729011058807,-0.14663289487361908,-0.47562193870544434,-0.13815852999687195,-0.29918545484542847,-0.6699934601783752,-0.2144172340631485,0.34737998247146606,-0.932244598865509,-0.31101036071777344,-0.35595816373825073,-0.9277176856994629,-0.3135862946510315,0.11553072929382324,0.0026720762252807617,0.0074296495877206326,-0.11555039882659912,-0.003199940547347069,-0.005986134987324476,0.29891833662986755,-0.09842272102832794,-0.21506145596504211,-0.30695587396621704,-0.08817911148071289,-0.2200813591480255,0.2700648009777069,0.21006283164024353,-0.11271676421165466,-0.17255274951457977,0.22182023525238037,-0.12416014820337296
92,0.007529927417635918,-0.5953614115715027,-0.28076493740081787,0.16086247563362122,-0.4713689982891083,-0.14178979396820068,0.24982750415802002,-0.682112455368042,-0.2360849827528,-0.1473131626844406,-0.476196825504303,-0.13872796297073364,-0.2986723482608795,-0.671032190322876,-0.21481679379940033,0.34471312165260315,-0.9311093091964722,-0.3152019679546356,-0.35538023710250854,-0.9276393055915833,-0.3158769905567169,0.11544883251190186,0.0023650629445910454,0.006926008500158787,-0.11547545343637466,-0.002900719875469804,-0.005481594707816839,0.29773494601249695,-0.09972205758094788,-0.21490229666233063,-0.3088483512401581,-0.08547946810722351,-0.21499137580394745,0.270600289106369,0.21043168008327484,-0.11158088594675064,-0.17357611656188965,0.2239120900630951,-0.11932627856731415
93,0.007697087712585926,-0.5941841006278992,-0.2798295319080353,0.16101324558258057,-0.472080796957016,-0.1394563764333725,0.2504934072494507,-0.6857398152351379,-0.2334451973438263,-0.14724408090114594,-0.4761468768119812,-0.1379995346069336,-0.29903271794319153,-0.6708043813705444,-0.21480892598628998,0.3447986841201782,-0.9371219277381897,-0.31323862075805664,-0.35445642471313477,-0.9275831580162048,-0.31609049439430237,0.1154407262802124,0.0022847731597721577,0.00671418709680438,-0.11546971648931503,-0.0028173679020255804,-0.005278481170535088,0.2979971170425415,-0.09968388825654984,-0.21506351232528687,-0.3093937337398529,-0.08564543724060059,-0.21545568108558655,0.27083250880241394,0.20982986688613892,-0.11420658975839615,-0.17489761114120483,0.22432538866996765,-0.11967522650957108
94,0.007803088519722223,-0.5960814356803894,-0.2799217700958252,0.1609291136264801,-0.47206851840019226,-0.1395820528268814,0.2507767379283905,-0.6859396696090698,-0.2335251420736313,-0.14804419875144958,-0.47617387771606445,-0.13822118937969208,-0.3001028001308441,-0.6699894666671753,-0.21522289514541626,0.344997763633728,-0.9373642206192017,-0.31354209780693054,-0.35542142391204834,-0.9255895614624023,-0.31626054644584656,0.11543755978345871,0.0022360957227647305,0.006458826828747988,-0.11546877771615982,-0.002767296740785241,-0.005024810787290335,0.2982090711593628,-0.09948961436748505,-0.21763108670711517,-0.31178128719329834,-0.0833902359008789,-0.21571038663387299,0.2709481418132782,0.21177038550376892,-0.11560165882110596,-0.1794908493757248,0.22837170958518982,-0.12004709243774414
95,0.007839296013116837,-0.5966458320617676,-0.27659156918525696,0.1609630584716797,-0.4725857675075531,-0.13647973537445068,0.25103819370269775,-0.6869335770606995,-0.23009338974952698,-0.14866623282432556,-0.4761832356452942,-0.13638560473918915,-0.2995986044406891,-0.670209527015686,-0.21482793986797333,0.3451293408870697,-0.9383342862129211,-0.30820727348327637,-0.35516077280044556,-0.9269563555717468,-0.31400370597839355,0.11550316959619522,0.002186777302995324,0.006581747438758612,-0.1155347153544426,-0.0027185585349798203,-0.005140892695635557,0.3016924262046814,-0.0980469360947609,-0.21734468638896942,-0.3038012683391571,-0.08547060936689377,-0.22115275263786316,0.2702634036540985,0.21214455366134644,-0.11569126695394516,-0.17589570581912994,0.22832319140434265,-0.1268031895160675
96,0.006976442411541939,-0.5967326164245605,-0.28012844920158386,0.15954232215881348,-0.4710041284561157,-0.13856035470962524,0.25188180804252625,-0.6841349601745605,-0.23158122599124908,-0.15195904672145844,-0.47581541538238525,-0.14314332604408264,-0.30031096935272217,-0.6697325706481934,-0.22337813675403595,0.3460747003555298,-0.9383199214935303,-0.30984658002853394,-0.3539808988571167,-0.9248982071876526,-0.3220120370388031,0.11560729891061783,0.0019448769744485617,0.006857244297862053,-0.1156468614935875,-0.002462780801579356,-0.005418835673481226,0.30084028840065,-0.08880245685577393,-0.22423268854618073,-0.30413496494293213,-0.07940180599689484,-0.23206990957260132,0.27322307229042053,0.21244437992572784,-0.11284305900335312,-0.17922396957874298,0.23190966248512268,-0.1265011727809906
97,0.007150014862418175,-0.5994927883148193,-0.28032296895980835,0.1602700799703598,-0.47089651226997375,-0.13861458003520966,0.253405898809433,-0.6837426424026489,-0.23170959949493408,-0.15193013846874237,-0.47585299611091614,-0.1435476839542389,-0.30078843235969543,-0.6719369292259216,-0.22662758827209473,0.34722861647605896,-0.9384714961051941,-0.30990976095199585,-0.3533864915370941,-0.9249030947685242,-0.3228629231452942,0.11574611812829971,0.0018040763679891825,0.007284276187419891,-0.11579439789056778,-0.002319136168807745,-0.005840149708092213,0.29877713322639465,-0.08283501118421555,-0.23479218780994415,-0.2998923063278198,-0.07650992274284363,-0.25746527314186096,0.2740110456943512,0.22148986160755157,-0.12040932476520538,-0.1778409481048584,0.23674777150154114,-0.14485006034374237
98,0.017085211351513863,-0.5992996692657471,-0.28495222330093384,0.16404327750205994,-0.4684617221355438,-0.13866481184959412,0.2653481364250183,-0.6803849339485168,-0.23006469011306763,-0.15151268243789673,-0.47585031390190125,-0.14981010556221008,-0.2985457181930542,-0.671847939491272,-0.23541350662708282,0.36470022797584534,-0.9352614879608154,-0.308306485414505,-0.3451215624809265,-0.924338161945343,-0.3278566002845764,0.1160077378153801,0.001569598214700818,0.008786621503531933,-0.11605112254619598,-0.002076979959383607,-0.007344335783272982,0.3044686019420624,-0.061689067631959915,-0.23750410974025726,-0.2880592346191406,-0.05482544004917145,-0.2763129472732544,0.28862443566322327,0.2412300705909729,-0.1246778666973114,-0.15990395843982697,0.2589085102081299,-0.15812835097312927
99,0.026950687170028687,-0.5994150638580322,-0.28525596857070923,0.16921670734882355,-0.46640416979789734,-0.13685159385204315,0.274213582277298,-0.6734671592712402,-0.22593149542808533,-0.15023168921470642,-0.4746386408805847,-0.15202084183692932,-0.2981528341770172,-0.6611055135726929,-0.24267321825027466,0.37071484327316284,-0.9279419779777527,-0.3065398335456848,-0.3406142294406891,-0.9130954742431641,-0.3297899067401886,0.11626867949962616,0.0015210082056000829,0.010837559588253498,-0.11630944907665253,-0.002025496680289507,-0.009421502240002155,0.30889785289764404,-0.04824223741889,-0.2398776412010193,-0.2694711983203888,-0.05190007761120796,-0.29485124349594116,0.28805553913116455,0.25394371151924133,-0.12545351684093475,-0.14304634928703308,0.26896587014198303,-0.1679721623659134
100,0.027793465182185173,-0.592228889465332,-0.307357519865036,0.16936777532100677,-0.45875364542007446,-0.15443168580532074,0.27890345454216003,-0.6610965132713318,-0.24663686752319336,-0.14998143911361694,-0.46943411231040955,-0.17598780989646912,-0.2949327826499939,-0.6526416540145874,-0.26712852716445923,0.3732365071773529,-0.9135060906410217,-0.32529136538505554,-0.33945679664611816,-0.9044774174690247,-0.34907960891723633,0.11643483489751816,0.001479645725339651,0.01124789472669363,-0.11647266149520874,-0.0019834216218441725,-0.009844067506492138,0.3019993007183075,-0.030024580657482147,-0.26233699917793274,-0.265082448720932,-0.02941686287522316,-0.31526821851730347,0.27979132533073425,0.2765103280544281,-0.1318434178829193,-0.13870029151439667,0.29681074619293213,-0.18192069232463837
101,0.02747293934226036,-0.592401921749115,-0.3148544430732727,0.1699659675359726,-0.4561246633529663,-0.16384479403495789,0.2789713442325592,-0.6603304147720337,-0.2585659921169281,-0.1466522514820099,-0.4638694226741791,-0.18015791475772858,-0.29199862480163574,-0.6440662145614624,-0.26951760053634644,0.37239396572113037,-0.9143379926681519,-0.3319590985774994,-0.33888179063796997,-0.8968944549560547,-0.3478600084781647,0.11658021062612534,0.001515758573077619,0.011314479634165764,-0.11660519987344742,-0.002014267025515437,-0.009893938899040222,0.2985038459300995,-0.009268387220799923,-0.27438509464263916,-0.26737818121910095,-0.01731046289205551,-0.3211611211299896,0.27054882049560547,0.29743343591690063,-0.1358405351638794,-0.14084483683109283,0.3088265657424927,-0.18031562864780426
102,0.027194783091545105,-0.5943084955215454,-0.31253427267074585,0.17006488144397736,-0.45536506175994873,-0.1623305380344391,0.2790238559246063,-0.6584633588790894,-0.25627952814102173,-0.14669784903526306,-0.4639686942100525,-0.17802640795707703,-0.2900109887123108,-0.6452023983001709,-0.26674899458885193,0.37225282192230225,-0.9134460687637329,-0.3292784094810486,-0.3389977514743805,-0.8995883464813232,-0.34191471338272095,0.1169126033782959,0.0017124038422480226,0.01143798977136612,-0.11690769344568253,-0.0021982004400342703,-0.010002086870372295,0.2930068373680115,0.01921861805021763,-0.2850603461265564,-0.26911017298698425,0.0010434321593493223,-0.32894647121429443,0.25922274589538574,0.33024275302886963,-0.14910630881786346,-0.14138713479042053,0.33199426531791687,-0.1873505711555481
103,0.03732435405254364,-0.5938868522644043,-0.3117387890815735,0.1719978004693985,-0.45521458983421326,-0.15151409804821014,0.2802944779396057,-0.6581193804740906,-0.23865625262260437,-0.14669589698314667,-0.4641207158565521,-0.17686541378498077,-0.28936967253685,-0.6457228064537048,-0.26567599177360535,0.37569257616996765,-0.9130167365074158,-0.3100448250770569,-0.3370387852191925,-0.9000950455665588,-0.33880022168159485,0.11761973798274994,0.002184797776862979,0.012175450101494789,-0.1175789162516594,-0.0026650424115359783,-0.01071402058005333,0.29547661542892456,0.05190547928214073,-0.2889600694179535,-0.2700769007205963,0.009426336735486984,-0.341048926115036,0.25454163551330566,0.35016220808029175,-0.1586921066045761,-0.1417100876569748,0.3463905155658722,-0.20301969349384308
104,0.03896519914269447,-0.5845374464988708,-0.3325357139110565,0.172759547829628,-0.4463026523590088,-0.16947367787361145,0.28128018975257874,-0.6539434194564819,-0.24972549080848694,-0.14533652365207672,-0.45281434059143066,-0.20318865776062012,-0.28886380791664124,-0.6434146761894226,-0.28831160068511963,0.37543565034866333,-0.9084663391113281,-0.31448888778686523,-0.338665246963501,-0.8977387547492981,-0.3567087948322296,0.11794128268957138,0.002135606948286295,0.012230977416038513,-0.11792503297328949,-0.0026172862853854895,-0.010757825337350368,0.30044713616371155,0.10229308158159256,-0.2862700819969177,-0.29520583152770996,0.06320622563362122,-0.33542725443840027,0.25133979320526123,0.40080899000167847,-0.12328090518712997,-0.1501782089471817,0.4081770181655884,-0.17382800579071045
105,0.04089958593249321,-0.5886916518211365,-0.32548508048057556,0.17605513334274292,-0.44685661792755127,-0.1640256643295288,0.28311294317245483,-0.6558117270469666,-0.24408766627311707,-0.14169541001319885,-0.4536401927471161,-0.1904362440109253,-0.2877214848995209,-0.643875777721405,-0.2729237377643585,0.37824368476867676,-0.9134292006492615,-0.30578985810279846,-0.33883655071258545,-0.8984168767929077,-0.34003394842147827,0.11838358640670776,0.002858239458873868,0.012152401730418205,-0.11835478991270065,-0.003330501029267907,-0.010657387785613537,0.2995460629463196,0.12383443117141724,-0.2890413701534271,-0.29873090982437134,0.06722238659858704,-0.3343089818954468,0.24368314445018768,0.4135951101779938,-0.1315585970878601,-0.16838327050209045,0.4115184545516968,-0.172974094748497
106,0.040280889719724655,-0.5837858319282532,-0.3307141363620758,0.1755252480506897,-0.4449255168437958,-0.16998060047626495,0.2823168635368347,-0.6524335145950317,-0.25348833203315735,-0.1416132003068924,-0.45093685388565063,-0.19371581077575684,-0.28443464636802673,-0.6372701525688171,-0.275553435087204,0.37933558225631714,-0.9038682579994202,-0.3148602247238159,-0.33564507961273193,-0.8924772143363953,-0.3410204350948334,0.11875235289335251,0.0030037672258913517,0.012118850834667683,-0.11870826780796051,-0.0034857215359807014,-0.010602192021906376,0.29588815569877625,0.14015966653823853,-0.2949115037918091,-0.2999584972858429,0.07432733476161957,-0.3312375247478485,0.2333216667175293,0.42819657921791077,-0.13135410845279694,-0.18160974979400635,0.423856258392334,-0.1711389571428299
107,0.04221051558852196,-0.5956798195838928,-0.3055873513221741,0.17617982625961304,-0.45239776372909546,-0.14981098473072052,0.28223294019699097,-0.6552721261978149,-0.23361410200595856,-0.14106915891170502,-0.4583672285079956,-0.1720566302537918,-0.28243666887283325,-0.6404958367347717,-0.25292786955833435,0.37947186827659607,-0.9086515307426453,-0.29809683561325073,-0.3308849632740021,-0.9001055955886841,-0.31744876503944397,0.11914079636335373,0.0030845089349895716,0.012190465815365314,-0.11907605081796646,-0.0035633051302284002,-0.010654378682374954,0.2869470715522766,0.15055425465106964,-0.2987326681613922,-0.29920586943626404,0.09560035169124603,-0.3287241756916046,0.2400302141904831,0.44525447487831116,-0.1384458690881729,-0.18411272764205933,0.44034624099731445,-0.17121723294258118
108,0.048492755740880966,-0.5922426581382751,-0.310316264629364,0.17481569945812225,-0.45234179496765137,-0.1497059464454651,0.2821761965751648,-0.6549904942512512,-0.21713446080684662,-0.14104139804840088,-0.45872825384140015,-0.18582825362682343,-0.27667057514190674,-0.6336400508880615,-0.2751288115978241,0.38527122139930725,-0.9088857173919678,-0.2695295810699463,-0.32435038685798645,-0.8930018544197083,-0.3451598286628723,0.11958269029855728,0.0030514199752360582,0.013619868084788322,-0.1195502057671547,-0.0035316883586347103,-0.012092897668480873,0.27740228176116943,0.19248142838478088,-0.2975159287452698,-0.29849639534950256,0.15712395310401917,-0.31664955615997314,0.24052242934703827,0.4801357686519623,-0.1137104406952858,-0.18755923211574554,0.4858802556991577,-0.15050576627254486
109,0.048034440726041794,-0.6043775081634521,-0.2974098324775696,0.17400658130645752,-0.4612060487270355,-0.1346246600151062,0.282225638628006,-0.6705288290977478,-0.20163235068321228,-0.1413138508796692,-0.4636762738227844,-0.17423464357852936,-0.27958405017852783,-0.6450087428092957,-0.26472175121307373,0.3850131630897522,-0.9208880066871643,-0.2601687014102936,-0.3310951590538025,-0.907253086566925,-0.32721924781799316,0.11973525583744049,0.0027655113954097033,0.013945324346423149,-0.11971747875213623,-0.0032292248215526342,-0.012437483295798302,0.2724111080169678,0.19711792469024658,-0.2997221350669861,-0.29486507177352905,0.174777552485466,-0.30977004766464233,0.2408602386713028,0.49034905433654785,-0.11611409485340118,-0.18590937554836273,0.5027898550033569,-0.1469738930463791
110,0.04682205244898796,-0.6048468947410583,-0.2985657751560211,0.17270132899284363,-0.4628823399543762,-0.1363275647163391,0.28175514936447144,-0.6772692203521729,-0.2055264562368393,-0.14124079048633575,-0.46438369154930115,-0.1744234710931778,-0.279428631067276,-0.6451538801193237,-0.2699258327484131,0.37939706444740295,-0.9297395348548889,-0.26447030901908875,-0.329213947057724,-0.9068379998207092,-0.33930498361587524,0.11979448795318604,0.002406694693490863,0.014503463171422482,-0.11977846175432205,-0.0028452430851757526,-0.013013415969908237,0.2696562707424164,0.19933153688907623,-0.3002638518810272,-0.28828683495521545,0.1868404746055603,-0.30394217371940613,0.23536987602710724,0.5014430284500122,-0.11638376116752625,-0.18443292379379272,0.5150784254074097,-0.1422216147184372
111,0.04648243263363838,-0.6189245581626892,-0.2820262908935547,0.17268145084381104,-0.4720911979675293,-0.12324907630681992,0.2849816381931305,-0.6846085786819458,-0.19474822282791138,-0.1403430551290512,-0.4722609221935272,-0.16049890220165253,-0.27470526099205017,-0.6473960280418396,-0.25444769859313965,0.3830367624759674,-0.9349993467330933,-0.25791147351264954,-0.32219821214675903,-0.9075210690498352,-0.32168078422546387,0.11982902139425278,0.002383043523877859,0.014720387756824493,-0.11981578171253204,-0.002816715044900775,-0.013242588378489017,0.2704668939113617,0.21137277781963348,-0.2945716977119446,-0.28050827980041504,0.19137060642242432,-0.29939448833465576,0.23687070608139038,0.5114559531211853,-0.11030794680118561,-0.1785876601934433,0.5244953036308289,-0.13960230350494385
112,0.04756520688533783,-0.6217155456542969,-0.2758530378341675,0.1722213625907898,-0.47717151045799255,-0.11467400938272476,0.283391535282135,-0.6928555965423584,-0.1809345781803131,-0.13895832002162933,-0.4767361879348755,-0.15801602602005005,-0.2668578326702118,-0.6541414260864258,-0.25155898928642273,0.3823291063308716,-0.9382821321487427,-0.24407602846622467,-0.31472349166870117,-0.9134311079978943,-0.312802255153656,0.11981258541345596,0.002498592948541045,0.015005765482783318,-0.1198037788271904,-0.0029285571072250605,-0.013556203804910183,0.2705475091934204,0.2260783463716507,-0.283219575881958,-0.2770155370235443,0.1976643204689026,-0.29312440752983093,0.23709341883659363,0.5192205905914307,-0.09895185381174088,-0.17580051720142365,0.5290237069129944,-0.13321754336357117
113,0.05009707808494568,-0.6218656301498413,-0.27784591913223267,0.17060387134552002,-0.4782920479774475,-0.11313974112272263,0.2789149284362793,-0.694042980670929,-0.17371928691864014,-0.1368350237607956,-0.4809178411960602,-0.16228920221328735,-0.2592422366142273,-0.6607405543327332,-0.26365089416503906,0.3822888135910034,-0.9381901025772095,-0.23868568241596222,-0.30549782514572144,-0.9138242602348328,-0.32643815875053406,0.11931642889976501,0.0027818374801427126,0.01594652608036995,-0.11934573203325272,-0.003206811146810651,-0.014585975557565689,0.27136537432670593,0.2544735372066498,-0.24903883039951324,-0.2683897018432617,0.22843539714813232,-0.27068012952804565,0.2374809980392456,0.554616391658783,-0.07645309716463089,-0.17492152750492096,0.5603832006454468,-0.11134209483861923
114,0.05486295372247696,-0.6219565272331238,-0.2694253623485565,0.17043018341064453,-0.4796757996082306,-0.10194136202335358,0.27778422832489014,-0.6968355178833008,-0.15838471055030823,-0.13491059839725494,-0.4866132140159607,-0.15632247924804688,-0.2546994090080261,-0.6679912209510803,-0.25459951162338257,0.38206297159194946,-0.9401309490203857,-0.22469505667686462,-0.29389721155166626,-0.917824387550354,-0.313620924949646,0.11890730261802673,0.0028616320341825485,0.01604573056101799,-0.11895722895860672,-0.0032905172556638718,-0.014707602560520172,0.27158671617507935,0.2663848102092743,-0.23993158340454102,-0.26432493329048157,0.24571342766284943,-0.2608324885368347,0.24763287603855133,0.5640555024147034,-0.06172957271337509,-0.17569926381111145,0.582131028175354,-0.10420834273099899
115,0.04405314475297928,-0.6255105137825012,-0.2667725384235382,0.1636408269405365,-0.4809398651123047,-0.1015450730919838,0.2689100205898285,-0.6965094208717346,-0.16045771539211273,-0.1358780711889267,-0.487639844417572,-0.15117664635181427,-0.2556295394897461,-0.6676000356674194,-0.2540641725063324,0.37565726041793823,-0.9398272633552551,-0.22568388283252716,-0.29344430565834045,-0.9145954847335815,-0.315297931432724,0.11816266924142838,0.002826997544616461,0.015977632254362106,-0.11823977530002594,-0.0032562839332967997,-0.014653804711997509,0.26860782504081726,0.27816662192344666,-0.22669440507888794,-0.2641770839691162,0.25657159090042114,-0.24207152426242828,0.2331760972738266,0.5784674286842346,-0.04861244186758995,-0.17562924325466156,0.5951051115989685,-0.08382996171712875
116,0.031214751303195953,-0.6255286931991577,-0.2680191397666931,0.16053400933742523,-0.4807862937450409,-0.10301646590232849,0.26290804147720337,-0.696932315826416,-0.1631118357181549,-0.1373332291841507,-0.48750221729278564,-0.14849479496479034,-0.25622084736824036,-0.6704553961753845,-0.24819837510585785,0.36519885063171387,-0.9403731226921082,-0.22641991078853607,-0.2943410575389862,-0.9145030379295349,-0.3154924213886261,0.11770389974117279,0.002635784214362502,0.014731686562299728,-0.11782924085855484,-0.003068710444495082,-0.013448885641992092,0.2616782784461975,0.28657710552215576,-0.21280421316623688,-0.2570159137248993,0.2703895568847656,-0.22407928109169006,0.2206188440322876,0.593827486038208,-0.039217401295900345,-0.1734818071126938,0.6099022626876831,-0.06509647518396378
117,0.03233850374817848,-0.625728964805603,-0.2643851935863495,0.16039302945137024,-0.4812418222427368,-0.09838339686393738,0.257903516292572,-0.6967871189117432,-0.1612817645072937,-0.1358727216720581,-0.489764928817749,-0.1430438756942749,-0.24663130939006805,-0.6777337789535522,-0.24254603683948517,0.35757631063461304,-0.9345850944519043,-0.22820323705673218,-0.28843197226524353,-0.9198949933052063,-0.3127044439315796,0.11709611862897873,0.0026317087467759848,0.014483152888715267,-0.11724072694778442,-0.003066163742914796,-0.013212274760007858,0.2549659013748169,0.2956240773200989,-0.20193904638290405,-0.24742785096168518,0.2783261239528656,-0.21360310912132263,0.2121124565601349,0.6076905131340027,-0.038769014179706573,-0.16984257102012634,0.6194100975990295,-0.06137154996395111
118,0.039671238511800766,-0.6397307515144348,-0.22305116057395935,0.16508743166923523,-0.4877365827560425,-0.057254690676927567,0.26064375042915344,-0.703110933303833,-0.1120181605219841,-0.13060905039310455,-0.49718689918518066,-0.1096806600689888,-0.23358063399791718,-0.6893666982650757,-0.20757654309272766,0.35868459939956665,-0.9378132224082947,-0.18885141611099243,-0.267324298620224,-0.9304282665252686,-0.2622147798538208,0.11677999794483185,0.0026532774791121483,0.014489523135125637,-0.1169518455862999,-0.0030879380647093058,-0.013228281401097775,0.2482902854681015,0.2982127368450165,-0.20020762085914612,-0.2409358024597168,0.29551199078559875,-0.20176959037780762,0.2095654457807541,0.609627902507782,-0.02942827343940735,-0.16954351961612701,0.6365708708763123,-0.054225169122219086
119,0.040650006383657455,-0.639939546585083,-0.22638988494873047,0.16487254202365875,-0.49231553077697754,-0.06047571077942848,0.26198089122772217,-0.7066243290901184,-0.11230476945638657,-0.12979048490524292,-0.5024917721748352,-0.11169706284999847,-0.23485156893730164,-0.6941425204277039,-0.2028343379497528,0.35850492119789124,-0.937334418296814,-0.18903625011444092,-0.26739227771759033,-0.931541919708252,-0.2555241584777832,0.11528641730546951,0.002768145175650716,0.014521577395498753,-0.11547732353210449,-0.003201395506039262,-0.01327721681445837,0.2368863970041275,0.32657021284103394,-0.16062887012958527,-0.23543600738048553,0.32005396485328674,-0.17161482572555542,0.21008746325969696,0.6396532654762268,0.005636822432279587,-0.1780087798833847,0.6677166819572449,-0.035333581268787384
120,0.04076123610138893,-0.6444777250289917,-0.23094555735588074,0.16578792035579681,-0.49650222063064575,-0.06517329066991806,0.2606033682823181,-0.7084799408912659,-0.11941525340080261,-0.1263473480939865,-0.5038154721260071,-0.114761121571064,-0.22500202059745789,-0.6938477754592896,-0.20682576298713684,0.3510899841785431,-0.9381959438323975,-0.19120654463768005,-0.2548274099826813,-0.9357592463493347,-0.2630925476551056,0.11408891528844833,0.002847826573997736,0.014926334843039513,-0.11425253748893738,-0.0032690127845853567,-0.01374407485127449,0.2240007519721985,0.3452554941177368,-0.13815264403820038,-0.20910848677158356,0.34342241287231445,-0.15505871176719666,0.20238560438156128,0.6846827268600464,0.00462891673669219,-0.1705167442560196,0.6922642588615417,-0.028392521664500237
121,0.03713434189558029,-0.6441456079483032,-0.24029526114463806,0.16235105693340302,-0.497459352016449,-0.07500849664211273,0.25839686393737793,-0.7104319930076599,-0.13107816874980927,-0.12655355036258698,-0.5052744746208191,-0.11961846798658371,-0.22557353973388672,-0.69388747215271,-0.2097136229276657,0.34208816289901733,-0.9381380677223206,-0.2092168629169464,-0.2628317177295685,-0.9338958859443665,-0.2653280198574066,0.11256188154220581,0.00298762577585876,0.014929484575986862,-0.11274024099111557,-0.003410166362300515,-0.013751313090324402,0.20526687800884247,0.36436331272125244,-0.09931755065917969,-0.1958857923746109,0.35316669940948486,-0.13605822622776031,0.20310825109481812,0.7025972604751587,0.02595103345811367,-0.15550164878368378,0.7097264528274536,-0.020528700202703476
122,0.03595765680074692,-0.6341766119003296,-0.2672539949417114,0.15599015355110168,-0.493329793214798,-0.09367188066244125,0.25411608815193176,-0.6997493505477905,-0.15604685246944427,-0.1271536499261856,-0.5010228157043457,-0.1493854969739914,-0.23158559203147888,-0.6786128878593445,-0.24742498993873596,0.3390212655067444,-0.9250163435935974,-0.24437777698040009,-0.27332332730293274,-0.9127984046936035,-0.32419562339782715,0.11165726184844971,0.0030034047085791826,0.015227381139993668,-0.11189011484384537,-0.0034282023552805185,-0.014055589213967323,0.19888807833194733,0.3744490444660187,-0.06965756416320801,-0.19383932650089264,0.36337441205978394,-0.11475731432437897,0.2018967568874359,0.7094703316688538,0.05092255026102066,-0.1621468961238861,0.7241038680076599,-0.004168365150690079
123,0.03020894154906273,-0.6278473734855652,-0.28954002261161804,0.1547396332025528,-0.490100234746933,-0.12141386419534683,0.2503027617931366,-0.6952465772628784,-0.18895751237869263,-0.12726940214633942,-0.49885550141334534,-0.1578882336616516,-0.2319583147764206,-0.6765084862709045,-0.24726124107837677,0.33096861839294434,-0.9234055876731873,-0.2709304094314575,-0.2744186222553253,-0.9106329679489136,-0.32390353083610535,0.11119704693555832,0.0029934414196759462,0.014164168387651443,-0.11145808547735214,-0.0034261783584952354,-0.012981368228793144,0.18104717135429382,0.3840963840484619,-0.0558597557246685,-0.1865018606185913,0.36404916644096375,-0.1020512580871582,0.20138804614543915,0.730009913444519,0.05288045108318329,-0.1637631207704544,0.7265880703926086,0.0026292218826711178
124,0.025166425853967667,-0.6280255317687988,-0.28883489966392517,0.153387188911438,-0.49031946063041687,-0.1271478682756424,0.24876053631305695,-0.6926165819168091,-0.19862990081310272,-0.12875241041183472,-0.49926719069480896,-0.15667065978050232,-0.2337503582239151,-0.6765380501747131,-0.25018948316574097,0.3271705210208893,-0.9189555048942566,-0.2811727523803711,-0.2755868434906006,-0.9080219864845276,-0.33739301562309265,0.11099117249250412,0.002364264102652669,0.013136843219399452,-0.11127631366252899,-0.002822437323629856,-0.011990824714303017,0.16630668938159943,0.3883928656578064,-0.03822038322687149,-0.17925836145877838,0.3710426092147827,-0.0845101997256279,0.20168304443359375,0.7302417159080505,0.08670046180486679,-0.16309912502765656,0.7325205206871033,0.02736036479473114
125,0.02546168863773346,-0.6208980679512024,-0.2941408157348633,0.15509822964668274,-0.4845246970653534,-0.1336403489112854,0.24897098541259766,-0.6819335222244263,-0.21279864013195038,-0.12546274065971375,-0.4961310029029846,-0.158443421125412,-0.22640424966812134,-0.6707798838615417,-0.25457626581192017,0.3227536678314209,-0.9071942567825317,-0.30017077922821045,-0.26878705620765686,-0.9049116373062134,-0.34759050607681274,0.11086738109588623,0.002315694699063897,0.012091591954231262,-0.11116771399974823,-0.0027830556500703096,-0.010961437597870827,0.16202203929424286,0.39109861850738525,-0.05096111446619034,-0.17728765308856964,0.3733476400375366,-0.09051753580570221,0.1984991878271103,0.7350626587867737,0.07443259656429291,-0.16274186968803406,0.7385156154632568,0.01960514485836029
126,0.02002594992518425,-0.6217668056488037,-0.2962501049041748,0.1537746638059616,-0.48587095737457275,-0.13939175009727478,0.24684317409992218,-0.6841423511505127,-0.21855732798576355,-0.12830448150634766,-0.4962212145328522,-0.1589280664920807,-0.22891844809055328,-0.6711338758468628,-0.2570436894893646,0.3076145648956299,-0.9110793471336365,-0.2969808280467987,-0.26873984932899475,-0.9051090478897095,-0.3506985008716583,0.11057238280773163,0.002116849645972252,0.011532997712492943,-0.11087565124034882,-0.0025951405987143517,-0.01041305810213089,0.14669927954673767,0.39983606338500977,-0.030008479952812195,-0.17555956542491913,0.37352192401885986,-0.07499448955059052,0.1960505098104477,0.7467817068099976,0.08443456888198853,-0.162817120552063,0.7390162348747253,0.028683898970484734
127,0.020467203110456467,-0.6208828091621399,-0.28861501812934875,0.15441986918449402,-0.4848976731300354,-0.1374913454055786,0.24679693579673767,-0.6776214838027954,-0.21481259167194366,-0.12842954695224762,-0.49457988142967224,-0.1445421427488327,-0.23152261972427368,-0.6617830991744995,-0.25129467248916626,0.30901625752449036,-0.9039188027381897,-0.2961482107639313,-0.26833805441856384,-0.894784152507782,-0.35120049118995667,0.11051853001117706,0.0018428299808874726,0.010294342413544655,-0.11081745475530624,-0.002341729588806629,-0.009147982113063335,0.14685802161693573,0.40795066952705383,-0.03322029486298561,-0.1753520369529724,0.3761255443096161,-0.053077276796102524,0.19087019562721252,0.7483817934989929,0.07936051487922668,-0.16265195608139038,0.7439202666282654,0.04238633066415787
128,0.011107982136309147,-0.6185169219970703,-0.29228848218917847,0.1496606320142746,-0.4842822253704071,-0.14173053205013275,0.24109475314617157,-0.6784989833831787,-0.22215139865875244,-0.13084128499031067,-0.49307626485824585,-0.14482152462005615,-0.2386425882577896,-0.6604459881782532,-0.2505880296230316,0.2970474660396576,-0.9042471647262573,-0.29961466789245605,-0.2687625586986542,-0.8914646506309509,-0.35331323742866516,0.11024165153503418,0.0015060235746204853,0.008955936878919601,-0.11053808778524399,-0.0020234722178429365,-0.007779938634485006,0.13682840764522552,0.410084992647171,-0.028380971401929855,-0.1753157377243042,0.38104376196861267,-0.038695722818374634,0.19122129678726196,0.7493360638618469,0.07826060801744461,-0.16756011545658112,0.7519934773445129,0.0485529825091362
129,0.01527009904384613,-0.6187106966972351,-0.28976401686668396,0.15182557702064514,-0.48468145728111267,-0.13595329225063324,0.2406187504529953,-0.6788247227668762,-0.2117215245962143,-0.1306423842906952,-0.4936714470386505,-0.14380787312984467,-0.23781219124794006,-0.660767674446106,-0.2519424557685852,0.29945480823516846,-0.9111419320106506,-0.2831638753414154,-0.2641511559486389,-0.8920504450798035,-0.3616802990436554,0.1101960763335228,0.0011032236507162452,0.009205928072333336,-0.1104917898774147,-0.0016396463615819812,-0.008044403977692127,0.13592155277729034,0.41360393166542053,-0.011961810290813446,-0.16433042287826538,0.38598012924194336,-0.030143791809678078,0.19140221178531647,0.7475792169570923,0.10233091562986374,-0.1671324521303177,0.7542667984962463,0.06824587285518646
130,0.015732642263174057,-0.6161593198776245,-0.29984548687934875,0.15074624121189117,-0.4834616780281067,-0.14254845678806305,0.23396725952625275,-0.6765574216842651,-0.23120719194412231,-0.13219264149665833,-0.49046647548675537,-0.15732267498970032,-0.2385743111371994,-0.658293604850769,-0.2689010798931122,0.28956669569015503,-0.9053696990013123,-0.31753775477409363,-0.26421353220939636,-0.8888110518455505,-0.38152194023132324,0.11015653610229492,0.0006238787318579853,0.009210988879203796,-0.11045201122760773,-0.001180277089588344,-0.008048571646213531,0.13128195703029633,0.4146997928619385,-0.011478139087557793,-0.16542190313339233,0.38862645626068115,-0.029823124408721924,0.19174273312091827,0.7518226504325867,0.09953369200229645,-0.16728945076465607,0.7571176290512085,0.06822942942380905
131,0.01917378418147564,-0.6140867471694946,-0.29908332228660583,0.15153266489505768,-0.48267000913619995,-0.1409340649843216,0.23373347520828247,-0.6747061610221863,-0.22686374187469482,-0.13134494423866272,-0.4900246560573578,-0.15687933564186096,-0.23563477396965027,-0.6573237776756287,-0.2696973383426666,0.29172879457473755,-0.903605580329895,-0.3102283179759979,-0.2639830410480499,-0.8888611197471619,-0.38398662209510803,0.1101389229297638,0.0004628286696970463,0.009313826449215412,-0.11043474823236465,-0.0010240139672532678,-0.00815760437399149,0.12807448208332062,0.41862577199935913,-0.014441276900470257,-0.1617138683795929,0.3906322717666626,-0.028113190084695816,0.18944193422794342,0.7558101415634155,0.09702228754758835,-0.16564665734767914,0.7577458024024963,0.0707453191280365
132,0.019232094287872314,-0.6141546368598938,-0.29874613881111145,0.1462736874818802,-0.4842850863933563,-0.1405131071805954,0.22350241243839264,-0.682787299156189,-0.22025112807750702,-0.13186194002628326,-0.4873752295970917,-0.16672293841838837,-0.23294305801391602,-0.6494903564453125,-0.29703062772750854,0.2847292721271515,-0.9119046330451965,-0.29207828640937805,-0.24953624606132507,-0.8819991946220398,-0.412719190120697,0.10991233587265015,0.0003168956027366221,0.011354423128068447,-0.11019376665353775,-0.0008810180006548762,-0.010187720879912376,0.12569402158260345,0.41891342401504517,-0.004515636246651411,-0.16219812631607056,0.39278340339660645,-0.029587093740701675,0.18933935463428497,0.761992335319519,0.09576163440942764,-0.16893132030963898,0.7639093995094299,0.06877989321947098
133,0.018508674576878548,-0.6089985966682434,-0.31087633967399597,0.1457923948764801,-0.483411580324173,-0.15377159416675568,0.22265233099460602,-0.6834121942520142,-0.24386103451251984,-0.1319105476140976,-0.4872148931026459,-0.18140724301338196,-0.2239856719970703,-0.655073344707489,-0.3007246255874634,0.27964335680007935,-0.9139218926429749,-0.32778263092041016,-0.2507443428039551,-0.8920982480049133,-0.40624192357063293,0.10982362180948257,0.00027225021040067077,0.011147797107696533,-0.11011259257793427,-0.0008367174887098372,-0.010002223774790764,0.12301727384328842,0.41897258162498474,-0.006553503219038248,-0.15996061265468597,0.393453449010849,-0.027633335441350937,0.18895161151885986,0.7612612247467041,0.09840770065784454,-0.16899660229682922,0.7629671096801758,0.07569745182991028
134,0.015316409058868885,-0.6082141995429993,-0.30842581391334534,0.14446724951267242,-0.4836120009422302,-0.15199992060661316,0.22323447465896606,-0.6843080520629883,-0.24163062870502472,-0.13431572914123535,-0.4871896207332611,-0.17950385808944702,-0.22535812854766846,-0.655189573764801,-0.2931101322174072,0.27473020553588867,-0.9140715003013611,-0.3236059546470642,-0.25860685110092163,-0.8931403756141663,-0.3968236446380615,0.1097683236002922,0.00021791730250697583,0.011017455719411373,-0.11005799472332001,-0.0007787200156599283,-0.009881888516247272,0.12230443954467773,0.4186837673187256,-0.007964455522596836,-0.1583607941865921,0.393446683883667,-0.027216507121920586,0.18938925862312317,0.7608152627944946,0.10134465247392654,-0.17032110691070557,0.7626504898071289,0.07861398160457611
135,0.01711609959602356,-0.6043998003005981,-0.3177550435066223,0.14444120228290558,-0.48323020339012146,-0.1539941430091858,0.22326748073101044,-0.686121940612793,-0.2380363792181015,-0.13426491618156433,-0.48671168088912964,-0.1948966234922409,-0.22320564091205597,-0.655792236328125,-0.3141970932483673,0.2756849527359009,-0.9193760752677917,-0.3191160559654236,-0.2555147111415863,-0.8952651619911194,-0.41448265314102173,0.10967045277357101,0.0002809008292388171,0.012467161752283573,-0.10996416956186295,-0.0008386034169234335,-0.01135328784584999,0.12000622600317001,0.421621710062027,-0.00553677324205637,-0.15542009472846985,0.39362332224845886,-0.027496429160237312,0.18807686865329742,0.7645018100738525,0.10324504971504211,-0.17001202702522278,0.7621815800666809,0.07872867584228516
136,0.016652239486575127,-0.603327214717865,-0.3169986605644226,0.14164341986179352,-0.4825848639011383,-0.15187479555606842,0.22202520072460175,-0.6855132579803467,-0.23448166251182556,-0.13685519993305206,-0.48682963848114014,-0.19109578430652618,-0.22351005673408508,-0.6595075130462646,-0.3098452389240265,0.2744305431842804,-0.9163151979446411,-0.31726229190826416,-0.2564539909362793,-0.8997568488121033,-0.4088697135448456,0.10949631035327911,0.0003150322299916297,0.012493152171373367,-0.10979801416397095,-0.0008719182224012911,-0.011383767239749432,0.1195073351264,0.42197325825691223,-0.006136398296803236,-0.15397627651691437,0.3935723304748535,-0.02780853398144245,0.18803957104682922,0.7644814252853394,0.09906110167503357,-0.16932253539562225,0.7617921233177185,0.07448937743902206
137,0.020346134901046753,-0.6026073694229126,-0.3163919746875763,0.14171770215034485,-0.48249176144599915,-0.14896614849567413,0.21825115382671356,-0.6872028112411499,-0.23307551443576813,-0.13562153279781342,-0.4872148931026459,-0.19104473292827606,-0.2167082279920578,-0.6648356318473816,-0.31575942039489746,0.2739467918872833,-0.9187175631523132,-0.3152792751789093,-0.25554054975509644,-0.9049704670906067,-0.41619354486465454,0.1094542071223259,0.0003329289029352367,0.013056794181466103,-0.10975661873817444,-0.0008927679737098515,-0.011959589086472988,0.11718891561031342,0.4222162663936615,-0.006774681620299816,-0.15531331300735474,0.39365315437316895,-0.03208840265870094,0.18611647188663483,0.7641783356666565,0.10070842504501343,-0.1710365265607834,0.761145293712616,0.07413296401500702
138,0.021145880222320557,-0.5988410711288452,-0.3204028010368347,0.1395559310913086,-0.4815015196800232,-0.15229789912700653,0.21798060834407806,-0.6869995594024658,-0.2363680899143219,-0.13661351799964905,-0.4864327013492584,-0.2002408653497696,-0.21716539561748505,-0.6626973152160645,-0.3212302327156067,0.272853821516037,-0.9186482429504395,-0.32325249910354614,-0.25586748123168945,-0.9043779373168945,-0.4191117286682129,0.10930737853050232,0.00034474441781640053,0.013322779908776283,-0.10961688309907913,-0.0009073276305571198,-0.012222059071063995,0.11630939692258835,0.4222935140132904,-0.007453017868101597,-0.15496554970741272,0.39367958903312683,-0.032919641584157944,0.18596689403057098,0.7644216418266296,0.09568604826927185,-0.17185363173484802,0.7613908052444458,0.06607041507959366
139,0.020277608186006546,-0.5989775657653809,-0.31930842995643616,0.13874830305576324,-0.4820769429206848,-0.15193046629428864,0.21466310322284698,-0.6885684132575989,-0.23557732999324799,-0.13728921115398407,-0.48636817932128906,-0.1987851858139038,-0.2168775349855423,-0.6614776849746704,-0.32017678022384644,0.26537996530532837,-0.9227087497711182,-0.32209858298301697,-0.25556671619415283,-0.9041481614112854,-0.4198846220970154,0.1092686876654625,0.00017791645950637758,0.013445266522467136,-0.10957927256822586,-0.0007433726568706334,-0.01234553661197424,0.11431638151407242,0.42276298999786377,-0.007856822572648525,-0.1550869643688202,0.3936617970466614,-0.03289154917001724,0.18092122673988342,0.7643136978149414,0.09610968828201294,-0.17265154421329498,0.7605379223823547,0.06825713068246841
140,0.018934326246380806,-0.5982552170753479,-0.31982672214508057,0.13772810995578766,-0.4821421504020691,-0.15298615396022797,0.21363472938537598,-0.6886730194091797,-0.23683565855026245,-0.13814300298690796,-0.48637086153030396,-0.19902311265468597,-0.21705061197280884,-0.6614366769790649,-0.32030442357063293,0.26448148488998413,-0.9226932525634766,-0.32268795371055603,-0.25868090987205505,-0.9048468470573425,-0.4213126599788666,0.1092352643609047,7.885728700784966e-05,0.013577604666352272,-0.10954654216766357,-0.0006465336191467941,-0.012481016106903553,0.11428216844797134,0.4229044020175934,-0.0067466190084815025,-0.1540285050868988,0.3937741816043854,-0.032270852476358414,0.18099556863307953,0.7642186880111694,0.10606103390455246,-0.17260608077049255,0.7602173686027527,0.07689916342496872
141,0.022861137986183167,-0.5969973206520081,-0.3205612897872925,0.1400395929813385,-0.48268017172813416,-0.15321853756904602,0.21177001297473907,-0.6989423036575317,-0.2365884929895401,-0.13433505594730377,-0.4870201647281647,-0.20291614532470703,-0.2093593031167984,-0.6706101894378662,-0.3242088854312897,0.26074138283729553,-0.9341464638710022,-0.32057151198387146,-0.2536269426345825,-0.9145564436912537,-0.42092564702033997,0.1092085987329483,0.00020776504243258387,0.013602816499769688,-0.10952359437942505,-0.0007818315061740577,-0.012506674975156784,0.11461799591779709,0.4231775104999542,-0.008281701244413853,-0.15478800237178802,0.3941965401172638,-0.03367308899760246,0.18260449171066284,0.7641297578811646,0.10573504865169525,-0.17373788356781006,0.7601580023765564,0.07466517388820648
142,0.021029463037848473,-0.594253420829773,-0.3224133849143982,0.1396811604499817,-0.48127874732017517,-0.154769629240036,0.2142292857170105,-0.697006106376648,-0.23974260687828064,-0.13467247784137726,-0.4855504035949707,-0.20275385677814484,-0.20980770885944366,-0.6667113304138184,-0.3235863745212555,0.26097995042800903,-0.9276822209358215,-0.3238135576248169,-0.25363829731941223,-0.9120537042617798,-0.42039456963539124,0.10907022655010223,0.00029500044183805585,0.013612481765449047,-0.1093859001994133,-0.0008702435879968107,-0.012516831047832966,0.11859694868326187,0.4226723909378052,-0.00839888583868742,-0.15712162852287292,0.3935827910900116,-0.03510971739888191,0.18330921232700348,0.7647411227226257,0.09865787625312805,-0.17525117099285126,0.7602598667144775,0.06293091922998428
143,0.023491404950618744,-0.5951554775238037,-0.32125747203826904,0.139811709523201,-0.48130398988723755,-0.14720100164413452,0.21630416810512543,-0.6978765726089478,-0.21380272507667542,-0.13440661132335663,-0.48579058051109314,-0.20265337824821472,-0.21035335958003998,-0.6680220365524292,-0.3253537714481354,0.2638368606567383,-0.9287275671958923,-0.2878798842430115,-0.24888165295124054,-0.9124793410301208,-0.42250609397888184,0.10886304825544357,0.0004076806071680039,0.014948680065572262,-0.1091875433921814,-0.000983926118351519,-0.013857018202543259,0.11803508549928665,0.423103928565979,-0.008316817693412304,-0.1538960039615631,0.3936217427253723,-0.03615916892886162,0.183465376496315,0.7648829817771912,0.09792415052652359,-0.1722741276025772,0.7603152394294739,0.06162424758076668
144,0.01722734235227108,-0.5994142293930054,-0.2936159372329712,0.1400173455476761,-0.4868687689304352,-0.13020162284374237,0.21080324053764343,-0.7034926414489746,-0.19787029922008514,-0.13449758291244507,-0.4871235489845276,-0.16318131983280182,-0.2149292379617691,-0.6700981259346008,-0.2868898808956146,0.25392308831214905,-0.9359697699546814,-0.26239126920700073,-0.24316680431365967,-0.9122260808944702,-0.391931414604187,0.10887789726257324,0.0002067542664008215,0.014335344545543194,-0.10920224338769913,-0.0007913843146525323,-0.013232969678938389,0.11677590012550354,0.4215308129787445,-0.008244710974395275,-0.1576027125120163,0.3932689130306244,-0.0353894904255867,0.17870676517486572,0.7633464932441711,0.10236187279224396,-0.17904578149318695,0.7592528462409973,0.06619446724653244
145,0.017289482057094574,-0.5952138900756836,-0.29510802030563354,0.14061525464057922,-0.48542967438697815,-0.14000529050827026,0.21062862873077393,-0.6952400207519531,-0.2151450216770172,-0.1343534290790558,-0.487373411655426,-0.16883471608161926,-0.21485315263271332,-0.665789008140564,-0.2882067859172821,0.2508603036403656,-0.9320330619812012,-0.28414610028266907,-0.24213624000549316,-0.9062895774841309,-0.3920879065990448,0.10896410793066025,0.00018469334463588893,0.011619580909609795,-0.10929945111274719,-0.0007695435779169202,-0.010537763126194477,0.11484745144844055,0.42153701186180115,-0.010871789418160915,-0.16007480025291443,0.39283305406570435,-0.032751575112342834,0.17497336864471436,0.7597187757492065,0.11126295477151871,-0.1789076179265976,0.755638837814331,0.08095631003379822
146,0.009423923678696156,-0.6004530787467957,-0.27829745411872864,0.14132677018642426,-0.4885115921497345,-0.12953360378742218,0.21087080240249634,-0.6955713033676147,-0.20420882105827332,-0.13517306745052338,-0.4900621175765991,-0.1374126374721527,-0.2205854058265686,-0.6683578491210938,-0.2343982309103012,0.24879834055900574,-0.9315260648727417,-0.2691619098186493,-0.2465812861919403,-0.9077877998352051,-0.32925987243652344,0.10900546610355377,0.00018958460714202374,0.006653291638940573,-0.10934203118085861,-0.0007730108336545527,-0.005548952613025904,0.11470057815313339,0.4215640425682068,-0.015923678874969482,-0.16473588347434998,0.39218586683273315,-0.026418332010507584,0.18581539392471313,0.7583580613136292,0.10965356230735779,-0.1802326738834381,0.7543268203735352,0.0841868668794632
147,0.00983911007642746,-0.600450873374939,-0.2865379750728607,0.14121682941913605,-0.48796090483665466,-0.14015093445777893,0.20851759612560272,-0.6940030455589294,-0.22881773114204407,-0.13541872799396515,-0.4900679588317871,-0.14416375756263733,-0.22052693367004395,-0.6681193709373474,-0.24121488630771637,0.24496407806873322,-0.9300321936607361,-0.3097541034221649,-0.24915003776550293,-0.9075748920440674,-0.3339858055114746,0.1090538427233696,0.0001497534103691578,0.006158316042274237,-0.10939302295446396,-0.0007323502795770764,-0.005078280810266733,0.11243924498558044,0.42172789573669434,-0.015936467796564102,-0.16473156213760376,0.39239877462387085,-0.024042343720793724,0.17936991155147552,0.7583641409873962,0.10930255055427551,-0.1801052838563919,0.7542775869369507,0.08753251284360886
148,0.009644181467592716,-0.6026557087898254,-0.29044127464294434,0.14180287718772888,-0.488072007894516,-0.14182601869106293,0.2120770663022995,-0.6975217461585999,-0.2271544486284256,-0.13544365763664246,-0.490010142326355,-0.1490761786699295,-0.22133706510066986,-0.6679755449295044,-0.2536109685897827,0.24543146789073944,-0.9309410452842712,-0.2972162365913391,-0.24549023807048798,-0.9065324068069458,-0.3483816385269165,0.10904749482870102,5.295214577927254e-05,0.006022011861205101,-0.10939158499240875,-0.0006369167822413146,-0.004936352372169495,0.1137179583311081,0.42075398564338684,-0.010937915183603764,-0.16409820318222046,0.3923717737197876,-0.022541599348187447,0.18604978919029236,0.7537537813186646,0.1214154064655304,-0.1794172078371048,0.7542542219161987,0.0886070728302002
149,0.010213073343038559,-0.5999948382377625,-0.2914630174636841,0.14194901287555695,-0.487599641084671,-0.14197412133216858,0.21211837232112885,-0.6958574056625366,-0.22669047117233276,-0.13446222245693207,-0.4900037348270416,-0.15024696290493011,-0.21846288442611694,-0.6661639213562012,-0.26052382588386536,0.24941644072532654,-0.9304423928260803,-0.29699739813804626,-0.24061410129070282,-0.9048535227775574,-0.3634543716907501,0.10905135422945023,4.905820605927147e-05,0.006029591429978609,-0.10939884930849075,-0.0006330733303911984,-0.004944624844938517,0.11317230761051178,0.42100608348846436,-0.012041360139846802,-0.16195940971374512,0.39314818382263184,-0.022939607501029968,0.1859392672777176,0.7538257241249084,0.120858334004879,-0.1793752908706665,0.755817174911499,0.08723775297403336
150,0.011886192485690117,-0.6013842821121216,-0.29210400581359863,0.14277684688568115,-0.4875389337539673,-0.14195656776428223,0.2165863811969757,-0.6975185871124268,-0.22329653799533844,-0.13389000296592712,-0.4898488521575928,-0.1534651219844818,-0.21648968756198883,-0.6664121747016907,-0.26335540413856506,0.2548140585422516,-0.9310779571533203,-0.29284006357192993,-0.23895873129367828,-0.9056849479675293,-0.3649913966655731,0.10908271372318268,4.026293754577637e-05,0.006482730619609356,-0.10943590104579926,-0.000624423788394779,-0.005396401975303888,0.11389866471290588,0.42115241289138794,-0.012232278473675251,-0.16242551803588867,0.392734557390213,-0.024912593886256218,0.18598692119121552,0.7538188099861145,0.12021414190530777,-0.18017815053462982,0.7544301748275757,0.08643341809511185
151,0.01278738770633936,-0.6011082530021667,-0.2928403913974762,0.142722949385643,-0.4874407649040222,-0.13883157074451447,0.21587927639484406,-0.6973344087600708,-0.21065077185630798,-0.13365183770656586,-0.48982948064804077,-0.156080961227417,-0.21650485694408417,-0.6657872200012207,-0.26364466547966003,0.25422734022140503,-0.931244969367981,-0.2780540883541107,-0.23908650875091553,-0.9054338932037354,-0.3639654815196991,0.10908649116754532,3.161182030453347e-05,0.006517431698739529,-0.10944196581840515,-0.000617337238509208,-0.005430304910987616,0.11037624627351761,0.42268192768096924,-0.01174525823444128,-0.16220270097255707,0.39293238520622253,-0.025062449276447296,0.18412871658802032,0.7538921236991882,0.11961571127176285,-0.18196386098861694,0.7560858130455017,0.08450470119714737
152,0.013354714028537273,-0.6010404825210571,-0.3019641041755676,0.14285968244075775,-0.487362265586853,-0.14559924602508545,0.21586766839027405,-0.6970968842506409,-0.21997423470020294,-0.13364537060260773,-0.4899892210960388,-0.1681736707687378,-0.21646322309970856,-0.6666132211685181,-0.2769756019115448,0.25530633330345154,-0.9310727715492249,-0.28913262486457825,-0.2395433485507965,-0.9064792990684509,-0.3759828209877014,0.10910837352275848,2.0647266865125857e-05,0.006933652795851231,-0.10946453362703323,-0.000606401648838073,-0.005848764441907406,0.1103520467877388,0.4231936037540436,-0.010686087422072887,-0.16134333610534668,0.3930809497833252,-0.024695180356502533,0.1821494698524475,0.7539346814155579,0.12402631342411041,-0.18161413073539734,0.755679726600647,0.0891614630818367
153,0.014285793527960777,-0.59551602602005,-0.31502264738082886,0.1409597098827362,-0.4849863052368164,-0.15430642664432526,0.21022818982601166,-0.693095862865448,-0.23273468017578125,-0.1346195787191391,-0.48777249455451965,-0.18672287464141846,-0.2178584337234497,-0.6596599817276001,-0.30083799362182617,0.24913008511066437,-0.9291383624076843,-0.30685827136039734,-0.23857556283473969,-0.9017688035964966,-0.3990418314933777,0.109080970287323,2.169849358324427e-05,0.007082532159984112,-0.10943910479545593,-0.0006076895515434444,-0.0059945108368992805,0.1103292778134346,0.42311161756515503,-0.012420267798006535,-0.16131827235221863,0.3931693732738495,-0.024693738669157028,0.18015114963054657,0.7565852403640747,0.10594207793474197,-0.18155956268310547,0.7560556530952454,0.08392424136400223
154,0.01631939224898815,-0.5986794233322144,-0.30390506982803345,0.14134448766708374,-0.486432284116745,-0.14063335955142975,0.21029889583587646,-0.6974064111709595,-0.20776890218257904,-0.13487055897712708,-0.4883267283439636,-0.17680317163467407,-0.21953102946281433,-0.6647293567657471,-0.28066036105155945,0.24924924969673157,-0.9330298900604248,-0.2734425961971283,-0.233145073056221,-0.9068799614906311,-0.3602756857872009,0.10909272730350494,-7.356390415225178e-05,0.007657269015908241,-0.10945568978786469,-0.0005158263957127929,-0.0065621319226920605,0.11167805641889572,0.4230365753173828,-0.005623868200927973,-0.16184255480766296,0.3928537964820862,-0.024676930159330368,0.18729619681835175,0.7541723847389221,0.12117823958396912,-0.1825406402349472,0.7541828155517578,0.08518264442682266
155,0.013651195913553238,-0.5951552987098694,-0.30567383766174316,0.1408957540988922,-0.4842153489589691,-0.1489269733428955,0.20764793455600739,-0.6893935203552246,-0.23600244522094727,-0.1349794715642929,-0.4872203767299652,-0.17663678526878357,-0.21774695813655853,-0.6581323146820068,-0.28290048241615295,0.24634207785129547,-0.9272058606147766,-0.3155338764190674,-0.23512539267539978,-0.9027585983276367,-0.3807829022407532,0.10909885168075562,-8.112794603221118e-05,0.007192762102931738,-0.10946062207221985,-0.000507834367454052,-0.006097942590713501,0.11164512485265732,0.42256230115890503,-0.01429676916450262,-0.1618838757276535,0.39290961623191833,-0.02443705126643181,0.18454717099666595,0.7549817562103271,0.10986987501382828,-0.18214643001556396,0.7542784214019775,0.0852174386382103
156,0.012868255376815796,-0.609177827835083,-0.27292558550834656,0.14192159473896027,-0.48954254388809204,-0.11902711540460587,0.20761430263519287,-0.6971626877784729,-0.19671133160591125,-0.134772390127182,-0.48898380994796753,-0.14401797950267792,-0.21698175370693207,-0.6637206673622131,-0.2656462490558624,0.2475435584783554,-0.9302196502685547,-0.2605000436306,-0.22811180353164673,-0.9034097194671631,-0.365032821893692,0.1091434583067894,-0.0001827442174544558,0.007765730377286673,-0.10950368642807007,-0.0004060088249389082,-0.006655129604041576,0.11449304968118668,0.4213463068008423,-0.013445800170302391,-0.1648181974887848,0.39233192801475525,-0.02619483694434166,0.18450048565864563,0.7548295259475708,0.11229543387889862,-0.1846543848514557,0.753704309463501,0.08401672542095184
157,0.008899401873350143,-0.610030472278595,-0.2756528854370117,0.14173032343387604,-0.4896644353866577,-0.12241773307323456,0.20889075100421906,-0.695146918296814,-0.19982115924358368,-0.13600605726242065,-0.49087977409362793,-0.14277923107147217,-0.21709902584552765,-0.6655817627906799,-0.25118809938430786,0.2506060302257538,-0.9282240867614746,-0.26671624183654785,-0.2340783327817917,-0.905449390411377,-0.34893256425857544,0.10913647711277008,-0.00019950921705458313,0.0073060751892626286,-0.10949381440877914,-0.00038726202910766006,-0.006210586056113243,0.1149270236492157,0.4208866059780121,-0.01351425051689148,-0.16431491076946259,0.3924150764942169,-0.024401191622018814,0.1852167397737503,0.7548373937606812,0.11124090105295181,-0.18289907276630402,0.7540237307548523,0.0862681046128273
158,0.009103133343160152,-0.607883632183075,-0.27620893716812134,0.14466121792793274,-0.48959875106811523,-0.12302855402231216,0.21541881561279297,-0.6961733102798462,-0.2020154893398285,-0.1352129429578781,-0.49087461829185486,-0.14479559659957886,-0.21688809990882874,-0.6655928492546082,-0.2542586624622345,0.2517954111099243,-0.9303698539733887,-0.2688126266002655,-0.23361589014530182,-0.9054480791091919,-0.35158637166023254,0.10914229601621628,-0.00016266790044028312,0.007236090954393148,-0.10950285196304321,-0.00041949067963287234,-0.006144703831523657,0.1157783716917038,0.42092716693878174,-0.013010997325181961,-0.16455429792404175,0.39203378558158875,-0.024331381544470787,0.18863782286643982,0.7549592852592468,0.1113370954990387,-0.18282125890254974,0.7529335021972656,0.08649100363254547
159,0.00936207640916109,-0.608313262462616,-0.2764442265033722,0.1445910632610321,-0.49018797278404236,-0.12278147786855698,0.2156224101781845,-0.6982206106185913,-0.19959071278572083,-0.13514310121536255,-0.4920760989189148,-0.14487984776496887,-0.21617291867733002,-0.6663287281990051,-0.2540398836135864,0.2546328008174896,-0.9338463544845581,-0.26916030049324036,-0.23375153541564941,-0.9064511656761169,-0.35137712955474854,0.1090235710144043,1.1777285180869512e-05,0.007208060007542372,-0.10938366502523422,-0.0005865691346116364,-0.006121008191257715,0.11560121178627014,0.4207232594490051,-0.012549050152301788,-0.1644451767206192,0.3920251727104187,-0.024367937818169594,0.1910085678100586,0.7549733519554138,0.109375,-0.1830977350473404,0.7543458342552185,0.08133848756551743
160,0.00935249961912632,-0.6119858026504517,-0.27539998292922974,0.14460113644599915,-0.49102210998535156,-0.12258167564868927,0.2183985859155655,-0.6984072327613831,-0.20048440992832184,-0.13512568175792694,-0.493531197309494,-0.14048445224761963,-0.21524441242218018,-0.6672816276550293,-0.24581728875637054,0.2566811442375183,-0.9327874183654785,-0.26949113607406616,-0.23377013206481934,-0.9064693450927734,-0.3420029580593109,0.10901495069265366,-4.140889723203145e-05,0.007007619831711054,-0.10937344282865524,-0.0005340371280908585,-0.0059195286594331264,0.11558876931667328,0.420640230178833,-0.012495645321905613,-0.16487354040145874,0.3918095529079437,-0.024347569793462753,0.19035089015960693,0.754372775554657,0.11094669997692108,-0.18308095633983612,0.7543413043022156,0.08162231743335724
161,0.009742310270667076,-0.6038764715194702,-0.30397841334342957,0.14418411254882812,-0.4849293529987335,-0.1484564244747162,0.21832123398780823,-0.6890155076980591,-0.23986710608005524,-0.1350480616092682,-0.490251362323761,-0.169526606798172,-0.21473118662834167,-0.6587952971458435,-0.287739098072052,0.2570316195487976,-0.9236761331558228,-0.3210572898387909,-0.23018690943717957,-0.8975915312767029,-0.3955449163913727,0.10895340889692307,-4.088068089913577e-05,0.007146045565605164,-0.10931599140167236,-0.0005329782725311816,-0.006063207983970642,0.11608918756246567,0.42038431763648987,-0.012512684799730778,-0.16253095865249634,0.3921304941177368,-0.02410716749727726,0.19112280011177063,0.7545998096466064,0.11049379408359528,-0.1815395951271057,0.7546427845954895,0.08169873803853989
162,0.011895537376403809,-0.602867841720581,-0.3036467730998993,0.14475758373737335,-0.48475468158721924,-0.14883890748023987,0.21807938814163208,-0.6871398687362671,-0.23865047097206116,-0.13470177352428436,-0.49017611145973206,-0.17053592205047607,-0.21369116008281708,-0.6571784019470215,-0.28749334812164307,0.2566850185394287,-0.9236637353897095,-0.31748518347740173,-0.22869372367858887,-0.8962862491607666,-0.3921659290790558,0.10896275192499161,-0.00010275531531078741,0.007704087067395449,-0.1093248724937439,-0.00046795624075457454,-0.006635628174990416,0.1174740418791771,0.4200367331504822,-0.01284212339669466,-0.15995438396930695,0.3921051621437073,-0.025301512330770493,0.19070112705230713,0.7543311715126038,0.11237429827451706,-0.17623823881149292,0.7533747553825378,0.08382369577884674
