FrameNo,head_x,head_y,head_z,left_shoulder_x,left_shoulder_y,left_shoulder_z,left_elbow_x,left_elbow_y,left_elbow_z,right_shoulder_x,right_shoulder_y,right_shoulder_z,right_elbow_x,right_elbow_y,right_elbow_z,left_hand_x,left_hand_y,left_hand_z,right_hand_x,right_hand_y,right_hand_z,left_hip_x,left_hip_y,left_hip_z,right_hip_x,right_hip_y,right_hip_z,left_knee_x,left_knee_y,left_knee_z,right_knee_x,right_knee_y,right_knee_z,left_foot_x,left_foot_y,left_foot_z,right_foot_x,right_foot_y,right_foot_z
0,0.028475020080804825,-0.6229520440101624,-0.30129146575927734,0.17638196051120758,-0.44963976740837097,-0.09418472647666931,0.20346353948116302,-0.2099328339099884,-0.07083804905414581,-0.14428716897964478,-0.46731051802635193,-0.09965816885232925,-0.19181059300899506,-0.2050495147705078,-0.05426628515124321,0.1931941658258438,0.01225770078599453,-0.18731066584587097,-0.17782612144947052,0.026946421712636948,-0.15049105882644653,0.11297773569822311,0.0038029435090720654,0.0013255806406959891,-0.11311764270067215,-0.004437406547367573,-0.00011260053724981844,0.1217346042394638,0.4202459454536438,-0.00902608409523964,-0.11905961483716965,0.4051635265350342,-0.00577807379886508,0.18869136273860931,0.787975013256073,0.06897614151239395,-0.15625032782554626,0.7926474213600159,0.08369781821966171
1,0.027969954535365105,-0.6128492951393127,-0.28919991850852966,0.17411424219608307,-0.4455154240131378,-0.06673305481672287,0.19486021995544434,-0.20180979371070862,-0.0331270769238472,-0.14351880550384521,-0.46479934453964233,-0.0994768813252449,-0.19322235882282257,-0.20121265947818756,-0.055015671998262405,0.18373434245586395,0.01582205668091774,-0.14042387902736664,-0.17287801206111908,0.02657834067940712,-0.1509263664484024,0.11278289556503296,0.004373251926153898,0.007943512871861458,-0.11289959400892258,-0.005024298559874296,-0.006527407560497522,0.1169474795460701,0.42179176211357117,-0.008911688812077045,-0.1190643161535263,0.40473857522010803,-0.017998935654759407,0.1883813887834549,0.7887687683105469,0.06881849467754364,-0.14954236149787903,0.7924318313598633,0.06623262166976929
2,0.0272471122443676,-0.5900872945785522,-0.3046166002750397,0.16949531435966492,-0.4356371760368347,-0.07092684507369995,0.1897060126066208,-0.18837200105190277,-0.03044477477669716,-0.1407872885465622,-0.44990256428718567,-0.11834977567195892,-0.19311124086380005,-0.18447327613830566,-0.07158094644546509,0.17223399877548218,0.033422429114580154,-0.13038009405136108,-0.1682554930448532,0.027984002605080605,-0.16742311418056488,0.1121995598077774,0.005771571304649115,0.013560064136981964,-0.11229324340820312,-0.006461461074650288,-0.012002677656710148,0.1072167456150055,0.42794284224510193,-0.009796044789254665,-0.12260070443153381,0.4045329988002777,-0.028117727488279343,0.18378444015979767,0.794058620929718,0.0673399344086647,-0.1465778648853302,0.7924709916114807,0.052892692387104034
3,0.027074523270130157,-0.5822694301605225,-0.3128203749656677,0.1673780232667923,-0.43200400471687317,-0.07307188212871552,0.18834643065929413,-0.18475636839866638,-0.029425427317619324,-0.13826598227024078,-0.44246113300323486,-0.12403345108032227,-0.19182772934436798,-0.17601442337036133,-0.07452952116727829,0.16731970012187958,0.03707689419388771,-0.12400481849908829,-0.16843830049037933,0.030935009941458702,-0.1697692573070526,0.11160621792078018,0.006839307956397533,0.014645335264503956,-0.11167842149734497,-0.007543510757386684,-0.013065781444311142,0.10106585174798965,0.43084409832954407,-0.015407263301312923,-0.12516145408153534,0.4040775001049042,-0.030469117686152458,0.17613396048545837,0.8005465865135193,0.058605730533599854,-0.14338694512844086,0.7922739386558533,0.04907699301838875
4,0.02706630527973175,-0.574196457862854,-0.3349381983280182,0.16512531042099,-0.42679834365844727,-0.08780278265476227,0.18634933233261108,-0.17959076166152954,-0.03255893662571907,-0.13766144216060638,-0.43440988659858704,-0.14362382888793945,-0.1917450875043869,-0.16712051630020142,-0.08843637257814407,0.16387324035167694,0.04340752214193344,-0.1272711306810379,-0.1683366894721985,0.039829738438129425,-0.1784590631723404,0.1112394854426384,0.007397498469799757,0.015132078900933266,-0.11131802946329117,-0.008114207535982132,-0.013548714108765125,0.09951149672269821,0.4331325888633728,-0.01762205921113491,-0.12712158262729645,0.4041630029678345,-0.030600151047110558,0.17475420236587524,0.8043535947799683,0.05504936724901199,-0.14356479048728943,0.7931798100471497,0.04803118482232094
5,0.0269793514162302,-0.5741867423057556,-0.3329869210720062,0.1651107668876648,-0.42652133107185364,-0.08808580040931702,0.18578901886940002,-0.1796097606420517,-0.03358918055891991,-0.1360647976398468,-0.4355037212371826,-0.14096421003341675,-0.1904614418745041,-0.16887997090816498,-0.08698268234729767,0.1632162481546402,0.043100666254758835,-0.12799377739429474,-0.16822651028633118,0.04113685339689255,-0.17813894152641296,0.11096640676259995,0.007949117571115494,0.01561354286968708,-0.11103484779596329,-0.00868004560470581,-0.014010198414325714,0.09654249250888824,0.43422403931617737,-0.019410766661167145,-0.12784795463085175,0.4040975868701935,-0.03129168599843979,0.1732286512851715,0.8055967688560486,0.05176577344536781,-0.14230254292488098,0.7933388352394104,0.046175822615623474
6,0.027245357632637024,-0.5759245157241821,-0.3331957161426544,0.16504812240600586,-0.4261401295661926,-0.08934742212295532,0.18501752614974976,-0.17978785932064056,-0.03452666103839874,-0.13486409187316895,-0.4353296160697937,-0.14104995131492615,-0.18988214433193207,-0.1687372773885727,-0.08744030445814133,0.16321958601474762,0.042918670922517776,-0.12963803112506866,-0.16820195317268372,0.04377446696162224,-0.17869976162910461,0.11079491674900055,0.008151162415742874,0.01565735973417759,-0.11086390167474747,-0.008891833014786243,-0.014051130972802639,0.09617072343826294,0.43457815051078796,-0.02022934891283512,-0.1278780847787857,0.4043128192424774,-0.031073633581399918,0.1733510047197342,0.8054375052452087,0.05135060474276543,-0.14111588895320892,0.7953733801841736,0.04484979435801506
7,0.027781633660197258,-0.5769263505935669,-0.3348768651485443,0.16467617452144623,-0.42516565322875977,-0.0907214879989624,0.18399229645729065,-0.17901058495044708,-0.0350906066596508,-0.13419276475906372,-0.4334110617637634,-0.14481358230113983,-0.18986070156097412,-0.1670159101486206,-0.09091466665267944,0.16251640021800995,0.04381553456187248,-0.13040100038051605,-0.16870899498462677,0.04535643011331558,-0.18084830045700073,0.11060956120491028,0.008335788734257221,0.016112320125102997,-0.1106816828250885,-0.00908008124679327,-0.014495721086859703,0.09599009901285172,0.4354821443557739,-0.020213859155774117,-0.12786519527435303,0.4045531749725342,-0.03194376081228256,0.17347632348537445,0.8057814836502075,0.0515463687479496,-0.14012812077999115,0.7966235280036926,0.04340767860412598
8,0.028899339959025383,-0.5773130059242249,-0.33638525009155273,0.16435709595680237,-0.4237477779388428,-0.0927228108048439,0.18303020298480988,-0.1777016818523407,-0.03573502227663994,-0.1333812177181244,-0.43053558468818665,-0.14887429773807526,-0.18962983787059784,-0.1646951287984848,-0.0951935425400734,0.1623590588569641,0.04595286771655083,-0.1309550702571869,-0.1690683364868164,0.04711874946951866,-0.183388352394104,0.11043183505535126,0.008446607738733292,0.016507303342223167,-0.11050700396299362,-0.009192179888486862,-0.014883824624121189,0.09597726166248322,0.43606528639793396,-0.02044491097331047,-0.12785221636295319,0.40497565269470215,-0.03269839659333229,0.1735888570547104,0.8062666058540344,0.05128096044063568,-0.1390691101551056,0.7980952858924866,0.042064882814884186
9,0.02995910309255123,-0.5777166485786438,-0.3364470899105072,0.16393455862998962,-0.42286524176597595,-0.09295039623975754,0.18256555497646332,-0.17733728885650635,-0.03606484457850456,-0.1331978291273117,-0.42917636036872864,-0.15019504725933075,-0.1896250694990158,-0.16368436813354492,-0.09680966287851334,0.1622965931892395,0.04664226621389389,-0.13131199777126312,-0.1692618876695633,0.0479232482612133,-0.18433205783367157,0.11030407249927521,0.00856988038867712,0.0169279333204031,-0.11038132756948471,-0.009314997121691704,-0.015298462472856045,0.09514466673135757,0.43628138303756714,-0.02075485698878765,-0.1281096190214157,0.4050292670726776,-0.033601801842451096,0.17354683578014374,0.8062626123428345,0.050948552787303925,-0.1392163187265396,0.7983057498931885,0.04090200364589691
10,0.030399104580283165,-0.5782896876335144,-0.33779847621917725,0.16390059888362885,-0.42243802547454834,-0.09494215995073318,0.18183492124080658,-0.1765134185552597,-0.03753926232457161,-0.13270215690135956,-0.4288036823272705,-0.15118075907230377,-0.18900926411151886,-0.16321176290512085,-0.09750523418188095,0.16188174486160278,0.04746054485440254,-0.1317579448223114,-0.16924573481082916,0.04847913980484009,-0.18482378125190735,0.11020303517580032,0.008653230033814907,0.017032746225595474,-0.110281802713871,-0.009398826397955418,-0.015402077697217464,0.09520014375448227,0.4365094304084778,-0.02076568827033043,-0.12819088995456696,0.4052298069000244,-0.0335744172334671,0.17359492182731628,0.8065134286880493,0.05092459172010422,-0.13926827907562256,0.7990217208862305,0.04089180380105972
11,0.031428661197423935,-0.5786056518554688,-0.33803144097328186,0.16370739042758942,-0.4214461147785187,-0.09494323283433914,0.18164922297000885,-0.17585106194019318,-0.037575047463178635,-0.13231393694877625,-0.42754924297332764,-0.1523139923810959,-0.18891970813274384,-0.16247397661209106,-0.09891042113304138,0.16191862523555756,0.04813509061932564,-0.1318625807762146,-0.1694231629371643,0.04856623336672783,-0.18611031770706177,0.11007092893123627,0.008705844171345234,0.017581429332494736,-0.11015059053897858,-0.009451726451516151,-0.015944819897413254,0.09525163471698761,0.43656978011131287,-0.020932914689183235,-0.1281938999891281,0.40528273582458496,-0.03481809422373772,0.17355133593082428,0.806698203086853,0.050697892904281616,-0.1389678418636322,0.7992442846298218,0.03889168053865433
12,0.03326544538140297,-0.5858909487724304,-0.3316795825958252,0.1637994945049286,-0.4227111339569092,-0.09430739283561707,0.18170785903930664,-0.17713312804698944,-0.03706171363592148,-0.13214720785617828,-0.4287063479423523,-0.14550504088401794,-0.18891049921512604,-0.16433046758174896,-0.09132767468690872,0.16207745671272278,0.047350116074085236,-0.12855832278728485,-0.16945986449718475,0.04841558635234833,-0.1777879297733307,0.11002057045698166,0.008794405497610569,0.016298018395900726,-0.11010018736124039,-0.009536920115351677,-0.014689402654767036,0.09524761140346527,0.4359865188598633,-0.02344910241663456,-0.1281670778989792,0.40493687987327576,-0.032681699842214584,0.17317666113376617,0.8068342208862305,0.047681987285614014,-0.13790550827980042,0.7974802255630493,0.04320726543664932
13,0.03313271328806877,-0.5848212242126465,-0.3328211307525635,0.16384883224964142,-0.4225776493549347,-0.09563130885362625,0.1820015013217926,-0.17715707421302795,-0.038496632128953934,-0.13158483803272247,-0.42854928970336914,-0.14548510313034058,-0.18833385407924652,-0.1643732339143753,-0.09109105169773102,0.16220292448997498,0.047347765415906906,-0.12924280762672424,-0.1694314330816269,0.04838576540350914,-0.17760063707828522,0.1099337711930275,0.008837738074362278,0.016208549961447716,-0.11001140624284744,-0.009579925797879696,-0.014602833427488804,0.09531998634338379,0.4359895586967468,-0.02502112276852131,-0.12792205810546875,0.4050152897834778,-0.032444410026073456,0.1722889095544815,0.8076412677764893,0.04507241025567055,-0.13677972555160522,0.7978226542472839,0.043336790055036545
14,0.03272992745041847,-0.5854199528694153,-0.3282714784145355,0.1637498140335083,-0.4227827787399292,-0.09218195825815201,0.18203695118427277,-0.1774536371231079,-0.03671630099415779,-0.13192954659461975,-0.42937523126602173,-0.1410243958234787,-0.18835663795471191,-0.1652715802192688,-0.08735118061304092,0.16223423182964325,0.04717686027288437,-0.1289774477481842,-0.16949167847633362,0.04803500697016716,-0.17519795894622803,0.10988153517246246,0.008874839171767235,0.016154568642377853,-0.10995939373970032,-0.009616782888770103,-0.014550907537341118,0.09472934156656265,0.43568694591522217,-0.025016270577907562,-0.12783505022525787,0.4048544764518738,-0.032456688582897186,0.1716521680355072,0.8071373105049133,0.04620636627078056,-0.13745324313640594,0.7974823117256165,0.043679721653461456
15,0.03277282789349556,-0.5850574970245361,-0.32975897192955017,0.1643742024898529,-0.42273184657096863,-0.09484773874282837,0.18215009570121765,-0.17716972529888153,-0.03984284773468971,-0.1308632642030716,-0.42941901087760925,-0.1415441483259201,-0.18659289181232452,-0.16540789604187012,-0.0877002626657486,0.16215375065803528,0.047444600611925125,-0.12993739545345306,-0.16899526119232178,0.04778362810611725,-0.17559057474136353,0.10983900725841522,0.008996265940368176,0.01576191931962967,-0.10991749912500381,-0.00973878800868988,-0.014164517633616924,0.09488396346569061,0.43567022681236267,-0.025326356291770935,-0.1276802271604538,0.40484458208084106,-0.03146018460392952,0.17167121171951294,0.8077825307846069,0.04566771909594536,-0.1368466466665268,0.7973145246505737,0.04527122527360916
16,0.03248653560876846,-0.5845395922660828,-0.3264121413230896,0.16403605043888092,-0.4228857159614563,-0.09000395238399506,0.18205560743808746,-0.17739059031009674,-0.03501487150788307,-0.131508931517601,-0.4299638271331787,-0.13804766535758972,-0.18742302060127258,-0.1658354103565216,-0.08486316353082657,0.1621652990579605,0.04684228077530861,-0.12649478018283844,-0.16941258311271667,0.04699406400322914,-0.1737634390592575,0.1097981333732605,0.009034358896315098,0.015706757083535194,-0.10987681150436401,-0.009776808321475983,-0.014110776595771313,0.09484229981899261,0.4355018138885498,-0.025888793170452118,-0.1276421695947647,0.40477168560028076,-0.031637098640203476,0.17120908200740814,0.8077213764190674,0.04564649611711502,-0.13822101056575775,0.7970033288002014,0.04528459534049034
17,0.03163016214966774,-0.5852643847465515,-0.3224763572216034,0.16410988569259644,-0.424692302942276,-0.08748822659254074,0.1822444051504135,-0.1785689890384674,-0.03440118953585625,-0.13152705132961273,-0.43139171600341797,-0.1325022429227829,-0.18698440492153168,-0.16664612293243408,-0.07953812927007675,0.1624365597963333,0.04490701109170914,-0.12653808295726776,-0.16898290812969208,0.0461038276553154,-0.17022289335727692,0.10976123064756393,0.009101342409849167,0.015436596237123013,-0.10983984172344208,-0.009839734993875027,-0.013843796215951443,0.09485068172216415,0.43527451157569885,-0.026229871436953545,-0.12756234407424927,0.40449297428131104,-0.031322237104177475,0.17103874683380127,0.8077227473258972,0.045014649629592896,-0.13819074630737305,0.7962998747825623,0.04576005041599274
18,0.031407661736011505,-0.5837495923042297,-0.3254266083240509,0.16403385996818542,-0.42430418729782104,-0.08911839127540588,0.1820884793996811,-0.17843079566955566,-0.03482065349817276,-0.1315172016620636,-0.4314318299293518,-0.13516183197498322,-0.18673327565193176,-0.16723011434078217,-0.08149070292711258,0.16243498027324677,0.045412663370370865,-0.1266057789325714,-0.16898438334465027,0.04565791040658951,-0.1717604249715805,0.10970043390989304,0.009136851876974106,0.015442457981407642,-0.109780453145504,-0.009875417686998844,-0.013850334100425243,0.09486735612154007,0.4352189898490906,-0.02632739394903183,-0.12764602899551392,0.4046213626861572,-0.031311679631471634,0.17033201456069946,0.8076912760734558,0.044981591403484344,-0.13828115165233612,0.7968122959136963,0.045634642243385315
19,0.03138308227062225,-0.584115743637085,-0.3253032863140106,0.1640310138463974,-0.4244053065776825,-0.08891383558511734,0.1820903867483139,-0.17881973087787628,-0.03458621725440025,-0.13145330548286438,-0.4321032166481018,-0.135256826877594,-0.18680071830749512,-0.16834697127342224,-0.08163803815841675,0.16288095712661743,0.04466727748513222,-0.12653358280658722,-0.1688673496246338,0.044904924929142,-0.17178909480571747,0.10964334011077881,0.00919387862086296,0.01545748021453619,-0.10971939563751221,-0.009933114051818848,-0.013862690888345242,0.0945073589682579,0.43512868881225586,-0.026584874838590622,-0.1277126669883728,0.4043838679790497,-0.03133920207619667,0.16998018324375153,0.8074952960014343,0.044375475496053696,-0.1382846087217331,0.7964338660240173,0.04536651819944382
20,0.031127143651247025,-0.5830308198928833,-0.32621654868125916,0.16398024559020996,-0.42415371537208557,-0.09038666635751724,0.1820991486310959,-0.1786298006772995,-0.036217547953128815,-0.13132207095623016,-0.4319365620613098,-0.13589496910572052,-0.18676312267780304,-0.16838496923446655,-0.08221527189016342,0.163119375705719,0.04523954913020134,-0.12692494690418243,-0.1692730188369751,0.04487868770956993,-0.1718851625919342,0.10957235842943192,0.00926017016172409,0.015422745607793331,-0.10964374989271164,-0.009998820722103119,-0.01382850669324398,0.09503795951604843,0.4350987374782562,-0.02750103361904621,-0.12778261303901672,0.4041898250579834,-0.031126011162996292,0.169607013463974,0.8089292645454407,0.04158890247344971,-0.1383996158838272,0.7957964539527893,0.04595344141125679
21,0.030306829139590263,-0.5839416980743408,-0.3262726366519928,0.1643078774213791,-0.4243007004261017,-0.09112820029258728,0.1827046424150467,-0.17886091768741608,-0.03790648654103279,-0.13130593299865723,-0.4337691068649292,-0.13576114177703857,-0.18675997853279114,-0.16974617540836334,-0.08198200166225433,0.1628892421722412,0.04514869675040245,-0.13046424090862274,-0.1692790985107422,0.045975398272275925,-0.17160741984844208,0.10953778773546219,0.009348264895379543,0.015131071209907532,-0.10960858315229416,-0.010089008137583733,-0.013537193648517132,0.09483952820301056,0.4346494972705841,-0.02758818119764328,-0.1271892637014389,0.404194712638855,-0.030966956168413162,0.16957217454910278,0.8080433011054993,0.041756585240364075,-0.13787852227687836,0.7961243391036987,0.04550514370203018
22,0.02937392331659794,-0.5838935375213623,-0.3244030773639679,0.16457310318946838,-0.4247506260871887,-0.08983117341995239,0.18271400034427643,-0.17904511094093323,-0.036994438618421555,-0.13130103051662445,-0.43548330664634705,-0.13187916576862335,-0.18671002984046936,-0.17197616398334503,-0.07839386910200119,0.1624264121055603,0.04511022940278053,-0.12936407327651978,-0.169228658080101,0.04435411095619202,-0.16993246972560883,0.10950977355241776,0.009432857856154442,0.014803119003772736,-0.10957956314086914,-0.010176358744502068,-0.013207070529460907,0.09456372261047363,0.4344552457332611,-0.027885228395462036,-0.1273210644721985,0.40413331985473633,-0.0305654164403677,0.1694992482662201,0.8075520396232605,0.041766248643398285,-0.13773104548454285,0.7961117625236511,0.04536110535264015
23,0.02940777875483036,-0.583868682384491,-0.3247251510620117,0.16455397009849548,-0.4248639941215515,-0.0898013636469841,0.18271701037883759,-0.17967823147773743,-0.03663965314626694,-0.13127772510051727,-0.43553242087364197,-0.13220560550689697,-0.18677450716495514,-0.17206090688705444,-0.07864677160978317,0.16223013401031494,0.04411030188202858,-0.1293552815914154,-0.16917836666107178,0.04419161379337311,-0.1701720952987671,0.10946890711784363,0.009467455558478832,0.014790910296142101,-0.10953968018293381,-0.010211501270532608,-0.013194311410188675,0.09438896179199219,0.4343284070491791,-0.02797527424991131,-0.12734229862689972,0.4041357636451721,-0.030677394941449165,0.16951638460159302,0.8068525195121765,0.041795749217271805,-0.13781680166721344,0.796362578868866,0.04403718188405037
24,0.02904358319938183,-0.584067702293396,-0.3290175199508667,0.16453108191490173,-0.4252530336380005,-0.09322410076856613,0.18172292411327362,-0.17970676720142365,-0.03890831768512726,-0.13170236349105835,-0.43557727336883545,-0.13531489670276642,-0.18669427931308746,-0.17201051115989685,-0.0809018611907959,0.16207903623580933,0.044104114174842834,-0.13034884631633759,-0.1691562831401825,0.04420739784836769,-0.17154759168624878,0.10945697128772736,0.00948970578610897,0.014720781706273556,-0.1095280721783638,-0.010235070250928402,-0.013126942329108715,0.09440523386001587,0.434317409992218,-0.02495359443128109,-0.12795986235141754,0.40409645438194275,-0.02915477752685547,0.16950058937072754,0.8066940903663635,0.04721316695213318,-0.13788257539272308,0.7959291934967041,0.04908774048089981
25,0.028481610119342804,-0.5811848640441895,-0.3355167806148529,0.16426348686218262,-0.4252484440803528,-0.09779802709817886,0.18088307976722717,-0.17956694960594177,-0.04140270873904228,-0.13208910822868347,-0.4355772137641907,-0.1409333348274231,-0.18671174347400665,-0.17200613021850586,-0.0856616422533989,0.1614944487810135,0.044426944106817245,-0.13094528019428253,-0.16919204592704773,0.04432963952422142,-0.17516328394412994,0.10943731665611267,0.009522905573248863,0.014682331122457981,-0.10950819402933121,-0.010270890779793262,-0.01308936346322298,0.09439121931791306,0.43447238206863403,-0.02493501827120781,-0.12853200733661652,0.4040718674659729,-0.028512485325336456,0.16930317878723145,0.8069259524345398,0.04712922126054764,-0.1383409947156906,0.795640230178833,0.050152573734521866
26,0.028385760262608528,-0.5817223787307739,-0.3345800042152405,0.1644887775182724,-0.4254309833049774,-0.09768705815076828,0.18083703517913818,-0.17949122190475464,-0.04159223660826683,-0.13206449151039124,-0.4363114535808563,-0.13985182344913483,-0.18629983067512512,-0.17270885407924652,-0.08443977683782578,0.16091714799404144,0.04443395137786865,-0.13093170523643494,-0.16909605264663696,0.04341985657811165,-0.174262136220932,0.10942085832357407,0.009665499441325665,0.014525865204632282,-0.10949058085680008,-0.010412296280264854,-0.012933839112520218,0.0945078507065773,0.4345041811466217,-0.02498098462820053,-0.12863276898860931,0.4036747217178345,-0.027927061542868614,0.16927863657474518,0.8074540495872498,0.046829428523778915,-0.13837341964244843,0.7944474220275879,0.05124261975288391
27,0.027203870937228203,-0.5817216634750366,-0.334777295589447,0.16401554644107819,-0.4254894256591797,-0.09823441505432129,0.1799708753824234,-0.17950931191444397,-0.041963689029216766,-0.13267815113067627,-0.436371386051178,-0.1399785876274109,-0.18650466203689575,-0.17282509803771973,-0.0845162570476532,0.1604127436876297,0.04441838338971138,-0.131012424826622,-0.16944216191768646,0.043561793863773346,-0.1743764728307724,0.10940683633089066,0.009692111983895302,0.014411875046789646,-0.10947589576244354,-0.010440218262374401,-0.012817132286727428,0.09445716440677643,0.4345022439956665,-0.02517586760222912,-0.1295347511768341,0.40365180373191833,-0.027777986600995064,0.1690998524427414,0.8074634671211243,0.046406716108322144,-0.13849833607673645,0.7944341897964478,0.05119600519537926
28,0.02712806686758995,-0.5845374464988708,-0.3289499580860138,0.16451995074748993,-0.42641013860702515,-0.09558356553316116,0.18034878373146057,-0.1797739714384079,-0.04125435650348663,-0.1325337439775467,-0.4380027949810028,-0.13324609398841858,-0.18602293729782104,-0.1739060878753662,-0.07824768126010895,0.16103681921958923,0.043497420847415924,-0.1303270310163498,-0.1693238615989685,0.041218776255846024,-0.16971340775489807,0.10940313339233398,0.009802043437957764,0.013982031494379044,-0.10946912318468094,-0.010547040030360222,-0.012389554642140865,0.09437736868858337,0.43448299169540405,-0.025601092725992203,-0.1295442432165146,0.40347930788993835,-0.027417343109846115,0.16903018951416016,0.8076029419898987,0.04534675553441048,-0.13851919770240784,0.7939768433570862,0.05146368220448494
29,0.02659859135746956,-0.5820565223693848,-0.33228132128715515,0.16442015767097473,-0.4255777597427368,-0.09627418965101242,0.1802513152360916,-0.17920489609241486,-0.04128718748688698,-0.1327628344297409,-0.43697389960289,-0.1372671276330948,-0.18701063096523285,-0.17289705574512482,-0.08275119215250015,0.16046246886253357,0.04413223639130592,-0.13044261932373047,-0.16946810483932495,0.04348974674940109,-0.17388376593589783,0.10939393937587738,0.009823236614465714,0.013996371068060398,-0.10946127027273178,-0.010570080950856209,-0.012407575733959675,0.09445540606975555,0.43436533212661743,-0.025504497811198235,-0.1296282410621643,0.40345847606658936,-0.0275132954120636,0.16901962459087372,0.8070943355560303,0.04643471539020538,-0.138715922832489,0.7939766645431519,0.05125761404633522
30,0.02611543796956539,-0.5820062756538391,-0.333922803401947,0.16423167288303375,-0.4255692660808563,-0.09812522679567337,0.18026581406593323,-0.17917194962501526,-0.042423710227012634,-0.13310471177101135,-0.43688029050827026,-0.1384008675813675,-0.18707536160945892,-0.1727503091096878,-0.08298394083976746,0.1607998013496399,0.04449991136789322,-0.13088300824165344,-0.17026644945144653,0.04412756487727165,-0.17386475205421448,0.10938984155654907,0.009860021993517876,0.013909806497395039,-0.1094568595290184,-0.010607099160552025,-0.012321547605097294,0.09437505900859833,0.4344404339790344,-0.025575706735253334,-0.12986953556537628,0.40343767404556274,-0.02733347751200199,0.16847814619541168,0.8075805306434631,0.046198662370443344,-0.13978169858455658,0.7939106225967407,0.05168202519416809
31,0.025798151269555092,-0.5820778608322144,-0.3323902189731598,0.16393478214740753,-0.42578786611557007,-0.0967610776424408,0.1804276406764984,-0.1794063150882721,-0.041457608342170715,-0.13361088931560516,-0.43696674704551697,-0.13711774349212646,-0.1885296255350113,-0.17281368374824524,-0.08080501109361649,0.16291460394859314,0.044379498809576035,-0.1307002156972885,-0.17271852493286133,0.04401626065373421,-0.17076103389263153,0.10939070582389832,0.009886753745377064,0.013883943669497967,-0.10945575684309006,-0.010632794350385666,-0.012295110151171684,0.09350265562534332,0.4345705211162567,-0.026091746985912323,-0.12989580631256104,0.4034023880958557,-0.02748795971274376,0.16748853027820587,0.8079301118850708,0.04490626975893974,-0.13994279503822327,0.7937284708023071,0.051486317068338394
32,0.025709005072712898,-0.5832782983779907,-0.31727340817451477,0.16393978893756866,-0.4270121455192566,-0.08371216803789139,0.18129582703113556,-0.1807299554347992,-0.03288434445858002,-0.13395141065120697,-0.43831750750541687,-0.1250860095024109,-0.1910160332918167,-0.17389743030071259,-0.07079306989908218,0.1655110865831375,0.04265586659312248,-0.12660707533359528,-0.17542611062526703,0.0437016561627388,-0.16097386181354523,0.10940108448266983,0.009908017702400684,0.013911454007029533,-0.10946277529001236,-0.010653769597411156,-0.012318544089794159,0.09265812486410141,0.43456578254699707,-0.026320045813918114,-0.12892793118953705,0.40333884954452515,-0.028413955122232437,0.16708461940288544,0.8076827526092529,0.044693462550640106,-0.13997229933738708,0.7935405373573303,0.0505468025803566
33,0.023906541988253593,-0.5837509036064148,-0.3133787214756012,0.16384488344192505,-0.42833182215690613,-0.07934902608394623,0.18319983780384064,-0.18275068700313568,-0.02786402590572834,-0.1358012706041336,-0.4407496452331543,-0.11869329959154129,-0.19664366543293,-0.17727498710155487,-0.06362339109182358,0.1706780642271042,0.03779992088675499,-0.12381251901388168,-0.1835251897573471,0.03832795470952988,-0.15570805966854095,0.10943689197301865,0.0099256606772542,0.013904497027397156,-0.10949449986219406,-0.010670430958271027,-0.012311491183936596,0.09302328526973724,0.4345633387565613,-0.027385391294956207,-0.12944412231445312,0.40328943729400635,-0.02928849868476391,0.16682888567447662,0.8077825903892517,0.043500546365976334,-0.1419028639793396,0.7935558557510376,0.048925768584012985
34,0.02367386780679226,-0.588657021522522,-0.2835792303085327,0.16377422213554382,-0.43239155411720276,-0.05672918260097504,0.18837299942970276,-0.18851354718208313,-0.013320358470082283,-0.13671952486038208,-0.4446151852607727,-0.09276048839092255,-0.2016398310661316,-0.18317446112632751,-0.043073900043964386,0.18223893642425537,0.03127515688538551,-0.11350303888320923,-0.1928691267967224,0.0306329894810915,-0.13635456562042236,0.1094425842165947,0.009884101338684559,0.013685108162462711,-0.10949668288230896,-0.010618291795253754,-0.012097535654902458,0.09299422800540924,0.4341995120048523,-0.028956912457942963,-0.1288413554430008,0.40325960516929626,-0.030126584693789482,0.16681154072284698,0.8077435493469238,0.04138874262571335,-0.14099116623401642,0.7936681509017944,0.04656348004937172
35,0.02212909236550331,-0.5885688662528992,-0.28202494978904724,0.1627500355243683,-0.43471798300743103,-0.05427413061261177,0.19366689026355743,-0.19475340843200684,-0.01236431859433651,-0.1393355429172516,-0.44499027729034424,-0.08784157037734985,-0.21329495310783386,-0.18608741462230682,-0.03859886899590492,0.19827763736248016,0.022128522396087646,-0.11370673030614853,-0.2158760279417038,0.023915890604257584,-0.1306430995464325,0.1095099076628685,0.009664329700171947,0.013514451682567596,-0.10955633223056793,-0.01037718914449215,-0.011926434002816677,0.0928005799651146,0.4340587258338928,-0.03000567853450775,-0.12884631752967834,0.40317779779434204,-0.030858051031827927,0.16616258025169373,0.8075478076934814,0.04008069634437561,-0.14032132923603058,0.7933500409126282,0.04505350440740585
36,0.023315994068980217,-0.591959536075592,-0.23317568004131317,0.16272489726543427,-0.4503506124019623,-0.012779109179973602,0.2104325294494629,-0.22329987585544586,0.024609887972474098,-0.1431264579296112,-0.45475828647613525,-0.05132152512669563,-0.22729982435703278,-0.21343712508678436,-0.008626100607216358,0.23323261737823486,-0.013574274256825447,-0.08081822842359543,-0.24344344437122345,-0.005804692395031452,-0.10160942375659943,0.10964015126228333,0.00890399795025587,0.013121487572789192,-0.10968291759490967,-0.009570960886776447,-0.011569705791771412,0.0987485721707344,0.4310751259326935,-0.031157875433564186,-0.12793339788913727,0.40254247188568115,-0.034133896231651306,0.16606152057647705,0.8074373006820679,0.03739055618643761,-0.13683676719665527,0.7915900349617004,0.03784097731113434
37,0.02326463907957077,-0.5929116010665894,-0.226469025015831,0.16264469921588898,-0.45665985345840454,-0.006466809660196304,0.2193521410226822,-0.23877577483654022,0.024803686887025833,-0.14495410025119781,-0.4559379816055298,-0.03957541286945343,-0.23315532505512238,-0.22586731612682343,0.0008397497003898025,0.249432772397995,-0.04016828164458275,-0.08409736305475235,-0.2661163806915283,-0.0379083976149559,-0.0962539091706276,0.10976538062095642,0.00804742518812418,0.01308854017406702,-0.10978897660970688,-0.008675887249410152,-0.011536744423210621,0.10031549632549286,0.4287080764770508,-0.03199991211295128,-0.1281682699918747,0.40075233578681946,-0.03782516345381737,0.16497716307640076,0.8043084740638733,0.03400871157646179,-0.13640622794628143,0.787807285785675,0.0305021982640028
38,0.023284979164600372,-0.5928713083267212,-0.17733454704284668,0.16301585733890533,-0.4599055051803589,0.03284354507923126,0.23113054037094116,-0.25739577412605286,0.05443880707025528,-0.14294852316379547,-0.4563938081264496,0.004092896357178688,-0.24037276208400726,-0.24329496920108795,0.05079188570380211,0.2683362662792206,-0.08902695775032043,-0.05620511248707771,-0.28697454929351807,-0.07735028862953186,-0.014391139149665833,0.10975495725870132,0.007427248638123274,0.01307594683021307,-0.10976898670196533,-0.008018468506634235,-0.011521458625793457,0.09988479316234589,0.4276561439037323,-0.03631429001688957,-0.12895794212818146,0.4000712037086487,-0.04710593447089195,0.163473442196846,0.8027463555335999,0.020417992025613785,-0.13526825606822968,0.787886381149292,0.008885514922440052
39,0.02181447297334671,-0.5925604104995728,-0.2049541473388672,0.16347253322601318,-0.4645766019821167,0.017239674925804138,0.24143807590007782,-0.303382933139801,0.1094357818365097,-0.14232021570205688,-0.46005362272262573,-0.01164915133267641,-0.247200608253479,-0.2939249873161316,0.086787149310112,0.30716851353645325,-0.16211947798728943,0.14750924706459045,-0.3101990520954132,-0.14344510436058044,0.09855517745018005,0.11031615734100342,0.007163395639508963,0.011852152645587921,-0.11040114611387253,-0.007799055427312851,-0.010247409343719482,0.09977369010448456,0.4280073940753937,-0.03546486794948578,-0.12910237908363342,0.3995916247367859,-0.04655257239937782,0.16450248658657074,0.8009779453277588,0.02131556160748005,-0.13430464267730713,0.7871324419975281,0.01065804436802864
40,0.02030680514872074,-0.6055432558059692,-0.06748531013727188,0.1623167097568512,-0.47542932629585266,0.12246190756559372,0.25197547674179077,-0.3046300411224365,0.16120083630084991,-0.14123223721981049,-0.46362340450286865,0.09988727420568466,-0.24991187453269958,-0.3009660243988037,0.14512266218662262,0.31740838289260864,-0.18094594776630402,0.09701623767614365,-0.32352566719055176,-0.20723533630371094,0.10611777752637863,0.1096191257238388,0.006802829913794994,0.011832219548523426,-0.10966654121875763,-0.007333303336054087,-0.010236477479338646,0.0967186763882637,0.4276912808418274,-0.04026668518781662,-0.13272890448570251,0.3983750641345978,-0.05505327880382538,0.15735653042793274,0.7992819547653198,0.0016238110838457942,-0.1353536695241928,0.7869640588760376,-0.012747980654239655
41,0.02437153458595276,-0.6055598855018616,-0.015538579784333706,0.16290758550167084,-0.4653497636318207,0.16770558059215546,0.2591243386268616,-0.3117835223674774,0.12768463790416718,-0.1414583921432495,-0.45845961570739746,0.12276048213243484,-0.25507062673568726,-0.3045445382595062,0.01870056428015232,0.33344322443008423,-0.2502950131893158,-0.039798904210329056,-0.31331777572631836,-0.27542248368263245,-0.21750706434249878,0.1096065491437912,0.007210808340460062,0.013811003416776657,-0.1096302941441536,-0.007647274527698755,-0.012444883584976196,0.09673360735177994,0.4276543855667114,-0.042616695165634155,-0.13428334891796112,0.39804401993751526,-0.06289757043123245,0.15517619252204895,0.7975934147834778,-0.0172687117010355,-0.1350051462650299,0.7844682335853577,-0.03360503166913986
42,0.02471209317445755,-0.6086854934692383,-0.004119273275136948,0.1625482589006424,-0.4696659743785858,0.1747862994670868,0.2560168504714966,-0.3717297613620758,0.05052772909402847,-0.1434173882007599,-0.46151432394981384,0.11240150034427643,-0.24613115191459656,-0.3415510058403015,-0.04970135539770126,0.3445734679698944,-0.37191057205200195,-0.16114163398742676,-0.29971739649772644,-0.3689757287502289,-0.27559104561805725,0.1099049374461174,0.007142549380660057,0.015163394622504711,-0.10988394170999527,-0.0075537976808846,-0.013993288390338421,0.10073185712099075,0.4259016215801239,-0.04141762852668762,-0.1370280385017395,0.3979434370994568,-0.06299009919166565,0.15543997287750244,0.7960097789764404,-0.011515452526509762,-0.13315366208553314,0.784541130065918,-0.03291375935077667
43,0.024549271911382675,-0.6116803884506226,-0.018029119819402695,0.1607501059770584,-0.46936875581741333,0.14461033046245575,0.2634516954421997,-0.40371742844581604,-0.08190233260393143,-0.14855873584747314,-0.4639846086502075,0.0919162929058075,-0.24316278100013733,-0.4079059958457947,-0.10306664556264877,0.36377909779548645,-0.4400840401649475,-0.3536331057548523,-0.2976101338863373,-0.4687806963920593,-0.30863621830940247,0.1099080815911293,0.006182849407196045,0.015280840918421745,-0.10987519472837448,-0.0065037282183766365,-0.014197971671819687,0.10237622261047363,0.42490336298942566,-0.04190238565206528,-0.13779014348983765,0.3991815447807312,-0.06269994378089905,0.15531133115291595,0.797359824180603,-0.00878619309514761,-0.13421176373958588,0.7937366962432861,-0.028853941708803177
44,0.02403377555310726,-0.6172311305999756,-0.02056284062564373,0.15925417840480804,-0.4731843173503876,0.13390521705150604,0.2694982886314392,-0.44183850288391113,-0.1049729585647583,-0.15083418786525726,-0.4699878394603729,0.08416038006544113,-0.244340181350708,-0.4753095209598541,-0.11332114785909653,0.380251407623291,-0.5091291666030884,-0.3659718334674835,-0.29518336057662964,-0.5809793472290039,-0.30071112513542175,0.10993228107690811,0.004913907498121262,0.015063676051795483,-0.1098875105381012,-0.005171822849661112,-0.014033151790499687,0.10419367998838425,0.424871563911438,-0.04613708332180977,-0.13843129575252533,0.40036821365356445,-0.059413496404886246,0.15605369210243225,0.7997843027114868,-0.012528089806437492,-0.13769344985485077,0.7963559031486511,-0.027793943881988525
45,0.020996060222387314,-0.627495288848877,-0.03267780318856239,0.15996329486370087,-0.47817423939704895,0.09848709404468536,0.2728223204612732,-0.4948993921279907,-0.14459756016731262,-0.1511927843093872,-0.47565940022468567,0.06840905547142029,-0.2517792880535126,-0.5383983254432678,-0.13241200149059296,0.38262253999710083,-0.5968905687332153,-0.3931392431259155,-0.29895690083503723,-0.678400456905365,-0.309521347284317,0.11007244139909744,0.00428265193477273,0.014024438336491585,-0.11001211404800415,-0.004526038654148579,-0.013037723489105701,0.1097470223903656,0.4241599142551422,-0.04801667109131813,-0.13951179385185242,0.400237500667572,-0.05505009740591049,0.15879054367542267,0.7997689247131348,-0.012079061940312386,-0.13982316851615906,0.7953352928161621,-0.024716828018426895
46,0.017441127449274063,-0.6317007541656494,-0.028300832957029343,0.16001112759113312,-0.4814351499080658,0.13169218599796295,0.2893342971801758,-0.5826813578605652,0.05251679569482803,-0.151123508810997,-0.4894557595252991,0.08457929641008377,-0.2685934603214264,-0.616951048374176,-0.04657173529267311,0.3878745138645172,-0.7587989568710327,-0.0403699092566967,-0.30865907669067383,-0.8144950270652771,-0.17895816266536713,0.11045993864536285,0.005428673233836889,0.014292299747467041,-0.11041419953107834,-0.005765188951045275,-0.013271783478558064,0.11319444328546524,0.42415571212768555,-0.046989407390356064,-0.13190339505672455,0.3997069001197815,-0.05719311535358429,0.16743607819080353,0.7967461943626404,-0.013904077000916004,-0.1357835978269577,0.7855737209320068,-0.035739753395318985
47,0.01799015700817108,-0.6305416822433472,-0.08935792744159698,0.16017134487628937,-0.48760199546813965,0.08806266635656357,0.28697308897972107,-0.6261332631111145,0.028955193236470222,-0.1507580429315567,-0.4947812259197235,0.048540279269218445,-0.2830439805984497,-0.6442124247550964,-0.04887954890727997,0.3845437169075012,-0.8211895823478699,-0.06952321529388428,-0.31229546666145325,-0.8695732355117798,-0.15773184597492218,0.11082258075475693,0.005409786012023687,0.014025331474840641,-0.11079952865839005,-0.005756203085184097,-0.01295274868607521,0.1132921576499939,0.4242204427719116,-0.04304152727127075,-0.13204911351203918,0.3982560336589813,-0.05440337210893631,0.16905078291893005,0.7914032340049744,-0.005759017542004585,-0.13632918894290924,0.7792256474494934,-0.02224472351372242
48,0.018129654228687286,-0.6178406476974487,-0.2162490338087082,0.1625773310661316,-0.49111801385879517,-0.03755760192871094,0.2856099605560303,-0.6553587317466736,-0.08245588093996048,-0.14260928332805634,-0.493149071931839,-0.06394145637750626,-0.279278963804245,-0.6460555195808411,-0.16146086156368256,0.3732544779777527,-0.8657433986663818,-0.141048401594162,-0.308563232421875,-0.8905861377716064,-0.27093178033828735,0.11085435748100281,0.004463943187147379,0.013673955574631691,-0.11083026975393295,-0.004900109954178333,-0.012609902769327164,0.10884859412908554,0.4243423640727997,-0.02840675227344036,-0.13754846155643463,0.3956066966056824,-0.04188738018274307,0.16740141808986664,0.7867590188980103,0.036719366908073425,-0.14198113977909088,0.7701839804649353,0.03183206915855408
49,0.01816401071846485,-0.6030240654945374,-0.321449339389801,0.1591467410326004,-0.47734537720680237,-0.14110863208770752,0.2789534330368042,-0.657730758190155,-0.2066371738910675,-0.13926652073860168,-0.4850720763206482,-0.1680985987186432,-0.2714659571647644,-0.6472654938697815,-0.2792295515537262,0.36722469329833984,-0.8829227089881897,-0.29033541679382324,-0.29853272438049316,-0.8901857137680054,-0.4003327488899231,0.11040307581424713,0.0037021872121840715,0.013683616183698177,-0.11045138537883759,-0.0041837007738649845,-0.01262857299298048,0.10957054048776627,0.4243820011615753,-0.016292378306388855,-0.1412912756204605,0.3953755497932434,-0.03303410857915878,0.167692169547081,0.7833297252655029,0.06611093133687973,-0.15125122666358948,0.7688377499580383,0.054422441869974136
50,0.017628004774451256,-0.5850545167922974,-0.36619317531585693,0.158695787191391,-0.47118183970451355,-0.18423619866371155,0.2724035382270813,-0.6670812368392944,-0.24728906154632568,-0.13204708695411682,-0.48052990436553955,-0.21350127458572388,-0.25341054797172546,-0.6447129845619202,-0.31908974051475525,0.3494332432746887,-0.9094903469085693,-0.3221391439437866,-0.28198856115341187,-0.8827661275863647,-0.4374009072780609,0.11004792153835297,0.0035946290008723736,0.01376603078097105,-0.11015699803829193,-0.004092368297278881,-0.012718267738819122,0.1096048429608345,0.42473042011260986,-0.014652512036263943,-0.14125420153141022,0.39445555210113525,-0.03407391905784607,0.16763044893741608,0.7831065654754639,0.06593936681747437,-0.1526569128036499,0.7665408849716187,0.05253307521343231
51,0.017634017392992973,-0.5857235789299011,-0.3705621361732483,0.15427947044372559,-0.46582284569740295,-0.19610875844955444,0.2661844789981842,-0.670238733291626,-0.26475369930267334,-0.13008864223957062,-0.4794842600822449,-0.22280600666999817,-0.24352604150772095,-0.6453086733818054,-0.33597812056541443,0.34602609276771545,-0.9153703451156616,-0.3414285480976105,-0.26243725419044495,-0.8822226524353027,-0.45315760374069214,0.10937158763408661,0.0035785874351859093,0.013585057109594345,-0.10956443846225739,-0.004080353304743767,-0.012541905045509338,0.10851135849952698,0.4245527982711792,-0.015463799238204956,-0.14186865091323853,0.39424049854278564,-0.03138052672147751,0.16912634670734406,0.7789626121520996,0.06729602813720703,-0.1573522537946701,0.7656585574150085,0.058654990047216415
52,0.01678437553346157,-0.5828660130500793,-0.382863849401474,0.15109074115753174,-0.4644947648048401,-0.2128245085477829,0.25641313195228577,-0.6769804358482361,-0.28257933259010315,-0.12897203862667084,-0.4789282977581024,-0.2338331937789917,-0.23692406713962555,-0.6473214626312256,-0.3469582200050354,0.3327009677886963,-0.9251506924629211,-0.3532208800315857,-0.24746565520763397,-0.8839093446731567,-0.4603980481624603,0.10901904851198196,0.0035563770215958357,0.012029820121824741,-0.10925797373056412,-0.004060094244778156,-0.010988827794790268,0.10840363800525665,0.4243198037147522,-0.014559497125446796,-0.14306534826755524,0.39446142315864563,-0.02030782774090767,0.17122192680835724,0.7760335803031921,0.08044233918190002,-0.1591222733259201,0.7634785771369934,0.08273732662200928
53,0.016701024025678635,-0.5835117697715759,-0.38305923342704773,0.1493287980556488,-0.4648549556732178,-0.21375171840190887,0.24826493859291077,-0.6922657489776611,-0.2891305685043335,-0.12637847661972046,-0.47909465432167053,-0.23859216272830963,-0.2232755422592163,-0.6567919850349426,-0.3517097532749176,0.3116273283958435,-0.9401372075080872,-0.3576606512069702,-0.2171156406402588,-0.8958536982536316,-0.4543396532535553,0.10861676186323166,0.0034612698946148157,0.01196280773729086,-0.10892114043235779,-0.003970753867179155,-0.010919250547885895,0.10858655720949173,0.42369550466537476,-0.011432305909693241,-0.1432858407497406,0.3952725827693939,-0.021304486319422722,0.17449325323104858,0.7736272215843201,0.08823908865451813,-0.16340778768062592,0.7656227350234985,0.07459649443626404
54,0.014465653337538242,-0.584276556968689,-0.3718852698802948,0.14616645872592926,-0.4689958691596985,-0.2059762328863144,0.23958925902843475,-0.7085279822349548,-0.28438645601272583,-0.12605907022953033,-0.480666846036911,-0.22761744260787964,-0.2205454707145691,-0.6608091592788696,-0.33960261940956116,0.2878821790218353,-0.9543530344963074,-0.3507160544395447,-0.2133660763502121,-0.8964614868164062,-0.4444625675678253,0.10807886719703674,0.0035063682589679956,0.011344844475388527,-0.1083979532122612,-0.00402243435382843,-0.010268895886838436,0.10788677632808685,0.42341965436935425,-0.011819274164736271,-0.14471463859081268,0.39611199498176575,-0.021202469244599342,0.17551998794078827,0.7738046646118164,0.08502570539712906,-0.16557806730270386,0.7689037919044495,0.07145684957504272
55,0.014481772668659687,-0.5815685391426086,-0.37241676449775696,0.1462966650724411,-0.4696402847766876,-0.2069569081068039,0.23338471353054047,-0.7122912406921387,-0.2896074950695038,-0.12298879027366638,-0.48095083236694336,-0.23641563951969147,-0.20901447534561157,-0.6748828887939453,-0.3573756814002991,0.2688092589378357,-0.9550460577011108,-0.3551006019115448,-0.1964663714170456,-0.9124041199684143,-0.4547499716281891,0.1079200953245163,0.0035451664589345455,0.011821459978818893,-0.10825499892234802,-0.004066841211169958,-0.0107308030128479,0.10787540674209595,0.4234026372432709,-0.012073205783963203,-0.1453111469745636,0.39610719680786133,-0.025888601318001747,0.17473745346069336,0.7741409540176392,0.08399690687656403,-0.16577035188674927,0.7684975266456604,0.06917059421539307
56,0.01434274110943079,-0.5820820331573486,-0.370816707611084,0.14590540528297424,-0.4698778986930847,-0.20769281685352325,0.22841766476631165,-0.7107229232788086,-0.2962348163127899,-0.12281543016433716,-0.48078906536102295,-0.23438040912151337,-0.2073362022638321,-0.6717283129692078,-0.3572313189506531,0.26004868745803833,-0.9503431916236877,-0.36390072107315063,-0.18713530898094177,-0.9065666794776917,-0.45779383182525635,0.10768882185220718,0.003718731924891472,0.011689521372318268,-0.1080254539847374,-0.004247006960213184,-0.010592550970613956,0.1076599732041359,0.4229556620121002,-0.012555884197354317,-0.1480238288640976,0.39599764347076416,-0.02593744918704033,0.1731444150209427,0.7742681503295898,0.08305469900369644,-0.17263874411582947,0.7685915231704712,0.06775225698947906
57,0.014336412772536278,-0.5831894278526306,-0.3597079813480377,0.14580419659614563,-0.4736293852329254,-0.20170624554157257,0.22411955893039703,-0.7144521474838257,-0.2917914390563965,-0.12266545742750168,-0.48228690028190613,-0.22669188678264618,-0.20694376528263092,-0.6773521900177002,-0.35359057784080505,0.2551751732826233,-0.9514660835266113,-0.35315340757369995,-0.1806609034538269,-0.908532977104187,-0.44311386346817017,0.10749617218971252,0.003631817875429988,0.011830823495984077,-0.1078304722905159,-0.00416448712348938,-0.010731416754424572,0.10833404958248138,0.42223283648490906,-0.010867452248930931,-0.14803475141525269,0.3961308002471924,-0.026560327038168907,0.17426535487174988,0.7740768194198608,0.08438437432050705,-0.17149880528450012,0.7694875597953796,0.06697173416614532
58,0.014352167956531048,-0.5846731662750244,-0.35880810022354126,0.1454523503780365,-0.47461405396461487,-0.19918084144592285,0.2213136851787567,-0.7171769142150879,-0.2873690724372864,-0.12249969691038132,-0.48250818252563477,-0.22515293955802917,-0.20193356275558472,-0.6771289110183716,-0.3488427400588989,0.24927110970020294,-0.9549004435539246,-0.35173311829566956,-0.17237532138824463,-0.9076838493347168,-0.4423101246356964,0.10731148719787598,0.0036339235957711935,0.011789552867412567,-0.10763886570930481,-0.004167553503066301,-0.010688518173992634,0.10825616866350174,0.4223323464393616,-0.011590641923248768,-0.14892792701721191,0.39617741107940674,-0.026940474286675453,0.17467638850212097,0.7751513123512268,0.08188356459140778,-0.17158924043178558,0.7699763774871826,0.06416907906532288
59,0.01436102669686079,-0.584892988204956,-0.3558051288127899,0.1447828859090805,-0.4757371246814728,-0.1975431591272354,0.21774671971797943,-0.7156398892402649,-0.2849901616573334,-0.12251758575439453,-0.4825145900249481,-0.2213926613330841,-0.20213165879249573,-0.676042914390564,-0.3465900123119354,0.24855713546276093,-0.9534202218055725,-0.35183629393577576,-0.17641276121139526,-0.9083712697029114,-0.44221410155296326,0.10724692791700363,0.003612057538703084,0.011572688817977905,-0.10757449269294739,-0.00414592819288373,-0.010484551079571247,0.10713167488574982,0.42269209027290344,-0.011647597886621952,-0.1484803706407547,0.3969065845012665,-0.027025433257222176,0.17424426972866058,0.7754875421524048,0.08168204873800278,-0.1714404970407486,0.7714799642562866,0.06292174756526947
60,0.014152276329696178,-0.5944358110427856,-0.32433679699897766,0.14480960369110107,-0.478027880191803,-0.17992164194583893,0.20108580589294434,-0.7095521688461304,-0.27895984053611755,-0.12283854186534882,-0.48259082436561584,-0.18134695291519165,-0.2023937702178955,-0.674308180809021,-0.30686110258102417,0.2205597460269928,-0.9471781849861145,-0.346927672624588,-0.1761724054813385,-0.9085439443588257,-0.40619707107543945,0.1072133332490921,0.0034158392809331417,0.009806849993765354,-0.1075357124209404,-0.003950329497456551,-0.008737518452107906,0.10524369776248932,0.4226236343383789,-0.012296436354517937,-0.15077249705791473,0.39680182933807373,-0.023111674934625626,0.16949021816253662,0.7764514088630676,0.08101987093687057,-0.17242398858070374,0.7710117101669312,0.06844818592071533
61,0.012669102288782597,-0.5988662242889404,-0.28630828857421875,0.14496900141239166,-0.48089760541915894,-0.1443829983472824,0.20009030401706696,-0.7093728184700012,-0.24334506690502167,-0.12330154329538345,-0.48544368147850037,-0.1465444564819336,-0.202858567237854,-0.6775017380714417,-0.26115599274635315,0.2227763682603836,-0.9471128582954407,-0.312427282333374,-0.1745290756225586,-0.9140620827674866,-0.3477364480495453,0.10721083730459213,0.0033304067328572273,0.009568453766405582,-0.10752760618925095,-0.0038649775087833405,-0.008489974774420261,0.10515402257442474,0.4226636290550232,-0.01507522352039814,-0.1525159478187561,0.39621591567993164,-0.02460787259042263,0.16895151138305664,0.7769023776054382,0.07223431020975113,-0.17316924035549164,0.7708677649497986,0.06144588068127632
62,0.012066652998328209,-0.6000919342041016,-0.28706860542297363,0.1450488418340683,-0.48385947942733765,-0.14637170732021332,0.1980992555618286,-0.709126353263855,-0.24703967571258545,-0.12410787492990494,-0.4874648153781891,-0.14801272749900818,-0.20321699976921082,-0.6812973618507385,-0.2641671299934387,0.21960142254829407,-0.9465999603271484,-0.3168131709098816,-0.17231638729572296,-0.914340615272522,-0.35088351368904114,0.10719127953052521,0.003337937407195568,0.0080186128616333,-0.10750258713960648,-0.0038707093335688114,-0.006936552468687296,0.10513326525688171,0.42236781120300293,-0.016964038833975792,-0.1542295664548874,0.39532655477523804,-0.018408101052045822,0.16898036003112793,0.7769161462783813,0.07213078439235687,-0.17317096889019012,0.763715922832489,0.07727974653244019
63,0.011555981822311878,-0.6045228242874146,-0.2541201710700989,0.1464611440896988,-0.48787984251976013,-0.1240711510181427,0.19642694294452667,-0.7081760764122009,-0.2326471209526062,-0.12299846112728119,-0.4923262298107147,-0.10783550143241882,-0.19824233651161194,-0.680810272693634,-0.21472369134426117,0.21756020188331604,-0.9456355571746826,-0.3026628792285919,-0.16836312413215637,-0.9134529829025269,-0.30360183119773865,0.10712914168834686,0.003436390310525894,0.004792665131390095,-0.10740774869918823,-0.00395690044388175,-0.0036655499134212732,0.10487626492977142,0.4223719537258148,-0.023547207936644554,-0.1543280929327011,0.39516621828079224,-0.015267370268702507,0.1701134890317917,0.7776822447776794,0.06069204956293106,-0.1720711886882782,0.7635861039161682,0.07691776752471924
64,0.011289103887975216,-0.6088095307350159,-0.23232747614383698,0.14718811213970184,-0.4898239076137543,-0.10937299579381943,0.19629178941249847,-0.7069265842437744,-0.22689858078956604,-0.12048281729221344,-0.49856436252593994,-0.08873573690652847,-0.18957962095737457,-0.6874565482139587,-0.19333721697330475,0.21876516938209534,-0.9441432952880859,-0.3003239333629608,-0.16973181068897247,-0.9168970584869385,-0.2841314673423767,0.10684168338775635,0.003681318135932088,0.003510637441650033,-0.10705792158842087,-0.004179844632744789,-0.002377913100644946,0.10469739884138107,0.4222703278064728,-0.02822257950901985,-0.1545407921075821,0.39478304982185364,-0.015589531511068344,0.17015115916728973,0.7799921035766602,0.04835239797830582,-0.1720544993877411,0.7637234926223755,0.07268376648426056
65,0.008332712575793266,-0.6195521354675293,-0.16399717330932617,0.1474558264017105,-0.4990846514701843,-0.04745510593056679,0.19442953169345856,-0.7061132788658142,-0.16488055884838104,-0.12058363854885101,-0.5072906613349915,-0.03137197345495224,-0.1855756938457489,-0.6924472451210022,-0.12357077747583389,0.21818795800209045,-0.9438228607177734,-0.24177680909633636,-0.16846679151058197,-0.9200300574302673,-0.1988673061132431,0.10681165009737015,0.0037035022396594286,0.00366034684702754,-0.10702428221702576,-0.004195091314613819,-0.002512715058401227,0.10322801023721695,0.4222554564476013,-0.028048738837242126,-0.15606625378131866,0.3926719129085541,-0.02425536699593067,0.1656680554151535,0.7808085680007935,0.04328496381640434,-0.1747855544090271,0.7640531659126282,0.047858841717243195
66,0.006055459380149841,-0.6198813915252686,-0.1572778970003128,0.14747737348079681,-0.500589907169342,-0.03702579438686371,0.19209511578083038,-0.7052770853042603,-0.1611865907907486,-0.12114414572715759,-0.5074781775474548,-0.029408026486635208,-0.18231524527072906,-0.6917706727981567,-0.13444730639457703,0.21830680966377258,-0.9436989426612854,-0.24546435475349426,-0.16928188502788544,-0.9194129705429077,-0.21962399780750275,0.10679198801517487,0.0037811966612935066,0.004602212458848953,-0.10699351876974106,-0.004265622701495886,-0.003430245677009225,0.10082554817199707,0.4227151870727539,-0.027441957965493202,-0.15616010129451752,0.39272773265838623,-0.03084685653448105,0.16139239072799683,0.783378005027771,0.042215462774038315,-0.17477823793888092,0.7692369222640991,0.03411395847797394
67,0.006036972161382437,-0.6211795210838318,-0.1314539760351181,0.1475372612476349,-0.5039001703262329,-0.01062861643731594,0.19079411029815674,-0.7028171420097351,-0.14770501852035522,-0.12255015224218369,-0.509660005569458,-0.009391184896230698,-0.18289963901042938,-0.6923760175704956,-0.12101193517446518,0.21843084692955017,-0.9360272884368896,-0.24531373381614685,-0.1793571412563324,-0.9191664457321167,-0.2070881575345993,0.1067812442779541,0.003991387784481049,0.005604462698101997,-0.10696921497583389,-0.004458189941942692,-0.004440374206751585,0.10229311883449554,0.4227069020271301,-0.026658833026885986,-0.15405263006687164,0.393025279045105,-0.034246157854795456,0.16206318140029907,0.7862434983253479,0.0396001860499382,-0.17229576408863068,0.7727225422859192,0.026386186480522156
68,0.005843484774231911,-0.6299378275871277,-0.11651643365621567,0.1473892629146576,-0.5047592520713806,0.005075300112366676,0.1935122311115265,-0.6997136473655701,-0.12007391452789307,-0.12343037128448486,-0.5131200551986694,0.01012095995247364,-0.19214090704917908,-0.6983898282051086,-0.08756819367408752,0.22851143777370453,-0.9247438311576843,-0.21184778213500977,-0.19915218651294708,-0.9233995676040649,-0.16336697340011597,0.10672622174024582,0.004459531977772713,0.005926779471337795,-0.10688643157482147,-0.004903063178062439,-0.004746974445879459,0.10275927931070328,0.4229535758495331,-0.026524081826210022,-0.15051622688770294,0.3930085599422455,-0.0359162837266922,0.16219350695610046,0.7877756953239441,0.03366455063223839,-0.16892091929912567,0.7727167010307312,0.022268008440732956
69,0.006105216685682535,-0.6306822896003723,-0.12829232215881348,0.14719243347644806,-0.5050575733184814,-0.0033113735262304544,0.19383785128593445,-0.6993051767349243,-0.1292186826467514,-0.12467999011278152,-0.513322114944458,-0.0013868651585653424,-0.19899986684322357,-0.7010651230812073,-0.1057969257235527,0.2315269261598587,-0.9225835204124451,-0.22272461652755737,-0.20994195342063904,-0.926073431968689,-0.18543176352977753,0.10669676214456558,0.004598321858793497,0.006419482175260782,-0.1068403422832489,-0.005034467205405235,-0.00525146396830678,0.10317931324243546,0.4232635200023651,-0.02148442342877388,-0.15044142305850983,0.3930300772190094,-0.0356624573469162,0.16210472583770752,0.7883051037788391,0.038413550704717636,-0.16876842081546783,0.7725299596786499,0.02367440238595009
70,0.007066261954605579,-0.6301009654998779,-0.136280357837677,0.14479365944862366,-0.5051424503326416,-0.009416947141289711,0.1872694045305252,-0.6968367099761963,-0.1378241330385208,-0.12789024412631989,-0.5131166577339172,-0.009417726658284664,-0.20133045315742493,-0.702093780040741,-0.1535930186510086,0.22975686192512512,-0.9061958193778992,-0.2642984390258789,-0.21765227615833282,-0.9258452653884888,-0.243254616856575,0.10667984932661057,0.004992414731532335,0.008051697164773941,-0.10681363195180893,-0.0054063075222074986,-0.006937628146260977,0.10327064990997314,0.4240168333053589,-0.02072586864233017,-0.15017466247081757,0.3932153880596161,-0.03722130507230759,0.1616957038640976,0.7884190678596497,0.03844773396849632,-0.16862671077251434,0.7720842957496643,0.024720098823308945
71,0.008873993530869484,-0.6315330862998962,-0.12671995162963867,0.14516741037368774,-0.5050662755966187,-0.0028383585158735514,0.18030227720737457,-0.6881433725357056,-0.14173640310764313,-0.1278497278690338,-0.513514518737793,-0.007516132667660713,-0.200542151927948,-0.7031825184822083,-0.15033704042434692,0.22499652206897736,-0.8974063992500305,-0.265474796295166,-0.21697166562080383,-0.9259088039398193,-0.2414889931678772,0.10674051940441132,0.00516664469614625,0.0082607576623559,-0.10684271901845932,-0.005564502906054258,-0.007158458232879639,0.10421432554721832,0.42408299446105957,-0.020446177572011948,-0.15052995085716248,0.3932513892650604,-0.03709772974252701,0.15968897938728333,0.7884315252304077,0.03867517411708832,-0.16818827390670776,0.7712371945381165,0.0257878340780735
72,0.006181770469993353,-0.636005163192749,-0.13702896237373352,0.14399245381355286,-0.5131653547286987,-0.004059108905494213,0.18836522102355957,-0.70160973072052,-0.1294468194246292,-0.13262557983398438,-0.5213097333908081,-0.011138072237372398,-0.2096240222454071,-0.7204220294952393,-0.121231809258461,0.23136714100837708,-0.907910943031311,-0.2299710065126419,-0.2315026819705963,-0.9428123831748962,-0.1803896576166153,0.10679731518030167,0.005096059758216143,0.008233674801886082,-0.10688657313585281,-0.005502719897776842,-0.007125541567802429,0.10441216081380844,0.4239838123321533,-0.020173288881778717,-0.15016509592533112,0.3922569453716278,-0.03627721965312958,0.1592881679534912,0.7884550094604492,0.04372507333755493,-0.16873393952846527,0.7672768235206604,0.0372844859957695
73,0.009431359358131886,-0.6354478597640991,-0.14825008809566498,0.14312413334846497,-0.510654091835022,-0.014596986584365368,0.17096801102161407,-0.6881557106971741,-0.16199055314064026,-0.13257543742656708,-0.5188536643981934,-0.035681821405887604,-0.20672579109668732,-0.7178660035133362,-0.1731562614440918,0.2133016586303711,-0.8893275260925293,-0.28949499130249023,-0.23319488763809204,-0.9391658306121826,-0.25338125228881836,0.10682859271764755,0.0051468610763549805,0.008936363272368908,-0.10690198838710785,-0.005544395186007023,-0.007862787693738937,0.10442794859409332,0.4238177239894867,-0.019107986241579056,-0.1497907191514969,0.39338192343711853,-0.03647524118423462,0.15167003870010376,0.7843309640884399,0.046630099415779114,-0.16871337592601776,0.7675168514251709,0.03724216669797897
74,0.0091998977586627,-0.6328502893447876,-0.16794094443321228,0.1412600874900818,-0.5063890218734741,-0.03544262424111366,0.1694261133670807,-0.6825401782989502,-0.18250082433223724,-0.13210223615169525,-0.5123517513275146,-0.052105776965618134,-0.20438425242900848,-0.6960943937301636,-0.19774407148361206,0.210781529545784,-0.8879159688949585,-0.30130115151405334,-0.2372843474149704,-0.9024880528450012,-0.3027380406856537,0.10672517120838165,0.005173779092729092,0.009971531108021736,-0.10677168518304825,-0.005568549502640963,-0.00886467844247818,0.10436759144067764,0.42321810126304626,-0.01521366834640503,-0.14985565841197968,0.3937908411026001,-0.03698720782995224,0.15199103951454163,0.7806852459907532,0.04863933473825455,-0.16824769973754883,0.7676160335540771,0.0359373576939106
75,0.007999271154403687,-0.6331990361213684,-0.14191722869873047,0.14030879735946655,-0.5089909434318542,-0.012495403178036213,0.16404208540916443,-0.6867489814758301,-0.14360325038433075,-0.12985216081142426,-0.5133384466171265,-0.017591439187526703,-0.19898392260074615,-0.6954984664916992,-0.12573745846748352,0.2058434635400772,-0.8972189426422119,-0.2442682534456253,-0.24303945899009705,-0.8959251642227173,-0.211241215467453,0.10659605264663696,0.005415622610598803,0.009942800737917423,-0.10659004002809525,-0.00579630583524704,-0.00880446471273899,0.10441076755523682,0.4231865406036377,-0.015058222226798534,-0.1499100923538208,0.39279142022132874,-0.037040501832962036,0.14981447160243988,0.7814047932624817,0.047653086483478546,-0.16700159013271332,0.7647996544837952,0.03640439361333847
76,0.007945815101265907,-0.6336822509765625,-0.0865030437707901,0.1403340995311737,-0.5109491348266602,0.0399225577712059,0.15585888922214508,-0.6860613822937012,-0.094267338514328,-0.12410883605480194,-0.5092098712921143,0.03554132208228111,-0.16493049263954163,-0.6311265826225281,-0.08406012505292892,0.19815798103809357,-0.8977131843566895,-0.19328488409519196,-0.1969391107559204,-0.7692817449569702,-0.18632684648036957,0.10650689899921417,0.0054480452090501785,0.009799277409911156,-0.10646207630634308,-0.005825137719511986,-0.008605582639575005,0.10608001053333282,0.4220358431339264,-0.0007004488143138587,-0.1434020698070526,0.3927326202392578,-0.029524387791752815,0.15061955153942108,0.7795101404190063,0.05714455991983414,-0.15474987030029297,0.7643247246742249,0.0442962571978569
77,0.007127597462385893,-0.6324732899665833,-0.13774609565734863,0.1407657265663147,-0.5149473547935486,-0.002211621729657054,0.1653010994195938,-0.7151815295219421,-0.1068512499332428,-0.12422748655080795,-0.5117495059967041,-0.0007612015469931066,-0.19177299737930298,-0.6875603795051575,-0.09922657907009125,0.20866358280181885,-0.935051679611206,-0.19860336184501648,-0.21686390042304993,-0.8951475620269775,-0.18405495584011078,0.10655471682548523,0.004975560121238232,0.009648608043789864,-0.10649559646844864,-0.005388671066612005,-0.008431490510702133,0.10616976022720337,0.42167383432388306,-0.00138908124063164,-0.15177857875823975,0.3912007212638855,-0.02994748391211033,0.14504960179328918,0.7819699645042419,0.05763375014066696,-0.1601526290178299,0.7624897360801697,0.046522051095962524
78,0.003448046976700425,-0.6344872713088989,-0.12740682065486908,0.1393444985151291,-0.5154932737350464,-0.00046222173841670156,0.16562488675117493,-0.7132363319396973,-0.11164870113134384,-0.1283775120973587,-0.5163423418998718,6.387480243574828e-05,-0.1954212784767151,-0.7023862600326538,-0.10174421221017838,0.2064347118139267,-0.9331275224685669,-0.2011120617389679,-0.22318534553050995,-0.9128381013870239,-0.18047693371772766,0.10652459412813187,0.005009630229324102,0.009479036554694176,-0.10645974427461624,-0.005414334125816822,-0.008270839229226112,0.11096995323896408,0.41790351271629333,-0.00904820952564478,-0.15376639366149902,0.38749176263809204,-0.03646683692932129,0.14844340085983276,0.7807328104972839,0.051544852554798126,-0.1640016734600067,0.7590944766998291,0.037850528955459595
79,0.0038289735093712807,-0.634285569190979,-0.1586306095123291,0.13847839832305908,-0.5150874257087708,-0.0248989537358284,0.16401000320911407,-0.710776150226593,-0.13224834203720093,-0.12004844099283218,-0.5154872536659241,-0.016576942056417465,-0.18855810165405273,-0.699975848197937,-0.10480877012014389,0.20628981292247772,-0.9313716292381287,-0.2125614583492279,-0.23167310655117035,-0.9097386598587036,-0.18301624059677124,0.10584204643964767,0.004892401397228241,0.009090946055948734,-0.10574515163898468,-0.005285944789648056,-0.007845881395041943,0.11311034113168716,0.41650572419166565,-0.011907578445971012,-0.15521308779716492,0.38689732551574707,-0.044778961688280106,0.1486014425754547,0.7786354422569275,0.05111980065703392,-0.163185715675354,0.758260190486908,0.036788567900657654
80,0.003861208213493228,-0.634872555732727,-0.15653368830680847,0.1399386078119278,-0.5168187022209167,-0.023489680141210556,0.1806105226278305,-0.7201811075210571,-0.13102009892463684,-0.12332890927791595,-0.5165644288063049,-0.02309916913509369,-0.1986757069826126,-0.709758460521698,-0.10987493395805359,0.21875163912773132,-0.9407591223716736,-0.2135772854089737,-0.22409804165363312,-0.9310954809188843,-0.1801612675189972,0.1059449166059494,0.004684301558881998,0.008967380970716476,-0.10586252808570862,-0.0050805010832846165,-0.007734216749668121,0.11463485658168793,0.4149918258190155,-0.01503509096801281,-0.16289404034614563,0.38562747836112976,-0.04845084249973297,0.1500714123249054,0.7786009907722473,0.0510970763862133,-0.164687842130661,0.7583036422729492,0.029663560912013054
81,0.002522093476727605,-0.6352344751358032,-0.17685261368751526,0.1384483426809311,-0.5167906284332275,-0.04783526808023453,0.17967751622200012,-0.7167116403579712,-0.17250783741474152,-0.12663118541240692,-0.5137630105018616,-0.05307295173406601,-0.2033286988735199,-0.6902320981025696,-0.17847053706645966,0.2147313803434372,-0.9322006106376648,-0.2642512619495392,-0.23140756785869598,-0.8769919276237488,-0.2884029746055603,0.10592907667160034,0.004541405942291021,0.00986408069729805,-0.10584324598312378,-0.004914422053843737,-0.008589189499616623,0.11465580761432648,0.41371721029281616,-0.015684789046645164,-0.161502867937088,0.3840351104736328,-0.05278829112648964,0.15253759920597076,0.7757443785667419,0.049925703555345535,-0.16544875502586365,0.7554653286933899,0.02752653881907463
82,0.002465019701048732,-0.6264848709106445,-0.23814232647418976,0.1374913603067398,-0.5097353458404541,-0.09427233040332794,0.179025337100029,-0.7220185995101929,-0.20760707557201385,-0.1271720826625824,-0.507561981678009,-0.10563074797391891,-0.20423966646194458,-0.6963663101196289,-0.2288522720336914,0.21726253628730774,-0.9401180148124695,-0.30125692486763,-0.23064415156841278,-0.917190432548523,-0.3152967095375061,0.10601991415023804,0.003915466833859682,0.00971332099288702,-0.10595177114009857,-0.004312507808208466,-0.008466815575957298,0.11830732226371765,0.4124542474746704,-0.020374417304992676,-0.1731141060590744,0.38433006405830383,-0.05427013337612152,0.14821916818618774,0.773501455783844,0.057334549725055695,-0.1677006632089615,0.7557628750801086,0.031171943992376328
83,0.002454241970553994,-0.625209629535675,-0.22630290687084198,0.13615182042121887,-0.5056122541427612,-0.08787978440523148,0.17863745987415314,-0.7149125337600708,-0.20961657166481018,-0.12973138689994812,-0.5040053129196167,-0.09725885093212128,-0.2062411606311798,-0.6943749189376831,-0.2245064079761505,0.21638785302639008,-0.9331693649291992,-0.30710458755493164,-0.2341601550579071,-0.9155246615409851,-0.31362488865852356,0.10601489990949631,0.004018968902528286,0.009803351014852524,-0.10594659298658371,-0.004403528291732073,-0.008563684299588203,0.11902832984924316,0.4116436243057251,-0.027134191244840622,-0.17188677191734314,0.3826737403869629,-0.06303142756223679,0.15119865536689758,0.7717759013175964,0.046550266444683075,-0.16991430521011353,0.7528219223022461,0.020054051652550697
84,0.0017200411530211568,-0.6309905648231506,-0.22632339596748352,0.1365637183189392,-0.5067762732505798,-0.08725155889987946,0.1882450133562088,-0.7195706367492676,-0.203728586435318,-0.133179172873497,-0.5068607926368713,-0.09494785219430923,-0.21253781020641327,-0.7063427567481995,-0.21796509623527527,0.22907297313213348,-0.9469680190086365,-0.29562339186668396,-0.23738473653793335,-0.940102756023407,-0.28024986386299133,0.10636390000581741,0.0033403299748897552,0.008899018168449402,-0.10636354982852936,-0.003769710659980774,-0.0077179837971925735,0.12192932516336441,0.4087011516094208,-0.030862385407090187,-0.18107759952545166,0.3804819881916046,-0.06253041326999664,0.14999987185001373,0.7658175230026245,0.05667990818619728,-0.1741667240858078,0.7507055401802063,0.02641500160098076
85,0.0016762926243245602,-0.6261711716651917,-0.231253519654274,0.1369323879480362,-0.5049551129341125,-0.09117332100868225,0.19368457794189453,-0.7199978828430176,-0.20119565725326538,-0.13468480110168457,-0.506489634513855,-0.10491690039634705,-0.21306157112121582,-0.7082386612892151,-0.21390406787395477,0.22915729880332947,-0.9479885697364807,-0.2909933030605316,-0.23251588642597198,-0.9461418986320496,-0.2772168517112732,0.10645144432783127,0.0035542668774724007,0.008913125842809677,-0.10646654665470123,-0.003970329184085131,-0.0077391439117491245,0.12867394089698792,0.40526366233825684,-0.04689478874206543,-0.18094848096370697,0.375260591506958,-0.07454472035169601,0.1547795832157135,0.7614045739173889,0.04527080059051514,-0.1729547381401062,0.7391168475151062,0.019026847556233406
86,0.002457244088873267,-0.6204872131347656,-0.26325559616088867,0.13673919439315796,-0.5037025213241577,-0.11403855681419373,0.19722150266170502,-0.7266584634780884,-0.2084689736366272,-0.13499200344085693,-0.5065441131591797,-0.14374995231628418,-0.2128141224384308,-0.7157622575759888,-0.2490319460630417,0.23090793192386627,-0.9531417489051819,-0.2939378321170807,-0.22958344221115112,-0.9541797041893005,-0.30005836486816406,0.10647489130496979,0.003570430213585496,0.009560116566717625,-0.10650990158319473,-0.00398778123781085,-0.008445234037935734,0.13364017009735107,0.40383180975914,-0.0444311760365963,-0.1794663816690445,0.3766131103038788,-0.07310226559638977,0.1639614701271057,0.7566830515861511,0.061368416994810104,-0.1737087517976761,0.7399478554725647,0.020664073526859283
87,0.0025426382198929787,-0.6267729997634888,-0.2536233365535736,0.13498860597610474,-0.5059193968772888,-0.10813494771718979,0.19766922295093536,-0.7351829409599304,-0.19404031336307526,-0.13666220009326935,-0.5070947408676147,-0.13207107782363892,-0.21293598413467407,-0.715621292591095,-0.2368273288011551,0.24426411092281342,-0.9579037427902222,-0.2735291123390198,-0.21966691315174103,-0.9509576559066772,-0.2966291308403015,0.10644986480474472,0.0034978860057890415,0.010501624085009098,-0.10649387538433075,-0.003912278451025486,-0.009346619248390198,0.1358070820569992,0.3999660611152649,-0.04331980645656586,-0.17678959667682648,0.3767023980617523,-0.07294681668281555,0.17280444502830505,0.7517913579940796,0.061688683927059174,-0.17376776039600372,0.73989337682724,0.02110104262828827
88,0.0029277484863996506,-0.6267844438552856,-0.2502448260784149,0.13337603211402893,-0.5060960650444031,-0.10494294762611389,0.1972997784614563,-0.7381253242492676,-0.18196876347064972,-0.13673101365566254,-0.507587730884552,-0.13359743356704712,-0.20832394063472748,-0.7168710231781006,-0.24000248312950134,0.24406729638576508,-0.9628949761390686,-0.2537018954753876,-0.193818137049675,-0.9434722065925598,-0.2924670875072479,0.10641791671514511,0.0034358855336904526,0.011719130910933018,-0.1064763218164444,-0.0038466474507004023,-0.010542147792875767,0.13619445264339447,0.397652804851532,-0.04217221960425377,-0.17640505731105804,0.3767833411693573,-0.07701093703508377,0.17197798192501068,0.7485408186912537,0.06136706843972206,-0.17285573482513428,0.7402327060699463,0.015526932664215565
89,0.004970197100192308,-0.6267578601837158,-0.24962443113327026,0.13325078785419464,-0.5039756894111633,-0.10292442888021469,0.19735980033874512,-0.7344921231269836,-0.18214577436447144,-0.13693280518054962,-0.5073286294937134,-0.13030675053596497,-0.2064446359872818,-0.714856743812561,-0.23883527517318726,0.2499822974205017,-0.9619832038879395,-0.260219931602478,-0.19628430902957916,-0.9428384900093079,-0.29349106550216675,0.10643337666988373,0.0034926768857985735,0.012121740728616714,-0.10649477690458298,-0.0038964750710874796,-0.010946633294224739,0.13941223919391632,0.39497658610343933,-0.05524982139468193,-0.17757779359817505,0.3754248321056366,-0.08653458952903748,0.17183998227119446,0.7480219006538391,0.04063117504119873,-0.1743958294391632,0.7389275431632996,0.004267647862434387
90,0.0069676656275987625,-0.6297698616981506,-0.24012400209903717,0.13630364835262299,-0.5040197372436523,-0.09690438956022263,0.19967854022979736,-0.733889102935791,-0.18199953436851501,-0.13602900505065918,-0.5073153376579285,-0.11869268864393234,-0.20644791424274445,-0.7101717591285706,-0.23288312554359436,0.2531450092792511,-0.9612009525299072,-0.26122748851776123,-0.19918639957904816,-0.9400608539581299,-0.29246023297309875,0.10661341995000839,0.003491865238174796,0.011980412527918816,-0.10667239874601364,-0.0038916943594813347,-0.010807656683027744,0.14468064904212952,0.3891200125217438,-0.08404036611318588,-0.18098923563957214,0.3719482421875,-0.10411851108074188,0.17196044325828552,0.742357611656189,0.013869556598365307,-0.17277517914772034,0.733820378780365,-0.011678284965455532
91,0.007298469543457031,-0.6281589865684509,-0.24722333252429962,0.1362135261297226,-0.49998602271080017,-0.10385727882385254,0.20162758231163025,-0.7265326976776123,-0.20306305587291718,-0.1361243575811386,-0.5056431889533997,-0.12564709782600403,-0.2078791707754135,-0.7046388983726501,-0.24141186475753784,0.2523205280303955,-0.9554694294929504,-0.2916159927845001,-0.21660712361335754,-0.9365947842597961,-0.31395652890205383,0.10660126805305481,0.0035835718736052513,0.012155096977949142,-0.10666059702634811,-0.003975570667535067,-0.010989409871399403,0.1465456634759903,0.3892839252948761,-0.07698965072631836,-0.1789276897907257,0.3718335032463074,-0.10161526501178741,0.17224857211112976,0.7426917552947998,0.0192757286131382,-0.17231465876102448,0.7341099977493286,-0.01117063406854868
92,0.007898502051830292,-0.626940131187439,-0.25164416432380676,0.1376919448375702,-0.4971926212310791,-0.10695834457874298,0.20354826748371124,-0.7257060408592224,-0.20827002823352814,-0.13488245010375977,-0.5039249658584595,-0.12718594074249268,-0.2076513022184372,-0.7043117880821228,-0.24283137917518616,0.2543804943561554,-0.956113338470459,-0.29637154936790466,-0.21659603714942932,-0.9386025667190552,-0.31263458728790283,0.1066339984536171,0.003660767339169979,0.012021793983876705,-0.106697678565979,-0.004045612644404173,-0.010869459249079227,0.14699997007846832,0.38773247599601746,-0.08385677635669708,-0.17893292009830475,0.3698441982269287,-0.10573508590459824,0.17214272916316986,0.740913450717926,0.011897012591362,-0.171689972281456,0.7323601841926575,-0.014968984760344028
93,0.0074110631830990314,-0.6238798499107361,-0.2531667649745941,0.13767404854297638,-0.49431219696998596,-0.11145126074552536,0.2034582942724228,-0.719728946685791,-0.22250451147556305,-0.13493816554546356,-0.5004613995552063,-0.12898583710193634,-0.2070666402578354,-0.7003322243690491,-0.24439454078674316,0.2466374784708023,-0.9508461952209473,-0.3128250539302826,-0.22147111594676971,-0.9369663596153259,-0.31791380047798157,0.10668258368968964,0.003754874924197793,0.012022418901324272,-0.1067449226975441,-0.004129959736019373,-0.010870590806007385,0.14804597198963165,0.3870755136013031,-0.08557715266942978,-0.1784643977880478,0.3667512834072113,-0.11102382838726044,0.17148321866989136,0.7404387593269348,0.00995531864464283,-0.17120060324668884,0.728429913520813,-0.01815590262413025
94,0.007428269367665052,-0.6240917444229126,-0.253034770488739,0.137625053524971,-0.4955722987651825,-0.11066091060638428,0.20353718101978302,-0.7253926992416382,-0.2111903876066208,-0.1351063847541809,-0.5005107522010803,-0.12878483533859253,-0.2074582874774933,-0.7012423276901245,-0.24336403608322144,0.2487151026725769,-0.9563022255897522,-0.29603371024131775,-0.2213548868894577,-0.939665675163269,-0.3093855679035187,0.10669779032468796,0.0037158711347728968,0.012059509754180908,-0.10676248371601105,-0.0040901703760027885,-0.010909262113273144,0.14973370730876923,0.38701707124710083,-0.07922575622797012,-0.1787627786397934,0.366835355758667,-0.11039958149194717,0.17175383865833282,0.7390090823173523,0.02632647007703781,-0.17071613669395447,0.7284449338912964,-0.00894783902913332
95,0.008180730976164341,-0.6224088668823242,-0.2530979812145233,0.1382913887500763,-0.495383620262146,-0.1099056601524353,0.20704758167266846,-0.7254287600517273,-0.21056534349918365,-0.13516896963119507,-0.500016450881958,-0.13100501894950867,-0.21000972390174866,-0.6998594999313354,-0.24700358510017395,0.24938155710697174,-0.957831084728241,-0.2955247759819031,-0.2300592064857483,-0.9370380640029907,-0.3165077567100525,0.10675612837076187,0.0038484639953821898,0.012552719563245773,-0.1068270206451416,-0.004208835773169994,-0.01143612153828144,0.15315188467502594,0.3804946839809418,-0.09386057406663895,-0.17833229899406433,0.3646251857280731,-0.12243345379829407,0.17169882357120514,0.7325137257575989,0.008981367573142052,-0.17027804255485535,0.7251534461975098,-0.026235338300466537
96,0.008034552447497845,-0.6208394169807434,-0.264955073595047,0.13887359201908112,-0.4933854639530182,-0.12104150652885437,0.20682023465633392,-0.7198840379714966,-0.22224153578281403,-0.1344977170228958,-0.49830710887908936,-0.14322708547115326,-0.20488691329956055,-0.6979080438613892,-0.25487077236175537,0.2497980147600174,-0.9524230360984802,-0.3101048171520233,-0.22430716454982758,-0.9353944659233093,-0.32147955894470215,0.10699355602264404,0.0038472143933176994,0.012459870427846909,-0.10708871483802795,-0.00420598266646266,-0.011354764923453331,0.15387041866779327,0.37121227383613586,-0.12355553358793259,-0.18159526586532593,0.3591054081916809,-0.13532347977161407,0.16939647495746613,0.72281813621521,-0.016165954992175102,-0.16977888345718384,0.718109667301178,-0.03931350260972977
97,0.008034216240048409,-0.6304686069488525,-0.2619687020778656,0.14193008840084076,-0.4934459328651428,-0.11953891068696976,0.21086597442626953,-0.719682514667511,-0.22029367089271545,-0.13222582638263702,-0.4986724555492401,-0.14275196194648743,-0.20021262764930725,-0.6997118592262268,-0.2480587214231491,0.2502613961696625,-0.9524726271629333,-0.30025744438171387,-0.2201554924249649,-0.9400904178619385,-0.30245161056518555,0.10722286254167557,0.003872936824336648,0.012459076009690762,-0.10733610391616821,-0.004226822406053543,-0.011358051560819149,0.16134585440158844,0.35534608364105225,-0.15070538222789764,-0.18605217337608337,0.3459487557411194,-0.15507493913173676,0.16947132349014282,0.7090775966644287,-0.040609121322631836,-0.16970524191856384,0.7022950053215027,-0.056822314858436584
98,0.00627461401745677,-0.6301417946815491,-0.26642587780952454,0.14209803938865662,-0.4932805001735687,-0.12805813550949097,0.21220660209655762,-0.7232643365859985,-0.22401238977909088,-0.13187192380428314,-0.49869003891944885,-0.14829978346824646,-0.1997838020324707,-0.7064208984375,-0.247846782207489,0.2487819641828537,-0.9588028192520142,-0.29914531111717224,-0.2201823741197586,-0.9477365016937256,-0.29247376322746277,0.10727960616350174,0.004169007763266563,0.0125044584274292,-0.10740013420581818,-0.004509304650127888,-0.011408589780330658,0.1616775095462799,0.3500112295150757,-0.15606562793254852,-0.18592268228530884,0.33198434114456177,-0.1737765520811081,0.1699046939611435,0.700498104095459,-0.04873569309711456,-0.16964592039585114,0.6893559694290161,-0.07176617532968521
99,0.008700992912054062,-0.6296911239624023,-0.26581335067749023,0.1452406495809555,-0.4929630160331726,-0.1266726702451706,0.21380652487277985,-0.7237890362739563,-0.221456840634346,-0.12951646745204926,-0.4987981617450714,-0.14730457961559296,-0.1998685598373413,-0.7086332440376282,-0.23938854038715363,0.24881044030189514,-0.959140419960022,-0.29279541969299316,-0.2220035344362259,-0.9484336376190186,-0.2845487594604492,0.10735958069562912,0.004428495187312365,0.012402122840285301,-0.10749159008264542,-0.004766767844557762,-0.0113048842176795,0.16955579817295074,0.33700165152549744,-0.16902397572994232,-0.18827372789382935,0.3217771053314209,-0.17947696149349213,0.17062832415103912,0.6879442930221558,-0.05747516080737114,-0.16921325027942657,0.6783095002174377,-0.07379577308893204
100,0.010254218243062496,-0.6231136918067932,-0.2718279957771301,0.14674679934978485,-0.49038413166999817,-0.12861667573451996,0.21864551305770874,-0.7236143350601196,-0.22498966753482819,-0.128152996301651,-0.4963666498661041,-0.15405887365341187,-0.20023804903030396,-0.7085950374603271,-0.2515958547592163,0.25302398204803467,-0.9562839269638062,-0.30123171210289,-0.22315804660320282,-0.9481295347213745,-0.29925215244293213,0.1073913648724556,0.005003156140446663,0.012841565534472466,-0.10752622783184052,-0.005331967491656542,-0.011766943149268627,0.17268873751163483,0.3389403223991394,-0.16619016230106354,-0.1903933733701706,0.3246366083621979,-0.18159928917884827,0.17071521282196045,0.6903162002563477,-0.05595426633954048,-0.1687561422586441,0.6813989877700806,-0.07790149748325348
101,0.009573607705533504,-0.6225863099098206,-0.27258557081222534,0.1470390409231186,-0.48885995149612427,-0.1317453384399414,0.21862156689167023,-0.7200216054916382,-0.23392128944396973,-0.12815910577774048,-0.4951971173286438,-0.1531524807214737,-0.20177312195301056,-0.7080949544906616,-0.2511839270591736,0.2531474530696869,-0.9522432088851929,-0.31234806776046753,-0.22301849722862244,-0.9479369521141052,-0.30276790261268616,0.10742789506912231,0.005050282459706068,0.012699288316071033,-0.10756795853376389,-0.005379019770771265,-0.011628898791968822,0.17604230344295502,0.33909547328948975,-0.16230300068855286,-0.19081005454063416,0.32472315430641174,-0.17883650958538055,0.17507404088974,0.6875518560409546,-0.05290207639336586,-0.16713663935661316,0.6815173625946045,-0.0748961865901947
102,0.006542269140481949,-0.6224719882011414,-0.2704797089099884,0.14801545441150665,-0.48958027362823486,-0.13072307407855988,0.21979939937591553,-0.7237356901168823,-0.23054809868335724,-0.1290731132030487,-0.49351948499679565,-0.14678116142749786,-0.20436768233776093,-0.7037605047225952,-0.23494000732898712,0.2535708546638489,-0.9618723392486572,-0.2989915907382965,-0.22807396948337555,-0.9464001655578613,-0.2849987745285034,0.10837053507566452,0.00513260904699564,0.012469501234591007,-0.10850906372070312,-0.005458350758999586,-0.011374161578714848,0.17722152173519135,0.3209492862224579,-0.20627976953983307,-0.1985427588224411,0.29746729135513306,-0.2119148224592209,0.17078500986099243,0.6699920892715454,-0.10434938967227936,-0.16757895052433014,0.6584386825561523,-0.11490791290998459
103,0.004722944926470518,-0.6215757131576538,-0.2702687084674835,0.14879068732261658,-0.4891340434551239,-0.1304062157869339,0.22053413093090057,-0.7222035527229309,-0.22978582978248596,-0.12919853627681732,-0.4924505650997162,-0.14626334607601166,-0.20640115439891815,-0.7003539204597473,-0.23492446541786194,0.2591919004917145,-0.9615744352340698,-0.29889345169067383,-0.22724808752536774,-0.9398956298828125,-0.2861238121986389,0.10899968445301056,0.005147211719304323,0.012292517349123955,-0.10916159301996231,-0.005471371579915285,-0.011177090927958488,0.18031010031700134,0.31206202507019043,-0.21319811046123505,-0.20257799327373505,0.29367756843566895,-0.2178565263748169,0.17282892763614655,0.6606495976448059,-0.10926428437232971,-0.16776010394096375,0.6573503613471985,-0.12276817113161087
104,0.0030414764769375324,-0.6212393045425415,-0.2763395309448242,0.14743974804878235,-0.4881627857685089,-0.13447321951389313,0.21989336609840393,-0.7223366498947144,-0.23517213761806488,-0.1331920176744461,-0.4897870421409607,-0.15150286257266998,-0.21526983380317688,-0.6975229382514954,-0.2498425990343094,0.2590499520301819,-0.962472677230835,-0.3072487413883209,-0.2312288135290146,-0.9388049244880676,-0.31119629740715027,0.10942921787500381,0.005172866862267256,0.012271163985133171,-0.1096017062664032,-0.005495911929756403,-0.01115408819168806,0.18110916018486023,0.31183263659477234,-0.21412880718708038,-0.2042519748210907,0.2911398410797119,-0.21878473460674286,0.17139285802841187,0.6581596732139587,-0.10805603861808777,-0.16779306530952454,0.6524785161018372,-0.12208682298660278
105,0.0016329515492543578,-0.6239795684814453,-0.2768550217151642,0.14484597742557526,-0.4865642786026001,-0.13415862619876862,0.22071188688278198,-0.7222165465354919,-0.22906634211540222,-0.13935740292072296,-0.4887545704841614,-0.15732039511203766,-0.2224707305431366,-0.6964433193206787,-0.2664877474308014,0.2698850929737091,-0.9635705351829529,-0.2991926670074463,-0.23727524280548096,-0.938148558139801,-0.3281949460506439,0.11020103842020035,0.0051793125458061695,0.012868053279817104,-0.11040785163640976,-0.005498989950865507,-0.011739411391317844,0.18452686071395874,0.30196189880371094,-0.2276298850774765,-0.20417852699756622,0.28302499651908875,-0.23777168989181519,0.17221659421920776,0.6471023559570312,-0.12046488374471664,-0.16478660702705383,0.6440361142158508,-0.14289236068725586
106,0.0021065971814095974,-0.6242665648460388,-0.28353601694107056,0.14355556666851044,-0.48432737588882446,-0.13386741280555725,0.22058868408203125,-0.7208222150802612,-0.22419801354408264,-0.13924653828144073,-0.4864482581615448,-0.17257821559906006,-0.22204309701919556,-0.6921769976615906,-0.29293766617774963,0.27240920066833496,-0.9630683064460754,-0.2960658371448517,-0.23581178486347198,-0.9340840578079224,-0.3544832170009613,0.11035194993019104,0.005223229993134737,0.015077969059348106,-0.11057746410369873,-0.005539360456168652,-0.013959506526589394,0.19497926533222198,0.3006759583950043,-0.22284069657325745,-0.20214040577411652,0.28132572770118713,-0.25148269534111023,0.18945688009262085,0.6436483860015869,-0.11458924412727356,-0.1570083200931549,0.6442542672157288,-0.15178686380386353
107,0.008670572191476822,-0.6235895752906799,-0.2829858958721161,0.14691409468650818,-0.4836089611053467,-0.1302764117717743,0.2299584597349167,-0.7209039926528931,-0.2150120735168457,-0.1385885328054428,-0.4839423596858978,-0.17103803157806396,-0.22243843972682953,-0.6853481531143188,-0.2862567603588104,0.2845715284347534,-0.9630088210105896,-0.28249385952949524,-0.24561458826065063,-0.9269052147865295,-0.3476688265800476,0.11082637310028076,0.0054305605590343475,0.015481499955058098,-0.11103862524032593,-0.005751811899244785,-0.01433862280100584,0.19434873759746552,0.29896560311317444,-0.22469305992126465,-0.20234861969947815,0.27870622277259827,-0.25324320793151855,0.18853093683719635,0.6418682932853699,-0.1210327073931694,-0.1552993208169937,0.6409378051757812,-0.158094584941864
108,0.014554125256836414,-0.609693169593811,-0.30882376432418823,0.1580694615840912,-0.4788910150527954,-0.1549605131149292,0.2344067096710205,-0.7084288597106934,-0.255551278591156,-0.1336655169725418,-0.47570908069610596,-0.18325400352478027,-0.2203952968120575,-0.6699201464653015,-0.2929573059082031,0.2880462110042572,-0.9505801200866699,-0.33410173654556274,-0.24606911838054657,-0.9186784625053406,-0.36278608441352844,0.11233744025230408,0.00540930638089776,0.015385836362838745,-0.1125541552901268,-0.005733654368668795,-0.014236554503440857,0.1941024214029312,0.2953556478023529,-0.24029706418514252,-0.20161172747612,0.27431702613830566,-0.2537451982498169,0.18665750324726105,0.6317507028579712,-0.11930450797080994,-0.15567784011363983,0.6338751316070557,-0.15327462553977966
109,0.01179763674736023,-0.6104751229286194,-0.3062099516391754,0.1597592681646347,-0.47924792766571045,-0.1528523713350296,0.24135521054267883,-0.7107957601547241,-0.260235071182251,-0.13423265516757965,-0.4749038815498352,-0.17493131756782532,-0.2232842743396759,-0.670467734336853,-0.2781680226325989,0.28745654225349426,-0.95476895570755,-0.3366253077983856,-0.25432106852531433,-0.9185620546340942,-0.3529011607170105,0.11315782368183136,0.0054251933470368385,0.014845426194369793,-0.11335587501525879,-0.005748753901571035,-0.013670425862073898,0.19410167634487152,0.29107746481895447,-0.25013267993927,-0.20144185423851013,0.262278288602829,-0.26168251037597656,0.1849004179239273,0.6270290017127991,-0.13426171243190765,-0.1544305831193924,0.6265566349029541,-0.16566799581050873
110,0.012453151866793633,-0.6159542798995972,-0.2985106110572815,0.1628250777721405,-0.4798739552497864,-0.15186412632465363,0.2423117607831955,-0.7126738429069519,-0.25640612840652466,-0.13392123579978943,-0.47690892219543457,-0.16396720707416534,-0.22306762635707855,-0.6753236055374146,-0.26087820529937744,0.2888277471065521,-0.9613669514656067,-0.33554255962371826,-0.2538238763809204,-0.9249654412269592,-0.3270713686943054,0.11404561996459961,0.005447209347039461,0.014153324998915195,-0.11422038823366165,-0.005769360810518265,-0.01294386200606823,0.20240452885627747,0.2832660973072052,-0.26298514008522034,-0.20201586186885834,0.24933907389640808,-0.26892849802970886,0.1877935230731964,0.6173080801963806,-0.14422893524169922,-0.1481703221797943,0.6114560961723328,-0.16952228546142578
111,0.0121232271194458,-0.6160706877708435,-0.2912991940975189,0.164312481880188,-0.48080340027809143,-0.1513780802488327,0.24377815425395966,-0.714676558971405,-0.2539857029914856,-0.1339140087366104,-0.4766124188899994,-0.15180914103984833,-0.22311809659004211,-0.6752704381942749,-0.23924511671066284,0.28549566864967346,-0.962858259677887,-0.3279752731323242,-0.2537156343460083,-0.9255717992782593,-0.29954272508621216,0.11464288085699081,0.005427826661616564,0.013240251690149307,-0.11478206515312195,-0.005749205127358437,-0.011987348087131977,0.20233219861984253,0.2747134864330292,-0.2721235156059265,-0.20372484624385834,0.23545053601264954,-0.27831098437309265,0.1886855661869049,0.6098631620407104,-0.16060292720794678,-0.14800654351711273,0.6010662317276001,-0.18153350055217743
112,0.010210264474153519,-0.6118220090866089,-0.2919917404651642,0.1640961915254593,-0.48052945733070374,-0.1514551043510437,0.244254931807518,-0.7164625525474548,-0.2548964023590088,-0.13488949835300446,-0.4740966260433197,-0.15277855098247528,-0.22796548902988434,-0.6733749508857727,-0.24281299114227295,0.2850613594055176,-0.965013861656189,-0.3255266845226288,-0.26301461458206177,-0.9242021441459656,-0.30333906412124634,0.1150442510843277,0.005415129009634256,0.012350017204880714,-0.11517727375030518,-0.0057359496131539345,-0.01105978898704052,0.19887816905975342,0.2683602571487427,-0.2821407616138458,-0.21119222044944763,0.23053348064422607,-0.2812395691871643,0.18658019602298737,0.6011621952056885,-0.169660285115242,-0.14765791594982147,0.5961637496948242,-0.1854458898305893
113,-0.0005860156379640102,-0.6095021963119507,-0.30384209752082825,0.16071616113185883,-0.47989583015441895,-0.15980802476406097,0.24295556545257568,-0.7187601923942566,-0.2602795660495758,-0.13791681826114655,-0.47115153074264526,-0.162786066532135,-0.23268432915210724,-0.6715672016143799,-0.2477184534072876,0.2846626341342926,-0.9692065715789795,-0.3255259692668915,-0.26684918999671936,-0.9218602180480957,-0.31203240156173706,0.11545707285404205,0.005172867327928543,0.011544862762093544,-0.11561160534620285,-0.005498605314642191,-0.010223285295069218,0.19874820113182068,0.25295743346214294,-0.28983038663864136,-0.2153843492269516,0.22208604216575623,-0.2804226577281952,0.18520958721637726,0.5876443386077881,-0.18002112209796906,-0.15124204754829407,0.5882329940795898,-0.18889553844928741
114,-0.00030934432288631797,-0.604969322681427,-0.31380119919776917,0.15874901413917542,-0.47723251581192017,-0.16369037330150604,0.24175837635993958,-0.7184872627258301,-0.2602054178714752,-0.1386696696281433,-0.4691324830055237,-0.17614217102527618,-0.2341090887784958,-0.6715949773788452,-0.2646617591381073,0.2862059772014618,-0.9675131440162659,-0.32502663135528564,-0.26953044533729553,-0.922668993473053,-0.32492491602897644,0.11558549106121063,0.0050573805347085,0.01150935236364603,-0.11573874205350876,-0.005385729018598795,-0.010188859887421131,0.20014141499996185,0.2493041306734085,-0.29022449254989624,-0.2182682752609253,0.2244459092617035,-0.27936822175979614,0.18501925468444824,0.5806500315666199,-0.17696677148342133,-0.15305927395820618,0.5854198932647705,-0.18203303217887878
115,-0.0010448283283039927,-0.6023963093757629,-0.3124932646751404,0.15849104523658752,-0.4764046370983124,-0.16391532123088837,0.24055001139640808,-0.7184004187583923,-0.2602827548980713,-0.13872379064559937,-0.4678555428981781,-0.1753622591495514,-0.23427987098693848,-0.670770525932312,-0.26311397552490234,0.28596845269203186,-0.9678035378456116,-0.3248025178909302,-0.2726297974586487,-0.9227297902107239,-0.321214497089386,0.11589449644088745,0.004850895144045353,0.011155661195516586,-0.11604447662830353,-0.00517748249694705,-0.009819707833230495,0.20019270479679108,0.2290872037410736,-0.306000292301178,-0.22113998234272003,0.2123185098171234,-0.28478845953941345,0.18005134165287018,0.5600825548171997,-0.1794235110282898,-0.15060509741306305,0.5681350827217102,-0.18330202996730804
116,-0.00042921691783703864,-0.6014820337295532,-0.3116232752799988,0.15803274512290955,-0.4746132493019104,-0.16351597011089325,0.24074792861938477,-0.7185313105583191,-0.26015549898147583,-0.14017611742019653,-0.4666856825351715,-0.1763845533132553,-0.23652319610118866,-0.6713899970054626,-0.26595717668533325,0.28655850887298584,-0.9674742221832275,-0.32463398575782776,-0.2771262526512146,-0.9230468273162842,-0.3242464065551758,0.11625275760889053,0.004862525034695864,0.011110937222838402,-0.11638754606246948,-0.005190382245928049,-0.009765684604644775,0.19951477646827698,0.22048869729042053,-0.3174392580986023,-0.22524213790893555,0.19787929952144623,-0.2942895293235779,0.17499437928199768,0.5510337948799133,-0.18584030866622925,-0.14966139197349548,0.5483115315437317,-0.1866767257452011
117,-0.0008733629365451634,-0.6067818403244019,-0.29367756843566895,0.15758228302001953,-0.4746410846710205,-0.15308904647827148,0.24054473638534546,-0.7168849110603333,-0.25476035475730896,-0.14243455231189728,-0.4670729339122772,-0.16437570750713348,-0.23942571878433228,-0.6713784337043762,-0.2578675150871277,0.2856161892414093,-0.9668513536453247,-0.32013264298439026,-0.28365644812583923,-0.9230548143386841,-0.3197687268257141,0.11663096398115158,0.0049318578094244,0.011074592359364033,-0.11675570160150528,-0.005256828851997852,-0.009723351337015629,0.18994905054569244,0.20194858312606812,-0.3329913020133972,-0.22026702761650085,0.17473207414150238,-0.3115154504776001,0.1721295565366745,0.5313398838043213,-0.22003917396068573,-0.14269380271434784,0.5342783331871033,-0.22499409317970276
118,0.003508229274302721,-0.6080008149147034,-0.29177364706993103,0.15772761404514313,-0.4712989330291748,-0.1516173779964447,0.24083015322685242,-0.7121052145957947,-0.2531188726425171,-0.14242179691791534,-0.46688857674598694,-0.16365018486976624,-0.23853163421154022,-0.6713317036628723,-0.257904589176178,0.28707408905029297,-0.9645325541496277,-0.3170439600944519,-0.2814754247665405,-0.9247020483016968,-0.3195630609989166,0.11699230968952179,0.005000506527721882,0.011066850274801254,-0.11710086464881897,-0.0053237611427903175,-0.009707768447697163,0.18886886537075043,0.1935943365097046,-0.34217697381973267,-0.2214186042547226,0.16544458270072937,-0.3190975785255432,0.17048995196819305,0.5237314105033875,-0.23524969816207886,-0.14280405640602112,0.5247358679771423,-0.23606489598751068
119,0.003173729171976447,-0.6046317219734192,-0.2926906645298004,0.15583692491054535,-0.4701368808746338,-0.15215012431144714,0.23466379940509796,-0.711723804473877,-0.2550966739654541,-0.14440615475177765,-0.46688103675842285,-0.16632430255413055,-0.23977425694465637,-0.6712466478347778,-0.26111704111099243,0.28206658363342285,-0.9664604663848877,-0.3188440799713135,-0.2857735753059387,-0.9247251152992249,-0.32676011323928833,0.11717759072780609,0.005208085756748915,0.01104653999209404,-0.11727619171142578,-0.005531487055122852,-0.009683053940534592,0.18514041602611542,0.18155571818351746,-0.3428063690662384,-0.22180227935314178,0.1492522656917572,-0.3261110186576843,0.1700984537601471,0.5091338157653809,-0.24104158580303192,-0.14530625939369202,0.5129916667938232,-0.2438880205154419
120,0.0047174254432320595,-0.5860919952392578,-0.33185604214668274,0.15657900273799896,-0.4539888799190521,-0.17759978771209717,0.23556506633758545,-0.6965013742446899,-0.2838008403778076,-0.14385485649108887,-0.45010167360305786,-0.19421297311782837,-0.24244925379753113,-0.6435626149177551,-0.3056768774986267,0.30086708068847656,-0.959364652633667,-0.35151010751724243,-0.2837255895137787,-0.9030287265777588,-0.39210960268974304,0.11741886287927628,0.005148087628185749,0.011097482405602932,-0.11751604080200195,-0.005475147161632776,-0.009717239998281002,0.1896740049123764,0.18766404688358307,-0.34043508768081665,-0.2287762463092804,0.15565957129001617,-0.3240736722946167,0.17506226897239685,0.510740339756012,-0.22268708050251007,-0.14726459980010986,0.5159299969673157,-0.22780686616897583
121,0.0052668252028524876,-0.5847192406654358,-0.32982754707336426,0.157193124294281,-0.4548933506011963,-0.17679853737354279,0.23810409009456635,-0.6978645920753479,-0.2804773151874542,-0.14415240287780762,-0.45069417357444763,-0.19348323345184326,-0.24531611800193787,-0.6470850706100464,-0.30107954144477844,0.30355536937713623,-0.9594701528549194,-0.34694889187812805,-0.2855919599533081,-0.9048810005187988,-0.37894073128700256,0.11756032705307007,0.005158551037311554,0.011106874793767929,-0.11764372885227203,-0.005485821515321732,-0.009722725488245487,0.19009622931480408,0.18157866597175598,-0.33896365761756897,-0.23288382589817047,0.15109464526176453,-0.3229820132255554,0.17330235242843628,0.5062198638916016,-0.22116653621196747,-0.14866258203983307,0.5075632929801941,-0.22394488751888275
122,0.005134092643857002,-0.584992527961731,-0.3325469493865967,0.15750040113925934,-0.45563921332359314,-0.17850719392299652,0.24021299183368683,-0.70003342628479,-0.2831934988498688,-0.14420302212238312,-0.45146501064300537,-0.19667035341262817,-0.2455758899450302,-0.6488956809043884,-0.3063029944896698,0.3065294921398163,-0.9638637900352478,-0.35002002120018005,-0.28538984060287476,-0.9062042236328125,-0.3871517777442932,0.11763652414083481,0.005209947470575571,0.011093066073954105,-0.11772123724222183,-0.005535336211323738,-0.009707246907055378,0.1932210773229599,0.16560058295726776,-0.3378579914569855,-0.23255014419555664,0.13113081455230713,-0.3266714811325073,0.1836838275194168,0.48757287859916687,-0.2267434448003769,-0.14972683787345886,0.49720466136932373,-0.23146028816699982
123,0.007919169031083584,-0.576485276222229,-0.3412694036960602,0.15948180854320526,-0.44954660534858704,-0.18757806718349457,0.24537906050682068,-0.6911454200744629,-0.30363985896110535,-0.14381875097751617,-0.44567641615867615,-0.20551078021526337,-0.2452424168586731,-0.6374151110649109,-0.3271087110042572,0.3152168095111847,-0.9554532766342163,-0.37989342212677,-0.2815115451812744,-0.899264931678772,-0.4188235104084015,0.1178627535700798,0.0052185975946486,0.011071263812482357,-0.11793964356184006,-0.0055429753847420216,-0.00967753492295742,0.19060298800468445,0.15028463304042816,-0.35370346903800964,-0.23275315761566162,0.11100231111049652,-0.3395417034626007,0.18153508007526398,0.471149742603302,-0.24086539447307587,-0.15120342373847961,0.47874605655670166,-0.24254703521728516
124,0.008428740315139294,-0.5720387101173401,-0.3394450843334198,0.16107791662216187,-0.4470170736312866,-0.18619555234909058,0.24725225567817688,-0.6910055875778198,-0.30056241154670715,-0.14242994785308838,-0.4422870874404907,-0.2038564234972,-0.24443455040454865,-0.6325556635856628,-0.3213403522968292,0.3174455463886261,-0.9550684094429016,-0.3738071918487549,-0.2791765034198761,-0.8939799070358276,-0.41120049357414246,0.11811704933643341,0.005397667642682791,0.010957054793834686,-0.1181764155626297,-0.005720492452383041,-0.009534104727208614,0.18540552258491516,0.148225799202919,-0.36134612560272217,-0.2396843135356903,0.10410956293344498,-0.3426331877708435,0.1777999848127365,0.4654141664505005,-0.24438555538654327,-0.1586993932723999,0.4683946371078491,-0.24213390052318573
125,0.008416719734668732,-0.557669997215271,-0.3523133099079132,0.16177009046077728,-0.4413926303386688,-0.20119613409042358,0.24985356628894806,-0.6867299675941467,-0.32185617089271545,-0.14052432775497437,-0.4381454885005951,-0.2157028317451477,-0.24270892143249512,-0.6293928623199463,-0.33261093497276306,0.3183921277523041,-0.9514579176902771,-0.3948815166950226,-0.2765592932701111,-0.8923831582069397,-0.417996346950531,0.11818353086709976,0.005409384611994028,0.01072890218347311,-0.11824231594800949,-0.005731055047363043,-0.00925728864967823,0.1839466094970703,0.13543491065502167,-0.36270448565483093,-0.2394135445356369,0.09079346805810928,-0.3474380671977997,0.1774427741765976,0.448647141456604,-0.243154838681221,-0.16095039248466492,0.4524896442890167,-0.24207323789596558
126,0.019010312855243683,-0.5559645295143127,-0.34991222620010376,0.1666625291109085,-0.4413934051990509,-0.20051062107086182,0.25261029601097107,-0.6853246688842773,-0.3144705891609192,-0.13322623074054718,-0.4384104907512665,-0.21344348788261414,-0.23803302645683289,-0.6316905617713928,-0.32991480827331543,0.3292939066886902,-0.9499037861824036,-0.37582990527153015,-0.26986798644065857,-0.8963746428489685,-0.41439077258110046,0.11824675649404526,0.006083275191485882,0.0108800595626235,-0.11830791085958481,-0.0064160204492509365,-0.009380395524203777,0.19341684877872467,0.1208827868103981,-0.36191079020500183,-0.23682492971420288,0.0657968744635582,-0.35269469022750854,0.17904254794120789,0.4320828914642334,-0.23439651727676392,-0.16105136275291443,0.4275785982608795,-0.24188359081745148
127,0.02067909575998783,-0.5546087026596069,-0.34854990243911743,0.17056454718112946,-0.4388076961040497,-0.1991104930639267,0.2599729597568512,-0.6789754033088684,-0.3149425983428955,-0.13183122873306274,-0.4372957944869995,-0.21258942782878876,-0.2388966977596283,-0.625765860080719,-0.328215092420578,0.32790112495422363,-0.9423277974128723,-0.38042524456977844,-0.27000007033348083,-0.8895546793937683,-0.4138714671134949,0.11834929883480072,0.006195600610226393,0.010649040341377258,-0.11840760707855225,-0.006530722137540579,-0.009115634486079216,0.19435781240463257,0.10326571762561798,-0.3605145514011383,-0.23271235823631287,0.05241275951266289,-0.356467068195343,0.1789979338645935,0.4170384705066681,-0.23671990633010864,-0.1598178893327713,0.4150533974170685,-0.2510376572608948
128,0.020993977785110474,-0.5554518103599548,-0.3466240465641022,0.1704167127609253,-0.4391593337059021,-0.19656690955162048,0.2603403925895691,-0.6792844533920288,-0.3128376007080078,-0.1329466849565506,-0.4375452995300293,-0.20878879725933075,-0.24546147882938385,-0.6291019320487976,-0.32616984844207764,0.3297056257724762,-0.9427260756492615,-0.378226637840271,-0.27520161867141724,-0.8930372595787048,-0.41331273317337036,0.1184089332818985,0.006364236585795879,0.010595631785690784,-0.118466317653656,-0.006704780738800764,-0.009056983515620232,0.20169733464717865,0.07084359973669052,-0.35528117418289185,-0.23284295201301575,0.029667556285858154,-0.3570382297039032,0.17943665385246277,0.3942057192325592,-0.2411181777715683,-0.1592663675546646,0.3902007043361664,-0.26007893681526184
129,0.02998001128435135,-0.5558851361274719,-0.3402937948703766,0.17431217432022095,-0.4388340711593628,-0.1873674988746643,0.26860615611076355,-0.6775069236755371,-0.3048742711544037,-0.13138379156589508,-0.4386851191520691,-0.20147383213043213,-0.2456924170255661,-0.6312729120254517,-0.32354822754859924,0.3484916388988495,-0.941969096660614,-0.3727077841758728,-0.2753700315952301,-0.8988661766052246,-0.41264989972114563,0.11855466663837433,0.007130961865186691,0.010572561994194984,-0.11860533803701401,-0.007479509804397821,-0.009028022177517414,0.20194271206855774,0.0685693696141243,-0.3546648919582367,-0.2293817400932312,0.0146359633654356,-0.35893356800079346,0.17734560370445251,0.3862278163433075,-0.24698784947395325,-0.16059258580207825,0.3764425218105316,-0.26948729157447815
130,0.029674094170331955,-0.5611633062362671,-0.3197876214981079,0.17303532361984253,-0.44438523054122925,-0.17070792615413666,0.2684575319290161,-0.6832670569419861,-0.27940869331359863,-0.1355474293231964,-0.4491153061389923,-0.18399973213672638,-0.25419411063194275,-0.6552980542182922,-0.28053155541419983,0.34631282091140747,-0.9487032890319824,-0.34696537256240845,-0.2896454632282257,-0.9159517288208008,-0.35248863697052,0.11861824989318848,0.007266356144100428,0.01039776299148798,-0.11866588890552521,-0.007614281494170427,-0.008854197338223457,0.1992563158273697,0.048397332429885864,-0.35321465134620667,-0.23029085993766785,0.01016529556363821,-0.3600531816482544,0.1774677336215973,0.3756583333015442,-0.25824427604675293,-0.1560530662536621,0.37267979979515076,-0.2780989110469818
131,0.039260707795619965,-0.5673894286155701,-0.31683796644210815,0.18214330077171326,-0.4480433166027069,-0.16550090909004211,0.2777498960494995,-0.6883485317230225,-0.2747154235839844,-0.1267530620098114,-0.45402300357818604,-0.18039795756340027,-0.25012579560279846,-0.6608043313026428,-0.2806124687194824,0.36522388458251953,-0.953271746635437,-0.3428775370121002,-0.280727744102478,-0.9231441617012024,-0.354004442691803,0.11867024004459381,0.007969978265464306,0.010376948863267899,-0.11871516704559326,-0.008328828029334545,-0.008834275417029858,0.20991793274879456,0.050861015915870667,-0.33737507462501526,-0.22400882840156555,-0.0035549907479435205,-0.3598705530166626,0.18083976209163666,0.364818274974823,-0.25265592336654663,-0.15144841372966766,0.3546176254749298,-0.2759828567504883
132,0.03828396648168564,-0.5719958543777466,-0.30643174052238464,0.1801941841840744,-0.4507807791233063,-0.15769343078136444,0.2789727449417114,-0.6936715841293335,-0.2607918679714203,-0.13222110271453857,-0.4618608057498932,-0.17332307994365692,-0.25888219475746155,-0.6826908588409424,-0.26637741923332214,0.36453819274902344,-0.9599109888076782,-0.32757678627967834,-0.28515082597732544,-0.9455910325050354,-0.34010568261146545,0.11871638149023056,0.008012030273675919,0.010433781892061234,-0.11876008659601212,-0.008370510302484035,-0.008895090781152248,0.21336579322814941,0.042103998363018036,-0.3367317020893097,-0.2239382416009903,-0.0027306601405143738,-0.35961294174194336,0.19222937524318695,0.36516401171684265,-0.25266098976135254,-0.14833031594753265,0.3530178368091583,-0.27743804454803467
133,0.045171041041612625,-0.5550462603569031,-0.3319343030452728,0.18426497280597687,-0.43700551986694336,-0.17954383790493011,0.2919837236404419,-0.6798045039176941,-0.28617918491363525,-0.1264406442642212,-0.4595976173877716,-0.19102348387241364,-0.24658499658107758,-0.6788960099220276,-0.27932268381118774,0.38075461983680725,-0.9453228712081909,-0.3533971905708313,-0.27831682562828064,-0.9430433511734009,-0.34811776876449585,0.11872439086437225,0.008023282513022423,0.010422111488878727,-0.11877138912677765,-0.008384507149457932,-0.008881871588528156,0.21402154862880707,0.04489455372095108,-0.33927395939826965,-0.21991603076457977,0.0016189719317480922,-0.35815998911857605,0.1915968358516693,0.36489078402519226,-0.2528497874736786,-0.1385718584060669,0.35337376594543457,-0.2718624174594879
134,0.05556686595082283,-0.5503852963447571,-0.3170567452907562,0.1892569363117218,-0.43742161989212036,-0.16245946288108826,0.2979799807071686,-0.6759701371192932,-0.2704177796840668,-0.12569251656532288,-0.4604564309120178,-0.17479266226291656,-0.24827958643436432,-0.6769734621047974,-0.2660606801509857,0.3862268626689911,-0.9410824775695801,-0.3391374945640564,-0.2771678864955902,-0.9439949989318848,-0.3363231122493744,0.11897602677345276,0.008379001170396805,0.010523945093154907,-0.11902008205652237,-0.00875004380941391,-0.00900501199066639,0.21511158347129822,0.015754081308841705,-0.3393694758415222,-0.19611530005931854,-0.03328104317188263,-0.3595612347126007,0.19135837256908417,0.33328500390052795,-0.2638911306858063,-0.12957563996315002,0.3113855719566345,-0.2937037944793701
135,0.05483897030353546,-0.5491838455200195,-0.309704065322876,0.18692748248577118,-0.4347957670688629,-0.1543653905391693,0.2968364655971527,-0.6660326719284058,-0.2579270005226135,-0.13003511726856232,-0.4612714648246765,-0.17138053476810455,-0.257036954164505,-0.676362156867981,-0.263041615486145,0.39131882786750793,-0.9314095377922058,-0.3348277509212494,-0.2814977467060089,-0.9416483640670776,-0.34044188261032104,0.1189817264676094,0.008355792611837387,0.010913442820310593,-0.11902943253517151,-0.008734595961868763,-0.009425287134945393,0.22011102735996246,0.007607168052345514,-0.33720099925994873,-0.19838732481002808,-0.024041777476668358,-0.35942742228507996,0.2029435783624649,0.33505377173423767,-0.26641127467155457,-0.12429793924093246,0.3199215233325958,-0.29375845193862915
136,0.055039841681718826,-0.5487328767776489,-0.3070017397403717,0.18650935590267181,-0.4354032874107361,-0.14981380105018616,0.2975972890853882,-0.6670536398887634,-0.25017181038856506,-0.13046859204769135,-0.46258580684661865,-0.16897475719451904,-0.26657941937446594,-0.6803459525108337,-0.26065102219581604,0.39414551854133606,-0.934095561504364,-0.32524555921554565,-0.2881442606449127,-0.9459800124168396,-0.3385773003101349,0.11897732317447662,0.008351361379027367,0.011199790984392166,-0.1190268024802208,-0.008733345195651054,-0.009735696949064732,0.2219889611005783,-0.007248765788972378,-0.33258575201034546,-0.19990748167037964,-0.033052992075681686,-0.35801050066947937,0.20352935791015625,0.3210928738117218,-0.2660022974014282,-0.12418848276138306,0.3049122393131256,-0.2920360267162323
137,0.05677267536520958,-0.5490068197250366,-0.3073567748069763,0.186891570687294,-0.4356679618358612,-0.15051975846290588,0.3081417679786682,-0.6680299639701843,-0.250898152589798,-0.129962757229805,-0.46448472142219543,-0.16939963400363922,-0.2688717246055603,-0.6837828159332275,-0.26203757524490356,0.40792033076286316,-0.9344339966773987,-0.32599136233329773,-0.28861764073371887,-0.9450114369392395,-0.33995676040649414,0.11891646683216095,0.008219026029109955,0.01168056484311819,-0.1189751848578453,-0.008603313937783241,-0.01023994293063879,0.22534532845020294,-0.01732836477458477,-0.32729044556617737,-0.2002984583377838,-0.032570067793130875,-0.354145348072052,0.2109227478504181,0.3117719888687134,-0.26188021898269653,-0.12152890861034393,0.29934951663017273,-0.28770962357521057
138,0.05975140258669853,-0.5513221025466919,-0.30590611696243286,0.18563230335712433,-0.43662527203559875,-0.1489439606666565,0.30919885635375977,-0.6705867648124695,-0.24899114668369293,-0.13062892854213715,-0.46857836842536926,-0.17211668193340302,-0.2705095708370209,-0.690974771976471,-0.2663451135158539,0.4122062921524048,-0.9347777366638184,-0.3263137936592102,-0.29138708114624023,-0.9473666548728943,-0.3534964621067047,0.1184995174407959,0.008089732378721237,0.012527533806860447,-0.11859549582004547,-0.008469694294035435,-0.011118179187178612,0.23680536448955536,-0.02610091306269169,-0.2926371991634369,-0.20135322213172913,-0.033970627933740616,-0.3436260223388672,0.23874761164188385,0.30254170298576355,-0.23277918994426727,-0.12196396291255951,0.29688435792922974,-0.2757538855075836
139,0.05221009999513626,-0.5458406209945679,-0.30272960662841797,0.1838262975215912,-0.43674522638320923,-0.1476021111011505,0.3097645938396454,-0.6719743609428406,-0.24881604313850403,-0.13414409756660461,-0.46906083822250366,-0.17158982157707214,-0.27365806698799133,-0.6922125220298767,-0.264220654964447,0.41109585762023926,-0.9379167556762695,-0.3269598186016083,-0.2956077456474304,-0.9484180212020874,-0.35381025075912476,0.11832497268915176,0.007710211910307407,0.012557829730212688,-0.11844220012426376,-0.008085090667009354,-0.011149046011269093,0.23816810548305511,-0.0395834855735302,-0.29474225640296936,-0.20321251451969147,-0.03261019289493561,-0.3349905014038086,0.23559816181659698,0.30341649055480957,-0.2346133440732956,-0.12357550859451294,0.29823732376098633,-0.2711627781391144
140,0.04884937405586243,-0.5403468012809753,-0.3071857690811157,0.18370169401168823,-0.43912389874458313,-0.14987003803253174,0.30931150913238525,-0.6804709434509277,-0.2515905797481537,-0.13414734601974487,-0.46898865699768066,-0.17176756262779236,-0.27325940132141113,-0.6922953724861145,-0.2632029354572296,0.4098633825778961,-0.9454524517059326,-0.33223167061805725,-0.2928212285041809,-0.9483981728553772,-0.3525336682796478,0.1181722953915596,0.007085889112204313,0.012571635656058788,-0.11828194558620453,-0.007474909536540508,-0.01116126962006092,0.23801831901073456,-0.058052536100149155,-0.29508623480796814,-0.20771808922290802,-0.04909013211727142,-0.321808785200119,0.2328444868326187,0.28267791867256165,-0.23504047095775604,-0.12401597201824188,0.2770352065563202,-0.2578657269477844
141,0.03715887665748596,-0.5407438278198242,-0.3054741322994232,0.18008843064308167,-0.44015318155288696,-0.14755214750766754,0.3089854419231415,-0.6765661239624023,-0.2509593367576599,-0.13919728994369507,-0.468598872423172,-0.16644537448883057,-0.28270474076271057,-0.6860367655754089,-0.25978875160217285,0.40959423780441284,-0.9340053796768188,-0.33634936809539795,-0.30238619446754456,-0.9424241185188293,-0.3546489179134369,0.1177804246544838,0.006011539604514837,0.012537667527794838,-0.11790499091148376,-0.006382656283676624,-0.011141101829707623,0.24452455341815948,-0.07161607593297958,-0.28024402260780334,-0.2078145146369934,-0.0471949428319931,-0.30628660321235657,0.24881283938884735,0.2703726887702942,-0.22371873259544373,-0.12280243635177612,0.2792661190032959,-0.24323004484176636
142,0.035463955253362656,-0.5406835675239563,-0.30464762449264526,0.17676766216754913,-0.44310855865478516,-0.14439170062541962,0.3039076328277588,-0.6755267977714539,-0.24602539837360382,-0.1420508474111557,-0.4681282639503479,-0.16453413665294647,-0.28504127264022827,-0.6770409941673279,-0.25665223598480225,0.4062874913215637,-0.9297671914100647,-0.3357396423816681,-0.3037661910057068,-0.9341718554496765,-0.3536747694015503,0.11753358691930771,0.005301543977111578,0.012552223168313503,-0.11765462905168533,-0.005677140783518553,-0.011156925931572914,0.24469052255153656,-0.07912354916334152,-0.27818530797958374,-0.2104325145483017,-0.05425695702433586,-0.30584102869033813,0.2460997849702835,0.26483598351478577,-0.21949300169944763,-0.12290406227111816,0.27364274859428406,-0.24085047841072083
143,0.03595687448978424,-0.5408350825309753,-0.2987954616546631,0.17674267292022705,-0.44486555457115173,-0.1378687173128128,0.3039330840110779,-0.6733071804046631,-0.2401352971792221,-0.1434442698955536,-0.46834617853164673,-0.16118234395980835,-0.2865726947784424,-0.6755497455596924,-0.254603773355484,0.40598177909851074,-0.9252702593803406,-0.3340678811073303,-0.30490654706954956,-0.9337877035140991,-0.35232916474342346,0.11749253422021866,0.0049669621512293816,0.012644553557038307,-0.11761558055877686,-0.005345913581550121,-0.01125862542539835,0.2473519742488861,-0.08387485146522522,-0.27481335401535034,-0.2126060277223587,-0.05531727522611618,-0.3016435205936432,0.24516654014587402,0.26147404313087463,-0.21420606970787048,-0.12302447110414505,0.2683950364589691,-0.23585407435894012
144,0.03622450679540634,-0.540584921836853,-0.31174495816230774,0.1766459345817566,-0.4442461133003235,-0.15364482998847961,0.30078408122062683,-0.6701529622077942,-0.26037147641181946,-0.13947585225105286,-0.46298620104789734,-0.17078009247779846,-0.27555984258651733,-0.6708256006240845,-0.2669724225997925,0.40423694252967834,-0.9234485626220703,-0.3494054079055786,-0.29880276322364807,-0.9337769150733948,-0.3619421422481537,0.11657606065273285,0.004858469124883413,0.012616351246833801,-0.1167154461145401,-0.00523608410730958,-0.011246060021221638,0.24704430997371674,-0.10572484880685806,-0.26222532987594604,-0.2072376012802124,-0.09190154820680618,-0.2849923074245453,0.24432098865509033,0.22649747133255005,-0.19693759083747864,-0.11237439513206482,0.21790674328804016,-0.2096422016620636
145,0.03529024496674538,-0.5303629040718079,-0.3290375769138336,0.1757090985774994,-0.44203945994377136,-0.16987201571464539,0.30055370926856995,-0.6683332920074463,-0.2772909104824066,-0.13952113687992096,-0.4557729959487915,-0.1825581192970276,-0.27611851692199707,-0.6679146885871887,-0.27708700299263,0.40010976791381836,-0.9215466976165771,-0.36475107073783875,-0.3009631335735321,-0.9338202476501465,-0.37184590101242065,0.1160576269030571,0.004496971610933542,0.012464342638850212,-0.11621779203414917,-0.004873297177255154,-0.011125796474516392,0.2470731884241104,-0.11438693106174469,-0.2585228979587555,-0.20375218987464905,-0.09561318904161453,-0.27054113149642944,0.2434329241514206,0.21114835143089294,-0.19604946672916412,-0.1170334592461586,0.20602087676525116,-0.20744352042675018
146,0.034834325313568115,-0.5310183167457581,-0.3272915184497833,0.1747090369462967,-0.4417952001094818,-0.16862176358699799,0.2978067696094513,-0.6671720743179321,-0.2756766974925995,-0.13933725655078888,-0.4536246955394745,-0.18248316645622253,-0.27593258023262024,-0.6608700156211853,-0.2775394916534424,0.3959086835384369,-0.9195778369903564,-0.3634180724620819,-0.30094897747039795,-0.9260844588279724,-0.3721044659614563,0.11532772332429886,0.004420362412929535,0.012519225478172302,-0.11550422757863998,-0.004795121494680643,-0.011194027960300446,0.251203715801239,-0.11503486335277557,-0.24345216155052185,-0.20142126083374023,-0.09953001141548157,-0.2660069763660431,0.24537798762321472,0.20438362658023834,-0.17716330289840698,-0.11566542088985443,0.20233899354934692,-0.1939714103937149
147,0.03420969098806381,-0.5314999222755432,-0.33202898502349854,0.1745581477880478,-0.4405004382133484,-0.1765529215335846,0.2963535189628601,-0.6671819686889648,-0.28676363825798035,-0.13732858002185822,-0.45282217860221863,-0.18737591803073883,-0.2721322476863861,-0.6612589955329895,-0.28204455971717834,0.38993510603904724,-0.9210846424102783,-0.37187424302101135,-0.30019858479499817,-0.9260810017585754,-0.3774413764476776,0.11475528031587601,0.004375761840492487,0.012168052606284618,-0.11495081335306168,-0.004750628490000963,-0.01086072064936161,0.24741174280643463,-0.1182670071721077,-0.24505773186683655,-0.201478973031044,-0.10102285444736481,-0.25679588317871094,0.24443814158439636,0.20124389231204987,-0.1780366748571396,-0.1226322278380394,0.1982542723417282,-0.18649859726428986
148,0.03191426396369934,-0.5323770642280579,-0.3274085223674774,0.17227502167224884,-0.4385903775691986,-0.17526204884052277,0.292824923992157,-0.6634823679924011,-0.2845485806465149,-0.1386677324771881,-0.4533846378326416,-0.18676671385765076,-0.27221912145614624,-0.6623109579086304,-0.2805909216403961,0.3886337876319885,-0.9207184314727783,-0.3699665069580078,-0.3000066578388214,-0.9262595772743225,-0.37706154584884644,0.1147027388215065,0.004389585927128792,0.011964152567088604,-0.11490336805582047,-0.0047638313844799995,-0.010668058879673481,0.24267005920410156,-0.11563590914011002,-0.2456260770559311,-0.19983407855033875,-0.10340144485235214,-0.2593185305595398,0.2231561839580536,0.20542608201503754,-0.18969331681728363,-0.12092950940132141,0.19888490438461304,-0.20076949894428253
149,0.031583111733198166,-0.5406385064125061,-0.32764875888824463,0.16871191561222076,-0.44122183322906494,-0.17575885355472565,0.29129594564437866,-0.671698272228241,-0.2836025655269623,-0.1390429437160492,-0.45449918508529663,-0.19407698512077332,-0.27156662940979004,-0.6630877256393433,-0.2879660427570343,0.388413667678833,-0.9327783584594727,-0.3689662218093872,-0.29976916313171387,-0.9264574646949768,-0.38150954246520996,0.11433219909667969,0.003813820192590356,0.012187202461063862,-0.11455902457237244,-0.004186102654784918,-0.010911157354712486,0.2539483904838562,-0.114530548453331,-0.23572921752929688,-0.19931702315807343,-0.09798566997051239,-0.260067343711853,0.24245336651802063,0.20502105355262756,-0.1667134016752243,-0.11737765371799469,0.20197239518165588,-0.18876557052135468
150,0.030350273475050926,-0.542428731918335,-0.332641065120697,0.16873282194137573,-0.440807968378067,-0.17867223918437958,0.2891847789287567,-0.668366014957428,-0.2881200909614563,-0.13966752588748932,-0.4545971751213074,-0.19335255026817322,-0.27160826325416565,-0.662436842918396,-0.28705736994743347,0.38385966420173645,-0.9257135391235352,-0.3722889721393585,-0.29972967505455017,-0.9244299530982971,-0.3807847201824188,0.11439855396747589,0.0036154366098344326,0.011821324937045574,-0.11462835967540741,-0.003999495413154364,-0.010553423315286636,0.25457051396369934,-0.10952270776033401,-0.24659821391105652,-0.19974443316459656,-0.09551506489515305,-0.2608030438423157,0.22560423612594604,0.20621588826179504,-0.1968020647764206,-0.11768954247236252,0.20349080860614777,-0.2064279317855835
151,0.030196625739336014,-0.542738139629364,-0.3377647399902344,0.169528529047966,-0.4407150447368622,-0.18474619090557098,0.2889677882194519,-0.6650978922843933,-0.29661571979522705,-0.13949961960315704,-0.4549645185470581,-0.19518190622329712,-0.2714097499847412,-0.6635817289352417,-0.28821125626564026,0.3806149363517761,-0.9193251132965088,-0.37928617000579834,-0.299519419670105,-0.9252321124076843,-0.3815452754497528,0.11436723172664642,0.0033280211500823498,0.01145531702786684,-0.11459774523973465,-0.0037183212116360664,-0.010206406936049461,0.25521066784858704,-0.11096527427434921,-0.24936094880104065,-0.19891193509101868,-0.09588529914617538,-0.26207807660102844,0.22560930252075195,0.20515529811382294,-0.1975221335887909,-0.11701032519340515,0.19936782121658325,-0.2064078152179718
152,0.02909134142100811,-0.5408568978309631,-0.33688023686408997,0.16967996954917908,-0.44073486328125,-0.1843140423297882,0.2885885536670685,-0.6594201922416687,-0.2953646183013916,-0.13952189683914185,-0.4563789963722229,-0.19495679438114166,-0.27145513892173767,-0.6637024879455566,-0.2874332368373871,0.37623876333236694,-0.9098384380340576,-0.378398060798645,-0.2995499074459076,-0.9246655106544495,-0.38076817989349365,0.11436143517494202,0.0033061206340789795,0.011265045963227749,-0.11459162831306458,-0.0036945645697414875,-0.010012619197368622,0.24877947568893433,-0.11062724888324738,-0.26388901472091675,-0.19865921139717102,-0.10038455575704575,-0.2724926471710205,0.22317227721214294,0.20528316497802734,-0.20585539937019348,-0.11949467658996582,0.19700942933559418,-0.21197009086608887
153,0.02843068167567253,-0.5378661751747131,-0.3378479778766632,0.16878072917461395,-0.4405105710029602,-0.18474361300468445,0.2860921025276184,-0.6595402956008911,-0.2963584065437317,-0.14020268619060516,-0.4566088616847992,-0.19949784874916077,-0.2714269459247589,-0.6646268963813782,-0.2930048108100891,0.37315136194229126,-0.9104633927345276,-0.37883642315864563,-0.30004385113716125,-0.9244511127471924,-0.3860781490802765,0.11429852992296219,0.0031746544409543276,0.011316003277897835,-0.1145302876830101,-0.0035603169817477465,-0.010065189562737942,0.24890315532684326,-0.1107579693198204,-0.2626515328884125,-0.1986333131790161,-0.0975903570652008,-0.2757048010826111,0.231865793466568,0.2056293785572052,-0.20306237041950226,-0.1209181398153305,0.20183756947517395,-0.2122889757156372
154,0.02777138538658619,-0.532939612865448,-0.3350754976272583,0.17010317742824554,-0.4404594898223877,-0.18289004266262054,0.2861163318157196,-0.6626923680305481,-0.2954946756362915,-0.14022649824619293,-0.4566890597343445,-0.19501177966594696,-0.2711886763572693,-0.6662904620170593,-0.2882191836833954,0.37213271856307983,-0.9146678447723389,-0.3785443902015686,-0.3003224730491638,-0.9256071448326111,-0.3853503465652466,0.11431857943534851,0.002820782596245408,0.011303759180009365,-0.11455097049474716,-0.003205313812941313,-0.010052421130239964,0.2530099153518677,-0.11019553989171982,-0.25920212268829346,-0.19848744571208954,-0.08723285049200058,-0.2715890109539032,0.23691967129707336,0.21329264342784882,-0.2026786208152771,-0.12087931483983994,0.21828074753284454,-0.21235442161560059
155,0.042195357382297516,-0.533505380153656,-0.33526095747947693,0.17026321589946747,-0.43591195344924927,-0.18334485590457916,0.29035988450050354,-0.6582861542701721,-0.2951912581920624,-0.13658088445663452,-0.4577219784259796,-0.20649638772010803,-0.26231807470321655,-0.6665582060813904,-0.3012774884700775,0.3800772726535797,-0.9100942015647888,-0.3783387541770935,-0.29244133830070496,-0.9255930781364441,-0.392279714345932,0.11408329755067825,0.003066722536459565,0.011705111712217331,-0.11432404816150665,-0.0034500465262681246,-0.010465292260050774,0.255108505487442,-0.10664977878332138,-0.2577967345714569,-0.19194458425045013,-0.09083633124828339,-0.2773452699184418,0.24009791016578674,0.21059566736221313,-0.2020101696252823,-0.11719224601984024,0.20816801488399506,-0.21450643241405487
156,0.04547771066427231,-0.5165253281593323,-0.3460146486759186,0.17090284824371338,-0.430916965007782,-0.19294455647468567,0.2902379631996155,-0.6564925312995911,-0.3079683184623718,-0.13228704035282135,-0.45053407549858093,-0.21847723424434662,-0.2501286566257477,-0.659054160118103,-0.31872791051864624,0.3793949782848358,-0.910038411617279,-0.3883437216281891,-0.2815186679363251,-0.9212729930877686,-0.40395405888557434,0.11395509541034698,0.0030453598592430353,0.011864361353218555,-0.11420208215713501,-0.0034285350702703,-0.010609648190438747,0.23607979714870453,-0.1338701993227005,-0.2576211988925934,-0.19165924191474915,-0.10361029952764511,-0.27548032999038696,0.2344416230916977,0.18769417703151703,-0.20302651822566986,-0.12310615181922913,0.19198143482208252,-0.2170996069908142
157,0.05527418851852417,-0.49761971831321716,-0.37324878573417664,0.17661727964878082,-0.4157275855541229,-0.2134110927581787,0.2959197759628296,-0.6478042006492615,-0.33165866136550903,-0.12426881492137909,-0.4434005618095398,-0.2377317100763321,-0.24648697674274445,-0.6573309898376465,-0.3374002277851105,0.38633862137794495,-0.9063193798065186,-0.40921252965927124,-0.27870121598243713,-0.9190025925636292,-0.424578458070755,0.11393046379089355,0.0037123551592230797,0.011801987886428833,-0.11417858302593231,-0.0041024088859558105,-0.0105545399710536,0.23411983251571655,-0.1148899495601654,-0.26206067204475403,-0.18927843868732452,-0.09870333969593048,-0.2861028015613556,0.22840526700019836,0.20391584932804108,-0.21630918979644775,-0.1230430006980896,0.19853943586349487,-0.23175428807735443
158,0.0538463294506073,-0.5066401958465576,-0.36852705478668213,0.17511950433254242,-0.41668829321861267,-0.21096745133399963,0.29858890175819397,-0.6482619643211365,-0.3285534381866455,-0.12439300119876862,-0.4471474885940552,-0.23304228484630585,-0.24759577214717865,-0.658223569393158,-0.33224382996559143,0.39251774549484253,-0.9065029621124268,-0.40230050683021545,-0.2780565917491913,-0.9192368388175964,-0.42046183347702026,0.11315759271383286,0.004603277426213026,0.011826899833977222,-0.11342327296733856,-0.004964145831763744,-0.010585467331111431,0.23915527760982513,-0.11528090387582779,-0.2585259675979614,-0.18075554072856903,-0.1183869019150734,-0.28833770751953125,0.22931502759456635,0.19384200870990753,-0.19624768197536469,-0.1177627220749855,0.1791653335094452,-0.21931728720664978
159,0.05689597129821777,-0.5115067958831787,-0.34326258301734924,0.17721648514270782,-0.4224091172218323,-0.19586783647537231,0.30064156651496887,-0.652336835861206,-0.30547022819519043,-0.12374042719602585,-0.4484885334968567,-0.226023867726326,-0.24814657866954803,-0.658728837966919,-0.3183915615081787,0.3919297158718109,-0.9087289571762085,-0.3804323375225067,-0.27888432145118713,-0.9201593995094299,-0.40202444791793823,0.11310018599033356,0.004759275354444981,0.01269668247550726,-0.11336416751146317,-0.005117437336593866,-0.01142024714499712,0.2447519451379776,-0.11858630925416946,-0.2433776557445526,-0.17876742780208588,-0.1329975575208664,-0.2873070240020752,0.22942636907100677,0.18758417665958405,-0.16998277604579926,-0.11781314015388489,0.1706874519586563,-0.2039279341697693
160,0.056368034332990646,-0.5217127799987793,-0.31090185046195984,0.17951717972755432,-0.4268428385257721,-0.1683691293001175,0.30533474683761597,-0.6606771349906921,-0.27218177914619446,-0.12372735887765884,-0.4545165002346039,-0.19588592648506165,-0.25602027773857117,-0.6673162579536438,-0.28308066725730896,0.3967171013355255,-0.922580897808075,-0.35452115535736084,-0.2830812931060791,-0.9226297736167908,-0.376686155796051,0.11308975517749786,0.005001506768167019,0.012997176498174667,-0.1133575588464737,-0.005342042073607445,-0.011723884381353855,0.24920251965522766,-0.11079628020524979,-0.2441197633743286,-0.17933343350887299,-0.12624043226242065,-0.287495881319046,0.23643188178539276,0.20066122710704803,-0.17251089215278625,-0.11729656904935837,0.18646639585494995,-0.20321884751319885
161,0.05569133907556534,-0.5319112539291382,-0.31394341588020325,0.17950329184532166,-0.4293028712272644,-0.16591712832450867,0.30505016446113586,-0.6606573462486267,-0.2715752422809601,-0.12529662251472473,-0.45669400691986084,-0.18920117616653442,-0.2605414092540741,-0.6694296598434448,-0.279702752828598,0.39828503131866455,-0.9213478565216064,-0.356071799993515,-0.2842960059642792,-0.9251988530158997,-0.37550389766693115,0.113068588078022,0.005332613363862038,0.012955802492797375,-0.11333650350570679,-0.005665084347128868,-0.011688357219099998,0.2516787052154541,-0.10629782825708389,-0.24639850854873657,-0.17960886657238007,-0.12362847477197647,-0.28740930557250977,0.2384813278913498,0.20519042015075684,-0.18620732426643372,-0.11564871668815613,0.18952326476573944,-0.20653943717479706
162,0.05398126319050789,-0.5471366047859192,-0.3073061406612396,0.18098820745944977,-0.4393159747123718,-0.16181142628192902,0.3051531910896301,-0.6743561625480652,-0.26577839255332947,-0.12486253678798676,-0.4617554247379303,-0.1855989694595337,-0.26118767261505127,-0.6794533133506775,-0.2741195261478424,0.397941529750824,-0.9303291440010071,-0.3490806818008423,-0.2908295691013336,-0.9349291324615479,-0.36531585454940796,0.11300364136695862,0.0056169237941503525,0.01305164024233818,-0.11327014863491058,-0.005939451511949301,-0.01179055217653513,0.2524334192276001,-0.10664092004299164,-0.24674393236637115,-0.1798161417245865,-0.12479235231876373,-0.2872798442840576,0.2365063577890396,0.2056436538696289,-0.18150506913661957,-0.11581220477819443,0.18901781737804413,-0.2020367830991745
163,0.04691999405622482,-0.5626111030578613,-0.2898344099521637,0.18455548584461212,-0.44637531042099,-0.1506691724061966,0.31072190403938293,-0.6825966835021973,-0.2505035698413849,-0.12490670382976532,-0.4707700312137604,-0.16633294522762299,-0.2675187885761261,-0.6942825317382812,-0.2450331300497055,0.4018348455429077,-0.9412599205970764,-0.3347542881965637,-0.29862338304519653,-0.944542646408081,-0.33884164690971375,0.11318681389093399,0.005696164909750223,0.012494323775172234,-0.1134539321064949,-0.006006636656820774,-0.011249584145843983,0.26402920484542847,-0.09418035298585892,-0.25114893913269043,-0.1957307606935501,-0.104459747672081,-0.2845116853713989,0.2415996789932251,0.21959155797958374,-0.18193267285823822,-0.11967770010232925,0.20561149716377258,-0.19912266731262207
164,0.04943278431892395,-0.5697243213653564,-0.2846527397632599,0.1849566102027893,-0.4521724283695221,-0.14375708997249603,0.31261399388313293,-0.6829854249954224,-0.23982131481170654,-0.12493401020765305,-0.47587814927101135,-0.16665683686733246,-0.26760134100914,-0.6954295635223389,-0.25065308809280396,0.4086431562900543,-0.9401766657829285,-0.32547488808631897,-0.3006450831890106,-0.9455773234367371,-0.3432844579219818,0.11325696110725403,0.00573832867667079,0.012720977887511253,-0.11352658271789551,-0.006045999936759472,-0.011490021832287312,0.2659757733345032,-0.0898224413394928,-0.251078724861145,-0.1987234354019165,-0.09437625110149384,-0.2845609188079834,0.25466546416282654,0.22286537289619446,-0.17624212801456451,-0.12102947384119034,0.21123135089874268,-0.19774271547794342
165,0.05563976988196373,-0.5648855566978455,-0.2862692177295685,0.19247937202453613,-0.45022785663604736,-0.14435625076293945,0.32206231355667114,-0.6798854470252991,-0.24173161387443542,-0.12200283259153366,-0.47594162821769714,-0.1678726077079773,-0.26563504338264465,-0.6940773725509644,-0.2539072334766388,0.4124554991722107,-0.9380077123641968,-0.32809191942214966,-0.29421648383140564,-0.9412588477134705,-0.3450283408164978,0.11372450739145279,0.005807475186884403,0.01272565871477127,-0.11401334404945374,-0.006108315661549568,-0.011495690792798996,0.2655593156814575,-0.08124643564224243,-0.26481562852859497,-0.19823341071605682,-0.0885024145245552,-0.2921189069747925,0.2537308931350708,0.23947523534297943,-0.19050784409046173,-0.12127906829118729,0.22613272070884705,-0.20900247991085052
166,0.056395575404167175,-0.563669741153717,-0.2852523922920227,0.18896254897117615,-0.4502464532852173,-0.14232757687568665,0.3217558264732361,-0.679338276386261,-0.23603567481040955,-0.12398412078619003,-0.4789659380912781,-0.16981962323188782,-0.26723769307136536,-0.6951141357421875,-0.25501057505607605,0.4136984944343567,-0.9358481764793396,-0.3190315365791321,-0.2963811457157135,-0.9410473704338074,-0.3465493321418762,0.11376120895147324,0.005874307360500097,0.013630975969135761,-0.11405722796916962,-0.006174303591251373,-0.0124139953404665,0.27114996314048767,-0.07068230956792831,-0.2574470341205597,-0.19852308928966522,-0.07780273258686066,-0.2951202094554901,0.2560567259788513,0.25213339924812317,-0.18085259199142456,-0.119815394282341,0.2441941201686859,-0.21039514243602753
167,0.04529176279902458,-0.5708694458007812,-0.27604639530181885,0.1885003298521042,-0.4512018859386444,-0.1332097351551056,0.3212035298347473,-0.6723222732543945,-0.23148271441459656,-0.12965740263462067,-0.4797917306423187,-0.15502290427684784,-0.27276164293289185,-0.6947396993637085,-0.24480614066123962,0.4133974015712738,-0.9232353568077087,-0.317179799079895,-0.2994955778121948,-0.9433342814445496,-0.3417036235332489,0.114264115691185,0.005717317573726177,0.013627552427351475,-0.11456779390573502,-0.006002231501042843,-0.012411553412675858,0.2707161605358124,-0.06975647807121277,-0.25953319668769836,-0.19766664505004883,-0.07079599797725677,-0.3007643520832062,0.25869637727737427,0.2591569423675537,-0.19326241314411163,-0.11608628928661346,0.26464736461639404,-0.22900322079658508
168,0.040079545229673386,-0.5571269392967224,-0.30703261494636536,0.18923743069171906,-0.4471151828765869,-0.15869860351085663,0.3221626877784729,-0.6677337288856506,-0.2640245258808136,-0.12978258728981018,-0.4735039174556732,-0.17069874703884125,-0.2724545896053314,-0.6816699504852295,-0.2623644769191742,0.4132087826728821,-0.9199534058570862,-0.3481132984161377,-0.2990706264972687,-0.9337000846862793,-0.3566930890083313,0.11520873755216599,0.0055643306113779545,0.013183355331420898,-0.11546479910612106,-0.00584839005023241,-0.011925599537789822,0.2558347284793854,-0.05464170500636101,-0.2943659722805023,-0.20502828061580658,-0.04164990410208702,-0.31778356432914734,0.2503869831562042,0.2856128513813019,-0.21255774796009064,-0.11709234118461609,0.2934802174568176,-0.2343679666519165
169,0.04050584137439728,-0.5415083169937134,-0.3198697566986084,0.18962249159812927,-0.44641992449760437,-0.16606952250003815,0.3239336609840393,-0.6741922497749329,-0.2703808546066284,-0.1297178864479065,-0.472979873418808,-0.1864212453365326,-0.26837608218193054,-0.686332106590271,-0.2748006284236908,0.41368594765663147,-0.9277099967002869,-0.3516636788845062,-0.29705020785331726,-0.9359535574913025,-0.3626211881637573,0.11567768454551697,0.005578274838626385,0.013087763451039791,-0.11589113622903824,-0.005866335239261389,-0.011809708550572395,0.2549075484275818,-0.03456481546163559,-0.3011264503002167,-0.22047482430934906,-0.023331666365265846,-0.32503899931907654,0.24730342626571655,0.3066379129886627,-0.2157817780971527,-0.1300182044506073,0.30875271558761597,-0.23401279747486115
170,0.040493328124284744,-0.5424377918243408,-0.31736621260643005,0.1900578737258911,-0.4449242651462555,-0.16513383388519287,0.32365962862968445,-0.6726188659667969,-0.2689886689186096,-0.1292237490415573,-0.47271156311035156,-0.18639005720615387,-0.26386237144470215,-0.6846463084220886,-0.27576494216918945,0.4127607047557831,-0.9269137382507324,-0.35063180327415466,-0.2969323694705963,-0.929352343082428,-0.3626502454280853,0.11642659455537796,0.005691044963896275,0.013061453588306904,-0.11662513762712479,-0.005991341080516577,-0.011773064732551575,0.25152042508125305,-0.024840906262397766,-0.31143394112586975,-0.2224843055009842,-0.009646669030189514,-0.3418060541152954,0.24179595708847046,0.3244509696960449,-0.2347857505083084,-0.13386963307857513,0.32994067668914795,-0.25936466455459595
171,0.06052914634346962,-0.5419776439666748,-0.31369727849960327,0.1901361048221588,-0.442067414522171,-0.16147702932357788,0.3237212896347046,-0.6705774068832397,-0.2581779658794403,-0.12826819717884064,-0.4735255539417267,-0.18935367465019226,-0.2615649402141571,-0.6875424981117249,-0.2778838276863098,0.4176625609397888,-0.9261724352836609,-0.33545172214508057,-0.2954498827457428,-0.9347585439682007,-0.3626049757003784,0.11686745285987854,0.006044753361493349,0.013528760522603989,-0.11706212162971497,-0.006365947891026735,-0.012192860245704651,0.24720299243927002,0.0008701267070136964,-0.32174912095069885,-0.2237348109483719,-0.003104219911620021,-0.3576224148273468,0.23028749227523804,0.3539145290851593,-0.24810774624347687,-0.13549494743347168,0.3440733253955841,-0.2771744132041931
172,0.059446223080158234,-0.5389624834060669,-0.33252307772636414,0.18703994154930115,-0.4369387626647949,-0.17980816960334778,0.32322537899017334,-0.6685014367103577,-0.28093111515045166,-0.12872745096683502,-0.4695112109184265,-0.21507330238819122,-0.25654786825180054,-0.6796412467956543,-0.30917835235595703,0.41742807626724243,-0.9260092377662659,-0.3560481369495392,-0.2951529026031494,-0.9289976358413696,-0.3879952132701874,0.11693920195102692,0.006120701320469379,0.013596814125776291,-0.11713845282793045,-0.00644732965156436,-0.012252259068191051,0.245756134390831,0.018768934532999992,-0.3224143385887146,-0.22130563855171204,0.00609362218528986,-0.3585723042488098,0.2307850867509842,0.3601560592651367,-0.24304060637950897,-0.13433441519737244,0.35830262303352356,-0.2730981707572937
173,0.060071803629398346,-0.5392705798149109,-0.33305928111076355,0.18665343523025513,-0.4360390305519104,-0.17828260362148285,0.32123520970344543,-0.6669065356254578,-0.27866145968437195,-0.1294538676738739,-0.4679243564605713,-0.2134498953819275,-0.25664210319519043,-0.6746630668640137,-0.30669230222702026,0.416380375623703,-0.9233429431915283,-0.3548728823661804,-0.2957811653614044,-0.920798659324646,-0.38508614897727966,0.11722146719694138,0.006146074738353491,0.01371565368026495,-0.11741359531879425,-0.0064732832834124565,-0.012351321056485176,0.24523425102233887,0.03375374153256416,-0.3280203938484192,-0.22070568799972534,0.020152602344751358,-0.3584247827529907,0.22979766130447388,0.3741436004638672,-0.2439449429512024,-0.13270708918571472,0.37083005905151367,-0.2716020941734314
174,0.05951149761676788,-0.5391070246696472,-0.3316706418991089,0.1863877773284912,-0.43743348121643066,-0.1772386133670807,0.31772270798683167,-0.6691712737083435,-0.27744191884994507,-0.12971341609954834,-0.4720231592655182,-0.2113606333732605,-0.2548995316028595,-0.6859092712402344,-0.305746465921402,0.413068026304245,-0.9238495826721191,-0.3501896560192108,-0.2956330478191376,-0.9314055442810059,-0.3754228353500366,0.11749904602766037,0.006249868310987949,0.013651926070451736,-0.11768652498722076,-0.006583426147699356,-0.012275896966457367,0.238679438829422,0.034070927649736404,-0.3374849259853363,-0.22167491912841797,0.016329076141119003,-0.3628937900066376,0.21243147552013397,0.37647464871406555,-0.24877089262008667,-0.1330382376909256,0.3686659038066864,-0.2743172347545624
175,0.054358500987291336,-0.571719229221344,-0.3090541958808899,0.1913076639175415,-0.4447520077228546,-0.15892836451530457,0.31770673394203186,-0.6743135452270508,-0.25772035121917725,-0.12903691828250885,-0.4756273329257965,-0.17889408767223358,-0.254995197057724,-0.6931862235069275,-0.2704470157623291,0.4138304889202118,-0.9304868578910828,-0.33398962020874023,-0.295754075050354,-0.9367160201072693,-0.34981605410575867,0.11822399497032166,0.0064163487404584885,0.013367601670324802,-0.11841665953397751,-0.006753661669790745,-0.011993497610092163,0.2389754056930542,0.03925103694200516,-0.3360269069671631,-0.22114229202270508,0.022128472104668617,-0.3612927198410034,0.2146088182926178,0.37959954142570496,-0.253968745470047,-0.12787789106369019,0.3712957501411438,-0.27548933029174805
176,0.05360555648803711,-0.5685925483703613,-0.3187069594860077,0.1836337298154831,-0.4405253231525421,-0.17091864347457886,0.30813321471214294,-0.6704893708229065,-0.27122268080711365,-0.1296139657497406,-0.47239717841148376,-0.1978880912065506,-0.2545319199562073,-0.6892582178115845,-0.29186832904815674,0.40996477007865906,-0.9286708831787109,-0.34227681159973145,-0.29508844017982483,-0.9351646304130554,-0.3687778413295746,0.1182456910610199,0.006973338313400745,0.013466049917042255,-0.11843398958444595,-0.007312415167689323,-0.012076274491846561,0.2356307953596115,0.05970119312405586,-0.3354901671409607,-0.2200922966003418,0.020928045734763145,-0.3647552728652954,0.21504002809524536,0.3856709897518158,-0.237622931599617,-0.1300363838672638,0.37031829357147217,-0.271115243434906
177,0.05631651729345322,-0.5642626881599426,-0.32661914825439453,0.18359357118606567,-0.4382700026035309,-0.18110541999340057,0.3085126280784607,-0.671397864818573,-0.2804664969444275,-0.1208978071808815,-0.47205978631973267,-0.21632105112075806,-0.22365188598632812,-0.6891316771507263,-0.306454598903656,0.40936172008514404,-0.9295649528503418,-0.34621942043304443,-0.275744765996933,-0.9349415302276611,-0.37652313709259033,0.11820778250694275,0.0073828259482979774,0.013688962906599045,-0.11839717626571655,-0.00771732022985816,-0.012268651276826859,0.23255351185798645,0.07377608120441437,-0.33696073293685913,-0.2166413813829422,0.02430441416800022,-0.37129446864128113,0.206468865275383,0.3933064043521881,-0.2364414632320404,-0.13040928542613983,0.3764505386352539,-0.2707611620426178
178,0.04572131484746933,-0.5592267513275146,-0.3321159780025482,0.17808572947978973,-0.43817055225372314,-0.18318159878253937,0.2957007884979248,-0.678471028804779,-0.2824958562850952,-0.12484262883663177,-0.4679526388645172,-0.21473972499370575,-0.22501063346862793,-0.6848998069763184,-0.30489471554756165,0.3930109441280365,-0.9383305311203003,-0.3465665876865387,-0.27807044982910156,-0.9309147596359253,-0.37611842155456543,0.11823131889104843,0.007806824985891581,0.0135869225487113,-0.11841852217912674,-0.008147296495735645,-0.01213171985000372,0.22038252651691437,0.07519606500864029,-0.34173572063446045,-0.22450318932533264,0.025866003707051277,-0.37018775939941406,0.1844877451658249,0.3959481418132782,-0.2381625920534134,-0.1435318887233734,0.3800109624862671,-0.27058109641075134
179,0.03693622723221779,-0.5499634146690369,-0.34921878576278687,0.1814708411693573,-0.43802446126937866,-0.19509226083755493,0.2970562279224396,-0.6760392785072327,-0.30102768540382385,-0.12476631999015808,-0.46369338035583496,-0.21722979843616486,-0.22897417843341827,-0.6724487543106079,-0.3050420582294464,0.38745468854904175,-0.9314988255500793,-0.37108245491981506,-0.28058722615242004,-0.9205074310302734,-0.37838032841682434,0.1188010424375534,0.00798006635159254,0.012212063185870647,-0.11896887421607971,-0.00832684338092804,-0.010653845965862274,0.19157473742961884,0.10613249987363815,-0.35363882780075073,-0.22426030039787292,0.0433223582804203,-0.36949658393859863,0.1577003300189972,0.417123019695282,-0.24202583730220795,-0.15951389074325562,0.41275644302368164,-0.2703791558742523
180,0.03775690123438835,-0.5407218337059021,-0.3609788119792938,0.1897975504398346,-0.42867690324783325,-0.2063254863023758,0.2999814748764038,-0.6460698246955872,-0.3240748643875122,-0.12050817906856537,-0.4462603032588959,-0.21775153279304504,-0.22552905976772308,-0.6319506764411926,-0.3118072748184204,0.3882009983062744,-0.8983384370803833,-0.4009353518486023,-0.27624496817588806,-0.8958799839019775,-0.3977334499359131,0.1198425143957138,0.008502167649567127,0.011207780800759792,-0.11992542445659637,-0.008858222514390945,-0.009541330859065056,0.1767037808895111,0.13001732528209686,-0.3621757924556732,-0.22097086906433105,0.05500134453177452,-0.3692433834075928,0.16102106869220734,0.4418192505836487,-0.24835188686847687,-0.15869034826755524,0.4262023866176605,-0.2701854705810547
181,0.02678024023771286,-0.5372076630592346,-0.3576986789703369,0.18533000349998474,-0.4252648949623108,-0.20437365770339966,0.299015074968338,-0.6459162831306458,-0.3148898482322693,-0.12797366082668304,-0.4459996521472931,-0.20526503026485443,-0.23196806013584137,-0.638964831829071,-0.2770923376083374,0.38645467162132263,-0.9017462730407715,-0.3747248947620392,-0.2771013081073761,-0.8998938202857971,-0.35656872391700745,0.12049094587564468,0.008562642149627209,0.009884587489068508,-0.12051472067832947,-0.008922453038394451,-0.008147835731506348,0.16363473236560822,0.15042752027511597,-0.371768981218338,-0.22172830998897552,0.08181845396757126,-0.3677312135696411,0.15779279172420502,0.46825820207595825,-0.2760736048221588,-0.16552028059959412,0.4552207291126251,-0.28095564246177673
182,0.0274445042014122,-0.5720202326774597,-0.3400111794471741,0.18601489067077637,-0.4347953200340271,-0.19258861243724823,0.30011245608329773,-0.661392867565155,-0.29610517621040344,-0.12674406170845032,-0.4506126642227173,-0.19787216186523438,-0.23037701845169067,-0.6466199159622192,-0.277313232421875,0.3884142339229584,-0.9194765090942383,-0.35731953382492065,-0.2748861014842987,-0.9057285785675049,-0.3511880338191986,0.1206665113568306,0.008475907146930695,0.00989599246531725,-0.12069957703351974,-0.008830971084535122,-0.008169933222234249,0.1642863005399704,0.16841121017932892,-0.36898863315582275,-0.2136591672897339,0.11176875233650208,-0.3646075129508972,0.15988391637802124,0.48511362075805664,-0.2731580436229706,-0.14626863598823547,0.4839428663253784,-0.280620813369751
183,0.02829374372959137,-0.5679100155830383,-0.3349856436252594,0.18648989498615265,-0.4372001588344574,-0.1853223741054535,0.29987895488739014,-0.6612763404846191,-0.2881626784801483,-0.1249362900853157,-0.453847199678421,-0.19337591528892517,-0.22388723492622375,-0.6485793590545654,-0.27553772926330566,0.38899436593055725,-0.9180137515068054,-0.3510960638523102,-0.26795434951782227,-0.9064515829086304,-0.35019761323928833,0.12081775069236755,0.008590634912252426,0.009904082864522934,-0.12083887308835983,-0.00894099846482277,-0.008186284452676773,0.16691064834594727,0.16884449124336243,-0.36755847930908203,-0.20752789080142975,0.1146836131811142,-0.3598769009113312,0.16145260632038116,0.489816278219223,-0.2713313698768616,-0.14786289632320404,0.486357182264328,-0.27820953726768494
184,0.02207566238939762,-0.5720387697219849,-0.32999467849731445,0.1864273101091385,-0.44274845719337463,-0.18062616884708405,0.2994556725025177,-0.6669166088104248,-0.2762661278247833,-0.12524759769439697,-0.45820730924606323,-0.18571330606937408,-0.2238755077123642,-0.6541833877563477,-0.26287269592285156,0.38935333490371704,-0.9233388900756836,-0.3320908844470978,-0.2677893340587616,-0.9137263894081116,-0.33912986516952515,0.12105511128902435,0.008682341314852238,0.009881832636892796,-0.12105686217546463,-0.009027214720845222,-0.008170804008841515,0.1620667576789856,0.19624416530132294,-0.3633480668067932,-0.20438525080680847,0.13284613192081451,-0.35022100806236267,0.16207443177700043,0.516238272190094,-0.2681674361228943,-0.15100255608558655,0.5058314800262451,-0.267415314912796
185,0.023166310042142868,-0.5735354423522949,-0.33536478877067566,0.1832042783498764,-0.4436912536621094,-0.18353131413459778,0.2992033362388611,-0.6750703454017639,-0.2770642936229706,-0.12524032592773438,-0.461050420999527,-0.20087000727653503,-0.22157949209213257,-0.6625666618347168,-0.27840349078178406,0.3900507390499115,-0.9303150177001953,-0.3341546356678009,-0.26733872294425964,-0.9169865846633911,-0.3491981625556946,0.12095794826745987,0.008726370520889759,0.010334424674510956,-0.12096584588289261,-0.009067341685295105,-0.008661562576889992,0.15899372100830078,0.2266973853111267,-0.3376923203468323,-0.1972964107990265,0.15775476396083832,-0.3387366235256195,0.1650574505329132,0.5458589196205139,-0.23706109821796417,-0.15001870691776276,0.5305221676826477,-0.2443484216928482
186,0.024382513016462326,-0.5870023369789124,-0.31657156348228455,0.183501735329628,-0.450070321559906,-0.16524533927440643,0.29860949516296387,-0.6750033497810364,-0.25804054737091064,-0.1251010149717331,-0.47265520691871643,-0.18777340650558472,-0.21597933769226074,-0.6803359389305115,-0.2716982960700989,0.390268474817276,-0.9298084378242493,-0.3192032277584076,-0.26140522956848145,-0.9324949383735657,-0.3438663184642792,0.12082114070653915,0.008974600583314896,0.010574682615697384,-0.1208503469824791,-0.009312781505286694,-0.008969288319349289,0.16028675436973572,0.22218044102191925,-0.31566980481147766,-0.1909390687942505,0.15793031454086304,-0.32838717103004456,0.16521507501602173,0.5515711307525635,-0.22910431027412415,-0.1410912424325943,0.537014365196228,-0.243938609957695
187,0.024749716743826866,-0.6007521152496338,-0.3197861611843109,0.18165387213230133,-0.45606711506843567,-0.16779407858848572,0.2989049553871155,-0.6885620355606079,-0.26096078753471375,-0.12513019144535065,-0.4770174026489258,-0.19554053246974945,-0.21631604433059692,-0.6859129071235657,-0.279909610748291,0.39208826422691345,-0.9415732026100159,-0.3213758170604706,-0.2613440155982971,-0.9354848265647888,-0.34816333651542664,0.1203470379114151,0.00901701394468546,0.010975401848554611,-0.12042257189750671,-0.00935454573482275,-0.009438557550311089,0.15859271585941315,0.2490563690662384,-0.2939865291118622,-0.1906283050775528,0.18324591219425201,-0.3076249361038208,0.1727258861064911,0.5771912932395935,-0.19644474983215332,-0.14254643023014069,0.5603948831558228,-0.2144818902015686
188,0.027003392577171326,-0.6043104529380798,-0.32089096307754517,0.1834346503019333,-0.4563474953174591,-0.16997551918029785,0.3045192062854767,-0.6932982802391052,-0.265592485666275,-0.12129847705364227,-0.4766528308391571,-0.1964011788368225,-0.2117202877998352,-0.6853308081626892,-0.28003039956092834,0.3922712504863739,-0.9497981071472168,-0.3241221010684967,-0.2525883615016937,-0.9350602626800537,-0.34727537631988525,0.12008069455623627,0.009050287306308746,0.011153839528560638,-0.120183065533638,-0.009384075179696083,-0.009654516354203224,0.15711846947669983,0.2536856234073639,-0.2925622761249542,-0.1856384575366974,0.19362805783748627,-0.3005281984806061,0.16318944096565247,0.5878953337669373,-0.19255343079566956,-0.14280682802200317,0.5694641470909119,-0.20512337982654572
189,0.02740428037941456,-0.6015939712524414,-0.3227769732475281,0.18303366005420685,-0.4564725458621979,-0.1717282384634018,0.3041163980960846,-0.6922416090965271,-0.2662339508533478,-0.12118661403656006,-0.4764001965522766,-0.19594797492027283,-0.2122570425271988,-0.6812403202056885,-0.2765292227268219,0.3807375133037567,-0.9482160210609436,-0.32521191239356995,-0.2527202367782593,-0.9344989657402039,-0.340707391500473,0.11938599497079849,0.00894380733370781,0.011227854527533054,-0.11951346695423126,-0.009277191944420338,-0.009763269685208797,0.15329819917678833,0.2802295982837677,-0.27089497447013855,-0.1806478202342987,0.23997947573661804,-0.26727935671806335,0.16407357156276703,0.6221944689750671,-0.17751751840114594,-0.14150428771972656,0.6143615245819092,-0.1889546811580658
190,0.025455746799707413,-0.6001377105712891,-0.32520607113838196,0.18019820749759674,-0.4576868712902069,-0.17265939712524414,0.2970951497554779,-0.6905264258384705,-0.26851123571395874,-0.12158434838056564,-0.47612813115119934,-0.1958846002817154,-0.21422457695007324,-0.6780046224594116,-0.27697792649269104,0.36938348412513733,-0.9374867081642151,-0.33452853560447693,-0.25312137603759766,-0.9295188784599304,-0.34307846426963806,0.11846286058425903,0.00885676871985197,0.011259675025939941,-0.11862245947122574,-0.009190967306494713,-0.009804661385715008,0.15344993770122528,0.2997758388519287,-0.24980385601520538,-0.18113955855369568,0.2539132237434387,-0.2546802759170532,0.1642547994852066,0.6357324123382568,-0.15266020596027374,-0.14474119246006012,0.6277971267700195,-0.16972103714942932
191,0.023726053535938263,-0.5948159098625183,-0.33708009123802185,0.17863698303699493,-0.45761075615882874,-0.18648692965507507,0.2938942313194275,-0.6900905966758728,-0.28228896856307983,-0.11948608607053757,-0.475987046957016,-0.2008896917104721,-0.21378083527088165,-0.6754559874534607,-0.28278854489326477,0.36615288257598877,-0.9375596046447754,-0.34295785427093506,-0.25212621688842773,-0.9240347743034363,-0.35085976123809814,0.11688992381095886,0.008566147647798061,0.01128744799643755,-0.11709460616111755,-0.00889078713953495,-0.00983902346342802,0.1557164341211319,0.32468652725219727,-0.21740010380744934,-0.1797814518213272,0.2860631048679352,-0.22691592574119568,0.1651553511619568,0.6679359674453735,-0.09994006901979446,-0.14481565356254578,0.6500634551048279,-0.11600051075220108
192,0.025550618767738342,-0.5854597687721252,-0.3598949611186981,0.17665491998195648,-0.4572870135307312,-0.200750932097435,0.2824716567993164,-0.6860305666923523,-0.30358436703681946,-0.11474237591028214,-0.4746941328048706,-0.21817925572395325,-0.20777879655361176,-0.6694323420524597,-0.320614755153656,0.36101487278938293,-0.9337170124053955,-0.3792690634727478,-0.24398194253444672,-0.9154481291770935,-0.41517049074172974,0.11491721868515015,0.008276231586933136,0.011497835628688335,-0.11515780538320541,-0.008606080897152424,-0.01009094063192606,0.1490347683429718,0.3563491404056549,-0.1403033435344696,-0.17404486238956451,0.3308541178703308,-0.1797727644443512,0.17245617508888245,0.705696702003479,-0.048360537737607956,-0.15001367032527924,0.7018529176712036,-0.08775955438613892
193,0.023289263248443604,-0.5900058150291443,-0.33737412095069885,0.17626789212226868,-0.46635907888412476,-0.18653033673763275,0.28239721059799194,-0.6954007744789124,-0.276569664478302,-0.11317230761051178,-0.48380085825920105,-0.19110502302646637,-0.20507603883743286,-0.682826578617096,-0.26139625906944275,0.3516927659511566,-0.9415515661239624,-0.34243884682655334,-0.24456310272216797,-0.9312964081764221,-0.3268725275993347,0.11395533382892609,0.00791861955076456,0.011272038333117962,-0.11418413370847702,-0.008247698657214642,-0.009912081994116306,0.14936530590057373,0.3525776267051697,-0.15853209793567657,-0.1743486076593399,0.336259663105011,-0.1634746491909027,0.17532819509506226,0.7042071223258972,-0.06530966609716415,-0.16035859286785126,0.7047813534736633,-0.0810747966170311
194,0.024361446499824524,-0.5934950113296509,-0.3317546844482422,0.17628014087677002,-0.46835625171661377,-0.18401336669921875,0.27879419922828674,-0.6964168548583984,-0.27675262093544006,-0.11101482808589935,-0.4878918528556824,-0.186392143368721,-0.200575590133667,-0.6950234174728394,-0.26321715116500854,0.3411649465560913,-0.9409741759300232,-0.3446287214756012,-0.242471843957901,-0.9431448578834534,-0.33134540915489197,0.11305496841669083,0.007647563237696886,0.010949364863336086,-0.11327008903026581,-0.007983672432601452,-0.00963226705789566,0.14854760468006134,0.3618946373462677,-0.13980133831501007,-0.17261911928653717,0.34643805027008057,-0.14047391712665558,0.17580348253250122,0.7161438465118408,-0.048344649374485016,-0.159750834107399,0.716189444065094,-0.06089720129966736
195,0.023121552541851997,-0.5935309529304504,-0.3385353684425354,0.16912490129470825,-0.46883922815322876,-0.18774020671844482,0.2671503722667694,-0.695904552936554,-0.28062814474105835,-0.11339382082223892,-0.49018430709838867,-0.19213661551475525,-0.20225299894809723,-0.6934236884117126,-0.2805714011192322,0.3380965292453766,-0.9380171298980713,-0.35312825441360474,-0.24276845157146454,-0.9399951100349426,-0.36477163434028625,0.11207941919565201,0.007185650058090687,0.010960347019135952,-0.11228252202272415,-0.007540249731391668,-0.009645316749811172,0.1479741930961609,0.38084593415260315,-0.0856214314699173,-0.16592438519001007,0.3627845346927643,-0.10680878907442093,0.1900491863489151,0.7337449193000793,0.002182465046644211,-0.15983861684799194,0.7323731780052185,-0.024212876334786415
196,0.028205743059515953,-0.5948305726051331,-0.34460675716400146,0.16935564577579498,-0.469369113445282,-0.19080409407615662,0.26761940121650696,-0.6999542117118835,-0.2839709520339966,-0.1096029058098793,-0.4899692237377167,-0.20708218216896057,-0.19766730070114136,-0.6925793290138245,-0.3137163817882538,0.33472657203674316,-0.944229781627655,-0.35709360241889954,-0.23184733092784882,-0.9388862252235413,-0.40187549591064453,0.11128722131252289,0.007147991564124823,0.011288569308817387,-0.11152850091457367,-0.0075025008991360664,-0.010027250275015831,0.14770886301994324,0.385381817817688,-0.06430193781852722,-0.16592471301555634,0.361351877450943,-0.11336934566497803,0.1908286064863205,0.7361727356910706,0.03255649283528328,-0.16042006015777588,0.7297370433807373,-0.019218020141124725
197,0.028589999303221703,-0.5971952080726624,-0.33789563179016113,0.16902247071266174,-0.4741669297218323,-0.18649066984653473,0.2645607888698578,-0.7019595503807068,-0.27344614267349243,-0.10967830568552017,-0.4944725036621094,-0.199227973818779,-0.19734513759613037,-0.6958216428756714,-0.29283443093299866,0.32732731103897095,-0.9441412091255188,-0.34365415573120117,-0.23127712309360504,-0.9387062788009644,-0.3740154802799225,0.11045021563768387,0.007122766226530075,0.011125397868454456,-0.11068648844957352,-0.007482531480491161,-0.009878299199044704,0.14307864010334015,0.39892393350601196,-0.03519497066736221,-0.16438482701778412,0.36702701449394226,-0.07967282831668854,0.19208061695098877,0.7485761642456055,0.06122836470603943,-0.16162829101085663,0.7336832284927368,0.018010778352618217
198,0.027100207284092903,-0.6122227311134338,-0.3258521854877472,0.16617628931999207,-0.4828738272190094,-0.17627303302288055,0.2640599012374878,-0.7077168226242065,-0.25526487827301025,-0.11185044050216675,-0.49903586506843567,-0.19071674346923828,-0.20161321759223938,-0.695325493812561,-0.2838921844959259,0.3259856104850769,-0.9457773566246033,-0.32014504075050354,-0.23154442012310028,-0.9307243824005127,-0.3672308027744293,0.10980212688446045,0.006979953031986952,0.011281818151473999,-0.11004943400621414,-0.007351854350417852,-0.010051324963569641,0.13873852789402008,0.40333467721939087,-0.021282967180013657,-0.16156421601772308,0.3729564845561981,-0.0703171119093895,0.1924910694360733,0.7554610371589661,0.07733510434627533,-0.16532133519649506,0.7410157918930054,0.02495959773659706
199,0.028701912611722946,-0.6153092384338379,-0.31770721077919006,0.1648324877023697,-0.48826783895492554,-0.1631559580564499,0.25967028737068176,-0.713725209236145,-0.2350793033838272,-0.1132720336318016,-0.502252995967865,-0.18532347679138184,-0.20679093897342682,-0.6965324282646179,-0.2807292938232422,0.31966352462768555,-0.9481438994407654,-0.30197933316230774,-0.23208411037921906,-0.9292023777961731,-0.3620775640010834,0.10938328504562378,0.006805846001952887,0.01165152620524168,-0.10962936282157898,-0.007194312755018473,-0.010449308902025223,0.1337069720029831,0.40948835015296936,-0.012190432287752628,-0.16101039946079254,0.3777685761451721,-0.0559355653822422,0.1922292858362198,0.7619089484214783,0.08644486963748932,-0.16845548152923584,0.7439923882484436,0.04050454497337341
200,0.029588589444756508,-0.6140145659446716,-0.3149498701095581,0.16426444053649902,-0.4897635579109192,-0.15806227922439575,0.256629079580307,-0.7213329076766968,-0.2277090847492218,-0.11266002804040909,-0.5040286183357239,-0.18244698643684387,-0.2030174434185028,-0.6991647481918335,-0.2788292169570923,0.3051156997680664,-0.9570559859275818,-0.291500449180603,-0.2275780588388443,-0.9293621182441711,-0.35951489210128784,0.10877443104982376,0.00676237978041172,0.01168111339211464,-0.10903060436248779,-0.007159613538533449,-0.010492083616554737,0.13228529691696167,0.41164880990982056,-0.01209995336830616,-0.16052128374576569,0.380807101726532,-0.04910024628043175,0.18928833305835724,0.7638193368911743,0.08344515413045883,-0.1685982197523117,0.7501027584075928,0.04226028174161911
201,0.029544487595558167,-0.6112715005874634,-0.31318598985671997,0.16324980556964874,-0.49185216426849365,-0.15471206605434418,0.25535306334495544,-0.7269473671913147,-0.2233433574438095,-0.11428911983966827,-0.5061866044998169,-0.18283773958683014,-0.20438383519649506,-0.7081303596496582,-0.27866625785827637,0.2956165075302124,-0.9598578214645386,-0.28751519322395325,-0.22715486586093903,-0.932827889919281,-0.35136744379997253,0.1084369346499443,0.006772621069103479,0.012158430181443691,-0.10870245844125748,-0.007177823688834906,-0.011008603498339653,0.12896688282489777,0.4133355915546417,-0.01596984826028347,-0.16010305285453796,0.3791322410106659,-0.05512862652540207,0.18647551536560059,0.7672998309135437,0.07770978659391403,-0.16987399756908417,0.7476564049720764,0.03596377372741699
202,0.029675664380192757,-0.6109874844551086,-0.3078964948654175,0.16262610256671906,-0.4921325445175171,-0.1497102975845337,0.249786838889122,-0.7272560596466064,-0.21988889575004578,-0.11305149644613266,-0.5070562958717346,-0.1812141090631485,-0.19940148293972015,-0.7128064036369324,-0.28118303418159485,0.29484644532203674,-0.9612054824829102,-0.2830992043018341,-0.2197525054216385,-0.9389721751213074,-0.3528987765312195,0.10800469666719437,0.006843180395662785,0.01290887501090765,-0.10827286541461945,-0.0072557441890239716,-0.011807863600552082,0.12704701721668243,0.41432276368141174,-0.011610468849539757,-0.15974819660186768,0.3805921971797943,-0.0563923716545105,0.1829054057598114,0.7700552940368652,0.08002546429634094,-0.16981591284275055,0.7497302293777466,0.03424806892871857
203,0.029113799333572388,-0.6098177433013916,-0.3043642044067383,0.1620381623506546,-0.49190983176231384,-0.15038233995437622,0.24801397323608398,-0.7266438603401184,-0.22166354954242706,-0.11299852281808853,-0.506916880607605,-0.1770249754190445,-0.1937449425458908,-0.7116767764091492,-0.2789056599140167,0.28627508878707886,-0.961133599281311,-0.28560394048690796,-0.2127857655286789,-0.9387293457984924,-0.35315266251564026,0.10778742283582687,0.00685038510710001,0.012712977826595306,-0.1080387681722641,-0.007267064414918423,-0.011615488678216934,0.12473244220018387,0.41566652059555054,-0.014522287994623184,-0.15841341018676758,0.3799353241920471,-0.05409363657236099,0.17946337163448334,0.772708535194397,0.07506362348794937,-0.1699324995279312,0.7490158081054688,0.03570912405848503
204,0.02948090247809887,-0.6041582822799683,-0.3058357238769531,0.1619533747434616,-0.49177277088165283,-0.15067781507968903,0.2472131997346878,-0.7234591841697693,-0.2224254012107849,-0.11318157613277435,-0.5052036643028259,-0.17788761854171753,-0.19448892772197723,-0.7044528126716614,-0.2796647846698761,0.2843438982963562,-0.9580658078193665,-0.28767451643943787,-0.2095804214477539,-0.9369952082633972,-0.35711586475372314,0.10772377997636795,0.0066571664065122604,0.013001620769500732,-0.10797432065010071,-0.007088498678058386,-0.011915726587176323,0.12451750040054321,0.41498929262161255,-0.016554104164242744,-0.15603619813919067,0.38151130080223083,-0.05502389371395111,0.17861458659172058,0.7725390195846558,0.07280955463647842,-0.17102345824241638,0.7533750534057617,0.034681450575590134
205,0.02850857935845852,-0.6007512211799622,-0.3147165775299072,0.16070783138275146,-0.48813584446907043,-0.1609087437391281,0.24591124057769775,-0.7222763895988464,-0.24132758378982544,-0.11318694055080414,-0.5032405853271484,-0.18817704916000366,-0.19051598012447357,-0.7041295170783997,-0.3008854389190674,0.2797326147556305,-0.9578771591186523,-0.30451250076293945,-0.1931450515985489,-0.9368343353271484,-0.3836895227432251,0.10752519220113754,0.00664975680410862,0.013024675659835339,-0.10776596516370773,-0.007082370109856129,-0.01194006484001875,0.12196408957242966,0.41887542605400085,-0.01758744940161705,-0.1505332887172699,0.38390251994132996,-0.049254629760980606,0.17933832108974457,0.7785125374794006,0.07196277379989624,-0.1709979772567749,0.7567092180252075,0.039312880486249924
206,0.027192408218979836,-0.6057621836662292,-0.31445813179016113,0.16014304757118225,-0.4884931743144989,-0.16083607077598572,0.2449481040239334,-0.7220386266708374,-0.24138838052749634,-0.11341811716556549,-0.5029805898666382,-0.18804533779621124,-0.19039711356163025,-0.7039620876312256,-0.3015234172344208,0.2765296995639801,-0.9561008810997009,-0.30557525157928467,-0.19037829339504242,-0.9356690645217896,-0.3839982748031616,0.10746496915817261,0.006434293929487467,0.013101965188980103,-0.10770569741725922,-0.006869054399430752,-0.012024992145597935,0.12059076875448227,0.4189433455467224,-0.013613850809633732,-0.14717678725719452,0.386533260345459,-0.04143878445029259,0.17887474596500397,0.7786862850189209,0.07685108482837677,-0.17052224278450012,0.7598801255226135,0.047781407833099365
207,0.028931325301527977,-0.606198251247406,-0.3174956142902374,0.16026952862739563,-0.4896485209465027,-0.16148456931114197,0.24404260516166687,-0.7231515049934387,-0.24154531955718994,-0.11292470991611481,-0.5023733377456665,-0.1947789043188095,-0.18842414021492004,-0.704322338104248,-0.3117313086986542,0.2739071846008301,-0.9555910229682922,-0.3077719807624817,-0.18275131285190582,-0.9369310140609741,-0.389547199010849,0.10741258412599564,0.006294514052569866,0.0134623097255826,-0.10765448212623596,-0.0067391907796263695,-0.012401044368743896,0.1178520917892456,0.41981714963912964,-0.009293673560023308,-0.1473749428987503,0.3882738947868347,-0.037393245846033096,0.17521549761295319,0.7785800099372864,0.08555461466312408,-0.17353811860084534,0.7600916624069214,0.05604768171906471
208,0.029026424512267113,-0.6165892481803894,-0.3057880699634552,0.16023683547973633,-0.49024698138237,-0.14932453632354736,0.2427772432565689,-0.7228536009788513,-0.22902707755565643,-0.1127755343914032,-0.501604437828064,-0.18840958178043365,-0.18592846393585205,-0.7041332721710205,-0.30943676829338074,0.27134785056114197,-0.9509997963905334,-0.30063188076019287,-0.17508745193481445,-0.9368122220039368,-0.3842642307281494,0.10729916393756866,0.00627758726477623,0.013990547508001328,-0.10754220187664032,-0.006724189035594463,-0.012956629507243633,0.11606132984161377,0.41971346735954285,-0.007619165815412998,-0.14751994609832764,0.38838595151901245,-0.038315366953611374,0.17435728013515472,0.7787531018257141,0.08499346673488617,-0.17558972537517548,0.7601308822631836,0.05418022349476814
209,0.026037948206067085,-0.6154818534851074,-0.30608657002449036,0.15881581604480743,-0.4899022877216339,-0.1513109654188156,0.24161271750926971,-0.7191417813301086,-0.23248191177845,-0.11368801444768906,-0.5016584992408752,-0.18156518042087555,-0.18836142122745514,-0.701410174369812,-0.29616713523864746,0.27088475227355957,-0.9500320553779602,-0.30178990960121155,-0.17823085188865662,-0.9339371919631958,-0.38314834237098694,0.10703185945749283,0.006283129099756479,0.011794686317443848,-0.10725662112236023,-0.006731381639838219,-0.01076893974095583,0.11307898908853531,0.4206867516040802,-0.01461265329271555,-0.1465047001838684,0.3893725574016571,-0.030480388551950455,0.17548640072345734,0.7810282707214355,0.07356327772140503,-0.1739649474620819,0.7622191309928894,0.05855775997042656
210,0.02606617845594883,-0.6138674020767212,-0.29997366666793823,0.15927022695541382,-0.48987048864364624,-0.1486039161682129,0.24141301214694977,-0.7176015973091125,-0.2257433831691742,-0.11398176848888397,-0.5024447441101074,-0.16804222762584686,-0.18990378081798553,-0.7054872512817383,-0.27546870708465576,0.2711746394634247,-0.9468681216239929,-0.29188019037246704,-0.17996631562709808,-0.9411547780036926,-0.3596794009208679,0.10699548572301865,0.006252992898225784,0.009621754288673401,-0.10722046345472336,-0.006706055719405413,-0.008628608658909798,0.11059978604316711,0.4209316670894623,-0.019224943593144417,-0.14820262789726257,0.39008012413978577,-0.026423458009958267,0.17345063388347626,0.7809730172157288,0.06877604871988297,-0.17386026680469513,0.7621005177497864,0.06414257735013962
211,0.02368765138089657,-0.6142799854278564,-0.29112744331359863,0.15926699340343475,-0.4900859296321869,-0.1480247974395752,0.23403267562389374,-0.7098591923713684,-0.23270156979560852,-0.1151546835899353,-0.5029253363609314,-0.1539010852575302,-0.19053766131401062,-0.7045841813087463,-0.25534379482269287,0.2598905861377716,-0.9369825124740601,-0.3053968548774719,-0.18076738715171814,-0.9391438364982605,-0.3406302034854889,0.10696794837713242,0.006151930894702673,0.007315788883715868,-0.10719060897827148,-0.006612198427319527,-0.0063202641904354095,0.10860328376293182,0.4209473133087158,-0.023591207340359688,-0.14949092268943787,0.3900474011898041,-0.02200384810566902,0.16879743337631226,0.7813884019851685,0.06549683213233948,-0.17469322681427002,0.7612189650535583,0.0720750242471695
212,0.02388927899301052,-0.607721209526062,-0.28825291991233826,0.15852496027946472,-0.4872063100337982,-0.1401502788066864,0.23426564037799835,-0.7029171586036682,-0.22439375519752502,-0.11670497059822083,-0.4996846914291382,-0.1521885097026825,-0.19513745605945587,-0.6924033164978027,-0.25912463665008545,0.2647128403186798,-0.9305234551429749,-0.2984347939491272,-0.19013181328773499,-0.9274721741676331,-0.344584196805954,0.10695691406726837,0.006088645197451115,0.00737312575802207,-0.10717779397964478,-0.006554602179676294,-0.006378479301929474,0.10572384297847748,0.42248913645744324,-0.0243336521089077,-0.154630646109581,0.390004962682724,-0.022524267435073853,0.16791656613349915,0.781964898109436,0.06044992059469223,-0.17717745900154114,0.7607608437538147,0.06890774518251419
213,0.025153087452054024,-0.6079094409942627,-0.2815311849117279,0.16447800397872925,-0.4873867928981781,-0.13726916909217834,0.2372533082962036,-0.7034599184989929,-0.22185267508029938,-0.11287809908390045,-0.4998469054698944,-0.14476551115512848,-0.1927492767572403,-0.693956732749939,-0.25402387976646423,0.26729002594947815,-0.9311391115188599,-0.2888329029083252,-0.19012229144573212,-0.9290229082107544,-0.34513625502586365,0.10715474933385849,0.005718552973121405,0.0073893070220947266,-0.10738625377416611,-0.006194020621478558,-0.006392181385308504,0.10644496232271194,0.42291712760925293,-0.022799422964453697,-0.15454436838626862,0.3906332552433014,-0.023284386843442917,0.1713319569826126,0.7818999290466309,0.06492803990840912,-0.17370255291461945,0.7615564465522766,0.06865723431110382
214,0.025377072393894196,-0.6059563755989075,-0.283144474029541,0.1606406718492508,-0.4868360161781311,-0.13711300492286682,0.23703664541244507,-0.7021238207817078,-0.222055122256279,-0.11406709998846054,-0.4998323321342468,-0.1482558250427246,-0.19507911801338196,-0.693639874458313,-0.2609878182411194,0.26784273982048035,-0.930431067943573,-0.29268088936805725,-0.19554683566093445,-0.9285497069358826,-0.35610195994377136,0.10693760216236115,0.005711917765438557,0.008897228166460991,-0.10714779049158096,-0.006188591942191124,-0.007885742001235485,0.10653579235076904,0.42392367124557495,-0.023842696100473404,-0.14902018010616302,0.39088746905326843,-0.0323185995221138,0.17546474933624268,0.7853748202323914,0.053041595965623856,-0.1692032814025879,0.7649157047271729,0.04754664748907089
215,0.024915382266044617,-0.6059891581535339,-0.270891010761261,0.15996751189231873,-0.48632121086120605,-0.12731947004795074,0.232304647564888,-0.6980943083763123,-0.21436047554016113,-0.11488655209541321,-0.49934324622154236,-0.13102489709854126,-0.19574175775051117,-0.6878032684326172,-0.24407602846622467,0.2657274007797241,-0.92905193567276,-0.2844287157058716,-0.19749972224235535,-0.9244371652603149,-0.34854385256767273,0.10690808296203613,0.0056915064342319965,0.007014703005552292,-0.10711416602134705,-0.006169430911540985,-0.005989759229123592,0.10042818635702133,0.4239288568496704,-0.03143903240561485,-0.15471810102462769,0.390921413898468,-0.03005109913647175,0.16332463920116425,0.7866869568824768,0.04089600220322609,-0.1742653250694275,0.764811635017395,0.048589568585157394
216,0.0247801523655653,-0.6070759296417236,-0.2729218304157257,0.15965569019317627,-0.4863910377025604,-0.12691552937030792,0.2301972359418869,-0.6983005404472351,-0.20873712003231049,-0.11481401324272156,-0.4985711872577667,-0.13448190689086914,-0.1966204196214676,-0.6881056427955627,-0.24677222967147827,0.2635611295700073,-0.9285997152328491,-0.2779911458492279,-0.19783128798007965,-0.9246127605438232,-0.34834933280944824,0.10692587494850159,0.005380818620324135,0.007649134378880262,-0.1071346327662468,-0.00588206946849823,-0.006621295120567083,0.09926196932792664,0.42428791522979736,-0.022141026332974434,-0.15394103527069092,0.3913150429725647,-0.030258260667324066,0.15946020185947418,0.7866337299346924,0.05527110397815704,-0.1740787923336029,0.7658128142356873,0.049148328602313995
217,0.024828635156154633,-0.6063007116317749,-0.28361135721206665,0.15756340324878693,-0.48470020294189453,-0.129466250538826,0.230252206325531,-0.6972056031227112,-0.2097150832414627,-0.11488401144742966,-0.49648457765579224,-0.15396317839622498,-0.19607672095298767,-0.6883129477500916,-0.2817225158214569,0.26405882835388184,-0.9223530292510986,-0.28466421365737915,-0.1927734911441803,-0.9246648550033569,-0.38374897837638855,0.10679061710834503,0.005361525341868401,0.00859293807297945,-0.10700082778930664,-0.005863844882696867,-0.0075708478689193726,0.09912391006946564,0.4243364930152893,-0.0203317329287529,-0.15152551233768463,0.391518235206604,-0.030905820429325104,0.15964654088020325,0.7853777408599854,0.0578274168074131,-0.1726805567741394,0.7658367156982422,0.04972810298204422
218,0.026193877682089806,-0.6022856831550598,-0.290498822927475,0.15652430057525635,-0.48175400495529175,-0.1313757598400116,0.22999207675457,-0.6954518556594849,-0.21217899024486542,-0.115119569003582,-0.49457022547721863,-0.16277386248111725,-0.19603696465492249,-0.6878000497817993,-0.2923417389392853,0.2641732096672058,-0.9198020100593567,-0.2916993498802185,-0.1928020864725113,-0.9246599674224854,-0.39580440521240234,0.10676447302103043,0.005329780280590057,0.00987158715724945,-0.10697627067565918,-0.0058354577049613,-0.008836394175887108,0.09891873598098755,0.4250684976577759,-0.020245496183633804,-0.15132060647010803,0.3917606472969055,-0.03454488515853882,0.15992869436740875,0.7849717140197754,0.057740457355976105,-0.1726635843515396,0.7661340236663818,0.0461311899125576
219,0.024978822097182274,-0.6015584468841553,-0.29282546043395996,0.15447278320789337,-0.48191720247268677,-0.13289062678813934,0.22911249101161957,-0.6965805292129517,-0.2131357342004776,-0.1168224886059761,-0.4945240914821625,-0.16478310525417328,-0.1969592571258545,-0.6879408955574036,-0.2915787994861603,0.2629883587360382,-0.920078694820404,-0.29240545630455017,-0.19314612448215485,-0.9246320724487305,-0.39206868410110474,0.10674735903739929,0.005210448522120714,0.010250161401927471,-0.1069592759013176,-0.0057173497043550014,-0.00921395793557167,0.09943787753582001,0.42535293102264404,-0.020109841600060463,-0.1513393521308899,0.3920869529247284,-0.03479548543691635,0.16094473004341125,0.7849287986755371,0.057769279927015305,-0.17335110902786255,0.7665145397186279,0.04653139412403107
220,0.02564142271876335,-0.6013100147247314,-0.2940582036972046,0.15475010871887207,-0.4793807864189148,-0.13572077453136444,0.22897517681121826,-0.6951243281364441,-0.2253100574016571,-0.11594855040311813,-0.49331000447273254,-0.16509073972702026,-0.19388021528720856,-0.6871809363365173,-0.29690268635749817,0.2618558406829834,-0.9202069044113159,-0.30642232298851013,-0.18827876448631287,-0.9246639013290405,-0.4008978009223938,0.10673581063747406,0.005213300697505474,0.01051971036940813,-0.10694779455661774,-0.00571976974606514,-0.009482597932219505,0.09933164715766907,0.42657899856567383,-0.020450273528695107,-0.1513054519891739,0.3924652934074402,-0.03543079271912575,0.16000467538833618,0.785912036895752,0.0555681437253952,-0.17353291809558868,0.7679668664932251,0.044796787202358246
221,0.025660721585154533,-0.600866973400116,-0.29073914885520935,0.15430592000484467,-0.4784616231918335,-0.13357877731323242,0.2287263423204422,-0.6903218030929565,-0.22228829562664032,-0.11642978340387344,-0.491942822933197,-0.15846145153045654,-0.19857463240623474,-0.6842945218086243,-0.28177374601364136,0.26181939244270325,-0.9141330122947693,-0.3048023283481598,-0.19378751516342163,-0.9223173260688782,-0.38632768392562866,0.10670097172260284,0.0051625389605760574,0.010564761236310005,-0.10690837353467941,-0.005672610364854336,-0.00952873844653368,0.09802651405334473,0.42685645818710327,-0.022211236879229546,-0.1519971489906311,0.39306020736694336,-0.036379482597112656,0.16024139523506165,0.7861518859863281,0.050904158502817154,-0.17418527603149414,0.7698844075202942,0.041031625121831894
222,0.025724058970808983,-0.5987268090248108,-0.2912844717502594,0.15455177426338196,-0.4776113033294678,-0.13383810222148895,0.22800248861312866,-0.6899394392967224,-0.22324910759925842,-0.11613880097866058,-0.4910695254802704,-0.15896442532539368,-0.19638121128082275,-0.6835193037986755,-0.28625330328941345,0.2610703110694885,-0.9144058227539062,-0.3045130670070648,-0.19307851791381836,-0.9220834374427795,-0.3942904770374298,0.10669565945863724,0.005140233319252729,0.010923191905021667,-0.10690218210220337,-0.005652396008372307,-0.0098872110247612,0.09803831577301025,0.4269685447216034,-0.022068539634346962,-0.15231236815452576,0.39310842752456665,-0.03708904609084129,0.15850619971752167,0.7869168519973755,0.051011476665735245,-0.17647990584373474,0.7700422406196594,0.0405590683221817
223,0.025689732283353806,-0.600705087184906,-0.2811405062675476,0.1545693576335907,-0.4780316650867462,-0.12647376954555511,0.22723786532878876,-0.6895818710327148,-0.2176787406206131,-0.11614561080932617,-0.4911364018917084,-0.147493377327919,-0.19577570259571075,-0.6847604513168335,-0.26896393299102783,0.2605467140674591,-0.9117534160614014,-0.3021109998226166,-0.19172486662864685,-0.924153208732605,-0.3685245215892792,0.10669366270303726,0.005052123684436083,0.010963931679725647,-0.10689856112003326,-0.005567474756389856,-0.009927954524755478,0.09875457733869553,0.42699119448661804,-0.021922219544649124,-0.1523294299840927,0.3941848576068878,-0.037000853568315506,0.16081303358078003,0.7868319153785706,0.05138218030333519,-0.17605683207511902,0.7715241312980652,0.04068519547581673
224,0.025834042578935623,-0.603378415107727,-0.2717604637145996,0.15489938855171204,-0.4797651469707489,-0.11954744160175323,0.22700458765029907,-0.6896405816078186,-0.20835189521312714,-0.11616050451993942,-0.4917577803134918,-0.1371592879295349,-0.19578953087329865,-0.6851451992988586,-0.25146982073783875,0.25886255502700806,-0.9119311571121216,-0.29166918992996216,-0.19177034497261047,-0.9247196912765503,-0.3478914201259613,0.1067109927535057,0.004928236361593008,0.010943355038762093,-0.10691305249929428,-0.005446803756058216,-0.009906483814120293,0.09880875051021576,0.427008718252182,-0.02179843746125698,-0.1518169641494751,0.39425748586654663,-0.036847710609436035,0.16147162020206451,0.7865321040153503,0.0516955740749836,-0.17565681040287018,0.7715650796890259,0.04114025831222534
225,0.026156123727560043,-0.6047468781471252,-0.26649409532546997,0.15487425029277802,-0.4800341725349426,-0.11188167333602905,0.2258298546075821,-0.6900566220283508,-0.19860993325710297,-0.11616320163011551,-0.4916779100894928,-0.13511742651462555,-0.19567210972309113,-0.6843544840812683,-0.2547726333141327,0.2574227452278137,-0.9125537276268005,-0.2797524631023407,-0.19124318659305573,-0.9241949915885925,-0.3491920530796051,0.10666094720363617,0.004951989743858576,0.011456199921667576,-0.10685413330793381,-0.005472114309668541,-0.010408252477645874,0.09808311611413956,0.42698150873184204,-0.02169952541589737,-0.15186895430088043,0.3937808871269226,-0.03887302801012993,0.15896715223789215,0.7862379550933838,0.05053892359137535,-0.1767837107181549,0.7708835005760193,0.03588644042611122
226,0.026134073734283447,-0.6049277186393738,-0.26762738823890686,0.15487252175807953,-0.4813375174999237,-0.11298707872629166,0.22507977485656738,-0.6910092234611511,-0.19909438490867615,-0.11616828292608261,-0.4916585087776184,-0.13606277108192444,-0.19607345759868622,-0.6842045783996582,-0.2563813030719757,0.2558450400829315,-0.9137147068977356,-0.279732882976532,-0.19140060245990753,-0.9238165020942688,-0.3503435552120209,0.10664975643157959,0.0048740580677986145,0.011536069214344025,-0.1068422868847847,-0.005396828521043062,-0.010491621680557728,0.09713023155927658,0.4270540773868561,-0.01986641250550747,-0.1518053561449051,0.39378055930137634,-0.03861236199736595,0.15878109633922577,0.7861878275871277,0.053625449538230896,-0.1771247684955597,0.770580530166626,0.04017111286520958
227,0.024063559249043465,-0.6071887016296387,-0.24884067475795746,0.1548750251531601,-0.48457834124565125,-0.099125936627388,0.2236139327287674,-0.6911708116531372,-0.18273116648197174,-0.11686375737190247,-0.49271342158317566,-0.11650851368904114,-0.19656802713871002,-0.6835851669311523,-0.23040151596069336,0.2532377243041992,-0.9153818488121033,-0.25907090306282043,-0.19214464724063873,-0.922675371170044,-0.3276989459991455,0.10669676959514618,0.004807562567293644,0.011401287280023098,-0.10688693076372147,-0.005330080632120371,-0.010351314209401608,0.09580530226230621,0.42707428336143494,-0.019782928749918938,-0.15217961370944977,0.39353448152542114,-0.038456257432699203,0.15835651755332947,0.7861639261245728,0.05353650450706482,-0.1774413138628006,0.7704443335533142,0.040174245834350586
228,0.023544324561953545,-0.6067296266555786,-0.25195497274398804,0.15477056801319122,-0.4847288727760315,-0.10109344869852066,0.21634963154792786,-0.6921844482421875,-0.1907588392496109,-0.11725121736526489,-0.4927990138530731,-0.11829909682273865,-0.19980749487876892,-0.6837375164031982,-0.22617049515247345,0.24096111953258514,-0.9215571880340576,-0.2636062800884247,-0.19501835107803345,-0.9231626391410828,-0.3163071572780609,0.10684314370155334,0.004516818560659885,0.010711084119975567,-0.10703779011964798,-0.00505139259621501,-0.009650617837905884,0.09626104682683945,0.4266771376132965,-0.02174416370689869,-0.15269312262535095,0.3936081528663635,-0.03830346092581749,0.15719075500965118,0.7861055731773376,0.05217615142464638,-0.1772366166114807,0.7708562016487122,0.03916017711162567
229,0.025805482640862465,-0.6023950576782227,-0.2714000940322876,0.15482652187347412,-0.4832600951194763,-0.11857251077890396,0.2147541493177414,-0.6928555369377136,-0.22283883392810822,-0.11631593108177185,-0.48873642086982727,-0.14827291667461395,-0.19750866293907166,-0.6791235208511353,-0.2870881259441376,0.237996444106102,-0.9227791428565979,-0.3094550371170044,-0.19266833364963531,-0.912851870059967,-0.3958893120288849,0.10684765130281448,0.0044861757196486,0.0117114232853055,-0.10704220831394196,-0.005021364893764257,-0.010671987198293209,0.09633097052574158,0.4271223247051239,-0.019740570336580276,-0.1527986377477646,0.3940509557723999,-0.03888164088129997,0.15929289162158966,0.7871054410934448,0.05298642814159393,-0.1769418865442276,0.7728553414344788,0.03781652823090553
230,0.023618970066308975,-0.6035553216934204,-0.2731517255306244,0.15509462356567383,-0.4833986461162567,-0.12615299224853516,0.21558815240859985,-0.6954202055931091,-0.22247277200222015,-0.1161990687251091,-0.48974964022636414,-0.1471995860338211,-0.19518181681632996,-0.6835282444953918,-0.28015413880348206,0.23825323581695557,-0.9256020188331604,-0.30713170766830444,-0.18560023605823517,-0.9140101075172424,-0.3857262134552002,0.10683897882699966,0.004449282307177782,0.011181255802512169,-0.10703250020742416,-0.00498436251655221,-0.010145340114831924,0.09786687791347504,0.4269287884235382,-0.020677944645285606,-0.15267157554626465,0.3940615952014923,-0.03627621755003929,0.16392415761947632,0.7874116897583008,0.05375337228178978,-0.1750851571559906,0.7717493772506714,0.04988742619752884
231,0.020333359017968178,-0.6085859537124634,-0.27316904067993164,0.15469898283481598,-0.4842475950717926,-0.12679508328437805,0.2157447338104248,-0.700157642364502,-0.21999701857566833,-0.11654569953680038,-0.4902006983757019,-0.14664724469184875,-0.19475580751895905,-0.68507319688797,-0.2682535946369171,0.23765593767166138,-0.9317875504493713,-0.2892386019229889,-0.17912469804286957,-0.9155111312866211,-0.36075684428215027,0.10684267431497574,0.004253040999174118,0.010945984162390232,-0.1070384606719017,-0.004790155217051506,-0.009899321012198925,0.09757108986377716,0.4269503355026245,-0.020037522539496422,-0.1520540416240692,0.3943648934364319,-0.03528338298201561,0.1639069765806198,0.7866719961166382,0.05808459222316742,-0.17155572772026062,0.7728387713432312,0.049718890339136124
232,0.018789999186992645,-0.6046452522277832,-0.28333500027656555,0.15453849732875824,-0.48396316170692444,-0.13755039870738983,0.21579693257808685,-0.7002636194229126,-0.23043474555015564,-0.11634831875562668,-0.4898788034915924,-0.15363380312919617,-0.1940034031867981,-0.6844885945320129,-0.2816273868083954,0.23518617451190948,-0.9319387078285217,-0.2992260456085205,-0.18034972250461578,-0.915536105632782,-0.3878798484802246,0.10682091116905212,0.004237630404531956,0.010968957096338272,-0.10701663047075272,-0.00477311946451664,-0.009923339821398258,0.09762739390134811,0.42699378728866577,-0.020271331071853638,-0.1522074043750763,0.3943268954753876,-0.03535927087068558,0.1638645976781845,0.7871294617652893,0.05746297538280487,-0.1727662980556488,0.7726667523384094,0.04942290857434273
233,0.018732108175754547,-0.6039220094680786,-0.2954545319080353,0.1551743447780609,-0.4828314483165741,-0.1521778106689453,0.2163030356168747,-0.7001590132713318,-0.24712033569812775,-0.11484957486391068,-0.48840898275375366,-0.16387967765331268,-0.1904589682817459,-0.6816961169242859,-0.2984609305858612,0.23531123995780945,-0.9320246577262878,-0.31309759616851807,-0.1732577532529831,-0.9130784869194031,-0.41165733337402344,0.10680156946182251,0.004212894476950169,0.010720421560108662,-0.106998972594738,-0.004748112056404352,-0.00967659056186676,0.09765627980232239,0.4269048571586609,-0.020456498488783836,-0.15318705141544342,0.39403146505355835,-0.03298578038811684,0.16371628642082214,0.7872039079666138,0.058509960770606995,-0.17411057651042938,0.7710852026939392,0.05633489042520523
234,0.01747913844883442,-0.6032652258872986,-0.293864905834198,0.15405051410198212,-0.4828766882419586,-0.14979882538318634,0.2160974144935608,-0.7008762359619141,-0.24325962364673615,-0.11547026038169861,-0.48832225799560547,-0.16219642758369446,-0.1944829672574997,-0.6816210150718689,-0.295224666595459,0.23402561247348785,-0.9333431720733643,-0.310720294713974,-0.18335279822349548,-0.9135987162590027,-0.40674522519111633,0.10672276467084885,0.004162034019827843,0.01064282190054655,-0.10691853612661362,-0.00469626858830452,-0.009594157338142395,0.09924794733524323,0.426738440990448,-0.021001122891902924,-0.15209200978279114,0.39480113983154297,-0.03295948728919029,0.1688409447669983,0.7870655655860901,0.0583239309489727,-0.1705750823020935,0.7733808159828186,0.05535512417554855
235,0.017591258510947227,-0.6030349135398865,-0.2939228415489197,0.15414202213287354,-0.48256340622901917,-0.14947675168514252,0.2152869999408722,-0.7009011507034302,-0.24631895124912262,-0.11513359844684601,-0.48687171936035156,-0.16170749068260193,-0.19455058872699738,-0.6797067523002625,-0.29475003480911255,0.2333482950925827,-0.9336900115013123,-0.3176449239253998,-0.18316113948822021,-0.9120703935623169,-0.40669721364974976,0.10670486837625504,0.004138017538934946,0.010748099535703659,-0.10689927637577057,-0.0046719517558813095,-0.009693474508821964,0.09915628284215927,0.4268265962600708,-0.020930388942360878,-0.15282869338989258,0.3946973979473114,-0.03324374556541443,0.1689291000366211,0.7873572111129761,0.05824008584022522,-0.1713157445192337,0.7731981873512268,0.05452399328351021
236,0.017460504546761513,-0.6046874523162842,-0.2689937353134155,0.15354496240615845,-0.48299896717071533,-0.12683749198913574,0.2149982750415802,-0.7006857991218567,-0.22242097556591034,-0.11605536192655563,-0.48862534761428833,-0.1353706419467926,-0.19621755182743073,-0.6829572916030884,-0.25057366490364075,0.23383180797100067,-0.9325223565101624,-0.2968742251396179,-0.1897324174642563,-0.9173773527145386,-0.3459482491016388,0.10668794810771942,0.004157884046435356,0.010647823102772236,-0.10687783360481262,-0.004690646659582853,-0.009586254134774208,0.09928406029939651,0.42687660455703735,-0.023952359333634377,-0.1527748703956604,0.3948117196559906,-0.03479566052556038,0.16883842647075653,0.7877240777015686,0.049269650131464005,-0.17122551798820496,0.7735138535499573,0.044814154505729675
237,0.01689375564455986,-0.6013072729110718,-0.3014357089996338,0.15309381484985352,-0.48092120885849,-0.15368632972240448,0.21484452486038208,-0.7002527713775635,-0.2554726004600525,-0.11578207463026047,-0.48425206542015076,-0.1731855273246765,-0.19376134872436523,-0.675682783126831,-0.3131924569606781,0.23363108932971954,-0.9323918223381042,-0.33087608218193054,-0.18482305109500885,-0.9096398949623108,-0.4264895021915436,0.10665713250637054,0.0040840576402843,0.011248881928622723,-0.10684871673583984,-0.004616503603756428,-0.010183819569647312,0.09961437433958054,0.4266560971736908,-0.021084697917103767,-0.15291914343833923,0.3950176537036896,-0.035007376223802567,0.16887003183364868,0.7875662446022034,0.056745465844869614,-0.17127688229084015,0.7737780809402466,0.045326489955186844
238,0.016320466995239258,-0.6008247137069702,-0.30076703429222107,0.15180306136608124,-0.4810737371444702,-0.1490403562784195,0.21446023881435394,-0.7026150822639465,-0.24443887174129486,-0.1168278232216835,-0.48432663083076477,-0.17024049162864685,-0.19392096996307373,-0.67657470703125,-0.306044340133667,0.23365594446659088,-0.934692919254303,-0.3215938210487366,-0.18580524623394012,-0.9097737073898315,-0.4176327884197235,0.10662899911403656,0.004221057519316673,0.011781670153141022,-0.10682007670402527,-0.004752070643007755,-0.010702744126319885,0.09962118417024612,0.42701584100723267,-0.021205982193350792,-0.1530648171901703,0.3950153887271881,-0.03693306818604469,0.16883723437786102,0.7882521152496338,0.054476283490657806,-0.1718607395887375,0.773829460144043,0.041858505457639694
239,0.015594271011650562,-0.5997122526168823,-0.29908323287963867,0.15175478160381317,-0.47851404547691345,-0.14855071902275085,0.2137397974729538,-0.6952407360076904,-0.24689918756484985,-0.11699771136045456,-0.4835301339626312,-0.16717465221881866,-0.1942768096923828,-0.6739099621772766,-0.302512526512146,0.23347565531730652,-0.9264930486679077,-0.3234988749027252,-0.18703947961330414,-0.9081074595451355,-0.41625329852104187,0.10662254691123962,0.004168638959527016,0.011166917160153389,-0.10681408643722534,-0.0046976180747151375,-0.010087395086884499,0.0991915613412857,0.42729952931404114,-0.024926193058490753,-0.15371203422546387,0.39521852135658264,-0.036095358431339264,0.16558127105236053,0.7887221574783325,0.04836221784353256,-0.1721653938293457,0.7743972539901733,0.041960541158914566
240,0.01519798208028078,-0.6023780107498169,-0.28796622157096863,0.15167094767093658,-0.47953757643699646,-0.14404183626174927,0.2087036520242691,-0.6959402561187744,-0.24407458305358887,-0.11804232001304626,-0.4835510849952698,-0.15159128606319427,-0.19653427600860596,-0.6726231575012207,-0.2675882577896118,0.22481510043144226,-0.9306156635284424,-0.3184570372104645,-0.1847906857728958,-0.9081974029541016,-0.36425715684890747,0.10675947368144989,0.0037133581936359406,0.010754699818789959,-0.10696010291576385,-0.00426008366048336,-0.00967281311750412,0.09904389083385468,0.4261249005794525,-0.023239750415086746,-0.15337270498275757,0.39523911476135254,-0.035503558814525604,0.16110911965370178,0.7866688370704651,0.05470546707510948,-0.17084956169128418,0.7750314474105835,0.041752759367227554
241,0.013283360749483109,-0.6055238842964172,-0.2880495488643646,0.15103159844875336,-0.4799751341342926,-0.14329685270786285,0.2114628553390503,-0.6968080401420593,-0.23172390460968018,-0.11885426938533783,-0.48394954204559326,-0.1523483544588089,-0.1975606083869934,-0.6748051047325134,-0.26972049474716187,0.2276996374130249,-0.9306558966636658,-0.2973007559776306,-0.18482671678066254,-0.9097450971603394,-0.3666936755180359,0.10675760358572006,0.003551336470991373,0.010740584693849087,-0.10696148872375488,-0.004096735268831253,-0.009659440256655216,0.09904655069112778,0.4257998466491699,-0.018808625638484955,-0.15318343043327332,0.3951437473297119,-0.034723930060863495,0.16115662455558777,0.7835786938667297,0.0644327849149704,-0.17160378396511078,0.7745688557624817,0.04531213268637657
242,0.013252521865069866,-0.6050359010696411,-0.27771201729774475,0.15144409239292145,-0.482636421918869,-0.1332102119922638,0.21183863282203674,-0.6989502906799316,-0.2205321490764618,-0.1186024397611618,-0.48700225353240967,-0.14059141278266907,-0.19765563309192657,-0.6786166429519653,-0.24792751669883728,0.2281186580657959,-0.9321680068969727,-0.28698158264160156,-0.18583011627197266,-0.9137609004974365,-0.3364672362804413,0.10678650438785553,0.0035317083820700645,0.010407532565295696,-0.10699363797903061,-0.004076448734849691,-0.009329590015113354,0.09944453090429306,0.425541490316391,-0.019894998520612717,-0.15309426188468933,0.39511874318122864,-0.03478929400444031,0.16227202117443085,0.7834752798080444,0.0604960173368454,-0.17245712876319885,0.7746981382369995,0.04319266602396965
243,0.014687944203615189,-0.6059475541114807,-0.27788448333740234,0.15230226516723633,-0.4839494824409485,-0.1330820471048355,0.21749958395957947,-0.7010594606399536,-0.21679899096488953,-0.11863774806261063,-0.48841309547424316,-0.14148005843162537,-0.19777518510818481,-0.6789001822471619,-0.2521582841873169,0.23492804169654846,-0.9332893490791321,-0.27980682253837585,-0.18579666316509247,-0.913784384727478,-0.34224578738212585,0.10680451989173889,0.0034695372451096773,0.009586627595126629,-0.10701384395360947,-0.004014570266008377,-0.008516643196344376,0.10061495006084442,0.4249943792819977,-0.02314186841249466,-0.15315869450569153,0.395097941160202,-0.03298001363873482,0.16370947659015656,0.7836830019950867,0.0574059784412384,-0.17246709764003754,0.7739962339401245,0.04676414653658867
244,0.014467666856944561,-0.6054563522338867,-0.2737412750720978,0.15239344537258148,-0.48451530933380127,-0.12931758165359497,0.21805378794670105,-0.7014963626861572,-0.21172770857810974,-0.11854401230812073,-0.4890647232532501,-0.1374666541814804,-0.1981937438249588,-0.6797158122062683,-0.24898290634155273,0.23613187670707703,-0.9337354898452759,-0.27347201108932495,-0.19000215828418732,-0.9150035381317139,-0.3443135619163513,0.1068008542060852,0.0034500868059694767,0.00957165751606226,-0.10701107978820801,-0.0039943731389939785,-0.008500796742737293,0.10069168359041214,0.4248370826244354,-0.02238703891634941,-0.15313588082790375,0.39498984813690186,-0.03324149549007416,0.1648920774459839,0.7829696536064148,0.05819821357727051,-0.17249545454978943,0.77361661195755,0.046570971608161926
245,0.015520668588578701,-0.6067852973937988,-0.2748807370662689,0.1533481627702713,-0.4854468107223511,-0.13092391192913055,0.2204941213130951,-0.7036965489387512,-0.21230505406856537,-0.11801110208034515,-0.48921874165534973,-0.13785520195960999,-0.19805298745632172,-0.6780338883399963,-0.25056394934654236,0.23772479593753815,-0.9370785355567932,-0.2752234637737274,-0.18912945687770844,-0.9128095507621765,-0.34788697957992554,0.10681279748678207,0.0033582355827093124,0.009216289967298508,-0.10702313482761383,-0.003903268836438656,-0.00814081821590662,0.1016065925359726,0.4247874617576599,-0.02447296679019928,-0.1522151380777359,0.3950837552547455,-0.03229968249797821,0.1675138771533966,0.7847952842712402,0.05484199523925781,-0.1692628115415573,0.7736337780952454,0.04804990440607071
246,0.016510458663105965,-0.6061123609542847,-0.2859688401222229,0.15362852811813354,-0.4851841926574707,-0.1378268450498581,0.22138486802577972,-0.7037198543548584,-0.21728923916816711,-0.11722619086503983,-0.4885157346725464,-0.1503501534461975,-0.19813071191310883,-0.6759964823722839,-0.27072665095329285,0.23830340802669525,-0.9369485378265381,-0.2788023054599762,-0.18910790979862213,-0.9106663465499878,-0.3769775331020355,0.10680139809846878,0.0032799923792481422,0.009369347244501114,-0.10701451450586319,-0.003824496641755104,-0.008290309458971024,0.10209596157073975,0.4247589409351349,-0.023454654961824417,-0.15207041800022125,0.39521297812461853,-0.032254625111818314,0.16768017411231995,0.7848860025405884,0.056463826447725296,-0.16922500729560852,0.7744978666305542,0.048265326768159866
247,0.017064329236745834,-0.6060172915458679,-0.2871585190296173,0.15417230129241943,-0.4849761128425598,-0.13981662690639496,0.22306418418884277,-0.7035850882530212,-0.219294935464859,-0.11694925278425217,-0.4882388114929199,-0.1507192850112915,-0.19838880002498627,-0.6734116077423096,-0.2710864841938019,0.24070076644420624,-0.9368692636489868,-0.2793772220611572,-0.1891946643590927,-0.9085540175437927,-0.37922194600105286,0.10680048167705536,0.003263917053118348,0.009159678593277931,-0.10701488703489304,-0.0038082178216427565,-0.008075803518295288,0.10139515995979309,0.424832820892334,-0.024538878351449966,-0.1524181216955185,0.39494261145591736,-0.03206289932131767,0.16639763116836548,0.7855180501937866,0.05466417223215103,-0.17121370136737823,0.7738151550292969,0.04860541224479675
248,0.01708058826625347,-0.6059671640396118,-0.2886013388633728,0.15408283472061157,-0.4849745035171509,-0.14030160009860992,0.2228745073080063,-0.703640878200531,-0.22061385214328766,-0.11692377179861069,-0.4874880611896515,-0.15413133800029755,-0.19830426573753357,-0.672509491443634,-0.27857160568237305,0.24062880873680115,-0.9371813535690308,-0.28221866488456726,-0.1892012059688568,-0.9084118008613586,-0.388466477394104,0.10680434107780457,0.0032065650448203087,0.009713765233755112,-0.10701875388622284,-0.0037510457914322615,-0.008635428734123707,0.10151585936546326,0.42511385679244995,-0.022787531837821007,-0.15195220708847046,0.3951418995857239,-0.032561879605054855,0.16734182834625244,0.7863408327102661,0.05637820065021515,-0.17072932422161102,0.7742193341255188,0.048735398799180984
249,0.017281893640756607,-0.6057701706886292,-0.2882930338382721,0.1547112762928009,-0.48500266671180725,-0.14025384187698364,0.223273366689682,-0.7034755349159241,-0.2208717316389084,-0.1167503148317337,-0.48747363686561584,-0.1538931131362915,-0.19861997663974762,-0.6721017360687256,-0.27797213196754456,0.24202662706375122,-0.9368130564689636,-0.2826291620731354,-0.18974345922470093,-0.9074562788009644,-0.38730233907699585,0.10681299865245819,0.0031922818161547184,0.009744349867105484,-0.1070270761847496,-0.0037362982984632254,-0.0086635397747159,0.1015191525220871,0.4253383278846741,-0.023518431931734085,-0.15237940847873688,0.39480581879615784,-0.03288549184799194,0.16737863421440125,0.7868252396583557,0.054395027458667755,-0.17169733345508575,0.7736214995384216,0.048616837710142136
250,0.017367711290717125,-0.6057290434837341,-0.28798988461494446,0.1545814424753189,-0.4846707284450531,-0.14005398750305176,0.22269079089164734,-0.7034754753112793,-0.22072090208530426,-0.11670901626348495,-0.48770278692245483,-0.15326009690761566,-0.19837012887001038,-0.6746077537536621,-0.27506840229034424,0.2419663965702057,-0.936813473701477,-0.2823463976383209,-0.18961705267429352,-0.9092965722084045,-0.38136208057403564,0.10679912567138672,0.003186476184055209,0.009698089212179184,-0.10701227933168411,-0.0037312465719878674,-0.00861620344221592,0.10176979005336761,0.42565569281578064,-0.023950671777129173,-0.15195830166339874,0.3952683210372925,-0.03284811973571777,0.16938535869121552,0.7876895666122437,0.05319875106215477,-0.1690031737089157,0.7743063569068909,0.04856173321604729
251,0.016908328980207443,-0.6054485440254211,-0.28845056891441345,0.15470243990421295,-0.484640896320343,-0.14227312803268433,0.22266727685928345,-0.7033354640007019,-0.22281211614608765,-0.11665182560682297,-0.4879594147205353,-0.15266531705856323,-0.19879449903964996,-0.6751147508621216,-0.2690076529979706,0.24145275354385376,-0.9367562532424927,-0.28275471925735474,-0.18976140022277832,-0.9096462726593018,-0.3736577332019806,0.10680554062128067,0.003173430683091283,0.008521908894181252,-0.10701976716518402,-0.0037183058448135853,-0.007438558619469404,0.10137146711349487,0.4256136119365692,-0.025775711983442307,-0.1521477997303009,0.3958462178707123,-0.03025778941810131,0.16923236846923828,0.787727415561676,0.05203597992658615,-0.16894565522670746,0.7752750515937805,0.049773477017879486
252,0.016476120799779892,-0.6058354377746582,-0.27829504013061523,0.1523686945438385,-0.48510101437568665,-0.1318618357181549,0.21265240013599396,-0.7025718092918396,-0.21386632323265076,-0.11929617077112198,-0.4879544973373413,-0.13891436159610748,-0.20360420644283295,-0.6747826933860779,-0.24717214703559875,0.23474907875061035,-0.9360982775688171,-0.27655544877052307,-0.1896999627351761,-0.9096689820289612,-0.3422788679599762,0.10687840729951859,0.0029193758964538574,0.008502917364239693,-0.10709646344184875,-0.003476748475804925,-0.007416590582579374,0.09973671287298203,0.4254325330257416,-0.02566288597881794,-0.15377286076545715,0.39569684863090515,-0.031038088724017143,0.1600356101989746,0.7874820828437805,0.05200232192873955,-0.17186227440834045,0.7752349376678467,0.046430736780166626
253,0.01636841893196106,-0.6026292443275452,-0.27855184674263,0.1524379998445511,-0.48387184739112854,-0.13222622871398926,0.21197348833084106,-0.7010987997055054,-0.2240346074104309,-0.11849748343229294,-0.48804476857185364,-0.1433040052652359,-0.19749480485916138,-0.6800856590270996,-0.2648046016693115,0.23486384749412537,-0.9342291951179504,-0.29957351088523865,-0.188598170876503,-0.9132850766181946,-0.3602709174156189,0.1069057360291481,0.003114890307188034,0.008827521465718746,-0.10712585598230362,-0.00366411916911602,-0.007762548979371786,0.09924086183309555,0.4261661171913147,-0.025458240881562233,-0.15426239371299744,0.39578428864479065,-0.033474795520305634,0.15983739495277405,0.7875398397445679,0.051576659083366394,-0.17397743463516235,0.7752231359481812,0.043363213539123535
254,0.016155174002051353,-0.6054314374923706,-0.26844730973243713,0.1520155519247055,-0.48672354221343994,-0.12066254764795303,0.21081386506557465,-0.7055079340934753,-0.1985790878534317,-0.11862845718860626,-0.49050629138946533,-0.1363336443901062,-0.19760386645793915,-0.6866547465324402,-0.24839960038661957,0.234819233417511,-0.939767599105835,-0.26096585392951965,-0.1889205425977707,-0.9187430143356323,-0.33725714683532715,0.10690359026193619,0.0031141508370637894,0.009114814922213554,-0.10712402313947678,-0.0036643731873482466,-0.008041291497647762,0.09929468482732773,0.42622098326683044,-0.024685082957148552,-0.15429140627384186,0.3958474397659302,-0.03477059677243233,0.1603882759809494,0.7875534296035767,0.05163079872727394,-0.1737890988588333,0.7758089900016785,0.040695808827877045
255,0.014070430770516396,-0.6080162525177002,-0.2651374638080597,0.15109172463417053,-0.4867125451564789,-0.11914461106061935,0.21001897752285004,-0.7030649185180664,-0.2010304480791092,-0.11883934587240219,-0.49077659845352173,-0.13323825597763062,-0.1976291984319687,-0.6868612170219421,-0.2463746964931488,0.2342408299446106,-0.9328468441963196,-0.2634963393211365,-0.1892743855714798,-0.9191675186157227,-0.33774232864379883,0.10683378577232361,0.0031246175058186054,0.009147192351520061,-0.1070525050163269,-0.003673940198495984,-0.008073457516729832,0.09921877086162567,0.4260629415512085,-0.021727154031395912,-0.15417823195457458,0.39582404494285583,-0.03465570881962776,0.16051700711250305,0.7861139178276062,0.05665015056729317,-0.17377689480781555,0.7756043672561646,0.04196261242032051
