FrameNo,head_x,head_y,head_z,left_shoulder_x,left_shoulder_y,left_shoulder_z,left_elbow_x,left_elbow_y,left_elbow_z,right_shoulder_x,right_shoulder_y,right_shoulder_z,right_elbow_x,right_elbow_y,right_elbow_z,left_hand_x,left_hand_y,left_hand_z,right_hand_x,right_hand_y,right_hand_z,left_hip_x,left_hip_y,left_hip_z,right_hip_x,right_hip_y,right_hip_z,left_knee_x,left_knee_y,left_knee_z,right_knee_x,right_knee_y,right_knee_z,left_foot_x,left_foot_y,left_foot_z,right_foot_x,right_foot_y,right_foot_z
0,-0.04671197012066841,-0.41703951358795166,-0.44706496596336365,0.10715647786855698,-0.4775334894657135,-0.1786097288131714,0.18060001730918884,-0.4147825241088867,0.02952897734940052,-0.17413610219955444,-0.47283071279525757,-0.2055986523628235,-0.2698891758918762,-0.4057183265686035,0.036893755197525024,0.2248298078775406,-0.28255459666252136,0.1989654004573822,-0.25192996859550476,-0.23660637438297272,0.16693997383117676,0.10868313163518906,-5.05298376083374e-05,0.003970325458794832,-0.10983958095312119,-0.001154474914073944,-0.002482405863702297,0.1463509202003479,0.40643975138664246,-0.055304571986198425,-0.12465518712997437,0.3637236952781677,-0.08413900434970856,0.21817612648010254,0.7560550570487976,-0.04382525011897087,-0.14448195695877075,0.7611649036407471,-0.0710284560918808
1,-0.04668859764933586,-0.41907063126564026,-0.4241023063659668,0.1071576327085495,-0.4776803255081177,-0.16553355753421783,0.1614878624677658,-0.4084007143974304,0.033614352345466614,-0.1728174388408661,-0.4702930450439453,-0.18648263812065125,-0.26728054881095886,-0.401339590549469,0.05300786346197128,0.2012101411819458,-0.28935015201568604,0.20020240545272827,-0.26006218791007996,-0.23749054968357086,0.18514350056648254,0.10919603705406189,-0.00043397917761467397,0.004019674379378557,-0.11028613895177841,-0.0007776497513987124,-0.0025024116039276123,0.14629828929901123,0.40483057498931885,-0.0640760287642479,-0.11634029448032379,0.3649403154850006,-0.0921621322631836,0.21971654891967773,0.7560175061225891,-0.045758143067359924,-0.14384813606739044,0.761219322681427,-0.07433778792619705
2,-0.044825900346040726,-0.41997426748275757,-0.39192041754722595,0.1109580397605896,-0.47110050916671753,-0.15951842069625854,0.1519497036933899,-0.3999575078487396,0.030020974576473236,-0.16945263743400574,-0.4502016305923462,-0.16708603501319885,-0.2571825087070465,-0.3814862370491028,0.06474905461072922,0.19237451255321503,-0.29502367973327637,0.1831696778535843,-0.25974851846694946,-0.2422546148300171,0.19525524973869324,0.11022651195526123,-0.0013690362684428692,0.004008041229099035,-0.1111958846449852,0.00016784163017291576,-0.002458667615428567,0.14433610439300537,0.40472182631492615,-0.06612219661474228,-0.10961644351482391,0.36969810724258423,-0.08731012791395187,0.21676841378211975,0.7615848183631897,-0.044969674199819565,-0.12865735590457916,0.7616081833839417,-0.05813506618142128
3,-0.0447523295879364,-0.4276183843612671,-0.37608909606933594,0.11326533555984497,-0.46928343176841736,-0.15313012897968292,0.14955903589725494,-0.4000588655471802,0.034254610538482666,-0.16778619587421417,-0.44816529750823975,-0.14902526140213013,-0.25562354922294617,-0.38149750232696533,0.09044661372900009,0.19084203243255615,-0.3104027211666107,0.20096735656261444,-0.2616971433162689,-0.25609290599823,0.23723480105400085,0.1106143370270729,-0.0016032664570957422,0.0036575719714164734,-0.11155550926923752,0.0004132633039262146,-0.0020372860599309206,0.1411464959383011,0.4047377109527588,-0.06580215692520142,-0.10314091295003891,0.3710291087627411,-0.08716825395822525,0.21649591624736786,0.7624382376670837,-0.0367642305791378,-0.1253010332584381,0.7616173028945923,-0.05371153727173805
4,-0.044562000781297684,-0.4437915086746216,-0.3326726257801056,0.11359990388154984,-0.4760332703590393,-0.11692063510417938,0.14182835817337036,-0.40324127674102783,0.07130417972803116,-0.16740933060646057,-0.4488878548145294,-0.11111123859882355,-0.2557106912136078,-0.3833320736885071,0.12614665925502777,0.1842840015888214,-0.324256032705307,0.24637144804000854,-0.2667807936668396,-0.27429649233818054,0.2771097719669342,0.1108301654458046,-0.0019167836289852858,0.0027403177227824926,-0.11174457520246506,0.0007441904162988067,-0.0010461965575814247,0.13660749793052673,0.4059918224811554,-0.06581909954547882,-0.1037217453122139,0.3722842037677765,-0.08574297279119492,0.21539048850536346,0.7633916735649109,-0.03208976611495018,-0.12550915777683258,0.7615469098091125,-0.049688920378685
5,-0.04525104537606239,-0.44764211773872375,-0.33471640944480896,0.11215890198945999,-0.47748419642448425,-0.11614657938480377,0.1336851269006729,-0.4034629166126251,0.07039882242679596,-0.16752932965755463,-0.4495784044265747,-0.11311721801757812,-0.2563125789165497,-0.38568511605262756,0.12379015982151031,0.18029597401618958,-0.32604652643203735,0.239845409989357,-0.27464979887008667,-0.27636009454727173,0.26994994282722473,0.11109786480665207,-0.002189375227317214,0.00249205669388175,-0.11198967695236206,0.0010202656267210841,-0.0007597526418976486,0.13533270359039307,0.40675967931747437,-0.06602703779935837,-0.10445138067007065,0.37397342920303345,-0.08384869247674942,0.21446837484836578,0.7649896144866943,-0.03232445940375328,-0.12881381809711456,0.763009250164032,-0.04979564622044563
6,-0.04411965236067772,-0.4491926431655884,-0.3436305820941925,0.11213405430316925,-0.47872090339660645,-0.11923138052225113,0.1360442042350769,-0.40500980615615845,0.06988506764173508,-0.16861753165721893,-0.4505887031555176,-0.12030363827943802,-0.26263585686683655,-0.38622409105300903,0.11596740037202835,0.18152645230293274,-0.3240877389907837,0.23874026536941528,-0.2763179838657379,-0.275726318359375,0.26033103466033936,0.11137694865465164,-0.002526847878471017,0.0024940085131675005,-0.11224503815174103,0.001366956508718431,-0.0007509696297347546,0.13413487374782562,0.4064040780067444,-0.06663825362920761,-0.10443401336669922,0.3739751875400543,-0.08417385071516037,0.21363219618797302,0.7642924189567566,-0.032829731702804565,-0.12672749161720276,0.76177978515625,-0.050268448889255524
7,-0.041196271777153015,-0.46203652024269104,-0.32916948199272156,0.11202079057693481,-0.48807644844055176,-0.10658755898475647,0.1363278031349182,-0.411847323179245,0.08196704089641571,-0.1686074584722519,-0.459322988986969,-0.11015192419290543,-0.26271215081214905,-0.3920861780643463,0.11846895515918732,0.1814122349023819,-0.32797226309776306,0.24724841117858887,-0.27577853202819824,-0.27591606974601746,0.25985679030418396,0.111517034471035,-0.002740228082984686,0.0024770910385996103,-0.11236687004566193,0.0015821238048374653,-0.0007220953120850027,0.13375920057296753,0.406549334526062,-0.0674334168434143,-0.10433795303106308,0.374157577753067,-0.08412997424602509,0.21304823458194733,0.7647355794906616,-0.03512222692370415,-0.12407170981168747,0.7617747187614441,-0.05066639184951782
8,-0.03930594027042389,-0.48094338178634644,-0.30942147970199585,0.11257855594158173,-0.4965575933456421,-0.08986660093069077,0.1391558200120926,-0.41880691051483154,0.0977715328335762,-0.16789153218269348,-0.4728250503540039,-0.08827371150255203,-0.2616805136203766,-0.4049234092235565,0.14308176934719086,0.18646489083766937,-0.33556824922561646,0.26887619495391846,-0.27569350600242615,-0.28379788994789124,0.28657475113868713,0.11155835539102554,-0.0027859602123498917,0.002169755520299077,-0.1124093309044838,0.0016286029713228345,-0.0003911899111699313,0.134602352976799,0.40718793869018555,-0.06786689162254333,-0.1044633537530899,0.3749637305736542,-0.08408717811107635,0.21437841653823853,0.7647229433059692,-0.03377768397331238,-0.12478712201118469,0.7625722289085388,-0.05054265260696411
9,-0.039814382791519165,-0.5096119046211243,-0.28913164138793945,0.11333320289850235,-0.49930626153945923,-0.07560396939516068,0.14183393120765686,-0.4204299747943878,0.10341241955757141,-0.1657341718673706,-0.48744523525238037,-0.06827365607023239,-0.2590220272541046,-0.42063623666763306,0.160684272646904,0.19313740730285645,-0.33815962076187134,0.26832491159439087,-0.27543216943740845,-0.2875499725341797,0.2973492741584778,0.11168404668569565,-0.002504706848412752,0.002016582526266575,-0.11250759661197662,0.0013579028891399503,-0.00020792959548998624,0.13578349351882935,0.40762946009635925,-0.0718642994761467,-0.10693196207284927,0.37652286887168884,-0.0841810554265976,0.21433711051940918,0.7686378955841064,-0.041074205189943314,-0.12970657646656036,0.7661316394805908,-0.055193766951560974
10,-0.044914282858371735,-0.519612729549408,-0.29703396558761597,0.11327436566352844,-0.49873650074005127,-0.08183737099170685,0.1476011425256729,-0.42618033289909363,0.1011388972401619,-0.1651490181684494,-0.4895678460597992,-0.07491638511419296,-0.2565891742706299,-0.4291481673717499,0.1561151146888733,0.1971086710691452,-0.3406755030155182,0.2660778760910034,-0.27531081438064575,-0.2939339578151703,0.295280396938324,0.11171962320804596,-0.0020720495376735926,0.0018292181193828583,-0.1125371903181076,0.0009468322386965156,-2.1147401639609598e-05,0.1359833925962448,0.4081328511238098,-0.07246660441160202,-0.10957502573728561,0.37657588720321655,-0.08397258073091507,0.21273967623710632,0.769722580909729,-0.04132084548473358,-0.13396018743515015,0.766171932220459,-0.05523573234677315
11,-0.04493948817253113,-0.5269898176193237,-0.29814413189888,0.1123974546790123,-0.49891501665115356,-0.08502067625522614,0.151094451546669,-0.4273664951324463,0.09965090453624725,-0.1660774052143097,-0.49164360761642456,-0.07858666032552719,-0.2583759129047394,-0.43035364151000977,0.1524684876203537,0.20064687728881836,-0.34049418568611145,0.2657572627067566,-0.27513885498046875,-0.294820100069046,0.29193127155303955,0.11175313591957092,-0.0020090751349925995,0.0018494417890906334,-0.1125667467713356,0.0008836007327772677,-3.648009442258626e-05,0.1376551240682602,0.4081403613090515,-0.07243088632822037,-0.11322934180498123,0.3772602677345276,-0.08230923116207123,0.21262617409229279,0.7699623703956604,-0.04093232378363609,-0.1371881514787674,0.7666659355163574,-0.05273636803030968
12,-0.049360159784555435,-0.5343737602233887,-0.29661715030670166,0.11259803175926208,-0.49908462166786194,-0.08232437074184418,0.1687072515487671,-0.430312842130661,0.09957796335220337,-0.16658222675323486,-0.49763548374176025,-0.07831992954015732,-0.25713032484054565,-0.43873220682144165,0.15046778321266174,0.20350615680217743,-0.3405536115169525,0.26829832792282104,-0.26581525802612305,-0.2998872995376587,0.28078657388687134,0.11175309121608734,-0.0015746784629300237,0.0019362326711416245,-0.11255530267953873,0.00046444591134786606,-0.00011825287947431207,0.13570722937583923,0.4089236557483673,-0.06819102168083191,-0.11264815181493759,0.3769914209842682,-0.0807427391409874,0.2116822898387909,0.7660089731216431,-0.030951015651226044,-0.1291695535182953,0.7648884654045105,-0.048361726105213165
13,-0.05489739775657654,-0.5296570062637329,-0.29853421449661255,0.10976023972034454,-0.49894824624061584,-0.08149629086256027,0.16716274619102478,-0.43014612793922424,0.10257670283317566,-0.17038771510124207,-0.4966689646244049,-0.07866273820400238,-0.25948047637939453,-0.43719831109046936,0.1492684930562973,0.20024150609970093,-0.332747220993042,0.2739088833332062,-0.26596567034721375,-0.298757404088974,0.28048619627952576,0.11174847930669785,-0.0014342984650284052,0.0020957402884960175,-0.1125408411026001,0.00033029646147042513,-0.0002723957586567849,0.1344083547592163,0.40920594334602356,-0.0680953860282898,-0.11236572265625,0.37687352299690247,-0.08169516175985336,0.21165910363197327,0.7660540342330933,-0.0313757061958313,-0.1289728730916977,0.7646688222885132,-0.0495903454720974
14,-0.0588773638010025,-0.5440614223480225,-0.25591200590133667,0.10999656468629837,-0.5005963444709778,-0.052900902926921844,0.1717698872089386,-0.4303128719329834,0.12860897183418274,-0.17304153740406036,-0.49886494874954224,-0.05236121639609337,-0.265381783246994,-0.4387550950050354,0.16222818195819855,0.19832950830459595,-0.33346813917160034,0.30243366956710815,-0.26605403423309326,-0.3021105229854584,0.2836553156375885,0.11175684630870819,-0.0011834800243377686,0.0021045212633907795,-0.11254163831472397,0.0001081670488929376,-0.0002870060270652175,0.13116805255413055,0.40958017110824585,-0.059718161821365356,-0.1124231368303299,0.3767775893211365,-0.07518502324819565,0.20759908854961395,0.76507568359375,-0.01247019786387682,-0.12915927171707153,0.7623587250709534,-0.030032901093363762
15,-0.06084626913070679,-0.5524132251739502,-0.25357115268707275,0.10389292985200882,-0.5004338622093201,-0.0459444597363472,0.17241589725017548,-0.4319399297237396,0.13713236153125763,-0.18329021334648132,-0.4985220730304718,-0.052162058651447296,-0.2805514335632324,-0.4381066560745239,0.1623711735010147,0.19840355217456818,-0.33237364888191223,0.3013007640838623,-0.2699529230594635,-0.29812419414520264,0.28142982721328735,0.11181937158107758,-0.0012445460306480527,0.0028306259773671627,-0.11258744448423386,0.00018293822358828038,-0.0010159409139305353,0.12791143357753754,0.4106611907482147,-0.05966958403587341,-0.11490529775619507,0.37800705432891846,-0.0753224641084671,0.20656535029411316,0.7653684616088867,-0.013809389434754848,-0.12976519763469696,0.7630047798156738,-0.031353194266557693
16,-0.06084028258919716,-0.5563374161720276,-0.2602008283138275,0.10409829020500183,-0.5002998113632202,-0.050403982400894165,0.17514383792877197,-0.43327146768569946,0.13323989510536194,-0.18422147631645203,-0.49825406074523926,-0.05297565832734108,-0.27948591113090515,-0.4376991093158722,0.15230007469654083,0.19750367105007172,-0.33209940791130066,0.298395574092865,-0.26559147238731384,-0.2963516414165497,0.26268845796585083,0.11209163814783096,-0.0012352298945188522,0.0034363281447440386,-0.11284639686346054,0.00017484137788414955,-0.0015989209059625864,0.12929478287696838,0.4098854959011078,-0.059833623468875885,-0.11488161236047745,0.37731611728668213,-0.07510237395763397,0.20715726912021637,0.7653862237930298,-0.016993992030620575,-0.1308288276195526,0.7593309879302979,-0.032604798674583435
17,-0.06596873700618744,-0.5621286630630493,-0.25773724913597107,0.10124776512384415,-0.5046671628952026,-0.049287330359220505,0.17484234273433685,-0.43934258818626404,0.13114695250988007,-0.1880301684141159,-0.5007561445236206,-0.05349166691303253,-0.28433772921562195,-0.4429575502872467,0.14927168190479279,0.18988412618637085,-0.33799174427986145,0.2952713370323181,-0.26591363549232483,-0.3026528060436249,0.25329625606536865,0.11210796236991882,-0.0012468477943912148,0.0035128844901919365,-0.11285404115915298,0.00018966131028719246,-0.0016774984542280436,0.12845201790332794,0.40990230441093445,-0.0501638762652874,-0.11524665355682373,0.3772727847099304,-0.0679326131939888,0.20718039572238922,0.7620675563812256,-0.003223394975066185,-0.1312333047389984,0.7577298283576965,-0.019432272762060165
18,-0.06735669821500778,-0.5599929094314575,-0.23758509755134583,0.10145255923271179,-0.5044754147529602,-0.0343523770570755,0.18069088459014893,-0.4392050504684448,0.14303359389305115,-0.18808098137378693,-0.4996444582939148,-0.04088260605931282,-0.2849213778972626,-0.4287867844104767,0.15398836135864258,0.19092978537082672,-0.3341044783592224,0.29823610186576843,-0.26248618960380554,-0.28232747316360474,0.24982823431491852,0.11231543868780136,-0.0012423330917954445,0.00373198208399117,-0.11305320262908936,0.00019055795564781874,-0.0019192986655980349,0.12849512696266174,0.40952184796333313,-0.05398162454366684,-0.11519932001829147,0.37720987200737,-0.07068294286727905,0.2086339145898819,0.760797917842865,-0.018173791468143463,-0.13243751227855682,0.7579287886619568,-0.029087821021676064
19,-0.07156714797019958,-0.5754906535148621,-0.22700907289981842,0.09763205796480179,-0.5059136152267456,-0.02782544679939747,0.1794653832912445,-0.4396269619464874,0.14858095347881317,-0.19330939650535583,-0.5004715919494629,-0.03470556065440178,-0.2896420359611511,-0.43050676584243774,0.15752626955509186,0.18893451988697052,-0.33659711480140686,0.3071448504924774,-0.2676341235637665,-0.2890866994857788,0.2505849301815033,0.11233526468276978,-0.0013720636488869786,0.003843694692477584,-0.11306335031986237,0.00033540319418534636,-0.002035074168816209,0.12785357236862183,0.40954315662384033,-0.04804636165499687,-0.11595121026039124,0.37779462337493896,-0.06404461711645126,0.20667697489261627,0.760197639465332,-0.0026316847652196884,-0.13220016658306122,0.757373034954071,-0.014598403126001358
20,-0.07313390076160431,-0.5909597873687744,-0.1655878722667694,0.09688286483287811,-0.5094924569129944,0.025656992569565773,0.17916534841060638,-0.43821603059768677,0.18466216325759888,-0.19388671219348907,-0.5007389783859253,0.011120694689452648,-0.2893497943878174,-0.41801121830940247,0.1814248263835907,0.18941748142242432,-0.3357120454311371,0.3124096691608429,-0.26177310943603516,-0.27987825870513916,0.25509050488471985,0.11245538294315338,-0.001537541626021266,0.003934883046895266,-0.11317026615142822,0.0005378658534027636,-0.0021392435301095247,0.12789849936962128,0.40899619460105896,-0.0497395321726799,-0.1173219084739685,0.3796898126602173,-0.06389456987380981,0.2070956528186798,0.7606980800628662,-0.010265793651342392,-0.1359623521566391,0.7609267234802246,-0.018405694514513016
21,-0.0770636796951294,-0.5986626148223877,-0.17054931819438934,0.09021489322185516,-0.5113248229026794,0.023587370291352272,0.17597991228103638,-0.4376508295536041,0.19180288910865784,-0.20004336535930634,-0.5005362629890442,0.007516753394156694,-0.2917889952659607,-0.4117218554019928,0.18290327489376068,0.18704074621200562,-0.3341013789176941,0.32429805397987366,-0.262042760848999,-0.27580639719963074,0.2572360932826996,0.1124686598777771,-0.0018358780071139336,0.004332058597356081,-0.11317657679319382,0.0008657574071548879,-0.002551029436290264,0.12759095430374146,0.4089758098125458,-0.04844428226351738,-0.11855170130729675,0.3803853988647461,-0.06202825531363487,0.20503509044647217,0.7610858082771301,-0.00852895900607109,-0.1378411054611206,0.7613585591316223,-0.018195126205682755
22,-0.07962912321090698,-0.600731372833252,-0.1480172872543335,0.08837639540433884,-0.5126768946647644,0.03780364990234375,0.16706162691116333,-0.4290649890899658,0.1991569548845291,-0.19966448843479156,-0.5003275275230408,0.028978660702705383,-0.2775348126888275,-0.39853334426879883,0.19955164194107056,0.1800725907087326,-0.3286280632019043,0.3279116749763489,-0.2510787546634674,-0.26531606912612915,0.273867130279541,0.11246953159570694,-0.002068587113171816,0.0041619655676186085,-0.11317691951990128,0.0011230026138946414,-0.0024125450290739536,0.1275923103094101,0.4088325500488281,-0.0462561696767807,-0.11862576007843018,0.382274329662323,-0.05704859644174576,0.20396941900253296,0.7611359357833862,-0.0014147278852760792,-0.13622693717479706,0.7628269195556641,-0.012797428295016289
23,-0.09399434924125671,-0.6000601053237915,-0.19635194540023804,0.08429326117038727,-0.5154560208320618,-0.007880406454205513,0.15968050062656403,-0.428729385137558,0.16316218674182892,-0.20141708850860596,-0.5002956986427307,0.001629244303330779,-0.2685481011867523,-0.40059468150138855,0.19638848304748535,0.18029148876667023,-0.33163899183273315,0.3115929663181305,-0.2510146200656891,-0.2769412696361542,0.284281849861145,0.11238325387239456,-0.0021430826745927334,0.003226211527362466,-0.11308944225311279,0.0011929008178412914,-0.001483267406001687,0.1283540576696396,0.40967050194740295,-0.04331672936677933,-0.12003197520971298,0.38402894139289856,-0.04247455671429634,0.20407836139202118,0.7619616985321045,0.007547697518020868,-0.13609068095684052,0.7630234360694885,0.006636092439293861
24,-0.12054901570081711,-0.5968126654624939,-0.22303080558776855,0.08355794101953506,-0.5081296563148499,-0.07027846574783325,0.15674450993537903,-0.41364243626594543,0.10350027680397034,-0.19845391809940338,-0.49256280064582825,-0.022903254255652428,-0.2518309950828552,-0.39407700300216675,0.19373148679733276,0.18010948598384857,-0.32924124598503113,0.2750466465950012,-0.24982081353664398,-0.27485162019729614,0.303533136844635,0.11224070936441422,-0.002236033324152231,-0.00259678578004241,-0.11297504603862762,0.0012749540619552135,0.004374049138277769,0.12822149693965912,0.40965941548347473,-0.04601896181702614,-0.11685764044523239,0.38403773307800293,-0.03965667635202408,0.20906192064285278,0.762229323387146,0.006111383903771639,-0.12991628050804138,0.7624534368515015,0.00839595589786768
25,-0.11666405200958252,-0.5901907086372375,-0.26676055788993835,0.07948752492666245,-0.5062621831893921,-0.07474703341722488,0.15798138082027435,-0.39818745851516724,0.10376780480146408,-0.2034558653831482,-0.4704362452030182,-0.04819078743457794,-0.2441938817501068,-0.3544251024723053,0.17892473936080933,0.18309259414672852,-0.2942880690097809,0.2582358121871948,-0.2501315176486969,-0.26062530279159546,0.2998722195625305,0.11219610273838043,-0.0023918224032968283,-0.004219281952828169,-0.11293431371450424,0.0014301992487162352,0.0059379409067332745,0.12759292125701904,0.41024166345596313,-0.041216716170310974,-0.11771989613771439,0.38468509912490845,-0.030292296782135963,0.20940548181533813,0.7619792819023132,0.023282097652554512,-0.13001024723052979,0.761232852935791,0.02886846475303173
26,-0.12350413203239441,-0.5718737840652466,-0.2877177596092224,0.07487663626670837,-0.5035359263420105,-0.0919899120926857,0.1595756560564041,-0.3827509880065918,0.08667163550853729,-0.2069922387599945,-0.46472856402397156,-0.054790738970041275,-0.23797325789928436,-0.3427298963069916,0.17531627416610718,0.1831575632095337,-0.2648526728153229,0.2400420904159546,-0.25027742981910706,-0.24845530092716217,0.2981640696525574,0.11203517764806747,-0.0025430317036807537,-0.005915740039199591,-0.11279205232858658,0.0015890815993770957,0.007533283904194832,0.13024377822875977,0.410259872674942,-0.03443453460931778,-0.1179831400513649,0.3847142457962036,-0.0230712927877903,0.21350416541099548,0.755369246006012,0.03772180899977684,-0.1300957053899765,0.7609665989875793,0.041234586387872696
27,-0.1328146606683731,-0.5752598643302917,-0.2740395665168762,0.06431854516267776,-0.5031685829162598,-0.08126890659332275,0.16904321312904358,-0.3838966190814972,0.08554119616746902,-0.22037366032600403,-0.46301329135894775,-0.05072348564863205,-0.24048924446105957,-0.34018850326538086,0.17395076155662537,0.1915050745010376,-0.24575069546699524,0.2093556523323059,-0.24832108616828918,-0.22992072999477386,0.2816280424594879,0.11191198229789734,-0.0037769016344100237,-0.005780065432190895,-0.11266551911830902,0.0029033042956143618,0.007389418315142393,0.12989985942840576,0.41053441166877747,-0.0302823968231678,-0.11834686994552612,0.3864351212978363,-0.02511427365243435,0.21373194456100464,0.7551849484443665,0.03906995430588722,-0.12816525995731354,0.7614781260490417,0.03813052549958229
28,-0.12984082102775574,-0.5762733817100525,-0.27546989917755127,0.06524969637393951,-0.5003927946090698,-0.07839009910821915,0.18147647380828857,-0.37396106123924255,0.08174213021993637,-0.22487613558769226,-0.4541893005371094,-0.05673522874712944,-0.2357112318277359,-0.31621435284614563,0.15184392035007477,0.20510897040367126,-0.2313712239265442,0.18278978765010834,-0.2345636636018753,-0.21592919528484344,0.23876218497753143,0.11224354058504105,-0.004639622755348682,-0.005333971697837114,-0.11301971971988678,0.0038069169968366623,0.006921692285686731,0.13202574849128723,0.410416841506958,-0.022652434185147285,-0.11728218197822571,0.38674938678741455,-0.02565632574260235,0.21098913252353668,0.7536242008209229,0.05375494435429573,-0.1282314658164978,0.7617902755737305,0.04522453993558884
29,-0.1341795027256012,-0.5766662955284119,-0.28265517950057983,0.0658663809299469,-0.4967707395553589,-0.07664555311203003,0.1898230016231537,-0.36874064803123474,0.08393602073192596,-0.23654061555862427,-0.4521581530570984,-0.07044506818056107,-0.2407887578010559,-0.31083911657333374,0.12453027814626694,0.21832533180713654,-0.22577369213104248,0.17347219586372375,-0.23048661649227142,-0.18568889796733856,0.18393771350383759,0.11291979253292084,-0.005412842147052288,-0.00378692545928061,-0.11374271661043167,0.004613688215613365,0.005361554678529501,0.13336563110351562,0.40962785482406616,-0.021206244826316833,-0.1131095364689827,0.38763898611068726,-0.029784422367811203,0.2109207957983017,0.7536802887916565,0.05523338541388512,-0.12277430295944214,0.7620983123779297,0.042899854481220245
30,-0.14237980544567108,-0.5756009817123413,-0.24331435561180115,0.06980040669441223,-0.49664488434791565,-0.06606383621692657,0.20379111170768738,-0.34332698583602905,0.0405268594622612,-0.2357107400894165,-0.44595959782600403,-0.0413077250123024,-0.22158417105674744,-0.27827009558677673,0.12150835990905762,0.23046031594276428,-0.18155276775360107,0.03660792484879494,-0.21200044453144073,-0.1687905639410019,0.12496306747198105,0.11287898570299149,-0.006002066191285849,-0.004308138508349657,-0.11368154734373093,0.005296650342643261,0.005815084092319012,0.1374247670173645,0.4068080186843872,-0.02174411527812481,-0.11093384027481079,0.39157766103744507,-0.02141750045120716,0.21114152669906616,0.7537369132041931,0.06191213056445122,-0.1119985431432724,0.7638684511184692,0.06699966639280319
31,-0.14070670306682587,-0.5618600249290466,-0.22882817685604095,0.06539943069219589,-0.4993571639060974,-0.042264726012945175,0.2010558396577835,-0.32478928565979004,0.01867382973432541,-0.23454004526138306,-0.43936797976493835,-0.009824031963944435,-0.2230178266763687,-0.24731449782848358,0.09440755844116211,0.23306824266910553,-0.1399623602628708,-0.037589214742183685,-0.1781843900680542,-0.11940230429172516,0.02975098229944706,0.1109861359000206,-0.007215557154268026,-0.0042762658558785915,-0.11156772077083588,0.006646412890404463,0.005781195126473904,0.14160746335983276,0.40443700551986694,-0.02049466222524643,-0.10618473589420319,0.395070880651474,-0.021736858412623405,0.2116755098104477,0.7544936537742615,0.05945810303092003,-0.10315122455358505,0.771728515625,0.062061309814453125
32,-0.15433062613010406,-0.5543190836906433,-0.21516218781471252,0.06564328074455261,-0.49437570571899414,-0.045429155230522156,0.19993796944618225,-0.29568251967430115,-0.021443571895360947,-0.22997094690799713,-0.4387751817703247,-0.004010150674730539,-0.2239026129245758,-0.24906697869300842,0.07460056245326996,0.24147595465183258,-0.10018821805715561,-0.07940559834241867,-0.1817970722913742,-0.12336039543151855,-0.022044990211725235,0.10983336716890335,-0.007310471963137388,-0.004392882809042931,-0.11026015877723694,0.006784774363040924,0.00585950305685401,0.14343568682670593,0.40360596776008606,-0.02051379159092903,-0.10480624437332153,0.3963470757007599,-0.021122075617313385,0.21740315854549408,0.7574747204780579,0.058492209762334824,-0.09550956636667252,0.7753977179527283,0.059846386313438416
33,-0.15626095235347748,-0.5467934608459473,-0.21871498227119446,0.06555400788784027,-0.4912068843841553,-0.053803812712430954,0.19964103400707245,-0.2868433892726898,-0.037099845707416534,-0.22902630269527435,-0.43968161940574646,-0.007767026778310537,-0.23518016934394836,-0.2410629838705063,0.0451577864587307,0.2549162209033966,-0.07745793461799622,-0.10475551337003708,-0.20298026502132416,-0.0835534930229187,-0.08050838857889175,0.10929279774427414,-0.007315303664654493,-0.004376176744699478,-0.1096472218632698,0.006803798023611307,0.005828419700264931,0.14606790244579315,0.40349280834198,-0.022700246423482895,-0.10495930165052414,0.39830482006073,-0.021354608237743378,0.22091375291347504,0.7657448649406433,0.04849066957831383,-0.09258579462766647,0.7809524536132812,0.055780600756406784
34,-0.1801198422908783,-0.5441955327987671,-0.19908565282821655,0.05940106511116028,-0.49029341340065,-0.06030105799436569,0.1959860473871231,-0.2840386629104614,-0.0485253669321537,-0.22991815209388733,-0.44018223881721497,-0.00214262749068439,-0.25065186619758606,-0.22462701797485352,0.050093863159418106,0.25247833132743835,-0.07038687914609909,-0.11703453958034515,-0.22645975649356842,-0.03081412985920906,-0.07000409811735153,0.10878026485443115,-0.007345371413975954,-0.006222596857696772,-0.10912393033504486,0.006846840027719736,0.007572574075311422,0.147329643368721,0.40261194109916687,-0.02848004549741745,-0.10508701205253601,0.39904946088790894,-0.01877986453473568,0.22428421676158905,0.7671647667884827,0.03866869583725929,-0.08915945887565613,0.7805728316307068,0.055738724768161774
35,-0.18841657042503357,-0.5365164279937744,-0.23364891111850739,0.04966460168361664,-0.4853200316429138,-0.08319159597158432,0.18818140029907227,-0.2761685848236084,-0.055419180542230606,-0.2474435418844223,-0.4317401647567749,-0.03252077102661133,-0.27508631348609924,-0.20022641122341156,0.028103414922952652,0.25174078345298767,-0.06222149357199669,-0.1219194307923317,-0.2619432806968689,0.0064631011337041855,-0.07817670702934265,0.10879092663526535,-0.007467539049685001,-0.00620597368106246,-0.10914338380098343,0.006977701559662819,0.007554300595074892,0.14783385396003723,0.4022258222103119,-0.03493676334619522,-0.11086519062519073,0.4013999402523041,-0.018828101456165314,0.22491222620010376,0.7701056599617004,0.03220147639513016,-0.08995453268289566,0.7805148363113403,0.05533519387245178
36,-0.20895996689796448,-0.5257347822189331,-0.25171586871147156,0.04576059803366661,-0.47862088680267334,-0.12992030382156372,0.17631660401821136,-0.26763609051704407,-0.09840002655982971,-0.24637910723686218,-0.4248410165309906,-0.059408869594335556,-0.27198919653892517,-0.18478059768676758,0.023282090201973915,0.24462032318115234,-0.05611811578273773,-0.14799536764621735,-0.258154034614563,0.043454185128211975,-0.0614936426281929,0.10853932797908783,-0.007577274926006794,-0.007166230585426092,-0.10892312228679657,0.007090446539223194,0.008536510169506073,0.1485465168952942,0.402407705783844,-0.0376499779522419,-0.10966430604457855,0.40302133560180664,-0.01378354150801897,0.22972305119037628,0.7659986615180969,0.03564564883708954,-0.0906594917178154,0.7803058624267578,0.06928426772356033
37,-0.22338584065437317,-0.5203508734703064,-0.27470457553863525,0.03235766291618347,-0.47650566697120667,-0.14256352186203003,0.16887372732162476,-0.2726016044616699,-0.10636840760707855,-0.24946527183055878,-0.41590914130210876,-0.07118213921785355,-0.2705976366996765,-0.17659848928451538,0.018875014036893845,0.22511671483516693,-0.06591720879077911,-0.15766330063343048,-0.26514932513237,0.04668746143579483,-0.0622369758784771,0.10820917040109634,-0.00786274578422308,-0.007690914440900087,-0.10861562937498093,0.007384597323834896,0.009059755131602287,0.14820408821105957,0.4026145339012146,-0.03839254006743431,-0.11297988891601562,0.40442192554473877,-0.009840842336416245,0.22713173925876617,0.7659768462181091,0.035834163427352905,-0.09245656430721283,0.7801846265792847,0.0742691308259964
38,-0.23280014097690582,-0.522346019744873,-0.23586763441562653,0.03176295757293701,-0.4790044128894806,-0.13496842980384827,0.16672301292419434,-0.27715763449668884,-0.09224642068147659,-0.24791686236858368,-0.41418910026550293,-0.05940515920519829,-0.26978668570518494,-0.1707775741815567,0.024170348420739174,0.20633089542388916,-0.07364212721586227,-0.14172489941120148,-0.26355037093162537,0.04324575513601303,-0.05640796199440956,0.10788740962743759,-0.008488896302878857,-0.007912838831543922,-0.1083187609910965,0.00802701897919178,0.009275496006011963,0.15120311081409454,0.401668518781662,-0.038571976125240326,-0.10571140050888062,0.40553924441337585,-0.010153696872293949,0.2359483242034912,0.7619544267654419,0.036224011331796646,-0.08481918275356293,0.7812080979347229,0.07297737896442413
39,-0.24746035039424896,-0.5229108333587646,-0.19928397238254547,0.020159410312771797,-0.4806579649448395,-0.10211427509784698,0.1621336042881012,-0.2812729477882385,-0.083534374833107,-0.24939261376857758,-0.4122942090034485,-0.011535580269992352,-0.27485135197639465,-0.16051702201366425,0.06507471948862076,0.18021966516971588,-0.08579247444868088,-0.13700103759765625,-0.2725386917591095,0.04394952207803726,-0.023980507627129555,0.10704223066568375,-0.00905543752014637,-0.010211899876594543,-0.10748370736837387,0.00862110871821642,0.011538896709680557,0.14873157441616058,0.4016365110874176,-0.04101443290710449,-0.10572895407676697,0.40732935070991516,-0.009769600816071033,0.23539358377456665,0.7620862126350403,0.03089280053973198,-0.08384475111961365,0.7851802110671997,0.07186027616262436
40,-0.26207563281059265,-0.5250335335731506,-0.18469347059726715,0.011762179434299469,-0.4844304919242859,-0.0903688296675682,0.16126245260238647,-0.29613393545150757,-0.07724606990814209,-0.2545638382434845,-0.41042497754096985,0.0007065152167342603,-0.27955538034439087,-0.15788599848747253,0.06904460489749908,0.17029523849487305,-0.10933446139097214,-0.13719359040260315,-0.27608951926231384,0.03644004464149475,-0.02432771399617195,0.10672853142023087,-0.0100924763828516,-0.011708597652614117,-0.10718521475791931,0.009688049554824829,0.013004913926124573,0.14872172474861145,0.40156278014183044,-0.041325852274894714,-0.10557196289300919,0.4101807177066803,-0.00917026773095131,0.23639154434204102,0.7604023218154907,0.03214767202734947,-0.08292330056428909,0.7890217304229736,0.07311619073152542
41,-0.2752336859703064,-0.5258103013038635,-0.1436161994934082,0.00715692900121212,-0.4890766441822052,-0.06308989226818085,0.16082121431827545,-0.3070872128009796,-0.056841425597667694,-0.2545557916164398,-0.4100476801395416,0.035950105637311935,-0.2803387939929962,-0.1581152230501175,0.09502224624156952,0.1656886637210846,-0.12400156259536743,-0.13174937665462494,-0.27911484241485596,0.026534084230661392,-0.012533922679722309,0.10607217252254486,-0.010747221298515797,-0.01352874655276537,-0.10651189833879471,0.010378663428127766,0.014797559008002281,0.14871729910373688,0.4018037021160126,-0.04428400844335556,-0.10182767361402512,0.411549836397171,-0.009232616052031517,0.2401742935180664,0.7598888874053955,0.029268354177474976,-0.07633500546216965,0.7914248704910278,0.07269209623336792
42,-0.2694953680038452,-0.5337129235267639,-0.12185389548540115,0.007303609512746334,-0.49318927526474,-0.02904375083744526,0.16103413701057434,-0.3117406666278839,-0.02783460170030594,-0.25653818249702454,-0.41021186113357544,0.05353160202503204,-0.27961036562919617,-0.1597851663827896,0.08905036747455597,0.1625375896692276,-0.12868516147136688,-0.11449878662824631,-0.2771276831626892,0.003095044754445553,-0.05624139681458473,0.10594087839126587,-0.011533708311617374,-0.013254361227154732,-0.10635948926210403,0.011205307208001614,0.014503088779747486,0.14969487488269806,0.40181097388267517,-0.04449707642197609,-0.10154540836811066,0.41266992688179016,-0.013713845051825047,0.2422933131456375,0.7589192390441895,0.03667140379548073,-0.07358197122812271,0.7924544811248779,0.07244642078876495
43,-0.27388620376586914,-0.5364988446235657,-0.10110202431678772,0.005503308027982712,-0.4960183799266815,-0.01549089327454567,0.1612093299627304,-0.31542885303497314,-0.017592964693903923,-0.25742384791374207,-0.4103006422519684,0.0666022002696991,-0.27848201990127563,-0.1609218567609787,0.0876629501581192,0.1606517732143402,-0.13010139763355255,-0.101449154317379,-0.26566269993782043,-0.010755233466625214,-0.05861307680606842,0.10564905405044556,-0.012071025557816029,-0.013299735262989998,-0.1060386374592781,0.0117715485394001,0.014544109813869,0.14979368448257446,0.40099167823791504,-0.0440288707613945,-0.09794668853282928,0.4125767648220062,-0.013932755216956139,0.2440052181482315,0.7538377642631531,0.03906207159161568,-0.0706605538725853,0.7923300862312317,0.07231433689594269
44,-0.27539825439453125,-0.5365607142448425,-0.08067389577627182,0.0023095770739018917,-0.4956720769405365,0.0027833629865199327,0.15717767179012299,-0.31178411841392517,-0.006569351069629192,-0.2588796019554138,-0.4092442989349365,0.07940886914730072,-0.2776869833469391,-0.16106443107128143,0.08631023019552231,0.15592481195926666,-0.12599019706249237,-0.09300348162651062,-0.2547228932380676,-0.016468122601509094,-0.07614574581384659,0.10526200383901596,-0.012809831649065018,-0.012607879936695099,-0.10560982674360275,0.012536312453448772,0.013856873847544193,0.15042270720005035,0.40048497915267944,-0.04334205016493797,-0.09598591178655624,0.4125632643699646,-0.01681552268564701,0.24881547689437866,0.7516997456550598,0.04134143888950348,-0.06573080271482468,0.7924878001213074,0.07061044126749039
45,-0.2825997471809387,-0.532181978225708,-0.09237226098775864,-0.0001491193106630817,-0.49135512113571167,-0.005452856887131929,0.15571637451648712,-0.3026486933231354,-0.009315352886915207,-0.26179593801498413,-0.4072197377681732,0.07116304337978363,-0.2773793041706085,-0.15987272560596466,0.08508811146020889,0.15709921717643738,-0.11343526095151901,-0.09130221605300903,-0.2520086169242859,-0.015178313478827477,-0.07466520369052887,0.10513394325971603,-0.013055122457444668,-0.012334464117884636,-0.10547763109207153,0.012785471975803375,0.013588305562734604,0.1509031057357788,0.39968857169151306,-0.0432555228471756,-0.09477318823337555,0.4124290943145752,-0.018346188589930534,0.24875810742378235,0.749077320098877,0.04348817467689514,-0.06446485221385956,0.792425811290741,0.06975811719894409
46,-0.2810003161430359,-0.5320349931716919,-0.09723153710365295,-0.0010694974334910512,-0.49112388491630554,-0.009211652912199497,0.15063950419425964,-0.29534435272216797,-0.011684020981192589,-0.2631673216819763,-0.4074319303035736,0.06909091770648956,-0.26700878143310547,-0.16079673171043396,0.09026212245225906,0.1587723344564438,-0.09789946675300598,-0.08799105137586594,-0.24900522828102112,-0.008795361965894699,-0.036482881754636765,0.10507354140281677,-0.0131926154717803,-0.012615105137228966,-0.10542149841785431,0.012926261872053146,0.013851405121386051,0.15429207682609558,0.39928901195526123,-0.04492520913481712,-0.09415142238140106,0.412788063287735,-0.0181522686034441,0.25169771909713745,0.7473397850990295,0.04710162431001663,-0.06470132619142532,0.7922086119651794,0.07347607612609863
47,-0.2800103724002838,-0.5320361256599426,-0.14760944247245789,-0.000771419785451144,-0.4895632863044739,-0.042554643005132675,0.14747215807437897,-0.2880120873451233,-0.02696734480559826,-0.2668434679508209,-0.40208375453948975,0.020895659923553467,-0.26716265082359314,-0.152801975607872,0.05793163925409317,0.16643144190311432,-0.0861704871058464,-0.0918688178062439,-0.24798066914081573,0.017079180106520653,-0.06164443865418434,0.10530225932598114,-0.013696434907615185,-0.01236724853515625,-0.10569167137145996,0.013413897715508938,0.013608778826892376,0.1571892648935318,0.3981005549430847,-0.04382893815636635,-0.09310247004032135,0.41313764452934265,-0.017407795414328575,0.25267910957336426,0.7471557259559631,0.048545051366090775,-0.06300333142280579,0.7919312119483948,0.07482276111841202
48,-0.27948710322380066,-0.5301122069358826,-0.2029762715101242,-0.0008318126201629639,-0.48685863614082336,-0.08639959245920181,0.14707839488983154,-0.28378596901893616,-0.05525893345475197,-0.27041545510292053,-0.3966219425201416,-0.02417725883424282,-0.26730257272720337,-0.14451570808887482,0.033272892236709595,0.18425659835338593,-0.07227249443531036,-0.10615947842597961,-0.23883919417858124,0.04138611629605293,-0.06914414465427399,0.10545884817838669,-0.014062920585274696,-0.012359456159174442,-0.10589232295751572,0.013765694573521614,0.013602926395833492,0.15904584527015686,0.39643192291259766,-0.043840039521455765,-0.09209685772657394,0.41315314173698425,-0.014066427946090698,0.2534649670124054,0.7455606460571289,0.048860106617212296,-0.0622900053858757,0.7887359261512756,0.07948541641235352
49,-0.2779150903224945,-0.5232186913490295,-0.22293099761009216,0.0012590609258040786,-0.4825691282749176,-0.10345371067523956,0.1472412794828415,-0.2747805416584015,-0.07031241804361343,-0.27027103304862976,-0.39393743872642517,-0.042966585606336594,-0.26506268978118896,-0.13638564944267273,0.025556566193699837,0.19751955568790436,-0.05736693739891052,-0.11903949081897736,-0.2332274466753006,0.06634687632322311,-0.06805619597434998,0.10561684519052505,-0.014132811687886715,-0.012032133527100086,-0.10608693212270737,0.013836314901709557,0.013293061405420303,0.1632029414176941,0.39524805545806885,-0.04491308331489563,-0.09016326814889908,0.4122851490974426,-0.013276164419949055,0.2558564245700836,0.7441030740737915,0.05036544427275658,-0.06231340393424034,0.7844527959823608,0.08513106405735016
50,-0.27966493368148804,-0.5175598859786987,-0.22903308272361755,0.0012206026585772634,-0.47786828875541687,-0.11634698510169983,0.14491547644138336,-0.2696695625782013,-0.08535658568143845,-0.27006906270980835,-0.3889780044555664,-0.05611349269747734,-0.2625545859336853,-0.12917402386665344,0.013053786009550095,0.20013950765132904,-0.05323822423815727,-0.13009712100028992,-0.22852981090545654,0.08013425767421722,-0.0673743337392807,0.10561798512935638,-0.0142056904733181,-0.011572478339076042,-0.10609642416238785,0.013898404315114021,0.01286266278475523,0.16313689947128296,0.39444902539253235,-0.04579741880297661,-0.08811189979314804,0.41143155097961426,-0.013090101070702076,0.2556028366088867,0.7412143349647522,0.0561007596552372,-0.06235482171177864,0.7804398536682129,0.09022022038698196
51,-0.2788141071796417,-0.5180275440216064,-0.2338351607322693,0.0011705204378813505,-0.4749755859375,-0.12212307751178741,0.14459475874900818,-0.26536911725997925,-0.09075725078582764,-0.2696809768676758,-0.3892590403556824,-0.054021842777729034,-0.2584691643714905,-0.12960763275623322,0.017248040065169334,0.20439644157886505,-0.049619775265455246,-0.13491398096084595,-0.22580574452877045,0.08325426280498505,-0.06223791465163231,0.1056128516793251,-0.0142841637134552,-0.01161534246057272,-0.10609826445579529,0.013973559252917767,0.012912692502140999,0.16320279240608215,0.39441999793052673,-0.04694279283285141,-0.08783132582902908,0.4114217162132263,-0.011961912736296654,0.2554492950439453,0.7409543991088867,0.0568004846572876,-0.062335073947906494,0.7800145149230957,0.09209057688713074
52,-0.24802061915397644,-0.5185430645942688,-0.278117299079895,0.008604594506323338,-0.474078893661499,-0.128814697265625,0.14520707726478577,-0.26179707050323486,-0.09191195666790009,-0.2687889337539673,-0.38743698596954346,-0.08188766241073608,-0.25812289118766785,-0.12227555364370346,-0.0055806562304496765,0.20885509252548218,-0.04647556692361832,-0.14434202015399933,-0.2252219319343567,0.09497960656881332,-0.08038005977869034,0.10611572116613388,-0.01434316299855709,-0.010639926418662071,-0.10663838684558868,0.014031322672963142,0.011939789168536663,0.16419726610183716,0.39477959275245667,-0.04616234451532364,-0.08761321753263474,0.4113726019859314,-0.012020966038107872,0.255513072013855,0.7409728765487671,0.06173908710479736,-0.06359466910362244,0.7800710797309875,0.09234592318534851
53,-0.242451474070549,-0.5193835496902466,-0.2833764851093292,0.012365841306746006,-0.4731084406375885,-0.13086266815662384,0.1453687846660614,-0.26141735911369324,-0.09056482464075089,-0.26870089769363403,-0.3870931565761566,-0.0939115360379219,-0.25860556960105896,-0.12238489836454391,-0.01877831295132637,0.21354971826076508,-0.048333678394556046,-0.14302930235862732,-0.22538770735263824,0.09548939019441605,-0.09005413204431534,0.10647186636924744,-0.014396258629858494,-0.008752979338169098,-0.10702680796384811,0.014081282541155815,0.010075614787638187,0.16452766954898834,0.39485451579093933,-0.042950380593538284,-0.08813086152076721,0.4113275408744812,-0.01237494871020317,0.25388333201408386,0.7425432801246643,0.06260009109973907,-0.06516073644161224,0.7801342606544495,0.09140750020742416
54,-0.2409982681274414,-0.5241191983222961,-0.27224311232566833,0.01729113981127739,-0.47299924492836,-0.1303788423538208,0.14569979906082153,-0.26012280583381653,-0.09304024279117584,-0.2633236050605774,-0.3872703015804291,-0.08790673315525055,-0.25540703535079956,-0.12310419231653214,-0.0166836678981781,0.2156365066766739,-0.04897719621658325,-0.14580802619457245,-0.225313201546669,0.09224211424589157,-0.08829252421855927,0.10657583922147751,-0.014417699538171291,-0.008395510725677013,-0.10713762044906616,0.014094693586230278,0.009734967723488808,0.16462984681129456,0.3949231505393982,-0.04292594641447067,-0.08825599402189255,0.41092589497566223,-0.012285816483199596,0.2527821958065033,0.7425768375396729,0.06374240666627884,-0.06596094369888306,0.7796502113342285,0.09337683767080307
55,-0.20637904107570648,-0.5443369746208191,-0.29466864466667175,0.028985200449824333,-0.47265756130218506,-0.1289905309677124,0.1531292051076889,-0.2578844428062439,-0.08758524805307388,-0.2624518871307373,-0.3898777365684509,-0.09479175508022308,-0.25523820519447327,-0.12603747844696045,-0.02462909184396267,0.22805838286876678,-0.048479437828063965,-0.14559786021709442,-0.2256152629852295,0.08979514241218567,-0.10180146992206573,0.1073480173945427,-0.01430080458521843,-0.006716348230838776,-0.10792583972215652,0.013960299082100391,0.008030485361814499,0.16460859775543213,0.39539241790771484,-0.037661392241716385,-0.09054955095052719,0.41090497374534607,-0.01314343512058258,0.2461993396282196,0.7453963756561279,0.07106713950634003,-0.07162520289421082,0.7816972732543945,0.09318330138921738
56,-0.1873455047607422,-0.5563310384750366,-0.2999463677406311,0.040570177137851715,-0.47194597125053406,-0.12777218222618103,0.15848197042942047,-0.2548910081386566,-0.08696629852056503,-0.2537839412689209,-0.39138177037239075,-0.09785746037960052,-0.25400274991989136,-0.12749643623828888,-0.03036237508058548,0.2349739968776703,-0.0468851737678051,-0.1476583033800125,-0.2257477194070816,0.08869294077157974,-0.10787522047758102,0.10779191553592682,-0.013877717778086662,-0.005040018353611231,-0.10837383568286896,0.013511866331100464,0.006346664857119322,0.16395799815654755,0.3965052366256714,-0.035773009061813354,-0.09276392310857773,0.4099475145339966,-0.015099599026143551,0.24044619500637054,0.746549129486084,0.07684068381786346,-0.08030321449041367,0.7812947630882263,0.09304443001747131
57,-0.16223780810832977,-0.5747981071472168,-0.31186339259147644,0.05233391374349594,-0.4722115695476532,-0.126726895570755,0.1637732982635498,-0.2547847628593445,-0.0852750614285469,-0.25053808093070984,-0.397473007440567,-0.10833696275949478,-0.2550896406173706,-0.1357431560754776,-0.041279055178165436,0.24144284427165985,-0.047037336975336075,-0.14911974966526031,-0.22672514617443085,0.0815051943063736,-0.11799100041389465,0.10848293453454971,-0.013307394459843636,-0.003955190535634756,-0.1090523898601532,0.012918914668262005,0.005253337789326906,0.16044774651527405,0.3980015218257904,-0.030459873378276825,-0.0934724360704422,0.40937161445617676,-0.014224408194422722,0.2332923859357834,0.7551501393318176,0.07586516439914703,-0.08121985197067261,0.7803021669387817,0.09227801859378815
58,-0.14092621207237244,-0.5825166702270508,-0.30960893630981445,0.06636559963226318,-0.4740006923675537,-0.11941291391849518,0.17164494097232819,-0.25514471530914307,-0.0742751732468605,-0.24453440308570862,-0.4084343910217285,-0.10721814632415771,-0.25536873936653137,-0.1512734591960907,-0.04036816582083702,0.24351349472999573,-0.04855473339557648,-0.14886291325092316,-0.2320539355278015,0.06825335323810577,-0.12006054818630219,0.1093398779630661,-0.012424864806234837,-0.0035405000671744347,-0.10991483926773071,0.011996325105428696,0.004832941573113203,0.15823978185653687,0.3983502984046936,-0.028980214148759842,-0.09789387136697769,0.4092329740524292,-0.013552320189774036,0.2324884682893753,0.7581161856651306,0.06885097920894623,-0.08496002852916718,0.7802847027778625,0.0886443704366684
59,-0.13428515195846558,-0.594627320766449,-0.3048709034919739,0.07215561717748642,-0.4756881594657898,-0.10278914868831635,0.17451460659503937,-0.255291610956192,-0.05857638269662857,-0.24279500544071198,-0.4217877686023712,-0.10654661804437637,-0.2580382823944092,-0.16733241081237793,-0.03862706571817398,0.2452773004770279,-0.048052381724119186,-0.14116649329662323,-0.23699240386486053,0.05281434953212738,-0.11878053843975067,0.10974378138780594,-0.011076009832322598,-0.0022887298837304115,-0.11029743403196335,0.010615373030304909,0.003561635734513402,0.15814724564552307,0.39772263169288635,-0.027230704203248024,-0.0982590988278389,0.4075039327144623,-0.013521114364266396,0.23179149627685547,0.762096107006073,0.06154591962695122,-0.08507198095321655,0.7791247367858887,0.08502265065908432
60,-0.12927398085594177,-0.5946334004402161,-0.2991584241390228,0.0803685411810875,-0.47837701439857483,-0.09970929473638535,0.18099141120910645,-0.25587448477745056,-0.058879200369119644,-0.2338886260986328,-0.4261070489883423,-0.09996280819177628,-0.25575488805770874,-0.1711205691099167,-0.036624614149332047,0.24881480634212494,-0.048186250030994415,-0.14052729308605194,-0.23671281337738037,0.04906671866774559,-0.1181008592247963,0.10990086197853088,-0.010148664005100727,-0.0020229844376444817,-0.11044059693813324,0.00967394933104515,0.003276446834206581,0.15873852372169495,0.3966858685016632,-0.027349891141057014,-0.09959594160318375,0.4047653377056122,-0.013231155462563038,0.23013775050640106,0.7617735266685486,0.06292843818664551,-0.08489619195461273,0.7726954817771912,0.08662722259759903
61,-0.10592460632324219,-0.5996643304824829,-0.29813459515571594,0.08538108319044113,-0.47587496042251587,-0.09307146817445755,0.18388982117176056,-0.2536051571369171,-0.05003312975168228,-0.23047873377799988,-0.42537403106689453,-0.1011597290635109,-0.25633496046066284,-0.1723327487707138,-0.04238709434866905,0.2558278441429138,-0.04509622976183891,-0.13472016155719757,-0.24116212129592896,0.04646899551153183,-0.12334442883729935,0.11018934845924377,-0.00938539206981659,0.00015028972120489925,-0.11070288717746735,0.008898390457034111,0.0011233774712309241,0.15574471652507782,0.3970354497432709,-0.02607319876551628,-0.10324246436357498,0.4042033851146698,-0.015285680070519447,0.22621162235736847,0.7665842771530151,0.06068935990333557,-0.0885440781712532,0.7724388837814331,0.07994294166564941
62,-0.09214842319488525,-0.6111171245574951,-0.27434536814689636,0.09426896274089813,-0.4780360460281372,-0.07063710689544678,0.18798550963401794,-0.2540765702724457,-0.03770865127444267,-0.22239843010902405,-0.4312996566295624,-0.08652917295694351,-0.2555757761001587,-0.17857235670089722,-0.03947848826646805,0.2582719027996063,-0.045086342841386795,-0.13242633640766144,-0.24106283485889435,0.036088377237319946,-0.12240303307771683,0.11024262011051178,-0.008410938084125519,0.0016587553545832634,-0.11076010763645172,0.007922964170575142,-0.0004063589440193027,0.15330147743225098,0.3962622880935669,-0.023988010361790657,-0.10387778282165527,0.40164628624916077,-0.017995676025748253,0.21644605696201324,0.7662359476089478,0.06569724529981613,-0.09276214987039566,0.7710816264152527,0.07837818562984467
63,-0.07900024950504303,-0.6088982820510864,-0.2738003432750702,0.105047307908535,-0.47767174243927,-0.0700702965259552,0.19240547716617584,-0.251861572265625,-0.035555150359869,-0.21285149455070496,-0.4353719651699066,-0.08602870255708694,-0.2523716688156128,-0.18458020687103271,-0.03902222588658333,0.261575847864151,-0.043263815343379974,-0.1306576430797577,-0.24137042462825775,0.030822724103927612,-0.12217218428850174,0.11044995486736298,-0.00733735878020525,0.002528928453102708,-0.11094783246517181,0.006826265249401331,-0.0012715955963358283,0.15198077261447906,0.3960762023925781,-0.02324378862977028,-0.10538375377655029,0.39978739619255066,-0.019048472866415977,0.21591879427433014,0.7659153342247009,0.0642600879073143,-0.09671468287706375,0.7700246572494507,0.07425246387720108
64,-0.07159082591533661,-0.6100751757621765,-0.2695145308971405,0.11246812343597412,-0.47768303751945496,-0.06496117264032364,0.19898612797260284,-0.2512795329093933,-0.028120052069425583,-0.2075067162513733,-0.4414741098880768,-0.08307982981204987,-0.24854707717895508,-0.1909562349319458,-0.03640296310186386,0.2673669159412384,-0.04193636402487755,-0.12102065980434418,-0.2393789291381836,0.02702612802386284,-0.12137403339147568,0.11055196821689606,-0.006136903073638678,0.002898221602663398,-0.11103908717632294,0.005615557543933392,-0.0016547066625207663,0.15005603432655334,0.39594897627830505,-0.022571522742509842,-0.10778763145208359,0.3980010449886322,-0.019053827971220016,0.21080662310123444,0.7657410502433777,0.06423159688711166,-0.10058635473251343,0.7687056660652161,0.07363195717334747
65,-0.06083163246512413,-0.6091150045394897,-0.28389209508895874,0.11699451506137848,-0.47468632459640503,-0.0672561377286911,0.2013591080904007,-0.2486484944820404,-0.03004353493452072,-0.20428326725959778,-0.4408833682537079,-0.09717586636543274,-0.2487650215625763,-0.1903223842382431,-0.04839960113167763,0.27086564898490906,-0.03985707089304924,-0.12157135456800461,-0.23798739910125732,0.024600597098469734,-0.13389374315738678,0.11080531030893326,-0.005186754744499922,0.00442841649055481,-0.11127020418643951,0.004641975276172161,-0.003159887157380581,0.14846915006637573,0.39759647846221924,-0.021511178463697433,-0.1115177646279335,0.39700794219970703,-0.01919647864997387,0.20587949454784393,0.7685967683792114,0.06336281448602676,-0.10857868939638138,0.7675487399101257,0.07291939109563828
66,-0.04850694164633751,-0.6088277697563171,-0.28762927651405334,0.1245204284787178,-0.46893197298049927,-0.06780394911766052,0.2092636078596115,-0.24349525570869446,-0.03032827377319336,-0.1970573514699936,-0.442338228225708,-0.10096225887537003,-0.24887715280056,-0.1937006264925003,-0.04995254799723625,0.2765219211578369,-0.03652650862932205,-0.12172549217939377,-0.23786109685897827,0.018528994172811508,-0.13577650487422943,0.11102138459682465,-0.004309376701712608,0.005375283304601908,-0.11147544533014297,0.003739544888958335,-0.004077646881341934,0.14621254801750183,0.3992590308189392,-0.02128928154706955,-0.1127479076385498,0.39702239632606506,-0.021778568625450134,0.20499399304389954,0.7693842649459839,0.06307473033666611,-0.1101594790816307,0.7694107890129089,0.06552650779485703
67,-0.043328482657670975,-0.6092734336853027,-0.2685166001319885,0.13019432127475739,-0.46833550930023193,-0.05626218765974045,0.21210680902004242,-0.24268516898155212,-0.019448336213827133,-0.19172579050064087,-0.44803205132484436,-0.08883844316005707,-0.24895279109477997,-0.2025298923254013,-0.04623424634337425,0.2773818373680115,-0.03653302043676376,-0.11109723895788193,-0.23754113912582397,0.011869644746184349,-0.13448598980903625,0.11108499020338058,-0.003011496039107442,0.00654997443780303,-0.1115352213382721,0.002447922248393297,-0.005279025062918663,0.14384348690509796,0.40008705854415894,-0.020222971215844154,-0.11582092940807343,0.3950083255767822,-0.024285439401865005,0.20232723653316498,0.7698142528533936,0.06306751072406769,-0.11610500514507294,0.7681925892829895,0.06429292261600494
68,-0.035819150507450104,-0.6087102293968201,-0.26917651295661926,0.13009266555309296,-0.46467718482017517,-0.058707498013973236,0.21154972910881042,-0.2391589879989624,-0.019636021926999092,-0.19209900498390198,-0.44902321696281433,-0.09057673066854477,-0.24792292714118958,-0.20465798676013947,-0.04709864780306816,0.27813830971717834,-0.03187873587012291,-0.11065397411584854,-0.23595309257507324,0.012046345509588718,-0.13418123126029968,0.11128782480955124,-0.002725220751017332,0.007085778284817934,-0.11172355711460114,0.0021522948518395424,-0.005799905396997929,0.1412847638130188,0.40163883566856384,-0.019534489139914513,-0.1218348890542984,0.3950713872909546,-0.024584228172898293,0.20067422091960907,0.7697861194610596,0.0630887970328331,-0.12330411374568939,0.7684718370437622,0.06223169341683388
69,-0.032847605645656586,-0.608532190322876,-0.27011561393737793,0.13189122080802917,-0.4621226191520691,-0.059820543974637985,0.21329456567764282,-0.23673835396766663,-0.019140535965561867,-0.18939532339572906,-0.4489319324493408,-0.09065341204404831,-0.24804235994815826,-0.20533952116966248,-0.047146428376436234,0.28185319900512695,-0.030177991837263107,-0.10870960354804993,-0.23583105206489563,0.010227913968265057,-0.1339578479528427,0.11134406924247742,-0.0023613886442035437,0.00753791444003582,-0.11177279055118561,0.0017861365340650082,-0.006235458888113499,0.1390291154384613,0.4030899107456207,-0.019433867186307907,-0.1215314120054245,0.395844429731369,-0.026084523648023605,0.19839659333229065,0.7715955376625061,0.0630255863070488,-0.12223440408706665,0.7725523710250854,0.05758027359843254
70,-0.027331646531820297,-0.6065787672996521,-0.28727638721466064,0.1340261995792389,-0.4582081139087677,-0.06652817130088806,0.21334990859031677,-0.23372794687747955,-0.021133748814463615,-0.18684571981430054,-0.44804221391677856,-0.10369519144296646,-0.24827790260314941,-0.2047998309135437,-0.05727997049689293,0.28149867057800293,-0.02849782444536686,-0.11124879121780396,-0.23410381376743317,0.009143861010670662,-0.14297109842300415,0.11142845451831818,-0.0018146600341424346,0.008785023353993893,-0.11184564977884293,0.0012242740485817194,-0.007435632403939962,0.1371670365333557,0.40472331643104553,-0.019322553649544716,-0.12166925519704819,0.39586859941482544,-0.028243448585271835,0.19568246603012085,0.7735205292701721,0.06296078115701675,-0.12264003604650497,0.7725268602371216,0.056150536984205246
71,-0.026418399065732956,-0.6064981818199158,-0.26965975761413574,0.1352013498544693,-0.45839205384254456,-0.05545490235090256,0.2135387808084488,-0.23389537632465363,-0.015700075775384903,-0.18496939539909363,-0.44897982478141785,-0.09051042795181274,-0.24797223508358002,-0.20687249302864075,-0.05021270737051964,0.28083115816116333,-0.028731564059853554,-0.10494539886713028,-0.23151829838752747,0.00496975751593709,-0.13697384297847748,0.11147919297218323,-0.0015079732984304428,0.008911353535950184,-0.11189434677362442,0.0009264512918889523,-0.007565940730273724,0.13646119832992554,0.4057992696762085,-0.01953437179327011,-0.1219523474574089,0.3958878219127655,-0.029078343883156776,0.1953551024198532,0.7743069529533386,0.061742767691612244,-0.12450236827135086,0.7727243304252625,0.054865069687366486
72,-0.019143879413604736,-0.6131862998008728,-0.2289694845676422,0.13798080384731293,-0.4599575996398926,-0.01859697513282299,0.21290624141693115,-0.23418211936950684,0.011989281512796879,-0.1822354942560196,-0.451357364654541,-0.05999628081917763,-0.24676896631717682,-0.20891208946704865,-0.0274564977735281,0.2755501866340637,-0.02888443134725094,-0.08728422969579697,-0.22800548374652863,0.0012321885442361236,-0.1169673427939415,0.1114697977900505,-0.0012404251610860229,0.009754383005201817,-0.11185971647500992,0.0006686084670946002,-0.008407244458794594,0.13588891923427582,0.4054467976093292,-0.019751880317926407,-0.11713103950023651,0.3952726721763611,-0.03246011584997177,0.19538189470767975,0.7739697098731995,0.0607449896633625,-0.11717883497476578,0.77167147397995,0.051251187920570374
73,-0.02042568475008011,-0.6180529594421387,-0.2163834422826767,0.13765352964401245,-0.46223050355911255,-0.008446736261248589,0.2109605371952057,-0.2350551187992096,0.021482596173882484,-0.1820908635854721,-0.4542064368724823,-0.04621768742799759,-0.25109732151031494,-0.21191613376140594,-0.015087185427546501,0.266747385263443,-0.028973154723644257,-0.07981973886489868,-0.22837616503238678,-0.002386381383985281,-0.1052427738904953,0.11141614615917206,-0.0011619779979810119,0.009904330596327782,-0.11178690940141678,0.0005977753316983581,-0.008565527386963367,0.13266964256763458,0.4054774045944214,-0.019426971673965454,-0.11624904721975327,0.3961558938026428,-0.03487866744399071,0.19404087960720062,0.7735632658004761,0.06112126260995865,-0.11515309661626816,0.7760673761367798,0.045365456491708755
74,-0.019819971174001694,-0.6277682185173035,-0.20536421239376068,0.141941100358963,-0.4653834104537964,-0.0039092618972063065,0.2124544084072113,-0.23571743071079254,0.02419678308069706,-0.17661024630069733,-0.45888668298721313,-0.036858271807432175,-0.2499692142009735,-0.21738433837890625,-0.005396280903369188,0.26519912481307983,-0.028742516413331032,-0.07581211626529694,-0.2283676415681839,-0.008875337429344654,-0.096255362033844,0.11137032508850098,-0.0003273316833656281,0.009950036182999611,-0.11172498762607574,-0.00021376041695475578,-0.008611890487372875,0.1317540854215622,0.4054291546344757,-0.019420787692070007,-0.11631444841623306,0.39553102850914,-0.035363294184207916,0.19062766432762146,0.7748345136642456,0.06091742217540741,-0.11593050509691238,0.7756748795509338,0.04535290226340294
75,-0.020332779735326767,-0.6277950406074524,-0.21107761561870575,0.14162181317806244,-0.4660283029079437,-0.005572841502726078,0.21230468153953552,-0.23583492636680603,0.02498570643365383,-0.17647595703601837,-0.4608233869075775,-0.04106004908680916,-0.24992677569389343,-0.21733880043029785,-0.008014240302145481,0.26179906725883484,-0.02749505639076233,-0.07243657857179642,-0.2224312573671341,-0.008178002201020718,-0.09704470634460449,0.11127254366874695,-0.00012423792213667184,0.011011437512934208,-0.1116069108247757,-0.00041147336014546454,-0.009704275988042355,0.13402125239372253,0.4052796959877014,-0.016100576147437096,-0.11630922555923462,0.3961333930492401,-0.036687541753053665,0.19424031674861908,0.77383953332901,0.06383222341537476,-0.1147233098745346,0.7773343920707703,0.04336225241422653
76,-0.019757810980081558,-0.6282446384429932,-0.2066321074962616,0.14140444993972778,-0.46721145510673523,-0.0013744374737143517,0.20896677672863007,-0.23631231486797333,0.028039120137691498,-0.17605242133140564,-0.4613104462623596,-0.03843199461698532,-0.24834662675857544,-0.21771736443042755,-0.006160476244986057,0.253435879945755,-0.027126358821988106,-0.07072994858026505,-0.22254446148872375,-0.007999616675078869,-0.09641680866479874,0.11124563217163086,3.826763349934481e-05,0.011049924418330193,-0.11157331615686417,-0.000567757582757622,-0.00974239781498909,0.1332666128873825,0.4056273400783539,-0.015513420104980469,-0.11648984998464584,0.3965698778629303,-0.036968979984521866,0.1941719353199005,0.7737348079681396,0.06752657890319824,-0.11687815189361572,0.7781069874763489,0.0436176173388958
77,-0.017227955162525177,-0.6284664273262024,-0.20792372524738312,0.14279071986675262,-0.46845412254333496,-0.00030694532324559987,0.2049809843301773,-0.23606762290000916,0.030783556401729584,-0.17374883592128754,-0.46218141913414,-0.03918513283133507,-0.24131537973880768,-0.21758867800235748,-0.005621652584522963,0.24135972559452057,-0.02334245853126049,-0.06920315325260162,-0.21762436628341675,-0.007558649871498346,-0.09673169255256653,0.11118552088737488,0.00023749218962620944,0.01116179395467043,-0.11150547862052917,-0.000771098886616528,-0.009857761673629284,0.13496795296669006,0.4057011008262634,-0.01548908930271864,-0.11630379408597946,0.3969005346298218,-0.037093598395586014,0.1975640207529068,0.7736362218856812,0.0674264058470726,-0.11700551211833954,0.780039370059967,0.04357166960835457
78,-0.017328307032585144,-0.627100944519043,-0.22419977188110352,0.1420978158712387,-0.46818867325782776,-0.01042361743748188,0.19648359715938568,-0.23385736346244812,0.024778256192803383,-0.17391912639141083,-0.4593049883842468,-0.05132627859711647,-0.2387927919626236,-0.21048495173454285,-0.013602673076093197,0.2337837517261505,-0.017792856320738792,-0.07386676222085953,-0.213858500123024,0.0026880388613790274,-0.10208439081907272,0.11116711050271988,0.00032608286710456014,0.01153731532394886,-0.11147955805063248,-0.0008672010735608637,-0.01022414118051529,0.13499398529529572,0.40699437260627747,-0.015346268191933632,-0.11872242391109467,0.39730390906333923,-0.03736244514584541,0.1966659277677536,0.7732875943183899,0.06730737537145615,-0.11845667660236359,0.781353771686554,0.04254093021154404
79,-0.017367087304592133,-0.6261840462684631,-0.23544704914093018,0.14165298640727997,-0.46837347745895386,-0.019566895440220833,0.1894613653421402,-0.23265820741653442,0.018078552559018135,-0.17401960492134094,-0.45935019850730896,-0.061579134315252304,-0.23821128904819489,-0.2103515863418579,-0.023725476115942,0.22444278001785278,-0.01529691182076931,-0.0785178542137146,-0.21256347000598907,0.004420061595737934,-0.11402280628681183,0.11114218831062317,0.00040457170689478517,0.01158320251852274,-0.11145251244306564,-0.0009517963626421988,-0.010271484032273293,0.13428612053394318,0.4073128402233124,-0.01456981897354126,-0.11848285049200058,0.3976430594921112,-0.03674981743097305,0.19648393988609314,0.7732733488082886,0.06844257563352585,-0.11811889708042145,0.7815327048301697,0.04464508220553398
80,-0.017912857234477997,-0.6259655952453613,-0.2351020723581314,0.14156800508499146,-0.4684314429759979,-0.020170174539089203,0.18671493232250214,-0.23116888105869293,0.017205126583576202,-0.17361894249916077,-0.45902809500694275,-0.06138036027550697,-0.23524785041809082,-0.20750561356544495,-0.023468388244509697,0.21632087230682373,-0.01322507206350565,-0.07952935993671417,-0.2072470337152481,0.008156230673193932,-0.11364134401082993,0.11105681955814362,0.0005638872971758246,0.011703716591000557,-0.11136645078659058,-0.0011138905538246036,-0.010397947393357754,0.13427606225013733,0.40730392932891846,-0.014030725695192814,-0.11854135990142822,0.39780193567276,-0.036824796348810196,0.19720855355262756,0.7728265523910522,0.06901416927576065,-0.11860792338848114,0.7819060683250427,0.0446799099445343
81,-0.01664045825600624,-0.6258723735809326,-0.2466215193271637,0.14147599041461945,-0.46813976764678955,-0.02699504792690277,0.1843799501657486,-0.2287592589855194,0.013809887692332268,-0.17366422712802887,-0.4561016261577606,-0.06938397884368896,-0.23301218450069427,-0.1996983140707016,-0.027634255588054657,0.21051359176635742,-0.009177452884614468,-0.08407706022262573,-0.2010742723941803,0.013396666385233402,-0.11647046357393265,0.1110430508852005,0.00062887545209378,0.012416238896548748,-0.11134932935237885,-0.0011792290024459362,-0.011103574186563492,0.1347728967666626,0.4082385301589966,-0.012518024072051048,-0.11875732988119125,0.39922136068344116,-0.03707924485206604,0.1980736404657364,0.7724308967590332,0.07169909030199051,-0.11603930592536926,0.7839815020561218,0.0446375235915184
82,-0.016582682728767395,-0.626125156879425,-0.2494889795780182,0.1410139948129654,-0.4680742919445038,-0.030012525618076324,0.18291684985160828,-0.22796165943145752,0.011406981386244297,-0.17397023737430573,-0.4550362825393677,-0.07269085943698883,-0.23229944705963135,-0.19758453965187073,-0.03044215403497219,0.20934553444385529,-0.007025665603578091,-0.08665787428617477,-0.20036131143569946,0.014850392937660217,-0.11820638179779053,0.11103376746177673,0.0006793066277168691,0.012584758922457695,-0.11133749783039093,-0.0012308614095672965,-0.011280679143965244,0.13481394946575165,0.408369243144989,-0.012261759489774704,-0.11878294497728348,0.39954134821891785,-0.037405211478471756,0.1989729255437851,0.7716853022575378,0.07398766279220581,-0.11549168080091476,0.7839654088020325,0.045180793851614
83,-0.01878463849425316,-0.626114010810852,-0.2442340850830078,0.13998325169086456,-0.4688529074192047,-0.02692522294819355,0.18202196061611176,-0.22782215476036072,0.01261711772531271,-0.17577004432678223,-0.4570278227329254,-0.0689651370048523,-0.232814759016037,-0.1991288959980011,-0.02861512266099453,0.2091672420501709,-0.0068429564125835896,-0.08573208004236221,-0.2001456618309021,0.014652712270617485,-0.11794847249984741,0.11103840917348862,0.0007094180327840149,0.01259012334048748,-0.11134099960327148,-0.0012630316196009517,-0.011289715766906738,0.13484127819538116,0.40803924202919006,-0.012498147785663605,-0.11873236298561096,0.3997665345668793,-0.037284061312675476,0.1999087631702423,0.7704859972000122,0.07443304359912872,-0.11544814705848694,0.7841114401817322,0.04650469124317169
84,-0.01995914988219738,-0.6259862184524536,-0.2548232674598694,0.13947269320487976,-0.468889057636261,-0.03657244145870209,0.18150705099105835,-0.22786344587802887,0.0045318626798689365,-0.1766340434551239,-0.45705610513687134,-0.07812027633190155,-0.22826771438121796,-0.1993463933467865,-0.03542414307594299,0.2099425047636032,-0.00660262955352664,-0.09214890748262405,-0.19683514535427094,0.0176079124212265,-0.12435343116521835,0.1110888421535492,0.0007746119517832994,0.012529023922979832,-0.11138364672660828,-0.0013362579047679901,-0.011219537816941738,0.1349959820508957,0.40813174843788147,-0.012987126596271992,-0.12031575292348862,0.3974854350090027,-0.03130434453487396,0.1994941532611847,0.7730834484100342,0.0702066496014595,-0.11870788782835007,0.7749257683753967,0.0599372573196888
85,-0.02116064913570881,-0.6266171336174011,-0.25228527188301086,0.13799995183944702,-0.47058582305908203,-0.03582054376602173,0.181130513548851,-0.2288234680891037,0.0037291899789124727,-0.17671877145767212,-0.4570755958557129,-0.07315869629383087,-0.22711749374866486,-0.1993761509656906,-0.03236766532063484,0.2104208767414093,-0.006651860661804676,-0.09503813832998276,-0.19638292491436005,0.017433417961001396,-0.12381605803966522,0.11109328269958496,0.0007653652573935688,0.010951386764645576,-0.11138826608657837,-0.0013282992877066135,-0.009675185196101665,0.1337294578552246,0.4082293212413788,-0.015145511366426945,-0.11995254456996918,0.3977709114551544,-0.030324015766382217,0.19944818317890167,0.7714233994483948,0.07258880138397217,-0.12066817283630371,0.7751150727272034,0.0630408450961113
86,-0.021925412118434906,-0.6270714402198792,-0.238968163728714,0.13770122826099396,-0.47153642773628235,-0.025055870413780212,0.1827305555343628,-0.23078829050064087,0.010482950136065483,-0.17598967254161835,-0.45723333954811096,-0.06512320786714554,-0.2276534140110016,-0.20162393152713776,-0.029906030744314194,0.21588172018527985,-0.008680746890604496,-0.09034592658281326,-0.20252813398838043,0.014875792898237705,-0.12356875836849213,0.11093470454216003,0.0009194299927912652,0.011116890236735344,-0.11121073365211487,-0.001477533602155745,-0.009833059273660183,0.13340173661708832,0.40838608145713806,-0.015134904533624649,-0.11994557827711105,0.39782828092575073,-0.030416687950491905,0.19898778200149536,0.7728883624076843,0.07292787730693817,-0.11942987143993378,0.7753833532333374,0.06251472234725952
87,-0.024516357108950615,-0.6273068189620972,-0.2078806459903717,0.13618163764476776,-0.47346505522727966,-0.0035844207741320133,0.1890385001897812,-0.23764261603355408,0.023541012778878212,-0.17660872638225555,-0.4576009511947632,-0.03728063032031059,-0.22918638586997986,-0.20789013803005219,-0.007172095589339733,0.23175564408302307,-0.018531255424022675,-0.07963283360004425,-0.2086419314146042,0.0016044372459873557,-0.10633354634046555,0.11094451695680618,0.0007598148076795042,0.010125487111508846,-0.1112147718667984,-0.001310347463004291,-0.008846869692206383,0.13193266093730927,0.40896329283714294,-0.016603341326117516,-0.11886677891016006,0.3995059132575989,-0.030396873131394386,0.19811071455478668,0.7752491235733032,0.06638865917921066,-0.11213778704404831,0.7800164818763733,0.05904832482337952
88,-0.024539431557059288,-0.6263853907585144,-0.14987660944461823,0.13391472399234772,-0.477131724357605,0.05084734782576561,0.19462686777114868,-0.24988953769207,0.07143643498420715,-0.17713691294193268,-0.45925334095954895,0.006689111236482859,-0.2379779815673828,-0.21977472305297852,0.02700900286436081,0.25630882382392883,-0.04031108692288399,-0.03655340149998665,-0.21984417736530304,-0.016461798921227455,-0.07012102007865906,0.11073071509599686,0.0007583493134006858,0.010584329254925251,-0.11096274107694626,-0.0012984516797587276,-0.009304283186793327,0.13193224370479584,0.4083254933357239,-0.017595065757632256,-0.11738044768571854,0.3995020091533661,-0.03516228497028351,0.1971387416124344,0.7759406566619873,0.06186717376112938,-0.1117076650261879,0.7800856828689575,0.04641161486506462
89,-0.02603042870759964,-0.6256681680679321,-0.08005870133638382,0.1291705071926117,-0.49117323756217957,0.1024918407201767,0.20301735401153564,-0.2876553535461426,0.11820539832115173,-0.17998549342155457,-0.4671115279197693,0.0687054693698883,-0.25094062089920044,-0.24402643740177155,0.09001510590314865,0.279028981924057,-0.10290081799030304,0.008775354363024235,-0.23420898616313934,-0.044558554887771606,0.0066423797979950905,0.11066289991140366,0.00017415467300452292,0.01019367203116417,-0.1108856350183487,-0.0006418981938622892,-0.008940470404922962,0.12666620314121246,0.4083297550678253,-0.01908450573682785,-0.11708775907754898,0.39911386370658875,-0.037173185497522354,0.19152501225471497,0.7759318947792053,0.0548405759036541,-0.11176617443561554,0.7790863513946533,0.04233747348189354
90,-0.025394337251782417,-0.6257973313331604,-0.0672742947936058,0.1274840235710144,-0.5005255937576294,0.11831995099782944,0.21411941945552826,-0.3249121308326721,0.15165716409683228,-0.17992788553237915,-0.47201302647590637,0.08612902462482452,-0.2628120183944702,-0.27893000841140747,0.1439683884382248,0.29373061656951904,-0.1743028610944748,0.06307465583086014,-0.2604125440120697,-0.11417587846517563,0.10715455561876297,0.11046943813562393,-0.00017178519919980317,0.010122803039848804,-0.11066942662000656,-0.00027896903338842094,-0.008868430741131306,0.12666040658950806,0.40848371386528015,-0.021243736147880554,-0.11895623803138733,0.398266464471817,-0.03966376930475235,0.18855758011341095,0.7759248614311218,0.047541484236717224,-0.11822431534528732,0.7789235711097717,0.036333996802568436
91,-0.026451662182807922,-0.6256681680679321,-0.05979184806346893,0.12069735676050186,-0.5102065205574036,0.1261141300201416,0.21619915962219238,-0.365554541349411,0.2196197807788849,-0.17782463133335114,-0.4801999032497406,0.092281773686409,-0.2605324983596802,-0.32798370718955994,0.20028172433376312,0.2991989254951477,-0.2611355185508728,0.22979265451431274,-0.2680665850639343,-0.21390363574028015,0.2319192737340927,0.11021608859300613,-0.0005267066298983991,0.009714527055621147,-0.11045084148645401,7.875094161136076e-05,-0.00847118254750967,0.12694425880908966,0.4101637899875641,-0.022703219205141068,-0.12020683288574219,0.3964739143848419,-0.042705755680799484,0.18100732564926147,0.7692772150039673,0.043181657791137695,-0.11836420744657516,0.7769796252250671,0.024488601833581924
92,-0.02566881850361824,-0.6251813769340515,-0.05941428989171982,0.1209302768111229,-0.5045504570007324,0.1378808468580246,0.2227189987897873,-0.3732742965221405,0.014486067928373814,-0.182393878698349,-0.48159557580947876,0.07713786512613297,-0.26385024189949036,-0.34986382722854614,-0.09352757781744003,0.29331961274147034,-0.3501339256763458,-0.21802739799022675,-0.23660768568515778,-0.31334730982780457,-0.30724766850471497,0.11016138643026352,-0.0005688710371032357,0.01285766065120697,-0.11037514358758926,0.00011772599827963859,-0.011802969500422478,0.1250687688589096,0.41378912329673767,-0.023334871977567673,-0.11900189518928528,0.3961023688316345,-0.04655586928129196,0.1814078837633133,0.7692942023277283,0.0440242625772953,-0.11840393394231796,0.7760966420173645,0.022031772881746292
93,-0.025674108415842056,-0.6255399584770203,-0.05942295119166374,0.1220846176147461,-0.5032881498336792,0.13274602591991425,0.24247035384178162,-0.4313575029373169,-0.10534336417913437,-0.1858789175748825,-0.4818640351295471,0.07164742797613144,-0.2633674740791321,-0.37371328473091125,-0.1397796869277954,0.3028787672519684,-0.46805182099342346,-0.35635101795196533,-0.2239905297756195,-0.37676766514778137,-0.32894662022590637,0.11013539135456085,-0.0008519015391357243,0.01302648801356554,-0.11034198105335236,0.00043793072109110653,-0.012078747153282166,0.12516967952251434,0.414768785238266,-0.022839635610580444,-0.12000653147697449,0.39609962701797485,-0.046297088265419006,0.18364869058132172,0.777883768081665,0.04456210136413574,-0.11821775883436203,0.7789005637168884,0.023153606802225113
94,-0.02416863478720188,-0.6257264614105225,-0.06653108447790146,0.12124881148338318,-0.5026252865791321,0.0938054695725441,0.23195524513721466,-0.4574851095676422,-0.15434134006500244,-0.18608377873897552,-0.48162028193473816,0.029784612357616425,-0.25261980295181274,-0.4375544786453247,-0.19096575677394867,0.2849113345146179,-0.5484965443611145,-0.40047651529312134,-0.21082839369773865,-0.5321128964424133,-0.36452516913414,0.10970110446214676,-0.0015374637441709638,0.013211071491241455,-0.10985372215509415,0.0011598416604101658,-0.012321836315095425,0.1250547170639038,0.414765328168869,-0.020033445209264755,-0.1203932836651802,0.3968486189842224,-0.045481134206056595,0.18675361573696136,0.7779558300971985,0.046361424028873444,-0.11769713461399078,0.7815085053443909,0.022684605792164803
95,-0.018838783726096153,-0.62699294090271,-0.08059611916542053,0.12131699919700623,-0.49526622891426086,0.057121891528367996,0.22567373514175415,-0.49585431814193726,-0.20138351619243622,-0.18561214208602905,-0.48006418347358704,-0.005084052681922913,-0.24506308138370514,-0.47791674733161926,-0.23174798488616943,0.25290781259536743,-0.6427156925201416,-0.434578001499176,-0.21303269267082214,-0.6081075668334961,-0.3961889445781708,0.10926775634288788,-0.001897926558740437,0.013793007470667362,-0.10938415676355362,0.0015361157711595297,-0.012963660061359406,0.12752437591552734,0.4151151478290558,-0.01645919680595398,-0.11988739669322968,0.3968504071235657,-0.04273085668683052,0.18923890590667725,0.7778835296630859,0.05034187063574791,-0.11318489164113998,0.7816084027290344,0.023852549493312836
96,-0.018428057432174683,-0.6325497627258301,-0.11058369278907776,0.1269817352294922,-0.5039727687835693,0.019270632416009903,0.2221076488494873,-0.5719910860061646,-0.2371491938829422,-0.17844246327877045,-0.48706039786338806,-0.024176226928830147,-0.23141905665397644,-0.5374969244003296,-0.26237189769744873,0.2426934540271759,-0.7336804866790771,-0.4586181044578552,-0.20456203818321228,-0.6944098472595215,-0.43815433979034424,0.10922222584486008,-0.002066959859803319,0.01355708297342062,-0.10931795835494995,0.0017142361029982567,-0.012747453525662422,0.13745082914829254,0.41399699449539185,-0.016201885417103767,-0.11910417675971985,0.3966691493988037,-0.03840809687972069,0.18916469812393188,0.7747722268104553,0.058397326618433,-0.10939985513687134,0.7804447412490845,0.0339263454079628
97,-0.01919357106089592,-0.6364832520484924,-0.09783171117305756,0.12734146416187286,-0.5099303722381592,0.03101164661347866,0.21553799510002136,-0.6374328136444092,-0.18108206987380981,-0.17846781015396118,-0.49082526564598083,-0.001489028101786971,-0.2468169778585434,-0.5897571444511414,-0.21236823499202728,0.22550275921821594,-0.8395063877105713,-0.40555062890052795,-0.20596575736999512,-0.7825144529342651,-0.3776807188987732,0.10933170467615128,-0.002645812463015318,0.01205221377313137,-0.1094273254275322,0.002302650362253189,-0.01137690618634224,0.13687486946582794,0.413739949464798,-0.015578697435557842,-0.1168796718120575,0.3980679214000702,-0.03554217889904976,0.18919441103935242,0.7732016444206238,0.07166910171508789,-0.10612884908914566,0.7789437770843506,0.047191839665174484
98,-0.0228266678750515,-0.6450348496437073,-0.08603726327419281,0.12667939066886902,-0.5167086124420166,0.040067028254270554,0.1996946632862091,-0.6844236254692078,-0.05570807680487633,-0.17741118371486664,-0.4982292056083679,0.037571847438812256,-0.2546893358230591,-0.6535515785217285,-0.08487394452095032,0.20869570970535278,-0.9087991714477539,-0.14343535900115967,-0.20661304891109467,-0.8838127851486206,-0.17553812265396118,0.10935002565383911,-0.003057755995541811,0.006685018073767424,-0.10945780575275421,0.0026845568791031837,-0.0058791907504200935,0.12573200464248657,0.41126173734664917,-0.010171022266149521,-0.12250633537769318,0.39415135979652405,-0.02730647101998329,0.16890883445739746,0.7662473917007446,0.0932304710149765,-0.1062442883849144,0.757043719291687,0.07416985183954239
99,-0.02502702735364437,-0.648448646068573,-0.09738513082265854,0.12570510804653168,-0.520304799079895,0.03436259925365448,0.1854386180639267,-0.7199207544326782,-0.04132912680506706,-0.17599846422672272,-0.5010055899620056,0.036590464413166046,-0.2590164542198181,-0.6805664300918579,-0.06606439501047134,0.19321691989898682,-0.9568120837211609,-0.09552247822284698,-0.210135817527771,-0.9201341867446899,-0.12501786649227142,0.10935322195291519,-0.0031193303875625134,0.004972160793840885,-0.10947161167860031,0.0027373607736080885,-0.004060255363583565,0.1164492592215538,0.4106424152851105,0.00047820460167713463,-0.12305159121751785,0.39249613881111145,-0.011398358270525932,0.166901096701622,0.7612164616584778,0.10919257253408432,-0.11287195980548859,0.7509972453117371,0.09476136416196823
100,-0.02808542177081108,-0.6506708860397339,-0.1832713931798935,0.1258934885263443,-0.5198390483856201,-0.05859874188899994,0.18265226483345032,-0.741942822933197,-0.13976368308067322,-0.16872568428516388,-0.5021272897720337,-0.04228121414780617,-0.2541942000389099,-0.702887773513794,-0.1011754646897316,0.17226186394691467,-0.9847071170806885,-0.1411193460226059,-0.20869992673397064,-0.9525051712989807,-0.16783474385738373,0.10932993143796921,-0.0031699244864284992,0.002036891644820571,-0.10946276783943176,0.002788763726130128,-0.001025642966851592,0.11476600170135498,0.41165706515312195,8.020911627681926e-05,-0.12592054903507233,0.39269131422042847,-0.0029089413583278656,0.16593004763126373,0.76151442527771,0.11761412024497986,-0.12079538404941559,0.7529314756393433,0.10425448417663574
101,-0.02791144885122776,-0.642751932144165,-0.2783060669898987,0.12521055340766907,-0.5176577568054199,-0.14385201036930084,0.18052756786346436,-0.7538251280784607,-0.2248842418193817,-0.16079707443714142,-0.5017778873443604,-0.14997676014900208,-0.23910963535308838,-0.7162505388259888,-0.23240788280963898,0.16073107719421387,-0.9842960238456726,-0.2583813965320587,-0.2005086988210678,-0.9600310921669006,-0.2652242183685303,0.10905478894710541,-0.003072589635848999,0.002313222736120224,-0.10924775898456573,0.0026649381034076214,-0.0012818636605516076,0.11521866917610168,0.41172006726264954,0.001115356688387692,-0.12575066089630127,0.39411744475364685,-0.004266314674168825,0.16677948832511902,0.7583296298980713,0.13071924448013306,-0.12106531858444214,0.7539522647857666,0.10580676048994064
102,-0.02767728827893734,-0.6338998079299927,-0.28963422775268555,0.1254570335149765,-0.5134780406951904,-0.15853144228458405,0.18120619654655457,-0.7532128691673279,-0.24366025626659393,-0.15716883540153503,-0.5014756917953491,-0.1535687893629074,-0.2377660572528839,-0.7251217365264893,-0.2353622317314148,0.1649257391691208,-0.9818209409713745,-0.2863861918449402,-0.19741684198379517,-0.9648776054382324,-0.2756343483924866,0.10893990099430084,-0.0027946652844548225,0.0008963573491200805,-0.10915635526180267,0.002365797758102417,0.00013952897279523313,0.11555612832307816,0.4109207093715668,-0.00456921337172389,-0.12614880502223969,0.39432603120803833,0.00048700295155867934,0.16733744740486145,0.7569870948791504,0.12516948580741882,-0.12338047474622726,0.7539914846420288,0.11399143934249878
103,-0.027039233595132828,-0.626031219959259,-0.29588907957077026,0.1272839903831482,-0.5119546055793762,-0.16959896683692932,0.17960940301418304,-0.7509985566139221,-0.26600131392478943,-0.14967218041419983,-0.5012542605400085,-0.15503156185150146,-0.23380625247955322,-0.7243974804878235,-0.2319478988647461,0.15872681140899658,-0.9799587726593018,-0.31323060393333435,-0.1976618766784668,-0.9608214497566223,-0.2790876030921936,0.10867807269096375,-0.0026419642381370068,0.0004193877102807164,-0.10891794413328171,0.0022044514771550894,0.000631168601103127,0.1150093749165535,0.41135045886039734,-0.0028162195812910795,-0.12499521672725677,0.39512723684310913,0.0016401107423007488,0.16920675337314606,0.7569001913070679,0.1256169229745865,-0.12349916994571686,0.75827956199646,0.1124090850353241
104,-0.028840936720371246,-0.6235442161560059,-0.3086492419242859,0.12518572807312012,-0.5119362473487854,-0.1808587908744812,0.17224983870983124,-0.7543500661849976,-0.2813071608543396,-0.15031632781028748,-0.5011135339736938,-0.1743091344833374,-0.23351822793483734,-0.7193541526794434,-0.260365754365921,0.15335604548454285,-0.9823745489120483,-0.33278772234916687,-0.2014630287885666,-0.9493792653083801,-0.31267932057380676,0.10823424160480499,-0.002529965713620186,0.0006313747144304216,-0.10850922018289566,0.0020865751430392265,0.00043444018228910863,0.11511972546577454,0.4107673764228821,0.0011158722918480635,-0.126559779047966,0.3948838710784912,0.00213004183024168,0.17037881910800934,0.7540392875671387,0.13610561192035675,-0.12689664959907532,0.757395327091217,0.11516626179218292
105,-0.02895328588783741,-0.6191946268081665,-0.3169935941696167,0.12526987493038177,-0.5118858218193054,-0.18615208566188812,0.1728522777557373,-0.7586815357208252,-0.28487738966941833,-0.1504809707403183,-0.5007429122924805,-0.1847308874130249,-0.2337798774242401,-0.7199774980545044,-0.2723484933376312,0.15630225837230682,-0.9871010184288025,-0.33687514066696167,-0.2057250738143921,-0.950120210647583,-0.32575079798698425,0.10795135796070099,-0.0024961275048553944,0.0008647462818771601,-0.10825321823358536,0.002049196744337678,0.00022013488342054188,0.1144707128405571,0.410857617855072,0.0018995271530002356,-0.12635384500026703,0.39488786458969116,0.0018513581017032266,0.17197638750076294,0.7544702291488647,0.1353854238986969,-0.12946416437625885,0.7574535608291626,0.11582101881504059
106,-0.027789819985628128,-0.6197529435157776,-0.3090369403362274,0.12517596781253815,-0.512357234954834,-0.17672690749168396,0.1710168421268463,-0.7626733779907227,-0.27301838994026184,-0.15026941895484924,-0.5005767941474915,-0.1816098839044571,-0.23390641808509827,-0.7217268347740173,-0.27059483528137207,0.15349335968494415,-0.9923422336578369,-0.3274567127227783,-0.20789028704166412,-0.9523033499717712,-0.31974172592163086,0.10782622545957565,-0.002427584957331419,0.0021221847273409367,-0.10814427584409714,0.001973827136680484,-0.0010103072272613645,0.11529767513275146,0.4108562767505646,0.004473369102925062,-0.12840962409973145,0.39462605118751526,0.001137233804911375,0.17247028648853302,0.7541924715042114,0.13638877868652344,-0.13205349445343018,0.7568726539611816,0.11513596028089523
107,-0.02757411077618599,-0.6199243068695068,-0.3189030885696411,0.12517936527729034,-0.512050211429596,-0.18805226683616638,0.17100302875041962,-0.760216236114502,-0.28690072894096375,-0.1503896564245224,-0.499987930059433,-0.18905901908874512,-0.23342987895011902,-0.7199801802635193,-0.2884030342102051,0.15423236787319183,-0.9895416498184204,-0.34078118205070496,-0.21072109043598175,-0.9492424130439758,-0.35362592339515686,0.10773201286792755,-0.002277668099850416,0.0019423540215939283,-0.10805483162403107,0.0018227206310257316,-0.00082998356083408,0.11511115729808807,0.4115738272666931,0.003789301263168454,-0.1266695111989975,0.39476093649864197,0.002796958899125457,0.1753283143043518,0.7555046081542969,0.13578124344348907,-0.12967140972614288,0.757088840007782,0.11652136594057083
108,-0.023903295397758484,-0.620169460773468,-0.32447531819343567,0.12362159788608551,-0.5120627284049988,-0.18571530282497406,0.16666653752326965,-0.7683082222938538,-0.2806018888950348,-0.1503298282623291,-0.4991225004196167,-0.2003530114889145,-0.23312343657016754,-0.7152210474014282,-0.29900339245796204,0.1504502147436142,-1.005433440208435,-0.3354931175708771,-0.21078674495220184,-0.9429689049720764,-0.35545825958251953,0.1074516549706459,-0.0019567208364605904,0.0030592763796448708,-0.10778716206550598,0.0014889220474287868,-0.001953152008354664,0.11741399019956589,0.4116065502166748,0.00496326619759202,-0.12687763571739197,0.3946445882320404,0.002592264674603939,0.17901843786239624,0.7558967471122742,0.13597838580608368,-0.12987737357616425,0.756753146648407,0.11614932864904404
109,-0.01949627324938774,-0.6190714836120605,-0.3213730752468109,0.12401099503040314,-0.5147861242294312,-0.18249844014644623,0.16714107990264893,-0.776199460029602,-0.2745579183101654,-0.14738790690898895,-0.4991696774959564,-0.19916050136089325,-0.2300182282924652,-0.7147146463394165,-0.2917673587799072,0.15132908523082733,-1.0148279666900635,-0.3214801549911499,-0.21078960597515106,-0.9390273690223694,-0.34883344173431396,0.10692541301250458,-0.0019161808304488659,0.0056646945886313915,-0.10726018995046616,0.0014492704067379236,-0.004512513987720013,0.11728518456220627,0.4122608006000519,0.010443656705319881,-0.12091714888811111,0.394648939371109,-0.0005151553777977824,0.18037711083889008,0.7551347613334656,0.1396191567182541,-0.12950359284877777,0.75591641664505,0.11596265435218811
110,-0.019560856744647026,-0.6241706013679504,-0.3172946274280548,0.12402185797691345,-0.5176498889923096,-0.17843206226825714,0.16678807139396667,-0.7763565182685852,-0.2628679871559143,-0.1474679410457611,-0.5018265843391418,-0.19675801694393158,-0.2301429659128189,-0.7184082269668579,-0.28846755623817444,0.1512247920036316,-1.012450933456421,-0.3083483576774597,-0.2109176367521286,-0.9409858584403992,-0.3347892165184021,0.10681915283203125,-0.0017950062174350023,0.005746324546635151,-0.10716093331575394,0.0013283675070852041,-0.004597582388669252,0.11758208274841309,0.41226306557655334,0.011537575162947178,-0.12285840511322021,0.3944632112979889,0.0012333809863775969,0.1801013946533203,0.755001962184906,0.14363889396190643,-0.13362470269203186,0.754341721534729,0.11954829841852188
111,-0.01925015076994896,-0.6237249374389648,-0.3164803385734558,0.124020516872406,-0.5179190039634705,-0.17758974432945251,0.16658243536949158,-0.7760937213897705,-0.26273077726364136,-0.1465626358985901,-0.5006215572357178,-0.19595415890216827,-0.22808408737182617,-0.711664080619812,-0.2896111011505127,0.1517811119556427,-1.0123926401138306,-0.30844664573669434,-0.2100975513458252,-0.9288837313652039,-0.3437632918357849,0.10670483857393265,-0.0017053461633622646,0.0058985548093914986,-0.10704916715621948,0.001237647607922554,-0.004747246857732534,0.11730372905731201,0.4129697382450104,0.012314465828239918,-0.12086483091115952,0.3949160575866699,0.0013527998235076666,0.18034477531909943,0.7555968165397644,0.14399558305740356,-0.12644106149673462,0.7549688220024109,0.11954254657030106
112,-0.019375527277588844,-0.6248833537101746,-0.3148442804813385,0.12333417683839798,-0.5182980895042419,-0.1749570518732071,0.16634702682495117,-0.7769755125045776,-0.25874921679496765,-0.14661118388175964,-0.5012948513031006,-0.19477114081382751,-0.2274094820022583,-0.7139832973480225,-0.2888718247413635,0.1526501625776291,-1.0143952369689941,-0.3047984540462494,-0.20935723185539246,-0.9296747446060181,-0.33984577655792236,0.1063484251499176,-0.0014966449234634638,0.006566290277987719,-0.10669591277837753,0.0010325543116778135,-0.005408973898738623,0.11780933290719986,0.4129147231578827,0.013620655052363873,-0.122462198138237,0.3943648338317871,0.0013078826013952494,0.18001596629619598,0.7555075883865356,0.14482273161411285,-0.13617044687271118,0.7545506358146667,0.11941663175821304
113,-0.018898405134677887,-0.6248822808265686,-0.3136305809020996,0.12258603423833847,-0.518800675868988,-0.1692417562007904,0.16464002430438995,-0.7776839137077332,-0.24690668284893036,-0.14732179045677185,-0.501515805721283,-0.19421647489070892,-0.2290859818458557,-0.7163249850273132,-0.28755155205726624,0.15127263963222504,-1.0139464139938354,-0.29458898305892944,-0.2104194611310959,-0.9350801110267639,-0.33471524715423584,0.10628817975521088,-0.0014728194801136851,0.007576757110655308,-0.10663611441850662,0.001005553058348596,-0.006435660179704428,0.11856912821531296,0.4132312834262848,0.017440013587474823,-0.12241154909133911,0.39464500546455383,0.00012707154382951558,0.1817505955696106,0.7554405927658081,0.14876234531402588,-0.1339634358882904,0.7554983496665955,0.11739901453256607
114,-0.018863296136260033,-0.6246940493583679,-0.29729196429252625,0.12211330235004425,-0.5209721326828003,-0.15098077058792114,0.16306284070014954,-0.7828642725944519,-0.22392839193344116,-0.1478232592344284,-0.5020913481712341,-0.18372373282909393,-0.23043179512023926,-0.71635901927948,-0.269814133644104,0.15008775889873505,-1.022029161453247,-0.27131038904190063,-0.2145792543888092,-0.9347072243690491,-0.31571730971336365,0.10606139153242111,-0.0013612756738439202,0.00923637580126524,-0.10640491545200348,0.0008938298560678959,-0.008077825419604778,0.11876588314771652,0.4135490953922272,0.018102018162608147,-0.12222633510828018,0.3940154016017914,-0.004229425918310881,0.1823527216911316,0.7554154992103577,0.14677517116069794,-0.1341588944196701,0.7554512619972229,0.10923711210489273
115,-0.01783135160803795,-0.625151515007019,-0.2984379827976227,0.12367364019155502,-0.5213484764099121,-0.15386764705181122,0.16351845860481262,-0.7836344242095947,-0.22804267704486847,-0.14756892621517181,-0.5024926066398621,-0.18396753072738647,-0.23017455637454987,-0.7163572311401367,-0.27023181319236755,0.1504603922367096,-1.0235809087753296,-0.27292606234550476,-0.21415796875953674,-0.9346036314964294,-0.31660041213035583,0.10600844025611877,-0.001294863410294056,0.008939708583056927,-0.10635572671890259,0.0008273055427707732,-0.007784656714648008,0.11989054828882217,0.41345489025115967,0.01606474630534649,-0.12270274758338928,0.393901526927948,-0.002542638685554266,0.18421410024166107,0.7552774548530579,0.1455199420452118,-0.13406191766262054,0.755236029624939,0.11151495575904846
116,-0.018690994009375572,-0.6239659190177917,-0.301850825548172,0.12232857197523117,-0.5194774270057678,-0.159324511885643,0.16345487534999847,-0.7734456658363342,-0.2417064905166626,-0.14745432138442993,-0.5018218755722046,-0.1892545074224472,-0.22737012803554535,-0.7169421315193176,-0.2854534387588501,0.15087920427322388,-1.006459355354309,-0.29490453004837036,-0.21106122434139252,-0.9374329447746277,-0.3336583375930786,0.1059180423617363,-0.00131243618670851,0.009461854584515095,-0.10626977682113647,0.0008415788761340082,-0.008318677544593811,0.12206897884607315,0.4126088321208954,0.016644516959786415,-0.12273639440536499,0.3941466808319092,-0.004564050119370222,0.18894681334495544,0.7543884515762329,0.14542843401432037,-0.132851704955101,0.7569409608840942,0.10922184586524963
117,-0.018738698214292526,-0.6246132254600525,-0.28961193561553955,0.12244265526533127,-0.5200645923614502,-0.15145179629325867,0.16327327489852905,-0.7735540270805359,-0.23116366565227509,-0.14793728291988373,-0.5047978758811951,-0.17028163373470306,-0.22817617654800415,-0.7209376096725464,-0.25516778230667114,0.14902238547801971,-1.0069180727005005,-0.27891650795936584,-0.21266907453536987,-0.942306637763977,-0.29875415563583374,0.1059069037437439,-0.0012784512946382165,0.008628034964203835,-0.10625951737165451,0.0008053313940763474,-0.007505462970584631,0.12369436025619507,0.4118649363517761,0.01349707692861557,-0.12376219034194946,0.39407774806022644,-0.0041703092865645885,0.18990066647529602,0.7540057301521301,0.13947467505931854,-0.13245588541030884,0.7569453716278076,0.10869352519512177
118,-0.017411544919013977,-0.6252626180648804,-0.28652605414390564,0.12288564443588257,-0.5208835601806641,-0.1459254026412964,0.16333484649658203,-0.7740108966827393,-0.2219911366701126,-0.14746631681919098,-0.5047981142997742,-0.16906346380710602,-0.22633932530879974,-0.7207992076873779,-0.2539520263671875,0.1505822390317917,-1.007798433303833,-0.2693432867527008,-0.21151898801326752,-0.942159116268158,-0.29683223366737366,0.1058756411075592,-0.0012780938996002078,0.008833592757582664,-0.10622964054346085,0.0008029706659726799,-0.007709873840212822,0.1208004355430603,0.4144708514213562,0.01708468794822693,-0.12288069725036621,0.3941086530685425,-0.004349017050117254,0.1879587173461914,0.754552960395813,0.14258792996406555,-0.13187241554260254,0.7570760846138,0.10857006162405014
119,-0.018915100023150444,-0.6245770454406738,-0.2871212959289551,0.12260399013757706,-0.5199028253555298,-0.14681628346443176,0.16296622157096863,-0.7719438076019287,-0.2230968326330185,-0.14750413596630096,-0.5047334432601929,-0.16696283221244812,-0.226374089717865,-0.720441997051239,-0.24834159016609192,0.14781929552555084,-1.0071840286254883,-0.2703282833099365,-0.2113558053970337,-0.9438619613647461,-0.2922956645488739,0.10584818571805954,-0.0012940802844241261,0.008544420823454857,-0.10620389133691788,0.0008147225598804653,-0.007421541027724743,0.12084060162305832,0.4142118990421295,0.016741322353482246,-0.12491557002067566,0.39416831731796265,-0.0044326926581561565,0.18814778327941895,0.7546070218086243,0.14042067527770996,-0.13210700452327728,0.760550856590271,0.10589436441659927
120,-0.009996875189244747,-0.6220906972885132,-0.3043880760669708,0.1251615285873413,-0.5190693140029907,-0.1553839147090912,0.16818568110466003,-0.772045910358429,-0.23237811028957367,-0.14501918852329254,-0.502333402633667,-0.18846061825752258,-0.22633695602416992,-0.7068146467208862,-0.28623801469802856,0.15385854244232178,-1.0075048208236694,-0.28171175718307495,-0.2114458531141281,-0.9324520826339722,-0.3391745388507843,0.10579096525907516,-0.001167037757113576,0.00941711850464344,-0.1061525046825409,0.0006843142909929156,-0.00829480029642582,0.11955409497022629,0.41497448086738586,0.01696678251028061,-0.12323880940675735,0.39404579997062683,-0.008182155899703503,0.1882190853357315,0.7550363540649414,0.14105884730815887,-0.13040699064731598,0.758857786655426,0.10336115956306458
121,-0.01025585550814867,-0.6208123564720154,-0.320120245218277,0.1246042549610138,-0.5145583152770996,-0.1732042133808136,0.16923445463180542,-0.7673391103744507,-0.25785747170448303,-0.1450492888689041,-0.5005509257316589,-0.2037917673587799,-0.2260722666978836,-0.7073473930358887,-0.298897385597229,0.15537476539611816,-1.001476526260376,-0.31394368410110474,-0.21025577187538147,-0.9327682852745056,-0.34870463609695435,0.10569370537996292,-0.0011187589261680841,0.009429565630853176,-0.1060657724738121,0.0006355156656354666,-0.008305896073579788,0.11772361397743225,0.4149620234966278,0.016981350257992744,-0.12230589985847473,0.39381158351898193,-0.008125964552164078,0.18811644613742828,0.7552049160003662,0.1421368271112442,-0.12868298590183258,0.7584670782089233,0.10380534827709198
122,-0.010547187179327011,-0.6208088994026184,-0.3257674276828766,0.12472613900899887,-0.5121657848358154,-0.18352118134498596,0.1694660186767578,-0.7671483755111694,-0.27497178316116333,-0.14463980495929718,-0.5004763603210449,-0.20586469769477844,-0.22690711915493011,-0.7091584801673889,-0.29762980341911316,0.15810324251651764,-1.001738429069519,-0.3290095329284668,-0.2100273221731186,-0.9330503344535828,-0.3477994501590729,0.1056293323636055,-0.0008709114044904709,0.0080745629966259,-0.10600367188453674,0.0003908086509909481,-0.006917610764503479,0.11639469861984253,0.41499799489974976,0.0138856815174222,-0.12480859458446503,0.3930260241031647,-0.004260084591805935,0.18806803226470947,0.7556162476539612,0.14046192169189453,-0.1331440955400467,0.7547045946121216,0.11134297400712967
123,-0.00794035941362381,-0.621545672416687,-0.3250952959060669,0.12484712898731232,-0.5130035877227783,-0.18141958117485046,0.16933515667915344,-0.7737046480178833,-0.2722723186016083,-0.14344999194145203,-0.500556230545044,-0.21537524461746216,-0.22244858741760254,-0.7160684466362,-0.3116748631000519,0.15826886892318726,-1.0112292766571045,-0.3262535035610199,-0.20195680856704712,-0.9399662017822266,-0.35314956307411194,0.10555603355169296,-0.0008645798079669476,0.010846148245036602,-0.10593980550765991,0.00038317739381454885,-0.00967590231448412,0.11647400259971619,0.4149527847766876,0.020809046924114227,-0.12474307417869568,0.3922518193721771,-0.006643840577453375,0.18510979413986206,0.7524101734161377,0.15626956522464752,-0.13305793702602386,0.7499483227729797,0.11123274266719818
124,-0.007457365747541189,-0.6213891506195068,-0.32470908761024475,0.12799952924251556,-0.513594925403595,-0.1801413744688034,0.17058433592319489,-0.7729310989379883,-0.26882752776145935,-0.14125074446201324,-0.5006333589553833,-0.2131187468767166,-0.2224864810705185,-0.7148429155349731,-0.30514976382255554,0.15973106026649475,-1.0106528997421265,-0.32194602489471436,-0.20198822021484375,-0.9372142553329468,-0.3502843976020813,0.10552387684583664,-0.0008105259039439261,0.01087244413793087,-0.10590898245573044,0.00033217750024050474,-0.009700006805360317,0.1159171313047409,0.4150770604610443,0.020772181451320648,-0.12475357204675674,0.3913695514202118,-0.00631487974897027,0.17744499444961548,0.7533780336380005,0.1551927626132965,-0.13330231606960297,0.7461604475975037,0.11349037289619446
125,-0.007267470471560955,-0.6171121001243591,-0.32660478353500366,0.12796418368816376,-0.5127641558647156,-0.18165338039398193,0.17072826623916626,-0.7727808952331543,-0.2724103033542633,-0.14068877696990967,-0.5006522536277771,-0.21513916552066803,-0.22005610167980194,-0.7187476754188538,-0.3081605136394501,0.16207553446292877,-1.0105888843536377,-0.33046770095825195,-0.19670473039150238,-0.9424788951873779,-0.3530057668685913,0.10536904633045197,-0.0006667665438726544,0.011353927664458752,-0.10576015710830688,0.00019357138080522418,-0.010175890289247036,0.11427012085914612,0.41437843441963196,0.02029571868479252,-0.12452410906553268,0.3897010385990143,-0.013281935825943947,0.17582650482654572,0.7528113126754761,0.1498628556728363,-0.1360805779695511,0.7444081902503967,0.10254870355129242
126,-0.005434656981378794,-0.6181663870811462,-0.32164266705513,0.12822705507278442,-0.5131199359893799,-0.17806503176689148,0.16973157227039337,-0.7727816700935364,-0.26892444491386414,-0.13889798521995544,-0.5012871026992798,-0.21428349614143372,-0.2194586545228958,-0.7217630743980408,-0.30668261647224426,0.16145512461662292,-1.0102248191833496,-0.32684510946273804,-0.1954665631055832,-0.9447592496871948,-0.3518272042274475,0.10519877076148987,-0.0005056791706010699,0.012239131145179272,-0.10558585822582245,3.663692041300237e-05,-0.011062786914408207,0.11541692167520523,0.4141924977302551,0.02064068242907524,-0.1251872032880783,0.38924095034599304,-0.014247057028114796,0.17597736418247223,0.7530847191810608,0.14926619827747345,-0.13845306634902954,0.74323570728302,0.10168799757957458
127,-0.0055019911378622055,-0.6198658347129822,-0.32121241092681885,0.1265796273946762,-0.5130574703216553,-0.17781120538711548,0.16905860602855682,-0.7742576003074646,-0.2681376039981842,-0.13878478109836578,-0.5019330978393555,-0.2139352411031723,-0.2156234234571457,-0.7336858510971069,-0.3110983967781067,0.16129790246486664,-1.011643409729004,-0.3256152868270874,-0.18530002236366272,-0.9652628898620605,-0.3513460159301758,0.10508747398853302,-0.0004831668920814991,0.0131907407194376,-0.10547364503145218,1.4372022633324377e-05,-0.012032066471874714,0.12526096403598785,0.41052165627479553,0.01662389189004898,-0.12594382464885712,0.38922110199928284,-0.020129112526774406,0.1904677301645279,0.7515318393707275,0.14333605766296387,-0.1394772231578827,0.7435175180435181,0.09333435446023941
128,-0.005541638471186161,-0.6172372102737427,-0.3252922594547272,0.12391913682222366,-0.5136209726333618,-0.17809583246707916,0.1666516214609146,-0.7775513529777527,-0.2661755681037903,-0.139361172914505,-0.5027115345001221,-0.22738854587078094,-0.21340616047382355,-0.7348197102546692,-0.32854536175727844,0.15965059399604797,-1.0162016153335571,-0.32220008969306946,-0.18222646415233612,-0.9641611576080322,-0.362320214509964,0.1050434336066246,-0.0006197410984896123,0.015475559048354626,-0.10543361306190491,0.00015270907897502184,-0.014307690784335136,0.12711971998214722,0.4074757695198059,0.019083412364125252,-0.12653875350952148,0.38865548372268677,-0.024567602202296257,0.1917455494403839,0.7396779656410217,0.1603228747844696,-0.1374543458223343,0.7382803559303284,0.09400895237922668
129,-0.004891421180218458,-0.6152669191360474,-0.33458754420280457,0.12479045987129211,-0.5132166147232056,-0.18159325420856476,0.16742390394210815,-0.7785429358482361,-0.2672829031944275,-0.13896776735782623,-0.5019774436950684,-0.23514783382415771,-0.21315808594226837,-0.7345213294029236,-0.33560845255851746,0.1617908924818039,-1.018355131149292,-0.3229471445083618,-0.18254351615905762,-0.9632236361503601,-0.3739812970161438,0.10500261932611465,-0.0006297751097008586,0.01613067276775837,-0.10539546608924866,0.0001632535131648183,-0.014959502033889294,0.12840527296066284,0.40575024485588074,0.023268187418580055,-0.1263127326965332,0.387561559677124,-0.023688506335020065,0.18949027359485626,0.7380759716033936,0.16148629784584045,-0.14322251081466675,0.7364587187767029,0.09646223485469818
130,-0.005743062123656273,-0.6101767420768738,-0.3454591929912567,0.12234438955783844,-0.5112180709838867,-0.19046495854854584,0.1658802330493927,-0.7784074544906616,-0.2801344394683838,-0.1399172693490982,-0.4986146092414856,-0.2469996064901352,-0.21320150792598724,-0.7240789532661438,-0.35214167833328247,0.16110660135746002,-1.0202711820602417,-0.3370116055011749,-0.18305635452270508,-0.9558534026145935,-0.3948887884616852,0.10478868335485458,-0.0006251047598198056,0.017321782186627388,-0.10518894344568253,0.00016059762856457382,-0.016137657687067986,0.12821798026561737,0.4039108455181122,0.026603659614920616,-0.126186341047287,0.3865739107131958,-0.037860553711652756,0.19038914144039154,0.7365033626556396,0.16454799473285675,-0.14474859833717346,0.7365877032279968,0.06965143233537674
131,-0.009469167329370975,-0.6112929582595825,-0.34334632754325867,0.12114658951759338,-0.5132981538772583,-0.18995635211467743,0.16331107914447784,-0.7837658524513245,-0.27958428859710693,-0.14075908064842224,-0.49880364537239075,-0.24401983618736267,-0.2135399580001831,-0.7274307608604431,-0.34868934750556946,0.1578909009695053,-1.0262850522994995,-0.3325556814670563,-0.18590526282787323,-0.9579750895500183,-0.38943424820899963,0.10475468635559082,-0.0007075689500197768,0.017478205263614655,-0.1051630824804306,0.0002538883127272129,-0.01630355417728424,0.13304592669010162,0.39975422620773315,0.0223850030452013,-0.12798210978507996,0.3840729296207428,-0.03729507699608803,0.19025234878063202,0.7316182851791382,0.16384755074977875,-0.14511145651340485,0.729167103767395,0.07454164326190948
132,-0.011702781543135643,-0.6132307648658752,-0.3451060354709625,0.12108973413705826,-0.5128925442695618,-0.2012978047132492,0.16292381286621094,-0.784165620803833,-0.29819467663764954,-0.14063525199890137,-0.5001770853996277,-0.24344739317893982,-0.20587579905986786,-0.741759181022644,-0.3471851944923401,0.15635240077972412,-1.030983328819275,-0.345954567193985,-0.18079353868961334,-0.9796183109283447,-0.3862897753715515,0.10474836081266403,-0.0010804187040776014,0.01594875566661358,-0.10516656190156937,0.0006345374858938158,-0.014728272333741188,0.13284307718276978,0.39540666341781616,0.02145792357623577,-0.14037588238716125,0.3718295991420746,-0.03649270161986351,0.18309032917022705,0.7209171056747437,0.16550414264202118,-0.1626049131155014,0.7084958553314209,0.09259404242038727
133,-0.010504525154829025,-0.6137851476669312,-0.3468702435493469,0.12220710515975952,-0.513054370880127,-0.20580168068408966,0.16353057324886322,-0.7877113223075867,-0.30120962858200073,-0.1399281919002533,-0.502008855342865,-0.2426697462797165,-0.2065131664276123,-0.7445079684257507,-0.33845770359039307,0.1552617847919464,-1.0362118482589722,-0.3480616807937622,-0.1812293976545334,-0.9794175624847412,-0.3791469931602478,0.10492885857820511,-0.0011764635564759374,0.014838088303804398,-0.1053541973233223,0.0007428417447954416,-0.013593563809990883,0.13296514749526978,0.395342618227005,0.020752906799316406,-0.14982543885707855,0.36439380049705505,-0.040376391261816025,0.1822231262922287,0.7135131359100342,0.18251408636569977,-0.16669516265392303,0.6925578713417053,0.09841010719537735
134,-0.012227681465446949,-0.6077916622161865,-0.3586268424987793,0.12233104556798935,-0.5103488564491272,-0.21860836446285248,0.16395185887813568,-0.7826877236366272,-0.32339733839035034,-0.13991805911064148,-0.49941113591194153,-0.24920044839382172,-0.20621012151241302,-0.7362134456634521,-0.34148868918418884,0.15520091354846954,-1.031246542930603,-0.3714570701122284,-0.18154726922512054,-0.9696564078330994,-0.38896480202674866,0.10494542866945267,-0.001246569911018014,0.01401786133646965,-0.1053769588470459,0.0008177822455763817,-0.012754078954458237,0.13257154822349548,0.3937392830848694,0.02148159220814705,-0.1491132378578186,0.3622443377971649,-0.0368155762553215,0.1796111762523651,0.711203932762146,0.18593743443489075,-0.17065607011318207,0.6919447183609009,0.10829371958971024
135,-0.013973817229270935,-0.6027010083198547,-0.35961925983428955,0.1196170523762703,-0.5089199542999268,-0.21702872216701508,0.16378848254680634,-0.7831817865371704,-0.32104697823524475,-0.1406784951686859,-0.49680280685424805,-0.2510404884815216,-0.20633968710899353,-0.7347691655158997,-0.34636276960372925,0.15633784234523773,-1.0328682661056519,-0.37129783630371094,-0.18174739181995392,-0.9693695306777954,-0.39524590969085693,0.10471279174089432,-0.001257179887033999,0.013719441369175911,-0.10515904426574707,0.0008331168792210519,-0.012472445145249367,0.1327211856842041,0.3890487253665924,0.005710580851882696,-0.15166153013706207,0.36051538586616516,-0.048505160957574844,0.17952406406402588,0.7076330184936523,0.15957021713256836,-0.17013324797153473,0.6932862997055054,0.09557976573705673
136,-0.01636909879744053,-0.6015617251396179,-0.36042413115501404,0.11939246952533722,-0.5078336000442505,-0.2175779789686203,0.1645001918077469,-0.7831968069076538,-0.3222872018814087,-0.14237985014915466,-0.49559810757637024,-0.2520521581172943,-0.21008330583572388,-0.7342619299888611,-0.3465855121612549,0.1569884866476059,-1.0334582328796387,-0.3716736137866974,-0.1859825998544693,-0.9692150950431824,-0.39552047848701477,0.10473239421844482,-0.0013425215147435665,0.01302309613674879,-0.10518955439329147,0.0009291395545005798,-0.011780603788793087,0.13265460729599,0.3884003460407257,0.0020086311269551516,-0.15249498188495636,0.35714003443717957,-0.05578600987792015,0.17872820794582367,0.7080937623977661,0.15703310072422028,-0.16978000104427338,0.6910092234611511,0.089150071144104
137,-0.021628115326166153,-0.5965687036514282,-0.3612138032913208,0.11938779056072235,-0.5002543926239014,-0.22107654809951782,0.1656051129102707,-0.7768749594688416,-0.33433449268341064,-0.14238668978214264,-0.49216586351394653,-0.2512623369693756,-0.2101844996213913,-0.732460081577301,-0.34454622864723206,0.15972991287708282,-1.0280017852783203,-0.3874267637729645,-0.18762966990470886,-0.967268705368042,-0.3948870003223419,0.10477674007415771,-0.0013609968591481447,0.011752774938941002,-0.10524468123912811,0.0009510618401691318,-0.010526115074753761,0.13288509845733643,0.378312885761261,-0.04418756067752838,-0.15513646602630615,0.35459378361701965,-0.08186157792806625,0.18009613454341888,0.704124391078949,0.10098165273666382,-0.16517432034015656,0.692045271396637,0.05476637929677963
138,-0.02147991582751274,-0.596526563167572,-0.3647342622280121,0.11939723789691925,-0.49848663806915283,-0.2231733500957489,0.16682879626750946,-0.7759712934494019,-0.3329044282436371,-0.14212831854820251,-0.49125590920448303,-0.25372254848480225,-0.2072143405675888,-0.7324373722076416,-0.34704065322875977,0.16514888405799866,-1.0276570320129395,-0.38412293791770935,-0.1818106472492218,-0.9672942757606506,-0.3977694511413574,0.10484233498573303,-0.001446621841751039,0.011732617393136024,-0.1053222194314003,0.0010405958164483309,-0.010506786406040192,0.13579592108726501,0.3787935674190521,-0.0333249494433403,-0.1548539102077484,0.35450366139411926,-0.0769408717751503,0.18208390474319458,0.703407883644104,0.10934550315141678,-0.16319818794727325,0.6911247372627258,0.059312671422958374
139,-0.022957798093557358,-0.588672935962677,-0.3813093602657318,0.1188153624534607,-0.49337631464004517,-0.23627978563308716,0.16693459451198578,-0.7654057145118713,-0.34785282611846924,-0.1426536589860916,-0.4856386184692383,-0.2634289860725403,-0.20758727192878723,-0.7199503183364868,-0.35631293058395386,0.16504579782485962,-1.0158162117004395,-0.398515909910202,-0.18205274641513824,-0.9551196694374084,-0.4094201326370239,0.10497944056987762,-0.0015551618998870254,0.011567188426852226,-0.10547133535146713,0.0011480925604701042,-0.010340534150600433,0.13573671877384186,0.376067578792572,-0.03790688142180443,-0.1546030044555664,0.3547082543373108,-0.07822778820991516,0.18148952722549438,0.6988048553466797,0.11380830407142639,-0.16245189309120178,0.6921908259391785,0.06018275022506714
140,-0.022854117676615715,-0.5871979594230652,-0.3794970214366913,0.11896657198667526,-0.49018481373786926,-0.2354772984981537,0.17196133732795715,-0.7654882669448853,-0.34533247351646423,-0.1427975594997406,-0.4833284616470337,-0.2625166177749634,-0.21088823676109314,-0.7198700308799744,-0.35585686564445496,0.16820049285888672,-1.0160369873046875,-0.39575839042663574,-0.18601550161838531,-0.9555857181549072,-0.4060201644897461,0.10510338097810745,-0.0015235570026561618,0.011291484348475933,-0.1056138351559639,0.0011291998671367764,-0.010079415515065193,0.1360398828983307,0.3680339753627777,-0.08074384182691574,-0.1536996066570282,0.3439486026763916,-0.11144120246171951,0.18127848207950592,0.6958563923835754,0.06434716284275055,-0.15131433308124542,0.6852293014526367,0.02158302441239357
141,-0.02239484339952469,-0.5874593257904053,-0.37891703844070435,0.11894076317548752,-0.4897034466266632,-0.23391637206077576,0.17392271757125854,-0.7658852934837341,-0.34332266449928284,-0.14310015738010406,-0.48145121335983276,-0.26519840955734253,-0.21099357306957245,-0.7201762199401855,-0.3623403012752533,0.17050394415855408,-1.0163424015045166,-0.39358603954315186,-0.18604588508605957,-0.9558065533638,-0.41267892718315125,0.10518711805343628,-0.0015717222122475505,0.011429491452872753,-0.10571081936359406,0.0011817545164376497,-0.010227153077721596,0.1377735733985901,0.36885562539100647,-0.07226166129112244,-0.1543467491865158,0.3459530770778656,-0.10359213501214981,0.1848621666431427,0.6959441900253296,0.07163506001234055,-0.15281540155410767,0.6859323382377625,0.02820710279047489
142,-0.022315500304102898,-0.5875322818756104,-0.37810495495796204,0.11900433152914047,-0.48982688784599304,-0.23336084187030792,0.17521536350250244,-0.7661283016204834,-0.34188762307167053,-0.14328446984291077,-0.4795207679271698,-0.26510515809059143,-0.21184484660625458,-0.7193898558616638,-0.36251387000083923,0.17184673249721527,-1.0166770219802856,-0.3919856548309326,-0.18895943462848663,-0.9550768136978149,-0.41341131925582886,0.10523671656847,-0.0016117003979161382,0.011663803830742836,-0.10576900839805603,0.0012267077108845115,-0.01046906691044569,0.13863255083560944,0.3693775236606598,-0.061799854040145874,-0.15301135182380676,0.3466385006904602,-0.10223136097192764,0.18532037734985352,0.696037232875824,0.0960674062371254,-0.15302865207195282,0.6862608790397644,0.040295954793691635
143,-0.021989600732922554,-0.5864351391792297,-0.3835917115211487,0.11948753148317337,-0.4894757866859436,-0.23528428375720978,0.17619241774082184,-0.764034628868103,-0.3419179320335388,-0.14326778054237366,-0.4767184853553772,-0.27060365676879883,-0.2125675529241562,-0.713767409324646,-0.36664918065071106,0.17084448039531708,-1.0137311220169067,-0.39185208082199097,-0.19079191982746124,-0.9495429992675781,-0.41707366704940796,0.10542064905166626,-0.0018417889950796962,0.011893789283931255,-0.10596100240945816,0.0014550002524629235,-0.010695535689592361,0.13863539695739746,0.36915120482444763,-0.05021253600716591,-0.1528482586145401,0.3469657003879547,-0.08631955087184906,0.1852884292602539,0.6907191872596741,0.1250474601984024,-0.15380282700061798,0.6847995519638062,0.06992402672767639
144,-0.025643253698945045,-0.5741950869560242,-0.3890811502933502,0.12167811393737793,-0.4759061336517334,-0.247187077999115,0.18054570257663727,-0.7424214482307434,-0.3608580529689789,-0.13946577906608582,-0.47164368629455566,-0.27018946409225464,-0.2041088491678238,-0.7100865244865417,-0.35660409927368164,0.17308533191680908,-0.9943699836730957,-0.407118558883667,-0.18877552449703217,-0.9488016366958618,-0.4049992263317108,0.1058650091290474,-0.0018550934037193656,0.01102821622043848,-0.10642565041780472,0.0014752697898074985,-0.009844006970524788,0.13915200531482697,0.3573906421661377,-0.11793263256549835,-0.15512332320213318,0.3339332044124603,-0.14412346482276917,0.1799825131893158,0.6779898405075073,0.05662667006254196,-0.149489626288414,0.6722288727760315,0.01021003071218729
145,-0.025605784729123116,-0.574561357498169,-0.38906681537628174,0.1226498931646347,-0.4769482910633087,-0.24804623425006866,0.185397669672966,-0.7448971271514893,-0.3626629114151001,-0.13670127093791962,-0.47152239084243774,-0.26979926228523254,-0.20025432109832764,-0.7094761729240417,-0.35661473870277405,0.1751507967710495,-0.996862530708313,-0.4093617796897888,-0.18695572018623352,-0.9492173194885254,-0.40659528970718384,0.1058994010090828,-0.0018735146149992943,0.010876287706196308,-0.10646405071020126,0.0014971285127103329,-0.009708461351692677,0.13961538672447205,0.35650184750556946,-0.09746281057596207,-0.15400908887386322,0.33529943227767944,-0.1304323524236679,0.17919635772705078,0.6726497411727905,0.07834954559803009,-0.14963611960411072,0.6728055477142334,0.01611274667084217
146,-0.02422584779560566,-0.5753511190414429,-0.3871394693851471,0.12268301844596863,-0.47727862000465393,-0.24366696178913116,0.1852579265832901,-0.7462182641029358,-0.3541093170642853,-0.13649554550647736,-0.471049964427948,-0.2678018808364868,-0.20065881311893463,-0.7073767185211182,-0.35410791635513306,0.17574231326580048,-0.9999347925186157,-0.39950278401374817,-0.1933739185333252,-0.9464055299758911,-0.4028990566730499,0.105930395424366,-0.0014742191415280104,0.010928279720246792,-0.10649769753217697,0.0011175943072885275,-0.009766381233930588,0.14123058319091797,0.3509990870952606,-0.1030554547905922,-0.15337911248207092,0.3287983238697052,-0.14751793444156647,0.17938970029354095,0.6651598811149597,0.07751699537038803,-0.14903806149959564,0.6672878861427307,0.003865559585392475
147,-0.02213999442756176,-0.5754812955856323,-0.38694536685943604,0.12460757791996002,-0.47591471672058105,-0.2432917058467865,0.18917877972126007,-0.7425717711448669,-0.3536747395992279,-0.13621334731578827,-0.4711282253265381,-0.2675001621246338,-0.200951486825943,-0.7084977626800537,-0.3541358709335327,0.18058240413665771,-0.9980419278144836,-0.39927148818969727,-0.19320645928382874,-0.9496331214904785,-0.40276509523391724,0.10620784014463425,-0.0011742131318897009,0.01085726823657751,-0.10678927600383759,0.0008367627742700279,-0.009698220528662205,0.1428457349538803,0.3460456430912018,-0.11195444315671921,-0.15500661730766296,0.31134477257728577,-0.1701645404100418,0.1812562644481659,0.6559767127037048,0.07598228752613068,-0.14834043383598328,0.6504790782928467,-0.011891555041074753
148,-0.020695392042398453,-0.5761404633522034,-0.3845883905887604,0.12815962731838226,-0.47596466541290283,-0.24246284365653992,0.1921555995941162,-0.7380800247192383,-0.35334521532058716,-0.134413480758667,-0.47131797671318054,-0.26252439618110657,-0.20144620537757874,-0.704822301864624,-0.3464353382587433,0.18135878443717957,-0.9945586919784546,-0.39914846420288086,-0.19445237517356873,-0.9431236982345581,-0.39513474702835083,0.10660747438669205,-0.0011809729039669037,0.01051376387476921,-0.10720153898000717,0.000849061063490808,-0.009358242154121399,0.15260829031467438,0.3360999822616577,-0.13639821112155914,-0.1625923216342926,0.30927422642707825,-0.1748514622449875,0.19349463284015656,0.6377310156822205,0.0681048110127449,-0.14832110702991486,0.6454994082450867,-0.010226070880889893
149,-0.020609969273209572,-0.5809405446052551,-0.38322022557258606,0.12853218615055084,-0.4761025011539459,-0.24085932970046997,0.19233597815036774,-0.7364243865013123,-0.34840309619903564,-0.13462434709072113,-0.4712375998497009,-0.25821295380592346,-0.20829536020755768,-0.6976801753044128,-0.33628755807876587,0.1821145862340927,-0.9943276643753052,-0.39609143137931824,-0.20903077721595764,-0.9365570545196533,-0.38694149255752563,0.10701864212751389,-0.0011591508518904448,0.010185598395764828,-0.10760534554719925,0.0008319835178554058,-0.009020550176501274,0.15986968576908112,0.3267669081687927,-0.1469801515340805,-0.16880492866039276,0.2978215515613556,-0.1929291933774948,0.19424115121364594,0.6199133992195129,0.06584980338811874,-0.15372537076473236,0.6390993595123291,-0.03206320106983185
150,-0.018392980098724365,-0.5804577469825745,-0.3809557855129242,0.13411949574947357,-0.4735785126686096,-0.2395251840353012,0.19466480612754822,-0.7261407375335693,-0.34772732853889465,-0.1346130073070526,-0.4682929515838623,-0.25266996026039124,-0.2225654125213623,-0.6848252415657043,-0.333662211894989,0.18275606632232666,-0.9877155423164368,-0.3960258662700653,-0.21210050582885742,-0.9254426956176758,-0.38638296723365784,0.10821902751922607,-0.0011294775176793337,0.009649751707911491,-0.10881515592336655,0.0008074670331552625,-0.008489006198942661,0.15915276110172272,0.32125163078308105,-0.1699128895998001,-0.17475676536560059,0.28124648332595825,-0.22584548592567444,0.1942155510187149,0.6162134408950806,0.03485763072967529,-0.15263545513153076,0.6305851936340332,-0.0635966956615448
151,-0.018333442509174347,-0.5806728005409241,-0.3743823170661926,0.13438037037849426,-0.47227025032043457,-0.23393812775611877,0.19932740926742554,-0.7253363728523254,-0.341052383184433,-0.13506345450878143,-0.46817684173583984,-0.24545195698738098,-0.22160392999649048,-0.6858975887298584,-0.32414478063583374,0.1941443234682083,-0.9866781234741211,-0.3909299373626709,-0.21071061491966248,-0.9285680651664734,-0.37617164850234985,0.10896874964237213,-0.0011214722180739045,0.009347611106932163,-0.10954312235116959,0.0008016112260520458,-0.008175450377166271,0.16929841041564941,0.30557912588119507,-0.2030249983072281,-0.17908306419849396,0.2636914551258087,-0.23179516196250916,0.20060716569423676,0.5957621932029724,0.0029420272912830114,-0.15363842248916626,0.6126498579978943,-0.06246154010295868
152,-0.020911380648612976,-0.5766704678535461,-0.37664714455604553,0.1343335658311844,-0.47179657220840454,-0.23654648661613464,0.1950833946466446,-0.7258074879646301,-0.34865450859069824,-0.13632208108901978,-0.46522364020347595,-0.24566449224948883,-0.22758029401302338,-0.6834745407104492,-0.3250611424446106,0.1815991848707199,-0.9866104125976562,-0.3992871344089508,-0.21084780991077423,-0.9281064867973328,-0.37717193365097046,0.11000044643878937,-0.0011132791405543685,0.007700518239289522,-0.11054713279008865,0.0007967850542627275,-0.006570074241608381,0.16816867887973785,0.27937573194503784,-0.2600978910923004,-0.18972676992416382,0.23073285818099976,-0.2650461494922638,0.1812533438205719,0.564730703830719,-0.06819110363721848,-0.15425820648670197,0.5886747241020203,-0.10808242112398148
153,-0.01750921458005905,-0.5777084231376648,-0.3648587763309479,0.13418051600456238,-0.4716781973838806,-0.22630177438259125,0.19758816063404083,-0.7262632250785828,-0.33368659019470215,-0.1386086791753769,-0.4653412103652954,-0.24180738627910614,-0.22856615483760834,-0.685677707195282,-0.32125186920166016,0.19078512489795685,-0.9877689480781555,-0.3851631283760071,-0.21172365546226501,-0.9332160949707031,-0.37227508425712585,0.11047466099262238,-0.0010429836111143231,0.007709577679634094,-0.11101564019918442,0.0007338077411986887,-0.006572752259671688,0.16757820546627045,0.2811928987503052,-0.24219904839992523,-0.1888212263584137,0.2248782366514206,-0.26871681213378906,0.18210521340370178,0.5654159188270569,-0.04991503059864044,-0.15432602167129517,0.5762993693351746,-0.1036919504404068
154,-0.018782297149300575,-0.5783085227012634,-0.3655511438846588,0.13650985062122345,-0.47181496024131775,-0.2280668169260025,0.19842523336410522,-0.7265082001686096,-0.3403638005256653,-0.138039231300354,-0.4645877182483673,-0.24139748513698578,-0.2282315343618393,-0.6820796728134155,-0.3210207223892212,0.18986082077026367,-0.9889022707939148,-0.3934992253780365,-0.21307753026485443,-0.9291268587112427,-0.37297120690345764,0.11132964491844177,-0.0010398724116384983,0.007123947609215975,-0.11185664683580399,0.00073554168920964,-0.005978338420391083,0.16924864053726196,0.26454100012779236,-0.2688857316970825,-0.19269776344299316,0.20899347960948944,-0.28104323148727417,0.1828424632549286,0.5416989922523499,-0.07435236126184464,-0.15290360152721405,0.5591966509819031,-0.118899405002594
155,-0.01861192286014557,-0.576285183429718,-0.36585238575935364,0.139658123254776,-0.47176870703697205,-0.22882558405399323,0.19974443316459656,-0.7262197136878967,-0.3439147472381592,-0.1370859593153,-0.4641209542751312,-0.23924382030963898,-0.22801350057125092,-0.6791858673095703,-0.3179870545864105,0.18968459963798523,-0.9884101748466492,-0.39870685338974,-0.2134638875722885,-0.9279721975326538,-0.37347468733787537,0.11190251260995865,-0.000953332579229027,0.006684145890176296,-0.11239499598741531,0.000651398382615298,-0.005521988496184349,0.16754162311553955,0.2633989453315735,-0.2737812101840973,-0.19786898791790009,0.20263215899467468,-0.2845756709575653,0.18326367437839508,0.5295000076293945,-0.07078684866428375,-0.15269294381141663,0.5404021739959717,-0.11498110741376877
156,-0.019238140434026718,-0.5762704014778137,-0.3661048710346222,0.13706961274147034,-0.4710882008075714,-0.22896508872509003,0.19465743005275726,-0.7245468497276306,-0.3438878655433655,-0.14026011526584625,-0.46024835109710693,-0.23711350560188293,-0.23635362088680267,-0.674454927444458,-0.316145122051239,0.1877123862504959,-0.9877620935440063,-0.39681747555732727,-0.2145039588212967,-0.9277198314666748,-0.3700348138809204,0.11217774450778961,-0.0009708834113553166,0.0062867505475878716,-0.11265463382005692,0.0006688294815830886,-0.005097508430480957,0.16164752840995789,0.2635960876941681,-0.2702474892139435,-0.21118365228176117,0.1966678947210312,-0.28679531812667847,0.17900176346302032,0.5302438735961914,-0.06877487152814865,-0.1546899974346161,0.5315324068069458,-0.11462897807359695
157,-0.01927485689520836,-0.5797052979469299,-0.3567367196083069,0.13534116744995117,-0.47139987349510193,-0.22096826136112213,0.19424444437026978,-0.7293649315834045,-0.3341206908226013,-0.14508065581321716,-0.4596969783306122,-0.23090647161006927,-0.24260441958904266,-0.6750631928443909,-0.31375038623809814,0.18692751228809357,-0.9953548908233643,-0.38284340500831604,-0.22699491679668427,-0.9280834794044495,-0.36655163764953613,0.11268281936645508,-0.0010519506176933646,0.006148521322757006,-0.11316656321287155,0.0007528746500611305,-0.004946722183376551,0.15394294261932373,0.2493685483932495,-0.2864583730697632,-0.20966362953186035,0.17817018926143646,-0.30927425622940063,0.17230305075645447,0.5097612738609314,-0.08223628997802734,-0.1446930468082428,0.5213839411735535,-0.14352746307849884
158,-0.022753410041332245,-0.5761063098907471,-0.3575954735279083,0.13530613481998444,-0.47008275985717773,-0.22211040556430817,0.19275711476802826,-0.7253108024597168,-0.33902814984321594,-0.1458648294210434,-0.45537248253822327,-0.2309868186712265,-0.24176141619682312,-0.6704594492912292,-0.3139810264110565,0.18615636229515076,-0.99381023645401,-0.38742831349372864,-0.22607864439487457,-0.9279652237892151,-0.36689823865890503,0.11362739652395248,-0.0012609116965904832,0.005533135030418634,-0.11408446729183197,0.0009611079003661871,-0.0042871637269854546,0.15416474640369415,0.22300949692726135,-0.31882625818252563,-0.21191389858722687,0.15975593030452728,-0.31371650099754333,0.1603119671344757,0.47744977474212646,-0.09954770654439926,-0.1449711173772812,0.5104840993881226,-0.14906993508338928
159,-0.027640298008918762,-0.5765836834907532,-0.35232675075531006,0.13258971273899078,-0.4699496328830719,-0.21875399351119995,0.19079458713531494,-0.722083330154419,-0.33448562026023865,-0.15028738975524902,-0.4554630517959595,-0.22402824461460114,-0.24346545338630676,-0.670834481716156,-0.3065001964569092,0.18711455166339874,-0.9914575815200806,-0.38597482442855835,-0.22648921608924866,-0.9279783368110657,-0.36385664343833923,0.11404582858085632,-0.001648615230806172,0.005267458502203226,-0.11449529230594635,0.001337521243840456,-0.0039835101924836636,0.16117079555988312,0.2059655487537384,-0.3229772746562958,-0.22712798416614532,0.1552008092403412,-0.31120750308036804,0.1620628982782364,0.4596352279186249,-0.1071079894900322,-0.14582626521587372,0.5012193918228149,-0.14884784817695618
160,-0.024575870484113693,-0.5772079229354858,-0.3514813482761383,0.1351427137851715,-0.46894508600234985,-0.21615053713321686,0.19258004426956177,-0.7211430072784424,-0.33069297671318054,-0.15034912526607513,-0.4547366201877594,-0.2215907722711563,-0.2474118024110794,-0.667131781578064,-0.30139780044555664,0.1917482167482376,-0.9910945296287537,-0.3820730149745941,-0.23254172503948212,-0.923759400844574,-0.35427990555763245,0.11485561728477478,-0.0017654139082878828,0.005153668578714132,-0.11527770757675171,0.0014481189427897334,-0.0038337705191224813,0.16395196318626404,0.20240087807178497,-0.3301784098148346,-0.23437054455280304,0.15343117713928223,-0.3092401325702667,0.16309164464473724,0.4637361466884613,-0.11212947964668274,-0.15032453835010529,0.4898744523525238,-0.1456741988658905
161,-0.02802697755396366,-0.5743616223335266,-0.351875901222229,0.13519658148288727,-0.4676530659198761,-0.22013647854328156,0.19195549190044403,-0.7125592827796936,-0.3424862325191498,-0.1504439115524292,-0.452532559633255,-0.2206970602273941,-0.24351954460144043,-0.6583885550498962,-0.3020307421684265,0.191583052277565,-0.9868893027305603,-0.3919360637664795,-0.22180700302124023,-0.9198316335678101,-0.3549233078956604,0.11563624441623688,-0.001934985863044858,0.004383188206702471,-0.11604586243629456,0.0015975732821971178,-0.0030214658472687006,0.19478988647460938,0.1759556382894516,-0.3378952741622925,-0.23892201483249664,0.11632124334573746,-0.31974557042121887,0.16295990347862244,0.3981266915798187,-0.10946425050497055,-0.1535777747631073,0.47551050782203674,-0.15794192254543304
162,-0.025112876668572426,-0.5751451253890991,-0.3535279333591461,0.13726741075515747,-0.46629732847213745,-0.22071607410907745,0.19507402181625366,-0.7112775444984436,-0.34229952096939087,-0.1494075357913971,-0.4516923129558563,-0.2217133492231369,-0.24038547277450562,-0.654222309589386,-0.3079749047756195,0.2002166211605072,-0.9846950769424438,-0.391838014125824,-0.22072553634643555,-0.9120076298713684,-0.3704805076122284,0.11604075878858566,-0.0019159314688295126,0.004451792687177658,-0.1164492517709732,0.0015724182594567537,-0.0030823834240436554,0.20719951391220093,0.17968322336673737,-0.3322465419769287,-0.2371431291103363,0.11131594330072403,-0.3300599753856659,0.17605826258659363,0.40083467960357666,-0.10731811821460724,-0.1534508615732193,0.4720674455165863,-0.16825295984745026
163,-0.02439470961689949,-0.566065788269043,-0.35508888959884644,0.14129911363124847,-0.46532270312309265,-0.22249944508075714,0.20005296170711517,-0.7056095004081726,-0.34518563747406006,-0.14837683737277985,-0.4507324695587158,-0.22188490629196167,-0.23856182396411896,-0.6483265161514282,-0.30741554498672485,0.20590119063854218,-0.9795812964439392,-0.39724719524383545,-0.21604274213314056,-0.9064880013465881,-0.369598388671875,0.11676577478647232,-0.001811842666938901,0.0042610024102032185,-0.11713972687721252,0.0014628872741013765,-0.0028742009308189154,0.2040500044822693,0.1767035722732544,-0.339529812335968,-0.23589669167995453,0.10616514831781387,-0.3305647075176239,0.17591284215450287,0.4018341898918152,-0.11369097232818604,-0.1569669246673584,0.46041616797447205,-0.16847948729991913
164,-0.020163115113973618,-0.5754349827766418,-0.34405767917633057,0.14597199857234955,-0.46688318252563477,-0.21273401379585266,0.2069111317396164,-0.7073842287063599,-0.33209356665611267,-0.1461871862411499,-0.4535982310771942,-0.2097371220588684,-0.2386397272348404,-0.6487842798233032,-0.29230552911758423,0.2171107828617096,-0.9815661311149597,-0.38710618019104004,-0.21851208806037903,-0.9068849086761475,-0.3568539619445801,0.11700328439474106,-0.0016718824626877904,0.004222129471600056,-0.1173667162656784,0.0013218269450590014,-0.002834423677995801,0.20457077026367188,0.1684749871492386,-0.3411374092102051,-0.23654906451702118,0.11080415546894073,-0.32903483510017395,0.18126890063285828,0.4027042090892792,-0.12026645988225937,-0.15691545605659485,0.4599575996398926,-0.16719211637973785
165,-0.01863120123744011,-0.5564061999320984,-0.3620719611644745,0.1481814831495285,-0.45995616912841797,-0.22770129144191742,0.20836512744426727,-0.6927992701530457,-0.35209187865257263,-0.14533816277980804,-0.4480326473712921,-0.21968784928321838,-0.2359038144350052,-0.6346854567527771,-0.3069120943546295,0.21842098236083984,-0.9662038683891296,-0.4096713662147522,-0.21481367945671082,-0.8960093855857849,-0.3757140338420868,0.11777368187904358,-0.0014441012172028422,0.003943950403481722,-0.11809351295232773,0.001082480768673122,-0.0025227894075214863,0.1981377899646759,0.17028115689754486,-0.3503410816192627,-0.23725400865077972,0.1044396460056305,-0.3318367004394531,0.1797514110803604,0.4037330448627472,-0.13226763904094696,-0.16088570654392242,0.45118871331214905,-0.17505483329296112
166,-0.01862441562116146,-0.5578979253768921,-0.3602246642112732,0.14860130846500397,-0.45966556668281555,-0.2260376662015915,0.2088170349597931,-0.6942643523216248,-0.3508796691894531,-0.14573150873184204,-0.4478541314601898,-0.21662181615829468,-0.23927901685237885,-0.6366316080093384,-0.3037897050380707,0.22167493402957916,-0.9674928784370422,-0.4082731008529663,-0.2178543508052826,-0.8966423273086548,-0.37345877289772034,0.11819034814834595,-0.0013556894846260548,0.0036922520957887173,-0.1185074895620346,0.000986094935797155,-0.0022622840479016304,0.1978127658367157,0.16148050129413605,-0.35136985778808594,-0.2377944141626358,0.09733419865369797,-0.3329210877418518,0.17945173382759094,0.39644426107406616,-0.1399792581796646,-0.16079916059970856,0.44482359290122986,-0.18157167732715607
167,-0.016374967992305756,-0.5514761805534363,-0.3753735423088074,0.15035532414913177,-0.4500858187675476,-0.2406238168478012,0.2088329941034317,-0.6787343621253967,-0.3696293532848358,-0.14538390934467316,-0.4372647702693939,-0.2322346568107605,-0.239288792014122,-0.6073216795921326,-0.3521256148815155,0.221194788813591,-0.9524891376495361,-0.4281860291957855,-0.21802359819412231,-0.8690259456634521,-0.4451320469379425,0.11863751709461212,-0.0009199231280945241,0.003672369522973895,-0.1189393401145935,0.0005336192552931607,-0.002236288972198963,0.20026752352714539,0.16366152465343475,-0.35034510493278503,-0.23768845200538635,0.07958485931158066,-0.33778685331344604,0.16857722401618958,0.38181987404823303,-0.1389009654521942,-0.16091033816337585,0.4328213334083557,-0.18204692006111145
168,-0.013293206691741943,-0.5566321611404419,-0.36308908462524414,0.15233272314071655,-0.4504045844078064,-0.2283303290605545,0.2125188559293747,-0.6796598434448242,-0.35017478466033936,-0.14520683884620667,-0.43800732493400574,-0.2183222770690918,-0.24112889170646667,-0.6107362508773804,-0.30699366331100464,0.22998736798763275,-0.956092894077301,-0.4092347323894501,-0.22509801387786865,-0.87115877866745,-0.37486758828163147,0.1190543919801712,-0.00037300874828360975,0.003414049046114087,-0.1193387433886528,-1.3960535397927742e-05,-0.0019536959007382393,0.18387487530708313,0.16388250887393951,-0.3549121022224426,-0.24069662392139435,0.08103737980127335,-0.3354884684085846,0.16793324053287506,0.38684192299842834,-0.15510223805904388,-0.16836993396282196,0.4201467037200928,-0.18121150135993958
169,-0.012442306615412235,-0.5569108724594116,-0.35227200388908386,0.15544413030147552,-0.4531664252281189,-0.21913790702819824,0.21481333673000336,-0.6814023852348328,-0.3420698344707489,-0.14484138786792755,-0.43885526061058044,-0.20747391879558563,-0.24442698061466217,-0.6151697635650635,-0.2954821288585663,0.22871080040931702,-0.9570009708404541,-0.4028039276599884,-0.2320234626531601,-0.8756620287895203,-0.36576277017593384,0.11946509033441544,6.78088326822035e-05,0.0031102735083550215,-0.11973356455564499,-0.0004547733988147229,-0.0016390506643801928,0.17922115325927734,0.15667890012264252,-0.35917192697525024,-0.24225397408008575,0.07460879534482956,-0.3354467451572418,0.1679726392030716,0.38814985752105713,-0.16611002385616302,-0.17046773433685303,0.4108376204967499,-0.1897321492433548
170,-0.007590619381517172,-0.557893693447113,-0.3511268198490143,0.15616007149219513,-0.45351505279541016,-0.21285244822502136,0.21889089047908783,-0.6827031970024109,-0.33151617646217346,-0.14479847252368927,-0.4392600655555725,-0.20682808756828308,-0.24518245458602905,-0.6167957782745361,-0.29671573638916016,0.2385455220937729,-0.9587961435317993,-0.39003732800483704,-0.23786891996860504,-0.8773795962333679,-0.37019112706184387,0.11964508891105652,0.0011495590442791581,0.003638206049799919,-0.11989577114582062,-0.0015278159407898784,-0.002166948514059186,0.17907731235027313,0.15747922658920288,-0.3586048483848572,-0.2385987937450409,0.0747990608215332,-0.33701130747795105,0.1666186898946762,0.3891170620918274,-0.16336184740066528,-0.16803060472011566,0.40269196033477783,-0.1903461366891861
171,-0.008228296414017677,-0.5562623739242554,-0.3529552221298218,0.15620118379592896,-0.45366162061691284,-0.21867886185646057,0.2164909541606903,-0.6808086037635803,-0.3436278998851776,-0.14504623413085938,-0.4400339126586914,-0.20841023325920105,-0.2464922070503235,-0.6176130175590515,-0.2976604402065277,0.2246450036764145,-0.9576243162155151,-0.40434834361076355,-0.2359486073255539,-0.8786977529525757,-0.36992552876472473,0.12002934515476227,0.0012340443208813667,0.0027361318934708834,-0.12027645111083984,-0.0016190728638321161,-0.0012216141913086176,0.1729506403207779,0.16086812317371368,-0.36325275897979736,-0.2428508847951889,0.07378948479890823,-0.33413398265838623,0.16383913159370422,0.39019814133644104,-0.16126388311386108,-0.172247514128685,0.4026051163673401,-0.18274390697479248
172,-0.008525801822543144,-0.558241069316864,-0.3442270755767822,0.15641726553440094,-0.45598846673965454,-0.2098749876022339,0.21651910245418549,-0.6838889718055725,-0.33356931805610657,-0.1454789787530899,-0.4426251947879791,-0.19931304454803467,-0.24727141857147217,-0.6256471276283264,-0.28486743569374084,0.22618050873279572,-0.9602279663085938,-0.3948162794113159,-0.23642054200172424,-0.8900975584983826,-0.3539888858795166,0.12040718644857407,0.001335296081379056,0.0025561468210071325,-0.12065748870372772,-0.0017216344131156802,-0.0010248044272884727,0.17103706300258636,0.16070488095283508,-0.3636360764503479,-0.24518419802188873,0.07283495366573334,-0.3341655135154724,0.16379112005233765,0.39073389768600464,-0.17186161875724792,-0.17800545692443848,0.40454521775245667,-0.1920149177312851
173,-0.00888686254620552,-0.5540226697921753,-0.3515845835208893,0.15642742812633514,-0.4559997320175171,-0.2177066206932068,0.21617667376995087,-0.6825496554374695,-0.3425706923007965,-0.14547517895698547,-0.4426508843898773,-0.20609398186206818,-0.24765430390834808,-0.6227622032165527,-0.2965147793292999,0.22134611010551453,-0.9582061171531677,-0.40310126543045044,-0.23682519793510437,-0.8894733190536499,-0.3697283864021301,0.12048058956861496,0.0014014847110956907,0.0024249686393886805,-0.12073253840208054,-0.0017883256077766418,-0.0008927531307563186,0.17135271430015564,0.16081199049949646,-0.36332088708877563,-0.24509307742118835,0.07013329118490219,-0.3344368040561676,0.16335701942443848,0.39093518257141113,-0.17128591239452362,-0.1776002049446106,0.4047788381576538,-0.19154584407806396
174,-0.008399920538067818,-0.5572408437728882,-0.3440744876861572,0.15750688314437866,-0.45799532532691956,-0.20901800692081451,0.21712015569210052,-0.6868970394134521,-0.33129483461380005,-0.14545635879039764,-0.4459882080554962,-0.2006201148033142,-0.2475949227809906,-0.6326048374176025,-0.28633055090904236,0.2253286987543106,-0.9622683525085449,-0.3914296329021454,-0.23673711717128754,-0.8966817259788513,-0.35347217321395874,0.1206786185503006,0.0016227697487920523,0.0023739924654364586,-0.12093666940927505,-0.0020075514912605286,-0.0008386404369957745,0.16803507506847382,0.16088971495628357,-0.3630147874355316,-0.24506491422653198,0.06849534064531326,-0.33514603972435,0.16465939581394196,0.3911266028881073,-0.17369675636291504,-0.17775793373584747,0.4043055772781372,-0.19656139612197876
175,-0.01046849973499775,-0.5585224032402039,-0.3412252366542816,0.15750408172607422,-0.4588567316532135,-0.20720165967941284,0.21789905428886414,-0.6869997978210449,-0.33048295974731445,-0.14571624994277954,-0.44764244556427,-0.19790872931480408,-0.24720343947410583,-0.6347017288208008,-0.27810347080230713,0.22784607112407684,-0.9625663757324219,-0.3893854022026062,-0.2363610565662384,-0.8996144533157349,-0.34495627880096436,0.12090381979942322,0.001825820654630661,0.0020084772258996964,-0.12117335945367813,-0.0022166098933666945,-0.00047671078937128186,0.1719348132610321,0.16742266714572906,-0.36186593770980835,-0.24500945210456848,0.06095205619931221,-0.335522323846817,0.1622520089149475,0.38382381200790405,-0.16769255697727203,-0.17996861040592194,0.40022772550582886,-0.19614408910274506
176,-0.010548577643930912,-0.5665574073791504,-0.3263378143310547,0.15736007690429688,-0.4621666669845581,-0.19377754628658295,0.2189672440290451,-0.6933684945106506,-0.31379473209381104,-0.14667293429374695,-0.4537259340286255,-0.1851215660572052,-0.24946729838848114,-0.6475495100021362,-0.2638186812400818,0.23404279351234436,-0.9712151288986206,-0.3740851581096649,-0.23701216280460358,-0.9088824987411499,-0.3314027488231659,0.120984748005867,0.0019955586176365614,0.0019330563955008984,-0.12125391513109207,-0.002384901512414217,-0.0004038356419187039,0.16518861055374146,0.16668707132339478,-0.36169350147247314,-0.24501298367977142,0.06237603724002838,-0.3354198634624481,0.16231992840766907,0.3931298851966858,-0.1693495661020279,-0.1795279085636139,0.4034634828567505,-0.19655871391296387
177,-0.01143595203757286,-0.5664356350898743,-0.3330911099910736,0.15702985227108002,-0.462246298789978,-0.20036910474300385,0.21893565356731415,-0.6934037804603577,-0.3211129307746887,-0.14677149057388306,-0.45395296812057495,-0.18740956485271454,-0.2497573047876358,-0.6464579105377197,-0.2666165232658386,0.2339431345462799,-0.9711296558380127,-0.3844898045063019,-0.23685941100120544,-0.9081130027770996,-0.333099901676178,0.12109796702861786,0.0019454641733318567,0.001568382023833692,-0.12137135863304138,-0.0023333553690463305,-2.8380805815686472e-05,0.16293075680732727,0.17116641998291016,-0.3623000979423523,-0.24782299995422363,0.06955429166555405,-0.33537358045578003,0.16566887497901917,0.39834269881248474,-0.1692555546760559,-0.18784815073013306,0.41597267985343933,-0.19643108546733856
178,-0.011283311061561108,-0.5664846301078796,-0.33906248211860657,0.1569325178861618,-0.46256428956985474,-0.20665866136550903,0.2182374894618988,-0.6952430605888367,-0.32667824625968933,-0.14548484981060028,-0.45395076274871826,-0.19363845884799957,-0.2493477612733841,-0.6457871198654175,-0.26904937624931335,0.2325284481048584,-0.9719960689544678,-0.38783717155456543,-0.23440028727054596,-0.9077059626579285,-0.3348328173160553,0.12116362154483795,0.0019239210523664951,0.0013562027597799897,-0.12143760174512863,-0.00231118849478662,0.00019329137285239995,0.16163066029548645,0.18524159491062164,-0.3611511290073395,-0.24778930842876434,0.08402153849601746,-0.33382099866867065,0.16577108204364777,0.41118812561035156,-0.15458792448043823,-0.187097430229187,0.42776966094970703,-0.18440520763397217
179,-0.010498558171093464,-0.5664200782775879,-0.3579958379268646,0.15730541944503784,-0.4600435197353363,-0.22420722246170044,0.2193373292684555,-0.6934235095977783,-0.3446529507637024,-0.14081254601478577,-0.45384472608566284,-0.21194440126419067,-0.24120965600013733,-0.6460767984390259,-0.2870505154132843,0.2335832566022873,-0.9685958027839661,-0.40438637137413025,-0.2294159233570099,-0.9084726572036743,-0.357287734746933,0.12114512175321579,0.0017031269380822778,0.0012995703145861626,-0.12142488360404968,-0.002082991413772106,0.00024238612968474627,0.16281354427337646,0.19567057490348816,-0.3511379361152649,-0.24425065517425537,0.11033976078033447,-0.3308568596839905,0.17864640057086945,0.4308164417743683,-0.14164334535598755,-0.1856730729341507,0.45780590176582336,-0.1749524474143982
180,-0.010398154146969318,-0.5719245076179504,-0.3572361171245575,0.15686875581741333,-0.4601176083087921,-0.2234177440404892,0.21937726438045502,-0.6987712979316711,-0.33916306495666504,-0.14062170684337616,-0.4538007378578186,-0.21144837141036987,-0.24145056307315826,-0.6485438942909241,-0.2850441038608551,0.23507116734981537,-0.9725201725959778,-0.3982207477092743,-0.22922636568546295,-0.9092304706573486,-0.3545610308647156,0.12089310586452484,0.001549214473925531,0.0012872619554400444,-0.12118390947580338,-0.00191721401643008,0.000243155169300735,0.16217674314975739,0.20752984285354614,-0.3423990309238434,-0.2366252839565277,0.13303357362747192,-0.31829553842544556,0.17656981945037842,0.4589296579360962,-0.14203958213329315,-0.17314864695072174,0.480099081993103,-0.1677892506122589
181,-0.014651582576334476,-0.5736852288246155,-0.3557543158531189,0.15144053101539612,-0.4612663984298706,-0.2212168127298355,0.21673281490802765,-0.7017711997032166,-0.3339036703109741,-0.14285409450531006,-0.45419010519981384,-0.2108277529478073,-0.2430904358625412,-0.6506614089012146,-0.2850002348423004,0.23021775484085083,-0.9737580418586731,-0.39080652594566345,-0.2348422259092331,-0.9129970073699951,-0.3526478111743927,0.12058614194393158,0.0013736290857195854,0.0014892660547047853,-0.12087684124708176,-0.0017264061607420444,1.3661441698786803e-05,0.16040195524692535,0.2061929702758789,-0.34288471937179565,-0.23472455143928528,0.13762548565864563,-0.31864506006240845,0.1671624779701233,0.4609232246875763,-0.14045308530330658,-0.16889585554599762,0.48479604721069336,-0.16695649921894073
182,-0.013890686444938183,-0.5760953426361084,-0.3559923768043518,0.14619404077529907,-0.4637138247489929,-0.2206057459115982,0.21569626033306122,-0.7173510193824768,-0.3329727053642273,-0.1458161473274231,-0.4541876018047333,-0.22452586889266968,-0.2485537827014923,-0.657435953617096,-0.3087897300720215,0.22744335234165192,-0.9852531552314758,-0.3873121440410614,-0.23476646840572357,-0.9196230173110962,-0.3589668571949005,0.12016487866640091,0.001043057069182396,0.002463714685291052,-0.12048106640577316,-0.0013737689005210996,-0.0009942016331478953,0.15589958429336548,0.22006554901599884,-0.34047403931617737,-0.22811977565288544,0.14385075867176056,-0.325853168964386,0.1607695370912552,0.47187498211860657,-0.13220098614692688,-0.1632262021303177,0.4992152154445648,-0.16770896315574646
183,-0.020185120403766632,-0.5827958583831787,-0.3555883765220642,0.1398295909166336,-0.4674242436885834,-0.21882230043411255,0.2110678106546402,-0.7241367697715759,-0.3295227289199829,-0.14760775864124298,-0.45525437593460083,-0.22293345630168915,-0.25151681900024414,-0.658315122127533,-0.30630993843078613,0.22532254457473755,-0.9929567575454712,-0.3853180706501007,-0.24056914448738098,-0.91913902759552,-0.3629990220069885,0.11952228844165802,0.0009859636193141341,0.002672312082722783,-0.11989389359951019,-0.0013127370039001107,-0.0012320728274062276,0.15607278048992157,0.2332792431116104,-0.31802263855934143,-0.2223220318555832,0.15156449377536774,-0.3259720206260681,0.160939559340477,0.47808530926704407,-0.10816796869039536,-0.15739162266254425,0.5153575539588928,-0.16728413105010986
184,-0.020689072087407112,-0.582798182964325,-0.36129236221313477,0.13576814532279968,-0.4674200415611267,-0.2219715416431427,0.20611952245235443,-0.7243026494979858,-0.3323495090007782,-0.147970512509346,-0.4553547501564026,-0.22869162261486053,-0.2523449957370758,-0.6598838567733765,-0.3130478858947754,0.22182469069957733,-0.9937834143638611,-0.38671875,-0.24144671857357025,-0.920052170753479,-0.37080055475234985,0.11866775155067444,0.0007535576587542892,0.002919775666669011,-0.11907768249511719,-0.0010728886118158698,-0.0015134080313146114,0.1535501331090927,0.24677599966526031,-0.2955760061740875,-0.21317194402217865,0.16589698195457458,-0.32337358593940735,0.1611173301935196,0.4994798004627228,-0.09210183471441269,-0.1497235745191574,0.5264550447463989,-0.16018551588058472
185,-0.02461269497871399,-0.5817204117774963,-0.3654850721359253,0.12759363651275635,-0.4676271975040436,-0.22168630361557007,0.19737043976783752,-0.72701096534729,-0.33186018466949463,-0.1520930528640747,-0.4545377492904663,-0.22902019321918488,-0.259464293718338,-0.6530727744102478,-0.31200700998306274,0.22052164375782013,-0.9990695118904114,-0.3861755430698395,-0.25394776463508606,-0.9010918140411377,-0.3745981454849243,0.11784655600786209,0.0005889867898076773,0.003255845746025443,-0.11830379068851471,-0.0009108090889640152,-0.001871188054792583,0.15300290286540985,0.25967395305633545,-0.26135629415512085,-0.2121458351612091,0.1832127571105957,-0.31673407554626465,0.17222681641578674,0.5218644738197327,-0.06491842865943909,-0.14955991506576538,0.5481688380241394,-0.1518048644065857
186,-0.026101360097527504,-0.5834351181983948,-0.36516791582107544,0.12725567817687988,-0.4710541367530823,-0.22151674330234528,0.19686637818813324,-0.7314152717590332,-0.3316953182220459,-0.15246924757957458,-0.4551977813243866,-0.22926217317581177,-0.26128166913986206,-0.6530603766441345,-0.3136448562145233,0.2149038165807724,-1.0007985830307007,-0.3859671652317047,-0.2533097565174103,-0.9000776410102844,-0.3780581057071686,0.11698739975690842,0.00021009903866797686,0.0035697068087756634,-0.11750120669603348,-0.0005148488562554121,-0.0022324661258608103,0.15303583443164825,0.27876052260398865,-0.23474901914596558,-0.20361492037773132,0.2173669934272766,-0.29604774713516235,0.17706149816513062,0.553184449672699,-0.035116955637931824,-0.14200903475284576,0.5774896144866943,-0.1347915530204773
187,-0.026454424485564232,-0.5687437057495117,-0.3865041434764862,0.12707699835300446,-0.4706368148326874,-0.23259402811527252,0.19607505202293396,-0.7310916185379028,-0.33966779708862305,-0.1523061990737915,-0.44864508509635925,-0.24554331600666046,-0.26240473985671997,-0.6435379981994629,-0.33824846148490906,0.21031950414180756,-0.9914191961288452,-0.39196544885635376,-0.2536722421646118,-0.8883541822433472,-0.40359291434288025,0.11589224636554718,7.191206532297656e-05,0.004325245041400194,-0.11644473671913147,-0.00036713090958073735,-0.0030468362383544445,0.15405312180519104,0.3046402037143707,-0.17380677163600922,-0.19127702713012695,0.23606370389461517,-0.2891477644443512,0.1949266940355301,0.5930755138397217,0.0052023218013346195,-0.13929034769535065,0.5990137457847595,-0.13705697655677795
188,-0.027037862688302994,-0.5642105937004089,-0.4021461606025696,0.1263868808746338,-0.4703983664512634,-0.24768386781215668,0.19353792071342468,-0.7261740565299988,-0.3567940592765808,-0.1524171531200409,-0.4478064179420471,-0.2639685869216919,-0.26128825545310974,-0.6422004103660583,-0.36982738971710205,0.20159342885017395,-0.9781911969184875,-0.40897220373153687,-0.24810828268527985,-0.8875836730003357,-0.4468361735343933,0.11477275937795639,-0.00014435926277656108,0.0044527845457196236,-0.1153784766793251,-0.000149096580571495,-0.003188083181157708,0.15296508371829987,0.32691091299057007,-0.11942994594573975,-0.1881771683692932,0.25718268752098083,-0.2632904052734375,0.203623428940773,0.6211016178131104,0.06086912006139755,-0.14392796158790588,0.6241011023521423,-0.13576000928878784
189,-0.02816576510667801,-0.5603348016738892,-0.4036666452884674,0.12333689630031586,-0.47034576535224915,-0.24586167931556702,0.1890256553888321,-0.7259165644645691,-0.35450801253318787,-0.15317118167877197,-0.44620659947395325,-0.2674527168273926,-0.2612817585468292,-0.6373016238212585,-0.3770082890987396,0.19984088838100433,-0.9785302877426147,-0.4071944057941437,-0.25093019008636475,-0.8794096112251282,-0.45619678497314453,0.11380507797002792,-0.0005198641447350383,0.005850150249898434,-0.11443768441677094,0.0002218407898908481,-0.004623261280357838,0.1509058177471161,0.33543121814727783,-0.11829594522714615,-0.18156090378761292,0.2876845896244049,-0.24362508952617645,0.20521321892738342,0.634898841381073,0.06237240135669708,-0.1441003382205963,0.6502096652984619,-0.12035921216011047
190,-0.028478462249040604,-0.5607538819313049,-0.4018292725086212,0.1228562667965889,-0.47079625725746155,-0.24456946551799774,0.1875346451997757,-0.7257625460624695,-0.354099303483963,-0.15389959514141083,-0.44628670811653137,-0.26879873871803284,-0.26127639412879944,-0.6376817226409912,-0.38123685121536255,0.1956247091293335,-0.9782953262329102,-0.4061388671398163,-0.24932527542114258,-0.8797554969787598,-0.459886372089386,0.11315704137086868,-0.0007636339869350195,0.007116260938346386,-0.113819420337677,0.00046281644608825445,-0.005910987965762615,0.15176749229431152,0.3372126817703247,-0.10837346315383911,-0.16954176127910614,0.29604125022888184,-0.23271673917770386,0.21064305305480957,0.6418334245681763,0.06716648489236832,-0.14345422387123108,0.6619231700897217,-0.11868428438901901
191,-0.028309490531682968,-0.5623152852058411,-0.4003322422504425,0.12297283113002777,-0.47075581550598145,-0.24449379742145538,0.18765884637832642,-0.7260068655014038,-0.3532964289188385,-0.15289457142353058,-0.4464297592639923,-0.2671424448490143,-0.2602459490299225,-0.6409464478492737,-0.37597277760505676,0.19523164629936218,-0.9785288572311401,-0.4065238833427429,-0.24609367549419403,-0.8869655132293701,-0.4551069736480713,0.11276538670063019,-0.0014761901693418622,0.007236008532345295,-0.11343950778245926,0.001172593212686479,-0.006044126581400633,0.15288150310516357,0.341334730386734,-0.12756475806236267,-0.1715979129076004,0.32982221245765686,-0.19765736162662506,0.2084295153617859,0.6581372022628784,0.06313525140285492,-0.14376597106456757,0.6824595928192139,-0.060486387461423874
192,-0.028428196907043457,-0.5760983824729919,-0.38756194710731506,0.12426991015672684,-0.4720126688480377,-0.23905028402805328,0.18909558653831482,-0.729147732257843,-0.34600353240966797,-0.14975744485855103,-0.4522002339363098,-0.25752824544906616,-0.24556107819080353,-0.6542799472808838,-0.3489990830421448,0.19547264277935028,-0.9820132255554199,-0.39708974957466125,-0.23981095850467682,-0.9002169370651245,-0.40027400851249695,0.1124437153339386,-0.0014542709104716778,0.007303639315068722,-0.1131025180220604,0.0011589210480451584,-0.006129456218332052,0.15422436594963074,0.3378860056400299,-0.15025751292705536,-0.16979341208934784,0.3238326907157898,-0.19104045629501343,0.19575254619121552,0.6631704568862915,-0.003275775583460927,-0.14316822588443756,0.6769958138465881,-0.05925329402089119
193,-0.02771207131445408,-0.5808336734771729,-0.38605526089668274,0.12350189685821533,-0.47593677043914795,-0.23608417809009552,0.1895892173051834,-0.7508231997489929,-0.33754053711891174,-0.1486368328332901,-0.4610452353954315,-0.25912031531333923,-0.22985807061195374,-0.6809579730033875,-0.3495084047317505,0.1956891417503357,-1.002996563911438,-0.3831917643547058,-0.22703227400779724,-0.9196941256523132,-0.4016464352607727,0.11079699546098709,-0.0010405882494524121,0.00813339464366436,-0.11141634732484818,0.0007418926106765866,-0.0069828215055167675,0.1534448117017746,0.3563287854194641,-0.11133317649364471,-0.16369414329528809,0.33894822001457214,-0.14662887156009674,0.1951076090335846,0.6914528012275696,0.031458139419555664,-0.14102676510810852,0.685630738735199,-0.00982193648815155
194,-0.024197064340114594,-0.5822015404701233,-0.3809874355792999,0.12355433404445648,-0.47835683822631836,-0.23073910176753998,0.1873747557401657,-0.7534604668617249,-0.3318784832954407,-0.14796020090579987,-0.4672127366065979,-0.2579703629016876,-0.23251911997795105,-0.6950463056564331,-0.3498672842979431,0.19341710209846497,-1.0058832168579102,-0.3792596161365509,-0.22676615417003632,-0.9412416815757751,-0.40007492899894714,0.11044111847877502,-0.0009937043068930507,0.008475683629512787,-0.11105243116617203,0.0007003709906712174,-0.007345565594732761,0.1515037715435028,0.35779309272766113,-0.12044971436262131,-0.1593123823404312,0.3398028314113617,-0.15478655695915222,0.1867189258337021,0.6932170987129211,0.0229120384901762,-0.1410924792289734,0.688682496547699,-0.02562781237065792
195,-0.027594903483986855,-0.592128336429596,-0.36954861879348755,0.12215329706668854,-0.4854770004749298,-0.22267043590545654,0.18726509809494019,-0.7604845762252808,-0.3231913149356842,-0.1486973613500595,-0.4747334122657776,-0.24973048269748688,-0.23271873593330383,-0.6990031003952026,-0.3371928036212921,0.1944068968296051,-1.0164802074432373,-0.36743512749671936,-0.22708377242088318,-0.9390515089035034,-0.3871726095676422,0.10952024161815643,-0.0007481230422854424,0.008687537163496017,-0.11012563109397888,0.00045466329902410507,-0.007570435293018818,0.1461568921804428,0.3641837537288666,-0.08893656730651855,-0.15530098974704742,0.34374698996543884,-0.13052378594875336,0.17636145651340485,0.700348436832428,0.058654747903347015,-0.14235451817512512,0.6900909543037415,0.004132905974984169
196,-0.02786562778055668,-0.5913227796554565,-0.3751652240753174,0.12170469015836716,-0.4867531657218933,-0.22977612912654877,0.18299102783203125,-0.7586959004402161,-0.3368898034095764,-0.14879591763019562,-0.47532036900520325,-0.25177305936813354,-0.23351910710334778,-0.6950281262397766,-0.338455468416214,0.1851218342781067,-1.012507438659668,-0.38552507758140564,-0.22374193370342255,-0.9357014298439026,-0.39662331342697144,0.10920757055282593,-0.0007628945168107748,0.008736811578273773,-0.10979710519313812,0.0004636113881133497,-0.007620308082550764,0.1441122591495514,0.378826379776001,-0.04343655705451965,-0.1538185030221939,0.35363805294036865,-0.08552531898021698,0.17727306485176086,0.7089362740516663,0.11456742882728577,-0.14643162488937378,0.6948222517967224,0.05974161624908447
197,-0.027882706373929977,-0.5906486511230469,-0.3752666413784027,0.12170527875423431,-0.4888327121734619,-0.22904285788536072,0.18145929276943207,-0.7575652003288269,-0.33656805753707886,-0.14912879467010498,-0.4765912592411041,-0.24908329546451569,-0.234289288520813,-0.6929726600646973,-0.3376830816268921,0.18038982152938843,-1.0100735425949097,-0.3860901892185211,-0.2238892912864685,-0.9307895302772522,-0.3972596526145935,0.10893357545137405,-0.0007480497006326914,0.00876176729798317,-0.10950303822755814,0.00044102020910941064,-0.007639862131327391,0.13931187987327576,0.3895283639431,-0.022725146263837814,-0.15126240253448486,0.36262792348861694,-0.06514761596918106,0.17908920347690582,0.7232356071472168,0.11535781621932983,-0.15141339600086212,0.709847092628479,0.06454869359731674
198,-0.02790520340204239,-0.5902509689331055,-0.3754596412181854,0.12259843200445175,-0.48867109417915344,-0.22912931442260742,0.18209291994571686,-0.7552162408828735,-0.3364940881729126,-0.1490771472454071,-0.4771203100681305,-0.24764983355998993,-0.2353532761335373,-0.6960631012916565,-0.33680424094200134,0.1809559315443039,-1.00344979763031,-0.3862819969654083,-0.219627246260643,-0.9372261762619019,-0.3944140672683716,0.10888181626796722,-0.000848491326905787,0.008805791847407818,-0.10944901406764984,0.0005241322214715183,-0.007677832152694464,0.13752572238445282,0.3928729295730591,-0.024232370778918266,-0.14863277971744537,0.3688565790653229,-0.06999726593494415,0.18118464946746826,0.7321188449859619,0.11045277863740921,-0.15155242383480072,0.7231207489967346,0.055415887385606766
199,-0.027632247656583786,-0.5962064862251282,-0.36803045868873596,0.12235645949840546,-0.49580734968185425,-0.222405806183815,0.1797245889902115,-0.7643863558769226,-0.3260642886161804,-0.14925310015678406,-0.4795075058937073,-0.24355393648147583,-0.23569490015506744,-0.6963589191436768,-0.3331311345100403,0.1747213900089264,-1.009955883026123,-0.37564656138420105,-0.22000020742416382,-0.9359549880027771,-0.38852715492248535,0.10837221145629883,-0.000839174899738282,0.009210285730659962,-0.10891468822956085,0.0005098651745356619,-0.008073302917182446,0.13471323251724243,0.39655447006225586,-0.009359140880405903,-0.1446797251701355,0.37097007036209106,-0.05263589695096016,0.17789645493030548,0.7365483641624451,0.12597422301769257,-0.15189599990844727,0.7197871804237366,0.07495790719985962
200,-0.027582529932260513,-0.6012950539588928,-0.36641308665275574,0.12201777845621109,-0.49740469455718994,-0.22164827585220337,0.17944902181625366,-0.7669445872306824,-0.32525479793548584,-0.1491796225309372,-0.48321086168289185,-0.24318058788776398,-0.23604503273963928,-0.7018949389457703,-0.333464652299881,0.1749861091375351,-1.0125850439071655,-0.37607139348983765,-0.21714580059051514,-0.9355608224868774,-0.38884034752845764,0.10790081322193146,-0.0008288558456115425,0.009247480891644955,-0.10843745619058609,0.0004948243731632829,-0.008107862435281277,0.1321512758731842,0.3991677761077881,-0.004750977270305157,-0.14228977262973785,0.3725891411304474,-0.046810634434223175,0.17839300632476807,0.7395569682121277,0.1277408003807068,-0.1509973406791687,0.7236157059669495,0.07764628529548645
201,-0.02753876894712448,-0.6063300967216492,-0.363313764333725,0.12187889218330383,-0.5037242770195007,-0.2209433913230896,0.1783503144979477,-0.7761432528495789,-0.3236725330352783,-0.14915300905704498,-0.489463210105896,-0.2421862930059433,-0.23625952005386353,-0.7182580232620239,-0.33146846294403076,0.17333893477916718,-1.0205804109573364,-0.37224626541137695,-0.21682599186897278,-0.9479663372039795,-0.3821944296360016,0.1074351966381073,-0.0009580443147569895,0.009423383511602879,-0.10795505344867706,0.0006139648030512035,-0.00826861523091793,0.12452583760023117,0.4001527428627014,0.016046160832047462,-0.14263489842414856,0.3733457624912262,-0.03696557879447937,0.16895541548728943,0.7374221682548523,0.15590210258960724,-0.16027869284152985,0.7229059934616089,0.08424234390258789
202,-0.027577387169003487,-0.6058267951011658,-0.3594168722629547,0.12180577963590622,-0.5043204426765442,-0.2186516672372818,0.17777644097805023,-0.7795500159263611,-0.3221915066242218,-0.14803963899612427,-0.49261802434921265,-0.23908598721027374,-0.23336578905582428,-0.7229779958724976,-0.32432934641838074,0.17254556715488434,-1.0278000831604004,-0.3711225986480713,-0.21670159697532654,-0.9556196928024292,-0.377448707818985,0.10685240477323532,-0.0007877510506659746,0.00935578253120184,-0.10735087841749191,0.00043848229688592255,-0.008189333602786064,0.11418350040912628,0.40217623114585876,0.006870214361697435,-0.1373850703239441,0.37286168336868286,-0.03835311904549599,0.16439951956272125,0.740650475025177,0.15150070190429688,-0.16043831408023834,0.7224133014678955,0.08340586721897125
203,-0.02691231667995453,-0.6061228513717651,-0.3467811942100525,0.12141341716051102,-0.5074240565299988,-0.20633742213249207,0.1761825680732727,-0.7805528044700623,-0.30712929368019104,-0.14800778031349182,-0.4969438314437866,-0.226589635014534,-0.2333197146654129,-0.7255876660346985,-0.311209499835968,0.17150206863880157,-1.026634693145752,-0.3612528443336487,-0.21674098074436188,-0.9581546783447266,-0.36663758754730225,0.10634705424308777,-0.0007127084536477923,0.009339477866888046,-0.10680181533098221,0.00035778171150013804,-0.008165529929101467,0.10939013957977295,0.4043658673763275,0.004678501281887293,-0.13438089191913605,0.37716567516326904,-0.028976043686270714,0.16328781843185425,0.743146538734436,0.14773161709308624,-0.16338007152080536,0.7298418283462524,0.08643688261508942
204,-0.025233540683984756,-0.6114444732666016,-0.3411219120025635,0.11986520141363144,-0.5075463056564331,-0.19786007702350616,0.17293201386928558,-0.7803404927253723,-0.2943756580352783,-0.14828361570835114,-0.49680095911026,-0.22714093327522278,-0.23345282673835754,-0.724342405796051,-0.31283897161483765,0.16861176490783691,-1.025925874710083,-0.3508543372154236,-0.2164638191461563,-0.955437421798706,-0.36742115020751953,0.10619514435529709,-0.0005909746396355331,0.010020786896348,-0.1066550463438034,0.00021954001567792147,-0.008832702413201332,0.110643669962883,0.4064067602157593,0.008588342927396297,-0.13346043229103088,0.3794558048248291,-0.025205232203006744,0.16336214542388916,0.7497064471244812,0.14277827739715576,-0.16093146800994873,0.7357469201087952,0.08924668282270432
205,-0.024072906002402306,-0.6110492944717407,-0.3409884572029114,0.12379411607980728,-0.5099184513092041,-0.19924473762512207,0.17703460156917572,-0.7811216115951538,-0.296759694814682,-0.146247997879982,-0.49912533164024353,-0.21913588047027588,-0.23328883945941925,-0.7278673648834229,-0.301567405462265,0.17150945961475372,-1.0254731178283691,-0.3502121865749359,-0.20922648906707764,-0.9562236070632935,-0.3540581464767456,0.10612745583057404,-0.000591230345889926,0.008878090418875217,-0.10658761858940125,0.00021605240181088448,-0.007688229903578758,0.11103673279285431,0.40893280506134033,0.00794200412929058,-0.12964682281017303,0.38272836804389954,-0.012723870575428009,0.16621637344360352,0.7544688582420349,0.1401839405298233,-0.1550346463918686,0.7367449998855591,0.10785359889268875
206,-0.02424692176282406,-0.6131406426429749,-0.33802321553230286,0.12148620188236237,-0.5135075449943542,-0.19702383875846863,0.17158377170562744,-0.7808997631072998,-0.2903779447078705,-0.14741875231266022,-0.49898773431777954,-0.21714314818382263,-0.2352810651063919,-0.7245666980743408,-0.3015950620174408,0.16510991752147675,-1.0228694677352905,-0.3425558805465698,-0.20873044431209564,-0.94827800989151,-0.35246726870536804,0.10588105022907257,-0.0006338420789688826,0.00896690133959055,-0.10632859170436859,0.00024667390971444547,-0.007771826349198818,0.10732872039079666,0.41075268387794495,0.019730957224965096,-0.13329830765724182,0.3863680362701416,-0.006694372743368149,0.1663873940706253,0.7536397576332092,0.15387487411499023,-0.15795403718948364,0.7420610189437866,0.11355913430452347
207,-0.024327268823981285,-0.6215077042579651,-0.3292720317840576,0.11897686123847961,-0.5152880549430847,-0.18851248919963837,0.17065995931625366,-0.7839860916137695,-0.2801853120326996,-0.15109515190124512,-0.49982380867004395,-0.21401120722293854,-0.239761620759964,-0.7255405783653259,-0.3025790750980377,0.16449938714504242,-1.0239803791046143,-0.3350546658039093,-0.21012349426746368,-0.948643147945404,-0.35037288069725037,0.10575363039970398,-0.000599076971411705,0.009024782106280327,-0.10618770122528076,0.00020647048950195312,-0.007826128974556923,0.10665436834096909,0.41317644715309143,0.018971849232912064,-0.130717471241951,0.3869819939136505,-0.007651074789464474,0.16627177596092224,0.7584401965141296,0.14893025159835815,-0.15287810564041138,0.7417423725128174,0.11191266030073166
208,-0.024102728813886642,-0.6213197112083435,-0.31929340958595276,0.11941253393888474,-0.5183600187301636,-0.18006828427314758,0.17049676179885864,-0.7844374775886536,-0.2697722017765045,-0.15081116557121277,-0.5006875991821289,-0.201593816280365,-0.23994892835617065,-0.7253246307373047,-0.29025179147720337,0.16448476910591125,-1.0237016677856445,-0.3229166865348816,-0.2107987403869629,-0.9483921527862549,-0.33986523747444153,0.10562670975923538,-0.0005145916366018355,0.008666032925248146,-0.10604923963546753,0.00011590337817324325,-0.007467695977538824,0.10421527177095413,0.41525185108184814,0.017479892820119858,-0.12833134829998016,0.38862109184265137,-0.004733615089207888,0.1660790741443634,0.7602299451828003,0.14790357649326324,-0.14828237891197205,0.7437301874160767,0.11459388583898544
209,-0.023927265778183937,-0.6213986277580261,-0.32060977816581726,0.11703017354011536,-0.5192081928253174,-0.17893078923225403,0.16447903215885162,-0.7855384945869446,-0.2657783627510071,-0.15230147540569305,-0.5006553530693054,-0.20326538383960724,-0.24246343970298767,-0.7223982810974121,-0.29154571890830994,0.15424992144107819,-1.022579312324524,-0.3170081079006195,-0.21428930759429932,-0.9396433234214783,-0.3416440188884735,0.10537970066070557,-0.00010190178727498278,0.008802242577075958,-0.10578278452157974,-0.0003115527215413749,-0.0076017193496227264,0.10345426201820374,0.41817986965179443,0.016351457685232162,-0.1290629804134369,0.3899777829647064,-0.004118240904062986,0.16697247326374054,0.76058429479599,0.1469753384590149,-0.15126986801624298,0.7445483207702637,0.11461972445249557
210,-0.024081645533442497,-0.6213512420654297,-0.31439822912216187,0.11703889816999435,-0.5209187269210815,-0.17299304902553558,0.16418315470218658,-0.7860497832298279,-0.25870567560195923,-0.1528443694114685,-0.5016871690750122,-0.19734041392803192,-0.2422156184911728,-0.7228285670280457,-0.28523746132850647,0.1536226123571396,-1.0222817659378052,-0.3102817237377167,-0.2163381427526474,-0.9413023591041565,-0.3324558734893799,0.10531813651323318,-0.00011492278281366453,0.008929294534027576,-0.10572148114442825,-0.000303059903671965,-0.007721863687038422,0.10103198885917664,0.420760840177536,0.018340662121772766,-0.1277533620595932,0.39084354043006897,-0.0044197868555784225,0.16685618460178375,0.7606796026229858,0.14977645874023438,-0.1478457897901535,0.7443831562995911,0.11594570428133011
211,-0.023614903911948204,-0.6206633448600769,-0.31702908873558044,0.11674877256155014,-0.5208355784416199,-0.17409159243106842,0.1641998291015625,-0.7833338975906372,-0.2604755461215973,-0.15346930921077728,-0.5005759596824646,-0.20097963511943817,-0.24250786006450653,-0.7150236368179321,-0.3014202117919922,0.15390373766422272,-1.014298439025879,-0.3116397261619568,-0.2159891575574875,-0.9305590391159058,-0.35265374183654785,0.10525627434253693,-0.00015308850561268628,0.009549840353429317,-0.10566136986017227,-0.00026791769778355956,-0.008347839117050171,0.10199256986379623,0.4211221933364868,0.020977050065994263,-0.12586136162281036,0.3922717273235321,-0.003437916748225689,0.17164459824562073,0.760141134262085,0.15593425929546356,-0.14694687724113464,0.7442722320556641,0.12170866876840591
212,-0.02220255881547928,-0.6247937679290771,-0.29589006304740906,0.11791075021028519,-0.5245911478996277,-0.14967772364616394,0.16426023840904236,-0.784447431564331,-0.22404952347278595,-0.15269646048545837,-0.5012495517730713,-0.18259523808956146,-0.24084623157978058,-0.7152064442634583,-0.27649036049842834,0.15421509742736816,-1.0144035816192627,-0.2693919241428375,-0.21425706148147583,-0.9313120245933533,-0.31847986578941345,0.10519944131374359,-0.00015626281674485654,0.009800994768738747,-0.10560241341590881,-0.00026765791699290276,-0.008611065335571766,0.10353264957666397,0.4212632179260254,0.02354239672422409,-0.12351813167333603,0.39306092262268066,-0.0026086342986673117,0.17158949375152588,0.7600704431533813,0.15645641088485718,-0.14091593027114868,0.7460659146308899,0.12127801030874252
213,-0.020719869062304497,-0.6264961957931519,-0.29041025042533875,0.1179065927863121,-0.5250715017318726,-0.14145131409168243,0.16301919519901276,-0.7831864356994629,-0.216062992811203,-0.15277796983718872,-0.5026770830154419,-0.17876604199409485,-0.23972101509571075,-0.7161086201667786,-0.27388638257980347,0.15438877046108246,-1.0083471536636353,-0.2657277584075928,-0.21329542994499207,-0.931747317314148,-0.315579891204834,0.10505473613739014,4.010588236269541e-05,0.010224299505352974,-0.10544679313898087,-0.0004668434849008918,-0.0090485829859972,0.10790923237800598,0.4213815927505493,0.02347632870078087,-0.1231892928481102,0.39320456981658936,-0.0022013955749571323,0.17271073162555695,0.7600629329681396,0.15608277916908264,-0.1411992311477661,0.7461798787117004,0.1211048886179924
214,-0.019432447850704193,-0.6294703483581543,-0.2575719356536865,0.11919808387756348,-0.5285991430282593,-0.11405239254236221,0.16281788051128387,-0.7870512008666992,-0.18260598182678223,-0.15206511318683624,-0.5062743425369263,-0.14431756734848022,-0.2395264059305191,-0.721255898475647,-0.23035117983818054,0.1519881784915924,-1.0178343057632446,-0.2248772233724594,-0.2122400850057602,-0.9373772144317627,-0.27072811126708984,0.10501860827207565,-0.00011582743172766641,0.010508239269256592,-0.10540451854467392,-0.0003198570921085775,-0.0093211829662323,0.11626870930194855,0.4187658429145813,0.02462991513311863,-0.12372114509344101,0.3931456506252289,-0.0025594059843569994,0.1804131716489792,0.7535321712493896,0.15548664331436157,-0.14134980738162994,0.747005820274353,0.11429975926876068
215,-0.018493814393877983,-0.6287879943847656,-0.26647570729255676,0.11954127252101898,-0.5282325744628906,-0.12218794226646423,0.16318821907043457,-0.7819454669952393,-0.19562429189682007,-0.15171349048614502,-0.506872296333313,-0.15332373976707458,-0.23813992738723755,-0.7213528752326965,-0.24201907217502594,0.15288470685482025,-1.0074180364608765,-0.2399226427078247,-0.2122667282819748,-0.9373126029968262,-0.28404539823532104,0.10498116910457611,-0.00014350441051647067,0.010613666847348213,-0.105365090072155,-0.00029705881024710834,-0.009430328384041786,0.11811920255422592,0.4182157814502716,0.023594535887241364,-0.12198521196842194,0.39442265033721924,-0.003488023765385151,0.18519119918346405,0.7522476315498352,0.15019701421260834,-0.13828128576278687,0.75211501121521,0.11032970994710922
216,-0.018650220707058907,-0.6306678652763367,-0.26049256324768066,0.11896765232086182,-0.5281093716621399,-0.11464052647352219,0.1608719378709793,-0.7818136811256409,-0.18564215302467346,-0.15204495191574097,-0.5091342926025391,-0.14869020879268646,-0.2344714254140854,-0.7297719717025757,-0.237112894654274,0.15001654624938965,-1.0074825286865234,-0.2340848296880722,-0.20848946273326874,-0.952709972858429,-0.2754244804382324,0.10501997172832489,-0.00014620961155742407,0.01038468535989523,-0.1053992211818695,-0.0002983670274261385,-0.009212705306708813,0.12045913189649582,0.4168606400489807,0.022449344396591187,-0.12243003398180008,0.3945173919200897,-0.0035561546683311462,0.18524260818958282,0.7524073719978333,0.14654764533042908,-0.136436328291893,0.7570104598999023,0.10833148658275604
217,-0.018898045644164085,-0.632091224193573,-0.2624702751636505,0.11756958067417145,-0.5280542373657227,-0.1148974671959877,0.1571774184703827,-0.7824042439460754,-0.18363454937934875,-0.15288792550563812,-0.50907963514328,-0.15070760250091553,-0.2345324009656906,-0.7258054614067078,-0.23797470331192017,0.14132823050022125,-1.009252667427063,-0.23192787170410156,-0.21056817471981049,-0.9492219686508179,-0.27359551191329956,0.10507495701313019,-0.0001727629714878276,0.010397788137197495,-0.10545530915260315,-0.00027813224005512893,-0.009228250943124294,0.12167984992265701,0.41685688495635986,0.021191278472542763,-0.12208614498376846,0.3948925733566284,-0.004841580521315336,0.18620732426643372,0.7538356781005859,0.14283163845539093,-0.12783443927764893,0.7604642510414124,0.1016554906964302
218,-0.01882227137684822,-0.6385732889175415,-0.25487083196640015,0.11677993834018707,-0.5283218622207642,-0.10491535812616348,0.15379580855369568,-0.7824082374572754,-0.17062179744243622,-0.1544351726770401,-0.509766161441803,-0.14601291716098785,-0.23450441658496857,-0.728337287902832,-0.23491120338439941,0.1351558119058609,-1.0091934204101562,-0.21990416944026947,-0.20738723874092102,-0.9523223042488098,-0.2679561376571655,0.10520259290933609,-0.0003258556826040149,0.010966512374579906,-0.10557892918586731,-0.00013965227117296308,-0.009790142066776752,0.12359766662120819,0.41677823662757874,0.02310503087937832,-0.1261007934808731,0.3943970203399658,-0.005263567436486483,0.18609106540679932,0.7539479732513428,0.14666195213794708,-0.13063430786132812,0.759097695350647,0.10187070071697235
219,-0.01782454177737236,-0.6360220909118652,-0.26006385684013367,0.11799436807632446,-0.5265991687774658,-0.10928560793399811,0.15541017055511475,-0.7820523381233215,-0.17536881566047668,-0.15335926413536072,-0.5085046291351318,-0.1473461538553238,-0.23285892605781555,-0.7271270155906677,-0.2359199821949005,0.1357538104057312,-1.009262204170227,-0.22522559762001038,-0.20485535264015198,-0.9525073766708374,-0.27050095796585083,0.10531481355428696,-0.000370573194231838,0.010336154140532017,-0.1057015135884285,-0.00010078702325699851,-0.009182521142065525,0.12383589148521423,0.41632941365242004,0.01767144538462162,-0.12538959085941315,0.3946102559566498,-0.005370710045099258,0.1862248033285141,0.7539988160133362,0.13833285868167877,-0.12905830144882202,0.7610430121421814,0.09943024069070816
220,-0.01790532097220421,-0.6344159841537476,-0.2612617611885071,0.11758328229188919,-0.5263392329216003,-0.11085771024227142,0.15502232313156128,-0.7815593481063843,-0.17803630232810974,-0.153812438249588,-0.5079191327095032,-0.14778751134872437,-0.23564502596855164,-0.7260462045669556,-0.2383446991443634,0.13645951449871063,-1.0080190896987915,-0.22754670679569244,-0.20651862025260925,-0.9478484988212585,-0.2724977731704712,0.10532373189926147,-0.000386220111977309,0.01110485102981329,-0.1057104542851448,-8.755156159168109e-05,-0.009941233322024345,0.12412400543689728,0.4163980185985565,0.017778588458895683,-0.12564045190811157,0.3947235345840454,-0.008369761519134045,0.18739309906959534,0.7540399432182312,0.13853594660758972,-0.12929178774356842,0.7610561847686768,0.09737102687358856
221,-0.018520088866353035,-0.6335517764091492,-0.27092981338500977,0.11756975948810577,-0.5263299942016602,-0.12247132509946823,0.15570068359375,-0.7824020981788635,-0.19290681183338165,-0.15403656661510468,-0.5069847106933594,-0.15468034148216248,-0.23564870655536652,-0.7223829030990601,-0.24859631061553955,0.13691608607769012,-1.009835958480835,-0.2399739921092987,-0.20680439472198486,-0.9470494985580444,-0.28660985827445984,0.10542748123407364,-0.0004063725646119565,0.010566932149231434,-0.10581701993942261,-6.914736877661198e-05,-0.009429508820176125,0.12409495562314987,0.4163908064365387,0.015420306473970413,-0.1252659559249878,0.39511388540267944,-0.007562808692455292,0.18743778765201569,0.7550917863845825,0.13574202358722687,-0.12606997787952423,0.7618492245674133,0.0974673256278038
222,-0.019162118434906006,-0.6353595852851868,-0.2653003931045532,0.11647851020097733,-0.5267166495323181,-0.11536587029695511,0.15475445985794067,-0.7830050587654114,-0.18161049485206604,-0.15602752566337585,-0.5069562792778015,-0.15060555934906006,-0.23660799860954285,-0.7215173244476318,-0.23982632160186768,0.1363193392753601,-1.0118125677108765,-0.22909791767597198,-0.20684076845645905,-0.9462566375732422,-0.2759234607219696,0.10549688339233398,-0.0005061133997514844,0.01032152958214283,-0.10588876903057098,2.2477306629298255e-05,-0.009186922572553158,0.123959481716156,0.41634291410446167,0.01677107624709606,-0.1251126527786255,0.3951355218887329,-0.0061758533120155334,0.18420860171318054,0.7551649212837219,0.14024564623832703,-0.12606678903102875,0.7618042230606079,0.09953076392412186
223,-0.01913599856197834,-0.6350297331809998,-0.2703384459018707,0.11698758602142334,-0.5260924100875854,-0.12267998605966568,0.15465615689754486,-0.7820074558258057,-0.19374242424964905,-0.15602201223373413,-0.5068539381027222,-0.15241721272468567,-0.23700423538684845,-0.7219944000244141,-0.2401285320520401,0.13610118627548218,-1.0115803480148315,-0.24264803528785706,-0.20684956014156342,-0.9480215311050415,-0.27621275186538696,0.1055561751127243,-0.0007030560518614948,0.01014089398086071,-0.10595028102397919,0.00021043108426965773,-0.008998127654194832,0.12320268899202347,0.4163823127746582,0.016933664679527283,-0.12511420249938965,0.3950474262237549,-0.005843620281666517,0.18290631473064423,0.755499005317688,0.14179955422878265,-0.1285739541053772,0.7611069679260254,0.10316376388072968
224,-0.021066388115286827,-0.6349250674247742,-0.2738364338874817,0.11470160633325577,-0.5260860323905945,-0.12293854355812073,0.15591123700141907,-0.7844207286834717,-0.19291317462921143,-0.15854065120220184,-0.5053099989891052,-0.16071441769599915,-0.2412547916173935,-0.7179621458053589,-0.24884112179279327,0.14185073971748352,-1.0152770280838013,-0.24215900897979736,-0.20946460962295532,-0.9421598315238953,-0.2839133143424988,0.10554955154657364,-0.0007656941306777298,0.011049027554690838,-0.10594630241394043,0.0002713085268624127,-0.009914818219840527,0.12291351705789566,0.4163835346698761,0.019485851749777794,-0.12714700400829315,0.39505141973495483,-0.006908363662660122,0.18247239291667938,0.7558594346046448,0.1434919536113739,-0.13025029003620148,0.761157214641571,0.10134407877922058
225,-0.02611597068607807,-0.634165346622467,-0.2816195487976074,0.11533582955598831,-0.5247223973274231,-0.13906368613243103,0.16460348665714264,-0.7841959595680237,-0.21357303857803345,-0.15989044308662415,-0.5062166452407837,-0.15898840129375458,-0.2454124242067337,-0.7218768000602722,-0.23691335320472717,0.15138289332389832,-1.0157462358474731,-0.25841671228408813,-0.2133341133594513,-0.9474487900733948,-0.27831539511680603,0.10562969744205475,-0.0008884862181730568,0.006050249096006155,-0.10602119565010071,0.00039114366518333554,-0.004915062803775072,0.12166225165128708,0.41574785113334656,0.011876114644110203,-0.12712186574935913,0.3952098786830902,0.0024525646585971117,0.1835739016532898,0.7557092308998108,0.13782143592834473,-0.1281433254480362,0.7609555125236511,0.11418043822050095
226,-0.026097619906067848,-0.6285232901573181,-0.2840009033679962,0.11639466136693954,-0.5213948488235474,-0.1380515694618225,0.17274238169193268,-0.7795898914337158,-0.2117430716753006,-0.15989312529563904,-0.5054547190666199,-0.15877224504947662,-0.2486002892255783,-0.7201263308525085,-0.23377126455307007,0.1600661277770996,-1.0111511945724487,-0.25687092542648315,-0.21803030371665955,-0.9470992684364319,-0.274594247341156,0.10572747886180878,-0.0010795353446155787,0.0061185541562736034,-0.10612316429615021,0.0005731643177568913,-0.004982365760952234,0.12172126024961472,0.4155558943748474,0.011744817718863487,-0.12533581256866455,0.3956003189086914,-0.0017146095633506775,0.1837252974510193,0.7558600902557373,0.13442370295524597,-0.12758217751979828,0.7639318704605103,0.10576033592224121
227,-0.03310501575469971,-0.6264412999153137,-0.27947062253952026,0.11775688827037811,-0.5189775824546814,-0.13739225268363953,0.18073618412017822,-0.7667170763015747,-0.21111157536506653,-0.160557359457016,-0.5015743970870972,-0.1377217322587967,-0.25808706879615784,-0.7092897295951843,-0.2061529904603958,0.16510257124900818,-0.9963584542274475,-0.25600072741508484,-0.2291795015335083,-0.9431414604187012,-0.2576878070831299,0.10590238124132156,-0.00118332973215729,0.0026682934258133173,-0.10629542171955109,0.0006771821645088494,-0.0015492254169657826,0.12115553021430969,0.4142737090587616,0.004651894327253103,-0.12770290672779083,0.3953239321708679,0.0019040683982893825,0.18609589338302612,0.7558082342147827,0.12656812369823456,-0.12767158448696136,0.7616558074951172,0.11073078960180283
228,-0.033175818622112274,-0.6257581114768982,-0.2735302150249481,0.12013773620128632,-0.5118566155433655,-0.1357925832271576,0.18414689600467682,-0.7504598498344421,-0.2096332609653473,-0.1605474203824997,-0.49689406156539917,-0.11540517956018448,-0.27468955516815186,-0.6955211758613586,-0.17537078261375427,0.1677413433790207,-0.9876039624214172,-0.24969053268432617,-0.23661284148693085,-0.9389088749885559,-0.22841590642929077,0.10604872554540634,-0.0013901230413466692,-0.0008143812883645296,-0.1064324900507927,0.0008725498919375241,0.0019572717137634754,0.11588706821203232,0.413933664560318,0.0034475286956876516,-0.12659886479377747,0.39592018723487854,0.00561503367498517,0.17702041566371918,0.7552960515022278,0.12541553378105164,-0.12284598499536514,0.7615423202514648,0.11364586651325226
229,-0.03280222788453102,-0.6269875168800354,-0.21215102076530457,0.12146145850419998,-0.5109550356864929,-0.06447398662567139,0.19806073606014252,-0.7375217080116272,-0.11547266691923141,-0.1639362871646881,-0.4967225193977356,-0.058213137090206146,-0.2854299545288086,-0.687921941280365,-0.1163642406463623,0.18159833550453186,-0.977949321269989,-0.1460421085357666,-0.24109011888504028,-0.9327843189239502,-0.1703663468360901,0.10621730983257294,-0.0016295153181999922,-0.0006439242279157043,-0.10658294707536697,0.0010981179075315595,0.0017880524974316359,0.11567582190036774,0.41339319944381714,0.006680261809378862,-0.12381403148174286,0.39381182193756104,0.005374218802899122,0.17739780247211456,0.7541157007217407,0.12529081106185913,-0.1198929101228714,0.7579328417778015,0.11060135066509247
230,-0.030817503109574318,-0.6394765973091125,-0.13456547260284424,0.12817804515361786,-0.5127415657043457,0.01254292856901884,0.22762683033943176,-0.7265177369117737,-0.03364986926317215,-0.16596995294094086,-0.49811655282974243,0.020730305463075638,-0.29620590806007385,-0.6854307651519775,-0.02781030535697937,0.19783933460712433,-0.9661498665809631,-0.05999638885259628,-0.24642744660377502,-0.9272269606590271,-0.08271238952875137,0.10662738233804703,-0.0018341663526371121,-0.0005943163414485753,-0.10695502161979675,0.0013033751165494323,0.0017415228066965938,0.11565561592578888,0.4129737317562103,0.007607339881360531,-0.12323104590177536,0.39104053378105164,0.005310471635311842,0.17781420052051544,0.7541875243186951,0.12057965248823166,-0.1200491264462471,0.7539863586425781,0.10671070218086243
231,-0.0317109152674675,-0.6404411792755127,-0.10597936809062958,0.13198721408843994,-0.5174238681793213,0.039533983916044235,0.2482254058122635,-0.6972945928573608,-0.00011980757699348032,-0.16842873394489288,-0.49812689423561096,0.06419040262699127,-0.32428887486457825,-0.6564931869506836,0.03812588378787041,0.21564872562885284,-0.9238515496253967,-0.0291302353143692,-0.26733019948005676,-0.8820038437843323,-0.006581275258213282,0.10679636150598526,-0.00179313775151968,-0.001896462868899107,-0.10709941387176514,0.001271768007427454,0.0030133211985230446,0.11468040198087692,0.41201135516166687,0.0073701925575733185,-0.1233343854546547,0.3895754814147949,0.007606320548802614,0.17705903947353363,0.7530781626701355,0.11193101108074188,-0.11958928406238556,0.7492346167564392,0.10604291409254074
232,-0.03206639736890793,-0.6462401151657104,-0.09203466773033142,0.1368129700422287,-0.5191488862037659,0.061678823083639145,0.2889379858970642,-0.6635062098503113,0.008694957941770554,-0.17500869929790497,-0.4951839745044708,0.08116113394498825,-0.3565942347049713,-0.6254978775978088,0.06065364554524422,0.24854664504528046,-0.8632216453552246,-0.05115966498851776,-0.30190613865852356,-0.827800452709198,0.01488492451608181,0.10723697394132614,-0.0018237553304061294,-0.0018591650296002626,-0.10749583691358566,0.0013032500864937901,0.002973809139803052,0.11639964580535889,0.41033846139907837,-0.00894363783299923,-0.12211478501558304,0.388663113117218,-6.665904379588028e-07,0.1754116415977478,0.753434956073761,0.071184441447258,-0.11891187727451324,0.7488661408424377,0.07497729361057281
233,-0.03135257959365845,-0.6458408236503601,-0.10580961406230927,0.1422879844903946,-0.5184935927391052,0.05959903076291084,0.32500389218330383,-0.6220732927322388,0.009106396697461605,-0.1747782975435257,-0.48898932337760925,0.0703115314245224,-0.3589710593223572,-0.5807448625564575,0.053193964064121246,0.2802732288837433,-0.8068920373916626,-0.055776190012693405,-0.3124072551727295,-0.7677149176597595,0.004933757707476616,0.10735522210597992,-0.001661009737290442,-0.001831065397709608,-0.10760048031806946,0.0011490641627460718,0.0029377008322626352,0.12330132722854614,0.4096568524837494,-0.018824608996510506,-0.1181129589676857,0.38875195384025574,-0.006093808449804783,0.17568452656269073,0.7546112537384033,0.05656488612294197,-0.1087917760014534,0.7489662766456604,0.059806227684020996
234,-0.03018156625330448,-0.640653133392334,-0.11664944887161255,0.14331115782260895,-0.5108533501625061,0.05807889252901077,0.3252618610858917,-0.5503215193748474,-0.00047876371536403894,-0.17316047847270966,-0.4856533706188202,0.05698588863015175,-0.35825052857398987,-0.5380776524543762,0.03184843435883522,0.29083582758903503,-0.7194401621818542,-0.06690992414951324,-0.3122650682926178,-0.708931028842926,-0.02202136628329754,0.1073574423789978,-0.0016134220641106367,-0.0011498617241159081,-0.10758884996175766,0.0010939824860543013,0.0022308784537017345,0.12717020511627197,0.4097486138343811,-0.020935460925102234,-0.11377060413360596,0.39086684584617615,-0.011750372126698494,0.18113115429878235,0.7548160552978516,0.05901863053441048,-0.10340679436922073,0.7538571953773499,0.051166631281375885
235,-0.028119901195168495,-0.636163055896759,-0.11899343132972717,0.14491836726665497,-0.4918263852596283,0.06294068694114685,0.3395608365535736,-0.4706016182899475,-0.0039430223405361176,-0.17091143131256104,-0.4737245440483093,0.05026176571846008,-0.35319849848747253,-0.47076672315597534,0.013159459456801414,0.3206339478492737,-0.6249887943267822,-0.10362975299358368,-0.310822069644928,-0.6361667513847351,-0.0989719033241272,0.1073022335767746,-0.00165399385150522,0.0012815715745091438,-0.10751188546419144,0.0011308725224807858,-0.0003376300446689129,0.1288474202156067,0.4134906232357025,-0.015212204307317734,-0.1096968874335289,0.3936140239238739,-0.012127995491027832,0.18901370465755463,0.7556495666503906,0.08864624053239822,-0.09738688170909882,0.755996584892273,0.06169987469911575
236,-0.02816411480307579,-0.6284677386283875,-0.12057032436132431,0.14347481727600098,-0.4792171120643616,0.07226142287254333,0.3352976441383362,-0.4214009642601013,-0.008143316954374313,-0.1758214831352234,-0.458492636680603,0.052434951066970825,-0.3570621907711029,-0.3925723135471344,-0.013805367983877659,0.3229891359806061,-0.5384973883628845,-0.15530943870544434,-0.32183748483657837,-0.5267744660377502,-0.17534853518009186,0.10735795646905899,-0.00200811680406332,0.0034813235979527235,-0.10755068063735962,0.0014739641919732094,-0.0026316381990909576,0.1286950409412384,0.4162276089191437,-0.00769600598141551,-0.1099117323756218,0.39607876539230347,-0.015179497189819813,0.18871432542800903,0.7583141326904297,0.10403576493263245,-0.09855615347623825,0.7628862261772156,0.06771282106637955
237,-0.032496389001607895,-0.6223551034927368,-0.1228008046746254,0.14332398772239685,-0.4734059274196625,0.06780146807432175,0.3308708965778351,-0.3723747134208679,-0.0331251360476017,-0.17805589735507965,-0.45435360074043274,0.05044176056981087,-0.33997654914855957,-0.33633971214294434,-0.038314126431941986,0.3238854706287384,-0.45356327295303345,-0.2335229367017746,-0.32376646995544434,-0.4303536117076874,-0.2424328327178955,0.10754659026861191,-0.002019141800701618,0.006805953569710255,-0.10771085321903229,0.0014838342322036624,-0.006039843428879976,0.1278209686279297,0.4178617596626282,-0.004591472912579775,-0.10991697758436203,0.39699795842170715,-0.01929563097655773,0.1823578029870987,0.763103723526001,0.10314782708883286,-0.0998632162809372,0.7682685256004333,0.06836105138063431
238,-0.022051392123103142,-0.622589111328125,-0.041201572865247726,0.14368876814842224,-0.4726616442203522,0.12679384648799896,0.2834673225879669,-0.3613075315952301,-0.029866833239793777,-0.1837707757949829,-0.4492352604866028,0.10456071048974991,-0.30387404561042786,-0.2961196303367615,-0.03126557916402817,0.3173781931400299,-0.37457138299942017,-0.26031991839408875,-0.27182555198669434,-0.3377273380756378,-0.22500337660312653,0.10886690020561218,-0.0027027761097997427,0.00698090298101306,-0.10891153663396835,0.002220672322437167,-0.006247139070183039,0.13140523433685303,0.41481196880340576,-0.01838863641023636,-0.10630856454372406,0.3967125713825226,-0.032695382833480835,0.1899745762348175,0.7635582685470581,0.06571770459413528,-0.09700527787208557,0.7706171274185181,0.04621054232120514
239,-0.020921096205711365,-0.6177989840507507,-0.019297558814287186,0.14096130430698395,-0.47383832931518555,0.13966785371303558,0.25372403860092163,-0.34397655725479126,-0.026529811322689056,-0.19038903713226318,-0.44891664385795593,0.11981263011693954,-0.2905764579772949,-0.2904001772403717,-0.01627124287188053,0.31602731347084045,-0.29490160942077637,-0.27215203642845154,-0.27585503458976746,-0.2699351906776428,-0.21890579164028168,0.10974473506212234,-0.003414674662053585,0.0070130545645952225,-0.10971570760011673,0.002995640505105257,-0.006289096549153328,0.13150720298290253,0.4136158227920532,-0.029098298400640488,-0.10646956413984299,0.3966880440711975,-0.04182632640004158,0.18982738256454468,0.7641012668609619,0.043724894523620605,-0.09467506408691406,0.7749823927879333,0.02798139862716198
240,-0.022111831232905388,-0.6177659630775452,-0.011413084343075752,0.1389932483434677,-0.4771759510040283,0.1414642632007599,0.24855095148086548,-0.3335990607738495,-0.007273038383573294,-0.1906324326992035,-0.449568510055542,0.1264016330242157,-0.276386559009552,-0.28942281007766724,0.007792080752551556,0.30997470021247864,-0.24728772044181824,-0.2489108145236969,-0.27945858240127563,-0.21711964905261993,-0.21324044466018677,0.10983820259571075,-0.0034423470497131348,0.007040864322334528,-0.109794020652771,0.0030227757524698973,-0.006310326978564262,0.13108451664447784,0.41131114959716797,-0.03307759016752243,-0.10944171994924545,0.3940525949001312,-0.043851353228092194,0.18532919883728027,0.7741610407829285,0.029813271015882492,-0.10058967769145966,0.7746084332466125,0.022612951695919037
241,-0.030165839940309525,-0.6217537522315979,-0.06604813784360886,0.13192853331565857,-0.4913322627544403,0.11290592700242996,0.23615151643753052,-0.3294219374656677,0.10216722637414932,-0.1903200000524521,-0.45923417806625366,0.10689059644937515,-0.2819785177707672,-0.2771812081336975,0.1304851472377777,0.30254635214805603,-0.19831252098083496,-0.00042455224320292473,-0.3155185580253601,-0.14403007924556732,0.06821286678314209,0.1101306676864624,-0.0034341916907578707,0.006767803803086281,-0.11010696738958359,0.0030089952051639557,-0.005842215847223997,0.13139165937900543,0.41188231110572815,-0.03870655968785286,-0.11644121259450912,0.3939802646636963,-0.047143880277872086,0.1856561303138733,0.7736595869064331,0.015550975687801838,-0.10460978001356125,0.7749130129814148,0.013830931857228279
242,-0.03695955127477646,-0.6202142834663391,-0.14587758481502533,0.13184134662151337,-0.49123910069465637,0.03821282833814621,0.23037879168987274,-0.3000172972679138,0.06648699939250946,-0.1887405514717102,-0.4618121385574341,0.030418761074543,-0.2731255888938904,-0.26314598321914673,0.08622081577777863,0.29628026485443115,-0.1292603462934494,-0.04181061312556267,-0.3032509386539459,-0.09330690652132034,-0.01133540365844965,0.11019159853458405,-0.0026092405896633863,0.006508165970444679,-0.11020113527774811,0.0021677694749087095,-0.005484253168106079,0.12778861820697784,0.40876340866088867,-0.03724858909845352,-0.12209789454936981,0.3936561942100525,-0.046205393970012665,0.18434426188468933,0.7740888595581055,0.023489974439144135,-0.11739414930343628,0.7743284106254578,0.01819615811109543
243,-0.036930762231349945,-0.619232714176178,-0.19356614351272583,0.1319470852613449,-0.4841008186340332,0.0002655035932548344,0.21717585623264313,-0.26244279742240906,0.04503609612584114,-0.1889973282814026,-0.4602329134941101,-0.013128818944096565,-0.2663672864437103,-0.2335125058889389,0.04966267570853233,0.2734125852584839,-0.06294761598110199,-0.07319101691246033,-0.2872871458530426,-0.04086509719491005,-0.04159347712993622,0.11055275052785873,-0.00194788898807019,0.006443510297685862,-0.11060487478971481,0.0014782779617235065,-0.005368527490645647,0.1278085559606552,0.4083990156650543,-0.037962429225444794,-0.1250676065683365,0.3935660421848297,-0.04220302775502205,0.18433202803134918,0.7794583439826965,0.02568628638982773,-0.12069626897573471,0.7729895710945129,0.02447216399013996
244,-0.0370037667453289,-0.6168073415756226,-0.27386781573295593,0.1320253610610962,-0.4730808734893799,-0.0642731711268425,0.20585528016090393,-0.23742932081222534,-0.010209393687546253,-0.1890556812286377,-0.4574486315250397,-0.083636075258255,-0.25266191363334656,-0.2127929925918579,-0.02253018692135811,0.2548712193965912,-0.021999159827828407,-0.08382314443588257,-0.2608979344367981,-0.0005700548063032329,-0.10482051223516464,0.11080607026815414,-0.001338615664280951,0.006442374549806118,-0.11092764884233475,0.0008205024059861898,-0.005350813269615173,0.12969572842121124,0.4082144796848297,-0.029823053628206253,-0.12460105121135712,0.394255131483078,-0.03232445567846298,0.1889641284942627,0.7790887355804443,0.04735362157225609,-0.12111113965511322,0.7744460701942444,0.04715174436569214
