FrameNo,head_x,head_y,head_z,left_shoulder_x,left_shoulder_y,left_shoulder_z,left_elbow_x,left_elbow_y,left_elbow_z,right_shoulder_x,right_shoulder_y,right_shoulder_z,right_elbow_x,right_elbow_y,right_elbow_z,left_hand_x,left_hand_y,left_hand_z,right_hand_x,right_hand_y,right_hand_z,left_hip_x,left_hip_y,left_hip_z,right_hip_x,right_hip_y,right_hip_z,left_knee_x,left_knee_y,left_knee_z,right_knee_x,right_knee_y,right_knee_z,left_foot_x,left_foot_y,left_foot_z,right_foot_x,right_foot_y,right_foot_z
0,-0.005800407379865646,-0.6376721858978271,-0.28519362211227417,0.1474977284669876,-0.5128805637359619,-0.12445863336324692,0.2405964881181717,-0.682171642780304,-0.20750649273395538,-0.1408405750989914,-0.5140863060951233,-0.14548331499099731,-0.2287013828754425,-0.6736921072006226,-0.24391984939575195,0.30599164962768555,-0.8810621500015259,-0.3043724000453949,-0.22622700035572052,-0.8892017006874084,-0.357638418674469,0.1059226393699646,-0.0013959843199700117,0.008675052784383297,-0.10608747601509094,0.0008843066170811653,-0.007287220563739538,0.08710958808660507,0.4062693119049072,0.020109837874770164,-0.08925237506628036,0.37800613045692444,-0.004415874369442463,0.12563097476959229,0.7401387691497803,0.13825605809688568,-0.0660758763551712,0.7178723216056824,0.12830927968025208
1,-0.016066309064626694,-0.6278651356697083,-0.3170870840549469,0.14409703016281128,-0.509292721748352,-0.15435150265693665,0.23839740455150604,-0.6815469861030579,-0.23137226700782776,-0.14361079037189484,-0.5113123059272766,-0.16169019043445587,-0.23533892631530762,-0.6715407967567444,-0.2579546570777893,0.3081744611263275,-0.8866077661514282,-0.31760045886039734,-0.24047403037548065,-0.8921176791191101,-0.3746344745159149,0.10630276799201965,-0.0013821421889588237,0.008300723508000374,-0.10647068172693253,0.0008667308720760047,-0.006955164019018412,0.08739878237247467,0.4090629518032074,0.02286759577691555,-0.08904188871383667,0.3848542273044586,-0.001340402290225029,0.13195738196372986,0.7402946352958679,0.14877627789974213,-0.0659732073545456,0.7264552116394043,0.1344546228647232
2,-0.01866905204951763,-0.6208646893501282,-0.3219882547855377,0.1421384960412979,-0.5086561441421509,-0.15440130233764648,0.2334980070590973,-0.6828926205635071,-0.22803306579589844,-0.14509472250938416,-0.5073978304862976,-0.17002816498279572,-0.2372867465019226,-0.6672430634498596,-0.2757696509361267,0.30814650654792786,-0.8966563940048218,-0.3154967725276947,-0.2465635985136032,-0.8934153318405151,-0.39582502841949463,0.10672835260629654,-0.0013914859155192971,0.008274919353425503,-0.10691329091787338,0.0008723405189812183,-0.006941523402929306,0.0929684042930603,0.4103211760520935,0.02283642068505287,-0.08879966288805008,0.38841718435287476,0.0005193156539462507,0.13338252902030945,0.7437085509300232,0.14950615167617798,-0.06594155728816986,0.729097843170166,0.13802121579647064
3,-0.01894114911556244,-0.6205797791481018,-0.32782819867134094,0.1398317813873291,-0.5077643990516663,-0.15793538093566895,0.2314915508031845,-0.6867895126342773,-0.23071622848510742,-0.1474018394947052,-0.5060862302780151,-0.17671744525432587,-0.24172110855579376,-0.6662418246269226,-0.2917712926864624,0.30811402201652527,-0.903641939163208,-0.3176790177822113,-0.2500874400138855,-0.8941131830215454,-0.4163369834423065,0.10711339861154556,-0.0014179464196786284,0.008194307796657085,-0.10730447620153427,0.0008982488652691245,-0.006886420305818319,0.09783104062080383,0.40759074687957764,-0.0003466776106506586,-0.08669325709342957,0.3885226547718048,-0.0026973921339958906,0.13406802713871002,0.7419993281364441,0.1301998645067215,-0.06393561512231827,0.7286636233329773,0.13198019564151764
4,-0.018780741840600967,-0.6157246828079224,-0.33567965030670166,0.13960734009742737,-0.5057756900787354,-0.15945297479629517,0.23142863810062408,-0.6850317716598511,-0.23253174126148224,-0.1474132537841797,-0.504016637802124,-0.19004762172698975,-0.2383662611246109,-0.662041425704956,-0.30750083923339844,0.3083533048629761,-0.9028777480125427,-0.3218573331832886,-0.24926775693893433,-0.8931731581687927,-0.4309287965297699,0.10752137005329132,-0.0014659685548394918,0.009282988496124744,-0.10772862285375595,0.0009387271129526198,-0.008009170182049274,0.10182493180036545,0.4075203835964203,0.008246028795838356,-0.084328293800354,0.3884819746017456,-0.003714038524776697,0.1355515718460083,0.7415562272071838,0.1406715214252472,-0.06341084092855453,0.7284994721412659,0.13268430531024933
5,-0.02167643792927265,-0.6147779822349548,-0.333110511302948,0.13858211040496826,-0.5057389140129089,-0.1591450423002243,0.229224294424057,-0.6850548982620239,-0.23498950898647308,-0.14888852834701538,-0.5038931965827942,-0.18692265450954437,-0.23833854496479034,-0.6621862649917603,-0.3025558292865753,0.30601224303245544,-0.9018170833587646,-0.3268827795982361,-0.24863488972187042,-0.8934841752052307,-0.4255787432193756,0.10773791372776031,-0.0014682351611554623,0.009096955880522728,-0.10795047134160995,0.0009400133276358247,-0.007848511449992657,0.10271019488573074,0.40741610527038574,0.0038795541040599346,-0.08434151858091354,0.38897791504859924,-0.0037424464244395494,0.1359199434518814,0.7415915131568909,0.13523094356060028,-0.0635082945227623,0.7289948463439941,0.13220073282718658
6,-0.022154783830046654,-0.6151885986328125,-0.33471429347991943,0.13744615018367767,-0.5046403408050537,-0.16012747585773468,0.2281806915998459,-0.6848015189170837,-0.23434841632843018,-0.1492662876844406,-0.5034385919570923,-0.18882526457309723,-0.23634830117225647,-0.6619036793708801,-0.3048240840435028,0.3057151138782501,-0.9011666774749756,-0.324722021818161,-0.24448160827159882,-0.893577516078949,-0.4285387396812439,0.10796747356653214,-0.0014972775243222713,0.009083759039640427,-0.10818927735090256,0.0009638131596148014,-0.007837383076548576,0.10364315658807755,0.4074481427669525,0.011125347577035427,-0.08394014835357666,0.38961657881736755,-0.002314572688192129,0.1383453905582428,0.74140864610672,0.1479870229959488,-0.06288199871778488,0.7291527986526489,0.13871990144252777
7,-0.023768002167344093,-0.6136565208435059,-0.334863543510437,0.1371082216501236,-0.5038524270057678,-0.1600281000137329,0.2279963344335556,-0.6822811365127563,-0.23689238727092743,-0.15009211003780365,-0.5028348565101624,-0.18895432353019714,-0.23561128973960876,-0.6609616279602051,-0.30486196279525757,0.3054104149341583,-0.8978325128555298,-0.33040258288383484,-0.24427269399166107,-0.8936272859573364,-0.42743220925331116,0.10826809704303741,-0.0015277951024472713,0.009113808162510395,-0.1084987074136734,0.0009906457271426916,-0.007874002680182457,0.10443267226219177,0.40752020478248596,0.01239950954914093,-0.08336939662694931,0.38983407616615295,-0.002316697733476758,0.13915498554706573,0.7413128018379211,0.1495627611875534,-0.06279481202363968,0.7291955351829529,0.139393150806427
8,-0.02383619360625744,-0.6129515767097473,-0.33584025502204895,0.13692007958889008,-0.5035228133201599,-0.16102665662765503,0.22766940295696259,-0.6819393038749695,-0.2386968731880188,-0.15021494030952454,-0.5027700662612915,-0.18956397473812103,-0.2344275861978531,-0.6608250141143799,-0.3059527575969696,0.305291086435318,-0.8976553678512573,-0.33189478516578674,-0.2441491037607193,-0.8938438892364502,-0.42949846386909485,0.10844525694847107,-0.0015556520083919168,0.009039297699928284,-0.10867825150489807,0.0010161721147596836,-0.0078074196353554726,0.10484329611063004,0.4075295031070709,0.011932682245969772,-0.08211006969213486,0.39044326543807983,-0.0023248817306011915,0.1404542177915573,0.7412468194961548,0.14940255880355835,-0.06091892719268799,0.7298932075500488,0.13931149244308472
9,-0.026844095438718796,-0.6136776804924011,-0.3311699628829956,0.13529415428638458,-0.5040194392204285,-0.15929321944713593,0.2259274274110794,-0.6831904649734497,-0.2364288866519928,-0.15187783539295197,-0.5027170777320862,-0.18287093937397003,-0.23719966411590576,-0.6609843373298645,-0.29472580552101135,0.3037766218185425,-0.8990132808685303,-0.3265245854854584,-0.24687102437019348,-0.8949286341667175,-0.4144884943962097,0.1085117980837822,-0.001666109194047749,0.008993146009743214,-0.10874298214912415,0.001121525652706623,-0.007763315923511982,0.10499195009469986,0.40761932730674744,0.013604284264147282,-0.08263666927814484,0.39096298813819885,-0.002061774954199791,0.14132778346538544,0.7410266995429993,0.15238237380981445,-0.060912325978279114,0.7300354838371277,0.1403960883617401
10,-0.026453230530023575,-0.6153020262718201,-0.3310743272304535,0.1348523050546646,-0.5040739178657532,-0.15876504778862,0.22522294521331787,-0.6841890811920166,-0.23451568186283112,-0.15188483893871307,-0.5028387904167175,-0.18301162123680115,-0.23625384271144867,-0.661362886428833,-0.29508405923843384,0.30316251516342163,-0.9010061025619507,-0.3238106966018677,-0.2459196299314499,-0.8952481150627136,-0.4151785969734192,0.10856237262487411,-0.0017238162690773606,0.008994659408926964,-0.10879363864660263,0.001176060177385807,-0.007767980918288231,0.10497629642486572,0.4079994261264801,0.01718895509839058,-0.08187117427587509,0.39152416586875916,-0.0017134591471403837,0.14134539663791656,0.7413150668144226,0.1539321392774582,-0.060845404863357544,0.7316057085990906,0.14107677340507507
11,-0.022168884053826332,-0.61564701795578,-0.3334929943084717,0.13493478298187256,-0.5037075281143188,-0.15979115664958954,0.22382427752017975,-0.6842908263206482,-0.23474960029125214,-0.15021060407161713,-0.502071738243103,-0.18731142580509186,-0.23374272882938385,-0.6610252857208252,-0.3025929033756256,0.30151790380477905,-0.9016539454460144,-0.3241010308265686,-0.24200743436813354,-0.8952574133872986,-0.4239019453525543,0.1085975244641304,-0.0017523521091789007,0.00897334236651659,-0.10882993042469025,0.001202910440042615,-0.007750918623059988,0.10491837561130524,0.40828195214271545,0.018380042165517807,-0.08162622153759003,0.39248034358024597,-2.478730493749026e-06,0.14158256351947784,0.7418925762176514,0.15456874668598175,-0.06073085591197014,0.7331513166427612,0.14359822869300842
12,-0.02162766456604004,-0.6213187575340271,-0.33094522356987,0.13430286943912506,-0.5048836469650269,-0.15868687629699707,0.22129112482070923,-0.689642071723938,-0.23266148567199707,-0.1501816213130951,-0.5020776391029358,-0.18637558817863464,-0.23529309034347534,-0.6634515523910522,-0.3024200201034546,0.29933226108551025,-0.9072690010070801,-0.321702778339386,-0.242692232131958,-0.8981149792671204,-0.4230394661426544,0.10856889933347702,-0.0017150656785815954,0.00864187441766262,-0.10880209505558014,0.001166550093330443,-0.007438713684678078,0.09919913113117218,0.41012904047966003,0.019651230424642563,-0.08482424914836884,0.39270949363708496,0.0017556232633069158,0.14136144518852234,0.7462280988693237,0.1521964967250824,-0.061240412294864655,0.7342868447303772,0.1436198353767395
13,-0.019968358799815178,-0.6222719550132751,-0.3291488289833069,0.13422486186027527,-0.5050057768821716,-0.15253914892673492,0.22070832550525665,-0.6896070837974548,-0.22424806654453278,-0.1497277021408081,-0.501154899597168,-0.18800388276576996,-0.23199093341827393,-0.6640938520431519,-0.30534273386001587,0.29911553859710693,-0.9071306586265564,-0.31497281789779663,-0.23866963386535645,-0.8985351324081421,-0.42268699407577515,0.10857293754816055,-0.0018050797516480088,0.01040240190923214,-0.10880909860134125,0.0012521903263404965,-0.009217477403581142,0.0992923378944397,0.4104284346103668,0.02925299108028412,-0.08555371314287186,0.3929075300693512,0.00140638358425349,0.1409177929162979,0.7467232346534729,0.15351487696170807,-0.06569308787584305,0.7370081543922424,0.13996221125125885
14,-0.012132513336837292,-0.6222051978111267,-0.3336890637874603,0.13561290502548218,-0.5038250088691711,-0.15342549979686737,0.22070154547691345,-0.6883022785186768,-0.22440728545188904,-0.14568684995174408,-0.49980977177619934,-0.19858454167842865,-0.2250361293554306,-0.6634306907653809,-0.3233366906642914,0.2994014024734497,-0.905916154384613,-0.3172546923160553,-0.2320006787776947,-0.897313117980957,-0.4447448253631592,0.10862898081541061,-0.0018152743577957153,0.01087419968098402,-0.10887621343135834,0.0012599658221006393,-0.009708382189273834,0.09936970472335815,0.4108995795249939,0.03043213114142418,-0.08248770982027054,0.3929919898509979,0.0011777660110965371,0.1426774263381958,0.7469252943992615,0.15775974094867706,-0.05885838344693184,0.7371562719345093,0.1405431628227234
15,-0.010486679151654243,-0.6220419406890869,-0.33851227164268494,0.13593044877052307,-0.5031009316444397,-0.15685048699378967,0.22067175805568695,-0.6881421208381653,-0.2259364277124405,-0.1445615142583847,-0.4996475577354431,-0.20076709985733032,-0.22485190629959106,-0.6632077097892761,-0.3256585896015167,0.2994852066040039,-0.9058268666267395,-0.31774646043777466,-0.22942903637886047,-0.8973183631896973,-0.4479992091655731,0.10863535106182098,-0.0017431548330932856,0.010830897837877274,-0.10888396948575974,0.0011850434821099043,-0.009669475257396698,0.09917984902858734,0.411170095205307,0.03018755279481411,-0.08236579596996307,0.39294156432151794,0.0011743864743039012,0.142765611410141,0.7486024498939514,0.15254336595535278,-0.05893423780798912,0.7371803522109985,0.1397458165884018
16,-0.009004144929349422,-0.6220002770423889,-0.3399304747581482,0.13630670309066772,-0.5027095675468445,-0.15876653790473938,0.22061395645141602,-0.6880922317504883,-0.22879785299301147,-0.14371153712272644,-0.499350368976593,-0.20229662954807281,-0.22313623130321503,-0.661471962928772,-0.32903680205345154,0.2994392216205597,-0.9057278037071228,-0.3213447630405426,-0.22884319722652435,-0.8953366279602051,-0.4552040994167328,0.1086871325969696,-0.0017125835875049233,0.010693389922380447,-0.10893770307302475,0.0011529696639627218,-0.009532983414828777,0.09924478083848953,0.4113158881664276,0.029086189344525337,-0.08253087103366852,0.39314842224121094,0.0017813184531405568,0.144028440117836,0.7485018968582153,0.15267017483711243,-0.058932531625032425,0.7371663451194763,0.1421351283788681
17,-0.003851562272757292,-0.6221621036529541,-0.3397626280784607,0.13626761734485626,-0.5021746754646301,-0.1584286242723465,0.219917431473732,-0.687447726726532,-0.22555644810199738,-0.14298215508460999,-0.4992927610874176,-0.20424441993236542,-0.22081410884857178,-0.6600650548934937,-0.3337571918964386,0.3014274537563324,-0.9056447148323059,-0.31498005986213684,-0.2225741744041443,-0.894702672958374,-0.46037808060646057,0.1086902841925621,-0.0017270824173465371,0.011001567356288433,-0.10894224792718887,0.0011654335539788008,-0.00984637439250946,0.09901848435401917,0.41166165471076965,0.030630391091108322,-0.0815134197473526,0.39318767189979553,0.0016615274362266064,0.14402906596660614,0.7486063838005066,0.15459465980529785,-0.05842255428433418,0.737042248249054,0.14251834154129028
18,-0.003905533580109477,-0.6227211952209473,-0.3377281725406647,0.1360170543193817,-0.5023961067199707,-0.15757830440998077,0.21863287687301636,-0.6874440908432007,-0.22549639642238617,-0.14301860332489014,-0.49946972727775574,-0.20366637408733368,-0.22091519832611084,-0.6600506901741028,-0.33308038115501404,0.3011529743671417,-0.905673086643219,-0.31518757343292236,-0.2233319729566574,-0.8946043848991394,-0.4589068293571472,0.10870262235403061,-0.0017168887425214052,0.010946523398160934,-0.10895492136478424,0.001154633704572916,-0.009791114367544651,0.09824525564908981,0.41219574213027954,0.029435520991683006,-0.08216544985771179,0.39334964752197266,0.002098992234095931,0.1438479870557785,0.7488498091697693,0.15432187914848328,-0.05885934457182884,0.7368809580802917,0.14357301592826843
19,0.00026051796157844365,-0.6203620433807373,-0.34367233514785767,0.13665851950645447,-0.5011320114135742,-0.1618013083934784,0.2186475247144699,-0.6872732043266296,-0.23748134076595306,-0.14131805300712585,-0.49769842624664307,-0.21146652102470398,-0.21893692016601562,-0.6570038795471191,-0.3442070782184601,0.301540344953537,-0.9056383371353149,-0.3335759937763214,-0.22229287028312683,-0.8924070596694946,-0.4687744975090027,0.10872605443000793,-0.0018141604959964752,0.01179527211934328,-0.10898101329803467,0.0012469053035601974,-0.010633205994963646,0.10050373524427414,0.4119933843612671,0.03159471973776817,-0.08086606115102768,0.393370658159256,0.0003205884131602943,0.14628450572490692,0.7464637756347656,0.16057616472244263,-0.0588841438293457,0.7365468144416809,0.14350634813308716
20,5.153207166586071e-05,-0.6261667013168335,-0.3303107023239136,0.13582588732242584,-0.5016323328018188,-0.15001194179058075,0.21862228214740753,-0.6877800226211548,-0.2198726087808609,-0.14206215739250183,-0.4977782666683197,-0.20400546491146088,-0.21912838518619537,-0.6569690108299255,-0.3410383462905884,0.3012111783027649,-0.9057320952415466,-0.31012779474258423,-0.21854200959205627,-0.8923701643943787,-0.46359920501708984,0.10872463136911392,-0.0018792945193126798,0.012564984150230885,-0.10897892713546753,0.0013110123109072447,-0.011404932476580143,0.10020328313112259,0.4120217561721802,0.032717905938625336,-0.08156120032072067,0.3926306962966919,-0.00022612567408941686,0.14614428579807281,0.7464281916618347,0.1606009155511856,-0.060030411928892136,0.7343641519546509,0.14308162033557892
21,0.0015273748431354761,-0.6260594725608826,-0.33045393228530884,0.1366567760705948,-0.5018743872642517,-0.14949262142181396,0.2183975875377655,-0.6881875395774841,-0.2164577692747116,-0.14134179055690765,-0.4977229833602905,-0.20336484909057617,-0.22082215547561646,-0.6568877100944519,-0.3385753631591797,0.30115577578544617,-0.9061558842658997,-0.30527982115745544,-0.22226053476333618,-0.8920778036117554,-0.459861159324646,0.108742855489254,-0.0019471667474135756,0.012891575694084167,-0.10899840295314789,0.0013741609873250127,-0.01173387560993433,0.10078482329845428,0.4121784269809723,0.03506278991699219,-0.08155938982963562,0.39349398016929626,0.0005681056063622236,0.1463485211133957,0.7464644312858582,0.16397927701473236,-0.06038773059844971,0.7353183031082153,0.14446215331554413
22,0.0017805056413635612,-0.6274153590202332,-0.3230173587799072,0.13665802776813507,-0.5023541450500488,-0.14231941103935242,0.2183879315853119,-0.6883107423782349,-0.20650872588157654,-0.14137575030326843,-0.49812817573547363,-0.19540812075138092,-0.2206207662820816,-0.6569205522537231,-0.3311854302883148,0.3011331856250763,-0.90608149766922,-0.29213622212409973,-0.2171415388584137,-0.8921627998352051,-0.45376741886138916,0.1087459847331047,-0.00199090875685215,0.013230643235147,-0.10900014638900757,0.0014152851654216647,-0.01206671167165041,0.10012267529964447,0.4124287962913513,0.03665244206786156,-0.08162626624107361,0.3933483362197876,0.0004330675583332777,0.14583125710487366,0.746361255645752,0.16397103667259216,-0.06045829877257347,0.735054612159729,0.1435660719871521
23,0.0017212328966706991,-0.6275137662887573,-0.32343927025794983,0.13717322051525116,-0.5023876428604126,-0.14280442893505096,0.2185809165239334,-0.6881452798843384,-0.20746161043643951,-0.1409756988286972,-0.4984186291694641,-0.19490617513656616,-0.21902184188365936,-0.6579293012619019,-0.32764315605163574,0.30137699842453003,-0.9059211015701294,-0.2941747009754181,-0.217166468501091,-0.8928099870681763,-0.44938036799430847,0.1087578684091568,-0.0019999914802610874,0.01312931813299656,-0.10901226848363876,0.0014234577538445592,-0.011964921839535236,0.10015473514795303,0.41246601939201355,0.035485491156578064,-0.08162420243024826,0.3934893012046814,0.0005528475157916546,0.1458662450313568,0.7463554739952087,0.16236917674541473,-0.06047195941209793,0.735516369342804,0.14331384003162384
24,0.0022230809554457664,-0.6275470852851868,-0.32070088386535645,0.13500331342220306,-0.5029508471488953,-0.1406887173652649,0.21584460139274597,-0.6893904209136963,-0.20308125019073486,-0.1417226642370224,-0.4983566999435425,-0.1938679963350296,-0.22036944329738617,-0.6577873826026917,-0.32758477330207825,0.29811331629753113,-0.9084698557853699,-0.2856700122356415,-0.21730555593967438,-0.8929667472839355,-0.449206680059433,0.10855437070131302,-0.0020841120276600122,0.013651571236550808,-0.10879773646593094,0.0015073998365551233,-0.012497678399085999,0.09798464179039001,0.4132791757583618,0.03554198890924454,-0.0824894905090332,0.39361557364463806,0.0006134386640042067,0.1459699422121048,0.7474412322044373,0.16174279153347015,-0.06026684492826462,0.7363262176513672,0.14295758306980133
25,0.007417852059006691,-0.6220701336860657,-0.33739954233169556,0.1351630836725235,-0.5003663301467896,-0.14908258616924286,0.21585002541542053,-0.6866422295570374,-0.20461556315422058,-0.1388322412967682,-0.4952296316623688,-0.21540772914886475,-0.21864886581897736,-0.6531190276145935,-0.3529859483242035,0.2995948791503906,-0.9062585234642029,-0.28654301166534424,-0.21740184724330902,-0.8885234594345093,-0.4770643413066864,0.1085149347782135,-0.002158534247428179,0.014517958275973797,-0.10876838117837906,0.001577323884703219,-0.013373330235481262,0.1005604937672615,0.4133151173591614,0.03538854792714119,-0.07897184789180756,0.39484575390815735,0.0005812516901642084,0.14598582684993744,0.7481654286384583,0.1645827442407608,-0.05452712997794151,0.7381484508514404,0.14380551874637604
26,0.00935632549226284,-0.6214466094970703,-0.34127265214920044,0.13614346086978912,-0.4994990825653076,-0.1528288871049881,0.2158430516719818,-0.6870177388191223,-0.20629335939884186,-0.13639406859874725,-0.4941486418247223,-0.21645429730415344,-0.21873116493225098,-0.6522785425186157,-0.35449305176734924,0.29933133721351624,-0.908858597278595,-0.2879321277141571,-0.22011974453926086,-0.8879321217536926,-0.48062166571617126,0.10850904136896133,-0.0021863365545868874,0.015070797875523567,-0.10876583307981491,0.0016027260571718216,-0.01393439993262291,0.101199209690094,0.41362082958221436,0.035498134791851044,-0.0778949037194252,0.3949994146823883,5.626161510008387e-05,0.14598116278648376,0.7494021058082581,0.16940149664878845,-0.05112709477543831,0.738355815410614,0.14453430473804474
27,0.009256885387003422,-0.618509829044342,-0.345751017332077,0.1353054791688919,-0.4968062937259674,-0.15967291593551636,0.21549688279628754,-0.6839186549186707,-0.2194020301103592,-0.13766346871852875,-0.4930586814880371,-0.21849696338176727,-0.21976172924041748,-0.6488295197486877,-0.3549635708332062,0.29908522963523865,-0.9067254066467285,-0.3056943714618683,-0.22259926795959473,-0.8865302205085754,-0.4814741909503937,0.10850861668586731,-0.0022028153762221336,0.014833131805062294,-0.10876777768135071,0.0016173209296539426,-0.013705430552363396,0.10119102895259857,0.4136827886104584,0.03423704206943512,-0.07599200308322906,0.3956626057624817,0.00028473243582993746,0.14665278792381287,0.7501683831214905,0.16665750741958618,-0.04648834839463234,0.7424122095108032,0.14419202506542206
28,0.004539160989224911,-0.6246197819709778,-0.3188815414905548,0.135153129696846,-0.5033043622970581,-0.13674724102020264,0.2151840478181839,-0.6938601732254028,-0.18667802214622498,-0.1384974867105484,-0.4950917363166809,-0.19181160628795624,-0.22445231676101685,-0.6541577577590942,-0.32099252939224243,0.29605481028556824,-0.91655033826828,-0.26077455282211304,-0.22644345462322235,-0.8895694613456726,-0.43579816818237305,0.10842935740947723,-0.002336472272872925,0.015147499740123749,-0.10868877917528152,0.0017511553596705198,-0.014020027592778206,0.10215385258197784,0.4136783480644226,0.035047005861997604,-0.07824570685625076,0.39633703231811523,0.0014426755951717496,0.1456364244222641,0.7504478096961975,0.16727076470851898,-0.04837882146239281,0.7429593801498413,0.1442038118839264
29,0.005465703085064888,-0.6241162419319153,-0.31945425271987915,0.13402600586414337,-0.5036847591400146,-0.13795596361160278,0.21129174530506134,-0.6936032772064209,-0.19073396921157837,-0.13850116729736328,-0.49513059854507446,-0.19775572419166565,-0.22242379188537598,-0.6564714908599854,-0.3248346447944641,0.29604554176330566,-0.9160633087158203,-0.2677164673805237,-0.22578835487365723,-0.8933026790618896,-0.44094181060791016,0.1083647832274437,-0.0024168011732399464,0.015211200341582298,-0.10862749814987183,0.0018303875112906098,-0.014089423231780529,0.10223990678787231,0.4140085279941559,0.03477989509701729,-0.0796215757727623,0.39782246947288513,0.003209406044334173,0.14588092267513275,0.7514668703079224,0.1672101765871048,-0.0489812009036541,0.7439795732498169,0.14647947251796722
30,0.00584850087761879,-0.6167937517166138,-0.3308410942554474,0.13460224866867065,-0.5034759044647217,-0.14537595212459564,0.21353250741958618,-0.6934177875518799,-0.20389731228351593,-0.13789023458957672,-0.49453121423721313,-0.20819716155529022,-0.22115078568458557,-0.6562356352806091,-0.33435213565826416,0.2971744239330292,-0.9157838821411133,-0.2894345819950104,-0.22586821019649506,-0.8933234810829163,-0.4469855725765228,0.10831676423549652,-0.0024592808913439512,0.015562132932245731,-0.10858702659606934,0.001872478169389069,-0.014446714892983437,0.10243909060955048,0.4140588939189911,0.03443657606840134,-0.07942773401737213,0.39788520336151123,0.0025217432994395494,0.1457807868719101,0.7515348792076111,0.16750489175319672,-0.04917900264263153,0.7438308000564575,0.14631472527980804
31,0.005809151567518711,-0.6159222722053528,-0.3319815695285797,0.1353708952665329,-0.503739058971405,-0.1465863436460495,0.21447183191776276,-0.6937811970710754,-0.2042357325553894,-0.13788989186286926,-0.4947984516620636,-0.2075933963060379,-0.22393901646137238,-0.6571851372718811,-0.3292631506919861,0.29739081859588623,-0.916647732257843,-0.2891172170639038,-0.22890911996364594,-0.8957667946815491,-0.438007652759552,0.10829992592334747,-0.002482874318957329,0.01554128434509039,-0.10857190191745758,0.001894937246106565,-0.014426607638597488,0.10232428461313248,0.41452160477638245,0.03421444073319435,-0.07941671460866928,0.39796683192253113,0.0019595737103372812,0.1447262167930603,0.7525910139083862,0.16628959774971008,-0.05134119093418121,0.7442057728767395,0.14393819868564606
32,0.004551184829324484,-0.615755021572113,-0.3334338963031769,0.13537463545799255,-0.5022152066230774,-0.1498117595911026,0.21524813771247864,-0.6894813179969788,-0.21255144476890564,-0.1393289417028427,-0.4945496916770935,-0.20759670436382294,-0.2262391746044159,-0.6529783606529236,-0.3319535553455353,0.2981714904308319,-0.9108507037162781,-0.29989463090896606,-0.2322833389043808,-0.8911457657814026,-0.44864529371261597,0.10836146771907806,-0.0024686462711542845,0.01521438080817461,-0.1086369976401329,0.0018802299164235592,-0.014107521623373032,0.10237085819244385,0.41453003883361816,0.03161364421248436,-0.07906703650951385,0.3978159725666046,0.0019115257309749722,0.14478009939193726,0.7526299357414246,0.16497661173343658,-0.05074058473110199,0.7440968155860901,0.1439335197210312
33,0.0054486836306750774,-0.6157940626144409,-0.3352867066860199,0.13468684256076813,-0.5025984644889832,-0.14980179071426392,0.21534694731235504,-0.6937593221664429,-0.20681148767471313,-0.13936005532741547,-0.4941278100013733,-0.21590885519981384,-0.22608307003974915,-0.6533557772636414,-0.34646666049957275,0.2981380820274353,-0.9159067273139954,-0.2874720096588135,-0.23218032717704773,-0.8916305899620056,-0.4609975516796112,0.10829994082450867,-0.002619741717353463,0.016987424343824387,-0.10858484357595444,0.002029182855039835,-0.015867581591010094,0.10236028581857681,0.4145383834838867,0.03533521294593811,-0.07917466759681702,0.3978187143802643,0.00017388233391102403,0.14197368919849396,0.7526437640190125,0.16967909038066864,-0.052439991384744644,0.7434149980545044,0.14331047236919403
34,0.004748815204948187,-0.6211040019989014,-0.3294266164302826,0.13469234108924866,-0.5034217834472656,-0.14491437375545502,0.21542643010616302,-0.6956039667129517,-0.19881847500801086,-0.1397603452205658,-0.49411776661872864,-0.20709887146949768,-0.22786276042461395,-0.6530977487564087,-0.34218546748161316,0.29801419377326965,-0.9164406061172485,-0.2757776975631714,-0.23231694102287292,-0.8892102241516113,-0.4600628912448883,0.1083260253071785,-0.0026733148843050003,0.016993332654237747,-0.10861135274171829,0.0020822591613978148,-0.015871858224272728,0.10236664861440659,0.4145083427429199,0.03538472205400467,-0.07938181608915329,0.3978285789489746,0.00024507008492946625,0.1416628658771515,0.752655029296875,0.1699923872947693,-0.05240188166499138,0.7431045174598694,0.1434841901063919
35,0.004046410787850618,-0.6223986148834229,-0.32822832465171814,0.13468429446220398,-0.5036711096763611,-0.14454196393489838,0.21560004353523254,-0.695565938949585,-0.19894298911094666,-0.14093774557113647,-0.4940934181213379,-0.20296631753444672,-0.23140572011470795,-0.6527727246284485,-0.3348420560359955,0.2979882061481476,-0.916215181350708,-0.27652958035469055,-0.2359730303287506,-0.889055073261261,-0.45122772455215454,0.10838056355714798,-0.002718007657676935,0.01688791811466217,-0.10866494476795197,0.0021271053701639175,-0.015766246244311333,0.1029881164431572,0.41446900367736816,0.03534071519970894,-0.08092211931943893,0.3978383243083954,0.000989764928817749,0.14247363805770874,0.7524223327636719,0.17031638324260712,-0.05341251939535141,0.7425810694694519,0.1451590359210968
36,0.0007494495366699994,-0.6281353235244751,-0.3099637031555176,0.13575270771980286,-0.5094230771064758,-0.13619494438171387,0.21563439071178436,-0.7028051018714905,-0.19415439665317535,-0.14090776443481445,-0.4996519982814789,-0.17518046498298645,-0.23129068315029144,-0.660703182220459,-0.3012527823448181,0.2963194251060486,-0.9246960878372192,-0.2691894769668579,-0.23587144911289215,-0.8934189081192017,-0.42080122232437134,0.10839325934648514,-0.0027129952795803547,0.015468567609786987,-0.10867414623498917,0.00212400802411139,-0.014332127757370472,0.10142284631729126,0.4142327606678009,0.03389107063412666,-0.08194940537214279,0.3972521424293518,0.0009656378533691168,0.13952402770519257,0.752251923084259,0.1673305332660675,-0.05527186393737793,0.7415501475334167,0.14458805322647095
37,0.0017680424498394132,-0.6276970505714417,-0.323329359292984,0.13614536821842194,-0.5092689990997314,-0.14641202986240387,0.21550686657428741,-0.7009108066558838,-0.2075050175189972,-0.14109112322330475,-0.4995284080505371,-0.18268300592899323,-0.23558670282363892,-0.6604813933372498,-0.3029159605503082,0.29704123735427856,-0.9209485054016113,-0.29020556807518005,-0.23807670176029205,-0.8933379650115967,-0.4227246344089508,0.10844370722770691,-0.002590544056147337,0.013755233958363533,-0.10872036218643188,0.001998626161366701,-0.012623516842722893,0.1003817617893219,0.4142301678657532,0.03290913254022598,-0.08273307979106903,0.3972640037536621,0.004683466628193855,0.14104440808296204,0.7519711852073669,0.16314348578453064,-0.05747805908322334,0.7412778735160828,0.14635612070560455
38,0.0014835343463346362,-0.6239622831344604,-0.336327463388443,0.1317814290523529,-0.5082587599754333,-0.15226684510707855,0.21167738735675812,-0.6997999548912048,-0.21368637681007385,-0.14243552088737488,-0.49697381258010864,-0.20848533511161804,-0.23317036032676697,-0.6557162404060364,-0.3421473503112793,0.2965530753135681,-0.920524537563324,-0.29962167143821716,-0.23754623532295227,-0.890207827091217,-0.4655725061893463,0.10843934118747711,-0.0026982538402080536,0.014316151849925518,-0.10871848464012146,0.0021037538535892963,-0.01318158395588398,0.09982912242412567,0.41426903009414673,0.033157508820295334,-0.08211655169725418,0.39747878909111023,0.0006059582228772342,0.14211511611938477,0.7520233988761902,0.16320255398750305,-0.05747097358107567,0.7424868941307068,0.14303922653198242
39,-0.0008617034764029086,-0.6250683069229126,-0.3285243511199951,0.13187041878700256,-0.5085489153862,-0.14525873959064484,0.2117825597524643,-0.7005283236503601,-0.19731798768043518,-0.142497256398201,-0.49718520045280457,-0.20192839205265045,-0.23283353447914124,-0.6555362343788147,-0.3325992226600647,0.2957231104373932,-0.9229621887207031,-0.2714914083480835,-0.23741517961025238,-0.8893281817436218,-0.45233413577079773,0.10844161361455917,-0.002707896986976266,0.014570530503988266,-0.10872192680835724,0.002113437745720148,-0.013432140462100506,0.09975706040859222,0.4141988158226013,0.03316858783364296,-0.08221227675676346,0.39731836318969727,-0.0007660476840101182,0.13760098814964294,0.752036452293396,0.1634073555469513,-0.05901586264371872,0.7422464489936829,0.14083755016326904
40,-0.0007725488976575434,-0.6246548891067505,-0.33229050040245056,0.13141527771949768,-0.5085217356681824,-0.14689749479293823,0.2118443101644516,-0.702460765838623,-0.1975788027048111,-0.1426505744457245,-0.4975200593471527,-0.2062903642654419,-0.23219749331474304,-0.6571300625801086,-0.3365625739097595,0.2977070212364197,-0.9275566339492798,-0.2714284360408783,-0.23697657883167267,-0.8906896114349365,-0.4566023647785187,0.10844546556472778,-0.0027318736538290977,0.014613370411098003,-0.1087261214852333,0.002137542702257633,-0.013477789238095284,0.10053124278783798,0.4141956865787506,0.033636610954999924,-0.08204492181539536,0.3975193202495575,-0.0001625557051738724,0.14274217188358307,0.751867949962616,0.1663651019334793,-0.056882768869400024,0.7421770095825195,0.14511555433273315
41,0.0004757670685648918,-0.6188376545906067,-0.35010725259780884,0.1336241513490677,-0.5053477883338928,-0.1630636751651764,0.21331283450126648,-0.7015479207038879,-0.21678175032138824,-0.1394018530845642,-0.496490478515625,-0.2190089374780655,-0.22790683805942535,-0.6572633981704712,-0.34561774134635925,0.29976916313171387,-0.9273355007171631,-0.2922239303588867,-0.2346428781747818,-0.8906640410423279,-0.46355780959129333,0.1084379106760025,-0.0027832339983433485,0.01477830670773983,-0.10872328281402588,0.002185311634093523,-0.013633761554956436,0.10278619080781937,0.41363465785980225,0.03440205380320549,-0.08114340156316757,0.39754822850227356,-0.0001516203919891268,0.14377528429031372,0.7495319247245789,0.17208988964557648,-0.056838806718587875,0.7417644262313843,0.14658455550670624
42,0.0004513692110776901,-0.6186864376068115,-0.3491930365562439,0.1337340623140335,-0.5042586922645569,-0.16471563279628754,0.21364402770996094,-0.698667049407959,-0.22096355259418488,-0.13997453451156616,-0.49636417627334595,-0.21833790838718414,-0.22915057837963104,-0.6557356119155884,-0.34351086616516113,0.3000648319721222,-0.9234570264816284,-0.29826819896698,-0.2335355281829834,-0.8903169631958008,-0.46297913789749146,0.10844831168651581,-0.002706038299947977,0.013349682092666626,-0.10873357206583023,0.0021071170922368765,-0.012208935804665089,0.10238801687955856,0.41356274485588074,0.03307270258665085,-0.08118806779384613,0.39733242988586426,0.002849581418558955,0.14449380338191986,0.7494553327560425,0.16867904365062714,-0.057204004377126694,0.7404991984367371,0.14856284856796265
43,0.0004565709095913917,-0.6195430159568787,-0.3480181396007538,0.13335750997066498,-0.5040658116340637,-0.16423232853412628,0.2121915966272354,-0.6975724697113037,-0.21999821066856384,-0.14004072546958923,-0.4963393807411194,-0.21754755079746246,-0.2268947958946228,-0.6551372408866882,-0.3429337441921234,0.29691916704177856,-0.921997606754303,-0.2983436584472656,-0.23261526226997375,-0.889753520488739,-0.463036447763443,0.1084604412317276,-0.0026474203914403915,0.012991304509341717,-0.1087467148900032,0.0020492705516517162,-0.011846201494336128,0.10158247500658035,0.41408267617225647,0.028863998129963875,-0.08126158267259598,0.39769887924194336,0.0028366975020617247,0.14497241377830505,0.7518196105957031,0.1578201800584793,-0.05682928487658501,0.743283748626709,0.14529073238372803
44,0.0005784034146927297,-0.6201128959655762,-0.3367619514465332,0.13314203917980194,-0.5063587427139282,-0.15161070227622986,0.21230998635292053,-0.7010716795921326,-0.20024487376213074,-0.14032278954982758,-0.4972408711910248,-0.2090529501438141,-0.2269357293844223,-0.6575850248336792,-0.33229777216911316,0.2972312867641449,-0.9255408644676208,-0.2743001878261566,-0.23257319629192352,-0.8927650451660156,-0.4466331899166107,0.10841629654169083,-0.002688259817659855,0.013404429890215397,-0.10870179533958435,0.002090595895424485,-0.012272264808416367,0.1027703732252121,0.4140337109565735,0.02932070754468441,-0.0813751071691513,0.39777871966362,0.002787211677059531,0.14546456933021545,0.7520296573638916,0.15822181105613708,-0.05585848540067673,0.7432804107666016,0.14510878920555115
45,0.0003720455861184746,-0.6199649572372437,-0.3425728678703308,0.13225212693214417,-0.5048773288726807,-0.1577700525522232,0.21029534935951233,-0.6982776522636414,-0.216360941529274,-0.14070697128772736,-0.4962460994720459,-0.21353216469287872,-0.22696690261363983,-0.6545042395591736,-0.3429412245750427,0.2957039773464203,-0.9216330051422119,-0.3007812798023224,-0.23375852406024933,-0.8888558149337769,-0.4643148183822632,0.10845521092414856,-0.0027103081811219454,0.013418388552963734,-0.10874301195144653,0.002111362060531974,-0.01228535920381546,0.1032525971531868,0.41368210315704346,0.028973951935768127,-0.08120927214622498,0.3978140354156494,0.0019220953108742833,0.1468152105808258,0.7516980171203613,0.1585100144147873,-0.055034030228853226,0.7436091303825378,0.14433450996875763
46,0.0005782791413366795,-0.622101902961731,-0.3336898386478424,0.1327728033065796,-0.5068964958190918,-0.14935927093029022,0.2110362946987152,-0.7006082534790039,-0.20034867525100708,-0.14064589142799377,-0.49706459045410156,-0.20723460614681244,-0.22699874639511108,-0.6574869751930237,-0.33398744463920593,0.2958625555038452,-0.9243711829185486,-0.27591437101364136,-0.23390012979507446,-0.8915312886238098,-0.44871699810028076,0.1084679588675499,-0.0027940787840634584,0.014174018055200577,-0.10875777155160904,0.002194587839767337,-0.013044807128608227,0.10435020178556442,0.41348859667778015,0.029280656948685646,-0.08179067820310593,0.39792606234550476,0.0006574387080036104,0.14622606337070465,0.7512736916542053,0.16277256608009338,-0.05585901066660881,0.7436075806617737,0.1437748670578003
47,0.0002854025224223733,-0.6194173693656921,-0.3424094021320343,0.13100086152553558,-0.5062878131866455,-0.15380769968032837,0.21108077466487885,-0.7002509832382202,-0.20160798728466034,-0.14164339005947113,-0.49649912118911743,-0.21639755368232727,-0.22708144783973694,-0.6565061211585999,-0.3455573320388794,0.2989826500415802,-0.9239588379859924,-0.27685943245887756,-0.233913391828537,-0.8907254934310913,-0.46315091848373413,0.1084468737244606,-0.002805373864248395,0.014264516532421112,-0.10873980820178986,0.0022056037560105324,-0.013133426196873188,0.10376431792974472,0.41390514373779297,0.029325952753424644,-0.08148914575576782,0.3980891704559326,0.0002708876854740083,0.14717493951320648,0.7521560192108154,0.1611563265323639,-0.054915864020586014,0.7449190020561218,0.1412402242422104
48,-4.050184725201689e-05,-0.6249296069145203,-0.3187284767627716,0.13110430538654327,-0.5098016858100891,-0.13148212432861328,0.21176543831825256,-0.704375684261322,-0.17695392668247223,-0.14165310561656952,-0.4974963963031769,-0.1962440013885498,-0.2273535430431366,-0.6567768454551697,-0.32733598351478577,0.2951281666755676,-0.9254009127616882,-0.2515000104904175,-0.23534458875656128,-0.8906437158584595,-0.4476795494556427,0.10838675498962402,-0.0028105471283197403,0.015152569860219955,-0.10867874324321747,0.002210776088759303,-0.01400795578956604,0.10322077572345734,0.4140675961971283,0.03057624213397503,-0.08155880868434906,0.39776891469955444,-0.0018072013044729829,0.1397315114736557,0.7555088400840759,0.15792973339557648,-0.05520694702863693,0.7453010082244873,0.1329663097858429
49,0.0006251063896343112,-0.6184490323066711,-0.3338533043861389,0.12973006069660187,-0.5062941908836365,-0.14186541736125946,0.21104441583156586,-0.6964932084083557,-0.1841973513364792,-0.14385266602039337,-0.49542418122291565,-0.2087600976228714,-0.23271788656711578,-0.652108907699585,-0.33863016963005066,0.29662251472473145,-0.9174814820289612,-0.2630910873413086,-0.23618125915527344,-0.8888140916824341,-0.45932286977767944,0.10838077962398529,-0.0028014599811285734,0.01502980012446642,-0.1086745634675026,0.002200830727815628,-0.013894227333366871,0.0980008989572525,0.4158915877342224,0.029875749722123146,-0.08199863880872726,0.39788031578063965,-0.001130622928030789,0.1385555863380432,0.7568348050117493,0.15714997053146362,-0.05367148667573929,0.7453219890594482,0.13457201421260834
50,0.0017288635717704892,-0.620277464389801,-0.3288312554359436,0.13276880979537964,-0.5068179965019226,-0.13871553540229797,0.21266688406467438,-0.7000943422317505,-0.18448442220687866,-0.1419149786233902,-0.49487242102622986,-0.20527048408985138,-0.232955202460289,-0.6528754234313965,-0.3361569344997406,0.29388725757598877,-0.9210742712020874,-0.2616051137447357,-0.23599405586719513,-0.8897045254707336,-0.45166435837745667,0.10839549452066422,-0.002876362996175885,0.01651492714881897,-0.10869400203227997,0.0022740750573575497,-0.015374329872429371,0.0997144803404808,0.41577786207199097,0.03380456939339638,-0.08277060836553574,0.3977823853492737,-0.0022781987208873034,0.13642355799674988,0.7565842866897583,0.1638210564851761,-0.05786664038896561,0.7443670630455017,0.13442662358283997
51,0.002103630919009447,-0.6193461418151855,-0.3320755958557129,0.13320286571979523,-0.5039844512939453,-0.14673057198524475,0.21435494720935822,-0.6909573674201965,-0.20584574341773987,-0.14320023357868195,-0.4947136640548706,-0.2051285058259964,-0.2346438318490982,-0.6508692502975464,-0.33252882957458496,0.297532320022583,-0.9125556349754333,-0.29156437516212463,-0.2404879480600357,-0.8883939385414124,-0.44915103912353516,0.10849695652723312,-0.0028456703294068575,0.015824640169739723,-0.10879473388195038,0.0022431884426623583,-0.01470016036182642,0.0977054238319397,0.416812002658844,0.03300384804606438,-0.08302117139101028,0.39678213000297546,-0.003505279077216983,0.13796408474445343,0.7561129927635193,0.16379055380821228,-0.0566817969083786,0.7429532408714294,0.134597510099411
52,0.001904178294353187,-0.6241574287414551,-0.3202606439590454,0.13317987322807312,-0.505794107913971,-0.13515788316726685,0.21403902769088745,-0.6939253807067871,-0.18555684387683868,-0.14325928688049316,-0.49472376704216003,-0.19762419164180756,-0.23510612547397614,-0.6509286165237427,-0.3279239535331726,0.2957836091518402,-0.9142752289772034,-0.26187577843666077,-0.2403312772512436,-0.8884162902832031,-0.44242140650749207,0.10849937051534653,-0.0029325580690056086,0.016482967883348465,-0.10879747569561005,0.0023305602371692657,-0.015352139249444008,0.10000637918710709,0.41588565707206726,0.03516067937016487,-0.08326912671327591,0.396822452545166,-0.0021578979212790728,0.1376960724592209,0.7551658153533936,0.16698506474494934,-0.05787377804517746,0.741941511631012,0.13777752220630646
53,0.0018518500728532672,-0.6230678558349609,-0.32874414324760437,0.13357438147068024,-0.5034136176109314,-0.1414705216884613,0.2150798738002777,-0.6922444105148315,-0.18721884489059448,-0.14299537241458893,-0.4943614900112152,-0.19839492440223694,-0.23527538776397705,-0.6494293212890625,-0.3287705183029175,0.2972724139690399,-0.9128962159156799,-0.26302480697631836,-0.24032443761825562,-0.8863892555236816,-0.4504956305027008,0.10856932401657104,-0.002900643041357398,0.01607651449739933,-0.10886829346418381,0.002295849611982703,-0.014950084500014782,0.10075660794973373,0.4160137474536896,0.03275729715824127,-0.08304956555366516,0.3970732092857361,-0.0016525868559256196,0.14273452758789062,0.7552540302276611,0.16400502622127533,-0.0555766299366951,0.743186891078949,0.13781850039958954
54,0.002051739487797022,-0.6229543685913086,-0.334849089384079,0.1346408873796463,-0.5034394860267639,-0.1481892615556717,0.2159453183412552,-0.6950976848602295,-0.19452017545700073,-0.14236027002334595,-0.49467554688453674,-0.1993659883737564,-0.23682573437690735,-0.653532087802887,-0.32692751288414,0.29934385418891907,-0.917691171169281,-0.26776376366615295,-0.24195154011249542,-0.8897965550422668,-0.44482865929603577,0.1086091622710228,-0.0028601197991520166,0.015373718924820423,-0.10891059786081314,0.0022538984194397926,-0.014247328042984009,0.10076528787612915,0.4160621166229248,0.032781150192022324,-0.08229845762252808,0.39705806970596313,-0.0011946068843826652,0.14349453151226044,0.7551544308662415,0.16492724418640137,-0.05438109487295151,0.7423426508903503,0.139897882938385
55,0.0024175283033400774,-0.6224737763404846,-0.33482444286346436,0.1339319348335266,-0.5026569962501526,-0.14819039404392242,0.2160797417163849,-0.6921868920326233,-0.19463728368282318,-0.14330625534057617,-0.4944848418235779,-0.20038780570030212,-0.23673175275325775,-0.6497867107391357,-0.32936891913414,0.3020888864994049,-0.9153980612754822,-0.26816490292549133,-0.2417481690645218,-0.8874987959861755,-0.45066505670547485,0.10863179713487625,-0.002862578025087714,0.015373997390270233,-0.10893261432647705,0.002256205538287759,-0.014248878695070744,0.10007042437791824,0.4161497950553894,0.03241942450404167,-0.08237317949533463,0.3970797061920166,-0.0009541650651954114,0.14340896904468536,0.7548803091049194,0.16500502824783325,-0.05372967571020126,0.7422246932983398,0.1410246193408966
56,0.002525476273149252,-0.6234011054039001,-0.32061532139778137,0.13450323045253754,-0.5027984976768494,-0.1363893747329712,0.2150580883026123,-0.6905982494354248,-0.18549007177352905,-0.14320535957813263,-0.4942798614501953,-0.1896142065525055,-0.2366325557231903,-0.6472726464271545,-0.32085826992988586,0.2982054650783539,-0.9104759097099304,-0.262070894241333,-0.24026550352573395,-0.8850303292274475,-0.44240328669548035,0.10877855122089386,-0.002843750175088644,0.01530971098691225,-0.10907275974750519,0.0022353564854711294,-0.01417966652661562,0.10011912882328033,0.4159516394138336,0.03170445188879967,-0.08298519253730774,0.3969528079032898,0.0008939067483879626,0.1403881013393402,0.7547621726989746,0.1640794575214386,-0.05401100218296051,0.7410703897476196,0.1419646441936493
57,0.0020519939716905355,-0.6224883794784546,-0.3309054672718048,0.1351395696401596,-0.5021565556526184,-0.14902161061763763,0.2161014825105667,-0.6913213729858398,-0.1998778134584427,-0.14321905374526978,-0.49408119916915894,-0.1902855634689331,-0.23948563635349274,-0.6473104357719421,-0.32124054431915283,0.29837486147880554,-0.9136286973953247,-0.2743144631385803,-0.24175724387168884,-0.8852116465568542,-0.44528281688690186,0.108892060816288,-0.0028125669341534376,0.013604436069726944,-0.10918612033128738,0.0022036649752408266,-0.012493068352341652,0.09874482452869415,0.4165918529033661,0.02908080630004406,-0.08310529589653015,0.397053062915802,0.0019868495874106884,0.14039650559425354,0.7547624111175537,0.164064422249794,-0.05113046243786812,0.741056501865387,0.14533981680870056
58,0.0020426528062671423,-0.6227052807807922,-0.33164486289024353,0.13527487218379974,-0.5043737292289734,-0.1491357833147049,0.21629704535007477,-0.6989384293556213,-0.19965548813343048,-0.14319314062595367,-0.4952380955219269,-0.19221781194210052,-0.24228216707706451,-0.6565112471580505,-0.3186973035335541,0.2987135052680969,-0.9214748740196228,-0.2739860713481903,-0.24825841188430786,-0.8898842334747314,-0.4323083758354187,0.10883186757564545,-0.0027739228680729866,0.013599280267953873,-0.10912756621837616,0.002165410667657852,-0.012486799620091915,0.09877701848745346,0.4159615635871887,0.03059140406548977,-0.08275718986988068,0.39678850769996643,0.0020671661477535963,0.13733185827732086,0.7547380328178406,0.1628420501947403,-0.05260640010237694,0.7408002018928528,0.14431443810462952
59,0.0024042564909905195,-0.6195634007453918,-0.3428112864494324,0.13472549617290497,-0.5020822286605835,-0.15718276798725128,0.21610234677791595,-0.6919890642166138,-0.22000034153461456,-0.1440543830394745,-0.49393129348754883,-0.2119944542646408,-0.24066418409347534,-0.6538899540901184,-0.3445977568626404,0.29953160881996155,-0.9105778932571411,-0.3107823431491852,-0.2480197250843048,-0.8865845203399658,-0.4669266939163208,0.1088525727391243,-0.0027339900843799114,0.013686317950487137,-0.10915065556764603,0.0021255433093756437,-0.012574211694300175,0.09806334227323532,0.41608360409736633,0.030768554657697678,-0.0819130465388298,0.3967014253139496,0.002072964096441865,0.13779520988464355,0.7541927099227905,0.16394376754760742,-0.0526968389749527,0.7404468655586243,0.1449001282453537
60,-0.00039065329474397004,-0.6195694804191589,-0.33054089546203613,0.1355673372745514,-0.5073938369750977,-0.14771653711795807,0.2158096730709076,-0.6990059614181519,-0.210709348320961,-0.14171667397022247,-0.4943849742412567,-0.19804833829402924,-0.2376176118850708,-0.6550076603889465,-0.3253326416015625,0.2944672703742981,-0.9189948439598083,-0.2988329827785492,-0.24810348451137543,-0.8882189989089966,-0.44452667236328125,0.10875243693590164,-0.002721464494243264,0.01401424314826727,-0.10904962569475174,0.002113307360559702,-0.01289479061961174,0.09811282902956009,0.4160488247871399,0.030857712030410767,-0.08237303048372269,0.3965713679790497,-0.00017478222434874624,0.1363488733768463,0.754170835018158,0.16109474003314972,-0.059345461428165436,0.7410808205604553,0.13878142833709717
61,-0.00041584664722904563,-0.6187103390693665,-0.33052903413772583,0.136175274848938,-0.5063419342041016,-0.1494240164756775,0.2189234346151352,-0.6929185390472412,-0.21303260326385498,-0.14386485517024994,-0.4944194555282593,-0.19128535687923431,-0.24378816783428192,-0.650692343711853,-0.30575451254844666,0.3018157184123993,-0.9158375859260559,-0.2995259761810303,-0.25598078966140747,-0.8869317173957825,-0.42134684324264526,0.10884445160627365,-0.0026324403006583452,0.012921194545924664,-0.10912851244211197,0.0020237488206475973,-0.011814454570412636,0.09807630628347397,0.41573837399482727,0.028892332687973976,-0.08450088649988174,0.39645370841026306,0.0031256789807230234,0.13961261510849,0.7508035898208618,0.1643533557653427,-0.056625012308359146,0.7401676177978516,0.14807645976543427
62,-0.0005009627202525735,-0.6218782663345337,-0.3284071087837219,0.1370072364807129,-0.5072807669639587,-0.1460787057876587,0.2194841206073761,-0.6968960165977478,-0.1996312290430069,-0.1432074010372162,-0.496506929397583,-0.18885184824466705,-0.2449016124010086,-0.6555222868919373,-0.30473920702934265,0.3023696839809418,-0.9202355742454529,-0.2772940397262573,-0.2558903992176056,-0.8897426724433899,-0.41959530115127563,0.10884355753660202,-0.0026142571587115526,0.012923885136842728,-0.10912829637527466,0.0020042848773300648,-0.011816635727882385,0.10048919916152954,0.4154530465602875,0.029771236702799797,-0.0828917995095253,0.3966561555862427,0.0031078027095645666,0.14140021800994873,0.750637948513031,0.1643303632736206,-0.05581021308898926,0.7413728833198547,0.14684146642684937
63,0.00038581076660193503,-0.6211197376251221,-0.33229345083236694,0.1377219408750534,-0.506690502166748,-0.14844927191734314,0.22002699971199036,-0.695904552936554,-0.2002403885126114,-0.14280354976654053,-0.49610769748687744,-0.19291265308856964,-0.24508854746818542,-0.6539576649665833,-0.3110443949699402,0.3052982985973358,-0.9199170470237732,-0.2776288688182831,-0.25603654980659485,-0.8880914449691772,-0.42898207902908325,0.10886415839195251,-0.00258266506716609,0.012977979145944118,-0.10914753377437592,0.0019729260820895433,-0.01187051460146904,0.10024020075798035,0.4155460596084595,0.031085457652807236,-0.0827459767460823,0.3967125117778778,0.0032754666171967983,0.14238832890987396,0.7505396008491516,0.16440258920192719,-0.05526667833328247,0.7413943409919739,0.1469201147556305
64,0.0009607099345885217,-0.6201320290565491,-0.33389636874198914,0.1382569521665573,-0.5068145394325256,-0.14956672489643097,0.22130519151687622,-0.696022629737854,-0.2026928961277008,-0.14269110560417175,-0.49615225195884705,-0.19559112191200256,-0.24504999816417694,-0.6538895964622498,-0.31372299790382385,0.30701112747192383,-0.9198396801948547,-0.28339532017707825,-0.2582018971443176,-0.887289822101593,-0.4325324296951294,0.10891558229923248,-0.0025742819998413324,0.013024318031966686,-0.10920154303312302,0.0019651332404464483,-0.011915737763047218,0.0997774600982666,0.41573959589004517,0.03113110177218914,-0.08241787552833557,0.39706721901893616,0.0027107754722237587,0.1425108015537262,0.750514566898346,0.16487553715705872,-0.055016789585351944,0.7415796518325806,0.14640522003173828
65,0.0007731177611276507,-0.6201908588409424,-0.3338935673236847,0.13828550279140472,-0.5067837834358215,-0.14959242939949036,0.22224950790405273,-0.695485532283783,-0.20324189960956573,-0.1431761085987091,-0.4961300194263458,-0.19591327011585236,-0.24620503187179565,-0.6538297533988953,-0.313995361328125,0.30779868364334106,-0.916880190372467,-0.28559598326683044,-0.2599920630455017,-0.8870412111282349,-0.4327302575111389,0.10898339748382568,-0.002582213142886758,0.013087133876979351,-0.10927306115627289,0.001973581500351429,-0.01197553426027298,0.09935294091701508,0.41584324836730957,0.031105641275644302,-0.0823001116514206,0.3970947265625,0.0013665617443621159,0.14253796637058258,0.7502546906471252,0.1653784215450287,-0.05448729172348976,0.7415478229522705,0.14516985416412354
66,0.00035744442720897496,-0.620603084564209,-0.33052942156791687,0.13840344548225403,-0.5068336725234985,-0.14713169634342194,0.22265782952308655,-0.694335401058197,-0.20008258521556854,-0.1433638483285904,-0.49624523520469666,-0.1914692223072052,-0.24681854248046875,-0.6537661552429199,-0.30730655789375305,0.308176726102829,-0.9147241115570068,-0.28212660551071167,-0.26053133606910706,-0.8870152831077576,-0.42358750104904175,0.10903609544038773,-0.0025949503760784864,0.013065733015537262,-0.10932596772909164,0.001986236311495304,-0.011952973902225494,0.09931503981351852,0.41578999161720276,0.03124561347067356,-0.08228927850723267,0.3971719741821289,0.001608212129212916,0.1425912082195282,0.7489521503448486,0.16787149012088776,-0.05394073948264122,0.7414208054542542,0.1459880918264389
67,4.5302156649995595e-05,-0.6220839619636536,-0.3296199440956116,0.1381663829088211,-0.5068160891532898,-0.14427787065505981,0.22281450033187866,-0.6937458515167236,-0.19065573811531067,-0.14399051666259766,-0.49623098969459534,-0.1903560608625412,-0.24812452495098114,-0.6509423851966858,-0.30682334303855896,0.30960243940353394,-0.9142932891845703,-0.2683638036251068,-0.262170672416687,-0.8836779594421387,-0.4242745637893677,0.109089694917202,-0.002610024530440569,0.013141252100467682,-0.10937629640102386,0.00199984316714108,-0.0120245311409235,0.09979628771543503,0.41553574800491333,0.03434024751186371,-0.08216196298599243,0.397213339805603,0.002349461894482374,0.1441998928785324,0.7473105192184448,0.17046821117401123,-0.052693746984004974,0.7413256764411926,0.1474486142396927
68,-0.0008420293452218175,-0.6221094131469727,-0.33015820384025574,0.14026518166065216,-0.5052503347396851,-0.1489628702402115,0.22506362199783325,-0.6903454661369324,-0.2013745903968811,-0.14370688796043396,-0.49623557925224304,-0.18638809025287628,-0.25055408477783203,-0.6512848138809204,-0.29749608039855957,0.3108344078063965,-0.9086427092552185,-0.28126052021980286,-0.2639327943325043,-0.8836289644241333,-0.4164919853210449,0.10926538705825806,-0.0025324232410639524,0.011361317709088326,-0.10954991728067398,0.001922016846947372,-0.010236790403723717,0.10206089913845062,0.41496315598487854,0.03028004616498947,-0.08220548182725906,0.3971390426158905,0.00515582924708724,0.1451541930437088,0.7471118569374084,0.16793054342269897,-0.05222436785697937,0.7404116988182068,0.149870827794075
69,0.001220295554958284,-0.622181236743927,-0.3296670615673065,0.1410994678735733,-0.5048561692237854,-0.14722314476966858,0.2291456013917923,-0.6888284683227539,-0.1953662931919098,-0.1436420977115631,-0.4970360994338989,-0.1863122433423996,-0.2505228519439697,-0.6520716547966003,-0.29822537302970886,0.3199799954891205,-0.9055784344673157,-0.2727375626564026,-0.2644639313220978,-0.8836714029312134,-0.4173729419708252,0.10932625830173492,-0.0025082167703658342,0.011408606544137001,-0.10960380733013153,0.0018959472654387355,-0.010280655696988106,0.10365130752325058,0.41430923342704773,0.033508311957120895,-0.08065089583396912,0.39685454964637756,0.0082730483263731,0.14696627855300903,0.744200587272644,0.1764235645532608,-0.046972159296274185,0.7364071607589722,0.15847831964492798
70,0.0012043530587106943,-0.6241552233695984,-0.32801353931427,0.1412489265203476,-0.5048390030860901,-0.14492353796958923,0.2290026843547821,-0.6891717910766602,-0.18928103148937225,-0.14380694925785065,-0.49694669246673584,-0.18304677307605743,-0.2572379410266876,-0.6518394947052002,-0.29656195640563965,0.3196597993373871,-0.907159686088562,-0.26408272981643677,-0.27097025513648987,-0.8832259178161621,-0.41757702827453613,0.10944169014692307,-0.002532055601477623,0.011425521224737167,-0.10971430689096451,0.0019171190215274692,-0.010296914726495743,0.10406504571437836,0.41401955485343933,0.03794995695352554,-0.08097381144762039,0.396715372800827,0.010852470062673092,0.14943717420101166,0.7425654530525208,0.18070340156555176,-0.04709949344396591,0.7352551817893982,0.16274787485599518
71,0.00013587229477707297,-0.6260718107223511,-0.3226657211780548,0.14075542986392975,-0.5063053965568542,-0.1417054682970047,0.23061344027519226,-0.6897811889648438,-0.18629898130893707,-0.1471787691116333,-0.4988212287425995,-0.17478477954864502,-0.26251232624053955,-0.6518484354019165,-0.27738866209983826,0.3220103681087494,-0.9087226986885071,-0.2625828683376312,-0.280731201171875,-0.8832007050514221,-0.392135351896286,0.10945906490087509,-0.0025170024018734694,0.010138430632650852,-0.10972826182842255,0.0019032503478229046,-0.009021281264722347,0.10403405129909515,0.4132648706436157,0.037085335701704025,-0.08099600672721863,0.3967169225215912,0.016003314405679703,0.14870035648345947,0.7424171566963196,0.1795593798160553,-0.047730736434459686,0.7352195978164673,0.16607914865016937
72,-0.0002140084106940776,-0.6282384395599365,-0.3137877285480499,0.14086411893367767,-0.5085250735282898,-0.13873597979545593,0.2288486361503601,-0.6902949810028076,-0.18661276996135712,-0.14699198305606842,-0.5007171034812927,-0.16500437259674072,-0.26324206590652466,-0.6542101502418518,-0.2667679786682129,0.31946292519569397,-0.9095339775085449,-0.26422208547592163,-0.29025477170944214,-0.8839483261108398,-0.3818044364452362,0.1094132587313652,-0.0024732458405196667,0.009476838633418083,-0.10967012494802475,0.001863232348114252,-0.008344857953488827,0.10426805168390274,0.41221603751182556,0.03583834692835808,-0.08124429732561111,0.39659056067466736,0.017974287271499634,0.14652493596076965,0.7424185276031494,0.17661936581134796,-0.04811038449406624,0.7344897985458374,0.16685433685779572
73,-0.0002784068346954882,-0.6284164786338806,-0.3049517273902893,0.13689547777175903,-0.509617269039154,-0.11693485081195831,0.22980418801307678,-0.6905190348625183,-0.15309451520442963,-0.15112555027008057,-0.5009002685546875,-0.16519609093666077,-0.27055662870407104,-0.6536529064178467,-0.2689003348350525,0.3245684802532196,-0.9057163596153259,-0.22772036492824554,-0.2979785203933716,-0.8823953866958618,-0.3857170343399048,0.10943553596735,-0.0024840673431754112,0.01255530770868063,-0.10968851298093796,0.001872059190645814,-0.011377166025340557,0.10177374631166458,0.4125019311904907,0.03682756796479225,-0.08524192869663239,0.39365091919898987,0.0010028976248577237,0.14251349866390228,0.7421343326568604,0.17646600306034088,-0.05036609247326851,0.7307783961296082,0.14881527423858643
74,-0.0005703430506400764,-0.6283973455429077,-0.315208375453949,0.1367647498846054,-0.5096266865730286,-0.11910975724458694,0.23254550993442535,-0.6902872323989868,-0.1586194932460785,-0.1510559767484665,-0.5000467896461487,-0.18877297639846802,-0.270272821187973,-0.6524608731269836,-0.29799333214759827,0.3276122808456421,-0.903840959072113,-0.23489318788051605,-0.3037806749343872,-0.8751794695854187,-0.4073016345500946,0.10937332361936569,-0.0025680195540189743,0.018004978075623512,-0.1096363514661789,0.00195653666742146,-0.016824865713715553,0.10846799612045288,0.40983593463897705,0.04095422104001045,-0.08477669954299927,0.3931368291378021,-0.007795949466526508,0.13910971581935883,0.7418758273124695,0.17606288194656372,-0.06112827733159065,0.7308249473571777,0.13360953330993652
75,-0.0051049706526100636,-0.6284335851669312,-0.3153047263622284,0.13510975241661072,-0.5097665786743164,-0.12050453573465347,0.2316955327987671,-0.6901635527610779,-0.16085124015808105,-0.1541236937046051,-0.50018310546875,-0.18309475481510162,-0.27320408821105957,-0.6532394289970398,-0.28646039962768555,0.32809653878211975,-0.9021801352500916,-0.23763222992420197,-0.31157541275024414,-0.8768429160118103,-0.39888542890548706,0.10940179228782654,-0.0025988174602389336,0.016305966302752495,-0.1096586063504219,0.0019859857857227325,-0.015103360638022423,0.1083330363035202,0.408864289522171,0.04083382338285446,-0.08489121496677399,0.393036425113678,0.00369048397988081,0.1380608230829239,0.7399476170539856,0.17630402743816376,-0.0591886006295681,0.728561520576477,0.15050213038921356
76,-0.005073836538940668,-0.6280547380447388,-0.31537026166915894,0.13546361029148102,-0.5103750824928284,-0.12146551162004471,0.2385542392730713,-0.6891378164291382,-0.16232377290725708,-0.15419064462184906,-0.5002562403678894,-0.18437720835208893,-0.2734915614128113,-0.6523376107215881,-0.28646785020828247,0.3350234925746918,-0.8986284136772156,-0.24010087549686432,-0.32122206687927246,-0.8759799003601074,-0.39689603447914124,0.10943412035703659,-0.002684572711586952,0.017691660672426224,-0.10969540476799011,0.0020735838916152716,-0.01648309826850891,0.11133553087711334,0.4068264961242676,0.040598656982183456,-0.08489340543746948,0.3907393217086792,-0.003454651450738311,0.1371782124042511,0.7381423115730286,0.17243953049182892,-0.0636080801486969,0.7246614098548889,0.1392553150653839
77,-0.004971414338797331,-0.6210847496986389,-0.33039599657058716,0.1348329484462738,-0.5090798139572144,-0.13316847383975983,0.23826377093791962,-0.6860557794570923,-0.18038985133171082,-0.15443123877048492,-0.49777889251708984,-0.19788585603237152,-0.27196869254112244,-0.6488161087036133,-0.31044501066207886,0.33718881011009216,-0.8935113549232483,-0.2682516872882843,-0.32010307908058167,-0.873582124710083,-0.43377241492271423,0.10945400595664978,-0.002817318309098482,0.017966164276003838,-0.10971818119287491,0.0022032770793884993,-0.016763901337981224,0.11120560765266418,0.4064647853374481,0.040873635560274124,-0.08487459272146225,0.39015352725982666,-0.006740637123584747,0.13635475933551788,0.7357742786407471,0.17388077080249786,-0.06394848972558975,0.7247084975242615,0.13876906037330627
78,-0.005330335348844528,-0.622024416923523,-0.32745498418807983,0.1349131464958191,-0.5093305706977844,-0.13103283941745758,0.23969261348247528,-0.6838119029998779,-0.1758355349302292,-0.15465423464775085,-0.4982430338859558,-0.1932527869939804,-0.2719908654689789,-0.6483803987503052,-0.2959880530834198,0.34043627977371216,-0.8893204927444458,-0.2616453766822815,-0.3190981149673462,-0.8729336261749268,-0.4096759557723999,0.10945490002632141,-0.00290778954513371,0.018392151221632957,-0.10971692204475403,0.0022905163932591677,-0.017171217128634453,0.11492060869932175,0.40595632791519165,0.04377918317914009,-0.08496900647878647,0.390011727809906,-0.006103750318288803,0.13625067472457886,0.7355113625526428,0.17415937781333923,-0.06858383119106293,0.7245091795921326,0.1389901489019394
79,-0.006827360484749079,-0.6210533976554871,-0.32751229405403137,0.1349259912967682,-0.5094851851463318,-0.13185982406139374,0.24005024135112762,-0.6838447451591492,-0.17862734198570251,-0.15510031580924988,-0.49826353788375854,-0.19248250126838684,-0.27191096544265747,-0.6487942934036255,-0.2957422435283661,0.34157446026802063,-0.8882239460945129,-0.26674985885620117,-0.32659459114074707,-0.8731169700622559,-0.4109564423561096,0.10947045683860779,-0.0029278150759637356,0.018081003800034523,-0.10973088443279266,0.0023101994302123785,-0.016866030171513557,0.11477036029100418,0.4058800935745239,0.04095102474093437,-0.08496551215648651,0.3899140954017639,-0.005882475525140762,0.13654322922229767,0.7355221509933472,0.16712507605552673,-0.06781820952892303,0.7252246141433716,0.13827791810035706
80,-0.0008747143438085914,-0.6194708943367004,-0.3274284899234772,0.13639384508132935,-0.508935272693634,-0.13169947266578674,0.2420654594898224,-0.6833268404006958,-0.17846468091011047,-0.15358543395996094,-0.4982798993587494,-0.193449929356575,-0.26907074451446533,-0.6488854289054871,-0.3023935556411743,0.34558072686195374,-0.8875712752342224,-0.2661852240562439,-0.327372282743454,-0.873573362827301,-0.42486321926116943,0.1094810888171196,-0.0029422608204185963,0.018673919141292572,-0.10974065959453583,0.002323775552213192,-0.01746300235390663,0.11472885310649872,0.40575602650642395,0.04034976661205292,-0.08425827324390411,0.38940584659576416,-0.007363523822277784,0.13622674345970154,0.7354167103767395,0.16777506470680237,-0.06430619955062866,0.7244152426719666,0.13778921961784363
81,-0.0009152165148407221,-0.6234168410301208,-0.3193090558052063,0.1371602565050125,-0.5095283389091492,-0.12945687770843506,0.2422199547290802,-0.6848161816596985,-0.17585758864879608,-0.1534518152475357,-0.5008679628372192,-0.18257904052734375,-0.26904526352882385,-0.6550866961479187,-0.290152370929718,0.3458710312843323,-0.889026403427124,-0.26068663597106934,-0.3304566740989685,-0.8792697787284851,-0.4146381616592407,0.10952427238225937,-0.0029246555641293526,0.01771444082260132,-0.10977576673030853,0.0023072792682796717,-0.01650301180779934,0.11485372483730316,0.40538281202316284,0.038041431456804276,-0.08539186418056488,0.3893970549106598,0.0012483530445024371,0.1363559067249298,0.7338255047798157,0.17376016080379486,-0.06306610256433487,0.7220668196678162,0.15449649095535278
82,-0.0029064372647553682,-0.6222809553146362,-0.31958407163619995,0.13749587535858154,-0.5095481872558594,-0.129845529794693,0.24264779686927795,-0.685207188129425,-0.17576169967651367,-0.15371498465538025,-0.5003718733787537,-0.18039126694202423,-0.2748146951198578,-0.6541719436645508,-0.28913524746894836,0.3463782072067261,-0.889763593673706,-0.258343368768692,-0.33477455377578735,-0.878470242023468,-0.41492271423339844,0.1096215695142746,-0.0029184208251535892,0.01761029101908207,-0.10986743122339249,0.002301047556102276,-0.01640051230788231,0.11481507122516632,0.4053591787815094,0.03828556090593338,-0.08865564316511154,0.388650506734848,0.0005188678624108434,0.1348845511674881,0.7338832020759583,0.174058198928833,-0.06718013435602188,0.7215140461921692,0.1537146419286728
83,-0.003202708438038826,-0.6218965649604797,-0.31934916973114014,0.13772201538085938,-0.5096796751022339,-0.1278969645500183,0.24452076852321625,-0.6852893233299255,-0.17196433246135712,-0.15380072593688965,-0.4999164342880249,-0.17962642014026642,-0.27607232332229614,-0.6537898778915405,-0.2885761260986328,0.34638574719429016,-0.8886918425559998,-0.25335949659347534,-0.3362080752849579,-0.8772148489952087,-0.4141821563243866,0.10963784158229828,-0.0029088621959090233,0.01841571368277073,-0.10988253355026245,0.0022914218716323376,-0.017206205055117607,0.11648474633693695,0.4049097001552582,0.042363762855529785,-0.09082161635160446,0.3861479163169861,-0.01249752938747406,0.13423001766204834,0.7344864010810852,0.17351485788822174,-0.0687788724899292,0.7213667631149292,0.13080719113349915
84,-0.003244625171646476,-0.6204103231430054,-0.3171998858451843,0.14163590967655182,-0.5130586624145508,-0.12785686552524567,0.24928221106529236,-0.6852862238883972,-0.17427939176559448,-0.15244652330875397,-0.5027891993522644,-0.17216220498085022,-0.27609163522720337,-0.6562883257865906,-0.2717062532901764,0.35581955313682556,-0.888857364654541,-0.25960636138916016,-0.33669400215148926,-0.8796592354774475,-0.3902581036090851,0.10977999866008759,-0.002911696908995509,0.017969751730561256,-0.11001574248075485,0.002294932957738638,-0.01674499176442623,0.11574093997478485,0.40485721826553345,0.039637546986341476,-0.08970095217227936,0.38604414463043213,-0.011844328604638577,0.13436691462993622,0.7320675849914551,0.17346958816051483,-0.06974513083696365,0.7187865376472473,0.13371524214744568
85,-0.006532673723995686,-0.619768500328064,-0.3195429742336273,0.14142173528671265,-0.513087272644043,-0.12929463386535645,0.25056442618370056,-0.6852082014083862,-0.17617028951644897,-0.1544647216796875,-0.5040979981422424,-0.17252175509929657,-0.2809338867664337,-0.6562272906303406,-0.2725631892681122,0.3590526282787323,-0.8877161741256714,-0.264752060174942,-0.34125396609306335,-0.8787672519683838,-0.4012894332408905,0.11002084612846375,-0.0027531140949577093,0.016005434095859528,-0.1102435365319252,0.002136396476998925,-0.01477600447833538,0.11179038882255554,0.4036906957626343,0.032250773161649704,-0.09113626182079315,0.38382866978645325,-0.00853206217288971,0.12866921722888947,0.7279239296913147,0.16841989755630493,-0.07040997594594955,0.7117060422897339,0.14189349114894867
86,-0.005380909889936447,-0.6189435124397278,-0.3203123211860657,0.14056450128555298,-0.5130138397216797,-0.12791672348976135,0.2522721290588379,-0.6849687695503235,-0.17159102857112885,-0.15459853410720825,-0.5027981996536255,-0.18333177268505096,-0.2814890146255493,-0.6517184376716614,-0.2887479066848755,0.3643334209918976,-0.8862617611885071,-0.2611168622970581,-0.3414512574672699,-0.872885525226593,-0.4087953269481659,0.11006195098161697,-0.00292958808131516,0.018384382128715515,-0.11028993129730225,0.0023110252805054188,-0.017121996730566025,0.11311810463666916,0.40285417437553406,0.03354625031352043,-0.09058547765016556,0.38414475321769714,-0.010284237563610077,0.12882767617702484,0.7257193922996521,0.17093615233898163,-0.07270045578479767,0.7118446230888367,0.13891392946243286
87,-0.005322698503732681,-0.621135950088501,-0.3129706382751465,0.14075544476509094,-0.5150535702705383,-0.12123783677816391,0.2536703944206238,-0.6854273080825806,-0.1640494018793106,-0.15463683009147644,-0.5040680170059204,-0.17547336220741272,-0.28153344988822937,-0.6526105403900146,-0.27540457248687744,0.3667376935482025,-0.8851677179336548,-0.25298985838890076,-0.342957079410553,-0.8732332587242126,-0.3900681436061859,0.1100899800658226,-0.0029604455921798944,0.018352612853050232,-0.11031652987003326,0.002341920742765069,-0.017086058855056763,0.11548571288585663,0.40234825015068054,0.03308510035276413,-0.09057087451219559,0.38475146889686584,-0.003374482039362192,0.1301114410161972,0.7257066369056702,0.17068351805210114,-0.07293927669525146,0.7119831442832947,0.14290019869804382
88,-0.004135274328291416,-0.6159893274307251,-0.3397640287876129,0.1415053904056549,-0.5124742984771729,-0.1399139165878296,0.2579738199710846,-0.6842752695083618,-0.18575774133205414,-0.15390968322753906,-0.5011627078056335,-0.20002807676792145,-0.2814718782901764,-0.6525972485542297,-0.30680155754089355,0.37086424231529236,-0.8822779655456543,-0.27715185284614563,-0.3469909131526947,-0.8732759952545166,-0.42848289012908936,0.1101580262184143,-0.002999654971063137,0.018960217013955116,-0.11039197444915771,0.002380283083766699,-0.017698703333735466,0.11563651263713837,0.40240830183029175,0.033136576414108276,-0.09054331481456757,0.384724497795105,-0.007411949336528778,0.12993431091308594,0.7261731028556824,0.17088910937309265,-0.07415363192558289,0.7120548486709595,0.13992886245250702
89,-0.00661426829174161,-0.6166632771492004,-0.33607178926467896,0.1407548040151596,-0.5126689076423645,-0.13604232668876648,0.2584497928619385,-0.6842758655548096,-0.1780419498682022,-0.15463776886463165,-0.5015072822570801,-0.19569282233715057,-0.28456228971481323,-0.6530762910842896,-0.3007372319698334,0.3715325593948364,-0.8798923492431641,-0.2690613865852356,-0.35135164856910706,-0.8710184097290039,-0.42762333154678345,0.11017082631587982,-0.0030270053539425135,0.0192383024841547,-0.11040282994508743,0.002405629027634859,-0.01795772835612297,0.11311398446559906,0.4036116898059845,0.0363289974629879,-0.09016311168670654,0.3855343759059906,-0.00737738749012351,0.12919683754444122,0.7266137003898621,0.17365364730358124,-0.07560549676418304,0.714505672454834,0.1397523581981659
90,-0.0067586940713226795,-0.6130980849266052,-0.34517014026641846,0.14283278584480286,-0.5124043822288513,-0.14261943101882935,0.2649485766887665,-0.6841766238212585,-0.18162845075130463,-0.1538456529378891,-0.5015630125999451,-0.1990339756011963,-0.28798556327819824,-0.6575693488121033,-0.29965928196907043,0.37936195731163025,-0.8791978359222412,-0.27156519889831543,-0.3578740060329437,-0.8733333945274353,-0.42483875155448914,0.11020909249782562,-0.0030074967071413994,0.01929512247443199,-0.1104484274983406,0.0023846267722547054,-0.01801883801817894,0.11352487653493881,0.40379098057746887,0.03846382349729538,-0.08970208466053009,0.385295033454895,-0.008859138935804367,0.1292310208082199,0.7279811501502991,0.17478473484516144,-0.0764753594994545,0.7145192623138428,0.13898716866970062
91,-0.011466426774859428,-0.6134011149406433,-0.34390145540237427,0.1381964534521103,-0.5124526619911194,-0.14171980321407318,0.2646158039569855,-0.683786928653717,-0.17741873860359192,-0.1572427749633789,-0.5016077160835266,-0.19780980050563812,-0.2945441007614136,-0.6575321555137634,-0.2983749508857727,0.3819313645362854,-0.8782535195350647,-0.26456505060195923,-0.3648628890514374,-0.8730373978614807,-0.423812597990036,0.11015870422124863,-0.0030020547565072775,0.019245363771915436,-0.11039159446954727,0.0023785466328263283,-0.017966702580451965,0.11112188547849655,0.4040658473968506,0.0401398204267025,-0.08938952535390854,0.3852713704109192,-0.006958361715078354,0.12483934313058853,0.7291945219039917,0.17483076453208923,-0.07570086419582367,0.7145126461982727,0.14190348982810974
92,-0.011371353641152382,-0.6140336990356445,-0.34286078810691833,0.1381196230649948,-0.5125688314437866,-0.13565337657928467,0.2649967670440674,-0.6843424439430237,-0.1637130230665207,-0.15758663415908813,-0.5015187859535217,-0.1974010020494461,-0.297328382730484,-0.6575614809989929,-0.298279345035553,0.3833545446395874,-0.8770068883895874,-0.24901774525642395,-0.36787569522857666,-0.8722801208496094,-0.4229775369167328,0.1101570874452591,-0.0031546461395919323,0.019810635596513748,-0.11039209365844727,0.0025293799117207527,-0.01851624995470047,0.11107797920703888,0.40479472279548645,0.041440460830926895,-0.08829181641340256,0.3859584927558899,-0.006948533002287149,0.1257714033126831,0.7293217182159424,0.1754063218832016,-0.07580824196338654,0.715326726436615,0.1411582976579666
93,-0.014983287081122398,-0.6169562935829163,-0.3387134075164795,0.13689452409744263,-0.515308678150177,-0.126997172832489,0.2650882303714752,-0.6846232414245605,-0.15765118598937988,-0.15888608992099762,-0.5024933218955994,-0.19326139986515045,-0.2993820905685425,-0.6583510637283325,-0.2949783205986023,0.3845701217651367,-0.8727837800979614,-0.24684426188468933,-0.3709186613559723,-0.8716914653778076,-0.42248374223709106,0.11011479049921036,-0.0031606038101017475,0.020657645538449287,-0.11034710705280304,0.002534647239372134,-0.019335374236106873,0.11027730256319046,0.4052749276161194,0.047950055450201035,-0.08830170333385468,0.38611936569213867,-0.007558516226708889,0.12323927879333496,0.7318060398101807,0.17541806399822235,-0.08386930078268051,0.7174848318099976,0.1346418410539627
94,-0.01482858695089817,-0.6159146428108215,-0.34102314710617065,0.1391090452671051,-0.515975832939148,-0.12761026620864868,0.26645568013191223,-0.6848041415214539,-0.15814317762851715,-0.15765802562236786,-0.5025089979171753,-0.19489289820194244,-0.2979581654071808,-0.6595706939697266,-0.2977094054222107,0.38668596744537354,-0.8710163235664368,-0.24754321575164795,-0.3707352876663208,-0.8716908693313599,-0.4272342026233673,0.1101612001657486,-0.00315425219014287,0.020780794322490692,-0.11039818078279495,0.0025265468284487724,-0.0194535031914711,0.11019246280193329,0.40655893087387085,0.04778728634119034,-0.08840349316596985,0.3866139054298401,-0.008010085672140121,0.1241079717874527,0.7321524620056152,0.1754930019378662,-0.08392515778541565,0.7196595072746277,0.13263016939163208
95,-0.017355531454086304,-0.6135085225105286,-0.35385310649871826,0.13977745175361633,-0.5159593224525452,-0.14845478534698486,0.2811836004257202,-0.6890841126441956,-0.17434462904930115,-0.1586807519197464,-0.5022298097610474,-0.19959717988967896,-0.303657203912735,-0.658900260925293,-0.29467475414276123,0.4087493121623993,-0.8757210373878479,-0.2522290349006653,-0.3862006366252899,-0.8695336580276489,-0.4214676320552826,0.11019805073738098,-0.0031062758062034845,0.020144915208220482,-0.11044155061244965,0.0024796247016638517,-0.01883588545024395,0.10398194938898087,0.41103705763816833,0.0487111434340477,-0.08920564502477646,0.38664379715919495,-0.007872683927416801,0.11919937282800674,0.7357814908027649,0.17942681908607483,-0.08668471872806549,0.7200104594230652,0.13466832041740417
96,-0.01774761825799942,-0.6135856509208679,-0.3449520766735077,0.1398063749074936,-0.5174299478530884,-0.14261506497859955,0.28041863441467285,-0.6874251365661621,-0.17413195967674255,-0.1585671752691269,-0.5034737586975098,-0.185427725315094,-0.304580956697464,-0.658400297164917,-0.2626063823699951,0.4063255786895752,-0.8727219104766846,-0.25781726837158203,-0.3931412100791931,-0.8649691343307495,-0.38418471813201904,0.10997709631919861,-0.0030335383489727974,0.020122427493333817,-0.11020966619253159,0.002405916340649128,-0.01880565844476223,0.10079262405633926,0.41190826892852783,0.057919926941394806,-0.08815256506204605,0.3866272270679474,-0.007987993769347668,0.12012114375829697,0.7364180088043213,0.17974665760993958,-0.08762005716562271,0.721481442451477,0.13068237900733948
97,-0.018304308876395226,-0.6136597394943237,-0.34409666061401367,0.13992521166801453,-0.5174304246902466,-0.142122283577919,0.28229156136512756,-0.6862045526504517,-0.17509572207927704,-0.15915673971176147,-0.5036599636077881,-0.1824118196964264,-0.3061448633670807,-0.6573650240898132,-0.2575574219226837,0.4093177020549774,-0.8697803616523743,-0.26154056191444397,-0.399420827627182,-0.863429605960846,-0.3816215991973877,0.11005474627017975,-0.0030274169985204935,0.018801206722855568,-0.11028625071048737,0.002399669261649251,-0.01748277060687542,0.09897899627685547,0.4135800898075104,0.05551079660654068,-0.08603496849536896,0.3863871693611145,-0.009495052509009838,0.12280140072107315,0.7367258071899414,0.1792062371969223,-0.07503877580165863,0.7216413617134094,0.1308128535747528
98,-0.020956361666321754,-0.6108883619308472,-0.35730910301208496,0.14005129039287567,-0.5166531801223755,-0.15697290003299713,0.2856491804122925,-0.685710608959198,-0.19561675190925598,-0.1597897857427597,-0.5023966431617737,-0.19213049113750458,-0.3078397810459137,-0.6538945436477661,-0.2603825032711029,0.41419652104377747,-0.8686065673828125,-0.2866421043872833,-0.41007426381111145,-0.8548809885978699,-0.38650158047676086,0.11012894660234451,-0.0030109225772321224,0.018020976334810257,-0.11036375910043716,0.002383071230724454,-0.016710633412003517,0.09825390577316284,0.41460177302360535,0.05787502974271774,-0.08411742746829987,0.3863804042339325,-0.008452984504401684,0.1241225078701973,0.7366445064544678,0.18862414360046387,-0.07529141753911972,0.7217574715614319,0.13351908326148987
99,-0.02237638644874096,-0.6073223948478699,-0.3633778989315033,0.14126591384410858,-0.516535758972168,-0.16199292242527008,0.29715144634246826,-0.6880339980125427,-0.19403456151485443,-0.15981443226337433,-0.5023410320281982,-0.19797943532466888,-0.310427188873291,-0.6544337272644043,-0.26287609338760376,0.43106356263160706,-0.8702030181884766,-0.28473803400993347,-0.41505002975463867,-0.8544996380805969,-0.38608410954475403,0.1101309284567833,-0.0029885252006351948,0.017549529671669006,-0.11037012189626694,0.002362301107496023,-0.016255497932434082,0.09896612912416458,0.4148043394088745,0.05793185904622078,-0.08128873258829117,0.38653457164764404,-0.00808818731456995,0.1271360069513321,0.7366551160812378,0.19189222157001495,-0.07548956573009491,0.7223432064056396,0.13465267419815063
100,-0.02453925460577011,-0.6033862233161926,-0.3769238293170929,0.13992144167423248,-0.5126152038574219,-0.17077752947807312,0.2960883378982544,-0.681693434715271,-0.20698018372058868,-0.1628601849079132,-0.49939313530921936,-0.21034930646419525,-0.31598421931266785,-0.6511712074279785,-0.2796202003955841,0.428198903799057,-0.856950581073761,-0.30287879705429077,-0.4246315658092499,-0.8458704948425293,-0.40645503997802734,0.11037272959947586,-0.0030127845238894224,0.01720556803047657,-0.11062894016504288,0.002382430247962475,-0.01591152884066105,0.09896428138017654,0.41481849551200867,0.05460837483406067,-0.08130649477243423,0.3865082859992981,-0.007421637419611216,0.1278076320886612,0.7345646023750305,0.19149863719940186,-0.07454031705856323,0.7217543125152588,0.1402529925107956
101,-0.024952257052063942,-0.598739504814148,-0.38346752524375916,0.1399393528699875,-0.511804461479187,-0.17469213902950287,0.2951289415359497,-0.6803961396217346,-0.20610056817531586,-0.16373343765735626,-0.4971943795681,-0.21769681572914124,-0.3221147358417511,-0.6509235501289368,-0.27999234199523926,0.4284881055355072,-0.852046012878418,-0.2983016073703766,-0.43407195806503296,-0.8422693014144897,-0.39743009209632874,0.11041386425495148,-0.0030466399621218443,0.01713651977479458,-0.11068205535411835,0.0024144670460373163,-0.015845902264118195,0.09985776245594025,0.4147833287715912,0.05591776221990585,-0.08246637135744095,0.3867061138153076,-0.0034955781884491444,0.12783335149288177,0.7338468432426453,0.19422735273838043,-0.0783424824476242,0.7216629981994629,0.14445149898529053
102,-0.024803878739476204,-0.5940546989440918,-0.3883722722530365,0.14007459580898285,-0.5116066336631775,-0.17459894716739655,0.2994440793991089,-0.6804568767547607,-0.19840750098228455,-0.1643916368484497,-0.4941433072090149,-0.22333596646785736,-0.33053192496299744,-0.6455437541007996,-0.28465527296066284,0.4391506612300873,-0.8496509194374084,-0.2786051034927368,-0.44407519698143005,-0.8328564167022705,-0.4001445472240448,0.11043765395879745,-0.0030709421262145042,0.017238471657037735,-0.11071333289146423,0.002437286078929901,-0.01594778709113598,0.09924537688493729,0.41502833366394043,0.056451208889484406,-0.08243881165981293,0.38675975799560547,-0.0038008661940693855,0.12437979876995087,0.73415607213974,0.19313625991344452,-0.0809204950928688,0.7218844294548035,0.14114680886268616
103,-0.024592598900198936,-0.5923506617546082,-0.3941251337528229,0.14112238585948944,-0.5108921527862549,-0.17618761956691742,0.3087390661239624,-0.6795809268951416,-0.19645147025585175,-0.16501083970069885,-0.4911765456199646,-0.2298673391342163,-0.33331581950187683,-0.6386799216270447,-0.29388710856437683,0.459481805562973,-0.8446218371391296,-0.27539461851119995,-0.4541122615337372,-0.8216216564178467,-0.41294077038764954,0.11060205847024918,-0.003082144306972623,0.017394710332155228,-0.11090118438005447,0.0024490999057888985,-0.01612056791782379,0.09885420650243759,0.4148116111755371,0.05690327286720276,-0.07820699363946915,0.38632646203041077,-0.0075808628462255,0.12444812804460526,0.733935534954071,0.19304335117340088,-0.0776066929101944,0.7217466235160828,0.13477064669132233
104,-0.024711672216653824,-0.5903850197792053,-0.3959674835205078,0.14064909517765045,-0.5084723234176636,-0.1755664199590683,0.3081192970275879,-0.6700085401535034,-0.18501310050487518,-0.16664107143878937,-0.48895594477653503,-0.22971175611019135,-0.3406315743923187,-0.6311919093132019,-0.295108824968338,0.46081778407096863,-0.8316641449928284,-0.25778505206108093,-0.46162593364715576,-0.8179598450660706,-0.41992613673210144,0.11061763018369675,-0.0030299234203994274,0.017986448481678963,-0.11091943085193634,0.002391077810898423,-0.01673089899122715,0.09591230750083923,0.4149942696094513,0.06125195324420929,-0.07819854468107224,0.38542625308036804,-0.008669114671647549,0.12092217803001404,0.7351909279823303,0.19052331149578094,-0.08181631565093994,0.7216992974281311,0.12997198104858398
105,-0.024328410625457764,-0.5895146131515503,-0.40217724442481995,0.14107461273670197,-0.5051685571670532,-0.17826664447784424,0.3181714415550232,-0.6676066517829895,-0.18513280153274536,-0.16755518317222595,-0.486131489276886,-0.23463736474514008,-0.34485337138175964,-0.6246506571769714,-0.3014030456542969,0.4826117753982544,-0.830120861530304,-0.25906530022621155,-0.473812460899353,-0.8075860738754272,-0.4299103319644928,0.11097439378499985,-0.0029940269887447357,0.01796950399875641,-0.11129651963710785,0.0023556076921522617,-0.01672075316309929,0.09621058404445648,0.41506361961364746,0.05624884366989136,-0.07787245512008667,0.3846147358417511,-0.009573527611792088,0.12325407564640045,0.7365854978561401,0.18835794925689697,-0.07891938835382462,0.7191365361213684,0.13165050745010376
106,-0.024531317874789238,-0.5886716842651367,-0.40135103464126587,0.14006799459457397,-0.5042213797569275,-0.17770692706108093,0.3196762204170227,-0.6647391319274902,-0.1790163516998291,-0.17116393148899078,-0.48543494939804077,-0.23372678458690643,-0.3516998887062073,-0.616559624671936,-0.30067723989486694,0.48875629901885986,-0.8248211741447449,-0.2546330392360687,-0.4791296124458313,-0.7916104197502136,-0.4289471507072449,0.11103013902902603,-0.0029933652840554714,0.018101193010807037,-0.11135309189558029,0.0023544926661998034,-0.01685296930372715,0.09530501067638397,0.41546493768692017,0.05682650953531265,-0.07450493425130844,0.38399237394332886,-0.011607246473431587,0.12318648397922516,0.7368635535240173,0.18859648704528809,-0.0772772952914238,0.7185431718826294,0.13084913790225983
107,-0.024521123617887497,-0.5894957780838013,-0.3802492618560791,0.14030402898788452,-0.5049909949302673,-0.15862013399600983,0.3244585394859314,-0.6650734543800354,-0.15630359947681427,-0.17278435826301575,-0.4863271117210388,-0.21249185502529144,-0.358603298664093,-0.6177968382835388,-0.2679327428340912,0.49545276165008545,-0.8261016011238098,-0.23339596390724182,-0.4887482225894928,-0.7906433939933777,-0.3928721249103546,0.11126310378313065,-0.0029472808819264174,0.01804223656654358,-0.11158696562051773,0.0023132835049182177,-0.01680087298154831,0.09514743834733963,0.416152685880661,0.05234266072511673,-0.07457250356674194,0.38390618562698364,-0.011651030741631985,0.12420207262039185,0.7398217916488647,0.1847289502620697,-0.0745529755949974,0.7179016470909119,0.13131313025951385
108,-0.020370619371533394,-0.5806652307510376,-0.41332074999809265,0.14162783324718475,-0.4996357560157776,-0.18689420819282532,0.3279877007007599,-0.6522563099861145,-0.19477880001068115,-0.1702258139848709,-0.48492833971977234,-0.237890362739563,-0.3553943634033203,-0.6131927967071533,-0.28705543279647827,0.5039759278297424,-0.8119431138038635,-0.2820362448692322,-0.491441547870636,-0.7815321683883667,-0.40897834300994873,0.11131409555673599,-0.0028360302094370127,0.017380094155669212,-0.11164119839668274,0.0022012055851519108,-0.016155056655406952,0.09276634454727173,0.41671842336654663,0.05172961205244064,-0.07218839228153229,0.38379544019699097,-0.011521782726049423,0.12479140609502792,0.7393996715545654,0.18068194389343262,-0.06934574246406555,0.7178933024406433,0.132200688123703
109,-0.015435329638421535,-0.5718132853507996,-0.4289393126964569,0.14386086165905,-0.4951505959033966,-0.198404923081398,0.33318814635276794,-0.6407511234283447,-0.20984283089637756,-0.16884580254554749,-0.48138874769210815,-0.25525912642478943,-0.3530932068824768,-0.6021872162818909,-0.31041160225868225,0.5150381922721863,-0.79954993724823,-0.29800480604171753,-0.49333909153938293,-0.7689284682273865,-0.4359477460384369,0.11137161403894424,-0.002742525190114975,0.01743975840508938,-0.11170513927936554,0.0021104053594172,-0.01621873676776886,0.08927156776189804,0.4170171022415161,0.05373524874448776,-0.06950405985116959,0.38285672664642334,-0.021363988518714905,0.12341266125440598,0.7391395568847656,0.18492238223552704,-0.06861697882413864,0.7166444063186646,0.12144886702299118
110,-0.0156039297580719,-0.5669502019882202,-0.4424864947795868,0.14412038028240204,-0.491790771484375,-0.214162215590477,0.33339723944664,-0.6334200501441956,-0.2366715371608734,-0.16880667209625244,-0.478003591299057,-0.2680286765098572,-0.35244160890579224,-0.5908190608024597,-0.3211354911327362,0.5131397843360901,-0.7923771142959595,-0.3314588665962219,-0.5028771162033081,-0.7473375201225281,-0.44378092885017395,0.11154289543628693,-0.002633204683661461,0.01694277673959732,-0.11189405620098114,0.0020023384131491184,-0.015704618766903877,0.08656179904937744,0.4185868501663208,0.06115182861685753,-0.06870114058256149,0.3821672201156616,-0.023264113813638687,0.12247781455516815,0.738987386226654,0.2010056972503662,-0.06818416714668274,0.7162094116210938,0.12092951685190201
111,-0.01591687835752964,-0.5682781338691711,-0.4370171129703522,0.1439753621816635,-0.4921548664569855,-0.20969192683696747,0.333273321390152,-0.6342074275016785,-0.23351840674877167,-0.1709030121564865,-0.47793853282928467,-0.2639774978160858,-0.35665687918663025,-0.5925495624542236,-0.3193201720714569,0.5145372152328491,-0.7941849231719971,-0.3231263756752014,-0.5070507526397705,-0.7451027035713196,-0.44782301783561707,0.11163180321455002,-0.002664923667907715,0.01705319993197918,-0.11199018359184265,0.0020393054001033306,-0.015820451080799103,0.08492619544267654,0.42012399435043335,0.07758839428424835,-0.06760314106941223,0.38202813267707825,-0.025292735546827316,0.12249894440174103,0.7389523386955261,0.22365908324718475,-0.06759726256132126,0.7159972190856934,0.1182367131114006
112,-0.015064618550240993,-0.5662161111831665,-0.4442698061466217,0.14397700130939484,-0.4899786412715912,-0.21242132782936096,0.333598792552948,-0.6344170570373535,-0.22796869277954102,-0.17090865969657898,-0.4748285412788391,-0.2721085548400879,-0.3583773672580719,-0.5875605344772339,-0.3289417326450348,0.5161540508270264,-0.7941709160804749,-0.315933495759964,-0.5118705034255981,-0.7389146685600281,-0.45577773451805115,0.11167208105325699,-0.002721917349845171,0.01737005077302456,-0.11204127222299576,0.0020981747657060623,-0.01613919623196125,0.08440835028886795,0.4205951690673828,0.07604861259460449,-0.0669025331735611,0.3820580542087555,-0.031068185344338417,0.1223488375544548,0.7389926314353943,0.2203485369682312,-0.06776749342679977,0.7164424061775208,0.10943981260061264
113,-0.013457837514579296,-0.5625519156455994,-0.4464259147644043,0.14403891563415527,-0.48791030049324036,-0.2131149023771286,0.33419522643089294,-0.6295457482337952,-0.2273690402507782,-0.17067350447177887,-0.4733448922634125,-0.2725803852081299,-0.35866066813468933,-0.583871603012085,-0.3279650807380676,0.5172992944717407,-0.7868784666061401,-0.3173011243343353,-0.5171447992324829,-0.7362802624702454,-0.4455709755420685,0.11173215508460999,-0.002726813778281212,0.01737860031425953,-0.1121053472161293,0.002101281424984336,-0.016146685928106308,0.08456966280937195,0.42032766342163086,0.0636182501912117,-0.0657862201333046,0.38211917877197266,-0.030590970069169998,0.12251538783311844,0.737867534160614,0.20651817321777344,-0.06337928026914597,0.7164283394813538,0.10999733209609985
114,-0.011306136846542358,-0.5602567195892334,-0.45282894372940063,0.14642904698848724,-0.48628079891204834,-0.21942807734012604,0.33826565742492676,-0.6269528865814209,-0.23541423678398132,-0.16907624900341034,-0.4724968373775482,-0.2775685787200928,-0.35839828848838806,-0.580996572971344,-0.3263896107673645,0.5227139592170715,-0.7850159406661987,-0.32671990990638733,-0.5206338763237,-0.7280786037445068,-0.44339507818222046,0.11181987822055817,-0.0026291997637599707,0.017379093915224075,-0.11220668256282806,0.0020026741549372673,-0.016148369759321213,0.08428124338388443,0.42073142528533936,0.06442658603191376,-0.06522370129823685,0.38131412863731384,-0.030802782624959946,0.12199083715677261,0.7376726865768433,0.208138108253479,-0.0634625032544136,0.7152259945869446,0.11073420941829681
115,-0.011427932418882847,-0.5602709650993347,-0.45133838057518005,0.14618058502674103,-0.48576200008392334,-0.21888551115989685,0.34001773595809937,-0.6261202692985535,-0.23443235456943512,-0.16958266496658325,-0.47286975383758545,-0.27698034048080444,-0.36249443888664246,-0.5817694067955017,-0.30884307622909546,0.5247431993484497,-0.7833397388458252,-0.3264082074165344,-0.5333632826805115,-0.7271403074264526,-0.4136190116405487,0.11190171539783478,-0.0025245111901313066,0.01641784980893135,-0.1122952401638031,0.0018973087426275015,-0.01518848817795515,0.08427874743938446,0.4207541048526764,0.06284293532371521,-0.06556931138038635,0.38095083832740784,-0.029893940314650536,0.12200181186199188,0.7374828457832336,0.2008054107427597,-0.0640064999461174,0.7152418494224548,0.11240365356206894
116,-0.011513528414070606,-0.5570215582847595,-0.4579494595527649,0.1461976319551468,-0.48303619027137756,-0.22462491691112518,0.3406735360622406,-0.6232000589370728,-0.2540787160396576,-0.16993597149848938,-0.47181934118270874,-0.28224554657936096,-0.36389386653900146,-0.5819951891899109,-0.3194025158882141,0.525385320186615,-0.7793019413948059,-0.3569065034389496,-0.5357629060745239,-0.7272380590438843,-0.42026886343955994,0.11204471439123154,-0.0024689941201359034,0.016623202711343765,-0.11245184391736984,0.0018428699113428593,-0.015415416099131107,0.08486378192901611,0.41703489422798157,0.0564175583422184,-0.06576736271381378,0.3795914947986603,-0.031171586364507675,0.12160353362560272,0.7310214638710022,0.20037493109703064,-0.06694522500038147,0.7109358906745911,0.11265505105257034
117,-0.012290481477975845,-0.5566601753234863,-0.45700588822364807,0.14620226621627808,-0.48312920331954956,-0.2238210290670395,0.3422323167324066,-0.6233944296836853,-0.25187811255455017,-0.17165179550647736,-0.4717313349246979,-0.2811373770236969,-0.36568161845207214,-0.5808092951774597,-0.3168250322341919,0.5291610360145569,-0.7792998552322388,-0.3475199043750763,-0.5405192971229553,-0.7222239375114441,-0.41798821091651917,0.11208859086036682,-0.002455055946484208,0.016792161390185356,-0.11249834299087524,0.0018294728361070156,-0.0156035041436553,0.085467129945755,0.40556028485298157,0.043562643229961395,-0.06595302373170853,0.37049680948257446,-0.03372064605355263,0.11959414929151535,0.7203153371810913,0.1746627390384674,-0.07198212295770645,0.7026336193084717,0.10301011055707932
118,-0.00998919177800417,-0.5459105372428894,-0.4788106679916382,0.1470915526151657,-0.4734121561050415,-0.24683116376399994,0.34314385056495667,-0.6072375774383545,-0.30148303508758545,-0.16984552145004272,-0.4653332531452179,-0.30004435777664185,-0.3631133735179901,-0.5710394382476807,-0.34281447529792786,0.5297841429710388,-0.7615255117416382,-0.4176071882247925,-0.5407537221908569,-0.7091858386993408,-0.44477203488349915,0.112128846347332,-0.0024213071446865797,0.01677357591688633,-0.11254208534955978,0.0017982589779421687,-0.015587825328111649,0.08548597246408463,0.4052352011203766,0.043660152703523636,-0.06443310528993607,0.3699389696121216,-0.041003450751304626,0.11980606615543365,0.719626247882843,0.1773931086063385,-0.07190849632024765,0.7029800415039062,0.0916522815823555
119,-0.00335301598533988,-0.5458794832229614,-0.47513169050216675,0.1469992995262146,-0.4739060699939728,-0.24460802972316742,0.34460559487342834,-0.6063100695610046,-0.29918286204338074,-0.16988180577754974,-0.4645598232746124,-0.29718372225761414,-0.3641115725040436,-0.5643357634544373,-0.33820632100105286,0.5322024822235107,-0.7569648027420044,-0.41113582253456116,-0.5458899140357971,-0.7046246528625488,-0.4256071150302887,0.11219082772731781,-0.002419639378786087,0.016558529809117317,-0.11261191964149475,0.0017976019298657775,-0.015362177044153214,0.08468900620937347,0.4049838185310364,0.03230642154812813,-0.06412774324417114,0.370108962059021,-0.03848802670836449,0.11966796964406967,0.7178971171379089,0.16811586916446686,-0.06785395741462708,0.7032817006111145,0.10092146694660187
120,9.39367018872872e-05,-0.5342389941215515,-0.48492953181266785,0.14729218184947968,-0.4660791754722595,-0.2540121078491211,0.3446001708507538,-0.5846480131149292,-0.3320355713367462,-0.1692788451910019,-0.4576963484287262,-0.30983176827430725,-0.35532185435295105,-0.5493786334991455,-0.3807988464832306,0.5284940004348755,-0.7356584072113037,-0.4672914743423462,-0.5401256680488586,-0.6839839816093445,-0.5029658675193787,0.11219826340675354,-0.002417932730168104,0.01584128476679325,-0.11262815445661545,0.0018015780951827765,-0.01466355100274086,0.08419997990131378,0.4041939675807953,0.01576061360538006,-0.06355662643909454,0.36998486518859863,-0.038265131413936615,0.1215476542711258,0.7183607220649719,0.1325388103723526,-0.06224055215716362,0.7040723562240601,0.1005399078130722
121,0.0008019417873583734,-0.5357144474983215,-0.48345690965652466,0.14764979481697083,-0.4667049050331116,-0.25289663672447205,0.34588155150413513,-0.5877290964126587,-0.31404560804367065,-0.1692822277545929,-0.4579479992389679,-0.3076290786266327,-0.3584533929824829,-0.5520403385162354,-0.364696741104126,0.5335038304328918,-0.7376535534858704,-0.4343937635421753,-0.5494554042816162,-0.6884089708328247,-0.4519355297088623,0.11231936514377594,-0.002411315683275461,0.015028129331767559,-0.11276017874479294,0.0017967774765565991,-0.013847490772604942,0.08407995849847794,0.40324753522872925,0.006571416277438402,-0.06576114147901535,0.37008360028266907,-0.03697746992111206,0.12046733498573303,0.7185059189796448,0.12951955199241638,-0.06352842599153519,0.7047731876373291,0.10305122286081314
122,0.0010315009858459234,-0.5365746021270752,-0.4838283360004425,0.14918245375156403,-0.46703290939331055,-0.2534932792186737,0.350716233253479,-0.5877453088760376,-0.30706244707107544,-0.16910533607006073,-0.45818910002708435,-0.3063179552555084,-0.36029449105262756,-0.5532826781272888,-0.34392333030700684,0.5410056114196777,-0.7348098754882812,-0.4238872230052948,-0.5555063486099243,-0.6882120966911316,-0.42351096868515015,0.11257624626159668,-0.002403845777735114,0.014100377447903156,-0.11303789168596268,0.0017903371481224895,-0.012922368012368679,0.08508291095495224,0.40323346853256226,0.00884284358471632,-0.06826423108577728,0.3705650269985199,-0.0343143492937088,0.12046968936920166,0.7176357507705688,0.13526371121406555,-0.06848584860563278,0.7051020264625549,0.10920510441064835
123,0.0010008306708186865,-0.5371490716934204,-0.48523688316345215,0.148472398519516,-0.4654577374458313,-0.25619322061538696,0.3505996763706207,-0.5863343477249146,-0.31423017382621765,-0.1703096628189087,-0.45585477352142334,-0.3074450194835663,-0.3665107786655426,-0.5499935150146484,-0.34354832768440247,0.5404500365257263,-0.7316634058952332,-0.43336671590805054,-0.5651053786277771,-0.6854711771011353,-0.4211146831512451,0.11275080591440201,-0.0024297877680510283,0.013750128448009491,-0.11322557181119919,0.001822040299884975,-0.012575005181133747,0.08434480428695679,0.39871060848236084,-0.015700286254286766,-0.07335812598466873,0.3705778121948242,-0.03584171459078789,0.11804475635290146,0.7122167348861694,0.12100829184055328,-0.06930017471313477,0.705216109752655,0.10879416763782501
124,0.0013659385731443763,-0.5369507670402527,-0.48768818378448486,0.1488804966211319,-0.4628629982471466,-0.2592321038246155,0.3548794686794281,-0.5826678276062012,-0.3160918951034546,-0.17031064629554749,-0.45531773567199707,-0.3069622814655304,-0.3727349042892456,-0.5504122376441956,-0.3366946280002594,0.5474093556404114,-0.726839005947113,-0.4300073981285095,-0.5722769498825073,-0.6852698922157288,-0.4128202199935913,0.11289079487323761,-0.002429888118058443,0.012775196693837643,-0.11337055265903473,0.001824555336497724,-0.011627500876784325,0.08464706689119339,0.3958829939365387,-0.0300416499376297,-0.08049781620502472,0.37043917179107666,-0.0357738696038723,0.11652782559394836,0.7106586694717407,0.10380691289901733,-0.07401271164417267,0.7052026391029358,0.10941111296415329
125,0.0017838268540799618,-0.5371699333190918,-0.49115729331970215,0.14948393404483795,-0.4614310562610626,-0.26472216844558716,0.35803431272506714,-0.5813369750976562,-0.3260134160518646,-0.1701551377773285,-0.45465022325515747,-0.30742767453193665,-0.37530800700187683,-0.5507550835609436,-0.33559608459472656,0.5495381951332092,-0.7244474291801453,-0.4395749568939209,-0.5802759528160095,-0.6856931447982788,-0.41324540972709656,0.11298836022615433,-0.0024125201161950827,0.011991332285106182,-0.11347495019435883,0.001812490401789546,-0.010861296206712723,0.08511939644813538,0.3955158591270447,-0.03103071078658104,-0.08265834301710129,0.3704473078250885,-0.037263333797454834,0.11656530201435089,0.7106937170028687,0.10280674695968628,-0.07808101177215576,0.7056713104248047,0.1080617681145668
126,0.0034892181865870953,-0.5356084108352661,-0.4923333525657654,0.1505195051431656,-0.45978987216949463,-0.2662728428840637,0.36019179224967957,-0.5776971578598022,-0.3270305097103119,-0.17012545466423035,-0.4522259533405304,-0.30826202034950256,-0.37612152099609375,-0.5431896448135376,-0.33549460768699646,0.5512159466743469,-0.7205211520195007,-0.43975481390953064,-0.5789570808410645,-0.6798710823059082,-0.4132126271724701,0.11313973367214203,-0.002318005543202162,0.011762844398617744,-0.11363080143928528,0.0017277398146688938,-0.010640977881848812,0.08511693775653839,0.3950417935848236,-0.04240437597036362,-0.08646208792924881,0.3703523874282837,-0.04205413535237312,0.11600050330162048,0.7100692987442017,0.09700065106153488,-0.0782187208533287,0.7049663662910461,0.10700547695159912
127,0.0044449795968830585,-0.5335525274276733,-0.4944978356361389,0.15049462020397186,-0.4550588130950928,-0.2691512405872345,0.3605513572692871,-0.5699098706245422,-0.34627851843833923,-0.17012692987918854,-0.44760990142822266,-0.3093232214450836,-0.37781354784965515,-0.5395958423614502,-0.3369612693786621,0.5506333112716675,-0.7135418653488159,-0.4731452465057373,-0.5816479921340942,-0.6776837706565857,-0.41366028785705566,0.11317892372608185,-0.0023533327039331198,0.011663529090583324,-0.11367473006248474,0.00177999516017735,-0.01056529488414526,0.08455903083086014,0.3797239065170288,-0.09260301291942596,-0.08632475137710571,0.3690488040447235,-0.05384314805269241,0.11070751398801804,0.7008891105651855,0.03609864041209221,-0.07814400643110275,0.7043916583061218,0.07863052934408188
128,0.004046372137963772,-0.5355861783027649,-0.493142694234848,0.15035520493984222,-0.45527011156082153,-0.2688020169734955,0.36087846755981445,-0.5707678198814392,-0.345194011926651,-0.17103146016597748,-0.44815459847450256,-0.3058643043041229,-0.3807494342327118,-0.5399133563041687,-0.3294897973537445,0.5509856343269348,-0.712505042552948,-0.4655071794986725,-0.5830551981925964,-0.6780685186386108,-0.40794792771339417,0.11326135694980621,-0.0023381104692816734,0.011057093739509583,-0.11375588923692703,0.001767564914189279,-0.00996217131614685,0.08490400016307831,0.38093435764312744,-0.07597193866968155,-0.08880192786455154,0.3681339919567108,-0.05343301594257355,0.11022157967090607,0.7012681365013123,0.05570584163069725,-0.08178641647100449,0.7029871344566345,0.08180589973926544
129,0.004031627904623747,-0.532814085483551,-0.500045120716095,0.15026028454303741,-0.4534435272216797,-0.2776932418346405,0.3604150116443634,-0.5711959600448608,-0.3717634379863739,-0.17080602049827576,-0.44525808095932007,-0.3126813769340515,-0.37963446974754333,-0.5377832651138306,-0.3390549421310425,0.5487797856330872,-0.7129849791526794,-0.5072267651557922,-0.5827904939651489,-0.6742985248565674,-0.41100090742111206,0.11330225318670273,-0.0022909005638211966,0.010856875218451023,-0.11380605399608612,0.0017319113248959184,-0.009785328060388565,0.08492384850978851,0.37399038672447205,-0.08638650923967361,-0.09446296095848083,0.36368700861930847,-0.05792674422264099,0.10624706000089645,0.6922943592071533,0.057770736515522,-0.08533807098865509,0.6967903971672058,0.084137924015522
130,0.003104437841102481,-0.5353723168373108,-0.4903459846973419,0.15034332871437073,-0.45640337467193604,-0.26915910840034485,0.36179119348526,-0.5753371119499207,-0.34679073095321655,-0.17098061740398407,-0.4487655460834503,-0.3000543713569641,-0.3819384276866913,-0.5437859892845154,-0.32031211256980896,0.5506162643432617,-0.7146754264831543,-0.4667488932609558,-0.5864880681037903,-0.6801322102546692,-0.39820727705955505,0.11345730721950531,-0.002293814206495881,0.010194364935159683,-0.11396341025829315,0.0017398877535015345,-0.009145272895693779,0.08708930760622025,0.3748067021369934,-0.0851040929555893,-0.09869443625211716,0.36349937319755554,-0.059104837477207184,0.1066741868853569,0.6928832530975342,0.06064300239086151,-0.09024766087532043,0.6964964270591736,0.085071861743927
131,0.0028412367682904005,-0.5349399447441101,-0.4903659224510193,0.15015478432178497,-0.4567311704158783,-0.2691255211830139,0.3606891930103302,-0.575310468673706,-0.3468208909034729,-0.17108407616615295,-0.44888558983802795,-0.3002984821796417,-0.3818316161632538,-0.543648362159729,-0.32113683223724365,0.5491742491722107,-0.7145058512687683,-0.4702790081501007,-0.5863386988639832,-0.6802020072937012,-0.39930856227874756,0.11354286223649979,-0.0023162811994552612,0.009374542161822319,-0.11405520141124725,0.0017677757423371077,-0.008335771039128304,0.08852065354585648,0.37537407875061035,-0.08446768671274185,-0.10273417085409164,0.3635486960411072,-0.058621425181627274,0.10791034996509552,0.6929713487625122,0.06254307925701141,-0.09023868292570114,0.6962670683860779,0.0879521295428276
132,0.0014591363724321127,-0.5350094437599182,-0.48993825912475586,0.1499793380498886,-0.45643502473831177,-0.26740503311157227,0.3601621687412262,-0.5626852512359619,-0.34612616896629333,-0.1713854819536209,-0.44799092411994934,-0.2995882034301758,-0.3798666298389435,-0.5301864743232727,-0.3195691704750061,0.5465183854103088,-0.7017296552658081,-0.4714151918888092,-0.5839494466781616,-0.6634232997894287,-0.3966233730316162,0.11357666552066803,-0.0022412154357880354,0.009037605486810207,-0.11408954858779907,0.0016956909094005823,-0.007996398024260998,0.08777245879173279,0.3756055235862732,-0.08273474872112274,-0.09900986403226852,0.3646816909313202,-0.04805672913789749,0.10927602648735046,0.6978673338890076,0.04786249250173569,-0.09108009189367294,0.7001139521598816,0.088038370013237
133,0.0015987916849553585,-0.5341094136238098,-0.48827776312828064,0.15060590207576752,-0.4589724838733673,-0.26395824551582336,0.3607860207557678,-0.5640251040458679,-0.3334473669528961,-0.17094823718070984,-0.450469970703125,-0.29887232184410095,-0.3774060904979706,-0.530642569065094,-0.3182399570941925,0.5494670867919922,-0.7029063105583191,-0.4491977095603943,-0.580605149269104,-0.6640039086341858,-0.3941822350025177,0.11360867321491241,-0.001819851342588663,0.008975313045084476,-0.11412182450294495,0.0012712926836684346,-0.007934864610433578,0.08764514327049255,0.3824020326137543,-0.06229815632104874,-0.09532026946544647,0.3648028075695038,-0.045564379543066025,0.10899867862462997,0.7088255286216736,0.05315962806344032,-0.09076115489006042,0.7006540298461914,0.09101526439189911
134,0.0014109264593571424,-0.5324788093566895,-0.4936342239379883,0.15060554444789886,-0.4585910737514496,-0.2674327492713928,0.3606947064399719,-0.563220739364624,-0.33691108226776123,-0.17033781111240387,-0.4504412114620209,-0.3043297529220581,-0.3750695288181305,-0.5315361618995667,-0.32430586218833923,0.549574077129364,-0.6999777555465698,-0.4533710479736328,-0.5785191059112549,-0.6647508144378662,-0.4004175662994385,0.1136191263794899,-0.001678596599958837,0.008918282575905323,-0.11413354426622391,0.0011254319688305259,-0.00786647479981184,0.08762726187705994,0.38629043102264404,-0.054218970239162445,-0.09632916748523712,0.36580371856689453,-0.045364052057266235,0.1089896485209465,0.7107536196708679,0.07003206014633179,-0.09085714817047119,0.7028737664222717,0.09500348567962646
135,0.002605983056128025,-0.5335472822189331,-0.4886758327484131,0.15101350843906403,-0.4592052698135376,-0.26151129603385925,0.360830157995224,-0.5647589564323425,-0.3294046223163605,-0.16957609355449677,-0.4519333839416504,-0.30023378133773804,-0.37306180596351624,-0.5356481671333313,-0.31901782751083374,0.5496481657028198,-0.7003066539764404,-0.44709837436676025,-0.5743600726127625,-0.6676849126815796,-0.3938187062740326,0.11363833397626877,-0.0015540642198175192,0.008881666697561741,-0.11415151506662369,0.0010018390603363514,-0.00782774481922388,0.08760491013526917,0.3873737156391144,-0.05258828401565552,-0.09548698365688324,0.36584120988845825,-0.045447684824466705,0.10942722856998444,0.7116633057594299,0.07114879041910172,-0.09051279723644257,0.7028775215148926,0.09551861137151718
136,0.0025488962419331074,-0.5332484245300293,-0.48882734775543213,0.15089577436447144,-0.4595344066619873,-0.2617591917514801,0.3576212227344513,-0.564568281173706,-0.32973766326904297,-0.16962888836860657,-0.45193904638290405,-0.30103570222854614,-0.37269091606140137,-0.5348647832870483,-0.3203842341899872,0.5481594800949097,-0.7003493309020996,-0.44790810346603394,-0.5737130641937256,-0.6649520397186279,-0.3950772285461426,0.11370164901018143,-0.0014607906341552734,0.008734965696930885,-0.11421657353639603,0.0009062006138265133,-0.007669137325137854,0.08707986772060394,0.3903985917568207,-0.04710561782121658,-0.09903348982334137,0.36613452434539795,-0.04542654752731323,0.10913234949111938,0.7119231224060059,0.08498387038707733,-0.09112078696489334,0.7028762102127075,0.10126647353172302
137,0.003390417667105794,-0.5356165170669556,-0.48531481623649597,0.1524207890033722,-0.4634591341018677,-0.2589932382106781,0.3586505055427551,-0.5663169026374817,-0.3251058757305145,-0.16843406856060028,-0.4549041986465454,-0.30045950412750244,-0.36566248536109924,-0.5382675528526306,-0.3201928436756134,0.5507065653800964,-0.700628936290741,-0.44535261392593384,-0.5662232637405396,-0.6651268005371094,-0.39532017707824707,0.11393072456121445,-0.001404763082973659,0.00868850015103817,-0.11444776505231857,0.0008458935189992189,-0.007610580418258905,0.08877869695425034,0.3987283408641815,-0.013137360103428364,-0.09962504357099533,0.36795833706855774,-0.04241136088967323,0.1152629405260086,0.7142530083656311,0.1300056427717209,-0.09201184660196304,0.7038152813911438,0.10608167946338654
138,0.0035055135376751423,-0.5368121862411499,-0.47916415333747864,0.15183106064796448,-0.46379294991493225,-0.2525167465209961,0.35856181383132935,-0.5669854283332825,-0.3109869658946991,-0.16934092342853546,-0.454892635345459,-0.2935503125190735,-0.3683773875236511,-0.5381346344947815,-0.31197699904441833,0.5506182909011841,-0.7008472681045532,-0.4274393618106842,-0.5665088295936584,-0.6658413410186768,-0.38888418674468994,0.11395817995071411,-0.0013732895022258162,0.008415416814386845,-0.11447349190711975,0.0008150201756507158,-0.007339111529290676,0.08826225996017456,0.3978922665119171,-0.026636863127350807,-0.09932058304548264,0.3680259585380554,-0.041618287563323975,0.11386147886514664,0.7147676348686218,0.09238912165164948,-0.09135058522224426,0.7042252421379089,0.10487554222345352
139,0.003748551243916154,-0.5380241870880127,-0.4766274094581604,0.15302661061286926,-0.46458739042282104,-0.24957895278930664,0.3586651682853699,-0.5691656470298767,-0.3100302815437317,-0.16885215044021606,-0.45508885383605957,-0.29186418652534485,-0.36825817823410034,-0.5446351170539856,-0.31114426255226135,0.5499637126922607,-0.7018920183181763,-0.42968010902404785,-0.5641017556190491,-0.6757858395576477,-0.3877657353878021,0.11409963667392731,-0.001329793594777584,0.00861692987382412,-0.11461473256349564,0.0007721026777289808,-0.007556073367595673,0.08970833569765091,0.3976714611053467,-0.038979671895504,-0.0999789610505104,0.3682270646095276,-0.04151066392660141,0.11335749179124832,0.7145659923553467,0.09247608482837677,-0.09133598953485489,0.703248918056488,0.10947908461093903
140,0.0025793984532356262,-0.5464233756065369,-0.46133729815483093,0.15247516334056854,-0.4724145233631134,-0.2349950075149536,0.3586755096912384,-0.5896854400634766,-0.2729063630104065,-0.17080751061439514,-0.4595179855823517,-0.27696096897125244,-0.3707335293292999,-0.5522763133049011,-0.29568377137184143,0.549933671951294,-0.7279325127601624,-0.37706297636032104,-0.56404048204422,-0.6888697147369385,-0.3806968629360199,0.11415695399045944,-0.0013750663492828608,0.00853413250297308,-0.11466316133737564,0.0008197004208341241,-0.007467879448086023,0.09091368317604065,0.39665499329566956,-0.03955033794045448,-0.10074130445718765,0.36822590231895447,-0.040769562125205994,0.11567490547895432,0.7145267724990845,0.0831623524427414,-0.09195558726787567,0.7032836675643921,0.10639142990112305
141,0.000692334957420826,-0.5461618304252625,-0.46187618374824524,0.15113669633865356,-0.4721369743347168,-0.23628948628902435,0.35201698541641235,-0.5891124606132507,-0.2801958918571472,-0.17117275297641754,-0.459802508354187,-0.27740558981895447,-0.37064099311828613,-0.5580246448516846,-0.2966722846031189,0.5427351593971252,-0.7260519862174988,-0.38703426718711853,-0.5641221404075623,-0.6981849670410156,-0.3842540681362152,0.11420387774705887,-0.0014641653979197145,0.008509994484484196,-0.11471017450094223,0.0009010341018438339,-0.00744132325053215,0.0914442241191864,0.39848747849464417,-0.02899637259542942,-0.1019263043999672,0.3709356486797333,-0.03778520226478577,0.11572719365358353,0.7163755893707275,0.09583301842212677,-0.09326321631669998,0.7072669863700867,0.10826514661312103
142,0.00040469368104822934,-0.5464534759521484,-0.46070364117622375,0.15103964507579803,-0.4738326966762543,-0.23351682722568512,0.35046276450157166,-0.5916933417320251,-0.2836790978908539,-0.1711692363023758,-0.4598540663719177,-0.277133047580719,-0.36865395307540894,-0.5584664344787598,-0.29793041944503784,0.5365131497383118,-0.7268232703208923,-0.39405402541160583,-0.5550873279571533,-0.6994301676750183,-0.3835573196411133,0.1143200695514679,-0.0014922430273145437,0.008689278736710548,-0.11482137441635132,0.0009276793571189046,-0.0076158735901117325,0.09283623844385147,0.39829185605049133,-0.03453085198998451,-0.10192031413316727,0.3709723949432373,-0.03591180592775345,0.11626414954662323,0.7160429954528809,0.09545520693063736,-0.09061995893716812,0.7054615616798401,0.11300110071897507
143,-0.0038848842959851027,-0.5488322377204895,-0.4466543197631836,0.14928708970546722,-0.47931045293807983,-0.2232394814491272,0.34823691844940186,-0.594052791595459,-0.25967612862586975,-0.17370696365833282,-0.4654121696949005,-0.2642592489719391,-0.36931392550468445,-0.5598650574684143,-0.28506025671958923,0.5367769598960876,-0.7348380088806152,-0.36152467131614685,-0.5539994239807129,-0.7021775841712952,-0.3763711750507355,0.11446686089038849,-0.0015458198031410575,0.00853701587766409,-0.11495708674192429,0.0009789029136300087,-0.007450800854712725,0.09269791096448898,0.40247491002082825,-0.024786431342363358,-0.10235004127025604,0.37253087759017944,-0.03589281439781189,0.11512694507837296,0.7186170220375061,0.11102142184972763,-0.09080280363559723,0.706204354763031,0.1127663254737854
144,-0.0036565905902534723,-0.5492619276046753,-0.44895049929618835,0.14947782456874847,-0.47508469223976135,-0.22481784224510193,0.34520432353019714,-0.5933533310890198,-0.29941532015800476,-0.1709417700767517,-0.46396467089653015,-0.2661202847957611,-0.35534927248954773,-0.5588036179542542,-0.3315421938896179,0.52173912525177,-0.734962522983551,-0.44477641582489014,-0.5336498618125916,-0.7014418244361877,-0.45655557513237,0.11449724435806274,-0.0016523556550964713,0.009024525992572308,-0.11498276144266129,0.0010969779687002301,-0.007956164889037609,0.09443057328462601,0.3975224494934082,-0.06116320192813873,-0.10234054177999496,0.37293896079063416,-0.04400201514363289,0.11601792275905609,0.7185219526290894,0.06538088619709015,-0.0908280611038208,0.7075028419494629,0.09193329513072968
145,-0.0032477814238518476,-0.5517584085464478,-0.44868841767311096,0.14961189031600952,-0.47503653168678284,-0.2257317304611206,0.3452920615673065,-0.5949321985244751,-0.2790969908237457,-0.1702413409948349,-0.46633410453796387,-0.26351192593574524,-0.35601502656936646,-0.5591237545013428,-0.31119081377983093,0.5233883261680603,-0.7432352304458618,-0.39855751395225525,-0.5312401652336121,-0.7019774317741394,-0.449893057346344,0.11452629417181015,-0.0015043284511193633,0.008128595538437366,-0.11500813812017441,0.0009431794169358909,-0.0070213391445577145,0.09445648640394211,0.3997190594673157,-0.04630213603377342,-0.10266542434692383,0.3739633858203888,-0.03362363576889038,0.11616026610136032,0.7200965881347656,0.08563348650932312,-0.09073705226182938,0.7081395983695984,0.1081513985991478
146,-0.0055120778270065784,-0.5625309348106384,-0.4283684194087982,0.14941619336605072,-0.47851574420928955,-0.20739175379276276,0.3453708291053772,-0.6073256731033325,-0.2316933274269104,-0.1702996790409088,-0.4699212312698364,-0.24422283470630646,-0.3577005863189697,-0.5631116628646851,-0.2794942855834961,0.5242700576782227,-0.7662252187728882,-0.33344385027885437,-0.530225396156311,-0.7152655124664307,-0.4033007025718689,0.11459362506866455,-0.0014472308102995157,0.008105085231363773,-0.11506922543048859,0.0008862572140060365,-0.0069999005645513535,0.09451314061880112,0.4020732045173645,-0.043209630995988846,-0.10717828571796417,0.37410029768943787,-0.034169141203165054,0.11250411719083786,0.7238332033157349,0.09571410715579987,-0.09266246110200882,0.7080581188201904,0.10873419046401978
147,-0.004693108610808849,-0.5643125176429749,-0.43123388290405273,0.15154175460338593,-0.47847458720207214,-0.21043193340301514,0.3449740707874298,-0.6068186163902283,-0.23932276666164398,-0.16599103808403015,-0.47167250514030457,-0.24656014144420624,-0.3528541922569275,-0.5719993114471436,-0.28262820839881897,0.5196147561073303,-0.7656866908073425,-0.34364280104637146,-0.5219959616661072,-0.7264523506164551,-0.4062747657299042,0.11467093974351883,-0.0012447491753846407,0.007986958138644695,-0.11513538658618927,0.0006740335957147181,-0.006873916368931532,0.09388333559036255,0.4051034450531006,-0.024630289524793625,-0.1113668754696846,0.3736439049243927,-0.03842812031507492,0.110699363052845,0.7252982258796692,0.12438014894723892,-0.09300301223993301,0.7079430222511292,0.1095544621348381
148,-0.011222194880247116,-0.5682211518287659,-0.4152716100215912,0.14951083064079285,-0.4845288097858429,-0.19662228226661682,0.34307798743247986,-0.6184194684028625,-0.21567513048648834,-0.16825711727142334,-0.47670379281044006,-0.23313798010349274,-0.35404419898986816,-0.5777974724769592,-0.2757532298564911,0.5200582146644592,-0.7780645489692688,-0.31418970227241516,-0.5174028873443604,-0.734796941280365,-0.40466684103012085,0.11470112204551697,-0.001175240846350789,0.008072280324995518,-0.11516258120536804,0.0006046070484444499,-0.006950919516384602,0.09387066960334778,0.40729671716690063,-0.023448947817087173,-0.11153003573417664,0.3740139603614807,-0.037053417414426804,0.1109573245048523,0.7276099920272827,0.12133222818374634,-0.09525652229785919,0.7078253626823425,0.11240651458501816
149,-0.011099663563072681,-0.5770949721336365,-0.41497868299484253,0.14822347462177277,-0.4847020208835602,-0.19871239364147186,0.33813750743865967,-0.6220723390579224,-0.225575253367424,-0.1689942330121994,-0.4795683026313782,-0.2357347160577774,-0.35447344183921814,-0.6028074622154236,-0.27765586972236633,0.5107926726341248,-0.7818230390548706,-0.32904765009880066,-0.5175198316574097,-0.763782262802124,-0.39897391200065613,0.11476537585258484,-0.0012489038053900003,0.008065160363912582,-0.11522376537322998,0.0006765293073840439,-0.006943420972675085,0.09456946700811386,0.4072171747684479,-0.022121338173747063,-0.11618829518556595,0.3740306496620178,-0.040293000638484955,0.11065440624952316,0.7280281186103821,0.1272590011358261,-0.09308664500713348,0.7080070972442627,0.11330658942461014
150,-0.013778101652860641,-0.5820996761322021,-0.41562938690185547,0.14821788668632507,-0.485273540019989,-0.20031233131885529,0.337470680475235,-0.6316276788711548,-0.22924235463142395,-0.16854067146778107,-0.48072007298469543,-0.23667612671852112,-0.354796439409256,-0.6108343005180359,-0.27881309390068054,0.5080861449241638,-0.7949365973472595,-0.3317621648311615,-0.5141950845718384,-0.7710476517677307,-0.401204913854599,0.11479561775922775,-0.001229546731337905,0.008043735288083553,-0.11525074392557144,0.0006557744345627725,-0.00691901333630085,0.09659676998853683,0.4083667993545532,-0.015281281433999538,-0.11751776933670044,0.3746541440486908,-0.038720570504665375,0.11106458306312561,0.7321885824203491,0.136003315448761,-0.09367189556360245,0.7087247371673584,0.11945948004722595
151,-0.013520853593945503,-0.5867136120796204,-0.408998966217041,0.14947524666786194,-0.4870398938655853,-0.19493383169174194,0.3372258245944977,-0.6368959546089172,-0.21757389605045319,-0.1657019406557083,-0.4821378290653229,-0.23200282454490662,-0.3527000844478607,-0.6109523773193359,-0.27970561385154724,0.5069069862365723,-0.8005653619766235,-0.313638836145401,-0.5043733716011047,-0.7746111750602722,-0.405021607875824,0.11482131481170654,-0.001051232684403658,0.008145472034811974,-0.11527249962091446,0.0004716234980151057,-0.007018357049673796,0.0976458266377449,0.4108746349811554,0.002486510667949915,-0.11997593939304352,0.3746452331542969,-0.036857567727565765,0.11128553003072739,0.7340773940086365,0.15913313627243042,-0.09330723434686661,0.7080843448638916,0.1279141753911972
152,-0.010595674626529217,-0.59425950050354,-0.39742833375930786,0.1540810465812683,-0.48786675930023193,-0.19122877717018127,0.33798131346702576,-0.6358187794685364,-0.21780215203762054,-0.16175079345703125,-0.4885542094707489,-0.2219943404197693,-0.34664225578308105,-0.6239321827888489,-0.2714066505432129,0.5070030689239502,-0.8000221252441406,-0.31394335627555847,-0.4952791631221771,-0.7940880656242371,-0.3941408395767212,0.11487249284982681,-0.0007045319071039557,0.007899841293692589,-0.11531546711921692,0.00011991729843430221,-0.006779495161026716,0.09901369363069534,0.4131077527999878,0.0021134268026798964,-0.12098643183708191,0.3746054768562317,-0.035819701850414276,0.11261848360300064,0.7364927530288696,0.15754017233848572,-0.0922718346118927,0.7079495787620544,0.13029734790325165
153,-0.01200308371335268,-0.6019646525382996,-0.3705323040485382,0.15401525795459747,-0.49468696117401123,-0.16882874071598053,0.33675405383110046,-0.6512452960014343,-0.19072487950325012,-0.16179467737674713,-0.4923076927661896,-0.19904133677482605,-0.3454257547855377,-0.6245142817497253,-0.2616266906261444,0.502923846244812,-0.8244407176971436,-0.2806923985481262,-0.4841606914997101,-0.7975300550460815,-0.394177109003067,0.11482514441013336,-0.0005278036696836352,0.00806182250380516,-0.11524597555398941,-4.8341444198740646e-05,-0.0069446866400539875,0.10011392086744308,0.41260623931884766,0.0027375242207199335,-0.11819592118263245,0.37453094124794006,-0.03342369943857193,0.11494462192058563,0.7365722060203552,0.15506583452224731,-0.09060779958963394,0.7080187201499939,0.1298925131559372
154,-0.012796495109796524,-0.6068606376647949,-0.37387344241142273,0.1548531949520111,-0.49579867720603943,-0.17114940285682678,0.3360268175601959,-0.6573929190635681,-0.19641757011413574,-0.16069544851779938,-0.4936719536781311,-0.20123310387134552,-0.3434280753135681,-0.6338663697242737,-0.2623295485973358,0.49740955233573914,-0.8338803052902222,-0.28915533423423767,-0.4834059178829193,-0.8129521608352661,-0.3929919898509979,0.11486782878637314,-0.00032613432267680764,0.008070128969848156,-0.11528436094522476,-0.0002472656196914613,-0.006958422251045704,0.10104437917470932,0.4109932780265808,0.0022519067861139774,-0.12051330506801605,0.3738444745540619,-0.03377661108970642,0.11299258470535278,0.7362024784088135,0.15353204309940338,-0.09165921807289124,0.7069995403289795,0.12975578010082245
155,-0.013495519757270813,-0.6166285872459412,-0.31882527470588684,0.15560199320316315,-0.5064687132835388,-0.1248551607131958,0.33330461382865906,-0.6647189855575562,-0.1423589587211609,-0.16071414947509766,-0.5022537708282471,-0.15364907681941986,-0.34290337562561035,-0.6460555195808411,-0.21342948079109192,0.48932477831840515,-0.837096631526947,-0.2278871238231659,-0.47409698367118835,-0.8250755667686462,-0.34414538741111755,0.11481591314077377,-0.00016795315605122596,0.00810482632368803,-0.11521179229021072,-0.0004034292360302061,-0.006987296976149082,0.10120166838169098,0.41094085574150085,0.005174610298126936,-0.11868324130773544,0.3741265833377838,-0.02825099229812622,0.11710382997989655,0.7374256253242493,0.1524650901556015,-0.0849766805768013,0.7087352275848389,0.12988495826721191
156,-0.012971065938472748,-0.6119223237037659,-0.33267828822135925,0.15577448904514313,-0.5059438347816467,-0.13482216000556946,0.3317091763019562,-0.6638472676277161,-0.1574520617723465,-0.15896077454090118,-0.502730667591095,-0.16430526971817017,-0.33276230096817017,-0.6436944007873535,-0.22372785210609436,0.47975337505340576,-0.8414649367332458,-0.24744968116283417,-0.4635881185531616,-0.8216565251350403,-0.3538817763328552,0.11456738412380219,-0.00011249845556449145,0.00861973874270916,-0.1149236187338829,-0.0004567706200759858,-0.007498091086745262,0.1011931374669075,0.4098118841648102,0.0010146212298423052,-0.1121886670589447,0.3758303225040436,-0.024466143921017647,0.11430365592241287,0.738710880279541,0.13506564497947693,-0.08499270677566528,0.7119477391242981,0.12701739370822906
157,-0.01288315188139677,-0.6117380261421204,-0.31395286321640015,0.1545592099428177,-0.5140430927276611,-0.1190996915102005,0.32341811060905457,-0.672886312007904,-0.14108788967132568,-0.1600458025932312,-0.5062007308006287,-0.15341304242610931,-0.3316526412963867,-0.6434192657470703,-0.21770350635051727,0.45890504121780396,-0.8494224548339844,-0.2293998897075653,-0.45735159516334534,-0.82317054271698,-0.3507899045944214,0.11436931788921356,-0.00010863631905522197,0.008883803151547909,-0.11470114439725876,-0.0004574064223561436,-0.007755432277917862,0.10122203826904297,0.4089497923851013,0.004698289092630148,-0.11174555867910385,0.37652459740638733,-0.02436583675444126,0.11827986687421799,0.7386416792869568,0.13712599873542786,-0.08106439560651779,0.7148067951202393,0.12583841383457184
158,-0.013994775712490082,-0.6126396059989929,-0.3159058094024658,0.15324841439723969,-0.5139248967170715,-0.11926586180925369,0.3202572762966156,-0.6749857664108276,-0.14255781471729279,-0.1606772094964981,-0.5062702894210815,-0.15457043051719666,-0.33199673891067505,-0.6462063193321228,-0.21200872957706451,0.452117383480072,-0.851071298122406,-0.23272959887981415,-0.45906683802604675,-0.8284318447113037,-0.33490991592407227,0.11431298404932022,-0.00010028242832049727,0.009116233326494694,-0.11464473605155945,-0.00046728571760468185,-0.007971853017807007,0.10124918818473816,0.4088694751262665,0.010038449428975582,-0.11783046275377274,0.3772401511669159,-0.024480538442730904,0.1153942197561264,0.7399565577507019,0.14432722330093384,-0.08505968749523163,0.7165305018424988,0.1236976757645607
159,-0.014579270966351032,-0.6122286319732666,-0.3176749348640442,0.15230435132980347,-0.5133906602859497,-0.12265294790267944,0.3166159987449646,-0.6739622950553894,-0.157181978225708,-0.1612785905599594,-0.5060798525810242,-0.1554068922996521,-0.3320588171482086,-0.6504450440406799,-0.21499687433242798,0.44533398747444153,-0.8494747877120972,-0.25300490856170654,-0.460091233253479,-0.8358498215675354,-0.3385239541530609,0.11433058232069016,-8.301810157718137e-05,0.00908897165209055,-0.11465747654438019,-0.00048572273226454854,-0.007936425507068634,0.09985923767089844,0.4097248613834381,0.00985707063227892,-0.12379909306764603,0.3772425949573517,-0.02492426708340645,0.1051911860704422,0.7414484024047852,0.14946478605270386,-0.08654576539993286,0.7163993716239929,0.12489525973796844
160,-0.016054926440119743,-0.6109780669212341,-0.32504817843437195,0.1522875726222992,-0.513022780418396,-0.1292860358953476,0.31515589356422424,-0.6735004186630249,-0.1636504828929901,-0.16132089495658875,-0.5047654509544373,-0.16330969333648682,-0.3303612768650055,-0.6497647762298584,-0.23080936074256897,0.43642303347587585,-0.8487439155578613,-0.2581537067890167,-0.4504297077655792,-0.8353325724601746,-0.3591182827949524,0.11430853605270386,-0.00011065124272136018,0.00936849694699049,-0.11463682353496552,-0.0004603128181770444,-0.008213239721953869,0.1013350784778595,0.40944904088974,0.012736587785184383,-0.12290691584348679,0.3774777054786682,-0.026132183149456978,0.1091739758849144,0.7418056130409241,0.1490498036146164,-0.0865837037563324,0.7186723351478577,0.11728266626596451
161,-0.015556513331830502,-0.6116346716880798,-0.3271765410900116,0.1524394452571869,-0.5134042501449585,-0.13075631856918335,0.31231117248535156,-0.6797419786453247,-0.16386321187019348,-0.16116206347942352,-0.5048255920410156,-0.16408708691596985,-0.3268015682697296,-0.6526152491569519,-0.23896723985671997,0.43206214904785156,-0.8606055378913879,-0.2580944001674652,-0.4406743049621582,-0.8392086029052734,-0.37022489309310913,0.11429930478334427,-0.00011643141624517739,0.009837966412305832,-0.11462600529193878,-0.00045516699901781976,-0.008680691942572594,0.10155710577964783,0.40942516922950745,0.013773281127214432,-0.12203508615493774,0.3773631751537323,-0.02725324034690857,0.10930386930704117,0.7424148321151733,0.1489640474319458,-0.08511646091938019,0.718606173992157,0.11614025384187698
162,-0.015202654525637627,-0.6156588792800903,-0.31456705927848816,0.1529988795518875,-0.516204833984375,-0.12621822953224182,0.3091082274913788,-0.6848965883255005,-0.15769293904304504,-0.16005495190620422,-0.5083195567131042,-0.15228581428527832,-0.3229012191295624,-0.663083016872406,-0.21065574884414673,0.4245232343673706,-0.870476484298706,-0.24536211788654327,-0.42597630620002747,-0.8556373715400696,-0.3216317594051361,0.11415058374404907,-0.00010031620331574231,0.009362309239804745,-0.11447612941265106,-0.00047099145012907684,-0.008201774209737778,0.10205776244401932,0.40933963656425476,0.013637490570545197,-0.12079969048500061,0.3773546814918518,-0.023545028641819954,0.11483259499073029,0.7425604462623596,0.14886164665222168,-0.08418238162994385,0.7187431454658508,0.11958086490631104
163,-0.0150429243221879,-0.6280463933944702,-0.2867725193500519,0.1524091511964798,-0.5206787586212158,-0.09893007576465607,0.2981230318546295,-0.6848580837249756,-0.12186717242002487,-0.16006669402122498,-0.5134566426277161,-0.13165141642093658,-0.32101887464523315,-0.6729066967964172,-0.18355228006839752,0.41489318013191223,-0.8684149384498596,-0.20661596953868866,-0.41600820422172546,-0.8680065274238586,-0.28534531593322754,0.11387591063976288,-4.677139440900646e-05,0.009541129693388939,-0.11418502032756805,-0.0005272150156088173,-0.008372056297957897,0.10074620693922043,0.40955835580825806,0.022473260760307312,-0.11533264070749283,0.3791358470916748,-0.013055125251412392,0.11616958677768707,0.745522677898407,0.15031035244464874,-0.08419091254472733,0.7235962748527527,0.1221732348203659
164,-0.014069175347685814,-0.6307750940322876,-0.2864438593387604,0.15264524519443512,-0.5217441916465759,-0.10140126198530197,0.2936869263648987,-0.6852662563323975,-0.12711438536643982,-0.15880803763866425,-0.5149223804473877,-0.13115482032299042,-0.31513354182243347,-0.6750541925430298,-0.1841597706079483,0.40789490938186646,-0.8717378973960876,-0.21130336821079254,-0.40603935718536377,-0.8716316819190979,-0.28558892011642456,0.11376740783452988,3.125348939647665e-07,0.009555522352457047,-0.11407018452882767,-0.0005748971598222852,-0.008385595865547657,0.09987904876470566,0.4101094901561737,0.024813972413539886,-0.11407740414142609,0.3804222345352173,-0.007108318619430065,0.11669269949197769,0.7460388541221619,0.1561775654554367,-0.0843016505241394,0.7244856953620911,0.12969106435775757
165,-0.009407985024154186,-0.6303997039794922,-0.28489950299263,0.15295398235321045,-0.5220054984092712,-0.0981701985001564,0.2823154628276825,-0.6852263808250427,-0.12546713650226593,-0.15642783045768738,-0.5154089331626892,-0.13167119026184082,-0.3079456388950348,-0.6741063594818115,-0.18704652786254883,0.3940680921077728,-0.8741610050201416,-0.20978017151355743,-0.394343763589859,-0.8741255402565002,-0.2992376685142517,0.1136794164776802,0.00011391242151148617,0.009736383333802223,-0.11397287994623184,-0.0006954181590117514,-0.008557228371500969,0.0968574583530426,0.4124653935432434,0.025356074795126915,-0.11301495134830475,0.3812144994735718,-0.0058651152066886425,0.11445947736501694,0.7485610842704773,0.15614303946495056,-0.0843970999121666,0.7253173589706421,0.13063094019889832
166,-0.0074578747153282166,-0.6308144330978394,-0.28740423917770386,0.15282079577445984,-0.5219143033027649,-0.10010722279548645,0.27989789843559265,-0.6854162216186523,-0.12596507370471954,-0.15522031486034393,-0.5175502896308899,-0.13323263823986053,-0.302914559841156,-0.6775315999984741,-0.19115716218948364,0.38645002245903015,-0.8792554140090942,-0.21060864627361298,-0.38429293036460876,-0.8801378011703491,-0.30115073919296265,0.11344102025032043,0.00017150880012195557,0.009966745972633362,-0.113719142973423,-0.0007558708894066513,-0.00878248643130064,0.09633025527000427,0.41304245591163635,0.027461808174848557,-0.11181794106960297,0.3826110064983368,-0.0020865555852651596,0.11530694365501404,0.7486947178840637,0.15863703191280365,-0.08525468409061432,0.7262597680091858,0.13469351828098297
167,-0.006531795021146536,-0.630477249622345,-0.2897551655769348,0.15277741849422455,-0.521877646446228,-0.10117275267839432,0.27453532814979553,-0.6913042664527893,-0.1269604116678238,-0.15331362187862396,-0.5175207257270813,-0.13964028656482697,-0.3012517988681793,-0.6783077120780945,-0.22432853281497955,0.37703245878219604,-0.8875346183776855,-0.21152611076831818,-0.372825026512146,-0.8818345069885254,-0.3554544150829315,0.11324773728847504,0.00018214446026831865,0.011043061502277851,-0.11352318525314331,-0.0007699356647208333,-0.00984970573335886,0.09666138142347336,0.4130437970161438,0.03092815726995468,-0.10227514803409576,0.3838902711868286,-0.0024183113127946854,0.11737581342458725,0.7489582300186157,0.15910743176937103,-0.0818294882774353,0.7290584444999695,0.1344827115535736
168,-0.0042730714194476604,-0.6325545907020569,-0.28038421273231506,0.1529097557067871,-0.5218213796615601,-0.09845142811536789,0.2739913761615753,-0.6927105188369751,-0.12850834429264069,-0.15125490725040436,-0.5177561044692993,-0.12799005210399628,-0.300797700881958,-0.6784967184066772,-0.217378169298172,0.3666890263557434,-0.8920292854309082,-0.2137354165315628,-0.36754849553108215,-0.8866000175476074,-0.3513997197151184,0.11298037320375443,0.0001836122974054888,0.011124701239168644,-0.11323393881320953,-0.0007709221099503338,-0.009938457049429417,0.09681737422943115,0.4132009446620941,0.0320529006421566,-0.10086113959550858,0.3845183551311493,-0.0027160965837538242,0.12665759027004242,0.7491316199302673,0.16069084405899048,-0.07946093380451202,0.7305311560630798,0.13423068821430206
169,-0.0012334291823208332,-0.6330004930496216,-0.2819255292415619,0.1529681533575058,-0.5211895108222961,-0.09871948510408401,0.2731911242008209,-0.6939572095870972,-0.13473765552043915,-0.14864376187324524,-0.5183265805244446,-0.1284969449043274,-0.29034680128097534,-0.6789162158966064,-0.22459381818771362,0.3634541928768158,-0.8960230350494385,-0.2185547798871994,-0.3567742109298706,-0.8887483477592468,-0.3594014346599579,0.11283119767904282,0.0002159760770155117,0.011667720042169094,-0.11306771636009216,-0.0008051295299082994,-0.010483999736607075,0.09660308808088303,0.41352948546409607,0.034607451409101486,-0.09658141434192657,0.38451579213142395,-0.0037524004001170397,0.12894298136234283,0.7487885355949402,0.16445133090019226,-0.07512664049863815,0.7298579812049866,0.13408873975276947
170,0.0008828240679576993,-0.6361198425292969,-0.2704769968986511,0.1528899371623993,-0.5210714340209961,-0.09178317338228226,0.26788705587387085,-0.6946465373039246,-0.1334288865327835,-0.1471727192401886,-0.5189265608787537,-0.12235704809427261,-0.2806772291660309,-0.6788075566291809,-0.2237144559621811,0.3567887246608734,-0.8976132869720459,-0.21635322272777557,-0.3456474244594574,-0.8883482217788696,-0.3593246340751648,0.11240517348051071,0.00022636783251073211,0.011885951273143291,-0.11260462552309036,-0.0008153189555741847,-0.010694715194404125,0.09625635296106339,0.41414394974708557,0.03459763526916504,-0.09448758512735367,0.3847557306289673,-0.003816295647993684,0.1303696185350418,0.7487033605575562,0.1655014604330063,-0.07206380367279053,0.729834794998169,0.1343528777360916
171,0.006812563631683588,-0.6359724998474121,-0.27807486057281494,0.1530386358499527,-0.5196704864501953,-0.09613560140132904,0.26541444659233093,-0.6992219686508179,-0.14057224988937378,-0.14261485636234283,-0.5183236002922058,-0.13653859496116638,-0.269504189491272,-0.6788509488105774,-0.2575797438621521,0.3541787266731262,-0.9049174189567566,-0.2213185876607895,-0.3346264660358429,-0.8891159296035767,-0.4056982398033142,0.11219041049480438,0.00023686725762672722,0.012897329404950142,-0.11237883567810059,-0.0008260468603111804,-0.011711513623595238,0.09625430405139923,0.4149954319000244,0.034507155418395996,-0.09310539066791534,0.38495486974716187,-0.007386999204754829,0.13384808599948883,0.7491059899330139,0.16543173789978027,-0.06596603244543076,0.7305843830108643,0.13107745349407196
172,0.00802871584892273,-0.6343462467193604,-0.2937251925468445,0.15235577523708344,-0.5165581703186035,-0.10811463743448257,0.262809157371521,-0.6992712020874023,-0.15596742928028107,-0.14156794548034668,-0.5165345668792725,-0.15111714601516724,-0.2672421336174011,-0.6784267425537109,-0.2725140154361725,0.35283154249191284,-0.9062725305557251,-0.23742324113845825,-0.33031466603279114,-0.8891366720199585,-0.41776713728904724,0.1118348017334938,0.0002496052475180477,0.013538535684347153,-0.11201532185077667,-0.0008378156926482916,-0.01236126571893692,0.09511689841747284,0.4155784547328949,0.03492357209324837,-0.09306307137012482,0.3847545087337494,-0.014360673725605011,0.13361431658267975,0.7494903802871704,0.1611560881137848,-0.06634161621332169,0.7319661378860474,0.11929690092802048
173,0.008515492081642151,-0.6307011842727661,-0.30899304151535034,0.152353897690773,-0.5098810791969299,-0.12427967041730881,0.26230648159980774,-0.6959945559501648,-0.17299604415893555,-0.14014416933059692,-0.5122605562210083,-0.16159868240356445,-0.26282989978790283,-0.6728708148002625,-0.28192564845085144,0.353191077709198,-0.9056188464164734,-0.2540016174316406,-0.32216331362724304,-0.8887408375740051,-0.42974773049354553,0.11172951012849808,0.0002571358345448971,0.013468819670379162,-0.11191115528345108,-0.0008460671524517238,-0.012291007675230503,0.0941193476319313,0.4160314202308655,0.03291013836860657,-0.09303274005651474,0.38485050201416016,-0.014051694422960281,0.13121297955513,0.7495611906051636,0.16106382012367249,-0.06634104996919632,0.7319797873497009,0.12332826107740402
174,0.009193957783281803,-0.6263606548309326,-0.3122967481613159,0.15224581956863403,-0.5085879564285278,-0.12707491219043732,0.2577802836894989,-0.693192183971405,-0.1781543493270874,-0.13864357769489288,-0.508784830570221,-0.16636595129966736,-0.253379225730896,-0.665880024433136,-0.29146847128868103,0.350280225276947,-0.9048210978507996,-0.26194384694099426,-0.3125274181365967,-0.8873659372329712,-0.4428301453590393,0.11159658432006836,0.00025377789279446006,0.013605687767267227,-0.11177597939968109,-0.0008435025229118764,-0.012431558221578598,0.0932956412434578,0.4174347221851349,0.03344437852501869,-0.09277868270874023,0.38558703660964966,-0.01261945441365242,0.13156333565711975,0.7499234080314636,0.16121257841587067,-0.06653068959712982,0.7337784767150879,0.12524184584617615
175,0.009466849267482758,-0.6257418394088745,-0.3144489824771881,0.15232795476913452,-0.5063694715499878,-0.13072334229946136,0.25809264183044434,-0.6932530403137207,-0.17927850782871246,-0.13717159628868103,-0.5068320035934448,-0.16756035387516022,-0.250127911567688,-0.6625596880912781,-0.2932030260562897,0.3506130874156952,-0.9081349968910217,-0.25928425788879395,-0.3069869577884674,-0.886492908000946,-0.4446874260902405,0.1115165427327156,0.0002758461923804134,0.01361049059778452,-0.11169328540563583,-0.0008650520467199385,-0.012439162470400333,0.09321511536836624,0.41790157556533813,0.03218720853328705,-0.09311843663454056,0.3858110010623932,-0.011484865099191666,0.1317196935415268,0.7501912117004395,0.16116654872894287,-0.06664658337831497,0.733822226524353,0.128724604845047
176,0.010411301627755165,-0.6254361867904663,-0.31686267256736755,0.1532718539237976,-0.5049454569816589,-0.1384681761264801,0.2581861615180969,-0.6932179927825928,-0.1920432448387146,-0.13495676219463348,-0.5061303973197937,-0.16775286197662354,-0.24208450317382812,-0.6582401990890503,-0.2914235591888428,0.3508830666542053,-0.9136186242103577,-0.26979920268058777,-0.29046496748924255,-0.8857539892196655,-0.4406873285770416,0.11143787205219269,0.0004115951887797564,0.012727539986371994,-0.111609548330307,-0.0009972522966563702,-0.01157638430595398,0.09250929206609726,0.4179115891456604,0.03134734928607941,-0.09298060834407806,0.3858181834220886,-0.007201615255326033,0.13094107806682587,0.7502413988113403,0.16118058562278748,-0.06634848564863205,0.7325618267059326,0.13835009932518005
177,0.014411095529794693,-0.6249772906303406,-0.3273589611053467,0.15352879464626312,-0.5009293556213379,-0.1481926441192627,0.25830602645874023,-0.6913747191429138,-0.20895525813102722,-0.13434621691703796,-0.5029289126396179,-0.18699724972248077,-0.236814945936203,-0.6571276783943176,-0.3141036629676819,0.3510589897632599,-0.9130880832672119,-0.2915417551994324,-0.2859601080417633,-0.8856531381607056,-0.4574083089828491,0.11129802465438843,0.0004259915149305016,0.01316717080771923,-0.11147908121347427,-0.0010110719595104456,-0.012033351697027683,0.09215916693210602,0.41798487305641174,0.03225848823785782,-0.09176258742809296,0.3850049674510956,-0.01240734476596117,0.130384624004364,0.7506821751594543,0.1610235869884491,-0.06432206928730011,0.7322131991386414,0.13365019857883453
178,0.015153352171182632,-0.6267942190170288,-0.3259826898574829,0.15443895757198334,-0.5009576082229614,-0.1468784511089325,0.2571137845516205,-0.6898951530456543,-0.2076064944267273,-0.1338348537683487,-0.5025138854980469,-0.18442843854427338,-0.23643729090690613,-0.653434693813324,-0.30933380126953125,0.3457219898700714,-0.911790668964386,-0.2904997169971466,-0.27577725052833557,-0.8830205202102661,-0.4565185308456421,0.11123665422201157,0.00042842497350648046,0.013009702786803246,-0.11141684651374817,-0.001012090709991753,-0.011870888993144035,0.09273228049278259,0.4178992509841919,0.032256241887807846,-0.09116768836975098,0.3851592540740967,-0.008334117941558361,0.1315041184425354,0.7504264712333679,0.16278867423534393,-0.06307556480169296,0.7309659123420715,0.13871005177497864
179,0.014853833243250847,-0.6280449628829956,-0.32500967383384705,0.15462858974933624,-0.5011601448059082,-0.1458224654197693,0.2579916715621948,-0.6946475505828857,-0.20254932343959808,-0.13384301960468292,-0.5024198889732361,-0.18255417048931122,-0.2373804748058319,-0.6518535017967224,-0.3099527060985565,0.3467671871185303,-0.921244740486145,-0.2746974527835846,-0.2731708288192749,-0.8815056085586548,-0.4605008065700531,0.11119015514850616,0.00044023743248544633,0.013005523942410946,-0.11136962473392487,-0.0010229346808046103,-0.011869300156831741,0.09359091520309448,0.41754376888275146,0.03226056322455406,-0.09056416153907776,0.38511839509010315,-0.008381666615605354,0.13175827264785767,0.7504714727401733,0.16258496046066284,-0.06033993512392044,0.7309424877166748,0.13852255046367645
180,0.014628174714744091,-0.6264045238494873,-0.3246232271194458,0.15475133061408997,-0.5013735294342041,-0.1477905809879303,0.2527441382408142,-0.6938031315803528,-0.2125488519668579,-0.13253918290138245,-0.5028430223464966,-0.17526118457317352,-0.23790287971496582,-0.6535660624504089,-0.29070404171943665,0.33630234003067017,-0.9204140305519104,-0.2963158190250397,-0.2706955671310425,-0.8866235017776489,-0.4268157184123993,0.11083940416574478,0.0005665931385010481,0.009003104642033577,-0.11101523786783218,-0.0011424741242080927,-0.00790976732969284,0.09278922528028488,0.4169673025608063,0.024469241499900818,-0.09074125438928604,0.3867664635181427,0.000797554908785969,0.13274721801280975,0.7509634494781494,0.1467447727918625,-0.06039242818951607,0.7333239316940308,0.13983920216560364
181,0.013165069743990898,-0.6275303959846497,-0.32125332951545715,0.1548663228750229,-0.5014545321464539,-0.14648555219173431,0.2542456388473511,-0.6925839781761169,-0.21037143468856812,-0.13318006694316864,-0.5031463503837585,-0.173793226480484,-0.2387407273054123,-0.6536077857017517,-0.2909296452999115,0.3370212912559509,-0.915773868560791,-0.29335492849349976,-0.2721221446990967,-0.8845002055168152,-0.427619993686676,0.11080826073884964,0.0006283418624661863,0.009286393411457539,-0.11098389327526093,-0.0012037291890010238,-0.008179537951946259,0.0928778126835823,0.41674405336380005,0.024720648303627968,-0.09272237122058868,0.38556981086730957,-0.0031903458293527365,0.13274814188480377,0.749221920967102,0.1476379781961441,-0.06245167553424835,0.7314582467079163,0.13593755662441254
182,0.01191351655870676,-0.6265304684638977,-0.3145425617694855,0.15485985577106476,-0.5019131898880005,-0.14274893701076508,0.25321340560913086,-0.6919156312942505,-0.20903156697750092,-0.13375230133533478,-0.502812922000885,-0.1679382473230362,-0.23902663588523865,-0.6529383063316345,-0.28650805354118347,0.33578595519065857,-0.9144778251647949,-0.2933792173862457,-0.2729181945323944,-0.8844109773635864,-0.4210294187068939,0.11078259348869324,0.0006386447930708528,0.00932941772043705,-0.11095812171697617,-0.0012129819951951504,-0.008221770636737347,0.09241746366024017,0.4167402386665344,0.023664040490984917,-0.09509487450122833,0.3856130540370941,-0.0038430027198046446,0.13131818175315857,0.7492267489433289,0.1484614908695221,-0.06313782185316086,0.7316716313362122,0.13550113141536713
183,0.011121879331767559,-0.6258887052536011,-0.3145883083343506,0.15488159656524658,-0.5019223093986511,-0.1452198475599289,0.25223642587661743,-0.691868007183075,-0.21259135007858276,-0.13368354737758636,-0.5022842288017273,-0.1657959222793579,-0.24006779491901398,-0.6492799520492554,-0.28328001499176025,0.33358192443847656,-0.9173783659934998,-0.2961895167827606,-0.273454874753952,-0.8826437592506409,-0.4205557703971863,0.11075598746538162,0.0007095708861015737,0.0081394724547863,-0.11093118786811829,-0.0012826549354940653,-0.007032577879726887,0.09192993491888046,0.41649144887924194,0.019562499597668648,-0.09524989873170853,0.3863648772239685,-0.0006339512765407562,0.131639301776886,0.7490875720977783,0.14877834916114807,-0.06315858662128448,0.7318269610404968,0.1400688886642456
184,0.010613108985126019,-0.625332772731781,-0.3188726007938385,0.1546996831893921,-0.501433789730072,-0.14741280674934387,0.25244003534317017,-0.6920086145401001,-0.21468685567378998,-0.13420702517032623,-0.5020061731338501,-0.16992968320846558,-0.24235416948795319,-0.6501094698905945,-0.29009321331977844,0.33392664790153503,-0.9171786904335022,-0.30082374811172485,-0.2735903561115265,-0.8825961947441101,-0.4290987551212311,0.11073716729879379,0.0007274553645402193,0.008175499737262726,-0.11091354489326477,-0.0013000632170587778,-0.007071086671203375,0.08994868397712708,0.4167436361312866,0.02124086208641529,-0.09501074254512787,0.38633590936660767,-0.0015773186460137367,0.12994933128356934,0.7490856647491455,0.15263155102729797,-0.06270033121109009,0.7317672967910767,0.1400119513273239
185,0.010664077475667,-0.6254395842552185,-0.32140496373176575,0.1539396345615387,-0.5011306405067444,-0.14850199222564697,0.2507752478122711,-0.6929978728294373,-0.21739298105239868,-0.1346958726644516,-0.5010747909545898,-0.1782670021057129,-0.24257050454616547,-0.6511524319648743,-0.30501729249954224,0.3323136270046234,-0.9170171618461609,-0.3060898780822754,-0.2737449109554291,-0.8824115991592407,-0.4431464374065399,0.11073760688304901,0.0007362928008660674,0.008440925739705563,-0.11091761291027069,-0.0013086757389828563,-0.007337596733123064,0.08966125547885895,0.41707220673561096,0.021813666447997093,-0.09495756030082703,0.38666868209838867,-0.0012675944017246366,0.12885627150535583,0.7495560646057129,0.1536826342344284,-0.06260798126459122,0.7318127751350403,0.14058110117912292
186,0.009134845808148384,-0.6297842264175415,-0.30325257778167725,0.15398631989955902,-0.5039979815483093,-0.1387549191713333,0.25037580728530884,-0.6939654350280762,-0.21144869923591614,-0.134983092546463,-0.5022416710853577,-0.1537134200334549,-0.24269023537635803,-0.6540102362632751,-0.2699645757675171,0.3280225694179535,-0.9167223572731018,-0.30133968591690063,-0.27352607250213623,-0.8861708641052246,-0.40359586477279663,0.11072077602148056,0.0007434573490172625,0.00655762292444706,-0.11089790612459183,-0.0013146033743396401,-0.005459482781589031,0.09011925756931305,0.41651231050491333,0.018072493374347687,-0.0948890894651413,0.3877007067203522,0.008137183263897896,0.13030415773391724,0.7496320009231567,0.1520654708147049,-0.06257594376802444,0.7318229675292969,0.1490367352962494
187,0.013359811156988144,-0.6293898820877075,-0.312982439994812,0.1536247879266739,-0.5036393404006958,-0.1407613903284073,0.25002360343933105,-0.6939847469329834,-0.21066071093082428,-0.13474488258361816,-0.5019641518592834,-0.17234651744365692,-0.24208573997020721,-0.6540403366088867,-0.2922355532646179,0.3289613425731659,-0.9166561365127563,-0.29914039373397827,-0.2722242474555969,-0.8861829042434692,-0.42020362615585327,0.11066625267267227,0.000725797435734421,0.0076309447176754475,-0.11084910482168198,-0.001297570881433785,-0.006535343825817108,0.0903015285730362,0.4166279733181,0.019557328894734383,-0.09459801018238068,0.38810527324676514,0.0041008018888533115,0.13037405908107758,0.7506367564201355,0.15171179175376892,-0.06251323968172073,0.7340899705886841,0.14202438294887543
188,0.01318636629730463,-0.6297911405563354,-0.3129032552242279,0.15310649573802948,-0.5034927725791931,-0.1406947672367096,0.2487308382987976,-0.6939487457275391,-0.21083414554595947,-0.1353684663772583,-0.5017826557159424,-0.17276915907859802,-0.2438778132200241,-0.6550372242927551,-0.2936634421348572,0.3274885416030884,-0.9147980213165283,-0.3007195293903351,-0.27276355028152466,-0.8861265778541565,-0.4205382466316223,0.1106506735086441,0.0007323941099457443,0.00794252660125494,-0.11083455383777618,-0.0013036751188337803,-0.006845919881016016,0.08997933566570282,0.4166411757469177,0.01966230757534504,-0.09459185600280762,0.3878200352191925,0.001354833017103374,0.12861022353172302,0.750652015209198,0.15165185928344727,-0.06195518746972084,0.7335993647575378,0.13955499231815338
189,0.013115021400153637,-0.6308169364929199,-0.3100478947162628,0.1532653421163559,-0.5045577883720398,-0.1361856460571289,0.2486387938261032,-0.6960369348526001,-0.19737032055854797,-0.13513250648975372,-0.5020427107810974,-0.16864213347434998,-0.24381409585475922,-0.6566614508628845,-0.2895630896091461,0.32717013359069824,-0.9166950583457947,-0.28117966651916504,-0.27078989148139954,-0.888102650642395,-0.41824185848236084,0.11057350039482117,0.0007615346694365144,0.00794565211981535,-0.11075761169195175,-0.0013322987360879779,-0.0068515329621732235,0.0896371528506279,0.41674646735191345,0.02023029699921608,-0.09379581362009048,0.38837334513664246,0.006733140908181667,0.12837912142276764,0.7515032291412354,0.15179556608200073,-0.06217249110341072,0.7336544394493103,0.14517547190189362
190,0.015213449485599995,-0.6311725974082947,-0.309685081243515,0.15350568294525146,-0.5041648149490356,-0.1355978548526764,0.2485274225473404,-0.6959166526794434,-0.1974964141845703,-0.13459596037864685,-0.5018818974494934,-0.1690104603767395,-0.24331048130989075,-0.6575473546981812,-0.290704607963562,0.3273932635784149,-0.916671633720398,-0.281688392162323,-0.27056431770324707,-0.8887684345245361,-0.4187723696231842,0.11053980141878128,0.0007533975294791162,0.0089763468131423,-0.11072532832622528,-0.0013242961140349507,-0.007876921445131302,0.09037180244922638,0.41659653186798096,0.022597666829824448,-0.09412831813097,0.3879432678222656,0.0017407407285645604,0.1283748745918274,0.7511281371116638,0.15323449671268463,-0.06084360182285309,0.7334831357002258,0.14179623126983643
191,0.015141407027840614,-0.631151020526886,-0.31040194630622864,0.15352168679237366,-0.5041291117668152,-0.13690194487571716,0.24842926859855652,-0.6970550417900085,-0.1978820562362671,-0.1344388872385025,-0.5024148225784302,-0.16874021291732788,-0.24344857037067413,-0.6609191298484802,-0.2896624803543091,0.3278179466724396,-0.9192515015602112,-0.2803698480129242,-0.2715303599834442,-0.8905299305915833,-0.4184113144874573,0.1104075014591217,0.0007892117719165981,0.008897008374333382,-0.11058979481458664,-0.0013593673938885331,-0.007795744575560093,0.09039013087749481,0.4165549874305725,0.023361876606941223,-0.09503393620252609,0.387580007314682,0.0016791789093986154,0.1290280967950821,0.7508875727653503,0.15329991281032562,-0.06041843816637993,0.7332907915115356,0.14175459742546082
192,0.015131402760744095,-0.6318718791007996,-0.3023226261138916,0.15374568104743958,-0.5042276382446289,-0.13162650167942047,0.24841859936714172,-0.6962608695030212,-0.18798640370368958,-0.13400699198246002,-0.5043445229530334,-0.1529887318611145,-0.24339976906776428,-0.6623297333717346,-0.26137012243270874,0.3285907506942749,-0.9188861846923828,-0.26348820328712463,-0.27039074897766113,-0.8933283686637878,-0.3861737847328186,0.11029469221830368,0.000810823985375464,0.008565142750740051,-0.11046674847602844,-0.0013823523186147213,-0.00744695495814085,0.0896223708987236,0.4169158637523651,0.02659185416996479,-0.09319152683019638,0.3885616958141327,0.005277073942124844,0.1289938986301422,0.7509186267852783,0.1551532745361328,-0.0600496381521225,0.7344938516616821,0.1440676897764206
193,0.011295831762254238,-0.629157304763794,-0.31638243794441223,0.15364442765712738,-0.5016408562660217,-0.14438481628894806,0.24868328869342804,-0.6939546465873718,-0.20396500825881958,-0.13455259799957275,-0.5019882321357727,-0.16283535957336426,-0.24550417065620422,-0.6529040336608887,-0.2835606336593628,0.3286629319190979,-0.9175994992256165,-0.28098639845848083,-0.27099066972732544,-0.882246196269989,-0.4279409348964691,0.11037492752075195,0.0007678224355913699,0.008592499420046806,-0.11055152863264084,-0.001340939779765904,-0.007475766818970442,0.0902739092707634,0.4166084825992584,0.026583369821310043,-0.09334079176187515,0.3884068727493286,0.0018517483258619905,0.1310582458972931,0.7490915656089783,0.1550256907939911,-0.0628243163228035,0.7344871163368225,0.13996334373950958
194,0.008458780124783516,-0.631674587726593,-0.29777273535728455,0.1520945131778717,-0.5034997463226318,-0.12676182389259338,0.2481708526611328,-0.6929911375045776,-0.1822153478860855,-0.13954122364521027,-0.5031613707542419,-0.14880557358264923,-0.25468283891677856,-0.6539735198020935,-0.26522329449653625,0.3284488022327423,-0.9100254774093628,-0.26157501339912415,-0.27497926354408264,-0.8826130032539368,-0.39874881505966187,0.1103673204779625,0.0007125596748664975,0.008411104790866375,-0.1105431318283081,-0.0012854610104113817,-0.007289231289178133,0.09069280326366425,0.4164048731327057,0.02433256432414055,-0.09336606413125992,0.38895654678344727,0.005108912941068411,0.13080434501171112,0.7498128414154053,0.1519796997308731,-0.06446284800767899,0.7346385717391968,0.1404167115688324
195,0.009983844123780727,-0.6317436695098877,-0.298711895942688,0.15258507430553436,-0.5058600902557373,-0.1262027770280838,0.24794934689998627,-0.6974486112594604,-0.17309941351413727,-0.13773441314697266,-0.5038666129112244,-0.15139909088611603,-0.2531166970729828,-0.6565170288085938,-0.26696908473968506,0.32870975136756897,-0.917163074016571,-0.24606242775917053,-0.27340731024742126,-0.8841890692710876,-0.3965111970901489,0.11034435778856277,0.0007542161620222032,0.0085398368537426,-0.11052435636520386,-0.00132750254124403,-0.007426222786307335,0.0915239155292511,0.41647157073020935,0.024200674146413803,-0.09258799999952316,0.38984596729278564,0.007472789380699396,0.13114431500434875,0.7513964772224426,0.15524005889892578,-0.06382258236408234,0.7344673871994019,0.1477203369140625
196,0.009584282524883747,-0.6317558288574219,-0.299225777387619,0.15210199356079102,-0.5057544112205505,-0.125326007604599,0.24787293374538422,-0.6972784399986267,-0.1726650595664978,-0.13833175599575043,-0.5028717517852783,-0.15218503773212433,-0.2535568177700043,-0.6518315076828003,-0.27715715765953064,0.3302351236343384,-0.9176848530769348,-0.24609938263893127,-0.2735690176486969,-0.8814765214920044,-0.41831329464912415,0.11038270592689514,0.0006143467035144567,0.009634246118366718,-0.1105661392211914,-0.0011892578331753612,-0.008535311557352543,0.09160179644823074,0.4164767861366272,0.027783257886767387,-0.09260197728872299,0.389329731464386,0.0019140249351039529,0.1315620392560959,0.7505591511726379,0.15867681801319122,-0.06418449431657791,0.7343164086341858,0.14210209250450134
197,0.010680347681045532,-0.6359186172485352,-0.2925383746623993,0.153070330619812,-0.508489191532135,-0.11966387927532196,0.2481098622083664,-0.7006561756134033,-0.16461782157421112,-0.13689878582954407,-0.506594717502594,-0.1466362178325653,-0.25315725803375244,-0.6611301302909851,-0.26007315516471863,0.3301975727081299,-0.9208689332008362,-0.23770686984062195,-0.2717370092868805,-0.8874131441116333,-0.38549119234085083,0.11023774743080139,0.00073821289697662,0.008419307880103588,-0.11042540520429611,-0.0013095895992591977,-0.007345535326749086,0.09152235835790634,0.4165321886539459,0.026992805302143097,-0.09261132776737213,0.3905617296695709,0.011723527684807777,0.13151606917381287,0.7540121674537659,0.15663129091262817,-0.06414096057415009,0.7354428172111511,0.14859959483146667
198,0.010106010362505913,-0.6348099112510681,-0.2971942722797394,0.1512068659067154,-0.5077282786369324,-0.1199040412902832,0.2485824078321457,-0.7005283236503601,-0.16624434292316437,-0.1380375623703003,-0.5056447386741638,-0.15697665512561798,-0.25367850065231323,-0.6580848693847656,-0.2836209237575531,0.3324473202228546,-0.9212616682052612,-0.24000559747219086,-0.27364087104797363,-0.886105477809906,-0.4209524989128113,0.11023177951574326,0.0006332122720777988,0.010123360902071,-0.11042281240224838,-0.0012051112717017531,-0.00906416866928339,0.0919690877199173,0.4164789319038391,0.027231983840465546,-0.09397701919078827,0.3890441060066223,-0.003518012585118413,0.13218680024147034,0.7526720762252808,0.15723779797554016,-0.06455719470977783,0.7347983121871948,0.13625109195709229
199,0.010529336519539356,-0.635200560092926,-0.2954406440258026,0.15178166329860687,-0.508453369140625,-0.11818812787532806,0.24911551177501678,-0.700691282749176,-0.16256946325302124,-0.1377260982990265,-0.5062544345855713,-0.15426231920719147,-0.2530709207057953,-0.6589900255203247,-0.27199485898017883,0.33259153366088867,-0.9211974143981934,-0.2362430840730667,-0.27347323298454285,-0.886289656162262,-0.4003172814846039,0.11020933836698532,0.0006873110542073846,0.009585612453520298,-0.11040220409631729,-0.0012586957309395075,-0.008528120815753937,0.09143517911434174,0.4170340895652771,0.025896888226270676,-0.09327685832977295,0.39051511883735657,0.004583626985549927,0.13178591430187225,0.7547305822372437,0.15592001378536224,-0.06449727714061737,0.7358303666114807,0.14185795187950134
200,0.009042899124324322,-0.6353499889373779,-0.2986920177936554,0.15160581469535828,-0.5070303678512573,-0.12210610508918762,0.2502979338169098,-0.6992291212081909,-0.16895094513893127,-0.13821035623550415,-0.5059283375740051,-0.15700654685497284,-0.2532321810722351,-0.6577495336532593,-0.27834630012512207,0.3348971903324127,-0.9204151034355164,-0.24336254596710205,-0.275597482919693,-0.8858962655067444,-0.4123269021511078,0.11023100465536118,0.0006875094259157777,0.00957531575113535,-0.11042848229408264,-0.0012585818767547607,-0.008518744260072708,0.09084011614322662,0.417127788066864,0.02590835653245449,-0.09522981941699982,0.39015576243400574,0.0005940513219684362,0.12961827218532562,0.7547070980072021,0.15504615008831024,-0.06453996151685715,0.7361666560173035,0.13725602626800537
201,0.010292688384652138,-0.6345568895339966,-0.30340132117271423,0.15077200531959534,-0.5068320035934448,-0.12300942093133926,0.2499624490737915,-0.6992006301879883,-0.16927918791770935,-0.1381833404302597,-0.5059146285057068,-0.17047834396362305,-0.2518889009952545,-0.6583765745162964,-0.3003487288951874,0.33496731519699097,-0.9187284708023071,-0.24412627518177032,-0.27507543563842773,-0.884098470211029,-0.43783342838287354,0.110091932117939,0.0006964806816540658,0.010991428978741169,-0.11029303073883057,-0.001267527462914586,-0.00992382038384676,0.09099828451871872,0.41707319021224976,0.027412813156843185,-0.09081126749515533,0.3900196850299835,0.0003998825268354267,0.12962323427200317,0.7544315457344055,0.15591849386692047,-0.06400320678949356,0.7350011467933655,0.13737763464450836
202,0.009056596085429192,-0.6356976628303528,-0.30382391810417175,0.15180598199367523,-0.5062772631645203,-0.12446633726358414,0.25476720929145813,-0.6989505887031555,-0.1711226850748062,-0.13813243806362152,-0.5056783556938171,-0.1699073761701584,-0.2513430416584015,-0.658330500125885,-0.2991882562637329,0.3379451036453247,-0.9187024831771851,-0.2446890026330948,-0.27443012595176697,-0.883542001247406,-0.43670010566711426,0.11015383899211884,0.0006901076412759721,0.011038047261536121,-0.11036285758018494,-0.001261110883206129,-0.009972830303013325,0.09128154069185257,0.41719740629196167,0.02727704867720604,-0.09085919708013535,0.39007166028022766,6.391813076334074e-05,0.12844257056713104,0.7544329166412354,0.15654200315475464,-0.06428913027048111,0.7358806729316711,0.13717426359653473
203,0.008372831158339977,-0.6353678703308105,-0.30556821823120117,0.15161330997943878,-0.5051567554473877,-0.12676852941513062,0.25437837839126587,-0.6979413032531738,-0.17571665346622467,-0.13830600678920746,-0.5042187571525574,-0.17075766623020172,-0.2516392469406128,-0.6583181023597717,-0.29992732405662537,0.33795469999313354,-0.9167416095733643,-0.25055643916130066,-0.27702173590660095,-0.8832289576530457,-0.4365283250808716,0.11021299660205841,0.0005809988360852003,0.011786154471337795,-0.11042504757642746,-0.0011526194866746664,-0.010717787779867649,0.09297900646924973,0.41678759455680847,0.028879256919026375,-0.09115198254585266,0.3896513879299164,-0.001684084883891046,0.13034728169441223,0.7512484192848206,0.1638156920671463,-0.06252311170101166,0.7343925833702087,0.13792002201080322
204,0.008565893396735191,-0.6376137137413025,-0.30515405535697937,0.1516960710287094,-0.5056482553482056,-0.12611062824726105,0.2580316960811615,-0.6979033946990967,-0.17588378489017487,-0.13827942311763763,-0.5043055415153503,-0.17196665704250336,-0.2481783628463745,-0.6554978489875793,-0.30420559644699097,0.3392904996871948,-0.915760338306427,-0.25253644585609436,-0.27232855558395386,-0.879470944404602,-0.4412912428379059,0.11016446352005005,0.0007085743127390742,0.012441113591194153,-0.11037886142730713,-0.0012739244848489761,-0.011366862803697586,0.08985993266105652,0.4169606566429138,0.030001789331436157,-0.09056522697210312,0.3890724778175354,-0.003166188718751073,0.12226399779319763,0.7529792189598083,0.16306550800800323,-0.06722191721200943,0.7339658737182617,0.1353621482849121
205,0.008939465507864952,-0.6376169919967651,-0.30974242091178894,0.15103787183761597,-0.5056146383285522,-0.12713247537612915,0.2579082250595093,-0.6978667378425598,-0.1757914125919342,-0.13828836381435394,-0.5032202005386353,-0.18889354169368744,-0.24640601873397827,-0.6531175971031189,-0.32994747161865234,0.3403184711933136,-0.9154913425445557,-0.25230324268341064,-0.2712453603744507,-0.8739030361175537,-0.47004610300064087,0.110170379281044,0.0007015817682258785,0.014604751951992512,-0.11038987338542938,-0.0012653522426262498,-0.01352145429700613,0.09004756063222885,0.4166894257068634,0.03082016296684742,-0.0901557058095932,0.3886427879333496,-0.0062520164065063,0.12252654135227203,0.7525157332420349,0.1643122434616089,-0.06729470193386078,0.7327724695205688,0.13501283526420593
206,0.0072008902207016945,-0.63707035779953,-0.3124515414237976,0.14990495145320892,-0.5050663948059082,-0.1303657591342926,0.25697609782218933,-0.697297990322113,-0.1808261275291443,-0.1391710788011551,-0.5023825168609619,-0.18840982019901276,-0.247766375541687,-0.653069794178009,-0.32461151480674744,0.33838316798210144,-0.9129138588905334,-0.259255975484848,-0.27157795429229736,-0.8716498017311096,-0.46849849820137024,0.11015665531158447,0.0007224882720038295,0.014444306492805481,-0.11038029193878174,-0.0012869266793131828,-0.013361155055463314,0.08943000435829163,0.4171577990055084,0.030954230576753616,-0.08998854458332062,0.3893839418888092,-2.832165228028316e-05,0.12264024466276169,0.7529184222221375,0.1660608947277069,-0.06724195182323456,0.732804536819458,0.14445015788078308
207,0.005005260929465294,-0.6389586329460144,-0.3122480511665344,0.1513313353061676,-0.5050532221794128,-0.13208337128162384,0.2589333653450012,-0.6968039870262146,-0.18481972813606262,-0.13915269076824188,-0.5023537278175354,-0.18792028725147247,-0.2443932145833969,-0.6530776023864746,-0.32098186016082764,0.33910825848579407,-0.9121723771095276,-0.263224720954895,-0.26745015382766724,-0.8716594576835632,-0.45559948682785034,0.11022070050239563,0.0007290985086001456,0.013887832872569561,-0.11045435816049576,-0.001291680266149342,-0.0128054553642869,0.09111027419567108,0.41677939891815186,0.027640540152788162,-0.08940485119819641,0.38984769582748413,0.001873818109743297,0.12520182132720947,0.752891480922699,0.16596348583698273,-0.06089308485388756,0.7328097224235535,0.14688901603221893
208,0.00591321149840951,-0.6375945806503296,-0.3153291642665863,0.1513175368309021,-0.5042451024055481,-0.13282062113285065,0.25895312428474426,-0.6960960626602173,-0.18399551510810852,-0.13883982598781586,-0.502200186252594,-0.19130979478359222,-0.24386553466320038,-0.6519749164581299,-0.32822051644325256,0.3413551151752472,-0.9121469259262085,-0.2618313431739807,-0.2695344090461731,-0.8712409734725952,-0.46983975172042847,0.11025835573673248,0.0007301009609363973,0.014244149439036846,-0.11049725860357285,-0.0012923626927658916,-0.013170848600566387,0.09330301731824875,0.41560399532318115,0.027452267706394196,-0.08939167857170105,0.3887518346309662,-0.0068077691830694675,0.1276908814907074,0.7515485286712646,0.16088920831680298,-0.059311844408512115,0.7328097820281982,0.135296031832695
209,0.009087484329938889,-0.6364185810089111,-0.3183118402957916,0.15017235279083252,-0.5040073990821838,-0.1346270740032196,0.2589370310306549,-0.6947962641716003,-0.18767644464969635,-0.1390163004398346,-0.5009750723838806,-0.20203308761119843,-0.24346135556697845,-0.6492701768875122,-0.345964252948761,0.3439975678920746,-0.9088658094406128,-0.269391268491745,-0.2709692120552063,-0.867315411567688,-0.487113356590271,0.11022476851940155,0.0006552758277393878,0.014914236031472683,-0.1104709655046463,-0.0012141260085627437,-0.013832149095833302,0.0934232622385025,0.41559159755706787,0.027476752176880836,-0.08819033205509186,0.38878199458122253,-0.006659936159849167,0.12914618849754333,0.7516022324562073,0.1623903214931488,-0.05939067527651787,0.7327715158462524,0.13578999042510986
210,0.003160784486681223,-0.6362466812133789,-0.3247013986110687,0.15021421015262604,-0.5024324655532837,-0.14470051229000092,0.2595817744731903,-0.6927008032798767,-0.19920340180397034,-0.1394868940114975,-0.5000933408737183,-0.20039449632167816,-0.24366074800491333,-0.6490147113800049,-0.3445838689804077,0.3434049189090729,-0.9079010486602783,-0.27802443504333496,-0.27375033497810364,-0.8668697476387024,-0.48313242197036743,0.11030127853155136,0.0006508036167360842,0.01422795932739973,-0.11055365204811096,-0.0012087515788152814,-0.013148995116353035,0.09365899860858917,0.41552314162254333,0.02718488499522209,-0.08762180060148239,0.3891134560108185,-0.0036990272346884012,0.12912528216838837,0.7515297532081604,0.1631992608308792,-0.059351637959480286,0.7330620884895325,0.1415284126996994
211,0.0003336117952130735,-0.637526273727417,-0.3182814419269562,0.15020646154880524,-0.5027907490730286,-0.14158956706523895,0.25951334834098816,-0.6927730441093445,-0.19263678789138794,-0.1399615854024887,-0.5004099011421204,-0.18743373453617096,-0.24448883533477783,-0.6493396162986755,-0.32028815150260925,0.34340551495552063,-0.908137321472168,-0.26839637756347656,-0.27375900745391846,-0.8669863939285278,-0.4579251706600189,0.11032009869813919,0.0006838740664534271,0.013331040740013123,-0.11057406663894653,-0.001239541219547391,-0.012264201417565346,0.09332165122032166,0.41572651267051697,0.02515818364918232,-0.08741739392280579,0.3899964690208435,-0.0009349496685899794,0.1291198432445526,0.7524941563606262,0.16208894550800323,-0.05918170139193535,0.7336224317550659,0.14375510811805725
212,0.0004450479755178094,-0.6355777382850647,-0.3233504891395569,0.15021252632141113,-0.5005593299865723,-0.147703617811203,0.2591906487941742,-0.689172089099884,-0.20393440127372742,-0.13980774581432343,-0.49993589520454407,-0.19021306931972504,-0.24418291449546814,-0.6504996418952942,-0.3208197355270386,0.34325551986694336,-0.903985857963562,-0.2823626399040222,-0.27366605401039124,-0.8675190210342407,-0.4576800763607025,0.11032175272703171,0.0006852242513559759,0.013016053475439548,-0.11057700216770172,-0.0012402774300426245,-0.01194990985095501,0.09317516535520554,0.41567298769950867,0.025194095447659492,-0.08722858130931854,0.3901829719543457,0.001613856409676373,0.12910468876361847,0.7523683905601501,0.16314394772052765,-0.058512017130851746,0.7335341572761536,0.14845611155033112
213,0.00020582551951520145,-0.6353448033332825,-0.3257794976234436,0.15003693103790283,-0.5005754232406616,-0.14809802174568176,0.25899767875671387,-0.6909151673316956,-0.20286966860294342,-0.13984575867652893,-0.4994224011898041,-0.19419774413108826,-0.2435275763273239,-0.6505157947540283,-0.3311462998390198,0.3438268303871155,-0.9065853953361511,-0.2796938121318817,-0.27417612075805664,-0.8675428628921509,-0.4739726781845093,0.11033198237419128,0.0006725072744302452,0.013023274019360542,-0.110589399933815,-0.0012263417011126876,-0.011959216557443142,0.09324844181537628,0.4155835211277008,0.02531423605978489,-0.08719485998153687,0.39033570885658264,0.001664062263444066,0.13058936595916748,0.7523548603057861,0.16316449642181396,-0.058443356305360794,0.7338052988052368,0.14845474064350128
214,0.0006393698859028518,-0.6352051496505737,-0.32475557923316956,0.14985360205173492,-0.500542402267456,-0.14679023623466492,0.25809192657470703,-0.6902205348014832,-0.2015034407377243,-0.13983729481697083,-0.49936771392822266,-0.19406302273273468,-0.2443629801273346,-0.650326669216156,-0.33090800046920776,0.3437351584434509,-0.9055995345115662,-0.2793731689453125,-0.2744923233985901,-0.8675071001052856,-0.472873330116272,0.11030527949333191,0.0006978697492741048,0.01304475124925375,-0.11056438088417053,-0.0012506245402619243,-0.01197962649166584,0.09236647933721542,0.41579726338386536,0.02536066621541977,-0.08751924335956573,0.3903633952140808,0.0015939823351800442,0.12928462028503418,0.7529556751251221,0.16267167031764984,-0.059570685029029846,0.7338455319404602,0.14719481766223907
215,0.0021310115698724985,-0.6345009207725525,-0.3246348202228546,0.1489732563495636,-0.5005168318748474,-0.14457030594348907,0.257056325674057,-0.6908048987388611,-0.19771626591682434,-0.13986645638942719,-0.49904969334602356,-0.19909758865833282,-0.24392801523208618,-0.6507843732833862,-0.341774046421051,0.3435782194137573,-0.9056879878044128,-0.2761821150779724,-0.27479493618011475,-0.8672342896461487,-0.48364371061325073,0.11024201661348343,0.0006945090717636049,0.014218003489077091,-0.11050288379192352,-0.0012473773676902056,-0.013135600835084915,0.09208425134420395,0.4158278703689575,0.027445537969470024,-0.08737798780202866,0.3903134763240814,0.0003636159235611558,0.12815362215042114,0.752951979637146,0.16376946866512299,-0.05963310971856117,0.7338634729385376,0.14596080780029297
216,0.00032521033426746726,-0.6360962390899658,-0.31931981444358826,0.14887365698814392,-0.5017597079277039,-0.1414714753627777,0.25696489214897156,-0.6934531331062317,-0.19189977645874023,-0.13987493515014648,-0.4999473989009857,-0.1880621612071991,-0.24411021173000336,-0.6524018049240112,-0.31346380710601807,0.3408953845500946,-0.9112722277641296,-0.26655760407447815,-0.2748216688632965,-0.8707667589187622,-0.4428994059562683,0.11019532382488251,0.0007236868259496987,0.013968006707727909,-0.11045541614294052,-0.00127323972992599,-0.012893730774521828,0.09215901046991348,0.4152217209339142,0.02895057573914528,-0.08726038783788681,0.39022451639175415,0.0005272483685985208,0.12840041518211365,0.7519919276237488,0.16393497586250305,-0.059636034071445465,0.7335968613624573,0.1461595594882965
217,0.0010115520562976599,-0.636685848236084,-0.31556206941604614,0.14807678759098053,-0.5030122399330139,-0.13027985394001007,0.257659375667572,-0.6950432658195496,-0.16736860573291779,-0.1414819210767746,-0.5002400875091553,-0.1882070004940033,-0.24763715267181396,-0.6509900689125061,-0.31414809823036194,0.34464502334594727,-0.9141159057617188,-0.24085454642772675,-0.2746996581554413,-0.8696426153182983,-0.44587084650993347,0.11018502712249756,0.0006812423234805465,0.015223104506731033,-0.11044832319021225,-0.0012298766523599625,-0.014173351228237152,0.09346185624599457,0.4147873818874359,0.03265632688999176,-0.0863225907087326,0.3901176452636719,-0.0006602770881727338,0.13035383820533752,0.7511917948722839,0.16921716928482056,-0.058678559958934784,0.733547568321228,0.14560239017009735
218,0.0004824951756745577,-0.638547956943512,-0.31148457527160645,0.14838393032550812,-0.5031630396842957,-0.1304585188627243,0.25449568033218384,-0.6910325884819031,-0.16804492473602295,-0.14168494939804077,-0.500512957572937,-0.17512859404087067,-0.25013697147369385,-0.6509044170379639,-0.29592692852020264,0.3343009352684021,-0.9070289731025696,-0.24747402966022491,-0.27538245916366577,-0.870002031326294,-0.4284093379974365,0.11032168567180634,0.0005859885131940246,0.013065850362181664,-0.11058627814054489,-0.0011371561558917165,-0.012000328861176968,0.09349461644887924,0.41536253690719604,0.027851436287164688,-0.08712997287511826,0.39202186465263367,0.004223397467285395,0.1307457536458969,0.7523511648178101,0.16626496613025665,-0.05765670910477638,0.7357965707778931,0.14830385148525238
219,0.0057587516494095325,-0.6377647519111633,-0.3116219639778137,0.14873594045639038,-0.5029498934745789,-0.12895651161670685,0.2549059987068176,-0.6892540454864502,-0.16721288859844208,-0.14132258296012878,-0.5004783272743225,-0.17900268733501434,-0.2500579059123993,-0.6476930975914001,-0.30414482951164246,0.3366588354110718,-0.9057444930076599,-0.24652743339538574,-0.2754681408405304,-0.8677634596824646,-0.4436398446559906,0.11040959507226944,0.0004896869650110602,0.013887954875826836,-0.11067798733711243,-0.0010450172703713179,-0.012811517342925072,0.09526292979717255,0.41494086384773254,0.02890673466026783,-0.08537662029266357,0.39185798168182373,0.0013908077962696552,0.1347338855266571,0.7479441165924072,0.1688258945941925,-0.055354420095682144,0.734178900718689,0.14798694849014282
220,0.006496639922261238,-0.6357951164245605,-0.31548747420310974,0.146031454205513,-0.5029601454734802,-0.1290845274925232,0.2547155022621155,-0.6920609474182129,-0.16445890069007874,-0.14207357168197632,-0.49932238459587097,-0.19620540738105774,-0.25257208943367004,-0.6448887586593628,-0.3328741788864136,0.33984681963920593,-0.9110939502716064,-0.23945479094982147,-0.27888035774230957,-0.8642357587814331,-0.47282880544662476,0.11041959375143051,0.0003149710828438401,0.015513438731431961,-0.11069321632385254,-0.0008687926456332207,-0.014421413652598858,0.09555793553590775,0.414469838142395,0.029218217357993126,-0.0854010283946991,0.3913367986679077,-0.0036294099409133196,0.13469615578651428,0.7472916841506958,0.17014937102794647,-0.055387914180755615,0.7331512570381165,0.14470984041690826
221,0.005908172111958265,-0.6352350115776062,-0.31970736384391785,0.1464727818965912,-0.5025548338890076,-0.13395430147647858,0.25514546036720276,-0.6916871070861816,-0.17304278910160065,-0.1420973390340805,-0.4980437159538269,-0.19795101881027222,-0.2539152204990387,-0.6441621780395508,-0.3324584662914276,0.3390728235244751,-0.9106569886207581,-0.2484559714794159,-0.2795916199684143,-0.8626828193664551,-0.46071961522102356,0.11043673753738403,0.0002358075580559671,0.015718646347522736,-0.11071597784757614,-0.0007885873783379793,-0.014621535316109657,0.09791499376296997,0.4136694669723511,0.029718896374106407,-0.084872305393219,0.3909827172756195,-0.0036310874857008457,0.134861022233963,0.7470365762710571,0.17249399423599243,-0.055092234164476395,0.7315835356712341,0.14555980265140533
222,0.005863352213054895,-0.636883556842804,-0.3089735507965088,0.1461137980222702,-0.5043997764587402,-0.12234965711832047,0.25564664602279663,-0.6945191621780396,-0.15655027329921722,-0.14285795390605927,-0.5020036101341248,-0.18620219826698303,-0.2560741901397705,-0.6515918374061584,-0.306755006313324,0.3416391611099243,-0.9129117131233215,-0.23035405576229095,-0.28029516339302063,-0.872004508972168,-0.42732101678848267,0.11041415482759476,0.00022759170678909868,0.015715908259153366,-0.11069480329751968,-0.0007815879071131349,-0.014621666632592678,0.09802339971065521,0.41360095143318176,0.02975035458803177,-0.08526439219713211,0.39097708463668823,-0.0024507911875844,0.13474857807159424,0.7470473051071167,0.1716674119234085,-0.054672639816999435,0.7317251563072205,0.145671084523201
223,0.007623639889061451,-0.6389970779418945,-0.3041273355484009,0.14555500447750092,-0.5061944723129272,-0.11385602504014969,0.25202587246894836,-0.6944793462753296,-0.1435823291540146,-0.14270347356796265,-0.5022127628326416,-0.18669752776622772,-0.2560264766216278,-0.6521664261817932,-0.3081914782524109,0.3354944884777069,-0.9087249040603638,-0.21905149519443512,-0.2802715301513672,-0.8717231154441833,-0.4311821460723877,0.11027218401432037,0.00017791977734304965,0.016948146745562553,-0.11056175827980042,-0.0007323162280954421,-0.01583191752433777,0.09947509318590164,0.41359275579452515,0.030891507863998413,-0.08522491157054901,0.39177653193473816,0.0008104234584607184,0.13554005324840546,0.7476123571395874,0.17661117017269135,-0.053805653005838394,0.7316058874130249,0.15104375779628754
224,0.007854546420276165,-0.6372414827346802,-0.3137756586074829,0.14500407874584198,-0.5046920776367188,-0.12413430213928223,0.2489597648382187,-0.6912617683410645,-0.16194172203540802,-0.1426992118358612,-0.5002093315124512,-0.19721075892448425,-0.2549033761024475,-0.644913375377655,-0.3356335461139679,0.33421263098716736,-0.9082645177841187,-0.24155546724796295,-0.286274254322052,-0.8618695139884949,-0.481396347284317,0.11028405278921127,0.00011532071948749945,0.017054729163646698,-0.11057394742965698,-0.0006693913019262254,-0.015933280810713768,0.0975259467959404,0.41385966539382935,0.03142818808555603,-0.08499963581562042,0.39157339930534363,-0.0009556167060509324,0.13285982608795166,0.7474595904350281,0.17645861208438873,-0.05434783920645714,0.7316019535064697,0.1503760814666748
225,0.00906119029968977,-0.6329650282859802,-0.32327932119369507,0.14499028027057648,-0.5025697946548462,-0.1324569135904312,0.25049862265586853,-0.6888000965118408,-0.16890132427215576,-0.14267367124557495,-0.4962701201438904,-0.2071419358253479,-0.2550366222858429,-0.6381736397743225,-0.34568506479263306,0.33813270926475525,-0.9063273072242737,-0.2467389851808548,-0.28725746273994446,-0.8583136200904846,-0.4884507358074188,0.11032014340162277,-3.6267625546315685e-05,0.017139777541160583,-0.11061884462833405,-0.0005183983594179153,-0.01601657085120678,0.09727010875940323,0.41394180059432983,0.03105132095515728,-0.08506696671247482,0.3916139304637909,-0.002602072199806571,0.1324005275964737,0.7475548386573792,0.1763649731874466,-0.05609197914600372,0.7318301200866699,0.14872010052204132
226,0.009057419374585152,-0.6281142234802246,-0.3345263600349426,0.1449786275625229,-0.4983232915401459,-0.14477230608463287,0.2506428062915802,-0.6851018071174622,-0.18498168885707855,-0.14266298711299896,-0.4929647147655487,-0.21288539469242096,-0.2552012503147125,-0.6359019875526428,-0.35252925753593445,0.3384677767753601,-0.9026219248771667,-0.2614738643169403,-0.28818371891975403,-0.8562694787979126,-0.49582231044769287,0.11036616563796997,-0.00010884288349188864,0.01708545908331871,-0.11066682636737823,-0.0004469104460440576,-0.015963764861226082,0.09630774706602097,0.4141900837421417,0.03129930794239044,-0.08490514755249023,0.3914962410926819,-0.0023391975555568933,0.13201569020748138,0.7475395798683167,0.17666055262088776,-0.05602848157286644,0.7316737771034241,0.1504201591014862
227,0.008230837993323803,-0.6283543109893799,-0.3337983191013336,0.14497163891792297,-0.4983814060688019,-0.14376763999462128,0.250274658203125,-0.6851130723953247,-0.18516241014003754,-0.14304934442043304,-0.4930344521999359,-0.20877857506275177,-0.25744330883026123,-0.636135995388031,-0.3414795994758606,0.3370177149772644,-0.902337908744812,-0.26361170411109924,-0.2884817123413086,-0.8566820621490479,-0.4791416525840759,0.1104358658194542,-0.00015267965500243008,0.016429347917437553,-0.11074235290288925,-0.0004056192410644144,-0.015303971245884895,0.09625253826379776,0.414258748292923,0.030952811241149902,-0.08543948829174042,0.39157360792160034,-5.589973443420604e-05,0.13152633607387543,0.7477177977561951,0.176797553896904,-0.057160429656505585,0.7316655516624451,0.15258151292800903
228,0.008221803233027458,-0.6295881271362305,-0.31423133611679077,0.14528189599514008,-0.4993824362754822,-0.13152016699314117,0.2474581003189087,-0.6850411295890808,-0.1844385862350464,-0.14246055483818054,-0.4936007261276245,-0.18312852084636688,-0.2532462179660797,-0.6366757750511169,-0.31957918405532837,0.330532044172287,-0.9004395604133606,-0.267640620470047,-0.28879809379577637,-0.8602442145347595,-0.4685474634170532,0.11045864969491959,-0.00011087844177382067,0.015933645889163017,-0.11075734347105026,-0.0004512104787863791,-0.014812127687036991,0.09123176336288452,0.41747477650642395,0.030106818303465843,-0.08662936836481094,0.39173513650894165,-0.0004980433732271194,0.12698350846767426,0.7527734041213989,0.16172738373279572,-0.05836990103125572,0.735616147518158,0.14365234971046448
229,0.006739742122590542,-0.6302663683891296,-0.3051411509513855,0.14396019279956818,-0.4999849796295166,-0.1158190369606018,0.24739302694797516,-0.6850674748420715,-0.14952608942985535,-0.14350591599941254,-0.4946056008338928,-0.17977312207221985,-0.25489675998687744,-0.6370187401771545,-0.3154202699661255,0.3329428732395172,-0.9004313945770264,-0.2244517207145691,-0.2900986075401306,-0.8606147766113281,-0.4644891321659088,0.11034146696329117,2.7170668545295484e-05,0.016499800607562065,-0.1106322705745697,-0.0005936159868724644,-0.015395577996969223,0.08920358866453171,0.4186691343784332,0.030776508152484894,-0.0867508053779602,0.39161017537117004,-0.0023157401010394096,0.12349776178598404,0.754889726638794,0.1605532467365265,-0.06005936115980148,0.7363684773445129,0.13721147179603577
230,0.006300574168562889,-0.6304207444190979,-0.3140523433685303,0.14462454617023468,-0.49975132942199707,-0.1307523548603058,0.24741505086421967,-0.6841665506362915,-0.18487486243247986,-0.1435123085975647,-0.4937015771865845,-0.188274547457695,-0.25425347685813904,-0.6370641589164734,-0.32340800762176514,0.33082666993141174,-0.900432825088501,-0.27386513352394104,-0.2923782467842102,-0.8595145344734192,-0.4702170491218567,0.11044285446405411,4.4202474782650825e-06,0.016222618520259857,-0.11073832213878632,-0.0005701403133571148,-0.015127134509384632,0.08791040629148483,0.41958799958229065,0.030777743086218834,-0.08728350698947906,0.39164766669273376,-0.0014857229543849826,0.12241096794605255,0.7551507353782654,0.16395853459835052,-0.0615069642663002,0.7361792922019958,0.14261028170585632
231,0.005606240592896938,-0.630622923374176,-0.311154842376709,0.14180445671081543,-0.5012585520744324,-0.12298280000686646,0.2457103729248047,-0.6888234615325928,-0.16036392748355865,-0.1453293263912201,-0.49390602111816406,-0.18808209896087646,-0.2571845054626465,-0.6376504302024841,-0.32354775071144104,0.33159688115119934,-0.9043369889259338,-0.235128715634346,-0.29244500398635864,-0.8605581521987915,-0.4701792001724243,0.1103307232260704,1.246765623363899e-05,0.016723936423659325,-0.11062142252922058,-0.0005783250671811402,-0.015635162591934204,0.08769029378890991,0.41962262988090515,0.03116464428603649,-0.08761826902627945,0.39156389236450195,-0.0024021482095122337,0.12220197170972824,0.7554846405982971,0.16182081401348114,-0.0619719922542572,0.7364007234573364,0.1379420906305313
232,0.005689468700438738,-0.6307316422462463,-0.31850922107696533,0.14522463083267212,-0.5005083680152893,-0.1361527442932129,0.24606530368328094,-0.6859482526779175,-0.19053617119789124,-0.1443237066268921,-0.4928883910179138,-0.19160500168800354,-0.25380778312683105,-0.6369718909263611,-0.32638058066368103,0.32947227358818054,-0.9032650589942932,-0.2786065340042114,-0.29215124249458313,-0.8592276573181152,-0.47277185320854187,0.11049944907426834,-3.604451922001317e-05,0.01647528074681759,-0.11079487204551697,-0.0005304284277372062,-0.015395015478134155,0.08809398859739304,0.41994646191596985,0.030890753492712975,-0.08763229101896286,0.39177125692367554,-0.0011757032480090857,0.12223756313323975,0.7557322978973389,0.1648590862751007,-0.06198367848992348,0.7363926768302917,0.14389249682426453
233,0.00473217386752367,-0.6302741765975952,-0.3210001587867737,0.14097879827022552,-0.5003268718719482,-0.13578718900680542,0.2451503425836563,-0.6864884495735168,-0.1850803643465042,-0.1453658640384674,-0.491615891456604,-0.19941197335720062,-0.25616326928138733,-0.6355565190315247,-0.34408095479011536,0.3308919668197632,-0.9041095972061157,-0.2659839391708374,-0.2933286726474762,-0.8586136102676392,-0.4935878813266754,0.11035557836294174,-7.962055678945035e-05,0.017508307471871376,-0.11065439879894257,-0.0004832435224670917,-0.016445474699139595,0.08869721740484238,0.41936981678009033,0.03306083753705025,-0.08779700100421906,0.38981276750564575,-0.013013624586164951,0.12360044568777084,0.755534291267395,0.16161400079727173,-0.0617520771920681,0.7362620234489441,0.12609410285949707
234,0.004713997710496187,-0.6303603053092957,-0.32170796394348145,0.1419031172990799,-0.5002829432487488,-0.13588109612464905,0.2476293444633484,-0.6875994801521301,-0.18427243828773499,-0.14456988871097565,-0.49075624346733093,-0.20308257639408112,-0.25391945242881775,-0.6354195475578308,-0.3508734107017517,0.3317421078681946,-0.9055004715919495,-0.26123905181884766,-0.29314175248146057,-0.8561429977416992,-0.5023279190063477,0.11037008464336395,-0.00014762334467377514,0.01785459741950035,-0.11067366600036621,-0.0004111016169190407,-0.016786400228738785,0.08921477198600769,0.4193419814109802,0.03166940063238144,-0.08802169561386108,0.3898305892944336,-0.012371235527098179,0.12251253426074982,0.7555367946624756,0.16434384882450104,-0.0630037933588028,0.7354589104652405,0.12992672622203827
235,0.003551151603460312,-0.6309530735015869,-0.31578588485717773,0.14177967607975006,-0.501105010509491,-0.12833614647388458,0.2478225827217102,-0.6882156729698181,-0.16879180073738098,-0.14536377787590027,-0.4915313422679901,-0.19780923426151276,-0.2540871798992157,-0.6361629962921143,-0.340088814496994,0.33362069725990295,-0.9055079221725464,-0.24363702535629272,-0.2931326925754547,-0.8569965362548828,-0.4863146245479584,0.11035732924938202,-0.00016049685655161738,0.017974942922592163,-0.11066168546676636,-0.00039746228139847517,-0.016916314139962196,0.08904284983873367,0.4196107089519501,0.03169093653559685,-0.08805182576179504,0.3902328908443451,-0.011942027136683464,0.1226925253868103,0.7566027045249939,0.16269874572753906,-0.06286288052797318,0.7372840046882629,0.12937159836292267
236,0.004259469453245401,-0.6310581564903259,-0.31303369998931885,0.14193227887153625,-0.5011537671089172,-0.12583547830581665,0.24782197177410126,-0.6878496408462524,-0.1684415191411972,-0.1453491896390915,-0.49213841557502747,-0.19377855956554413,-0.2545163333415985,-0.6369918584823608,-0.3310466706752777,0.33253607153892517,-0.9040071964263916,-0.24562828242778778,-0.2963407039642334,-0.8581294417381287,-0.476437509059906,0.11037659645080566,-0.00018220531637780368,0.01787802018225193,-0.11067986488342285,-0.00037704227725043893,-0.01681588962674141,0.08844141662120819,0.4200425148010254,0.030334340408444405,-0.08807601034641266,0.39045923948287964,-0.010346891358494759,0.12238716334104538,0.756693422794342,0.16207283735275269,-0.06119730323553085,0.737258791923523,0.13074317574501038
237,0.004326693248003721,-0.6311795115470886,-0.31451958417892456,0.14236439764499664,-0.5014127492904663,-0.1270734965801239,0.24782457947731018,-0.689719557762146,-0.16831877827644348,-0.14518578350543976,-0.4925301671028137,-0.19401775300502777,-0.2545379102230072,-0.6390364170074463,-0.3311961889266968,0.33314481377601624,-0.9060652256011963,-0.24367882311344147,-0.2950923442840576,-0.860957682132721,-0.4761672616004944,0.11038123816251755,-0.00016575329937040806,0.017241595312952995,-0.11068465560674667,-0.0003930036327801645,-0.01619182527065277,0.08853968977928162,0.4200560748577118,0.02950914204120636,-0.08803004771471024,0.390563428401947,-0.006842979229986668,0.12370486557483673,0.756870687007904,0.16152887046337128,-0.05932227894663811,0.7371821403503418,0.13535089790821075
238,0.0028470903635025024,-0.630864143371582,-0.319856196641922,0.14225314557552338,-0.5011944770812988,-0.1304224729537964,0.24741394817829132,-0.6901265978813171,-0.16930586099624634,-0.14542998373508453,-0.49222099781036377,-0.1958741396665573,-0.2559340000152588,-0.6390485763549805,-0.33373549580574036,0.33298459649086,-0.9069636464118958,-0.2439512312412262,-0.2950531840324402,-0.8609915971755981,-0.4787288010120392,0.11036927998065948,-0.0001537292991997674,0.01723555661737919,-0.11067228764295578,-0.00040547698154114187,-0.016185514628887177,0.08829697966575623,0.4201218783855438,0.03067043051123619,-0.08804132789373398,0.39058709144592285,-0.0064529916271567345,0.12341363728046417,0.7569878697395325,0.1615234911441803,-0.05941963195800781,0.7374669909477234,0.13550329208374023
239,0.004972919821739197,-0.6320886611938477,-0.3166349530220032,0.14235788583755493,-0.5020818710327148,-0.12669362127780914,0.2472028136253357,-0.6912060379981995,-0.16219007968902588,-0.14502502977848053,-0.4924258589744568,-0.19620437920093536,-0.2560496926307678,-0.6417221426963806,-0.3343224823474884,0.3331320285797119,-0.9071475863456726,-0.23787496984004974,-0.2946825623512268,-0.8625257611274719,-0.4787544310092926,0.11038283258676529,-0.0003158658219035715,0.01769673451781273,-0.11069241911172867,-0.0002408844738965854,-0.016650626435875893,0.08896788954734802,0.419930100440979,0.03113803267478943,-0.08812381327152252,0.391061931848526,-0.006600706372410059,0.1259763538837433,0.7560148239135742,0.16661834716796875,-0.05898252874612808,0.737301230430603,0.13564032316207886
240,0.0037831116933375597,-0.6329017877578735,-0.31498241424560547,0.14275884628295898,-0.5020885467529297,-0.12566620111465454,0.2519127130508423,-0.6914269924163818,-0.16205120086669922,-0.14466015994548798,-0.4955006539821625,-0.19161778688430786,-0.2556060552597046,-0.6459596753120422,-0.32110556960105896,0.3348298966884613,-0.9097772836685181,-0.23784637451171875,-0.2946758568286896,-0.8659855127334595,-0.4602043628692627,0.11016061902046204,-0.00019283281289972365,0.017997097223997116,-0.11046209186315536,-0.0003602609212975949,-0.016958927735686302,0.08941801637411118,0.41898396611213684,0.03900161758065224,-0.08757530897855759,0.3898564875125885,-0.008573613129556179,0.1271204948425293,0.7538671493530273,0.16828085482120514,-0.05890496447682381,0.7368642687797546,0.133184015750885
241,0.005292363930493593,-0.636953592300415,-0.30852288007736206,0.14388439059257507,-0.5043256282806396,-0.1204756647348404,0.2526954114437103,-0.6930174231529236,-0.15516546368598938,-0.1441470980644226,-0.4975474178791046,-0.18851475417613983,-0.25562795996665955,-0.6460382342338562,-0.317626953125,0.3371630609035492,-0.9108917117118835,-0.22829803824424744,-0.29458966851234436,-0.8659629225730896,-0.45271286368370056,0.11011236160993576,8.932318564802699e-07,0.01811366155743599,-0.11041173338890076,-0.0005510462797246873,-0.017076699063181877,0.08945349603891373,0.41826319694519043,0.038962651044130325,-0.08757945895195007,0.38943517208099365,-0.008321059867739677,0.12506644427776337,0.7536804676055908,0.1670132726430893,-0.06017293408513069,0.7360209226608276,0.1331988424062729
242,0.0063680801540613174,-0.6396264433860779,-0.2988044321537018,0.14374171197414398,-0.5073280334472656,-0.11303237080574036,0.25263288617134094,-0.6940537691116333,-0.14964593946933746,-0.14414019882678986,-0.5012661814689636,-0.18557460606098175,-0.25342363119125366,-0.6481677889823914,-0.31793466210365295,0.3388559818267822,-0.9105246663093567,-0.22471699118614197,-0.29226985573768616,-0.8670098781585693,-0.4542292654514313,0.11008545756340027,-1.894629531307146e-05,0.01821092702448368,-0.11038246750831604,-0.0005290965782478452,-0.01716867834329605,0.09177001565694809,0.4166658818721771,0.03697177767753601,-0.0868852362036705,0.3895399272441864,-0.008178315125405788,0.13187243044376373,0.7520551085472107,0.16648522019386292,-0.05858952924609184,0.7355639338493347,0.13370585441589355
243,0.005946140270680189,-0.6382466554641724,-0.3008616268634796,0.14397017657756805,-0.5054159164428711,-0.12129655480384827,0.2502959966659546,-0.6860204339027405,-0.17927338182926178,-0.14416228234767914,-0.4990411102771759,-0.1854543834924698,-0.25336578488349915,-0.6420682668685913,-0.3169095814228058,0.3329516351222992,-0.9002709984779358,-0.2750123143196106,-0.2915895879268646,-0.8622032403945923,-0.454147070646286,0.11028870940208435,-3.746822403627448e-05,0.01678544096648693,-0.11058848351240158,-0.0005110240890644491,-0.01571011170744896,0.09154053032398224,0.416827917098999,0.026112886145710945,-0.08851355314254761,0.3905864357948303,-0.004859603941440582,0.1314460188150406,0.7518733143806458,0.1649889200925827,-0.05858669802546501,0.7354519963264465,0.14003871381282806
244,0.004963413812220097,-0.6394345760345459,-0.295858234167099,0.14404712617397308,-0.5065503120422363,-0.11459364742040634,0.2507128417491913,-0.6874527335166931,-0.15959295630455017,-0.14423298835754395,-0.5021692514419556,-0.17448094487190247,-0.2530577480792999,-0.6457054018974304,-0.29751676321029663,0.3351719379425049,-0.9029715061187744,-0.24168600142002106,-0.2908875644207001,-0.8685606122016907,-0.4298422634601593,0.11028996855020523,-3.9450683289032895e-06,0.016493814066052437,-0.11058863997459412,-0.0005457804654724896,-0.01541934721171856,0.09286975115537643,0.4165031313896179,0.026361122727394104,-0.0883253738284111,0.3908270001411438,-0.003719425993040204,0.13283658027648926,0.7510449290275574,0.16481128334999084,-0.058249350637197495,0.7354812622070312,0.14059479534626007
245,0.004484561737626791,-0.6384680867195129,-0.2988485097885132,0.143945574760437,-0.5064021348953247,-0.11722208559513092,0.25017040967941284,-0.6877074837684631,-0.16137807071208954,-0.1443864107131958,-0.5018607378005981,-0.17491595447063446,-0.25317320227622986,-0.6449390649795532,-0.29853346943855286,0.3339022994041443,-0.9032195806503296,-0.24201686680316925,-0.2908444106578827,-0.8684539794921875,-0.43214359879493713,0.11030203104019165,-4.6172249312803615e-06,0.016421005129814148,-0.11059897392988205,-0.0005454878555610776,-0.015347416512668133,0.09285979717969894,0.4163047969341278,0.02654550038278103,-0.08852121978998184,0.39073559641838074,-0.003692595288157463,0.13176614046096802,0.7502438426017761,0.16476333141326904,-0.05886106565594673,0.734653651714325,0.1406012773513794
246,0.004825104959309101,-0.6353336572647095,-0.3132230341434479,0.14587827026844025,-0.502341091632843,-0.13085664808750153,0.25255632400512695,-0.6815130114555359,-0.17617478966712952,-0.1432984471321106,-0.500188946723938,-0.18374592065811157,-0.25089627504348755,-0.6404396891593933,-0.3077920079231262,0.33685994148254395,-0.9000659584999084,-0.2582136392593384,-0.2872537672519684,-0.8635188341140747,-0.44775158166885376,0.11042238026857376,-3.157906394335441e-05,0.016290010884404182,-0.11072273552417755,-0.0005193377728573978,-0.015214996412396431,0.09518697112798691,0.4160100221633911,0.026572030037641525,-0.08820175379514694,0.3907272517681122,-0.00395225640386343,0.13466180860996246,0.7492823600769043,0.166079580783844,-0.05833685025572777,0.7338775396347046,0.14159920811653137
247,0.0026765484362840652,-0.6360700130462646,-0.3080350160598755,0.1449502408504486,-0.5033568739891052,-0.1261986643075943,0.25241175293922424,-0.6855220794677734,-0.16782450675964355,-0.1452234387397766,-0.5001979470252991,-0.18172936141490936,-0.2534341514110565,-0.6411008238792419,-0.308211088180542,0.33860477805137634,-0.9036272168159485,-0.2430918961763382,-0.288909912109375,-0.8635393977165222,-0.44800102710723877,0.11044955998659134,-0.00010704182932386175,0.016498858109116554,-0.11074967682361603,-0.00044345390051603317,-0.01542164571583271,0.09518884867429733,0.4156147539615631,0.027933167293667793,-0.08828245103359222,0.3905508816242218,-0.004946259316056967,0.13409285247325897,0.7485044002532959,0.16765227913856506,-0.059077028185129166,0.7334389090538025,0.14087286591529846
248,0.003342081094160676,-0.6358709931373596,-0.31407105922698975,0.14779281616210938,-0.5019184350967407,-0.13106364011764526,0.25297385454177856,-0.6830188632011414,-0.176020085811615,-0.14287395775318146,-0.49660009145736694,-0.1847388595342636,-0.2535417377948761,-0.6336042881011963,-0.3167673647403717,0.33591628074645996,-0.9010433554649353,-0.2578831911087036,-0.28898173570632935,-0.8539074063301086,-0.4644846022129059,0.11060357093811035,-0.00012812516069971025,0.01644393615424633,-0.11090722680091858,-0.00042233828571625054,-0.015366576611995697,0.09390868246555328,0.4166792929172516,0.02801007777452469,-0.08882211148738861,0.3908282518386841,-0.004900000058114529,0.1299384981393814,0.7495797276496887,0.1682654619216919,-0.06011165678501129,0.7337309122085571,0.1419152319431305
249,0.006819041911512613,-0.6349228620529175,-0.3141215741634369,0.14301355183124542,-0.5018416047096252,-0.12394782900810242,0.2523420751094818,-0.6842836141586304,-0.15945683419704437,-0.1423327624797821,-0.4970633089542389,-0.20068159699440002,-0.251045286655426,-0.6412085294723511,-0.3533083498477936,0.33927223086357117,-0.9011020064353943,-0.2381463497877121,-0.29152488708496094,-0.8584992289543152,-0.5102342367172241,0.10995560884475708,-8.043942943913862e-05,0.019834833219647408,-0.11025465279817581,-0.00046968465903773904,-0.018739258870482445,0.09356088936328888,0.4166613817214966,0.031350038945674896,-0.08787047863006592,0.3890033960342407,-0.02052031084895134,0.13053081929683685,0.750378429889679,0.16383549571037292,-0.05667249113321304,0.7337157130241394,0.11840077489614487
250,0.00457081338390708,-0.6346748471260071,-0.31629765033721924,0.14624658226966858,-0.5006800293922424,-0.13121986389160156,0.25486448407173157,-0.6837929487228394,-0.17544367909431458,-0.14212043583393097,-0.49675923585891724,-0.1929198056459427,-0.251027911901474,-0.6411933898925781,-0.3279670476913452,0.3392265737056732,-0.9010998010635376,-0.2544538676738739,-0.29138559103012085,-0.8591424226760864,-0.47889119386672974,0.11019446700811386,-0.0001556134520797059,0.018605820834636688,-0.11049759387969971,-0.000397779542254284,-0.017519403249025345,0.09359985589981079,0.41671597957611084,0.03142714127898216,-0.08778376877307892,0.3889789283275604,-0.01662474125623703,0.13038267195224762,0.7503807544708252,0.16675947606563568,-0.056718047708272934,0.733079195022583,0.12804263830184937
251,0.004439324140548706,-0.6346038579940796,-0.3134152591228485,0.14571528136730194,-0.5016990900039673,-0.12403737008571625,0.2548272907733917,-0.687592089176178,-0.15860912203788757,-0.14273591339588165,-0.4979076385498047,-0.18722319602966309,-0.25644567608833313,-0.6419867277145386,-0.3204794228076935,0.3392195999622345,-0.9042581915855408,-0.23364943265914917,-0.29980581998825073,-0.8602192997932434,-0.4754285216331482,0.11019013822078705,-0.00016456673620268703,0.01866537518799305,-0.1104898452758789,-0.0003898947616107762,-0.017584139481186867,0.09437523782253265,0.41645073890686035,0.03212827071547508,-0.08765868097543716,0.38856279850006104,-0.016445837914943695,0.13106651604175568,0.7495002746582031,0.16588976979255676,-0.056987423449754715,0.7329627275466919,0.12648585438728333
252,0.005617779679596424,-0.6373067498207092,-0.3012179136276245,0.1503935158252716,-0.5044141411781311,-0.11574332416057587,0.25796419382095337,-0.6885679960250854,-0.1528356522321701,-0.14135926961898804,-0.49925297498703003,-0.162827730178833,-0.25689077377319336,-0.6429586410522461,-0.2858333885669708,0.3388606607913971,-0.904288649559021,-0.2291492372751236,-0.29950249195098877,-0.863534688949585,-0.4344189763069153,0.11032494157552719,-0.00015998138405848294,0.017983805388212204,-0.11061494052410126,-0.00039673715946264565,-0.016892017796635628,0.0934356302022934,0.4171578884124756,0.03388794884085655,-0.08648189157247543,0.38850685954093933,-0.014921576716005802,0.12917526066303253,0.7504538297653198,0.16623692214488983,-0.05798972025513649,0.7330051064491272,0.12676435708999634
253,0.004214271903038025,-0.637272298336029,-0.30073538422584534,0.14801831543445587,-0.5037462115287781,-0.11487247049808502,0.25750505924224854,-0.6880096197128296,-0.15262719988822937,-0.14212308824062347,-0.49905598163604736,-0.1634019911289215,-0.2637113928794861,-0.6429771780967712,-0.2910950779914856,0.3389018774032593,-0.9024704098701477,-0.22943389415740967,-0.30306899547576904,-0.8634055852890015,-0.44190341234207153,0.11023630201816559,-0.0001599139504833147,0.017885152250528336,-0.11051759123802185,-0.00039865021244622767,-0.016797635704278946,0.09279876947402954,0.4168766140937805,0.03405274823307991,-0.08867216855287552,0.38636717200279236,-0.018653392791748047,0.12895707786083221,0.7503042221069336,0.16223736107349396,-0.06055339798331261,0.7329552173614502,0.1199793592095375
254,0.006521469913423061,-0.6406709551811218,-0.2843727767467499,0.1541987657546997,-0.5039092302322388,-0.09991759061813354,0.26978984475135803,-0.6849223971366882,-0.12830056250095367,-0.1421280950307846,-0.4999677538871765,-0.14305143058300018,-0.27078065276145935,-0.6443834900856018,-0.25129982829093933,0.34344807267189026,-0.8964639902114868,-0.19974946975708008,-0.30322325229644775,-0.8653846383094788,-0.381958931684494,0.11047137528657913,-0.00015827872266527265,0.017004769295454025,-0.11074505001306534,-0.0004036378813907504,-0.01593051292002201,0.09281014651060104,0.41698727011680603,0.033898964524269104,-0.0889623835682869,0.388088583946228,0.0010363589972257614,0.12865272164344788,0.7511864304542542,0.16739140450954437,-0.0584050789475441,0.7329407930374146,0.1450723260641098
255,0.004480536561459303,-0.643519937992096,-0.25322917103767395,0.15424680709838867,-0.5076998472213745,-0.06470280140638351,0.2757445275783539,-0.6849541068077087,-0.07743508368730545,-0.14514003694057465,-0.5004348754882812,-0.10862040519714355,-0.28912442922592163,-0.645626962184906,-0.19829079508781433,0.34519705176353455,-0.8965518474578857,-0.14295119047164917,-0.30869007110595703,-0.8687078952789307,-0.3149500787258148,0.110405333340168,-9.950150706572458e-05,0.016230132430791855,-0.11068163067102432,-0.0004685956228058785,-0.015186716802418232,0.09280169755220413,0.4167923033237457,0.03633660823106766,-0.09236277639865875,0.38831594586372375,0.006190032698214054,0.1287529319524765,0.7526683211326599,0.16401058435440063,-0.06295065581798553,0.7365124821662903,0.14393289387226105
256,0.004467981401830912,-0.6479241847991943,-0.21132990717887878,0.16020022332668304,-0.5110417008399963,-0.029852699488401413,0.29794788360595703,-0.6841685771942139,-0.041527025401592255,-0.14610324800014496,-0.5036668181419373,-0.0563461109995842,-0.2949858605861664,-0.65573650598526,-0.10600823909044266,0.35676199197769165,-0.8946647047996521,-0.09917083382606506,-0.31003203988075256,-0.8798972368240356,-0.1881842315196991,0.11040104180574417,0.00011324988736305386,0.01281492505222559,-0.11067590862512589,-0.0006863760645501316,-0.01182184275239706,0.09123309701681137,0.41703033447265625,0.03639718517661095,-0.09232132136821747,0.3880133032798767,0.012676001526415348,0.12411978095769882,0.7578008770942688,0.1600096970796585,-0.06298337131738663,0.7365010380744934,0.14273719489574432
257,0.0030156997963786125,-0.6535975337028503,-0.14569544792175293,0.16324053704738617,-0.514380693435669,0.030907901003956795,0.30966928601264954,-0.6588626503944397,0.02379591576755047,-0.1464543640613556,-0.5053085088729858,0.01885858178138733,-0.2995198667049408,-0.6434788107872009,-0.011855683289468288,0.36076444387435913,-0.8721259236335754,-0.026851115748286247,-0.3147547245025635,-0.8657116293907166,-0.1054118350148201,0.11045950651168823,0.00018090280354954302,0.009873577393591404,-0.1107141450047493,-0.0007566181593574584,-0.008818612433969975,0.09163136035203934,0.41615259647369385,0.030819963663816452,-0.09421492367982864,0.3875754773616791,0.011447320692241192,0.12448255717754364,0.758388340473175,0.1417224258184433,-0.06306389719247818,0.7365233302116394,0.12319167703390121
258,0.0038592603523284197,-0.657669723033905,-0.12322357296943665,0.17158080637454987,-0.5158717632293701,0.039780475199222565,0.3255132734775543,-0.6244887709617615,0.008755721151828766,-0.142520010471344,-0.5053994059562683,0.05782231688499451,-0.3041015863418579,-0.6332911252975464,0.05481526255607605,0.36157551407814026,-0.8370415568351746,-0.06349185854196548,-0.3213348984718323,-0.8487638235092163,-0.013385903090238571,0.11046521365642548,0.00019755288667511195,0.004980925004929304,-0.11070844531059265,-0.0007726975018158555,-0.00398037675768137,0.096548892557621,0.41550886631011963,0.0075649539940059185,-0.09419060498476028,0.3871369957923889,0.010613877326250076,0.12473118305206299,0.7599427700042725,0.11539175361394882,-0.06427628546953201,0.73643559217453,0.11188073456287384
259,0.010709883645176888,-0.6579411029815674,-0.12678644061088562,0.1754959374666214,-0.5141729116439819,0.04708915948867798,0.3379945158958435,-0.595601499080658,0.021769259124994278,-0.13933521509170532,-0.50166916847229,0.058853503316640854,-0.31446173787117004,-0.6158574223518372,0.06369384378194809,0.36707383394241333,-0.8110805749893188,-0.05661246180534363,-0.32234111428260803,-0.8332892656326294,0.003611787920817733,0.11045584827661514,0.00026713236002251506,0.0037585911341011524,-0.11068563908338547,-0.0008337930776178837,-0.002794259460642934,0.09729035198688507,0.41649019718170166,0.004603315144777298,-0.09330734610557556,0.3872464895248413,0.009982462972402573,0.12570199370384216,0.7617689967155457,0.11767185479402542,-0.06429055333137512,0.7365584373474121,0.11330118030309677
260,0.015950722619891167,-0.6615661978721619,-0.143281489610672,0.1787624955177307,-0.5142527222633362,0.03166917338967323,0.3514889180660248,-0.5676484107971191,0.008487589657306671,-0.13735094666481018,-0.5016142129898071,0.04692930355668068,-0.3247821033000946,-0.5836512446403503,0.06583431363105774,0.3788846731185913,-0.765773594379425,-0.11774555593729019,-0.3325985074043274,-0.7823407649993896,0.01509387232363224,0.11046020686626434,0.0005407760618254542,0.0010769583750516176,-0.1106819361448288,-0.0010907698888331652,-0.0001668457844061777,0.09730108827352524,0.417984277009964,-0.0036510878708213568,-0.09304817765951157,0.3892465829849243,0.013405458070337772,0.12667731940746307,0.7629572153091431,0.11958545446395874,-0.06366568058729172,0.7368122339248657,0.12195334583520889
261,0.015528508462011814,-0.6641716361045837,-0.1651293784379959,0.1800832748413086,-0.5135796666145325,0.010885794647037983,0.3607599139213562,-0.5409084558486938,-0.04451761022210121,-0.13737599551677704,-0.501570463180542,0.03466256707906723,-0.3432597517967224,-0.5506323575973511,0.04183625802397728,0.3878181278705597,-0.7083248496055603,-0.17328719794750214,-0.33531296253204346,-0.7167321443557739,-0.025862829759716988,0.11038559675216675,0.001299808849580586,-0.0007870616391301155,-0.11057836562395096,-0.0018399783875793219,0.0016342219896614552,0.09731475263834,0.4207829535007477,-0.0030147188808768988,-0.09286575019359589,0.3909054696559906,0.01928645744919777,0.13050255179405212,0.7656958103179932,0.12373317778110504,-0.0636172965168953,0.7381060123443604,0.1379925012588501
262,0.010138859041035175,-0.6639661192893982,-0.17441079020500183,0.18060800433158875,-0.5098003149032593,0.003821211401373148,0.35756558179855347,-0.5006531476974487,-0.06981302052736282,-0.13677188754081726,-0.49913063645362854,0.029917698353528976,-0.34049999713897705,-0.5093836188316345,0.03130020573735237,0.38781261444091797,-0.6554788947105408,-0.2140268236398697,-0.33675462007522583,-0.6628006100654602,-0.04267391934990883,0.11025133728981018,0.0017821546643972397,-0.0017845106776803732,-0.11042343080043793,-0.0023338014725595713,0.0025675178039819,0.09711868315935135,0.4213706851005554,-0.002938267309218645,-0.09282328188419342,0.3928202986717224,0.018903084099292755,0.13095301389694214,0.7676107287406921,0.12417405843734741,-0.0637449100613594,0.7430176138877869,0.13745194673538208
263,0.005860424600541592,-0.6592743396759033,-0.20281940698623657,0.1803424060344696,-0.5035954713821411,-0.011177082546055317,0.35461705923080444,-0.44535738229751587,-0.1087702214717865,-0.13740766048431396,-0.4972975552082062,0.002068385249003768,-0.33786338567733765,-0.4488987922668457,-0.07009757310152054,0.38423991203308105,-0.5678097605705261,-0.28185638785362244,-0.3217476010322571,-0.5728115439414978,-0.2398071587085724,0.10995350778102875,0.001967610092833638,-0.00173334835562855,-0.1100664883852005,-0.0025322437286376953,0.00250751874409616,0.09699489176273346,0.42167016863822937,-0.002254219027236104,-0.09278620779514313,0.39643555879592896,0.019041011109948158,0.13054591417312622,0.7677042484283447,0.13141819834709167,-0.06376367807388306,0.7489526867866516,0.14090761542320251
264,0.002813148545101285,-0.6554149985313416,-0.2103344053030014,0.18002234399318695,-0.49455639719963074,-0.010707823559641838,0.35961854457855225,-0.4038679301738739,-0.10789424926042557,-0.1416812688112259,-0.4933389127254486,-0.008907987736165524,-0.3320329785346985,-0.3960443139076233,-0.09295858442783356,0.3886379599571228,-0.5191826224327087,-0.2891484200954437,-0.32219934463500977,-0.49547240138053894,-0.29030874371528625,0.10996966063976288,0.002170742955058813,-0.000972880981862545,-0.1100628525018692,-0.0027605202049016953,0.001761673134751618,0.0938253253698349,0.42456021904945374,0.001356366090476513,-0.09404926747083664,0.39645445346832275,0.012871777638792992,0.12842802703380585,0.7677736878395081,0.14993609488010406,-0.06246766075491905,0.7491335868835449,0.14229744672775269
265,0.002129282569512725,-0.6486940383911133,-0.20777226984500885,0.17985543608665466,-0.4943068027496338,-0.005830068141222,0.3561854362487793,-0.3786601126194,-0.11046213656663895,-0.1426735520362854,-0.4902367889881134,-0.010160970501601696,-0.30845195055007935,-0.3566983640193939,-0.10937011241912842,0.3864673972129822,-0.4681832194328308,-0.3219072222709656,-0.30634868144989014,-0.43864911794662476,-0.33997923135757446,0.11006428301334381,0.0022188490256667137,0.0004315233964007348,-0.11012062430381775,-0.002808535238727927,0.0004204464494250715,0.09228680282831192,0.42502322793006897,0.0012924188049510121,-0.09581957012414932,0.39647504687309265,0.0018576540751382709,0.12416720390319824,0.7677608132362366,0.14905963838100433,-0.061791736632585526,0.7531140446662903,0.1337253302335739
266,0.0006416717078536749,-0.6436052322387695,-0.20735794305801392,0.178646981716156,-0.4941578209400177,-3.6069694033358246e-05,0.3371564745903015,-0.36141932010650635,-0.11137404292821884,-0.14601148664951324,-0.48895546793937683,-0.00921668391674757,-0.29646703600883484,-0.3286934196949005,-0.11467856168746948,0.38035809993743896,-0.43775203824043274,-0.34504038095474243,-0.2885100245475769,-0.38682153820991516,-0.36128300428390503,0.11037479341030121,0.002005539834499359,0.0017699990421533585,-0.11039209365844727,-0.0026136492379009724,-0.0008661338360980153,0.09314491599798203,0.4242122173309326,-0.0037604616954922676,-0.09531813859939575,0.39637261629104614,-0.007344174664467573,0.12627486884593964,0.7646916508674622,0.14490000903606415,-0.058948226273059845,0.755574643611908,0.12559698522090912
267,0.0008370522991754115,-0.6375607848167419,-0.20593827962875366,0.1764155924320221,-0.4920385777950287,0.009688235819339752,0.31757983565330505,-0.3360135555267334,-0.10820004343986511,-0.1532963663339615,-0.4870758652687073,-0.011414776556193829,-0.28655046224594116,-0.30519887804985046,-0.1179741770029068,0.3729652166366577,-0.3817096948623657,-0.3559085726737976,-0.28314587473869324,-0.3193944990634918,-0.36626681685447693,0.11095663905143738,0.001656046137213707,0.0036941522266715765,-0.11093485355377197,-0.0022770159412175417,-0.0027793473564088345,0.09529639780521393,0.4222600758075714,-0.013762613758444786,-0.09757734835147858,0.39329132437705994,-0.029643051326274872,0.12754303216934204,0.7628528475761414,0.12906944751739502,-0.058912403881549835,0.7554124593734741,0.11112790554761887
268,-0.004479694180190563,-0.6350305080413818,-0.19360695779323578,0.1764119267463684,-0.48907968401908875,0.015220875851809978,0.2973932921886444,-0.30190569162368774,-0.09441394358873367,-0.1541045904159546,-0.48529958724975586,0.0014084355207160115,-0.2798583209514618,-0.2893216907978058,-0.09672604501247406,0.3496398627758026,-0.3106696903705597,-0.34168383479118347,-0.2712816596031189,-0.2857757806777954,-0.3355340361595154,0.11142461746931076,0.0016218987293541431,0.00404779938980937,-0.11140323430299759,-0.0022495491430163383,-0.0031264456920325756,0.09834976494312286,0.41988590359687805,-0.02061145380139351,-0.09765871614217758,0.39189136028289795,-0.03350796923041344,0.12892889976501465,0.7623844146728516,0.11885608732700348,-0.055928174406290054,0.7559030652046204,0.10479441285133362
269,-0.010919286869466305,-0.6355265974998474,-0.14476701617240906,0.1768219918012619,-0.49266985058784485,0.03403470292687416,0.2901477515697479,-0.3117230236530304,-0.07872501760721207,-0.15424281358718872,-0.48937052488327026,0.0433768667280674,-0.2612168788909912,-0.30714836716651917,-0.03199112042784691,0.3343883454799652,-0.255238801240921,-0.3361796736717224,-0.27518782019615173,-0.23405048251152039,-0.27196189761161804,0.1119031086564064,0.0016377592692151666,0.0027357637882232666,-0.1118883490562439,-0.002262253314256668,-0.0018307638820260763,0.10042993724346161,0.4186611771583557,-0.03499656543135643,-0.09870932996273041,0.3901665210723877,-0.03865422308444977,0.1294873058795929,0.7643172740936279,0.08804114907979965,-0.055957864969968796,0.7587174773216248,0.08244551718235016
270,-0.011051326058804989,-0.6409124732017517,-0.12457690387964249,0.1770508587360382,-0.49404746294021606,0.03930221125483513,0.26438915729522705,-0.3060716986656189,-0.07312152534723282,-0.15090489387512207,-0.4926367998123169,0.06262582540512085,-0.25163379311561584,-0.3059723973274231,0.013017290271818638,0.31079423427581787,-0.23478098213672638,-0.33513134717941284,-0.2774621844291687,-0.17106382548809052,-0.1969887763261795,0.1119690015912056,0.0020717752631753683,0.0027274410240352154,-0.11194868385791779,-0.002686389023438096,-0.001816479372791946,0.10113910585641861,0.41884294152259827,-0.03225737810134888,-0.09526532888412476,0.3902358114719391,-0.037013597786426544,0.1295194774866104,0.7705209851264954,0.08985015749931335,-0.05557183548808098,0.7623148560523987,0.08426366746425629
271,-0.0364055372774601,-0.6458077430725098,-0.09316296875476837,0.17172540724277496,-0.49682924151420593,0.03678778558969498,0.25338634848594666,-0.31105005741119385,-0.07271149754524231,-0.14909709990024567,-0.4915856420993805,0.08291977643966675,-0.24190284311771393,-0.2828596234321594,0.05137437582015991,0.2985154092311859,-0.2136722207069397,-0.3251560926437378,-0.27725979685783386,-0.12179289013147354,-0.14336900413036346,0.11190009862184525,0.002237992361187935,-0.0005348538979887962,-0.11187683045864105,-0.0028377892449498177,0.0014908500015735626,0.1005658209323883,0.4183167517185211,-0.03894612193107605,-0.09482301771640778,0.3902650475502014,-0.03327277675271034,0.12965081632137299,0.772436261177063,0.07676269114017487,-0.05500278249382973,0.7626031041145325,0.0840148776769638
272,-0.05513376370072365,-0.6420977115631104,-0.09620267897844315,0.1718941479921341,-0.4983074963092804,-0.004855053033679724,0.25859400629997253,-0.3073290288448334,-0.053542718291282654,-0.1437208503484726,-0.49466001987457275,0.07230828702449799,-0.23313114047050476,-0.2764645218849182,0.1112353727221489,0.2931186854839325,-0.1758730411529541,-0.2212090939283371,-0.2814773917198181,-0.09639602154493332,-0.01972026191651821,0.11177746951580048,0.0035495373886078596,-0.0038877055048942566,-0.11179545521736145,-0.004140823148190975,0.004932356532663107,0.0982021689414978,0.4203985035419464,-0.04138518124818802,-0.09639687836170197,0.3902721107006073,-0.031938109546899796,0.13051168620586395,0.7794577479362488,0.07099451869726181,-0.05689037963747978,0.7629047632217407,0.08358099311590195
273,-0.06619924306869507,-0.64405757188797,-0.16978059709072113,0.17173130810260773,-0.49839282035827637,-0.059161920100450516,0.261277973651886,-0.3023979961872101,-0.043441496789455414,-0.14296194911003113,-0.49481627345085144,0.008083049207925797,-0.2272980809211731,-0.26496946811676025,0.08557234704494476,0.298554390668869,-0.13811646401882172,-0.13747569918632507,-0.2885086238384247,-0.06485933810472488,-0.005544882267713547,0.11171593517065048,0.004047660157084465,-0.006171263288706541,-0.1117764487862587,-0.004650427959859371,0.00732051907107234,0.09733880311250687,0.42021650075912476,-0.040337298065423965,-0.09642280638217926,0.390418142080307,-0.017441553995013237,0.13098707795143127,0.7795079946517944,0.0739978551864624,-0.05748322233557701,0.7616469860076904,0.10219056159257889
274,-0.0666828528046608,-0.6439125537872314,-0.20772983133792877,0.17193655669689178,-0.4972819983959198,-0.08689861744642258,0.25896862149238586,-0.2892095148563385,-0.05616902932524681,-0.14302925765514374,-0.49321287870407104,-0.024461157619953156,-0.22409629821777344,-0.24889296293258667,0.07020837813615799,0.28624841570854187,-0.10695073008537292,-0.16675905883312225,-0.28832536935806274,-0.0397043414413929,-0.024743683636188507,0.11177977919578552,0.004775148816406727,-0.007968598045408726,-0.11188778281211853,-0.005388115998357534,0.00911364983767271,0.09391124546527863,0.4202921688556671,-0.039463043212890625,-0.09646958857774734,0.3904322385787964,-0.00777271157130599,0.12983818352222443,0.779599666595459,0.07897945493459702,-0.05735860392451286,0.7593129277229309,0.11749815195798874
275,-0.06674931943416595,-0.6422542929649353,-0.21483251452445984,0.1721610426902771,-0.4953044056892395,-0.09362994879484177,0.2507901191711426,-0.2784404456615448,-0.06924696266651154,-0.14270472526550293,-0.48923632502555847,-0.03749316185712814,-0.21714773774147034,-0.23693059384822845,0.05944396182894707,0.2756456732749939,-0.08315109461545944,-0.17511190474033356,-0.28194156289100647,-0.014259686693549156,-0.034256745129823685,0.11178365349769592,0.005157066974788904,-0.008033916354179382,-0.11190493404865265,-0.005767330061644316,0.00917744915932417,0.09271343797445297,0.4204614460468292,-0.034644052386283875,-0.09630954265594482,0.3905697166919708,-0.003064000979065895,0.12986767292022705,0.7794657349586487,0.0912463515996933,-0.05709853768348694,0.7579078078269958,0.12584787607192993
276,-0.06477099657058716,-0.6325265169143677,-0.22998562455177307,0.17390507459640503,-0.4903266429901123,-0.0996016338467598,0.2501625418663025,-0.26762622594833374,-0.09543514996767044,-0.14246870577335358,-0.4835004210472107,-0.05141862481832504,-0.21301844716072083,-0.22550714015960693,0.03127007558941841,0.2765005826950073,-0.06704823672771454,-0.2004574090242386,-0.2634618282318115,-0.002068027388304472,-0.046848323196172714,0.11177811026573181,0.005453030578792095,-0.007885151542723179,-0.1119140237569809,-0.006060169078409672,0.009020338766276836,0.0920170471072197,0.4209831953048706,-0.028299912810325623,-0.09022105485200882,0.3933217227458954,0.006230731960386038,0.1379864513874054,0.7797317504882812,0.10471188277006149,-0.05436006933450699,0.7588927149772644,0.13709263503551483
277,-0.05843216925859451,-0.6341710090637207,-0.2290104180574417,0.1737629622220993,-0.4870435893535614,-0.09604404121637344,0.24569028615951538,-0.26119017601013184,-0.09586973488330841,-0.14359226822853088,-0.48193496465682983,-0.04780222475528717,-0.2116248458623886,-0.21904951333999634,0.02992815524339676,0.27227655053138733,-0.05496405437588692,-0.20106011629104614,-0.26276206970214844,0.009927792474627495,-0.043858300894498825,0.11179408431053162,0.005493686534464359,-0.00790970865637064,-0.1119409054517746,-0.006098187528550625,0.009037397801876068,0.0933254063129425,0.42082852125167847,-0.02839101292192936,-0.08518536388874054,0.39493048191070557,0.007662849500775337,0.14457301795482635,0.7802881002426147,0.10320921987295151,-0.05142257362604141,0.7597963213920593,0.138326495885849
278,-0.059396348893642426,-0.6291426420211792,-0.25203651189804077,0.17237134277820587,-0.4777270257472992,-0.12191314995288849,0.24129943549633026,-0.24742363393306732,-0.12754876911640167,-0.14356639981269836,-0.47552356123924255,-0.07021840661764145,-0.20661938190460205,-0.21027690172195435,0.005567201878875494,0.2676900625228882,-0.03673398867249489,-0.23235532641410828,-0.25859469175338745,0.02095368131995201,-0.0553629994392395,0.111721470952034,0.0053691258653998375,-0.007730930112302303,-0.11187969148159027,-0.00597204128280282,0.008874673396348953,0.09542106837034225,0.42053183913230896,-0.02797354944050312,-0.07780785858631134,0.39609086513519287,0.00857146643102169,0.1485033631324768,0.7798046469688416,0.10553430765867233,-0.049149833619594574,0.7601967453956604,0.14054735004901886
279,-0.059248052537441254,-0.6293142437934875,-0.24967816472053528,0.17063888907432556,-0.4740336239337921,-0.1208159327507019,0.23666302859783173,-0.23959468305110931,-0.12053229659795761,-0.14341101050376892,-0.473726749420166,-0.0664445012807846,-0.20368333160877228,-0.20749889314174652,0.008415155112743378,0.2639106214046478,-0.023727336898446083,-0.22266359627246857,-0.256527304649353,0.02344171516597271,-0.05542949214577675,0.11160255968570709,0.005316233728080988,-0.007598872762173414,-0.11176743358373642,-0.005912397056818008,0.00874945055693388,0.09721183776855469,0.4205538332462311,-0.028018608689308167,-0.07717674970626831,0.396798700094223,0.008754516951739788,0.14913132786750793,0.7810037136077881,0.10464271157979965,-0.04897380620241165,0.7611109614372253,0.1401577591896057
280,-0.058873433619737625,-0.6295492649078369,-0.25357741117477417,0.1694112867116928,-0.47144001722335815,-0.12129320204257965,0.2339787483215332,-0.2335607260465622,-0.1170755922794342,-0.1435735821723938,-0.47150132060050964,-0.07046494632959366,-0.20167331397533417,-0.20377889275550842,0.004502251744270325,0.2625565230846405,-0.01655716821551323,-0.21376650035381317,-0.2524803578853607,0.024083977565169334,-0.05788939818739891,0.1115664541721344,0.005174482241272926,-0.007240654900670052,-0.1117345541715622,-0.005764521658420563,0.008400860242545605,0.09974279254674911,0.42027509212493896,-0.028117919340729713,-0.0760272890329361,0.39763143658638,0.008543761447072029,0.1507623791694641,0.7818452715873718,0.10125582665205002,-0.04854956269264221,0.7623887062072754,0.13951629400253296
281,-0.05933636054396629,-0.6270498037338257,-0.25197234749794006,0.16921056807041168,-0.4685578942298889,-0.12239907681941986,0.23283372819423676,-0.22975750267505646,-0.11597813665866852,-0.14233601093292236,-0.4705314636230469,-0.06824308633804321,-0.19903670251369476,-0.20314371585845947,0.005016539245843887,0.26170942187309265,-0.012620028108358383,-0.20039942860603333,-0.2513391971588135,0.025670576840639114,-0.05503044277429581,0.111485056579113,0.005154422949999571,-0.007217088248580694,-0.11166203767061234,-0.005743945948779583,0.0083779813721776,0.1007005050778389,0.42018580436706543,-0.030316729098558426,-0.07385165989398956,0.3980061709880829,0.008377380669116974,0.1516095995903015,0.7818801403045654,0.09876344352960587,-0.0468338280916214,0.7626034021377563,0.13899363577365875
282,-0.06102088838815689,-0.6280201077461243,-0.2503463327884674,0.16324551403522491,-0.46887049078941345,-0.12089049816131592,0.225236713886261,-0.23069193959236145,-0.10689793527126312,-0.14641857147216797,-0.4706704020500183,-0.0671820342540741,-0.1997881978750229,-0.20448057353496552,0.008192108012735844,0.2553878426551819,-0.012239983305335045,-0.1914352923631668,-0.2502078413963318,0.022616377100348473,-0.05328650400042534,0.1114591434597969,0.005087126977741718,-0.007234545890241861,-0.11164172738790512,-0.0056754169054329395,0.008395572192966938,0.100989431142807,0.41987109184265137,-0.03022158518433571,-0.07678669691085815,0.39805978536605835,0.007080258801579475,0.15147605538368225,0.7818603515625,0.09687593579292297,-0.05151064321398735,0.763343870639801,0.13459181785583496
283,-0.05867038294672966,-0.6284538507461548,-0.24610909819602966,0.16496238112449646,-0.46903035044670105,-0.11291977763175964,0.22600947320461273,-0.23194754123687744,-0.09283007681369781,-0.14566929638385773,-0.4707728922367096,-0.06493797153234482,-0.19948337972164154,-0.2051120549440384,0.008748865686357021,0.25573626160621643,-0.015555726364254951,-0.17772895097732544,-0.25009092688560486,0.021655144169926643,-0.05336975306272507,0.11148085445165634,0.005001974757760763,-0.00670954305678606,-0.11167094111442566,-0.00558809656649828,0.007889451459050179,0.10098685324192047,0.4198654890060425,-0.02977464720606804,-0.07667442411184311,0.39829766750335693,0.006689956411719322,0.15175719559192657,0.7815262675285339,0.09949977695941925,-0.04717205837368965,0.7635213732719421,0.13474145531654358
284,-0.058680348098278046,-0.6285721659660339,-0.24101202189922333,0.16508248448371887,-0.469117671251297,-0.11264827102422714,0.22656621038913727,-0.23182620108127594,-0.0931711196899414,-0.14385958015918732,-0.470846027135849,-0.06005211919546127,-0.1995019018650055,-0.20554637908935547,0.016280030831694603,0.2561173141002655,-0.014994432218372822,-0.18050932884216309,-0.2485312521457672,0.020772960036993027,-0.04791988432407379,0.1113642230629921,0.004985056351870298,-0.006695110350847244,-0.11156026273965836,-0.005568624008446932,0.007873461581766605,0.10210717469453812,0.41960766911506653,-0.03005879558622837,-0.07596564292907715,0.3987846076488495,0.0070116338320076466,0.15328949689865112,0.7816023230552673,0.09844453632831573,-0.047051168978214264,0.7642373442649841,0.13502977788448334
285,-0.0587446354329586,-0.6289029717445374,-0.23857253789901733,0.16436240077018738,-0.4696829319000244,-0.11106614768505096,0.2259868085384369,-0.23218126595020294,-0.09331196546554565,-0.1444268673658371,-0.47127386927604675,-0.054760146886110306,-0.20009484887123108,-0.20642079412937164,0.020661931484937668,0.25612857937812805,-0.015692654997110367,-0.18314749002456665,-0.2480842024087906,0.019678160548210144,-0.04618176072835922,0.1113375872373581,0.004958195611834526,-0.0067811510525643826,-0.11153563857078552,-0.005537423770874739,0.007948064245283604,0.10281600058078766,0.4191506803035736,-0.030046997591853142,-0.07602748274803162,0.39878717064857483,0.007401108741760254,0.1532861441373825,0.7807335257530212,0.09966878592967987,-0.04699805751442909,0.7638413310050964,0.136975958943367
286,-0.05860086530447006,-0.6283283233642578,-0.23737645149230957,0.16511273384094238,-0.46948298811912537,-0.10906220227479935,0.22667214274406433,-0.23206284642219543,-0.09198428690433502,-0.14403483271598816,-0.4707719683647156,-0.05447633937001228,-0.2002233862876892,-0.20592762529850006,0.021042365580797195,0.25828778743743896,-0.01589159481227398,-0.18314626812934875,-0.24840396642684937,0.020575029775500298,-0.04591942951083183,0.11135127395391464,0.004923763684928417,-0.006453385576605797,-0.11155501008033752,-0.00550039391964674,0.00762170972302556,0.1028929352760315,0.4191039204597473,-0.03010260872542858,-0.07530219852924347,0.39901041984558105,0.006750444881618023,0.15398342907428741,0.7795754075050354,0.10370872169733047,-0.04593278840184212,0.763849139213562,0.1377771943807602
287,-0.058690398931503296,-0.6289215087890625,-0.23767459392547607,0.16376152634620667,-0.4699475169181824,-0.10820509493350983,0.2264011651277542,-0.23223625123500824,-0.09159113466739655,-0.1460902988910675,-0.4712095856666565,-0.052922047674655914,-0.2022818922996521,-0.20625139772891998,0.02424531802535057,0.2582007944583893,-0.015898512676358223,-0.18375848233699799,-0.25164714455604553,0.020228471606969833,-0.04465918987989426,0.11134783178567886,0.004901241045445204,-0.006596237421035767,-0.11155503988265991,-0.005476516205817461,0.007763827685266733,0.10306163877248764,0.41902127861976624,-0.030230339616537094,-0.07752355188131332,0.39875078201293945,0.005778324790298939,0.15398037433624268,0.7795798182487488,0.0998029112815857,-0.0482931062579155,0.7637439370155334,0.13468392193317413
288,-0.060633476823568344,-0.6282345056533813,-0.2359924018383026,0.1621313840150833,-0.4701891541481018,-0.11137138307094574,0.2246023714542389,-0.23454955220222473,-0.09560683369636536,-0.14485414326190948,-0.470756858587265,-0.05184110626578331,-0.20114395022392273,-0.20627251267433167,0.02606339007616043,0.253997266292572,-0.01719575934112072,-0.18483632802963257,-0.2517138719558716,0.019992036744952202,-0.04189874231815338,0.11111173033714294,0.004876389633864164,-0.007968098856508732,-0.11131708323955536,-0.005451669450849295,0.009158281609416008,0.09788239002227783,0.4189870059490204,-0.03074454888701439,-0.07754266262054443,0.3989257216453552,0.009218906983733177,0.15185733139514923,0.7793232798576355,0.09992588311433792,-0.04863523319363594,0.7637474536895752,0.13887517154216766
289,-0.06286683678627014,-0.6279596090316772,-0.23593853414058685,0.16163821518421173,-0.47023341059684753,-0.11579492688179016,0.2238234430551529,-0.23434777557849884,-0.10172212868928909,-0.14430512487888336,-0.4694174528121948,-0.05199884623289108,-0.19884470105171204,-0.20288614928722382,0.028407441452145576,0.2541603147983551,-0.015712862834334373,-0.18795961141586304,-0.2546093463897705,0.024744778871536255,-0.035184312611818314,0.11107277870178223,0.004840770736336708,-0.00832018069922924,-0.11128052324056625,-0.005413700360804796,0.009520427323877811,0.0964931771159172,0.41924765706062317,-0.03178834915161133,-0.07936199754476547,0.3985740840435028,0.00776835298165679,0.15128284692764282,0.7788237929344177,0.10082312673330307,-0.04866037890315056,0.762188732624054,0.13892553746700287
290,-0.06610440462827682,-0.627726137638092,-0.23223425447940826,0.16088134050369263,-0.4703967273235321,-0.11552984267473221,0.22354775667190552,-0.23460693657398224,-0.10160040855407715,-0.14396044611930847,-0.4694894552230835,-0.04911576956510544,-0.1979292631149292,-0.20300257205963135,0.03322459012269974,0.2542823255062103,-0.015737412497401237,-0.18763355910778046,-0.25484177470207214,0.02456234209239483,-0.031024334952235222,0.11095553636550903,0.004828367382287979,-0.008789962157607079,-0.11116635799407959,-0.0054000732488930225,0.01000290922820568,0.09630526602268219,0.41922879219055176,-0.03294676914811134,-0.08095284551382065,0.39868834614753723,0.007870711386203766,0.15121573209762573,0.7792264223098755,0.09539727121591568,-0.05004117265343666,0.7627200484275818,0.13688620924949646
291,-0.06653831154108047,-0.6277348399162292,-0.23143616318702698,0.1609218418598175,-0.471394807100296,-0.11572527885437012,0.22381174564361572,-0.2352674901485443,-0.10327847301959991,-0.14346955716609955,-0.470507949590683,-0.04808422923088074,-0.1974913775920868,-0.20458972454071045,0.035157687962055206,0.25627729296684265,-0.01617841236293316,-0.1914357990026474,-0.25499555468559265,0.02278158813714981,-0.030385738238692284,0.11090520769357681,0.004846327938139439,-0.009540661238133907,-0.11111898720264435,-0.005415682680904865,0.010743826627731323,0.09588641673326492,0.4192065894603729,-0.033354002982378006,-0.08228911459445953,0.39864790439605713,0.00799527857452631,0.15067297220230103,0.7793178558349609,0.09415028244256973,-0.05003789812326431,0.7627040147781372,0.1367509514093399
292,-0.06628081202507019,-0.6277170777320862,-0.2297194004058838,0.16099506616592407,-0.4720352590084076,-0.11564473807811737,0.22338968515396118,-0.2366703748703003,-0.10548315942287445,-0.14199215173721313,-0.4709625542163849,-0.04661271348595619,-0.19744917750358582,-0.20735357701778412,0.03786685690283775,0.255327969789505,-0.01848987117409706,-0.1969829648733139,-0.2563798427581787,0.019318319857120514,-0.027500810101628304,0.11084748804569244,0.004839305300265551,-0.009565329179167747,-0.11105968058109283,-0.005407390650361776,0.01076999306678772,0.09583819657564163,0.41923394799232483,-0.03340611234307289,-0.08234067261219025,0.39888352155685425,0.008260137401521206,0.15065312385559082,0.7797097563743591,0.09350016713142395,-0.05019700154662132,0.7631272077560425,0.13574016094207764
293,-0.06624449789524078,-0.6279845237731934,-0.22968672215938568,0.16139130294322968,-0.4722845256328583,-0.11538903415203094,0.22367852926254272,-0.2368299514055252,-0.10449748486280441,-0.14196796715259552,-0.4715023636817932,-0.04660911485552788,-0.19766363501548767,-0.2081996649503708,0.03774498403072357,0.2567462921142578,-0.018890442326664925,-0.19575361907482147,-0.25696733593940735,0.01782815158367157,-0.027666710317134857,0.11082486063241959,0.004864663816988468,-0.009669927880167961,-0.11103945225477219,-0.005431948695331812,0.010872858576476574,0.09575065225362778,0.4192180633544922,-0.03373489901423454,-0.08242327719926834,0.3988927900791168,0.008432143367826939,0.14922431111335754,0.7799753546714783,0.0912216529250145,-0.05004332587122917,0.7632114291191101,0.13535332679748535
294,-0.0673585832118988,-0.6278061270713806,-0.22888536751270294,0.16165366768836975,-0.4731981158256531,-0.11538504809141159,0.22338593006134033,-0.23737509548664093,-0.10481169819831848,-0.14167539775371552,-0.47251006960868835,-0.04648417606949806,-0.198211669921875,-0.2116120457649231,0.037673577666282654,0.25714191794395447,-0.020311014726758003,-0.19656288623809814,-0.25972631573677063,0.013437328860163689,-0.028240108862519264,0.11078740656375885,0.004926706664264202,-0.009893318638205528,-0.11100540310144424,-0.005494207143783569,0.011094813235104084,0.09537262469530106,0.41934946179389954,-0.03335314244031906,-0.08294568955898285,0.398896187543869,0.0090275714173913,0.14902456104755402,0.7807079553604126,0.09029415249824524,-0.05009456351399422,0.7635667324066162,0.13515231013298035
295,-0.06716155260801315,-0.6274735331535339,-0.22436043620109558,0.1638479232788086,-0.4754995107650757,-0.11469578742980957,0.2249673753976822,-0.2407325804233551,-0.10575342178344727,-0.13987614214420319,-0.4736006557941437,-0.044279925525188446,-0.1979139894247055,-0.21377511322498322,0.03912176564335823,0.2572919428348541,-0.023716047406196594,-0.19911277294158936,-0.2601262629032135,0.009754324331879616,-0.02723461389541626,0.11076775193214417,0.005060350056737661,-0.009932920336723328,-0.11098799854516983,-0.005622529424726963,0.01113185379654169,0.0942135751247406,0.4202212691307068,-0.0331064835190773,-0.0844903364777565,0.3982371687889099,0.009020832367241383,0.14792896807193756,0.7807306051254272,0.09383115917444229,-0.049646925181150436,0.7620534896850586,0.13552221655845642
