FrameNo,head_x,head_y,head_z,left_shoulder_x,left_shoulder_y,left_shoulder_z,left_elbow_x,left_elbow_y,left_elbow_z,right_shoulder_x,right_shoulder_y,right_shoulder_z,right_elbow_x,right_elbow_y,right_elbow_z,left_hand_x,left_hand_y,left_hand_z,right_hand_x,right_hand_y,right_hand_z,left_hip_x,left_hip_y,left_hip_z,right_hip_x,right_hip_y,right_hip_z,left_knee_x,left_knee_y,left_knee_z,right_knee_x,right_knee_y,right_knee_z,left_foot_x,left_foot_y,left_foot_z,right_foot_x,right_foot_y,right_foot_z
0,-0.0064970385283231735,-0.6329789757728577,-0.28504011034965515,0.12736457586288452,-0.5221577882766724,-0.13991570472717285,0.1477620005607605,-0.7401459813117981,-0.2269856184720993,-0.13124772906303406,-0.5135917663574219,-0.18462799489498138,-0.16877004504203796,-0.7216804623603821,-0.2690347731113434,0.1252511739730835,-0.9466766119003296,-0.29723989963531494,-0.15536664426326752,-0.9374178647994995,-0.315260112285614,0.10093938559293747,-0.00010465690866112709,0.006977177690714598,-0.1012720838189125,-0.0003300723619759083,-0.005652641877532005,0.08029918372631073,0.4092831611633301,0.015207935124635696,-0.08688516914844513,0.38431987166404724,0.013038557022809982,0.1090860664844513,0.7426038980484009,0.13704724609851837,-0.10356257855892181,0.7234196662902832,0.1436573714017868
1,-0.014061730355024338,-0.6253473162651062,-0.2879445552825928,0.12725305557250977,-0.5152396559715271,-0.15539507567882538,0.14929720759391785,-0.7295441627502441,-0.26124659180641174,-0.13177764415740967,-0.5126498341560364,-0.16605837643146515,-0.1714467853307724,-0.715719997882843,-0.24540235102176666,0.12611065804958344,-0.9464138746261597,-0.32944151759147644,-0.1588771939277649,-0.9372082352638245,-0.31363198161125183,0.10192135721445084,1.1362724762875587e-05,0.005205861758440733,-0.10217340290546417,-0.00046204953105188906,-0.003879738738760352,0.08054214715957642,0.409616082906723,0.010643864050507545,-0.08859742432832718,0.3838449716567993,0.01161834504455328,0.1097731962800026,0.7458499073982239,0.1370370090007782,-0.09771765768527985,0.722629189491272,0.14383074641227722
2,-0.015103884041309357,-0.6237902641296387,-0.27085980772972107,0.12908071279525757,-0.5147707462310791,-0.13566654920578003,0.15460607409477234,-0.7256647944450378,-0.24288170039653778,-0.13188108801841736,-0.5127009153366089,-0.14119477570056915,-0.1716015636920929,-0.7152190804481506,-0.22189512848854065,0.1277182549238205,-0.9463253617286682,-0.30720987915992737,-0.1548704206943512,-0.9400271773338318,-0.28414615988731384,0.10279058665037155,3.022109558514785e-05,0.005142970941960812,-0.10300160944461823,-0.0004921037470921874,-0.0038338415324687958,0.09136416018009186,0.4094356298446655,0.013105672784149647,-0.08597006648778915,0.3843911588191986,0.01130703929811716,0.11693060398101807,0.7474640011787415,0.13955573737621307,-0.08417679369449615,0.7244866490364075,0.14260967075824738
3,-0.01455512922257185,-0.6233570575714111,-0.26803913712501526,0.13256971538066864,-0.5145414471626282,-0.13225989043712616,0.16019004583358765,-0.7263316512107849,-0.23185372352600098,-0.1314927339553833,-0.5121736526489258,-0.13971208035945892,-0.17085455358028412,-0.7120475172996521,-0.22054575383663177,0.13914744555950165,-0.9508706331253052,-0.29173368215560913,-0.1513523906469345,-0.9429202675819397,-0.27772557735443115,0.10371934622526169,0.00012486665218602866,0.005158670246601105,-0.10390681773424149,-0.0006025457405485213,-0.0038581492844969034,0.09197279810905457,0.41185951232910156,0.014462913386523724,-0.08475406467914581,0.3868069350719452,0.009720302186906338,0.12467918545007706,0.7495458722114563,0.14799562096595764,-0.07496646791696548,0.7277544140815735,0.14266538619995117
4,-0.01603630743920803,-0.6235740184783936,-0.2674404978752136,0.13332705199718475,-0.5127341747283936,-0.13919612765312195,0.16230665147304535,-0.7252418994903564,-0.2430325150489807,-0.13163308799266815,-0.5127896070480347,-0.1282167285680771,-0.17167380452156067,-0.7134965062141418,-0.19490866363048553,0.14054539799690247,-0.9514309167861938,-0.30063802003860474,-0.1517893373966217,-0.9516260623931885,-0.2489321380853653,0.10441435873508453,0.00013788504293188453,0.0008544593583792448,-0.10456651449203491,-0.0006172823486849666,0.00032585556618869305,0.0944107249379158,0.4115951359272003,0.010426639579236507,-0.08436337858438492,0.38867253065109253,0.012400668114423752,0.13401857018470764,0.7497979402542114,0.1478913128376007,-0.06539031863212585,0.7302460670471191,0.15039902925491333
5,-0.015881331637501717,-0.6228046417236328,-0.27221664786338806,0.1338864415884018,-0.5112537145614624,-0.14075906574726105,0.16304048895835876,-0.7225457429885864,-0.2423459142446518,-0.13184000551700592,-0.5119665265083313,-0.13068926334381104,-0.17158351838588715,-0.7125393152236938,-0.1986003965139389,0.14286327362060547,-0.9508696794509888,-0.30128365755081177,-0.15054407715797424,-0.951273500919342,-0.25545093417167664,0.10503438115119934,0.00015575040015392005,0.0016764617757871747,-0.10518307983875275,-0.0006414524978026748,-0.0004920153296552598,0.09414990991353989,0.41198456287384033,0.014388302341103554,-0.08433257788419724,0.3886938989162445,0.008652760647237301,0.1327141970396042,0.7492395639419556,0.15684260427951813,-0.06791757047176361,0.7294734120368958,0.15004593133926392
6,-0.0158980842679739,-0.6223371028900146,-0.27902987599372864,0.13393276929855347,-0.5105932950973511,-0.14505405724048615,0.16381847858428955,-0.7227811813354492,-0.24414074420928955,-0.131854847073555,-0.510086715221405,-0.13973048329353333,-0.17205750942230225,-0.7122142910957336,-0.21488575637340546,0.1453046202659607,-0.9513538479804993,-0.3035169541835785,-0.15019604563713074,-0.9515588283538818,-0.27487713098526,0.10524632781744003,0.00014701580221299082,0.0019989602733403444,-0.10539788007736206,-0.0006374844815582037,-0.000820930756162852,0.09429383277893066,0.41231247782707214,0.016855383291840553,-0.08423349261283875,0.388965368270874,0.008732992224395275,0.13300299644470215,0.7492033243179321,0.16198693215847015,-0.06846625357866287,0.7287961840629578,0.15326623618602753
7,-0.016441702842712402,-0.6223723292350769,-0.28027573227882385,0.13339628279209137,-0.5104166865348816,-0.14572381973266602,0.16354545950889587,-0.7229334115982056,-0.2437804788351059,-0.13265210390090942,-0.509745717048645,-0.14229430258274078,-0.17299574613571167,-0.7111186385154724,-0.2170933187007904,0.14534088969230652,-0.9517411589622498,-0.30371713638305664,-0.15198375284671783,-0.9503485560417175,-0.2797579765319824,0.10537440329790115,0.00017003655375447124,0.0023017709609121084,-0.10552217066287994,-0.0006640792125836015,-0.001119513064622879,0.09419574588537216,0.41236355900764465,0.01741444319486618,-0.08426308631896973,0.3887251615524292,0.007306109648197889,0.13247577846050262,0.7491723895072937,0.1611582338809967,-0.0690440982580185,0.7278849482536316,0.1518009603023529
8,-0.01658882573246956,-0.6209855675697327,-0.28093430399894714,0.13356389105319977,-0.5094025731086731,-0.14567525684833527,0.1641150712966919,-0.7228187322616577,-0.24362316727638245,-0.1324443370103836,-0.5084308385848999,-0.1437622457742691,-0.1731705665588379,-0.7111011743545532,-0.2192821055650711,0.14549767971038818,-0.9521292448043823,-0.30273884534835815,-0.15089449286460876,-0.9502537846565247,-0.28126391768455505,0.10556140542030334,0.00011456204083515331,0.003274821676313877,-0.10571746528148651,-0.0006174512091092765,-0.0020837581250816584,0.09540760517120361,0.4123011827468872,0.01813104934990406,-0.08405239880084991,0.38845568895339966,0.006136788055300713,0.13204985857009888,0.7490456700325012,0.16088686883449554,-0.06887627393007278,0.7277485728263855,0.15038327872753143
9,-0.016573863103985786,-0.6203605532646179,-0.28668153285980225,0.13354969024658203,-0.5093753933906555,-0.1485113799571991,0.16406825184822083,-0.7228822708129883,-0.2461342066526413,-0.13245882093906403,-0.5080381035804749,-0.1523410677909851,-0.17319929599761963,-0.7068961262702942,-0.23880535364151,0.14556923508644104,-0.9515885710716248,-0.3081105351448059,-0.15093587338924408,-0.9437867403030396,-0.3108989894390106,0.10561298578977585,0.00019544325186870992,0.0036901498679071665,-0.10576556622982025,-0.0007051114225760102,-0.002494929824024439,0.09502673149108887,0.4121599495410919,0.018261002376675606,-0.08348603546619415,0.38783568143844604,0.005295340903103352,0.13026778399944305,0.7485746741294861,0.15904191136360168,-0.06920390576124191,0.7256011366844177,0.14773474633693695
10,-0.016368741169571877,-0.6178690195083618,-0.29499563574790955,0.13335491716861725,-0.5069794058799744,-0.15341231226921082,0.16402949392795563,-0.7212226986885071,-0.24826613068580627,-0.13227033615112305,-0.5062373280525208,-0.16451090574264526,-0.17283888161182404,-0.7057735919952393,-0.25568702816963196,0.14568443596363068,-0.9508494138717651,-0.30964112281799316,-0.15029896795749664,-0.9428905844688416,-0.3279520869255066,0.10565917193889618,0.00016019854228943586,0.004463687539100647,-0.10581597685813904,-0.0006740025128237903,-0.0032744412310421467,0.09596699476242065,0.4116877019405365,0.018359102308750153,-0.08243484050035477,0.387626051902771,0.003405541181564331,0.13217253983020782,0.7485297322273254,0.15861308574676514,-0.06822746992111206,0.7256482243537903,0.1456330418586731
11,-0.016648704186081886,-0.6176205277442932,-0.2967323958873749,0.13333937525749207,-0.5060892701148987,-0.15657804906368256,0.16399288177490234,-0.7194070219993591,-0.256374716758728,-0.13232392072677612,-0.5058280229568481,-0.16509225964546204,-0.17288878560066223,-0.7054896354675293,-0.2560397982597351,0.1456461250782013,-0.948870062828064,-0.3201630711555481,-0.14947307109832764,-0.9422459602355957,-0.32768672704696655,0.10571369528770447,0.00015784948482178152,0.004479582421481609,-0.1058703362941742,-0.0006739844102412462,-0.003290316555649042,0.09494324028491974,0.4116768538951874,0.018381314352154732,-0.08226610720157623,0.387788325548172,0.0034626221749931574,0.13045793771743774,0.7485218644142151,0.15744160115718842,-0.06827857345342636,0.7264496088027954,0.14491906762123108
12,-0.014700963161885738,-0.6173592209815979,-0.2909529209136963,0.13458707928657532,-0.5064618587493896,-0.14612561464309692,0.16737481951713562,-0.7198220491409302,-0.2421739250421524,-0.13035163283348083,-0.5053958296775818,-0.16389639675617218,-0.17196202278137207,-0.7053562998771667,-0.2550513744354248,0.14655661582946777,-0.9483174085617065,-0.3078480660915375,-0.14676542580127716,-0.942234218120575,-0.3252684473991394,0.10575780272483826,0.00018743656983133405,0.005359307397156954,-0.10591839998960495,-0.0007086556870490313,-0.004166150465607643,0.09565429389476776,0.4116900563240051,0.01846400648355484,-0.08215408772230148,0.38774093985557556,0.003148116637021303,0.13005833327770233,0.7488530278205872,0.15733252465724945,-0.06844240427017212,0.7264116406440735,0.14475314319133759
13,-0.014689937233924866,-0.6182820200920105,-0.2817825973033905,0.13467839360237122,-0.5070486664772034,-0.14359307289123535,0.16661293804645538,-0.7204537987709045,-0.2395966351032257,-0.1303316205739975,-0.5060368180274963,-0.15024448931217194,-0.17240487039089203,-0.7069309949874878,-0.23155586421489716,0.1453196406364441,-0.9483446478843689,-0.302417516708374,-0.1477251648902893,-0.9440919160842896,-0.2920336127281189,0.10579387843608856,0.0002426424907753244,0.005100489128381014,-0.10595450550317764,-0.0007682431605644524,-0.003905933815985918,0.09652954339981079,0.4115113615989685,0.016494283452630043,-0.08254233747720718,0.38793641328811646,0.004946646746248007,0.1299694925546646,0.7494326829910278,0.15431992709636688,-0.06769057363271713,0.7270541787147522,0.14520937204360962
14,-0.014647412113845348,-0.6203863620758057,-0.2807174026966095,0.13620124757289886,-0.5075613260269165,-0.14372433722019196,0.16811297833919525,-0.7221041917800903,-0.2431013435125351,-0.1299816370010376,-0.5065945982933044,-0.14718066155910492,-0.17230458557605743,-0.7077019214630127,-0.22585198283195496,0.1464879810810089,-0.94997638463974,-0.30823999643325806,-0.14777536690235138,-0.945334792137146,-0.2852499783039093,0.10596855729818344,0.00031274856883101165,0.00444542383775115,-0.10612737387418747,-0.000840876018628478,-0.0032602932769805193,0.09675353020429611,0.41146108508110046,0.016345974057912827,-0.08267909288406372,0.388187974691391,0.006684834603220224,0.12955325841903687,0.7494401335716248,0.15519922971725464,-0.06790859997272491,0.7272384166717529,0.1489643007516861
15,-0.01484869047999382,-0.621111273765564,-0.27353382110595703,0.13630332052707672,-0.5084102153778076,-0.14084172248840332,0.16898079216480255,-0.7252718806266785,-0.23558545112609863,-0.13002879917621613,-0.5085315108299255,-0.13731397688388824,-0.17260943353176117,-0.714168131351471,-0.20618686079978943,0.14857898652553558,-0.9528608918190002,-0.2933387756347656,-0.1480335295200348,-0.9556040167808533,-0.2570856213569641,0.10600455105304718,0.00035406273673288524,0.0032733420375734568,-0.10616397112607956,-0.0008840110967867076,-0.0021002860739827156,0.09637144207954407,0.4116970896720886,0.015926748514175415,-0.08412609994411469,0.38903915882110596,0.009274967946112156,0.12947393953800201,0.7503207325935364,0.15479972958564758,-0.07013211399316788,0.7287552952766418,0.15047818422317505
16,-0.013822696171700954,-0.6198298335075378,-0.2847599685192108,0.1357187032699585,-0.5084068775177002,-0.14192794263362885,0.16878537833690643,-0.7266907691955566,-0.23005594313144684,-0.12994733452796936,-0.5065587759017944,-0.1580270528793335,-0.17259088158607483,-0.7116732597351074,-0.24796728789806366,0.14972002804279327,-0.9538407921791077,-0.285265177488327,-0.1480492800474167,-0.9535410404205322,-0.3087694048881531,0.10600538551807404,0.0003738811647053808,0.0042694322764873505,-0.10616852343082428,-0.0009073525434359908,-0.003090862650424242,0.09619882702827454,0.41191938519477844,0.016476351767778397,-0.08438202738761902,0.38920050859451294,0.00906998012214899,0.12941297888755798,0.7505666613578796,0.15468330681324005,-0.06990660727024078,0.7288695573806763,0.14896991848945618
17,-0.013736587949097157,-0.6212084889411926,-0.28749600052833557,0.13580885529518127,-0.5088716745376587,-0.14688335359096527,0.16881591081619263,-0.7270045280456543,-0.2412542700767517,-0.12956468760967255,-0.5065634250640869,-0.1593649983406067,-0.17267689108848572,-0.7116868495941162,-0.24585428833961487,0.14988376200199127,-0.9538278579711914,-0.3037913143634796,-0.1482069194316864,-0.9528951048851013,-0.30659860372543335,0.10602688789367676,0.00038580596446990967,0.0044721802696585655,-0.10618990659713745,-0.0009207554394379258,-0.003288385458290577,0.09632569551467896,0.41191551089286804,0.018647795543074608,-0.08400874584913254,0.38921868801116943,0.008955872617661953,0.12935394048690796,0.7504770755767822,0.15719668567180634,-0.06968384981155396,0.7283162474632263,0.1501627117395401
18,-0.012159216217696667,-0.6190333962440491,-0.2976140081882477,0.13646307587623596,-0.5068129301071167,-0.15756790339946747,0.16971062123775482,-0.7255517244338989,-0.25328463315963745,-0.129216268658638,-0.5049876570701599,-0.16514180600643158,-0.17270897328853607,-0.709960401058197,-0.25564631819725037,0.15183550119400024,-0.9523004293441772,-0.3158123195171356,-0.1486901342868805,-0.9507805109024048,-0.3246009945869446,0.10607258975505829,0.00041343545308336616,0.004206330981105566,-0.10623516142368317,-0.0009500450687482953,-0.003026080084964633,0.09639323502779007,0.4119078814983368,0.015786243602633476,-0.08413253724575043,0.3894098997116089,0.010124473832547665,0.12950274348258972,0.7509479522705078,0.15382257103919983,-0.0676376149058342,0.7288970351219177,0.1504540890455246
19,-0.014496224001049995,-0.61846923828125,-0.297350138425827,0.13652974367141724,-0.5063629150390625,-0.15860556066036224,0.17035099864006042,-0.7244024872779846,-0.2579692006111145,-0.12956182658672333,-0.5057065486907959,-0.157252237200737,-0.17844411730766296,-0.7129606008529663,-0.23336161673069,0.15183869004249573,-0.9499824047088623,-0.32059985399246216,-0.1540539711713791,-0.9532151222229004,-0.295333594083786,0.10609084367752075,0.000546701776329428,0.0019117185147479177,-0.10625270754098892,-0.0010837219888344407,-0.0007547098211944103,0.09518425911664963,0.4117032289505005,0.010767919011414051,-0.08483890444040298,0.38958489894866943,0.01271908264607191,0.12865430116653442,0.7525728344917297,0.14506188035011292,-0.06863100826740265,0.7305060029029846,0.1506744772195816
20,-0.014392207376658916,-0.6178632378578186,-0.2917141914367676,0.13656610250473022,-0.5078984498977661,-0.15181757509708405,0.17026613652706146,-0.726006031036377,-0.2489939033985138,-0.1295560747385025,-0.5063215494155884,-0.15665319561958313,-0.1783357709646225,-0.7117579579353333,-0.23665732145309448,0.1504160463809967,-0.9500487446784973,-0.3127973973751068,-0.15415295958518982,-0.949641764163971,-0.29935863614082336,0.10611166805028915,0.0007807924412190914,0.002073982497677207,-0.10627356916666031,-0.0013262713328003883,-0.0009090704843401909,0.09517357498407364,0.41148805618286133,0.009595092386007309,-0.08476370573043823,0.3890768885612488,0.01227453164756298,0.1256638616323471,0.7524850964546204,0.14484752714633942,-0.0686132088303566,0.7287179231643677,0.1494123488664627
21,-0.01705624721944332,-0.6184051036834717,-0.28415873646736145,0.13607382774353027,-0.5079546570777893,-0.15141867101192474,0.16976919770240784,-0.7262176871299744,-0.2481207251548767,-0.12969247996807098,-0.5074356198310852,-0.1404198557138443,-0.17921172082424164,-0.7163704037666321,-0.2020178586244583,0.15053047239780426,-0.9513919949531555,-0.3074053227901459,-0.15796487033367157,-0.9543881416320801,-0.2555963099002838,0.10612054169178009,0.000749744416680187,0.0011150507489219308,-0.1062786802649498,-0.0012963556218892336,6.123944331193343e-05,0.0957781970500946,0.41045987606048584,0.009243788197636604,-0.084823839366436,0.388990193605423,0.01256717462092638,0.12654425203800201,0.7523828148841858,0.14481110870838165,-0.06874051690101624,0.7287291884422302,0.15007364749908447
22,-0.018846871331334114,-0.6186058521270752,-0.27696335315704346,0.13559339940547943,-0.5082879662513733,-0.14724595844745636,0.16858834028244019,-0.7261151075363159,-0.24444454908370972,-0.13169634342193604,-0.5081864595413208,-0.13308443129062653,-0.18248210847377777,-0.7173598408699036,-0.19338850677013397,0.15044252574443817,-0.9514825344085693,-0.3031570017337799,-0.16496843099594116,-0.9551668763160706,-0.24549618363380432,0.10618104785680771,0.0007149616722017527,0.0010774347465485334,-0.1063319593667984,-0.0012627985561266541,0.00010541281517362222,0.09579475224018097,0.41043972969055176,0.009288056753575802,-0.08542708307504654,0.3886414170265198,0.012298348359763622,0.1266566812992096,0.7522639036178589,0.14492149651050568,-0.06910320371389389,0.7282572984695435,0.15006186068058014
23,-0.019719071686267853,-0.6184526681900024,-0.2763602137565613,0.13549907505512238,-0.5083678960800171,-0.14525659382343292,0.16756945848464966,-0.7257903218269348,-0.24353018403053284,-0.13228248059749603,-0.5081066489219666,-0.13446766138076782,-0.18346484005451202,-0.7162424325942993,-0.19737954437732697,0.14839215576648712,-0.9511589407920837,-0.30309006571769714,-0.16565494239330292,-0.9537597894668579,-0.24850083887577057,0.10628882795572281,0.000676497642416507,0.0015173048013821244,-0.10644122213125229,-0.0012277826899662614,-0.00032434138120152056,0.09666872024536133,0.4101621210575104,0.009939699433743954,-0.08543423563241959,0.38853296637535095,0.01093241386115551,0.1268095076084137,0.7517241835594177,0.14524255692958832,-0.06943919509649277,0.7282887697219849,0.1481924206018448
24,-0.02122710831463337,-0.6151131391525269,-0.29167401790618896,0.1349538266658783,-0.5079832673072815,-0.15662656724452972,0.1664304882287979,-0.7259089350700378,-0.2611111104488373,-0.13236834108829498,-0.5041756629943848,-0.1602092981338501,-0.18340684473514557,-0.7103995680809021,-0.24945661425590515,0.1422259658575058,-0.9535125494003296,-0.322904109954834,-0.16758404672145844,-0.9494970440864563,-0.32006993889808655,0.10642307251691818,0.0005691965343430638,0.004447286948561668,-0.10659701377153397,-0.0011220239102840424,-0.003235976677387953,0.09654385596513748,0.4103391766548157,0.013626636005938053,-0.08573386818170547,0.38821083307266235,0.0007802319596521556,0.12572523951530457,0.7507598400115967,0.1559433788061142,-0.07121319323778152,0.7278304100036621,0.1424274891614914
25,-0.0196477472782135,-0.61502605676651,-0.3027714490890503,0.1302625983953476,-0.5081608295440674,-0.1571023017168045,0.1596238911151886,-0.7309863567352295,-0.2567403018474579,-0.133006751537323,-0.502720057964325,-0.18877677619457245,-0.18359772861003876,-0.7053751349449158,-0.3073287606239319,0.13253110647201538,-0.95701003074646,-0.3203395903110504,-0.16740922629833221,-0.9434566497802734,-0.38004258275032043,0.10633060336112976,0.000679320190101862,0.0073817335069179535,-0.10651632398366928,-0.0012360578402876854,-0.006168760359287262,0.09667004644870758,0.4103788137435913,0.013829915784299374,-0.08573569357395172,0.3878822922706604,8.200604497687891e-05,0.12485426664352417,0.7508997321128845,0.15496082603931427,-0.07253210246562958,0.7275362014770508,0.14034754037857056
26,-0.021713901311159134,-0.6098899841308594,-0.3209371566772461,0.1293918341398239,-0.5063437223434448,-0.17285051941871643,0.1594751626253128,-0.7308377623558044,-0.2696894705295563,-0.1328107863664627,-0.4985612630844116,-0.1999277025461197,-0.1845087856054306,-0.7040351033210754,-0.30837732553482056,0.1332107037305832,-0.9572734236717224,-0.32990553975105286,-0.17025208473205566,-0.9420298933982849,-0.3836357891559601,0.10631677508354187,0.0005801175720989704,0.008715908974409103,-0.10651177912950516,-0.0011398548958823085,-0.007505697663873434,0.09674607962369919,0.4107031524181366,0.020969297736883163,-0.08627422899007797,0.38790810108184814,-0.0007553833420388401,0.1251809448003769,0.7508464455604553,0.15970486402511597,-0.0772612988948822,0.7284393310546875,0.13988718390464783
27,-0.020911158993840218,-0.6110639572143555,-0.31718823313713074,0.1294148713350296,-0.5075358748435974,-0.16735701262950897,0.15771551430225372,-0.7330783605575562,-0.25959399342536926,-0.13224069774150848,-0.4985435903072357,-0.1947665810585022,-0.18452028930187225,-0.7031485438346863,-0.2960945963859558,0.1271260678768158,-0.9602468013763428,-0.31980931758880615,-0.17251218855381012,-0.9407027959823608,-0.3692653179168701,0.10628378391265869,0.0006504086195491254,0.009318034164607525,-0.10648467391729355,-0.0012143157655373216,-0.00810733251273632,0.09666553139686584,0.41104668378829956,0.020761938765645027,-0.08676622062921524,0.38780906796455383,-0.0009090020321309566,0.1243378072977066,0.7511252760887146,0.159351646900177,-0.07720991224050522,0.7281650900840759,0.1391507238149643
28,-0.024974361062049866,-0.6143553853034973,-0.26566314697265625,0.1295255720615387,-0.5121765732765198,-0.13355931639671326,0.15755335986614227,-0.734464168548584,-0.22147059440612793,-0.1324758678674698,-0.5074751377105713,-0.13966402411460876,-0.1840142011642456,-0.7157718539237976,-0.20783019065856934,0.12684066593647003,-0.9620654582977295,-0.2753029465675354,-0.17238090932369232,-0.9554693698883057,-0.2547653913497925,0.10630977898836136,0.0007484015077352524,0.008755436167120934,-0.10651006549596786,-0.0013125729747116566,-0.007548752706497908,0.09751086682081223,0.4103779196739197,0.01743835024535656,-0.08676319569349289,0.3869912922382355,-0.00044601992703974247,0.12439753115177155,0.7504704594612122,0.1591581404209137,-0.07699774205684662,0.7262014150619507,0.14155612885951996
29,-0.02427128329873085,-0.6161804795265198,-0.2733921408653259,0.12933187186717987,-0.5125540494918823,-0.13601362705230713,0.15737755596637726,-0.736632227897644,-0.22589266300201416,-0.1326615959405899,-0.507102906703949,-0.1518402248620987,-0.18388818204402924,-0.7149002552032471,-0.22835054993629456,0.12630683183670044,-0.9652100205421448,-0.28186920285224915,-0.1739547997713089,-0.9550983309745789,-0.2753765285015106,0.1063050851225853,0.0007567846914753318,0.00898713804781437,-0.10650810599327087,-0.0013218612875789404,-0.007779418025165796,0.09729819744825363,0.41086435317993164,0.018626390025019646,-0.08677099645137787,0.3871650993824005,-0.0003781819250434637,0.12357018142938614,0.7505940198898315,0.16047699749469757,-0.07666824012994766,0.7262376546859741,0.1415700912475586
30,-0.027846505865454674,-0.6162269115447998,-0.27539771795272827,0.12781646847724915,-0.5126222968101501,-0.13834717869758606,0.15520957112312317,-0.7365168333053589,-0.22665657103061676,-0.13497860729694366,-0.5072313547134399,-0.14976035058498383,-0.1846584528684616,-0.7147369384765625,-0.2253287434577942,0.12583547830581665,-0.9650303721427917,-0.2840869724750519,-0.17836174368858337,-0.9544750452041626,-0.2786198854446411,0.106297068297863,0.0008255623397417367,0.008407854475080967,-0.10649798810482025,-0.0013917654287070036,-0.007192685734480619,0.09609178453683853,0.4110095202922821,0.01589200273156166,-0.08938030898571014,0.3871327340602875,0.0002775497268885374,0.1206488236784935,0.7507650852203369,0.15679846704006195,-0.08037478476762772,0.7262945771217346,0.14158287644386292
31,-0.027841374278068542,-0.6165665984153748,-0.26582226157188416,0.1278977394104004,-0.5151893496513367,-0.12691630423069,0.1550789475440979,-0.7378862500190735,-0.21157009899616241,-0.13481280207633972,-0.5078078508377075,-0.14036907255649567,-0.1851627230644226,-0.71178138256073,-0.22165043652057648,0.12389826029539108,-0.9662852883338928,-0.26531079411506653,-0.17931729555130005,-0.9458731412887573,-0.2828623950481415,0.10613160580396652,0.0008384142420254648,0.008411029353737831,-0.10634014755487442,-0.001404911163263023,-0.007196758408099413,0.09770774841308594,0.41057056188583374,0.01580607146024704,-0.0893193706870079,0.38678768277168274,0.00035492036840878427,0.12117274850606918,0.7513505816459656,0.14853639900684357,-0.08099640160799026,0.7266905307769775,0.13602186739444733
32,-0.030387405306100845,-0.6175474524497986,-0.26381996273994446,0.12749603390693665,-0.5153364539146423,-0.129245787858963,0.15227341651916504,-0.7355778813362122,-0.23368166387081146,-0.13599532842636108,-0.5091204643249512,-0.12890632450580597,-0.1853136420249939,-0.71278977394104,-0.19825123250484467,0.1179669126868248,-0.9627118110656738,-0.2946944236755371,-0.1850825548171997,-0.9471999406814575,-0.2570700943470001,0.10610553622245789,0.0009711481397971511,0.004448018968105316,-0.10630370676517487,-0.0015311507740989327,-0.003270450048148632,0.09518284350633621,0.4110071063041687,0.008922490291297436,-0.08936642855405807,0.387309730052948,0.005015636328607798,0.12101971358060837,0.7529061436653137,0.14167724549770355,-0.08048930019140244,0.7279823422431946,0.13944745063781738
33,-0.03036518581211567,-0.6150591373443604,-0.26682519912719727,0.12750095129013062,-0.514866054058075,-0.13095687329769135,0.15152008831501007,-0.7323873043060303,-0.237230122089386,-0.13599993288516998,-0.5076091289520264,-0.13432198762893677,-0.1852477490901947,-0.7037490606307983,-0.2275557965040207,0.1158924326300621,-0.9593806862831116,-0.2997668385505676,-0.18586234748363495,-0.9358019232749939,-0.3125375509262085,0.10609657317399979,0.0009510692325420678,0.005385986994951963,-0.10629437118768692,-0.0015103522455319762,-0.004210726823657751,0.0966118648648262,0.41091999411582947,0.009279916994273663,-0.08797056972980499,0.3872361481189728,0.0015015244716778398,0.12265441566705704,0.7529106736183167,0.14119957387447357,-0.08027992397546768,0.7286613583564758,0.1330864280462265
34,-0.030287643894553185,-0.6152101159095764,-0.2670310437679291,0.1282063126564026,-0.5151946544647217,-0.13206148147583008,0.1516023725271225,-0.7346164584159851,-0.23747237026691437,-0.13595710694789886,-0.5076448917388916,-0.13498932123184204,-0.1851458102464676,-0.7050410509109497,-0.22200220823287964,0.11565835028886795,-0.9632340669631958,-0.2989056408405304,-0.18567779660224915,-0.9391408562660217,-0.29396986961364746,0.10617811977863312,0.0010061212815344334,0.005090204533189535,-0.10637348145246506,-0.0015643095830455422,-0.003920592833310366,0.09699923545122147,0.4121089577674866,0.00870494730770588,-0.08760277181863785,0.3878275156021118,0.0019621734973043203,0.1254909634590149,0.753364622592926,0.14383506774902344,-0.07779906690120697,0.7286754250526428,0.13706940412521362
35,-0.030334021896123886,-0.6160107851028442,-0.2649029493331909,0.12819769978523254,-0.5151299834251404,-0.13324567675590515,0.14967069029808044,-0.731756865978241,-0.2421349734067917,-0.13638101518154144,-0.507625162601471,-0.1349368840456009,-0.18375056982040405,-0.7050228118896484,-0.22183538973331451,0.11048653721809387,-0.9595206379890442,-0.3075052797794342,-0.18656614422798157,-0.938866138458252,-0.29355454444885254,0.10628381371498108,0.0010010257828980684,0.0057261125184595585,-0.10647407919168472,-0.001558393589220941,-0.0045408327132463455,0.09657590836286545,0.4121232330799103,0.010020547546446323,-0.08730246126651764,0.3872950077056885,-0.00048644517664797604,0.12303736805915833,0.7509889602661133,0.1513179987668991,-0.076554074883461,0.725864827632904,0.1372319459915161
36,-0.0312870517373085,-0.6164124608039856,-0.2635982930660248,0.12814664840698242,-0.5179961919784546,-0.13364246487617493,0.14940887689590454,-0.7380931973457336,-0.22980080544948578,-0.13425374031066895,-0.5087645649909973,-0.13068071007728577,-0.1834733784198761,-0.7101195454597473,-0.19273492693901062,0.11009308695793152,-0.964043140411377,-0.27924081683158875,-0.18675146996974945,-0.942974328994751,-0.2393426150083542,0.10601887851953506,0.0010655148653313518,0.0055699339136481285,-0.1062021255493164,-0.0016252835048362613,-0.004376671276986599,0.09640978276729584,0.412375807762146,0.013143477030098438,-0.08732954412698746,0.38753995299339294,0.002521058777347207,0.12280936539173126,0.7517789602279663,0.149166539311409,-0.07884795218706131,0.7290699481964111,0.13730545341968536
37,-0.0312642902135849,-0.6171590089797974,-0.26386186480522156,0.12666219472885132,-0.5179905295372009,-0.13538143038749695,0.14694003760814667,-0.7379739284515381,-0.23053881525993347,-0.13578350841999054,-0.5087546706199646,-0.1312418282032013,-0.1845155954360962,-0.708746612071991,-0.19476039707660675,0.10236287862062454,-0.9640020132064819,-0.28012368083000183,-0.19056902825832367,-0.9414891600608826,-0.24373114109039307,0.10603366792201996,0.001161181484349072,0.005398391745984554,-0.10621321946382523,-0.0017178900307044387,-0.004198376089334488,0.0948236808180809,0.41353240609169006,0.013200637884438038,-0.08689375221729279,0.3872089385986328,0.0026879142969846725,0.12304717302322388,0.7517076134681702,0.15239748358726501,-0.07508022338151932,0.7244892716407776,0.14238886535167694
38,-0.028322868049144745,-0.6169851422309875,-0.2742791771888733,0.12667207419872284,-0.5181750655174255,-0.1374504715204239,0.1463647037744522,-0.739108681678772,-0.23116850852966309,-0.13563872873783112,-0.5076892971992493,-0.15240640938282013,-0.18339510262012482,-0.7033545970916748,-0.23928417265415192,0.10014893114566803,-0.9646693468093872,-0.28175458312034607,-0.18407440185546875,-0.9353939294815063,-0.29566261172294617,0.10599881410598755,0.0011767811374738812,0.00785362720489502,-0.1061847060918808,-0.0017338756006211042,-0.006629396695643663,0.09567667543888092,0.4148513078689575,0.023337621241807938,-0.08698548376560211,0.3872520625591278,0.0015334129566326737,0.12388800829648972,0.7520517706871033,0.15706677734851837,-0.07894852012395859,0.7257192134857178,0.13694365322589874
39,-0.03550967201590538,-0.6244394779205322,-0.2573680877685547,0.12100057303905487,-0.5200799703598022,-0.13362185657024384,0.1404801607131958,-0.740456223487854,-0.22765211760997772,-0.13758714497089386,-0.508931577205658,-0.12572884559631348,-0.1858828067779541,-0.704614520072937,-0.18120281398296356,0.09291081130504608,-0.9677174091339111,-0.2783085107803345,-0.19462603330612183,-0.9365844130516052,-0.22473186254501343,0.10597638785839081,0.00117016292642802,0.007172452285885811,-0.10615585744380951,-0.0017259877640753984,-0.005927060730755329,0.09384109824895859,0.4149388372898102,0.022990673780441284,-0.08699122816324234,0.3875066339969635,0.0014755609445273876,0.12364891916513443,0.7520419359207153,0.15693075954914093,-0.07890447229146957,0.7265360355377197,0.13700950145721436
40,-0.03492423892021179,-0.6242807507514954,-0.2819686830043793,0.12112204730510712,-0.5193367004394531,-0.15541958808898926,0.14092722535133362,-0.7413840293884277,-0.256786972284317,-0.1370854377746582,-0.5076207518577576,-0.15132591128349304,-0.18381395936012268,-0.7033261656761169,-0.2280627340078354,0.0936937928199768,-0.9683780670166016,-0.3146897554397583,-0.19304411113262177,-0.9343125224113464,-0.28737205266952515,0.10594596713781357,0.001154582598246634,0.00656536128371954,-0.10612637549638748,-0.0017087034648284316,-0.005326969549059868,0.09695573151111603,0.41487136483192444,0.022660745307803154,-0.08686914294958115,0.3876596689224243,0.004283747170120478,0.130606546998024,0.7520912289619446,0.1571759134531021,-0.07881978899240494,0.7266019582748413,0.14352606236934662
41,-0.03474481403827667,-0.6246554851531982,-0.27499082684516907,0.12082304060459137,-0.5196587443351746,-0.1486976146697998,0.13807974755764008,-0.7413411736488342,-0.25059908628463745,-0.13831162452697754,-0.5075719952583313,-0.14827784895896912,-0.18781602382659912,-0.7033706903457642,-0.22140727937221527,0.0900612473487854,-0.9678378701210022,-0.31091317534446716,-0.1963932365179062,-0.9333024024963379,-0.2746002972126007,0.1059224084019661,0.0011461154790595174,0.007031773682683706,-0.10610157996416092,-0.0016976362094283104,-0.005782071501016617,0.09598100930452347,0.415200412273407,0.023496218025684357,-0.08729352056980133,0.38739845156669617,0.0022974847815930843,0.13039979338645935,0.752088725566864,0.15840338170528412,-0.07936986535787582,0.725272536277771,0.14178751409053802
42,-0.03623451665043831,-0.6230905055999756,-0.2752399444580078,0.12022540718317032,-0.5196777582168579,-0.14980386197566986,0.134441077709198,-0.7413535118103027,-0.25216832756996155,-0.1384393274784088,-0.5065518617630005,-0.14759038388729095,-0.18970607221126556,-0.7031551003456116,-0.21926869451999664,0.08405310660600662,-0.9678773880004883,-0.31148234009742737,-0.20001792907714844,-0.9333048462867737,-0.2706065773963928,0.10591331124305725,0.0010627256706357002,0.0069669573567807674,-0.10609333217144012,-0.00161347899120301,-0.0057184104807674885,0.09617279469966888,0.4149169623851776,0.02331865392625332,-0.08828815817832947,0.38747438788414,0.0023079535458236933,0.13024848699569702,0.751621663570404,0.1595228761434555,-0.08191604912281036,0.7253046631813049,0.14246660470962524
43,-0.04649527743458748,-0.6212644577026367,-0.26062557101249695,0.11712851375341415,-0.5196925401687622,-0.14960074424743652,0.12660934031009674,-0.7370380163192749,-0.2633494436740875,-0.1409236490726471,-0.5076772570610046,-0.11592729389667511,-0.19299815595149994,-0.7043501138687134,-0.1626346856355667,0.06876654177904129,-0.9620131850242615,-0.3235636353492737,-0.2152991145849228,-0.9337680339813232,-0.2108166366815567,0.10592896491289139,0.0009146108641289175,0.0035970513708889484,-0.106099933385849,-0.0014568029437214136,-0.0023251292295753956,0.0960288792848587,0.41384753584861755,0.015407007187604904,-0.09153984487056732,0.3874915540218353,0.00366617226973176,0.13025295734405518,0.7512534856796265,0.15483573079109192,-0.084896981716156,0.7253958582878113,0.14408548176288605
44,-0.04632161185145378,-0.6218864917755127,-0.24421140551567078,0.1192023903131485,-0.5238645672798157,-0.1422170251607895,0.12623244524002075,-0.7380660176277161,-0.2616591155529022,-0.14086459577083588,-0.5093231797218323,-0.09908831119537354,-0.19274812936782837,-0.7042356133460999,-0.15086400508880615,0.05928794667124748,-0.962700605392456,-0.32116004824638367,-0.21340861916542053,-0.9337942004203796,-0.19965343177318573,0.10606130957603455,0.0008348558330908418,0.0017489972524344921,-0.1062227413058281,-0.001370015786960721,-0.0004943956737406552,0.09897718578577042,0.41354551911354065,0.013367392122745514,-0.09453412890434265,0.38716623187065125,0.005060638301074505,0.1333615928888321,0.7507631182670593,0.15475791692733765,-0.08474808186292648,0.7235632538795471,0.14673417806625366
45,-0.059485968202352524,-0.625249981880188,-0.22731785476207733,0.11742416024208069,-0.5272282361984253,-0.14452652633190155,0.12353550642728806,-0.7428227663040161,-0.2629142999649048,-0.139601930975914,-0.520521879196167,-0.08025114238262177,-0.1912955492734909,-0.7204764485359192,-0.11044941842556,0.05846208333969116,-0.968326985836029,-0.31989341974258423,-0.21601253747940063,-0.9438043236732483,-0.1590312421321869,0.10597848147153854,0.0008606972987763584,-0.0032192412763834,-0.10611019283533096,-0.0013910961570218205,0.004525977186858654,0.09874360263347626,0.4120698571205139,0.008986139670014381,-0.0963360145688057,0.3848792612552643,0.011911767534911633,0.1345173716545105,0.7463740110397339,0.15550744533538818,-0.08513219654560089,0.7172642350196838,0.16268914937973022
46,-0.06700412929058075,-0.6252723932266235,-0.22204124927520752,0.11639255285263062,-0.5306890606880188,-0.14434926211833954,0.12143925577402115,-0.7429631352424622,-0.2641628384590149,-0.139841690659523,-0.5222007036209106,-0.07489606738090515,-0.19695231318473816,-0.7215217351913452,-0.10509466379880905,0.05267723649740219,-0.9666851758956909,-0.3222811818122864,-0.23408636450767517,-0.9435757398605347,-0.15700267255306244,0.10579419136047363,0.0008157181437127292,-0.006253877654671669,-0.1059115007519722,-0.0013383806217461824,0.007551305461674929,0.10029057413339615,0.4082045257091522,0.007327158469706774,-0.09869906306266785,0.38348087668418884,0.02103780396282673,0.13510657846927643,0.7411606311798096,0.15290914475917816,-0.0948270857334137,0.7148767709732056,0.16649284958839417
47,-0.06577770411968231,-0.6256545186042786,-0.23171894252300262,0.11620170623064041,-0.5305768847465515,-0.1443983018398285,0.12222038209438324,-0.7459888458251953,-0.2638334333896637,-0.14130987226963043,-0.5217911005020142,-0.08442935347557068,-0.20150679349899292,-0.7226365804672241,-0.11662420630455017,0.05328825116157532,-0.9672341346740723,-0.3217419683933258,-0.2369111031293869,-0.9433844685554504,-0.160365492105484,0.10578671842813492,0.0007830421673133969,-0.005932811181992292,-0.10590235888957977,-0.0013015225995332003,0.007232101634144783,0.10155926644802094,0.40824344754219055,0.010504583828151226,-0.1034545823931694,0.38338395953178406,0.02061888948082924,0.13617964088916779,0.7412976026535034,0.15459191799163818,-0.10395603626966476,0.715076208114624,0.16553238034248352
48,-0.07387477904558182,-0.6262847781181335,-0.18960173428058624,0.11244982481002808,-0.5330168604850769,-0.12101773172616959,0.1106843575835228,-0.7450816035270691,-0.2294819951057434,-0.14144779741764069,-0.5242006778717041,-0.026316558942198753,-0.21018393337726593,-0.7237566113471985,-0.03328069671988487,0.048049136996269226,-0.9669274091720581,-0.2724314033985138,-0.25352951884269714,-0.943233072757721,-0.0831572562456131,0.1055760383605957,0.0004781677562277764,-0.009356343187391758,-0.10565214604139328,-0.0009791001211851835,0.010768002830445766,0.10117170959711075,0.4068160653114319,0.004686759319156408,-0.1036934182047844,0.38336727023124695,0.0226176418364048,0.136699378490448,0.7414153814315796,0.1372043937444687,-0.10320045799016953,0.7203512191772461,0.16244089603424072
49,-0.0764131247997284,-0.6274422407150269,-0.1934269666671753,0.10956554114818573,-0.5338806509971619,-0.11894549429416656,0.10544111579656601,-0.7450380325317383,-0.22753502428531647,-0.14486992359161377,-0.5243563055992126,-0.03985050693154335,-0.20945166051387787,-0.723585844039917,-0.06305759400129318,0.03388262167572975,-0.9684873223304749,-0.27258193492889404,-0.25027793645858765,-0.9430259466171265,-0.11289778351783752,0.10557220131158829,0.00045602224417962134,-0.009290345013141632,-0.10564357042312622,-0.0009557116427458823,0.010699880309402943,0.10087942332029343,0.4067862331867218,0.004966257605701685,-0.104791559278965,0.38314133882522583,0.022172853350639343,0.13692855834960938,0.7414865493774414,0.13789856433868408,-0.10101166367530823,0.7203051447868347,0.1614919751882553
50,-0.08344534039497375,-0.6279242634773254,-0.18049241602420807,0.10743433982133865,-0.5359159708023071,-0.11646541953086853,0.0943264290690422,-0.7445030212402344,-0.22577935457229614,-0.1456415355205536,-0.5250295996665955,-0.02541813813149929,-0.21149955689907074,-0.7232218384742737,-0.03606465086340904,0.022585678845643997,-0.9686335921287537,-0.26642102003097534,-0.2544105052947998,-0.9404259324073792,-0.08318056911230087,0.1055695191025734,0.0003110390098299831,-0.00980969425290823,-0.10563474893569946,-0.0008024818962439895,0.011246375739574432,0.10056891292333603,0.4069144129753113,0.005309486296027899,-0.10571586340665817,0.3827701508998871,0.023194165900349617,0.1376733034849167,0.7410126328468323,0.13874608278274536,-0.10059870034456253,0.7197466492652893,0.16152338683605194
51,-0.08370403945446014,-0.6268917322158813,-0.18523702025413513,0.10734482854604721,-0.5358564853668213,-0.11764270812273026,0.0950089544057846,-0.7441645264625549,-0.2271055430173874,-0.14601795375347137,-0.5244860649108887,-0.03962385281920433,-0.21050499379634857,-0.7223613858222961,-0.06928808987140656,0.021366151049733162,-0.9682402014732361,-0.26923975348472595,-0.2527933120727539,-0.9403620362281799,-0.11584023386240005,0.10559745132923126,0.0003099175519309938,-0.009552011266350746,-0.10566668212413788,-0.0008010241435840726,0.0109818484634161,0.1027509793639183,0.4063638150691986,0.004838121123611927,-0.1073986366391182,0.38176268339157104,0.022130370140075684,0.13884350657463074,0.7402363419532776,0.13982079923152924,-0.10143373906612396,0.718625009059906,0.15985937416553497
52,-0.08324578404426575,-0.6251383423805237,-0.20337623357772827,0.10699550807476044,-0.5355826020240784,-0.11833273619413376,0.09340798109769821,-0.7441110610961914,-0.2282470464706421,-0.14967697858810425,-0.5210185647010803,-0.06818636506795883,-0.2134978324174881,-0.714745819568634,-0.11354740709066391,0.0135475043207407,-0.9682056903839111,-0.2724665701389313,-0.2549334764480591,-0.9338104724884033,-0.16367706656455994,0.10566353797912598,0.00030251083080656826,-0.006391426548361778,-0.10574766248464584,-0.0007925890968181193,0.007764923386275768,0.10481084883213043,0.40638768672943115,0.005433421581983566,-0.10876071453094482,0.3815304636955261,0.012359962798655033,0.14052201807498932,0.7401210069656372,0.14111445844173431,-0.10141725093126297,0.7184351086616516,0.1502992957830429
53,-0.07949735224246979,-0.6248671412467957,-0.2354951649904251,0.10309549421072006,-0.5354540944099426,-0.12071729451417923,0.0901128277182579,-0.7467522025108337,-0.22756950557231903,-0.15715885162353516,-0.5176873803138733,-0.1130686029791832,-0.2186005860567093,-0.7149599194526672,-0.17394612729549408,0.008799337781965733,-0.9685074687004089,-0.2746206820011139,-0.25624680519104004,-0.9361558556556702,-0.2188750058412552,0.10567384958267212,0.0003008101775776595,0.0012072691461071372,-0.10576964169740677,-0.0007919748313724995,0.00013294456584844738,0.10475987941026688,0.40934306383132935,0.016730008646845818,-0.11108370125293732,0.3812459409236908,-0.005160944536328316,0.13643471896648407,0.742653489112854,0.15136656165122986,-0.10578012466430664,0.7183907628059387,0.13497741520404816
54,-0.07912429422140121,-0.6242932081222534,-0.23663488030433655,0.1030992716550827,-0.533784031867981,-0.1270390897989273,0.08778843283653259,-0.7404064536094666,-0.24562567472457886,-0.1623547375202179,-0.5156928300857544,-0.10477913916110992,-0.22621698677539825,-0.715843677520752,-0.15954935550689697,0.004127944819629192,-0.960522472858429,-0.3033636212348938,-0.2592182457447052,-0.9432958364486694,-0.2079363316297531,0.10611860454082489,1.1918950804101769e-05,0.0010118584614247084,-0.10624173283576965,-0.0005110765341669321,0.0003297268704045564,0.10519929975271225,0.4103413224220276,0.016989262774586678,-0.11526454985141754,0.38139528036117554,-0.003894499968737364,0.1362576186656952,0.7431646585464478,0.16269108653068542,-0.10925298184156418,0.71834796667099,0.14366085827350616
55,-0.07925793528556824,-0.6239973902702332,-0.2617698311805725,0.09790690988302231,-0.5311124324798584,-0.15022055804729462,0.08620358258485794,-0.7391979098320007,-0.27283090353012085,-0.16875706613063812,-0.5103786587715149,-0.12882530689239502,-0.23855605721473694,-0.7130120396614075,-0.18902155756950378,0.0022820078302174807,-0.9552794694900513,-0.3379831910133362,-0.27228304743766785,-0.9406604766845703,-0.23882968723773956,0.10616261512041092,-0.0005164338508620858,0.0009923861362040043,-0.10630252212285995,2.04667667276226e-05,0.0003390067140571773,0.1050470694899559,0.41070476174354553,0.01679215021431446,-0.11662326753139496,0.3829494118690491,-0.0026460890658199787,0.13582509756088257,0.7428637742996216,0.16861926019191742,-0.11241596937179565,0.7193721532821655,0.1467735916376114
56,-0.09093818068504333,-0.6082154512405396,-0.2828361690044403,0.0972345769405365,-0.5160656571388245,-0.18693724274635315,0.08617451786994934,-0.7003048062324524,-0.3289172351360321,-0.16894838213920593,-0.5021811127662659,-0.12837304174900055,-0.24134784936904907,-0.6979568600654602,-0.17598018050193787,0.0022343979217112064,-0.9225815534591675,-0.3931008577346802,-0.2815307676792145,-0.9240840077400208,-0.22986769676208496,0.10649669915437698,-0.0012198456097394228,-0.004426153842359781,-0.1066727489233017,0.0007155586499720812,0.005795333534479141,0.09464629739522934,0.4119809567928314,0.002398934680968523,-0.12079332768917084,0.3807406425476074,-0.013889058493077755,0.12356874346733093,0.741347074508667,0.1684558242559433,-0.11441722512245178,0.716331422328949,0.13732655346393585
57,-0.09046638756990433,-0.6076570749282837,-0.27836158871650696,0.09698999673128128,-0.5147234201431274,-0.183465838432312,0.08634509146213531,-0.7007851600646973,-0.3226010203361511,-0.1702692061662674,-0.5019203424453735,-0.1238318681716919,-0.24688401818275452,-0.6958891153335571,-0.17336393892765045,0.002753862179815769,-0.9213868975639343,-0.38705870509147644,-0.28621411323547363,-0.921237587928772,-0.22535106539726257,0.10659471899271011,-0.0016095202881842852,-0.007045278791338205,-0.1067807525396347,0.001116886967793107,0.008387278765439987,0.09242332726716995,0.4126744568347931,-2.8364300305838697e-05,-0.12365001440048218,0.37809133529663086,-0.016728190705180168,0.12400064617395401,0.7396465539932251,0.1687004715204239,-0.1140165701508522,0.7133257985115051,0.13619059324264526
58,-0.09139825403690338,-0.6063753366470337,-0.2852734923362732,0.0945003405213356,-0.5127431750297546,-0.18635506927967072,0.08438122272491455,-0.7019164562225342,-0.32645517587661743,-0.1723202019929886,-0.49945327639579773,-0.1307552456855774,-0.24996034801006317,-0.6951161623001099,-0.17984828352928162,-0.0007648990722373128,-0.9208095669746399,-0.3931807279586792,-0.293637216091156,-0.9205867052078247,-0.2415916919708252,0.10662088543176651,-0.0019425894133746624,-0.0070982426404953,-0.1068100854754448,0.0014533569337800145,0.008435235358774662,0.09222817420959473,0.4126867353916168,-0.0009756925282999873,-0.1229175329208374,0.37717413902282715,-0.020030535757541656,0.12349934130907059,0.7396422028541565,0.16453413665294647,-0.11054631322622299,0.7131037712097168,0.13260801136493683
59,-0.09793158620595932,-0.6062758564949036,-0.27862516045570374,0.09087661653757095,-0.5132143497467041,-0.18377721309661865,0.08312693983316422,-0.700057327747345,-0.32079818844795227,-0.1778339296579361,-0.49960893392562866,-0.11169740557670593,-0.26729801297187805,-0.6956579685211182,-0.14903324842453003,-0.0027870459016412497,-0.9190149903297424,-0.3847740888595581,-0.32231834530830383,-0.9206026792526245,-0.22186841070652008,0.10663439333438873,-0.0023837422486394644,-0.009108223021030426,-0.10682803392410278,0.001905436860397458,0.010436741635203362,0.09067516028881073,0.41274192929267883,-0.005958859343081713,-0.12345976382493973,0.3765990138053894,-0.019038639962673187,0.12139041721820831,0.7396605610847473,0.15675663948059082,-0.11010576784610748,0.7129895687103271,0.13307876884937286
60,-0.10752710700035095,-0.5929061770439148,-0.3012262284755707,0.08446459472179413,-0.5115969777107239,-0.2144807130098343,0.07325324416160583,-0.7006299495697021,-0.35549280047416687,-0.17682701349258423,-0.4970361888408661,-0.128793865442276,-0.2695158123970032,-0.6926108598709106,-0.1589917689561844,-0.01675361394882202,-0.9155833125114441,-0.41988518834114075,-0.3345641493797302,-0.9151759147644043,-0.2326168715953827,0.1060313954949379,-0.0023016140330582857,-0.014168931171298027,-0.10622873902320862,0.0018248797859996557,0.015520122833549976,0.08259399980306625,0.41360944509506226,-0.012068171054124832,-0.12462670356035233,0.37442249059677124,-0.013936822302639484,0.1150839552283287,0.7421985268592834,0.14411561191082,-0.11023388803005219,0.710091233253479,0.1437472403049469
61,-0.12397075444459915,-0.5931342244148254,-0.2728353440761566,0.07677917927503586,-0.5163865089416504,-0.2098209708929062,0.05210454389452934,-0.7070010900497437,-0.3509216606616974,-0.18215282261371613,-0.49722203612327576,-0.1059669628739357,-0.29012081027030945,-0.6929385662078857,-0.1284969598054886,-0.044267360121011734,-0.9164977073669434,-0.40996307134628296,-0.36196452379226685,-0.9122607111930847,-0.19910311698913574,0.10604662448167801,-0.0023309243842959404,-0.015657911077141762,-0.10623954236507416,0.0018543588230386376,0.017063871026039124,0.08178763091564178,0.4139406383037567,-0.019051482900977135,-0.1255851686000824,0.37427690625190735,-0.01159018836915493,0.11553450673818588,0.741282045841217,0.14309994876384735,-0.11075886338949203,0.7084084749221802,0.1470920592546463
62,-0.12444836646318436,-0.5938728451728821,-0.2544170320034027,0.07323413342237473,-0.5212235450744629,-0.17918811738491058,0.05189113691449165,-0.7078085541725159,-0.308441698551178,-0.18567074835300446,-0.4972131550312042,-0.07940245419740677,-0.2960123121738434,-0.6841217279434204,-0.09773341566324234,-0.04526112601161003,-0.9168811440467834,-0.3679841160774231,-0.3698004484176636,-0.9016628265380859,-0.1706569790840149,0.10606024414300919,-0.002604622859507799,-0.016823772341012955,-0.10625243932008743,0.00213101739063859,0.018245754763484,0.08197198063135147,0.41395917534828186,-0.01872209645807743,-0.1256106197834015,0.37371712923049927,-0.01147952489554882,0.11622340977191925,0.7400205135345459,0.14276663959026337,-0.09662757068872452,0.7048642039299011,0.1491444855928421
63,-0.13727983832359314,-0.5863702893257141,-0.25207170844078064,0.06940022855997086,-0.5217841267585754,-0.17920710146427155,0.04417853802442551,-0.7049182057380676,-0.30894264578819275,-0.18705293536186218,-0.49601683020591736,-0.0764382928609848,-0.30576765537261963,-0.6754471659660339,-0.0886516347527504,-0.060190994292497635,-0.9109114408493042,-0.3689696788787842,-0.38200947642326355,-0.8908597826957703,-0.16392886638641357,0.105965256690979,-0.002640112303197384,-0.019829967990517616,-0.10615510493516922,0.0021666218526661396,0.021251795813441277,0.07781385630369186,0.4136809706687927,-0.026150930672883987,-0.1266394406557083,0.37181052565574646,-0.007038947194814682,0.11313126981258392,0.739815354347229,0.13272534310817719,-0.09324362128973007,0.698982834815979,0.15858270227909088
64,-0.1600072830915451,-0.5762764811515808,-0.2397124171257019,0.0645403191447258,-0.5217252373695374,-0.17988157272338867,0.0288714412599802,-0.6963650584220886,-0.312126100063324,-0.19317282736301422,-0.4961791932582855,-0.06748585402965546,-0.3241678774356842,-0.6745219230651855,-0.07064618915319443,-0.08690398931503296,-0.9075906276702881,-0.3713191747665405,-0.40533700585365295,-0.8859439492225647,-0.15078988671302795,0.10597821325063705,-0.002656549448147416,-0.022011691704392433,-0.10616617649793625,0.0021846662275493145,0.023461053147912025,0.07365605235099792,0.4139489233493805,-0.026329778134822845,-0.1284218430519104,0.368687242269516,-0.017207371070981026,0.11303413659334183,0.738633930683136,0.1370912492275238,-0.09254632890224457,0.6963798999786377,0.14762109518051147
65,-0.16141986846923828,-0.5769228339195251,-0.2333735078573227,0.06066681817173958,-0.5224260687828064,-0.16959154605865479,0.02789430320262909,-0.6910026669502258,-0.31081444025039673,-0.20686310529708862,-0.49477872252464294,-0.06540476530790329,-0.33740848302841187,-0.6618101596832275,-0.07826846837997437,-0.09237338602542877,-0.8984091281890869,-0.37477079033851624,-0.41371777653694153,-0.872363269329071,-0.15723003447055817,0.10617918521165848,-0.0027745780535042286,-0.022123554721474648,-0.10637876391410828,0.0023121447302401066,0.023551151156425476,0.07398302853107452,0.4142584502696991,-0.028790393844246864,-0.1298942118883133,0.3683955669403076,-0.022559819743037224,0.1131809800863266,0.7386054396629333,0.13711170852184296,-0.09192892163991928,0.69659024477005,0.14115796983242035
66,-0.16183678805828094,-0.5739070177078247,-0.23587752878665924,0.05749116092920303,-0.5224671363830566,-0.17021723091602325,0.026664556935429573,-0.6910289525985718,-0.3147011697292328,-0.20704950392246246,-0.4921708106994629,-0.06596652418375015,-0.3369743525981903,-0.6589215397834778,-0.08192017674446106,-0.09683836996555328,-0.8965870141983032,-0.38346368074417114,-0.41600167751312256,-0.8680697083473206,-0.15847265720367432,0.10619150847196579,-0.0030540816951543093,-0.022539528086781502,-0.10639578849077225,0.00259671569801867,0.023951783776283264,0.07508542388677597,0.4130370616912842,-0.0307097677141428,-0.1338992714881897,0.3672240972518921,-0.02632725052535534,0.11319517344236374,0.7382479310035706,0.13111115992069244,-0.09195505827665329,0.6966877579689026,0.1332591027021408
67,-0.1726163625717163,-0.5570842027664185,-0.26603811979293823,0.05505303293466568,-0.5136209726333618,-0.21174399554729462,0.005797307472676039,-0.668020486831665,-0.3916422128677368,-0.2143484354019165,-0.4778669774532318,-0.11487242579460144,-0.3471924066543579,-0.6333032250404358,-0.17321103811264038,-0.12516073882579803,-0.874266505241394,-0.4786772131919861,-0.4378001093864441,-0.8359642624855042,-0.27860328555107117,0.10646584630012512,-0.003323494689539075,-0.021386589854955673,-0.10668621212244034,0.0028889691457152367,0.022754764184355736,0.07494740188121796,0.41129055619239807,-0.03860095515847206,-0.13759472966194153,0.36112624406814575,-0.06437911093235016,0.10849293321371078,0.7367269396781921,0.13155651092529297,-0.09539680927991867,0.6918312311172485,0.08545577526092529
68,-0.18737444281578064,-0.5597649216651917,-0.24112476408481598,0.0470690056681633,-0.51347815990448,-0.20670340955257416,-0.008162079378962517,-0.6624792218208313,-0.372687429189682,-0.22424942255020142,-0.4786873161792755,-0.09018339961767197,-0.3658628761768341,-0.6366239190101624,-0.12107907235622406,-0.14395634829998016,-0.8695432543754578,-0.4519747197628021,-0.4630134105682373,-0.8383792638778687,-0.21692244708538055,0.10665049403905869,-0.0038031553849577904,-0.022360784932971,-0.10687711089849472,0.003419135231524706,0.023651590570807457,0.07883313298225403,0.3994091749191284,-0.07447609305381775,-0.15530936419963837,0.35410216450691223,-0.07486211508512497,0.11180918663740158,0.7220780849456787,0.09957076609134674,-0.10776938498020172,0.6848540902137756,0.08095625042915344
69,-0.18936939537525177,-0.5480836033821106,-0.2543253004550934,0.04768075421452522,-0.5110577344894409,-0.2184712439775467,-0.012362738139927387,-0.656315803527832,-0.4015951454639435,-0.222259521484375,-0.47206345200538635,-0.10612663626670837,-0.36080121994018555,-0.6180898547172546,-0.15341514348983765,-0.1445949226617813,-0.8548668026924133,-0.49033308029174805,-0.4573334753513336,-0.8115046620368958,-0.2657294273376465,0.10682080686092377,-0.004562094807624817,-0.021959396079182625,-0.10704274475574493,0.004197797738015652,0.023273508995771408,0.08113469928503036,0.40012380480766296,-0.05955594405531883,-0.1533704549074173,0.3506280779838562,-0.08602048456668854,0.12121943384408951,0.7211958169937134,0.1350938230752945,-0.10754378885030746,0.6794300079345703,0.07072523981332779
70,-0.21657538414001465,-0.5374195575714111,-0.27277347445487976,0.04055235534906387,-0.49858713150024414,-0.25169697403907776,-0.019148608669638634,-0.6408253908157349,-0.4441576600074768,-0.22223305702209473,-0.4681713283061981,-0.11958596110343933,-0.3666345775127411,-0.6198316812515259,-0.14972363412380219,-0.15781725943088531,-0.8378987908363342,-0.539825975894928,-0.47866159677505493,-0.8130806088447571,-0.25383704900741577,0.1066448986530304,-0.004612673074007034,-0.026754705235362053,-0.10686870664358139,0.004248105455189943,0.02794051729142666,0.072789266705513,0.37989234924316406,-0.11764393746852875,-0.16665998101234436,0.34215518832206726,-0.07929570227861404,0.11329245567321777,0.7065659761428833,0.04498409107327461,-0.1153486967086792,0.6712215542793274,0.07586539536714554
71,-0.22257700562477112,-0.5400657057762146,-0.24244117736816406,0.030910763889551163,-0.499563992023468,-0.22458712756633759,-0.02508070133626461,-0.6426087021827698,-0.4183952510356903,-0.23418396711349487,-0.46914517879486084,-0.09435296803712845,-0.37979307770729065,-0.6224744319915771,-0.1161336824297905,-0.16557985544204712,-0.8430799245834351,-0.5355666279792786,-0.49190518260002136,-0.817975640296936,-0.2089163064956665,0.10667800158262253,-0.00523587828502059,-0.027087105438113213,-0.10690028220415115,0.004916722886264324,0.02824448235332966,0.07528937608003616,0.3707469403743744,-0.14035896956920624,-0.16940870881080627,0.3408527076244354,-0.08256383240222931,0.11945798248052597,0.6979284882545471,0.013687893748283386,-0.12158429622650146,0.6705783009529114,0.0652061328291893
72,-0.2340775728225708,-0.5346806645393372,-0.24360089004039764,0.0035386239178478718,-0.5005375742912292,-0.21378310024738312,-0.050506591796875,-0.6465873718261719,-0.3917461633682251,-0.2503303587436676,-0.46444717049598694,-0.08185907453298569,-0.39348581433296204,-0.6174248456954956,-0.08581659942865372,-0.1911691278219223,-0.8469513654708862,-0.4996568262577057,-0.5299059748649597,-0.8074373006820679,-0.16099445521831512,0.10658858716487885,-0.006740962155163288,-0.028854968026280403,-0.10680554062128067,0.006441270466893911,0.030001308768987656,0.06641549617052078,0.3523999750614166,-0.2043968290090561,-0.17277871072292328,0.3413527309894562,-0.08324267715215683,0.10069473832845688,0.6843878030776978,-0.07522940635681152,-0.1349087357521057,0.6719868183135986,0.04885563626885414
73,-0.23340770602226257,-0.5297532677650452,-0.26462221145629883,0.006123706232756376,-0.49525949358940125,-0.23006226122379303,-0.05049070343375206,-0.6312344074249268,-0.42258015275001526,-0.2528078854084015,-0.4548038840293884,-0.10285203158855438,-0.39270901679992676,-0.6009733080863953,-0.12974844872951508,-0.2044072449207306,-0.8177447319030762,-0.5283293724060059,-0.5313326716423035,-0.7858049869537354,-0.2263764590024948,0.10671698302030563,-0.008380456827580929,-0.02954661101102829,-0.10692917555570602,0.008109262213110924,0.03068319894373417,0.06304976344108582,0.3489351272583008,-0.22086390852928162,-0.17582976818084717,0.338175505399704,-0.11078745126724243,0.09355059266090393,0.6815109252929688,-0.09002082049846649,-0.13443595170974731,0.668239414691925,0.016967833042144775
74,-0.24552635848522186,-0.5251410007476807,-0.26142486929893494,-0.0003504175110720098,-0.49593386054039,-0.22879108786582947,-0.05547786131501198,-0.6332391500473022,-0.4152787923812866,-0.2626192569732666,-0.45160090923309326,-0.0994647666811943,-0.4091242551803589,-0.5941293239593506,-0.1234167143702507,-0.21139052510261536,-0.811238706111908,-0.5169951319694519,-0.5558181405067444,-0.7720823884010315,-0.22300778329372406,0.10686664283275604,-0.009613113477826118,-0.030315261334180832,-0.10707223415374756,0.009356209076941013,0.031474824994802475,0.057771895080804825,0.34651267528533936,-0.22990132868289948,-0.1778785139322281,0.33846792578697205,-0.10491374880075455,0.09245388209819794,0.6780381202697754,-0.10681409388780594,-0.13440150022506714,0.6687766313552856,0.0281516145914793
75,-0.2508889138698578,-0.5170620083808899,-0.2753715217113495,-0.0049980515614151955,-0.4903978705406189,-0.24075353145599365,-0.06624094396829605,-0.6144235134124756,-0.42833346128463745,-0.2618829905986786,-0.4464024603366852,-0.10832750797271729,-0.40536898374557495,-0.5843706727027893,-0.12896935641765594,-0.23324252665042877,-0.7909343242645264,-0.5227459669113159,-0.5584629774093628,-0.7605655789375305,-0.22546744346618652,0.1068662479519844,-0.010462515987455845,-0.03084743395447731,-0.10707204043865204,0.010202174074947834,0.03201480209827423,0.056814827024936676,0.34489110112190247,-0.23322556912899017,-0.19248761236667633,0.33846282958984375,-0.11901018023490906,0.08347689360380173,0.6771773099899292,-0.10275827348232269,-0.14699465036392212,0.6671945452690125,0.007169474381953478
76,-0.2553754150867462,-0.49539914727211,-0.280114084482193,-0.011404876597225666,-0.4883646070957184,-0.24160321056842804,-0.08417961746454239,-0.6054939031600952,-0.4409703016281128,-0.26501190662384033,-0.43713268637657166,-0.11155286431312561,-0.4078251123428345,-0.5743916034698486,-0.1286289393901825,-0.24135535955429077,-0.7779494524002075,-0.5506370663642883,-0.5741068124771118,-0.740801990032196,-0.2174966037273407,0.10687874257564545,-0.011261871084570885,-0.031258996576070786,-0.10708463937044144,0.010999909602105618,0.03245758265256882,0.05268457531929016,0.33821046352386475,-0.25088226795196533,-0.19929586350917816,0.3372913599014282,-0.1257222294807434,0.07944204658269882,0.6748718023300171,-0.13247288763523102,-0.1515977829694748,0.6674346923828125,-0.0025117602199316025
77,-0.26702770590782166,-0.49974188208580017,-0.2677430510520935,-0.016764268279075623,-0.48703405261039734,-0.2398361712694168,-0.09514395892620087,-0.596274733543396,-0.43658822774887085,-0.26636233925819397,-0.4371282458305359,-0.10762205719947815,-0.41343462467193604,-0.5663854479789734,-0.11162019520998001,-0.26599574089050293,-0.765085756778717,-0.5418416261672974,-0.5805848240852356,-0.7374587059020996,-0.18239924311637878,0.10685676336288452,-0.011751019395887852,-0.031898073852062225,-0.10706260055303574,0.011499608866870403,0.0330912247300148,0.05302094295620918,0.32959631085395813,-0.26030054688453674,-0.2011580914258957,0.32632243633270264,-0.13781020045280457,0.0807461217045784,0.6607807874679565,-0.13727356493473053,-0.1543671190738678,0.6631007194519043,-0.018555613234639168
78,-0.2825033366680145,-0.4919886291027069,-0.2629709243774414,-0.024436600506305695,-0.4851861000061035,-0.23901386559009552,-0.10584162920713425,-0.5768210887908936,-0.4379168748855591,-0.27390363812446594,-0.43268072605133057,-0.10727153718471527,-0.4204130470752716,-0.5541249513626099,-0.10602370649576187,-0.28409844636917114,-0.7448698282241821,-0.5405336022377014,-0.5897140502929688,-0.7244315147399902,-0.17152975499629974,0.10689429938793182,-0.01208093948662281,-0.032021574676036835,-0.10710347443819046,0.011832434684038162,0.033228810876607895,0.05171157047152519,0.31898200511932373,-0.2788780927658081,-0.20091305673122406,0.28899097442626953,-0.17124195396900177,0.07933653891086578,0.6437726020812988,-0.14372289180755615,-0.15486502647399902,0.6358914375305176,-0.04803978279232979
79,-0.31118425726890564,-0.4888273775577545,-0.22686484456062317,-0.0420386865735054,-0.47362858057022095,-0.22562167048454285,-0.13310159742832184,-0.49819186329841614,-0.43375933170318604,-0.28933438658714294,-0.42918744683265686,-0.09137487411499023,-0.421202689409256,-0.5391454696655273,-0.08947066217660904,-0.30176129937171936,-0.6636970639228821,-0.5385695099830627,-0.5930649042129517,-0.708246111869812,-0.14384771883487701,0.10703331232070923,-0.012989912182092667,-0.032186225056648254,-0.10724502801895142,0.012734219431877136,0.033415958285331726,0.047106243669986725,0.3111276924610138,-0.29346582293510437,-0.2159322202205658,0.2843806743621826,-0.18300707638263702,0.06218260899186134,0.6292330622673035,-0.1498347520828247,-0.168695330619812,0.6208413243293762,-0.05168846622109413
80,-0.315921813249588,-0.47696948051452637,-0.21004430949687958,-0.04682950675487518,-0.47342535853385925,-0.21526750922203064,-0.14956599473953247,-0.4978067874908447,-0.41913124918937683,-0.2886548638343811,-0.42878633737564087,-0.06894034892320633,-0.43304088711738586,-0.5354040265083313,-0.042277831584215164,-0.3087701201438904,-0.6685470342636108,-0.5263233184814453,-0.6201221346855164,-0.6945602297782898,-0.10477616637945175,0.1070462018251419,-0.013979298062622547,-0.032960593700408936,-0.10725760459899902,0.013705960474908352,0.03426220640540123,0.04524286463856697,0.30896124243736267,-0.2904728651046753,-0.21902072429656982,0.27707284688949585,-0.18198253214359283,0.05983246862888336,0.6301934123039246,-0.1597481369972229,-0.18086695671081543,0.6203427314758301,-0.06270984560251236
81,-0.3097270429134369,-0.45562395453453064,-0.2296234667301178,-0.043662551790475845,-0.45911267399787903,-0.23568302392959595,-0.14595338702201843,-0.4803411364555359,-0.4522542655467987,-0.2872081398963928,-0.41694891452789307,-0.10039570182561874,-0.43315520882606506,-0.5255306959152222,-0.07393849641084671,-0.3009013533592224,-0.6450352072715759,-0.5757630467414856,-0.6224806904792786,-0.6833385825157166,-0.11214803904294968,0.10760357230901718,-0.013938464224338531,-0.03250369057059288,-0.10784423351287842,0.013658185489475727,0.03382747992873192,0.04465995356440544,0.30761274695396423,-0.29781046509742737,-0.22602058947086334,0.25631630420684814,-0.21075384318828583,0.06095347926020622,0.6276981234550476,-0.15728162229061127,-0.1787586808204651,0.6033596396446228,-0.08350751549005508
82,-0.31623154878616333,-0.4496779143810272,-0.22920170426368713,-0.04793886840343475,-0.4608801603317261,-0.23529767990112305,-0.15267635881900787,-0.49330073595046997,-0.44860485196113586,-0.2913016974925995,-0.40889444947242737,-0.09746457636356354,-0.4615722894668579,-0.5016685724258423,-0.07414031773805618,-0.31412509083747864,-0.651714563369751,-0.5663045048713684,-0.6469137668609619,-0.6618812084197998,-0.12595918774604797,0.10753603279590607,-0.014187687076628208,-0.03317946568131447,-0.10777474194765091,0.013919785618782043,0.03450218588113785,0.035062577575445175,0.28867262601852417,-0.33127355575561523,-0.2397114485502243,0.25232064723968506,-0.22055700421333313,0.04683414474129677,0.600945770740509,-0.17859242856502533,-0.18236303329467773,0.5995635986328125,-0.09336183220148087
83,-0.31457236409187317,-0.4520843029022217,-0.22740745544433594,-0.04657123237848282,-0.4629550874233246,-0.2271052896976471,-0.14994965493679047,-0.4950234591960907,-0.43493422865867615,-0.2965417206287384,-0.4043859541416168,-0.0926017016172409,-0.46070218086242676,-0.4894096553325653,-0.0754636824131012,-0.3132833242416382,-0.6468132734298706,-0.5477408170700073,-0.6489075422286987,-0.6535449028015137,-0.1320873200893402,0.10841020941734314,-0.014909619465470314,-0.03318260982632637,-0.10864006727933884,0.014651806093752384,0.034508414566516876,0.038764432072639465,0.2831251919269562,-0.34146884083747864,-0.24551494419574738,0.23991379141807556,-0.23257973790168762,0.0488102100789547,0.5989406704902649,-0.20598424971103668,-0.18871957063674927,0.5872804522514343,-0.12327700108289719
84,-0.31352242827415466,-0.44468405842781067,-0.23992514610290527,-0.0457351952791214,-0.4531908631324768,-0.2339588701725006,-0.14917631447315216,-0.4686861038208008,-0.4482133090496063,-0.2965191900730133,-0.3941221535205841,-0.09628523886203766,-0.462162584066391,-0.4815080463886261,-0.07598987221717834,-0.3101365268230438,-0.6147031188011169,-0.5656933784484863,-0.650906503200531,-0.6418588161468506,-0.13354893028736115,0.10890566557645798,-0.015148233622312546,-0.03147900104522705,-0.10911501199007034,0.014876358211040497,0.03285374864935875,0.0360197089612484,0.2667370140552521,-0.36421671509742737,-0.25634148716926575,0.21882233023643494,-0.2628442943096161,0.046989377588033676,0.5774849653244019,-0.2186383754014969,-0.19385592639446259,0.5736181139945984,-0.14953339099884033
85,-0.293563574552536,-0.413038432598114,-0.33694368600845337,-0.028540706261992455,-0.38656705617904663,-0.31401732563972473,-0.12135002017021179,-0.36012741923332214,-0.5157570838928223,-0.29256340861320496,-0.38523218035697937,-0.1812237650156021,-0.4577605724334717,-0.45059633255004883,-0.17600740492343903,-0.29004552960395813,-0.5110762119293213,-0.6170409917831421,-0.6471734642982483,-0.5904494524002075,-0.2267189770936966,0.11021272838115692,-0.01074180006980896,-0.024758432060480118,-0.11045728623867035,0.010299177840352058,0.026269471272826195,0.036224909126758575,0.26772603392601013,-0.36520761251449585,-0.25816866755485535,0.19723641872406006,-0.2793973386287689,0.047213345766067505,0.5595414042472839,-0.1908888965845108,-0.19307121634483337,0.540505588054657,-0.14058758318424225
86,-0.3049337565898895,-0.4075804054737091,-0.31227925419807434,-0.03215743228793144,-0.3791734278202057,-0.30742347240448,-0.09787364304065704,-0.2545255124568939,-0.43799862265586853,-0.30127978324890137,-0.38658225536346436,-0.15163403749465942,-0.483544260263443,-0.4588792026042938,-0.0964617133140564,-0.2509750723838806,-0.3469827175140381,-0.5404198169708252,-0.6849462985992432,-0.5860849618911743,-0.14042797684669495,0.11001869291067123,-0.010538078844547272,-0.02612132765352726,-0.1102900356054306,0.010066969320178032,0.027689317241311073,0.03641412779688835,0.27632927894592285,-0.35291787981987,-0.2694057524204254,0.2057846337556839,-0.2530742883682251,0.04788777232170105,0.5643784403800964,-0.16247957944869995,-0.21500378847122192,0.540321946144104,-0.10708550363779068
87,-0.3046761453151703,-0.40547454357147217,-0.28669893741607666,-0.03146573528647423,-0.38865378499031067,-0.2849056124687195,-0.0946010947227478,-0.27201685309410095,-0.416760116815567,-0.300552099943161,-0.38768139481544495,-0.13757751882076263,-0.48805245757102966,-0.45192739367485046,-0.0941251888871193,-0.25737982988357544,-0.369529128074646,-0.5134990811347961,-0.6984840631484985,-0.578313946723938,-0.14461730420589447,0.11000566929578781,-0.01051601953804493,-0.026506537571549416,-0.11028947681188583,0.010045107454061508,0.028075270354747772,0.04211123660206795,0.27885496616363525,-0.35027584433555603,-0.26883628964424133,0.21197262406349182,-0.24718312919139862,0.0523499995470047,0.5678627490997314,-0.14707082509994507,-0.21754497289657593,0.5355411171913147,-0.09291163086891174
88,-0.29377809166908264,-0.3890860080718994,-0.26983168721199036,-0.02769561856985092,-0.3928128182888031,-0.2746366560459137,-0.09627038985490799,-0.3012511730194092,-0.4182555675506592,-0.297635555267334,-0.38897404074668884,-0.12382065504789352,-0.4844636917114258,-0.4507579505443573,-0.09110318869352341,-0.2729620337486267,-0.4220779240131378,-0.4987846910953522,-0.6913384795188904,-0.5778634548187256,-0.14269918203353882,0.11036622524261475,-0.0100015327334404,-0.026763861998915672,-0.11064911633729935,0.009525401517748833,0.028299175202846527,0.042060501873493195,0.26315397024154663,-0.3852817416191101,-0.2689574360847473,0.18577560782432556,-0.27293661236763,0.049047596752643585,0.5489216446876526,-0.16419503092765808,-0.2152574509382248,0.5062166452407837,-0.1136651411652565
89,-0.29449599981307983,-0.39330726861953735,-0.23988676071166992,-0.037042323499917984,-0.403749018907547,-0.2506028115749359,-0.11881396174430847,-0.3287324011325836,-0.4194203019142151,-0.2988303005695343,-0.3904567360877991,-0.08961382508277893,-0.49116963148117065,-0.44174766540527344,-0.06579801440238953,-0.3034761846065521,-0.46105363965034485,-0.5043306350708008,-0.6979863047599792,-0.5709930062294006,-0.11855915188789368,0.10987018048763275,-0.009346027858555317,-0.030318371951580048,-0.11015082895755768,0.008904485031962395,0.03163858503103256,0.006293823476880789,0.24014589190483093,-0.40299782156944275,-0.2930990755558014,0.1652308702468872,-0.26751282811164856,0.02900947444140911,0.5264220833778381,-0.18476107716560364,-0.2278641313314438,0.48058223724365234,-0.10035960376262665
90,-0.3218088448047638,-0.45439738035202026,-0.1856096088886261,-0.05234820395708084,-0.4557420313358307,-0.20078977942466736,-0.15031376481056213,-0.3855242133140564,-0.37968140840530396,-0.3097774386405945,-0.39764124155044556,-0.044077374041080475,-0.5137269496917725,-0.4418388307094574,-0.045808371156454086,-0.3505094349384308,-0.4745103120803833,-0.4671952724456787,-0.7225716710090637,-0.5645081996917725,-0.11861540377140045,0.10928785800933838,-0.010777425020933151,-0.03395868465304375,-0.10956466197967529,0.010426796972751617,0.03523954004049301,-0.007133437320590019,0.23834474384784698,-0.40635839104652405,-0.2903471887111664,0.16867320239543915,-0.26207584142684937,0.031389471143484116,0.5154739618301392,-0.1852150559425354,-0.22553421556949615,0.4845024645328522,-0.09440292418003082
91,-0.3358149826526642,-0.4574635922908783,-0.18624258041381836,-0.05824912711977959,-0.4552602469921112,-0.2060849666595459,-0.15536361932754517,-0.37986332178115845,-0.3806644380092621,-0.3119584023952484,-0.39870941638946533,-0.04187921807169914,-0.5100094676017761,-0.4268127381801605,-0.040278173983097076,-0.3644465208053589,-0.469680517911911,-0.4598095715045929,-0.7223576903343201,-0.5384208559989929,-0.11940204352140427,0.10790213197469711,-0.011691697873175144,-0.03841841220855713,-0.10819581896066666,0.011376183480024338,0.03974265232682228,-0.008734434843063354,0.2377459555864334,-0.40026789903640747,-0.29227885603904724,0.17596934735774994,-0.23584336042404175,0.03245706856250763,0.5142009854316711,-0.18450503051280975,-0.22802497446537018,0.4914330542087555,-0.07715138792991638
92,-0.3351680636405945,-0.4613775610923767,-0.19324979186058044,-0.05727897956967354,-0.45265430212020874,-0.21022401750087738,-0.12460151314735413,-0.3778877854347229,-0.3817974627017975,-0.3155826926231384,-0.3986057639122009,-0.0497308224439621,-0.5183204412460327,-0.4258090555667877,-0.06150981783866882,-0.35796788334846497,-0.4520874619483948,-0.46123579144477844,-0.728931725025177,-0.5362659692764282,-0.14570578932762146,0.10790156573057175,-0.013001769781112671,-0.03860752657055855,-0.10819800198078156,0.012699978426098824,0.03994276747107506,-0.0050963046960532665,0.22304168343544006,-0.4089953899383545,-0.29082995653152466,0.17543163895606995,-0.23675543069839478,0.03434024378657341,0.5048794746398926,-0.19622385501861572,-0.2293936163187027,0.4921606481075287,-0.07819757610559464
93,-0.3318837285041809,-0.4592066705226898,-0.22504641115665436,-0.0604587197303772,-0.4489656686782837,-0.23048125207424164,-0.13696999847888947,-0.355261892080307,-0.4081393778324127,-0.31918537616729736,-0.39861729741096497,-0.05907699465751648,-0.5328289270401001,-0.4193703532218933,-0.07064048200845718,-0.3594622313976288,-0.4282967746257782,-0.4796810746192932,-0.7422693371772766,-0.5226854681968689,-0.1499510258436203,0.10544951260089874,-0.013050081208348274,-0.042424898594617844,-0.105806365609169,0.012754684314131737,0.04368970915675163,-0.015605458989739418,0.22570474445819855,-0.40584200620651245,-0.29814258217811584,0.1768501102924347,-0.22710125148296356,0.030280349776148796,0.5058091878890991,-0.19925275444984436,-0.23867462575435638,0.4938594698905945,-0.0766228586435318
94,-0.33071181178092957,-0.4706287384033203,-0.22249048948287964,-0.06564498692750931,-0.4571644365787506,-0.23176898062229156,-0.14921487867832184,-0.37936410307884216,-0.42632195353507996,-0.3191988170146942,-0.3975927233695984,-0.05955837666988373,-0.537034273147583,-0.41719505190849304,-0.08597640693187714,-0.38033822178840637,-0.43305549025535583,-0.5054381489753723,-0.7521287798881531,-0.5121113657951355,-0.184567391872406,0.10231303423643112,-0.015301079489290714,-0.04963313788175583,-0.10258473455905914,0.015081197954714298,0.050881583243608475,-0.02644243836402893,0.2097143530845642,-0.40947532653808594,-0.29553014039993286,0.1767376810312271,-0.18626445531845093,0.029656069353222847,0.49577394127845764,-0.2385314255952835,-0.23763427138328552,0.49515873193740845,-0.0600258968770504
95,-0.3338473439216614,-0.48434144258499146,-0.20928405225276947,-0.0681317150592804,-0.4565829038619995,-0.2324942648410797,-0.17992083728313446,-0.3790452778339386,-0.42489853501319885,-0.31528016924858093,-0.39781469106674194,-0.04849756136536598,-0.5342944860458374,-0.40678688883781433,-0.0732632502913475,-0.4038771390914917,-0.43517056107521057,-0.4975820481777191,-0.7478386759757996,-0.496144562959671,-0.17767682671546936,0.10127580910921097,-0.015310171991586685,-0.051237862557172775,-0.10149220377206802,0.015090510249137878,0.05252784118056297,-0.03127612546086311,0.21297848224639893,-0.40722373127937317,-0.29911625385284424,0.16998206079006195,-0.19600674510002136,0.029024001210927963,0.48991307616233826,-0.20206193625926971,-0.2389814555644989,0.48765239119529724,-0.05813774839043617
96,-0.330530047416687,-0.48140081763267517,-0.20983950793743134,-0.06252168864011765,-0.4557378590106964,-0.23482170701026917,-0.1765512228012085,-0.373934268951416,-0.4281647801399231,-0.31083086133003235,-0.3978334665298462,-0.05622345209121704,-0.5283318758010864,-0.4047429859638214,-0.1093101054430008,-0.38422736525535583,-0.43619269132614136,-0.5040532946586609,-0.7440420389175415,-0.4933588206768036,-0.22768248617649078,0.10201574862003326,-0.015268298797309399,-0.050122302025556564,-0.10221485048532486,0.015035396441817284,0.051520682871341705,-0.017930656671524048,0.20939336717128754,-0.4114699065685272,-0.29853177070617676,0.14956262707710266,-0.2190067619085312,0.026392346248030663,0.48747777938842773,-0.20029857754707336,-0.2391333132982254,0.47767406702041626,-0.07290252298116684
97,-0.3208834230899811,-0.45436960458755493,-0.20350715517997742,-0.05172860249876976,-0.4438157379627228,-0.23487062752246857,-0.14315548539161682,-0.36338067054748535,-0.4275655746459961,-0.3026745915412903,-0.397906631231308,-0.05678761377930641,-0.5186047554016113,-0.4044579565525055,-0.10949859768152237,-0.35207557678222656,-0.4346339702606201,-0.5039121508598328,-0.7395204901695251,-0.4930110275745392,-0.23005270957946777,0.10318110883235931,-0.013978739269077778,-0.04793017730116844,-0.10338713228702545,0.013689440675079823,0.049391068518161774,4.9907685024663806e-05,0.211155503988266,-0.41596195101737976,-0.2984723150730133,0.13169346749782562,-0.26037976145744324,0.025068843737244606,0.48899081349372864,-0.20050255954265594,-0.23864635825157166,0.46361908316612244,-0.10877329856157303
98,-0.30499467253685,-0.4381829798221588,-0.20758339762687683,-0.0476461797952652,-0.4342535138130188,-0.23809804022312164,-0.14073048532009125,-0.3512688875198364,-0.4307686984539032,-0.2999703586101532,-0.3976937532424927,-0.06438124924898148,-0.5200341939926147,-0.404304176568985,-0.11767885833978653,-0.34743374586105347,-0.43511471152305603,-0.5083715915679932,-0.7441169619560242,-0.49573370814323425,-0.23285174369812012,0.10365414619445801,-0.01321966852992773,-0.04588785767555237,-0.10387757420539856,0.012913643382489681,0.04737040773034096,-0.0002038424281636253,0.20954398810863495,-0.4189833998680115,-0.2980656623840332,0.12497538328170776,-0.26818886399269104,0.021888652816414833,0.4875687062740326,-0.20044836401939392,-0.23785541951656342,0.45866554975509644,-0.10782810300588608
99,-0.30553537607192993,-0.4397912919521332,-0.2089851200580597,-0.045061927288770676,-0.42970970273017883,-0.24101495742797852,-0.13775157928466797,-0.3436373174190521,-0.43041080236434937,-0.29588064551353455,-0.3984304666519165,-0.06921114027500153,-0.5199856758117676,-0.4047354757785797,-0.11569738388061523,-0.34756383299827576,-0.4345599412918091,-0.5071929693222046,-0.7452883720397949,-0.49719762802124023,-0.21934661269187927,0.10400201380252838,-0.012670978903770447,-0.043995264917612076,-0.10423741489648819,0.012346390634775162,0.045496612787246704,0.010058539919555187,0.20963534712791443,-0.42039674520492554,-0.292575865983963,0.1274416446685791,-0.269855797290802,0.028386946767568588,0.4875597655773163,-0.19867563247680664,-0.23105454444885254,0.45913293957710266,-0.10930655151605606
100,-0.3040061891078949,-0.44066911935806274,-0.20923304557800293,-0.041381824761629105,-0.42837193608283997,-0.24094028770923615,-0.14096537232398987,-0.34529241919517517,-0.42820727825164795,-0.2933316230773926,-0.3987269699573517,-0.0704088881611824,-0.5202837586402893,-0.4138149321079254,-0.10708631575107574,-0.3510793447494507,-0.4380226731300354,-0.5026100873947144,-0.7479762434959412,-0.505233108997345,-0.19503352046012878,0.10525225847959518,-0.012599308975040913,-0.04022778198122978,-0.10548948496580124,0.01226965244859457,0.04175420477986336,0.017703747376799583,0.20301179587841034,-0.4247954785823822,-0.2904108762741089,0.12971065938472748,-0.29378989338874817,0.034961652010679245,0.4874284565448761,-0.20340749621391296,-0.22638314962387085,0.4602630138397217,-0.13429449498653412
101,-0.3061693608760834,-0.45634159445762634,-0.20729243755340576,-0.04500161483883858,-0.4328587055206299,-0.2408875674009323,-0.167006254196167,-0.3572653532028198,-0.4259931147098541,-0.29102179408073425,-0.4012450873851776,-0.07037422060966492,-0.5197580456733704,-0.41599783301353455,-0.10208776593208313,-0.3722209334373474,-0.44620057940483093,-0.502189040184021,-0.7474508881568909,-0.5071925520896912,-0.1917409896850586,0.10516097396612167,-0.01265790406614542,-0.040224820375442505,-0.10535778105258942,0.012322835624217987,0.04175276309251785,0.016332518309354782,0.19308488070964813,-0.42607560753822327,-0.29071739315986633,0.13144196569919586,-0.2869134843349457,0.03507768735289574,0.48052844405174255,-0.20986436307430267,-0.2260749489068985,0.4605088531970978,-0.13276749849319458
102,-0.30677488446235657,-0.46318766474723816,-0.20699875056743622,-0.045063626021146774,-0.4404594898223877,-0.2381359487771988,-0.15351417660713196,-0.37775561213493347,-0.4260074496269226,-0.2912396192550659,-0.4030314087867737,-0.07053182274103165,-0.5213319659233093,-0.42971286177635193,-0.10156918317079544,-0.36081886291503906,-0.44796356558799744,-0.5073705911636353,-0.751378059387207,-0.5136387944221497,-0.18970993161201477,0.10544634610414505,-0.012914411723613739,-0.03919580951333046,-0.10560017824172974,0.012580441311001778,0.04071514680981636,0.015389896929264069,0.19218198955059052,-0.4266900420188904,-0.28677740693092346,0.13565188646316528,-0.2836114168167114,0.03853854164481163,0.4810180068016052,-0.2103571742773056,-0.22342924773693085,0.46255701780319214,-0.1313692331314087
103,-0.3051646053791046,-0.48193323612213135,-0.19343923032283783,-0.03248760476708412,-0.4511728584766388,-0.20651641488075256,-0.08374590426683426,-0.39184993505477905,-0.4010078012943268,-0.29036587476730347,-0.40879952907562256,-0.06261493265628815,-0.5179440379142761,-0.44271320104599,-0.09919367730617523,-0.3023321330547333,-0.45363810658454895,-0.49671244621276855,-0.7495410442352295,-0.5246785283088684,-0.1895623505115509,0.10642758011817932,-0.013218238949775696,-0.03754207864403725,-0.10645093768835068,0.012885307893157005,0.039052728563547134,0.016023099422454834,0.19123958051204681,-0.42683857679367065,-0.27884578704833984,0.14353929460048676,-0.2778415083885193,0.043036818504333496,0.4838100075721741,-0.2261098176240921,-0.22026696801185608,0.4684615433216095,-0.1304224580526352
104,-0.30482497811317444,-0.46700766682624817,-0.19705414772033691,-0.03169608116149902,-0.4329710304737091,-0.21641741693019867,-0.10510541498661041,-0.3718207776546478,-0.4044651687145233,-0.2848735749721527,-0.40869176387786865,-0.06371572613716125,-0.5104524493217468,-0.441812664270401,-0.09140332788228989,-0.32632651925086975,-0.4535592198371887,-0.4958447515964508,-0.7406383156776428,-0.529181182384491,-0.18118472397327423,0.10646748542785645,-0.012890659272670746,-0.03500420227646828,-0.10650432854890823,0.012553110718727112,0.036547835916280746,0.020275432616472244,0.19172169268131256,-0.42515847086906433,-0.2792357802391052,0.1476552039384842,-0.2904632091522217,0.0464850552380085,0.4883544445037842,-0.23959532380104065,-0.2216513603925705,0.481209933757782,-0.151750385761261
105,-0.29222530126571655,-0.45413902401924133,-0.21146149933338165,-0.022588077932596207,-0.42857661843299866,-0.21905793249607086,-0.10221025347709656,-0.3476499915122986,-0.41007810831069946,-0.2850891351699829,-0.40860316157341003,-0.07451527565717697,-0.5091027617454529,-0.4436741769313812,-0.09671847522258759,-0.3201780915260315,-0.4427226781845093,-0.4997735917568207,-0.7373380064964294,-0.5338561534881592,-0.17952857911586761,0.10781986266374588,-0.012771560810506344,-0.031971126794815063,-0.10793787986040115,0.01243021059781313,0.03349265456199646,0.029338261112570763,0.20882557332515717,-0.4210282862186432,-0.2766525447368622,0.15428084135055542,-0.2990342080593109,0.04904261231422424,0.5133315324783325,-0.23368299007415771,-0.22119757533073425,0.49082478880882263,-0.15639398992061615
106,-0.29725661873817444,-0.454508513212204,-0.2089800238609314,-0.02358369156718254,-0.42643970251083374,-0.22012680768966675,-0.1116744726896286,-0.344186007976532,-0.4032520055770874,-0.28525519371032715,-0.40808773040771484,-0.07407280802726746,-0.5053286552429199,-0.4403367340564728,-0.09674309194087982,-0.3350127041339874,-0.44317567348480225,-0.48131322860717773,-0.7290130853652954,-0.5346943140029907,-0.18086618185043335,0.10795753449201584,-0.012664156965911388,-0.03064798191189766,-0.1080872043967247,0.012319013476371765,0.0321977473795414,0.029364725574851036,0.21046344935894012,-0.4175901710987091,-0.27731722593307495,0.16006875038146973,-0.2974821627140045,0.04878343641757965,0.5191206336021423,-0.23541918396949768,-0.22234545648097992,0.495106965303421,-0.15321409702301025
107,-0.29086554050445557,-0.4319988787174225,-0.25986188650131226,-0.013059880584478378,-0.39455893635749817,-0.25520163774490356,-0.09150498360395432,-0.31050848960876465,-0.4349251687526703,-0.2800433933734894,-0.3954813480377197,-0.10735823959112167,-0.49273765087127686,-0.4269813001155853,-0.11567874997854233,-0.30720019340515137,-0.41885656118392944,-0.5093213319778442,-0.7211611866950989,-0.5157573223114014,-0.18380208313465118,0.10895026475191116,-0.011748124845325947,-0.027639806270599365,-0.10919594764709473,0.011392327956855297,0.0290959645062685,0.031588681042194366,0.22952203452587128,-0.41505178809165955,-0.2762979567050934,0.16132813692092896,-0.3022831678390503,0.040256764739751816,0.527039110660553,-0.20350338518619537,-0.22140736877918243,0.49705231189727783,-0.14741361141204834
108,-0.2987973690032959,-0.4760817885398865,-0.20876264572143555,-0.012018798850476742,-0.43403273820877075,-0.19736522436141968,-0.051310013979673386,-0.3458850681781769,-0.4034687876701355,-0.2913045883178711,-0.3978337049484253,-0.061048269271850586,-0.48565030097961426,-0.4306911826133728,-0.11510059982538223,-0.25979116559028625,-0.42173874378204346,-0.5022004842758179,-0.6975584030151367,-0.5179222226142883,-0.2095790058374405,0.11170460283756256,-0.012968537397682667,-0.02750808745622635,-0.1118612065911293,0.012620434165000916,0.028983110561966896,0.025701746344566345,0.22990013659000397,-0.4126075804233551,-0.2613844573497772,0.16502287983894348,-0.2991992235183716,0.03840724751353264,0.528616189956665,-0.2328793704509735,-0.2205132395029068,0.5059244632720947,-0.16012637317180634
109,-0.296612024307251,-0.4736926257610321,-0.22472503781318665,-0.0012185127707198262,-0.42984306812286377,-0.20318788290023804,-0.03490321710705757,-0.31553855538368225,-0.4109152853488922,-0.2915745675563812,-0.40095391869544983,-0.06407807767391205,-0.48658591508865356,-0.4333735704421997,-0.11540225893259048,-0.2439647912979126,-0.40195950865745544,-0.5194217562675476,-0.699508011341095,-0.5212571620941162,-0.2179439514875412,0.11324658989906311,-0.012780518271028996,-0.027532357722520828,-0.11346319317817688,0.012419642880558968,0.029006250202655792,0.02643807791173458,0.24017629027366638,-0.39394086599349976,-0.24307101964950562,0.16915282607078552,-0.2899877429008484,0.04127366840839386,0.535699188709259,-0.23189647495746613,-0.2208152711391449,0.5193997025489807,-0.16696417331695557
110,-0.2843495011329651,-0.4508616328239441,-0.24629460275173187,0.0015278598293662071,-0.42171576619148254,-0.20421788096427917,-0.041101906448602676,-0.3036993145942688,-0.42846959829330444,-0.2930627167224884,-0.3998323380947113,-0.07735077291727066,-0.4809364378452301,-0.4324808418750763,-0.12265469878911972,-0.24271278083324432,-0.3922255039215088,-0.5545656681060791,-0.6902584433555603,-0.516391396522522,-0.23012951016426086,0.11452314257621765,-0.012732697650790215,-0.026043208315968513,-0.11469297856092453,0.012364247813820839,0.027544986456632614,0.028430351987481117,0.2484094500541687,-0.38492053747177124,-0.24163563549518585,0.1802072674036026,-0.2879335880279541,0.04129142314195633,0.5477981567382812,-0.23380647599697113,-0.21980072557926178,0.5330327749252319,-0.17692723870277405
111,-0.2939132750034332,-0.47046515345573425,-0.24024568498134613,0.0004409712855704129,-0.4242694079875946,-0.20494462549686432,-0.04661288857460022,-0.307785302400589,-0.42417386174201965,-0.296026349067688,-0.4001825451850891,-0.07132630050182343,-0.4826902151107788,-0.4323023855686188,-0.10409580171108246,-0.24561281502246857,-0.3952173888683319,-0.5457295775413513,-0.6930837631225586,-0.5160602331161499,-0.20393821597099304,0.11525645107030869,-0.012778372503817081,-0.026082880795001984,-0.11544077843427658,0.012408625334501266,0.02758248709142208,0.027730215340852737,0.25512629747390747,-0.38217949867248535,-0.2398056983947754,0.17992441356182098,-0.2822692394256592,0.03753127157688141,0.5541400909423828,-0.2341991662979126,-0.22039209306240082,0.5341728329658508,-0.18019579350948334
112,-0.29839691519737244,-0.46770143508911133,-0.24186964333057404,-0.0004560037632472813,-0.4196736216545105,-0.21619050204753876,-0.04938650503754616,-0.292631059885025,-0.42397841811180115,-0.2955215871334076,-0.40298858284950256,-0.07428032904863358,-0.4831126630306244,-0.43369853496551514,-0.07120152562856674,-0.24754281342029572,-0.381382554769516,-0.5426033735275269,-0.696843147277832,-0.5107815861701965,-0.136895090341568,0.11551792174577713,-0.012365059927105904,-0.02591932751238346,-0.11573666334152222,0.011985315009951591,0.02740960195660591,0.03017044998705387,0.2850085198879242,-0.36339715123176575,-0.23235104978084564,0.2026771456003189,-0.2581843137741089,0.03993261978030205,0.5804307460784912,-0.2140813171863556,-0.22091400623321533,0.5519566535949707,-0.16191205382347107
113,-0.28862321376800537,-0.4263033866882324,-0.2738102376461029,-0.0008754647569730878,-0.3987819254398346,-0.24357163906097412,-0.056624554097652435,-0.2753644287586212,-0.4679417610168457,-0.2967277467250824,-0.39333492517471313,-0.11102191358804703,-0.48352983593940735,-0.42081326246261597,-0.14782027900218964,-0.24984945356845856,-0.3733968138694763,-0.5982401371002197,-0.6982202529907227,-0.4947436451911926,-0.24987612664699554,0.11558731645345688,-0.012222588993608952,-0.02420288510620594,-0.11579740047454834,0.011829869821667671,0.02573695033788681,0.030110079795122147,0.283515989780426,-0.3547013998031616,-0.23361262679100037,0.21515357494354248,-0.2606184780597687,0.03723495453596115,0.5817034840583801,-0.21505913138389587,-0.22112999856472015,0.5633071064949036,-0.16525301337242126
114,-0.29577913880348206,-0.42919328808784485,-0.2707909941673279,-0.0076217628084123135,-0.4012082815170288,-0.24227957427501678,-0.059594955295324326,-0.2947944402694702,-0.45926782488822937,-0.2991776466369629,-0.3923787772655487,-0.10983134061098099,-0.4878745675086975,-0.4131332039833069,-0.11826902627944946,-0.26586005091667175,-0.3892732858657837,-0.594133198261261,-0.713030993938446,-0.4879952073097229,-0.1957169771194458,0.11558759212493896,-0.012341508641839027,-0.025292567908763885,-0.11579957604408264,0.011961287818849087,0.026768120005726814,0.029104115441441536,0.2851751446723938,-0.35403963923454285,-0.23448915779590607,0.22075457870960236,-0.2531147599220276,0.04242689907550812,0.5870069861412048,-0.21571987867355347,-0.22145797312259674,0.5681564807891846,-0.16008847951889038
115,-0.2852305769920349,-0.4179151654243469,-0.2828353941440582,-0.006321009248495102,-0.389936238527298,-0.2540954351425171,-0.04981521889567375,-0.2803068161010742,-0.47274792194366455,-0.30002400279045105,-0.3817366659641266,-0.12223879247903824,-0.4855242669582367,-0.3910216987133026,-0.18240027129650116,-0.24759221076965332,-0.37327176332473755,-0.6029523611068726,-0.6968787908554077,-0.4587653577327728,-0.3141447603702545,0.11618748307228088,-0.012335870414972305,-0.024909619241952896,-0.11637294292449951,0.011954699642956257,0.02640359476208687,0.029004300013184547,0.2846749722957611,-0.3561054766178131,-0.23242086172103882,0.22665970027446747,-0.2551332116127014,0.04012036323547363,0.5838027000427246,-0.2124461829662323,-0.2218603640794754,0.5763011574745178,-0.1601831018924713
116,-0.27078548073768616,-0.39503639936447144,-0.29728472232818604,-0.0035129296593368053,-0.3877890408039093,-0.26720675826072693,-0.044242240488529205,-0.2720818519592285,-0.48990267515182495,-0.2998782992362976,-0.3807995915412903,-0.13407287001609802,-0.4850133955478668,-0.38717684149742126,-0.18724612891674042,-0.24135304987430573,-0.35347050428390503,-0.6250318288803101,-0.6926573514938354,-0.4399832785129547,-0.3163665235042572,0.1162007600069046,-0.012034532614052296,-0.025028813630342484,-0.11638438701629639,0.011638873256742954,0.026526927947998047,0.028452567756175995,0.2832714021205902,-0.3488343060016632,-0.23524892330169678,0.23054271936416626,-0.2528833746910095,0.03785540163516998,0.5832955837249756,-0.21036779880523682,-0.2224705070257187,0.580854058265686,-0.1517520546913147
117,-0.27514874935150146,-0.40248510241508484,-0.29213958978652954,-0.00830137450248003,-0.39227545261383057,-0.26565805077552795,-0.03903265297412872,-0.2748180329799652,-0.48392269015312195,-0.30390048027038574,-0.3837597072124481,-0.1290050894021988,-0.507428765296936,-0.38967272639274597,-0.1451842039823532,-0.23899975419044495,-0.3581421375274658,-0.6202661395072937,-0.730036199092865,-0.44342368841171265,-0.22772467136383057,0.1159559041261673,-0.011949625797569752,-0.025086067616939545,-0.11616065353155136,0.011549039743840694,0.02657545544207096,0.028431318700313568,0.29763397574424744,-0.3307516574859619,-0.2342415302991867,0.24872039258480072,-0.23837481439113617,0.03884982690215111,0.6009150743484497,-0.19989334046840668,-0.2242220789194107,0.6022384762763977,-0.140680730342865
118,-0.26007866859436035,-0.37399956583976746,-0.3345184624195099,-0.005452298559248447,-0.3842743933200836,-0.29618245363235474,-0.028622208163142204,-0.2762351930141449,-0.5335286855697632,-0.30227410793304443,-0.3713217079639435,-0.16708603501319885,-0.5055939555168152,-0.38301345705986023,-0.2356349676847458,-0.237437441945076,-0.3405284881591797,-0.6794388890266418,-0.7179986238479614,-0.41155070066452026,-0.38055655360221863,0.11592618376016617,-0.011903519742190838,-0.024874204769730568,-0.11611683666706085,0.01149745937436819,0.02637724205851555,0.027951901778578758,0.29518213868141174,-0.31747815012931824,-0.23272129893302917,0.25251203775405884,-0.22977712750434875,0.03889605402946472,0.6019067764282227,-0.19851462543010712,-0.22312094271183014,0.6027426719665527,-0.13625961542129517
119,-0.2628846764564514,-0.3748552203178406,-0.3325861692428589,-0.008422667160630226,-0.38370877504348755,-0.30413565039634705,-0.02950558252632618,-0.2801133692264557,-0.5394118428230286,-0.3021860718727112,-0.3696841299533844,-0.16802850365638733,-0.5041863322257996,-0.3800870180130005,-0.22355687618255615,-0.2441476583480835,-0.34016549587249756,-0.6840957999229431,-0.716750979423523,-0.40463879704475403,-0.357436865568161,0.11557915806770325,-0.011474878527224064,-0.024823088198900223,-0.1157441958785057,0.011058087460696697,0.026324747130274773,0.0264155101031065,0.30148622393608093,-0.3068535029888153,-0.23507554829120636,0.25707677006721497,-0.22174428403377533,0.033629994839429855,0.6166297793388367,-0.19480429589748383,-0.23115043342113495,0.6086730360984802,-0.1296193152666092
120,-0.2561660706996918,-0.38070398569107056,-0.29577115178108215,-0.00834611989557743,-0.40431085228919983,-0.26071029901504517,-0.03949638456106186,-0.3004859983921051,-0.5151673555374146,-0.29891279339790344,-0.3728182315826416,-0.12964989244937897,-0.4824649393558502,-0.38241034746170044,-0.21302461624145508,-0.2583882510662079,-0.3465540409088135,-0.680654764175415,-0.6940929293632507,-0.4075853228569031,-0.37344658374786377,0.1156211644411087,-0.011773954145610332,-0.02476487122476101,-0.1157694160938263,0.011359130032360554,0.0262870155274868,0.01638941466808319,0.30023816227912903,-0.30845367908477783,-0.2313043177127838,0.26182761788368225,-0.2140587717294693,0.033753447234630585,0.6132643818855286,-0.23761361837387085,-0.23358473181724548,0.6138172149658203,-0.1309405118227005
121,-0.28595706820487976,-0.38752588629722595,-0.2562919557094574,-0.03163861855864525,-0.41503721475601196,-0.24668756127357483,-0.08193285018205643,-0.30645883083343506,-0.47639894485473633,-0.29972776770591736,-0.3756833076477051,-0.09329438954591751,-0.4935004413127899,-0.37984707951545715,-0.11936920881271362,-0.3000607490539551,-0.35325542092323303,-0.6087946891784668,-0.7377603054046631,-0.40020763874053955,-0.23322731256484985,0.11381381005048752,-0.011588859371840954,-0.027849016711115837,-0.11398321390151978,0.011180806905031204,0.029369818046689034,0.005063814576715231,0.30808085203170776,-0.3123961389064789,-0.21623514592647552,0.28329724073410034,-0.1738715022802353,0.025604890659451485,0.6281582713127136,-0.2655613124370575,-0.2532523572444916,0.6374207735061646,-0.11880465596914291
122,-0.28769466280937195,-0.4049050807952881,-0.2606540024280548,-0.029201144352555275,-0.41415897011756897,-0.24841198325157166,-0.07684600353240967,-0.3072764277458191,-0.47568199038505554,-0.29864588379859924,-0.37985047698020935,-0.09565524756908417,-0.49477440118789673,-0.38040903210639954,-0.12732098996639252,-0.2911287546157837,-0.35370662808418274,-0.6101135611534119,-0.737803041934967,-0.39047348499298096,-0.2484508901834488,0.11346561461687088,-0.011557838879525661,-0.02811373956501484,-0.1136450469493866,0.011155853979289532,0.029622355476021767,0.005855236202478409,0.3180347681045532,-0.3104584217071533,-0.21465156972408295,0.302889347076416,-0.1643945276737213,0.0260049756616354,0.6377773880958557,-0.25505247712135315,-0.25036531686782837,0.6536744832992554,-0.09019697457551956
123,-0.2804791033267975,-0.3733592927455902,-0.2873552143573761,-0.028608236461877823,-0.4138385057449341,-0.2607567310333252,-0.0690232366323471,-0.30658817291259766,-0.4944493770599365,-0.30137908458709717,-0.3781597912311554,-0.11694514006376266,-0.503233790397644,-0.37699779868125916,-0.14622807502746582,-0.2783983647823334,-0.34139323234558105,-0.6439897418022156,-0.7362689971923828,-0.3813817501068115,-0.25622469186782837,0.11339965462684631,-0.011384539306163788,-0.027813883498311043,-0.11356627196073532,0.010979493148624897,0.029315073043107986,0.006010657176375389,0.3168696463108063,-0.31211042404174805,-0.21801623702049255,0.2956637740135193,-0.17213381826877594,0.024379001930356026,0.6383132338523865,-0.25089791417121887,-0.2523650825023651,0.6480111479759216,-0.10046292096376419
124,-0.27384307980537415,-0.3752979040145874,-0.3099663555622101,-0.02783074602484703,-0.4179824888706207,-0.27577710151672363,-0.05771428719162941,-0.3179449141025543,-0.5057692527770996,-0.30115142464637756,-0.37870803475379944,-0.13476090133190155,-0.5031840205192566,-0.3785116374492645,-0.14716117084026337,-0.27275025844573975,-0.3427216410636902,-0.661973774433136,-0.7308944463729858,-0.38227447867393494,-0.26127463579177856,0.11314421892166138,-0.010825076140463352,-0.027728652581572533,-0.11329147219657898,0.010396118275821209,0.029216179624199867,0.016752207651734352,0.3533964157104492,-0.24535861611366272,-0.22297780215740204,0.314648300409317,-0.16411003470420837,0.026359613984823227,0.6940776109695435,-0.16911619901657104,-0.25374987721443176,0.6651769280433655,-0.08882445096969604
125,-0.2736649811267853,-0.3747120797634125,-0.3275933563709259,-0.027515163645148277,-0.4154331386089325,-0.2966682016849518,-0.05519832298159599,-0.3173462450504303,-0.5242113471031189,-0.3003508448600769,-0.37816816568374634,-0.15305165946483612,-0.503076434135437,-0.3774067759513855,-0.16803216934204102,-0.27004605531692505,-0.3395448923110962,-0.6805101037025452,-0.7265995740890503,-0.3753460943698883,-0.29440298676490784,0.11270611733198166,-0.010302634909749031,-0.027659820392727852,-0.11284742504358292,0.009857168421149254,0.029136164113879204,0.018183864653110504,0.3584393262863159,-0.2281769961118698,-0.22353853285312653,0.32523640990257263,-0.15822532773017883,0.026483887806534767,0.6990421414375305,-0.1347939372062683,-0.2556343674659729,0.6757776141166687,-0.08003218472003937
126,-0.2736639380455017,-0.4041832685470581,-0.32255831360816956,-0.024824194610118866,-0.42755264043807983,-0.29443687200546265,-0.06050949916243553,-0.34287378191947937,-0.527980625629425,-0.29765596985816956,-0.3850628137588501,-0.14945442974567413,-0.5035155415534973,-0.3961483836174011,-0.1681891828775406,-0.2722337543964386,-0.36143210530281067,-0.6802881956100464,-0.7264066934585571,-0.3839998245239258,-0.295238733291626,0.11260969936847687,-0.010254890657961369,-0.028083663433790207,-0.11273011565208435,0.009815745055675507,0.029555605724453926,0.01811724342405796,0.3714239001274109,-0.2200131118297577,-0.2234821319580078,0.3286563456058502,-0.14961178600788116,0.03024960123002529,0.7010646462440491,-0.11837054789066315,-0.2523221969604492,0.6824213862419128,-0.07218563556671143
127,-0.28861260414123535,-0.43705156445503235,-0.29184821248054504,-0.02883782796561718,-0.43999385833740234,-0.2792394757270813,-0.07808053493499756,-0.3632992208003998,-0.5037435293197632,-0.297408789396286,-0.3933759033679962,-0.11933442950248718,-0.5055544972419739,-0.41378137469291687,-0.10609078407287598,-0.2898061275482178,-0.3906383812427521,-0.6416237354278564,-0.735142707824707,-0.4082609713077545,-0.2040199488401413,0.11219396442174911,-0.010187349282205105,-0.028266802430152893,-0.11228027939796448,0.009760822169482708,0.029720615595579147,0.022726139053702354,0.37799593806266785,-0.19774775207042694,-0.2233898937702179,0.3271288573741913,-0.1484382301568985,0.03964177519083023,0.7097572684288025,-0.10889706015586853,-0.2520732581615448,0.6816372871398926,-0.0737651064991951
128,-0.29187771677970886,-0.4319200813770294,-0.29859986901283264,-0.03164276108145714,-0.4378224015235901,-0.2863982319831848,-0.08602343499660492,-0.35806891322135925,-0.5092946290969849,-0.297250896692276,-0.3928608000278473,-0.12275707721710205,-0.5183755159378052,-0.410931259393692,-0.10955583304166794,-0.29867780208587646,-0.38665786385536194,-0.6468868851661682,-0.7548103332519531,-0.40575510263442993,-0.1946798861026764,0.11143436282873154,-0.010167119093239307,-0.0286276713013649,-0.11153208464384079,0.009751771576702595,0.030032074078917503,0.02699965052306652,0.37507691979408264,-0.19672860205173492,-0.21780219674110413,0.33508822321891785,-0.140610471367836,0.04537475109100342,0.7096732258796692,-0.11112099140882492,-0.2535731792449951,0.6956347227096558,-0.07169222831726074
129,-0.2603066563606262,-0.4057041108608246,-0.38670453429222107,-0.01947491243481636,-0.42134663462638855,-0.34757477045059204,-0.08456192910671234,-0.3558984100818634,-0.5871706604957581,-0.28040647506713867,-0.38460773229599,-0.21182399988174438,-0.5039258003234863,-0.4093051254749298,-0.2478678673505783,-0.30008965730667114,-0.3823486864566803,-0.7382335066795349,-0.7311071753501892,-0.4020636975765228,-0.358860582113266,0.11085564643144608,-0.010044663213193417,-0.028168754652142525,-0.11096026748418808,0.00963166169822216,0.029519420117139816,0.033261723816394806,0.38297033309936523,-0.1881912499666214,-0.20325785875320435,0.3694075345993042,-0.10520373284816742,0.052327338606119156,0.7259653210639954,-0.08144903928041458,-0.24441172182559967,0.7178084850311279,-0.01854179985821247
130,-0.2484324872493744,-0.42986100912094116,-0.36917340755462646,-0.015438335947692394,-0.44393327832221985,-0.334428995847702,-0.08149337768554688,-0.3944959044456482,-0.5704701542854309,-0.2770416736602783,-0.38480693101882935,-0.1948595494031906,-0.4650329053401947,-0.408285528421402,-0.28483545780181885,-0.29855525493621826,-0.4069614112377167,-0.716550350189209,-0.6637813448905945,-0.41175416111946106,-0.47654134035110474,0.11045974493026733,-0.010425064712762833,-0.02565571293234825,-0.11056093871593475,0.0100018922239542,0.026929868385195732,0.038209639489650726,0.3990909457206726,-0.11575794965028763,-0.1963338404893875,0.38107410073280334,-0.06930355727672577,0.051493339240550995,0.7437916398048401,0.0013905396917834878,-0.24453964829444885,0.7233753204345703,0.025426965206861496
131,-0.2518220841884613,-0.42070117592811584,-0.3608686625957489,-0.021664809435606003,-0.44297969341278076,-0.3357134461402893,-0.11688710749149323,-0.387297123670578,-0.5634973645210266,-0.2736545205116272,-0.38416507840156555,-0.1870565563440323,-0.4715173542499542,-0.4095793068408966,-0.2703307271003723,-0.3438069522380829,-0.41040343046188354,-0.7047905325889587,-0.6799588203430176,-0.42138051986694336,-0.4210304915904999,0.10829444229602814,-0.010083727538585663,-0.025670155882835388,-0.10842616856098175,0.009647642262279987,0.026944492012262344,0.03730889782309532,0.40023165941238403,-0.12060708552598953,-0.19052578508853912,0.3801012337207794,-0.057152826339006424,0.034273672848939896,0.7508702874183655,-0.020339205861091614,-0.25291767716407776,0.7274740934371948,0.022560924291610718
132,-0.2532027065753937,-0.384825199842453,-0.37353813648223877,-0.02542763762176037,-0.4192582666873932,-0.35118621587753296,-0.12989868223667145,-0.36871710419654846,-0.5933944582939148,-0.274103581905365,-0.37509164214134216,-0.203732430934906,-0.46026089787483215,-0.4044254720211029,-0.26237305998802185,-0.3438367247581482,-0.40635937452316284,-0.7424368858337402,-0.6727698445320129,-0.4144784212112427,-0.40880057215690613,0.10794426500797272,-0.009747631847858429,-0.025466876104474068,-0.10806287825107574,0.009318303316831589,0.026756078004837036,0.02762678638100624,0.3975561261177063,-0.12484376132488251,-0.1923629194498062,0.377064973115921,-0.0703638419508934,0.02081253193318844,0.7507237792015076,-0.040545158088207245,-0.2518662214279175,0.7237517237663269,0.010451915673911572
133,-0.2619265615940094,-0.3882087767124176,-0.37209323048591614,-0.021787289530038834,-0.40001770853996277,-0.3493849039077759,-0.1308220773935318,-0.32414084672927856,-0.5915958881378174,-0.2730976939201355,-0.3762410283088684,-0.20340299606323242,-0.4616062343120575,-0.4140011668205261,-0.2598716616630554,-0.34324389696121216,-0.3839481770992279,-0.7122300267219543,-0.6638142466545105,-0.43194302916526794,-0.35985279083251953,0.1079087108373642,-0.009741841815412045,-0.024118507280945778,-0.1080310121178627,0.00931230653077364,0.025420546531677246,0.03511352464556694,0.39681798219680786,-0.13577400147914886,-0.18927861750125885,0.37767016887664795,-0.06920935958623886,0.03418206796050072,0.7484107613563538,-0.04175688698887825,-0.24778088927268982,0.7216578722000122,0.020464865490794182
134,-0.2901335060596466,-0.44994330406188965,-0.24729640781879425,-0.03255678713321686,-0.42926880717277527,-0.23571734130382538,-0.15719537436962128,-0.32679200172424316,-0.39753615856170654,-0.28030842542648315,-0.39788293838500977,-0.07914841920137405,-0.47925448417663574,-0.4184185564517975,-0.06676845252513885,-0.37144073843955994,-0.4118485450744629,-0.49003341794013977,-0.6686135530471802,-0.46400776505470276,-0.16839027404785156,0.10752267390489578,-0.009835601784288883,-0.02453259937465191,-0.10771641135215759,0.009411797858774662,0.025860518217086792,0.036057475954294205,0.40701213479042053,-0.12724870443344116,-0.18167327344417572,0.3818805515766144,-0.04786510765552521,0.034170325845479965,0.7565460801124573,-0.03674284368753433,-0.24630457162857056,0.7204270958900452,0.04821954295039177
135,-0.28785091638565063,-0.4484248161315918,-0.25532296299934387,-0.029109466820955276,-0.4248468577861786,-0.2634701430797577,-0.1366836130619049,-0.3206869065761566,-0.4396851062774658,-0.2799457907676697,-0.4026295244693756,-0.10863208770751953,-0.4799201488494873,-0.43962493538856506,-0.10270307213068008,-0.3296377658843994,-0.3986331820487976,-0.5470662713050842,-0.6709434986114502,-0.4913325309753418,-0.18209317326545715,0.10744090378284454,-0.009638787247240543,-0.024365806952118874,-0.10767794400453568,0.009209093637764454,0.02567657083272934,0.042235150933265686,0.4152584969997406,-0.12767232954502106,-0.17834679782390594,0.3841973543167114,-0.050513774156570435,0.03799678385257721,0.7654135227203369,-0.022942770272493362,-0.24290482699871063,0.719931423664093,0.05078253522515297
136,-0.28621408343315125,-0.44930681586265564,-0.27916789054870605,-0.014625463634729385,-0.4287354052066803,-0.22995436191558838,0.04195491597056389,-0.23470264673233032,-0.32871779799461365,-0.28220057487487793,-0.40743541717529297,-0.11618505418300629,-0.4763558506965637,-0.4537433087825775,-0.10807239264249802,0.023706674575805664,-0.09098406881093979,-0.47268322110176086,-0.6661633253097534,-0.510714054107666,-0.20122943818569183,0.10772229731082916,-0.010069428011775017,-0.024044126272201538,-0.10799077153205872,0.009582079946994781,0.02541951835155487,0.042047008872032166,0.4134501814842224,-0.12568242847919464,-0.16758248209953308,0.384738564491272,-0.028880279511213303,0.03789892792701721,0.7630948424339294,-0.016902023926377296,-0.23279495537281036,0.7240075469017029,0.06519656628370285
137,-0.2856041491031647,-0.4651632010936737,-0.2729957401752472,-0.011127185076475143,-0.4381433427333832,-0.18085314333438873,0.05081707984209061,-0.22695648670196533,-0.20733214914798737,-0.2862321734428406,-0.4183838367462158,-0.0812080129981041,-0.4752058982849121,-0.4698726534843445,-0.035752635449171066,0.04926189035177231,-0.07086803019046783,-0.29529300332069397,-0.6648363471031189,-0.5383236408233643,-0.09818431735038757,0.10810372978448868,-0.010416845791041851,-0.02410770207643509,-0.1084456518292427,0.009878352284431458,0.025504518300294876,0.04366005212068558,0.4155961573123932,-0.10423998534679413,-0.16394191980361938,0.3874211013317108,-0.022848475724458694,0.03492872044444084,0.7638702392578125,0.01597430929541588,-0.22854559123516083,0.7265158295631409,0.06923351436853409
138,-0.2843785881996155,-0.46093839406967163,-0.30136629939079285,-0.007836206816136837,-0.43649759888648987,-0.207179993391037,0.06533071398735046,-0.2293868511915207,-0.26847848296165466,-0.2848948538303375,-0.4171772003173828,-0.09146646410226822,-0.47297993302345276,-0.4746848940849304,-0.06074024364352226,0.06148678436875343,-0.06530928611755371,-0.37367671728134155,-0.6633411645889282,-0.5407558679580688,-0.127830371260643,0.1081445962190628,-0.010577247478067875,-0.024370353668928146,-0.10849929600954056,0.010003467090427876,0.02581627666950226,0.04373575374484062,0.41479259729385376,-0.10584168881177902,-0.1576566994190216,0.38847506046295166,-0.021092824637889862,0.03546317666769028,0.7631532549858093,0.012426037341356277,-0.2161930650472641,0.7309606671333313,0.0667179673910141
139,-0.2633439898490906,-0.4665675163269043,-0.3003617227077484,-0.007509561721235514,-0.44415804743766785,-0.2121199071407318,-0.03652145341038704,-0.38070476055145264,-0.4065961241722107,-0.28241413831710815,-0.4175315797328949,-0.09757205843925476,-0.4681360125541687,-0.4895918369293213,-0.07185984402894974,-0.204722061753273,-0.4665650725364685,-0.5456972718238831,-0.6574442386627197,-0.5803897976875305,-0.13550002872943878,0.1080949530005455,-0.01043508667498827,-0.024439774453639984,-0.10846409201622009,0.00986665952950716,0.02586325816810131,0.04933226853609085,0.41698652505874634,-0.09750507026910782,-0.1575409173965454,0.38893693685531616,-0.024159926921129227,0.04334249719977379,0.7628278136253357,0.012966640293598175,-0.21322402358055115,0.7311882972717285,0.06582864373922348
140,-0.2643231749534607,-0.46535131335258484,-0.2721690535545349,-0.007138070650398731,-0.44307053089141846,-0.2206929624080658,-0.09476028382778168,-0.37882110476493835,-0.4128793478012085,-0.262616366147995,-0.4188637435436249,-0.09907907247543335,-0.42812585830688477,-0.48519089818000793,-0.0624726228415966,-0.2562788128852844,-0.5047153234481812,-0.5323859453201294,-0.6183298826217651,-0.576873242855072,-0.12975920736789703,0.10797929763793945,-0.009586737491190434,-0.024833878502249718,-0.10836189240217209,0.009046991355717182,0.026221834123134613,0.04985829070210457,0.41876888275146484,-0.09566120058298111,-0.15742282569408417,0.3890211582183838,-0.026133742183446884,0.04531417042016983,0.762517511844635,0.01797826588153839,-0.21275120973587036,0.7264277338981628,0.06354108452796936
141,-0.2539733052253723,-0.4770885705947876,-0.2869885265827179,-0.003467543050646782,-0.45986244082450867,-0.26446011662483215,-0.08529458194971085,-0.48587194085121155,-0.5064231753349304,-0.25812679529190063,-0.4184599816799164,-0.1299528181552887,-0.426009863615036,-0.4969271123409271,-0.1311119943857193,-0.23799869418144226,-0.6243979334831238,-0.6581999063491821,-0.6136866807937622,-0.6201099157333374,-0.21659192442893982,0.1082877516746521,-0.009596305899322033,-0.02523556537926197,-0.10866004228591919,0.009059920907020569,0.02657981961965561,0.050353165715932846,0.41679254174232483,-0.09687928855419159,-0.15378716588020325,0.3900012671947479,-0.033873170614242554,0.05472938343882561,0.7595751881599426,0.015521679073572159,-0.19775919616222382,0.7317392826080322,0.04698849469423294
142,-0.2435394525527954,-0.5006437301635742,-0.24022112786769867,0.0007673163781873882,-0.4815613925457001,-0.2029007077217102,-0.07873901724815369,-0.542145848274231,-0.45877528190612793,-0.2558960020542145,-0.42503273487091064,-0.07802778482437134,-0.42675846815109253,-0.5294218063354492,-0.07297452539205551,-0.23905599117279053,-0.6865770220756531,-0.6297258734703064,-0.6083117127418518,-0.6724520325660706,-0.1483955681324005,0.10825809836387634,-0.009483502246439457,-0.02560531534254551,-0.1086183562874794,0.00895523652434349,0.026917966082692146,0.05024624615907669,0.41607239842414856,-0.0885070189833641,-0.1517646163702011,0.39051878452301025,-0.03051809035241604,0.05868590995669365,0.759615957736969,0.014173591509461403,-0.19280889630317688,0.7390556931495667,0.04457763209939003
143,-0.22657357156276703,-0.5426718592643738,-0.11283745616674423,0.012918660417199135,-0.5176483988761902,-0.08328302204608917,-0.06565885990858078,-0.5940446257591248,-0.2793540954589844,-0.252323180437088,-0.449010968208313,0.03309546038508415,-0.42088183760643005,-0.5494562387466431,0.02934257686138153,-0.2380034476518631,-0.7465932965278625,-0.3974444270133972,-0.5780208706855774,-0.7140971422195435,-0.06043481454253197,0.10863546282052994,-0.009494892321527004,-0.025047121569514275,-0.10894562304019928,0.008974124677479267,0.02631315216422081,0.05723953619599342,0.4148256778717041,-0.08097455650568008,-0.14214493334293365,0.39142125844955444,-0.030726756900548935,0.0705789253115654,0.758059561252594,0.019245760515332222,-0.18282000720500946,0.7397758364677429,0.04405302181839943
144,-0.22480104863643646,-0.5314645767211914,-0.11879482865333557,0.012947292067110538,-0.516758382320404,-0.08823711425065994,-0.06518556922674179,-0.5881381630897522,-0.286679208278656,-0.2454785406589508,-0.447570264339447,0.028527285903692245,-0.4052450954914093,-0.5433549880981445,0.027693651616573334,-0.23194028437137604,-0.7423728108406067,-0.4081421494483948,-0.5653639435768127,-0.7096765041351318,-0.05691726878285408,0.10861578583717346,-0.009384897537529469,-0.023981209844350815,-0.10890134423971176,0.00886290892958641,0.025247452780604362,0.061610594391822815,0.41742637753486633,-0.06975880265235901,-0.13531827926635742,0.3935222029685974,-0.031051624566316605,0.07981783151626587,0.7580055594444275,0.04020116105675697,-0.16986915469169617,0.7487267255783081,0.04668533802032471
145,-0.20353788137435913,-0.5445800423622131,-0.163425013422966,0.028130652382969856,-0.5092596411705017,-0.10562290251255035,-0.03929289057850838,-0.5712778568267822,-0.3622816503047943,-0.24146609008312225,-0.4508756697177887,-0.030544904991984367,-0.3836625814437866,-0.5507162809371948,-0.11647877097129822,-0.19273540377616882,-0.7343007326126099,-0.49711430072784424,-0.5157477855682373,-0.7187080383300781,-0.2551777958869934,0.10907404869794846,-0.009410656057298183,-0.019327737390995026,-0.10929838567972183,0.008893517777323723,0.02054365910589695,0.07136806100606918,0.41772204637527466,-0.07059567421674728,-0.12984031438827515,0.3940698504447937,-0.04164398834109306,0.08800308406352997,0.7579612135887146,0.05061929300427437,-0.15296907722949982,0.7509477138519287,0.04597427323460579
146,-0.17663206160068512,-0.5674327611923218,-0.13402120769023895,0.041832491755485535,-0.5166001319885254,-0.07829226553440094,-0.027022644877433777,-0.6152194142341614,-0.2855187952518463,-0.2331799566745758,-0.46272796392440796,0.01067220140248537,-0.37032756209373474,-0.5729461312294006,-0.0856606587767601,-0.17875808477401733,-0.7924159169197083,-0.4015014171600342,-0.49114859104156494,-0.7567634582519531,-0.20834918320178986,0.10934848338365555,-0.009327073581516743,-0.0184470321983099,-0.109551802277565,0.00882042944431305,0.019612330943346024,0.07311458885669708,0.4180000126361847,-0.06982214003801346,-0.128932923078537,0.3952193558216095,-0.04065350815653801,0.09401430934667587,0.7580233812332153,0.05128968507051468,-0.15235450863838196,0.755146324634552,0.050779521465301514
147,-0.16873008012771606,-0.5762730240821838,-0.13884824514389038,0.049028731882572174,-0.5175526738166809,-0.09208688884973526,-0.01384061947464943,-0.6138379573822021,-0.27921512722969055,-0.22465696930885315,-0.47620031237602234,0.012971469201147556,-0.3596927225589752,-0.5880008935928345,-0.05427577719092369,-0.16393838822841644,-0.8023616671562195,-0.3772011399269104,-0.47086575627326965,-0.7801189422607422,-0.17649492621421814,0.10947463661432266,-0.008971733041107655,-0.018483351916074753,-0.1096595898270607,0.008472314104437828,0.019651489332318306,0.07235980033874512,0.41864919662475586,-0.0689038336277008,-0.12955768406391144,0.39522016048431396,-0.035213861614465714,0.0919022262096405,0.7558134198188782,0.06735389679670334,-0.14732468128204346,0.751712441444397,0.0725625604391098
148,-0.12707741558551788,-0.6118803024291992,-0.12495256960391998,0.06560222804546356,-0.5348582863807678,-0.03896135836839676,0.022275125607848167,-0.681985080242157,-0.19268277287483215,-0.21828702092170715,-0.48343127965927124,0.03273007646203041,-0.34770017862319946,-0.6280957460403442,-0.02402682416141033,-0.1165754646062851,-0.8668456673622131,-0.28591036796569824,-0.4315398335456848,-0.8305367827415466,-0.10266562551259995,0.10962581634521484,-0.008790974505245686,-0.017399998381733894,-0.10982666909694672,0.008307141251862049,0.01847240887582302,0.0764799416065216,0.4183826148509979,-0.03800632059574127,-0.12775561213493347,0.3951075077056885,-0.010483715683221817,0.09975158423185349,0.7537935376167297,0.09698135405778885,-0.1324535757303238,0.7479036450386047,0.1097097247838974
149,-0.12006863206624985,-0.611011266708374,-0.12921853363513947,0.07222586125135422,-0.5410474538803101,-0.04084214195609093,0.026763105764985085,-0.6917541027069092,-0.17753185331821442,-0.2060488760471344,-0.4914785325527191,0.0395921915769577,-0.325027734041214,-0.6435708403587341,0.0037473845295608044,-0.10641717165708542,-0.8788895010948181,-0.2537234425544739,-0.4023464024066925,-0.8462144732475281,-0.07036291062831879,0.10964405536651611,-0.00792222935706377,-0.017420293763279915,-0.10984354466199875,0.007413449231535196,0.018494868651032448,0.07623428106307983,0.41836702823638916,-0.022888651117682457,-0.12773919105529785,0.3948647081851959,0.008642742410302162,0.10033858567476273,0.7520175576210022,0.10439227521419525,-0.1329355537891388,0.7469291687011719,0.1225140243768692
150,-0.10806528478860855,-0.6204509139060974,-0.13294793665409088,0.07947476953268051,-0.5422959923744202,-0.04348091036081314,0.04662368446588516,-0.7027100324630737,-0.1752636730670929,-0.19963017106056213,-0.49714478850364685,0.03424931690096855,-0.3138757050037384,-0.6583020091056824,-0.002702828962355852,-0.07582693547010422,-0.8937485814094543,-0.25116610527038574,-0.37424957752227783,-0.8683576583862305,-0.07812903821468353,0.10964749753475189,-0.00723288906738162,-0.017156017944216728,-0.10984527319669724,0.006706021260470152,0.01824193261563778,0.07592973858118057,0.4184900224208832,-0.010543216951191425,-0.1270289570093155,0.39483901858329773,0.018318355083465576,0.10283137112855911,0.7521856427192688,0.11684128642082214,-0.11510027945041656,0.7466899752616882,0.13703475892543793
151,-0.09882687032222748,-0.6191827654838562,-0.13497957587242126,0.08610258251428604,-0.5402860045433044,-0.0498204380273819,0.054052263498306274,-0.6940138339996338,-0.1892857700586319,-0.19292791187763214,-0.4981968402862549,0.03147844597697258,-0.31186214089393616,-0.6564536094665527,-0.014199182391166687,-0.0712578296661377,-0.8922269344329834,-0.2687075436115265,-0.3673046827316284,-0.8648238182067871,-0.10296298563480377,0.10964948683977127,-0.006286520045250654,-0.016994325444102287,-0.10984227061271667,0.005762647837400436,0.018080851063132286,0.07004576921463013,0.4216790497303009,-0.013964257203042507,-0.12714384496212006,0.39486774802207947,0.014176556840538979,0.09912441670894623,0.7578049302101135,0.11120887100696564,-0.11528311669826508,0.7475389838218689,0.1302560567855835
152,-0.08777949959039688,-0.622682511806488,-0.15197747945785522,0.09422389417886734,-0.5390786528587341,-0.051701564341783524,0.07338696718215942,-0.7047828435897827,-0.18746203184127808,-0.1849326193332672,-0.4995487928390503,0.017748402431607246,-0.2948962450027466,-0.664227306842804,-0.02309258095920086,-0.04870504140853882,-0.917261004447937,-0.251392662525177,-0.3406298756599426,-0.8808191418647766,-0.10287503153085709,0.10971347987651825,-0.005695595405995846,-0.015721220523118973,-0.10990549623966217,0.005154338199645281,0.01683400385081768,0.07107049971818924,0.4226636290550232,-0.011566643603146076,-0.12969255447387695,0.3927370309829712,0.011890387162566185,0.09906800836324692,0.7577276229858398,0.1309545934200287,-0.11258851736783981,0.739618182182312,0.14385546743869781
153,-0.07533629238605499,-0.6287343502044678,-0.17583216726779938,0.0982188805937767,-0.5381535291671753,-0.06043420359492302,0.08139324188232422,-0.7197123765945435,-0.17864994704723358,-0.1791190356016159,-0.5012221932411194,-0.011656650342047215,-0.28338509798049927,-0.6724073886871338,-0.05151483416557312,-0.030644085258245468,-0.9333826303482056,-0.23752066493034363,-0.32064634561538696,-0.8951698541641235,-0.11769745498895645,0.10972973704338074,-0.005468369461596012,-0.014662305824458599,-0.10992584377527237,0.004904480185359716,0.01580716297030449,0.07209395617246628,0.4218143820762634,-0.004359317012131214,-0.12975965440273285,0.39274004101753235,0.012987098656594753,0.10194206237792969,0.7557451725006104,0.13450320065021515,-0.1057145968079567,0.7400166988372803,0.145738884806633
154,-0.0712166428565979,-0.6322318911552429,-0.1761842966079712,0.09993448853492737,-0.5375075340270996,-0.06139408051967621,0.0847250446677208,-0.7179121971130371,-0.17333900928497314,-0.1728566735982895,-0.5014101266860962,-0.013920266181230545,-0.2625278830528259,-0.668888509273529,-0.055480241775512695,-0.01905004121363163,-0.9300714731216431,-0.23694108426570892,-0.2991856038570404,-0.891055703163147,-0.11891533434391022,0.1096619963645935,-0.005266825668513775,-0.012665078975260258,-0.10985749214887619,0.004688418935984373,0.013845843262970448,0.07485178858041763,0.4201697111129761,-0.001665690797381103,-0.12405994534492493,0.39275580644607544,0.014100712724030018,0.10732568055391312,0.7550151944160461,0.1332937628030777,-0.0964423269033432,0.7414023280143738,0.14427883923053741
155,-0.06378201395273209,-0.6342071890830994,-0.2032473236322403,0.10433951020240784,-0.536017894744873,-0.09822424501180649,0.09337352961301804,-0.7145392894744873,-0.2133563905954361,-0.16322247684001923,-0.5027408599853516,-0.039632756263017654,-0.24659796059131622,-0.670798659324646,-0.07795576751232147,-0.0046218582428991795,-0.9273084998130798,-0.2786281406879425,-0.28842124342918396,-0.895308792591095,-0.14049771428108215,0.10953684896230698,-0.005080565344542265,-0.01260663103312254,-0.10972633957862854,0.004496831446886063,0.013785682618618011,0.07912386208772659,0.4178650379180908,-0.003209069138392806,-0.11955470591783524,0.39280498027801514,0.01863970421254635,0.10974527150392532,0.7522128224372864,0.13498789072036743,-0.09216995537281036,0.7410956025123596,0.15350252389907837
156,-0.06225132942199707,-0.6319754719734192,-0.20159563422203064,0.10782720148563385,-0.5358094573020935,-0.10297995060682297,0.09731709957122803,-0.7264757752418518,-0.21434591710567474,-0.15244922041893005,-0.5074796080589294,-0.033927951008081436,-0.23767372965812683,-0.6877865195274353,-0.07676313072443008,0.007799865212291479,-0.942358136177063,-0.2782305181026459,-0.2759239375591278,-0.9104508757591248,-0.1284855753183365,0.10895970463752747,-0.004463117104023695,-0.012743315659463406,-0.10910497605800629,0.003883922938257456,0.013935232535004616,0.08191987127065659,0.4137638211250305,-0.003522614249959588,-0.11633098125457764,0.3928126096725464,0.020600777119398117,0.11627785116434097,0.7529468536376953,0.11695965379476547,-0.0929386168718338,0.7446698546409607,0.1499348133802414
157,-0.05882354453206062,-0.6330462694168091,-0.2003953605890274,0.10981645435094833,-0.5356664657592773,-0.10010949522256851,0.10757597535848618,-0.7332327961921692,-0.2025260478258133,-0.15298448503017426,-0.5087317228317261,-0.03931853547692299,-0.23391683399677277,-0.6891493797302246,-0.07945147901773453,0.02659749798476696,-0.9513660669326782,-0.25953933596611023,-0.26231926679611206,-0.9147235155105591,-0.13257010281085968,0.10886373370885849,-0.00392340449616313,-0.010274788364768028,-0.10899832099676132,0.003335472196340561,0.01150648295879364,0.0857367068529129,0.41267842054367065,0.002360881306231022,-0.11428771167993546,0.3926480710506439,0.0203425083309412,0.12650911509990692,0.7534992098808289,0.12007002532482147,-0.09382279962301254,0.7449274063110352,0.14831706881523132
158,-0.049882326275110245,-0.6329700946807861,-0.22945992648601532,0.11069948971271515,-0.5355514883995056,-0.11579417437314987,0.11080169677734375,-0.7411020994186401,-0.2091398388147354,-0.1456788182258606,-0.5105878710746765,-0.08118552714586258,-0.21116438508033752,-0.7005059719085693,-0.12456189095973969,0.03474244847893715,-0.9644299745559692,-0.262153297662735,-0.2383611798286438,-0.9285191297531128,-0.16996510326862335,0.10830096155405045,-0.003003738122060895,-0.00848244596272707,-0.10843580961227417,0.002416411880403757,0.009682984091341496,0.08648864179849625,0.4130055606365204,0.006231379695236683,-0.11399315297603607,0.3925054967403412,0.02019261196255684,0.1264030486345291,0.7562808990478516,0.12581075727939606,-0.09455238282680511,0.7438527941703796,0.14751212298870087
159,-0.04607695713639259,-0.6353248357772827,-0.22274498641490936,0.11346229910850525,-0.5356446504592896,-0.11380448192358017,0.11584058403968811,-0.7434238791465759,-0.2046523094177246,-0.14348605275154114,-0.5127219557762146,-0.07062277942895889,-0.20429763197898865,-0.7017297744750977,-0.11226911097764969,0.048148926347494125,-0.968631386756897,-0.2578222155570984,-0.22779661417007446,-0.9284084439277649,-0.1623668670654297,0.10799603909254074,-0.002324177185073495,-0.007053721696138382,-0.10811478644609451,0.0017425365513190627,0.008269025012850761,0.08975758403539658,0.4126114845275879,0.00960117019712925,-0.10670419782400131,0.39114049077033997,0.020372483879327774,0.12920542061328888,0.7563093304634094,0.1311151683330536,-0.0933372974395752,0.7408106327056885,0.14762181043624878
160,-0.040568385273218155,-0.6368693113327026,-0.225844606757164,0.1164209246635437,-0.5350382924079895,-0.11518073081970215,0.12383883446455002,-0.7420167922973633,-0.209039568901062,-0.14041756093502045,-0.5140034556388855,-0.0773787721991539,-0.1990266740322113,-0.700966477394104,-0.11825171858072281,0.05999668687582016,-0.9670625925064087,-0.26315587759017944,-0.221835196018219,-0.9281776547431946,-0.16780520975589752,0.10765698552131653,-0.0018374352948740125,-0.006283684633672237,-0.10776976495981216,0.001266609295271337,0.007487021386623383,0.0923839882016182,0.41193491220474243,0.011944131925702095,-0.09876461327075958,0.39079737663269043,0.020325228571891785,0.12956885993480682,0.7561365962028503,0.13546811044216156,-0.08671214431524277,0.7394942045211792,0.14775365591049194
161,-0.02972528152167797,-0.6367188692092896,-0.2631261348724365,0.11729118227958679,-0.532006025314331,-0.13142894208431244,0.1304353028535843,-0.7467572689056396,-0.22265706956386566,-0.14072909951210022,-0.5124167203903198,-0.13665445148944855,-0.19356538355350494,-0.6999881267547607,-0.21160003542900085,0.07009564340114594,-0.9740337133407593,-0.2874320149421692,-0.20706604421138763,-0.9311180710792542,-0.2661692202091217,0.10730702430009842,-0.0012361210538074374,-0.00204290309920907,-0.10744097828865051,0.0006788666360080242,0.003180640283972025,0.09484977275133133,0.41203129291534424,0.015451301820576191,-0.09635667502880096,0.3907649517059326,0.02034401148557663,0.13130874931812286,0.7564911246299744,0.14292488992214203,-0.08186324685811996,0.7365125417709351,0.15163685381412506
162,-0.022773973643779755,-0.6315945386886597,-0.2716958224773407,0.12648393213748932,-0.5249893069267273,-0.1429860144853592,0.14219509065151215,-0.7442195415496826,-0.25151076912879944,-0.13563869893550873,-0.5111914277076721,-0.13377055525779724,-0.18435093760490417,-0.6996617913246155,-0.2122885137796402,0.08235228806734085,-0.9720126986503601,-0.32254207134246826,-0.19526365399360657,-0.9311299324035645,-0.2839242219924927,0.1072864681482315,-0.001033323467709124,-0.0012641684152185917,-0.10742120444774628,0.00047744857147336006,0.0023972608614712954,0.09623608738183975,0.4121655821800232,0.015479938127100468,-0.0908983126282692,0.3905845880508423,0.017282715067267418,0.13255786895751953,0.7565418481826782,0.14326819777488708,-0.07468418031930923,0.7358287572860718,0.14947672188282013
163,-0.024353714659810066,-0.6276618242263794,-0.2720939517021179,0.12740179896354675,-0.5212844610214233,-0.14762434363365173,0.14688143134117126,-0.7404239177703857,-0.25771889090538025,-0.13612042367458344,-0.5096567273139954,-0.12959986925125122,-0.18787038326263428,-0.6973232626914978,-0.20737352967262268,0.09109174460172653,-0.971001148223877,-0.3244575262069702,-0.19978931546211243,-0.9286057353019714,-0.2869323790073395,0.10720527172088623,-0.0008232778636738658,-0.0009075307170860469,-0.10733295977115631,0.0002796570479404181,0.002030880656093359,0.09623496979475021,0.41266778111457825,0.014259492047131062,-0.08956033736467361,0.39055827260017395,0.015651173889636993,0.13245373964309692,0.7586890459060669,0.14289622008800507,-0.07373949885368347,0.7355894446372986,0.14930227398872375
164,-0.015604699030518532,-0.6239091157913208,-0.2911345660686493,0.13566197454929352,-0.5146459937095642,-0.15941232442855835,0.15785318613052368,-0.734231173992157,-0.2818712294101715,-0.1321469098329544,-0.5031045079231262,-0.15186753869056702,-0.18019407987594604,-0.68760746717453,-0.25167930126190186,0.1006988063454628,-0.9639184474945068,-0.35975921154022217,-0.18179818987846375,-0.9231780171394348,-0.3474428653717041,0.10725388675928116,-0.00042665074579417706,0.0008171606459654868,-0.10737874358892441,-0.00011377143528079614,0.0003060420567635447,0.09576484560966492,0.41435372829437256,0.015205135568976402,-0.08545142412185669,0.38980886340141296,0.010074758902192116,0.13234838843345642,0.7606322169303894,0.14231610298156738,-0.07250694930553436,0.7344055771827698,0.14414723217487335
165,-0.016024725511670113,-0.623799741268158,-0.28893744945526123,0.13507390022277832,-0.513863742351532,-0.1568717658519745,0.15528258681297302,-0.7337397336959839,-0.27307233214378357,-0.13242273032665253,-0.5031816363334656,-0.14597643911838531,-0.1814330667257309,-0.6870343089103699,-0.23697108030319214,0.10214380919933319,-0.9629601240158081,-0.33398571610450745,-0.18291246891021729,-0.9223276376724243,-0.3272184133529663,0.1070098876953125,-0.00026387162506580353,0.00017087430751416832,-0.10713154077529907,-0.0002792979357764125,0.0009373236680403352,0.09478326886892319,0.4144287407398224,0.014441079460084438,-0.08324038237333298,0.39032381772994995,0.013250332325696945,0.1326288878917694,0.7622061967849731,0.13679885864257812,-0.06385345011949539,0.7389805912971497,0.1439964920282364
166,-0.008967908099293709,-0.6225476861000061,-0.29061752557754517,0.13850578665733337,-0.5109016299247742,-0.15645700693130493,0.16160209476947784,-0.7321058511734009,-0.2737244963645935,-0.13112887740135193,-0.50080406665802,-0.1557985246181488,-0.17488324642181396,-0.6877079010009766,-0.25689470767974854,0.12164825201034546,-0.9594829082489014,-0.34960582852363586,-0.16247670352458954,-0.9279069900512695,-0.3346683979034424,0.10708998888731003,-0.00013622862752526999,0.0009347788291051984,-0.10721546411514282,-0.00040521405753679574,0.00014309168909676373,0.09575547277927399,0.41551291942596436,0.015437202528119087,-0.08083362132310867,0.39064621925354004,0.013841650448739529,0.13584008812904358,0.7618670463562012,0.1527826189994812,-0.05806942656636238,0.7355650067329407,0.15556669235229492
167,-0.007458217907696962,-0.6218389272689819,-0.3065701127052307,0.14022819697856903,-0.5069417357444763,-0.17083986103534698,0.17064021527767181,-0.7314181923866272,-0.28114455938339233,-0.12721145153045654,-0.5008497834205627,-0.17020879685878754,-0.1712089627981186,-0.6923749446868896,-0.27349117398262024,0.13656406104564667,-0.9591226577758789,-0.35282623767852783,-0.1568273901939392,-0.933539628982544,-0.36141377687454224,0.10701299458742142,0.0006040162988938391,0.0007567754364572465,-0.10713616013526917,-0.0011384416138753295,0.00032516231294721365,0.09475604444742203,0.4160468876361847,0.01406027190387249,-0.08033911883831024,0.3903041183948517,0.014858625829219818,0.13792181015014648,0.7618462443351746,0.1502407193183899,-0.05678857862949371,0.731938898563385,0.1560242623090744
168,-0.008234724402427673,-0.6262786984443665,-0.27901193499565125,0.13962988555431366,-0.5123363137245178,-0.13807891309261322,0.16901615262031555,-0.7377731800079346,-0.22411946952342987,-0.1293317675590515,-0.5061811804771423,-0.15808066725730896,-0.17320528626441956,-0.7004877924919128,-0.2637355327606201,0.13793903589248657,-0.964338481426239,-0.28831207752227783,-0.16007186472415924,-0.9418189525604248,-0.32625269889831543,0.10697811096906662,0.0006886285846121609,0.0010056056780740619,-0.10710576921701431,-0.0012227923143655062,8.339438500115648e-05,0.09310152381658554,0.4157947599887848,0.013223030604422092,-0.08057249337434769,0.3904692232608795,0.013529643416404724,0.13850146532058716,0.7608181238174438,0.1429724097251892,-0.056096382439136505,0.7328847050666809,0.1470918506383896
169,0.0018669584533199668,-0.6282656192779541,-0.2922198176383972,0.13922324776649475,-0.5120872259140015,-0.1389341801404953,0.17205655574798584,-0.7422062158584595,-0.22999142110347748,-0.12371949851512909,-0.5039522051811218,-0.18227507174015045,-0.16627149283885956,-0.6972873210906982,-0.3164297938346863,0.1435745358467102,-0.9640974998474121,-0.29536330699920654,-0.13712969422340393,-0.9264098405838013,-0.39959558844566345,0.10643018782138824,0.0007563605904579163,0.002689619781449437,-0.10659043490886688,-0.001290115644223988,-0.001589606050401926,0.09720340371131897,0.4142494797706604,0.016802797093987465,-0.07307573407888412,0.3913572430610657,0.018855394795536995,0.13914534449577332,0.7591196894645691,0.1495692878961563,-0.04576026648283005,0.7335913777351379,0.1556115299463272
170,0.003268748987466097,-0.6295288801193237,-0.28976020216941833,0.13935890793800354,-0.5125010013580322,-0.13313841819763184,0.1753614842891693,-0.7418699860572815,-0.22032538056373596,-0.12346475571393967,-0.5045676827430725,-0.17694643139839172,-0.1670457124710083,-0.6971649527549744,-0.30121302604675293,0.14663714170455933,-0.963377833366394,-0.28608959913253784,-0.13788259029388428,-0.9253717064857483,-0.38856127858161926,0.10624408721923828,0.0009351237677037716,0.003103853203356266,-0.1064206063747406,-0.0014734630240127444,-0.002018375787883997,0.09583300352096558,0.4142860174179077,0.016520103439688683,-0.07388461381196976,0.3904520273208618,0.017773786559700966,0.13940756022930145,0.759202778339386,0.14723308384418488,-0.04608884081244469,0.7323132753372192,0.14980655908584595
171,0.00283095333725214,-0.6295360326766968,-0.2995178699493408,0.13938996195793152,-0.5116456747055054,-0.14336532354354858,0.1796194165945053,-0.7406167984008789,-0.23239365220069885,-0.12358929216861725,-0.5033228993415833,-0.18102453649044037,-0.1677095592021942,-0.6970540881156921,-0.3078564405441284,0.15814729034900665,-0.9594584107398987,-0.3040965795516968,-0.1393444687128067,-0.9249396324157715,-0.39643415808677673,0.10622323304414749,0.0010006841039285064,0.003071808023378253,-0.106403648853302,-0.0015395310474559665,-0.00198496226221323,0.09578362107276917,0.4142993092536926,0.01584666781127453,-0.07421024888753891,0.39063239097595215,0.017719173803925514,0.14585460722446442,0.7592242956161499,0.14365606009960175,-0.045285843312740326,0.733342170715332,0.1479005515575409
172,0.0026337529998272657,-0.6284433603286743,-0.30162641406059265,0.13953286409378052,-0.5101140737533569,-0.14576192200183868,0.18097588419914246,-0.7323008179664612,-0.24081768095493317,-0.12447194755077362,-0.5000046491622925,-0.17951780557632446,-0.17030146718025208,-0.6858576536178589,-0.3089240789413452,0.15718786418437958,-0.9545904397964478,-0.31430965662002563,-0.14011287689208984,-0.9188656806945801,-0.4032227098941803,0.1063574030995369,0.0009327457519248128,0.0032692402601242065,-0.1065538078546524,-0.0014761510537937284,-0.0021766196005046368,0.09570912271738052,0.41411712765693665,0.013951131142675877,-0.07494226843118668,0.3905615508556366,0.013191667385399342,0.14594769477844238,0.7562485337257385,0.1433984637260437,-0.04514938220381737,0.7332392334938049,0.14356006681919098
173,0.0012807752937078476,-0.6237270832061768,-0.31346768140792847,0.13800346851348877,-0.5073924660682678,-0.15288741886615753,0.1806335598230362,-0.7261037826538086,-0.24664504826068878,-0.1264137625694275,-0.49763235449790955,-0.1904444396495819,-0.17093364894390106,-0.6846198439598083,-0.3223443925380707,0.15806236863136292,-0.9493739008903503,-0.32143670320510864,-0.14098964631557465,-0.9190844893455505,-0.41837337613105774,0.10642580687999725,0.0008883553673513234,0.0037132969591766596,-0.10662864148616791,-0.0014373863814398646,-0.002615031087771058,0.09169678390026093,0.41495898365974426,0.015485679730772972,-0.07655566185712814,0.3913840055465698,0.013246951624751091,0.14389365911483765,0.7558253407478333,0.14715784788131714,-0.0465424582362175,0.7333437204360962,0.14549575746059418
174,3.424278838792816e-05,-0.6209669709205627,-0.31706374883651733,0.1364428550004959,-0.5062112808227539,-0.156626358628273,0.18045687675476074,-0.7263651490211487,-0.24473902583122253,-0.12718893587589264,-0.49561309814453125,-0.19225898385047913,-0.17399391531944275,-0.6819210052490234,-0.3200974464416504,0.16175882518291473,-0.9503883123397827,-0.30871814489364624,-0.1412244439125061,-0.9178935885429382,-0.41334328055381775,0.10644586384296417,0.00042910853517241776,0.003812825307250023,-0.10665697604417801,-0.000986858969554305,-0.0027052282821387053,0.09782016277313232,0.4111868739128113,0.01373229082673788,-0.07621221244335175,0.3917784094810486,0.013132806867361069,0.14471980929374695,0.7522611618041992,0.14743749797344208,-0.045833103358745575,0.7335823178291321,0.14613677561283112
175,0.002070152433589101,-0.6240995526313782,-0.3089603781700134,0.13527777791023254,-0.5092049241065979,-0.14715684950351715,0.17926765978336334,-0.7414577603340149,-0.21737945079803467,-0.12123913317918777,-0.4979168176651001,-0.19082991778850555,-0.1681455820798874,-0.687461256980896,-0.32256489992141724,0.16089744865894318,-0.9587007761001587,-0.2706160545349121,-0.13106867671012878,-0.9167522192001343,-0.41311463713645935,0.10461843013763428,0.0011237828293815255,0.0037413081154227257,-0.10483754426240921,-0.0016765054315328598,-0.0026348039973527193,0.09264284372329712,0.41159340739250183,0.01727829873561859,-0.07287681102752686,0.39179620146751404,0.02386799268424511,0.14072473347187042,0.7553605437278748,0.14440566301345825,-0.03924369439482689,0.7342075109481812,0.14857684075832367
176,6.715630297549069e-05,-0.6281160116195679,-0.2942502796649933,0.13304655253887177,-0.5114940404891968,-0.13323776423931122,0.17968036234378815,-0.7415752410888672,-0.19614309072494507,-0.12346754968166351,-0.49988818168640137,-0.18167224526405334,-0.16850163042545319,-0.6937196254730225,-0.3124810755252838,0.16416847705841064,-0.960576593875885,-0.2468944638967514,-0.13167165219783783,-0.9229929447174072,-0.3951142728328705,0.10432583093643188,0.001146648544818163,0.003818955272436142,-0.10455752164125443,-0.0016990905860438943,-0.00272467196919024,0.09261596202850342,0.411931574344635,0.01786591298878193,-0.07395914196968079,0.3918869197368622,0.024262258782982826,0.14083856344223022,0.7573645114898682,0.14474846422672272,-0.03935795649886131,0.7348525524139404,0.15005169808864594
177,-0.0011144765885546803,-0.6309534311294556,-0.2782098948955536,0.13298536837100983,-0.5151769518852234,-0.12077534943819046,0.17769750952720642,-0.7424301505088806,-0.18861840665340424,-0.1244012638926506,-0.5017280578613281,-0.15799225866794586,-0.17634578049182892,-0.6936236023902893,-0.2819713056087494,0.16294138133525848,-0.9619967937469482,-0.2402912825345993,-0.13526573777198792,-0.922292172908783,-0.3616807758808136,0.1043100655078888,0.0009869761997833848,0.0037139514461159706,-0.10454338043928146,-0.0015424402663484216,-0.0026211412623524666,0.09688230603933334,0.4112478196620941,0.01754222810268402,-0.07413586229085922,0.3919471502304077,0.024260107427835464,0.14186309278011322,0.7568325400352478,0.14502176642417908,-0.03871765732765198,0.7348924279212952,0.15135884284973145
178,-0.001018214737996459,-0.6349299550056458,-0.26896941661834717,0.13286857306957245,-0.51700758934021,-0.10992848128080368,0.17797443270683289,-0.7418918609619141,-0.17713923752307892,-0.12455245852470398,-0.5031781792640686,-0.15322205424308777,-0.1683412492275238,-0.6934738755226135,-0.284964382648468,0.16468305885791779,-0.9597131609916687,-0.23215778172016144,-0.12838196754455566,-0.9200403690338135,-0.3690509498119354,0.10418292135000229,0.0009208377450704575,0.0036591021344065666,-0.1044197604060173,-0.0014731379924342036,-0.0025844282936304808,0.09565962105989456,0.4114694893360138,0.017488401383161545,-0.07418184727430344,0.3926178514957428,0.024545133113861084,0.14214085042476654,0.7592933177947998,0.14499175548553467,-0.03608737140893936,0.7364498972892761,0.15252861380577087
179,-0.00041187647730112076,-0.6331153512001038,-0.2686763405799866,0.13485881686210632,-0.5171234607696533,-0.11272882670164108,0.17727825045585632,-0.740489661693573,-0.182427316904068,-0.12457522749900818,-0.5042843222618103,-0.1440674066543579,-0.17230316996574402,-0.6928035616874695,-0.27237844467163086,0.1626090705394745,-0.9589165449142456,-0.23856636881828308,-0.12939110398292542,-0.9191074967384338,-0.3633557856082916,0.10415998846292496,0.0009188683470711112,0.0010416116565465927,-0.10439547151327133,-0.0014720431063324213,-1.3397923794400413e-05,0.09438920021057129,0.41104748845100403,0.012336296029388905,-0.07424825429916382,0.3929239809513092,0.02738005295395851,0.14221954345703125,0.7594735026359558,0.1329319328069687,-0.031821928918361664,0.7389615178108215,0.15167701244354248
180,-0.0006550016696564853,-0.6377274394035339,-0.26182669401168823,0.13692401349544525,-0.517971932888031,-0.1097664013504982,0.18431229889392853,-0.7403398156166077,-0.1795307844877243,-0.12514778971672058,-0.5057594776153564,-0.13732944428920746,-0.17236356437206268,-0.6994544267654419,-0.24057850241661072,0.1718732714653015,-0.9615636467933655,-0.2323710173368454,-0.1352265328168869,-0.9366458654403687,-0.31026268005371094,0.10443980991840363,0.0008187100756913424,0.0013098572380840778,-0.10466310381889343,-0.0013698074035346508,-0.000290584604954347,0.09602734446525574,0.411067396402359,0.013243279419839382,-0.07427515089511871,0.3930676281452179,0.02619972825050354,0.14431902766227722,0.758794367313385,0.14101232588291168,-0.0326974131166935,0.7372469305992126,0.15503691136837006
181,-0.0009356708615086973,-0.6358615756034851,-0.2837969958782196,0.1364744007587433,-0.5127754807472229,-0.12373578548431396,0.18733668327331543,-0.7347357869148254,-0.19822874665260315,-0.12795278429985046,-0.5003848075866699,-0.1629619598388672,-0.17343011498451233,-0.693081796169281,-0.2890992760658264,0.179860457777977,-0.9523482918739319,-0.2582955062389374,-0.13382284343242645,-0.9290716052055359,-0.37192729115486145,0.1047731339931488,0.0006003504386171699,0.0036313573364168406,-0.1049971953034401,-0.0011585784377530217,-0.002561905886977911,0.09776175767183304,0.4109538197517395,0.01555048581212759,-0.07643827795982361,0.39244532585144043,0.021615883335471153,0.14695411920547485,0.752870500087738,0.1533847153186798,-0.034763265401124954,0.7326837778091431,0.15738172829151154
182,-0.0010230415500700474,-0.6341594457626343,-0.2936623990535736,0.13872361183166504,-0.5097631812095642,-0.13826853036880493,0.18838530778884888,-0.7274227738380432,-0.22491435706615448,-0.12839385867118835,-0.4979361593723297,-0.16474491357803345,-0.18726219236850739,-0.6830037832260132,-0.2909310758113861,0.1794569045305252,-0.9480688571929932,-0.28991562128067017,-0.14256100356578827,-0.9214272499084473,-0.37981894612312317,0.10539485514163971,0.00020514056086540222,0.003587018232792616,-0.10563413053750992,-0.0007656842353753746,-0.002510882681235671,0.10108132660388947,0.41017764806747437,0.013681055046617985,-0.07720732688903809,0.3924800753593445,0.020646871998906136,0.15071538090705872,0.7507303357124329,0.1528804898262024,-0.03609335422515869,0.7325767874717712,0.15758474171161652
183,-0.0014903112314641476,-0.6311202645301819,-0.30255550146102905,0.13432633876800537,-0.5074850916862488,-0.1401730477809906,0.18825913965702057,-0.7228682041168213,-0.22089041769504547,-0.13135366141796112,-0.4973060190677643,-0.18323266506195068,-0.18662792444229126,-0.6831057667732239,-0.3160451054573059,0.1919964849948883,-0.9444652795791626,-0.28123989701271057,-0.14384128153324127,-0.9218342304229736,-0.4105771481990814,0.10548378527164459,-6.60419900668785e-05,0.005465829744935036,-0.10572538524866104,-0.0005015771021135151,-0.004371997434645891,0.10240808129310608,0.4094482958316803,0.016701599583029747,-0.07817405462265015,0.3925797641277313,0.019678620621562004,0.15521059930324554,0.7481776475906372,0.15604068338871002,-0.03824072331190109,0.7324286699295044,0.1580987274646759
184,0.0020015989430248737,-0.6305478811264038,-0.301089882850647,0.13937686383724213,-0.5070807337760925,-0.14089876413345337,0.1899220198392868,-0.720547080039978,-0.2196180522441864,-0.12926898896694183,-0.49659228324890137,-0.17697645723819733,-0.19295957684516907,-0.6811843514442444,-0.3054933547973633,0.1929459124803543,-0.9439563155174255,-0.2806852459907532,-0.14869196712970734,-0.9214869737625122,-0.4037493169307709,0.10556167364120483,-0.00047779068700037897,0.004079611040651798,-0.10581180453300476,-8.669696399010718e-05,-0.0030147158540785313,0.10556240379810333,0.40925681591033936,0.01234632171690464,-0.0777263417840004,0.39532068371772766,0.022710084915161133,0.15621475875377655,0.7490475177764893,0.15337564051151276,-0.0374479740858078,0.7356117963790894,0.16092118620872498
185,-0.004584550857543945,-0.6305086016654968,-0.3007611036300659,0.13899651169776917,-0.5044040083885193,-0.1452004462480545,0.1902538388967514,-0.7167502641677856,-0.22605222463607788,-0.13067838549613953,-0.4963119924068451,-0.1764724850654602,-0.19096536934375763,-0.6813377141952515,-0.30386340618133545,0.19215326011180878,-0.9419499039649963,-0.28416091203689575,-0.1474020630121231,-0.9228579998016357,-0.40107959508895874,0.10579603165388107,-0.0005050167092122138,0.0035473951138556004,-0.10603868216276169,-5.948369289399125e-05,-0.0024939337745308876,0.10362876206636429,0.40912604331970215,0.011464429087936878,-0.08105466514825821,0.3947952091693878,0.02275155670940876,0.15429621934890747,0.7491369247436523,0.15323714911937714,-0.03841686621308327,0.7348597049713135,0.16197821497917175
186,-0.004404766950756311,-0.6304083466529846,-0.30147990584373474,0.13753892481327057,-0.5053759813308716,-0.14265838265419006,0.19026793539524078,-0.7223062515258789,-0.20908351242542267,-0.13144177198410034,-0.49622875452041626,-0.18139758706092834,-0.1906396597623825,-0.683763325214386,-0.3113718330860138,0.19609884917736053,-0.9457834362983704,-0.2648017704486847,-0.1456216722726822,-0.9241701364517212,-0.401344358921051,0.10582845658063889,-0.000665661646053195,0.005182982888072729,-0.1060774028301239,9.401192073710263e-05,-0.004109026398509741,0.10289344936609268,0.4095667898654938,0.015562965534627438,-0.07969692349433899,0.3950404226779938,0.020462092012166977,0.1528143733739853,0.7492075562477112,0.15752503275871277,-0.03852125629782677,0.7351335883140564,0.160528302192688
187,-0.004053794778883457,-0.6309241056442261,-0.28349748253822327,0.13650113344192505,-0.5062492489814758,-0.12139328569173813,0.18673411011695862,-0.7169262170791626,-0.1891884058713913,-0.13300840556621552,-0.4963025450706482,-0.1604074239730835,-0.19509264826774597,-0.6768270134925842,-0.29145827889442444,0.1940019577741623,-0.9399941563606262,-0.2508491277694702,-0.14651809632778168,-0.9161189794540405,-0.3827938139438629,0.10585873574018478,-0.0009815224912017584,0.0051809921860694885,-0.10610867291688919,0.0004062904918100685,-0.004109073895961046,0.10316100716590881,0.409498929977417,0.013445382006466389,-0.07902088761329651,0.39551597833633423,0.020399024710059166,0.15175339579582214,0.7492842674255371,0.156370609998703,-0.03781865909695625,0.7360318303108215,0.16009289026260376
188,-0.003996289800852537,-0.6357554197311401,-0.2609435021877289,0.13583864271640778,-0.5109946131706238,-0.09739736467599869,0.1894829124212265,-0.7171406149864197,-0.15829430520534515,-0.1350998878479004,-0.500095009803772,-0.14672861993312836,-0.19326797127723694,-0.6857032775878906,-0.2650565505027771,0.2079530656337738,-0.9401990175247192,-0.2182503044605255,-0.14642944931983948,-0.9272325038909912,-0.33863168954849243,0.10588676482439041,-0.001085124327801168,0.0055232481099665165,-0.10613761842250824,0.000513915962073952,-0.004483889788389206,0.10350239276885986,0.40889251232147217,0.013808095827698708,-0.07893521338701248,0.39562907814979553,0.02056102827191353,0.15208210051059723,0.7508507966995239,0.15593445301055908,-0.03742385283112526,0.7362926602363586,0.16116507351398468
189,-0.004150172229856253,-0.6346052289009094,-0.2642005681991577,0.13429251313209534,-0.5110364556312561,-0.1024012565612793,0.18955418467521667,-0.7173730731010437,-0.16583192348480225,-0.1363452970981598,-0.49849337339401245,-0.15280309319496155,-0.19289322197437286,-0.6815222501754761,-0.2899540066719055,0.20866411924362183,-0.940292239189148,-0.2260582149028778,-0.14613862335681915,-0.9227367639541626,-0.38091444969177246,0.10592670738697052,-0.0014128078473731875,0.006891090422868729,-0.10618399828672409,0.0008443944971077144,-0.005851253867149353,0.10328640788793564,0.4091389775276184,0.013974095694720745,-0.07967174053192139,0.3963544964790344,0.017051437869668007,0.1522683948278427,0.7513127326965332,0.15386362373828888,-0.03829662874341011,0.7407078146934509,0.15286140143871307
190,-0.006065158173441887,-0.6366883516311646,-0.2667774260044098,0.13352762162685394,-0.5124095678329468,-0.10451871901750565,0.18952792882919312,-0.7261608242988586,-0.16905318200588226,-0.13679999113082886,-0.49848291277885437,-0.15330961346626282,-0.19006864726543427,-0.6832144260406494,-0.2926366925239563,0.20986317098140717,-0.9459155797958374,-0.22953571379184723,-0.1455499529838562,-0.920232355594635,-0.384816974401474,0.10598459839820862,-0.0014586206525564194,0.007006047293543816,-0.10624581575393677,0.0008892930927686393,-0.0059808893129229546,0.10407423228025436,0.40928101539611816,0.014994407072663307,-0.07793982326984406,0.39638856053352356,0.017367126420140266,0.15280649065971375,0.752597451210022,0.1573971062898636,-0.033437684178352356,0.7405897378921509,0.15609847009181976
191,-0.0061091529205441475,-0.6394618153572083,-0.24940159916877747,0.1332239806652069,-0.5138872861862183,-0.09102307260036469,0.18910057842731476,-0.7270888686180115,-0.15691342949867249,-0.13680191338062286,-0.49861815571784973,-0.13474994897842407,-0.18312469124794006,-0.681391179561615,-0.2770167589187622,0.20933550596237183,-0.9463321566581726,-0.21419088542461395,-0.13542571663856506,-0.9112042784690857,-0.3752829134464264,0.10591885447502136,-0.0015018318081274629,0.006452071946114302,-0.10618056356906891,0.0009360279073007405,-0.005453076679259539,0.10366151481866837,0.40954264998435974,0.014377054758369923,-0.07774601876735687,0.3964267671108246,0.017459359019994736,0.1537662297487259,0.7547749280929565,0.15637697279453278,-0.031279996037483215,0.7430013418197632,0.15424379706382751
192,-0.016772788017988205,-0.6403300166130066,-0.2568458914756775,0.13146761059761047,-0.5134628415107727,-0.10109340399503708,0.19240175187587738,-0.726745069026947,-0.17301489412784576,-0.1396532654762268,-0.49838900566101074,-0.14044570922851562,-0.18381758034229279,-0.6811663508415222,-0.28261885046958923,0.2192680835723877,-0.946178138256073,-0.2383129596710205,-0.14532393217086792,-0.911388099193573,-0.3882187008857727,0.10604427009820938,-0.0017036673380061984,0.006817142944782972,-0.10631316900253296,0.001146384747698903,-0.005813367664813995,0.10319637507200241,0.4098207652568817,0.014373407699167728,-0.07899565994739532,0.39651113748550415,0.013791648671030998,0.15172496438026428,0.7566155791282654,0.15563903748989105,-0.032157737761735916,0.7436754107475281,0.15070606768131256
193,-0.01628093421459198,-0.6395009160041809,-0.2728830575942993,0.13138066232204437,-0.5134055614471436,-0.11083287745714188,0.1966908723115921,-0.7270523905754089,-0.17656967043876648,-0.140375018119812,-0.49836885929107666,-0.1568605601787567,-0.18582655489444733,-0.6820042133331299,-0.2984822690486908,0.22805306315422058,-0.9475975036621094,-0.23954129219055176,-0.14868523180484772,-0.912355899810791,-0.40234848856925964,0.1060749739408493,-0.0017520204419270158,0.0068294089287519455,-0.10634615272283554,0.0011955442605540156,-0.005827852059155703,0.10319188982248306,0.4098200798034668,0.01404484547674656,-0.07898569852113724,0.39647212624549866,0.014985986985266209,0.1501905769109726,0.7577664852142334,0.15517331659793854,-0.03224411606788635,0.7423298954963684,0.15390539169311523
194,-0.016150249168276787,-0.6339868903160095,-0.2993006408214569,0.13095919787883759,-0.5067045092582703,-0.13210462033748627,0.19767001271247864,-0.720170259475708,-0.20629657804965973,-0.1401655524969101,-0.49261409044265747,-0.1848454773426056,-0.18604731559753418,-0.6689447164535522,-0.3313171863555908,0.22731049358844757,-0.9428970813751221,-0.2756866216659546,-0.1499835103750229,-0.8992117047309875,-0.4373263120651245,0.10611066967248917,-0.0017939397366717458,0.008208300918340683,-0.10638803988695145,0.001238539582118392,-0.007160628214478493,0.10318176448345184,0.4114595651626587,0.014085867442190647,-0.07870124280452728,0.39648839831352234,0.011361983604729176,0.15113472938537598,0.7582090497016907,0.15504704415798187,-0.03230639547109604,0.7434004545211792,0.14867845177650452
195,-0.01508620847016573,-0.6343348026275635,-0.2983880043029785,0.13153107464313507,-0.506843090057373,-0.12802787125110626,0.20421071350574493,-0.7216541171073914,-0.19254684448242188,-0.13853693008422852,-0.49314484000205994,-0.18282029032707214,-0.1811024248600006,-0.673279881477356,-0.32842591404914856,0.23419445753097534,-0.9460609555244446,-0.25421956181526184,-0.1461608111858368,-0.9010568261146545,-0.43272271752357483,0.10609959810972214,-0.001828610897064209,0.008247644640505314,-0.10638091713190079,0.0012744772247970104,-0.007209310308098793,0.10418439656496048,0.4113995432853699,0.015696389600634575,-0.0736737847328186,0.3964574933052063,0.011939425952732563,0.15185192227363586,0.7582799792289734,0.1550382822751999,-0.027259884402155876,0.7432676553726196,0.14910010993480682
196,-0.015454425476491451,-0.6350756883621216,-0.2974567115306854,0.1294933557510376,-0.507060170173645,-0.12490779161453247,0.20409666001796722,-0.722148597240448,-0.18856950104236603,-0.13909262418746948,-0.49341142177581787,-0.18016904592514038,-0.18138515949249268,-0.6736581921577454,-0.32381269335746765,0.2329915165901184,-0.9460598826408386,-0.2488081306219101,-0.14680767059326172,-0.9015547633171082,-0.42615705728530884,0.10604137927293777,-0.00183416111394763,0.00940898060798645,-0.10632269084453583,0.001282830722630024,-0.008348647505044937,0.10139185935258865,0.41236695647239685,0.017520686611533165,-0.07697733491659164,0.39550867676734924,0.010237326845526695,0.15108957886695862,0.758358359336853,0.15669120848178864,-0.03037501499056816,0.7421682476997375,0.14750412106513977
197,-0.012863827869296074,-0.6363816857337952,-0.28656643629074097,0.13102270662784576,-0.5071694850921631,-0.11452384293079376,0.2068452686071396,-0.7214349508285522,-0.17841972410678864,-0.13670790195465088,-0.49460989236831665,-0.16996897757053375,-0.17723605036735535,-0.6745848059654236,-0.31435272097587585,0.23435497283935547,-0.9430099725723267,-0.24245595932006836,-0.1422683596611023,-0.9020445942878723,-0.42002469301223755,0.10602196305990219,-0.001966418232768774,0.009393704123795033,-0.10630643367767334,0.0014155323151499033,-0.008338813669979572,0.10435184836387634,0.41226714849472046,0.017283540219068527,-0.07324764877557755,0.39596810936927795,0.010327299125492573,0.15621906518936157,0.7583231925964355,0.15572381019592285,-0.02343948930501938,0.7444444298744202,0.14708133041858673
198,-0.012839710339903831,-0.6392488479614258,-0.2718121111392975,0.13055925071239471,-0.5083463191986084,-0.10215482860803604,0.20647203922271729,-0.7202193140983582,-0.1714126020669937,-0.13896092772483826,-0.4949404299259186,-0.16125909984111786,-0.17884761095046997,-0.6748043894767761,-0.3066539466381073,0.23476561903953552,-0.9387941956520081,-0.24172647297382355,-0.14464350044727325,-0.9035142660140991,-0.4111930727958679,0.10620581358671188,-0.002041283529251814,0.010253636166453362,-0.10648760199546814,0.0014900154201313853,-0.009216316975653172,0.10308288037776947,0.4127022624015808,0.018314991146326065,-0.07746679335832596,0.39596787095069885,0.008403734304010868,0.15307776629924774,0.7585660815238953,0.155800461769104,-0.030847979709506035,0.7444528341293335,0.14439767599105835
199,-0.013076072558760643,-0.6400010585784912,-0.2709673047065735,0.13054817914962769,-0.5092800855636597,-0.10189066082239151,0.20629894733428955,-0.7212392687797546,-0.1650068312883377,-0.13895800709724426,-0.4962686598300934,-0.1585337221622467,-0.1799040585756302,-0.6771177649497986,-0.304075688123703,0.23729588091373444,-0.9395865201950073,-0.2252759337425232,-0.1458645910024643,-0.9036555290222168,-0.41072508692741394,0.1061687096953392,-0.0020542237907648087,0.009858395904302597,-0.10645138472318649,0.0015036144759505987,-0.008843622170388699,0.10307426750659943,0.41264474391937256,0.018346479162573814,-0.07638340443372726,0.3960060775279999,0.010803929530084133,0.15317586064338684,0.7585898041725159,0.1559542864561081,-0.029410434886813164,0.7443981766700745,0.14692528545856476
200,-0.009880256839096546,-0.6418085694313049,-0.269421249628067,0.13068534433841705,-0.5110611319541931,-0.09944848716259003,0.20610815286636353,-0.7209963798522949,-0.161912739276886,-0.13933199644088745,-0.4971982538700104,-0.15939109027385712,-0.18115030229091644,-0.6774529814720154,-0.3044978380203247,0.2395813763141632,-0.9369330406188965,-0.22652728855609894,-0.14792855083942413,-0.9046645760536194,-0.4094626009464264,0.1062602698802948,-0.0020749540999531746,0.010316429659724236,-0.10654675215482712,0.0015248710988089442,-0.009314673952758312,0.10308916866779327,0.41269323229789734,0.01819668523967266,-0.07689698040485382,0.39606067538261414,0.01020475011318922,0.15098342299461365,0.7609730958938599,0.15349766612052917,-0.03179934620857239,0.7443914413452148,0.14530417323112488
201,-0.010065932758152485,-0.641738772392273,-0.2707326114177704,0.1309836506843567,-0.5110338926315308,-0.10205253213644028,0.20656178891658783,-0.721310555934906,-0.16581103205680847,-0.13762448728084564,-0.4968453645706177,-0.15978962182998657,-0.17900896072387695,-0.6748659610748291,-0.30663251876831055,0.23936094343662262,-0.9376859068870544,-0.2268221229314804,-0.14483627676963806,-0.9018264412879944,-0.41197338700294495,0.10614416003227234,-0.0020718176383525133,0.010292996652424335,-0.10643042623996735,0.0015241531655192375,-0.009290601126849651,0.10267765820026398,0.41313400864601135,0.018033316358923912,-0.07590245455503464,0.39630118012428284,0.010231990367174149,0.1510419100522995,0.7624742984771729,0.15197832882404327,-0.028939146548509598,0.7467020750045776,0.14325064420700073
202,-0.013393688946962357,-0.6422121524810791,-0.2706243395805359,0.13042554259300232,-0.511114239692688,-0.10184973478317261,0.2065591961145401,-0.7220937609672546,-0.16389892995357513,-0.1388031393289566,-0.4968804717063904,-0.15918835997581482,-0.1832541674375534,-0.6783953309059143,-0.3023075759410858,0.2419576346874237,-0.9403976798057556,-0.22475779056549072,-0.14835920929908752,-0.9085826277732849,-0.4023529291152954,0.10628969222307205,-0.0021981699392199516,0.010866605676710606,-0.10658140480518341,0.0016501377103850245,-0.009860677644610405,0.1027020588517189,0.41314560174942017,0.02055777981877327,-0.07909189164638519,0.3963521718978882,0.008539415895938873,0.1513853371143341,0.7610805034637451,0.15677784383296967,-0.033135805279016495,0.7464941143989563,0.1432671695947647
203,-0.011996041983366013,-0.6423087120056152,-0.2616826295852661,0.13133588433265686,-0.5113977789878845,-0.09286448359489441,0.20798557996749878,-0.7216662168502808,-0.15362295508384705,-0.13821740448474884,-0.4973627030849457,-0.1510908156633377,-0.1790398508310318,-0.6777412295341492,-0.29717275500297546,0.24440734088420868,-0.9401260614395142,-0.21591460704803467,-0.14483244717121124,-0.9077509045600891,-0.4016137719154358,0.10629206895828247,-0.0022505621891468763,0.010977902449667454,-0.10658346861600876,0.0017033973708748817,-0.009972255676984787,0.10297880321741104,0.4132838547229767,0.02053411491215229,-0.07540879398584366,0.3964765667915344,0.007752405945211649,0.15391822159290314,0.760893702507019,0.15586823225021362,-0.027837704867124557,0.7472137808799744,0.1406676173210144
204,-0.01475236751139164,-0.6422336101531982,-0.28247347474098206,0.12894508242607117,-0.511435866355896,-0.11361223459243774,0.20673944056034088,-0.7222262620925903,-0.17180439829826355,-0.14040131866931915,-0.4974370002746582,-0.16805186867713928,-0.18834231793880463,-0.6777700185775757,-0.3057870864868164,0.24822907149791718,-0.9435820579528809,-0.23415017127990723,-0.16259101033210754,-0.9078279137611389,-0.4095560610294342,0.10632551461458206,-0.0023038333747535944,0.011303056962788105,-0.10662048310041428,0.0017581585561856627,-0.010292263701558113,0.10289070755243301,0.41309577226638794,0.020577477291226387,-0.08290240913629532,0.39600223302841187,0.003336285939440131,0.1516226977109909,0.7610180974006653,0.15439346432685852,-0.039292801171541214,0.7465148568153381,0.13883131742477417
205,-0.014535479247570038,-0.6422290802001953,-0.28212520480155945,0.13116590678691864,-0.5112760066986084,-0.11308205127716064,0.2109287530183792,-0.7244949340820312,-0.17188607156276703,-0.13817739486694336,-0.49759310483932495,-0.1624157577753067,-0.1862160712480545,-0.6788771748542786,-0.29629454016685486,0.24887649714946747,-0.9463261961936951,-0.23209720849990845,-0.1543745994567871,-0.9078297019004822,-0.3976666033267975,0.10626240819692612,-0.0022985441610217094,0.009200415574014187,-0.10656159371137619,0.001755132689140737,-0.008220041170716286,0.1047075167298317,0.4120672047138214,0.01852848194539547,-0.07654767483472824,0.3960101902484894,0.012118415907025337,0.15212860703468323,0.7607399225234985,0.1552983671426773,-0.027272803708910942,0.744731068611145,0.15126478672027588
206,-0.014496224001049995,-0.6408681273460388,-0.28857794404029846,0.1299673318862915,-0.511105477809906,-0.11526171863079071,0.2102648913860321,-0.7238856554031372,-0.17197196185588837,-0.14078949391841888,-0.4968896210193634,-0.17714634537696838,-0.19312168657779694,-0.6755243539810181,-0.3195289671421051,0.25306442379951477,-0.9443324208259583,-0.23338645696640015,-0.15850308537483215,-0.9041036367416382,-0.42424383759498596,0.10640463978052139,-0.002312655095010996,0.011796046979725361,-0.10670546442270279,0.0017697280272841454,-0.010765730403363705,0.1046585813164711,0.412125825881958,0.0208754725754261,-0.07982297241687775,0.39491790533065796,0.00782547052949667,0.15214642882347107,0.759976863861084,0.15595579147338867,-0.032256029546260834,0.7404283285140991,0.1492525339126587
207,-0.014497693628072739,-0.6410408020019531,-0.2874440550804138,0.12993615865707397,-0.511969268321991,-0.11439130455255508,0.20990462601184845,-0.7254287600517273,-0.16845062375068665,-0.14101949334144592,-0.49692094326019287,-0.175649031996727,-0.1942899525165558,-0.6754195690155029,-0.31783244013786316,0.25414082407951355,-0.9446641206741333,-0.23133744299411774,-0.15947124361991882,-0.9030026793479919,-0.4222191572189331,0.10646552592515945,-0.002364841289818287,0.011946486309170723,-0.10677043348550797,0.0018221117788925767,-0.010910511948168278,0.10457805544137955,0.4123733937740326,0.021007321774959564,-0.0790947675704956,0.39534372091293335,0.007834412157535553,0.15237857401371002,0.7596660852432251,0.1559644639492035,-0.032845113426446915,0.7415622472763062,0.148973286151886
208,-0.015618245117366314,-0.6421288847923279,-0.2854044735431671,0.12905342876911163,-0.5134485363960266,-0.11355774104595184,0.2087015062570572,-0.7279345393180847,-0.16727988421916962,-0.14388029277324677,-0.49735286831855774,-0.17520563304424286,-0.19910430908203125,-0.6756220459938049,-0.3170635998249054,0.25403642654418945,-0.9471774101257324,-0.2303282916545868,-0.16470423340797424,-0.9028060436248779,-0.42061731219291687,0.10656479001045227,-0.0023900214582681656,0.012266342528164387,-0.10686962306499481,0.0018498279387131333,-0.011227114126086235,0.10493426769971848,0.4121609330177307,0.021150274202227592,-0.079305499792099,0.39500996470451355,0.00788687914609909,0.15240821242332458,0.7596523761749268,0.156453937292099,-0.033547043800354004,0.7391896843910217,0.14933931827545166
209,-0.014119009487330914,-0.6421428918838501,-0.2818725109100342,0.12905752658843994,-0.5137599110603333,-0.10915499180555344,0.20740337669849396,-0.7273585796356201,-0.1616169661283493,-0.14389100670814514,-0.4974764883518219,-0.17221088707447052,-0.19948340952396393,-0.6726967692375183,-0.3154391944408417,0.2537861466407776,-0.9465252161026001,-0.22551089525222778,-0.16494449973106384,-0.9007754921913147,-0.41982394456863403,0.10665387660264969,-0.0024537532590329647,0.012186233885586262,-0.1069638654589653,0.0019126113038510084,-0.011147803626954556,0.10502676665782928,0.41223230957984924,0.0204931553453207,-0.07914333045482635,0.3961086571216583,0.008151686750352383,0.15216605365276337,0.7596585154533386,0.1565151959657669,-0.03356202319264412,0.7413721680641174,0.14913184940814972
210,-0.015058709308505058,-0.6436321139335632,-0.26981499791145325,0.12907114624977112,-0.514596700668335,-0.1000504121184349,0.2070607841014862,-0.7279261350631714,-0.15333616733551025,-0.1438886523246765,-0.49797406792640686,-0.15920548141002655,-0.19865043461322784,-0.672947108745575,-0.30464446544647217,0.2530466616153717,-0.9473353028297424,-0.214115172624588,-0.1647866815328598,-0.9007909297943115,-0.4122768044471741,0.10666745156049728,-0.002452448708936572,0.012197806499898434,-0.10697703808546066,0.0019125102553516626,-0.01116134598851204,0.10342375934123993,0.41255927085876465,0.02048233523964882,-0.07955583930015564,0.39584869146347046,0.006852724589407444,0.14906752109527588,0.7608152031898499,0.15494608879089355,-0.0340707004070282,0.7420305609703064,0.14354735612869263
211,-0.015301631763577461,-0.6440468430519104,-0.2691078782081604,0.1291738599538803,-0.5148119330406189,-0.09870998561382294,0.20719806849956512,-0.7279146909713745,-0.15158502757549286,-0.14396725594997406,-0.49795791506767273,-0.15894916653633118,-0.19847102463245392,-0.6722506284713745,-0.3046228289604187,0.25382161140441895,-0.9473497271537781,-0.21154287457466125,-0.16458344459533691,-0.8999415040016174,-0.4120675325393677,0.10672694444656372,-0.002463370328769088,0.012516635470092297,-0.1070370227098465,0.0019239417742937803,-0.011482130736112595,0.10344842821359634,0.4127736985683441,0.02099749818444252,-0.07922752946615219,0.3957403302192688,0.006578647531569004,0.1488102227449417,0.7607588768005371,0.1591561734676361,-0.03406999260187149,0.7419477105140686,0.14376375079154968
212,-0.015538588166236877,-0.6435337662696838,-0.2751096189022064,0.12908624112606049,-0.5145729780197144,-0.1035868227481842,0.20709267258644104,-0.7273601293563843,-0.1564113199710846,-0.14428479969501495,-0.49761056900024414,-0.1640777587890625,-0.19885393977165222,-0.6705859899520874,-0.30862146615982056,0.2542053759098053,-0.9473192691802979,-0.21729212999343872,-0.16578072309494019,-0.8992504477500916,-0.416110634803772,0.10687491297721863,-0.0024806486908346415,0.012624726630747318,-0.10718758404254913,0.0019409320084378123,-0.011589894071221352,0.10363851487636566,0.4129573106765747,0.020995471626520157,-0.07962411642074585,0.3959464430809021,0.006558686029165983,0.1488211750984192,0.7606441378593445,0.16010978817939758,-0.03554695472121239,0.7421262264251709,0.14442802965641022
213,-0.012832731939852238,-0.6420179605484009,-0.280044823884964,0.13127534091472626,-0.5132279396057129,-0.10992114990949631,0.20770427584648132,-0.7272076606750488,-0.16707728803157806,-0.14047566056251526,-0.4966433048248291,-0.16611620783805847,-0.1972360759973526,-0.6704103946685791,-0.31020644307136536,0.2541617453098297,-0.9473168253898621,-0.22844059765338898,-0.16407880187034607,-0.8994712233543396,-0.41760706901550293,0.10689041018486023,-0.0025152736343443394,0.012716822326183319,-0.10720238089561462,0.001976040890440345,-0.011673973873257637,0.10368479788303375,0.4131503999233246,0.021219056099653244,-0.07781585305929184,0.39630264043807983,0.006516670808196068,0.14972415566444397,0.7593719363212585,0.15986835956573486,-0.03516964241862297,0.7426297664642334,0.14418241381645203
214,-0.01664971187710762,-0.6420360803604126,-0.2812201976776123,0.13119155168533325,-0.5127311944961548,-0.11300879716873169,0.20789778232574463,-0.7262036204338074,-0.17562244832515717,-0.1413736641407013,-0.49667760729789734,-0.16608266532421112,-0.19984817504882812,-0.6734919548034668,-0.3079114258289337,0.2539476752281189,-0.9454887509346008,-0.24256457388401031,-0.16515541076660156,-0.9039583802223206,-0.4130270183086395,0.10690823197364807,-0.0024988327641040087,0.012305661104619503,-0.10722065716981888,0.001960233086720109,-0.011271903291344643,0.10248637199401855,0.4131848216056824,0.021150313317775726,-0.07927403599023819,0.3962949216365814,0.007026495411992073,0.14985273778438568,0.7593791484832764,0.15680599212646484,-0.035818953067064285,0.7430031299591064,0.14387762546539307
215,-0.020838947966694832,-0.642042338848114,-0.2795811593532562,0.13079866766929626,-0.5127295255661011,-0.11288661509752274,0.20761315524578094,-0.7248433828353882,-0.1749027967453003,-0.14404314756393433,-0.4966893792152405,-0.16122552752494812,-0.2021559178829193,-0.6757766604423523,-0.2952580153942108,0.2532051205635071,-0.9427055716514587,-0.24090778827667236,-0.1664642095565796,-0.9070929884910583,-0.39447590708732605,0.10695744305849075,-0.0024984367191791534,0.011673561297357082,-0.10726998001337051,0.001960009802132845,-0.010648089461028576,0.10249174386262894,0.4129505157470703,0.020696258172392845,-0.07953277230262756,0.39602965116500854,0.009286782704293728,0.14898887276649475,0.7594158053398132,0.1562579870223999,-0.037364643067121506,0.7420310974121094,0.14637501537799835
216,-0.019646184518933296,-0.6424075365066528,-0.27998271584510803,0.13046841323375702,-0.5127188563346863,-0.11275918781757355,0.20646874606609344,-0.7237207293510437,-0.17463697493076324,-0.1439444124698639,-0.4970150589942932,-0.16400793194770813,-0.19847306609153748,-0.6757445335388184,-0.30222973227500916,0.2532799243927002,-0.9423272013664246,-0.24262897670269012,-0.16684173047542572,-0.9068253040313721,-0.4081420302391052,0.10698161274194717,-0.0025433863047510386,0.011720294132828712,-0.10729464143514633,0.0020045607816427946,-0.010694877244532108,0.10246987640857697,0.41291096806526184,0.020528582856059074,-0.07985100895166397,0.396378755569458,0.00908940564841032,0.14896883070468903,0.7594153881072998,0.1565316617488861,-0.037227705121040344,0.7427909970283508,0.14659690856933594
217,-0.015460344031453133,-0.6414912939071655,-0.2803652286529541,0.13076677918434143,-0.5119258165359497,-0.11265477538108826,0.20836783945560455,-0.7205733060836792,-0.17438606917858124,-0.14149321615695953,-0.4971734881401062,-0.1650877594947815,-0.19578354060649872,-0.6756148338317871,-0.30298131704330444,0.25392720103263855,-0.9350693225860596,-0.24200040102005005,-0.16387957334518433,-0.9048841595649719,-0.40817275643348694,0.10687680542469025,-0.0025042120832949877,0.011152509599924088,-0.10719330608844757,0.0019636955112218857,-0.010111737996339798,0.10260453820228577,0.4129394292831421,0.013840969651937485,-0.0788654237985611,0.39667442440986633,0.008074893616139889,0.15047596395015717,0.7598236203193665,0.14787809550762177,-0.03435618802905083,0.7459238171577454,0.139506533741951
218,-0.015908285975456238,-0.6391120553016663,-0.2977980971336365,0.13031736016273499,-0.5095353126525879,-0.1271156370639801,0.20885664224624634,-0.7201628684997559,-0.1898961365222931,-0.14180275797843933,-0.4957762658596039,-0.18388471007347107,-0.19718746840953827,-0.6759174466133118,-0.3228784501552582,0.25544309616088867,-0.9352046847343445,-0.2573479413986206,-0.16387790441513062,-0.9052603244781494,-0.42236799001693726,0.10696443915367126,-0.002629245165735483,0.011678790673613548,-0.10728985071182251,0.0020878000650554895,-0.010632544755935669,0.10287714749574661,0.4128750264644623,0.015019485726952553,-0.08102379739284515,0.39665019512176514,0.004138874355703592,0.15222565829753876,0.7590377926826477,0.1484459787607193,-0.03912121802568436,0.7462049722671509,0.13783742487430573
219,-0.013887548819184303,-0.6390949487686157,-0.292388379573822,0.13238197565078735,-0.5092281103134155,-0.12395291030406952,0.21065658330917358,-0.7195752859115601,-0.18755856156349182,-0.14056527614593506,-0.49573296308517456,-0.17542020976543427,-0.19764068722724915,-0.6761587858200073,-0.3099074959754944,0.2557903230190277,-0.935088574886322,-0.2561277449131012,-0.16462072730064392,-0.9063028693199158,-0.4093697965145111,0.10695381462574005,-0.0025601633824408054,0.011416337452828884,-0.10728022456169128,0.0020173408556729555,-0.010376189835369587,0.10319873690605164,0.41293075680732727,0.013207126408815384,-0.08127438277006149,0.39680546522140503,0.004492456559091806,0.1522805243730545,0.7610421180725098,0.14621739089488983,-0.039374206215143204,0.747302770614624,0.13790379464626312
