FrameNo,head_x,head_y,head_z,left_shoulder_x,left_shoulder_y,left_shoulder_z,left_elbow_x,left_elbow_y,left_elbow_z,right_shoulder_x,right_shoulder_y,right_shoulder_z,right_elbow_x,right_elbow_y,right_elbow_z,left_hand_x,left_hand_y,left_hand_z,right_hand_x,right_hand_y,right_hand_z,left_hip_x,left_hip_y,left_hip_z,right_hip_x,right_hip_y,right_hip_z,left_knee_x,left_knee_y,left_knee_z,right_knee_x,right_knee_y,right_knee_z,left_foot_x,left_foot_y,left_foot_z,right_foot_x,right_foot_y,right_foot_z
0,0.021620463579893112,-0.6268123388290405,-0.26836735010147095,0.16703787446022034,-0.4630545973777771,-0.05314544215798378,0.17499013245105743,-0.21664901077747345,-0.13459579646587372,-0.1664625108242035,-0.4871331751346588,-0.06446972489356995,-0.24142706394195557,-0.22854039072990417,-0.014248530380427837,0.1569599211215973,-0.23524007201194763,-0.39510154724121094,-0.20982173085212708,-0.013800401240587234,-0.10037440806627274,0.11415877193212509,0.004086996894329786,0.017373111099004745,-0.11447857320308685,-0.005081159062683582,-0.016301319003105164,0.09011351317167282,0.42142364382743835,0.041058413684368134,-0.08953197300434113,0.38667282462120056,0.020195920020341873,0.1154223382472992,0.7395949959754944,0.19425217807292938,-0.09188102930784225,0.7361089587211609,0.18551743030548096
1,0.0232247207313776,-0.6298037767410278,-0.26314303278923035,0.1687825322151184,-0.46338266134262085,-0.05088452622294426,0.1763782650232315,-0.21546685695648193,-0.12717168033123016,-0.16512322425842285,-0.48828354477882385,-0.060104552656412125,-0.2379038780927658,-0.22880154848098755,-0.01002418901771307,0.16358642280101776,-0.23325872421264648,-0.3819270730018616,-0.20817728340625763,-0.013844768516719341,-0.09677846729755402,0.11419718712568283,0.0039953021332621574,0.017169931903481483,-0.11451958119869232,-0.004977312870323658,-0.01611805334687233,0.09277879446744919,0.421284556388855,0.04030255600810051,-0.08930334448814392,0.38664790987968445,0.020237047225236893,0.11891761422157288,0.7396062612533569,0.19313612580299377,-0.08718569576740265,0.7354825735092163,0.18564647436141968
2,0.023319097235798836,-0.6338500380516052,-0.232111394405365,0.1688036471605301,-0.46419379115104675,-0.027094276621937752,0.17537258565425873,-0.21499428153038025,-0.0975034311413765,-0.1648799031972885,-0.4915260076522827,-0.03578417748212814,-0.23720553517341614,-0.23030097782611847,0.010479368269443512,0.1660408228635788,-0.2335790991783142,-0.3396933972835541,-0.2080957144498825,-0.013895428739488125,-0.07526164501905441,0.11416729539632797,0.003974180668592453,0.01714298129081726,-0.11448827385902405,-0.004940778948366642,-0.01610172726213932,0.09277776628732681,0.42106449604034424,0.0393059216439724,-0.08854924887418747,0.3853222727775574,0.020665111020207405,0.11659147590398788,0.741584062576294,0.1897820234298706,-0.0826362743973732,0.7297636866569519,0.1894020289182663
3,0.02262839861214161,-0.6358237862586975,-0.2324952781200409,0.16832475364208221,-0.4645227789878845,-0.026721082627773285,0.17302051186561584,-0.21467241644859314,-0.0961630642414093,-0.1651361882686615,-0.4928666651248932,-0.03591935709118843,-0.23729419708251953,-0.23140287399291992,0.0114299850538373,0.16607046127319336,-0.23315493762493134,-0.3419063985347748,-0.20870471000671387,-0.01390388235449791,-0.07353745400905609,0.11415909975767136,0.003930219914764166,0.01719040423631668,-0.11448097974061966,-0.004883850459009409,-0.01616431213915348,0.0941082164645195,0.42024707794189453,0.036595605313777924,-0.08869262039661407,0.38521435856819153,0.019767360761761665,0.11805903911590576,0.7415473461151123,0.189444899559021,-0.08228588849306107,0.7285521030426025,0.18937113881111145
4,0.02384508214890957,-0.636235773563385,-0.2350408285856247,0.16880224645137787,-0.4644387364387512,-0.02829974889755249,0.1729653775691986,-0.2139965146780014,-0.09897897392511368,-0.16378925740718842,-0.49283894896507263,-0.03771865367889404,-0.23605118691921234,-0.2314179539680481,0.010249962098896503,0.16593241691589355,-0.2331867814064026,-0.34685221314430237,-0.20787811279296875,-0.013888264074921608,-0.07459212094545364,0.1141025573015213,0.003914765547960997,0.017075050622224808,-0.11442591995000839,-0.004863147623836994,-0.016065362840890884,0.0945797935128212,0.4204009771347046,0.035928480327129364,-0.08684074133634567,0.3852049708366394,0.019845934584736824,0.12057145684957504,0.7452842593193054,0.17998091876506805,-0.08137520402669907,0.7298026084899902,0.18835042417049408
5,0.023673586547374725,-0.6378030776977539,-0.2293066531419754,0.16878511011600494,-0.46525678038597107,-0.025944694876670837,0.17224636673927307,-0.21423737704753876,-0.09696681797504425,-0.16388770937919617,-0.49418869614601135,-0.03338737040758133,-0.2360682338476181,-0.23324434459209442,0.013020600192248821,0.16609613597393036,-0.23403054475784302,-0.3405701220035553,-0.20786894857883453,-0.014293315820395947,-0.07267066091299057,0.11410379409790039,0.0038912214804440737,0.016731176525354385,-0.11442577838897705,-0.004830178804695606,-0.015735289081931114,0.09458118677139282,0.4201582074165344,0.03402803838253021,-0.08765286207199097,0.3838171660900116,0.020493580028414726,0.11921946704387665,0.745256245136261,0.17786984145641327,-0.08159954100847244,0.7253323197364807,0.1905437707901001
6,0.023521723225712776,-0.6381145119667053,-0.23100721836090088,0.16836319863796234,-0.46552708745002747,-0.026595506817102432,0.17193163931369781,-0.21430698037147522,-0.0982520803809166,-0.16397544741630554,-0.49466583132743835,-0.03432168439030647,-0.23613059520721436,-0.2333938479423523,0.012527377344667912,0.16601155698299408,-0.23402512073516846,-0.3431788980960846,-0.20829147100448608,-0.014419477432966232,-0.07302536815404892,0.11410611122846603,0.00376634718850255,0.01648811623454094,-0.11443022638559341,-0.004696110729128122,-0.01550331525504589,0.09516795724630356,0.4196613132953644,0.034055445343256,-0.08721807599067688,0.3842031955718994,0.020494969561696053,0.12042034417390823,0.7429447770118713,0.18240231275558472,-0.08005739003419876,0.7265055179595947,0.19037531316280365
7,0.02303449437022209,-0.6380026340484619,-0.23714813590049744,0.16675546765327454,-0.46554622054100037,-0.029129359871149063,0.17045088112354279,-0.2140055000782013,-0.100797139108181,-0.16464091837406158,-0.4946546256542206,-0.03647485375404358,-0.23641005158424377,-0.233314648270607,0.011606210842728615,0.16517730057239532,-0.23385465145111084,-0.348696231842041,-0.20901063084602356,-0.014423561282455921,-0.07401085644960403,0.1141049936413765,0.00373365287669003,0.016235681250691414,-0.1144295334815979,-0.004660933744162321,-0.015258760191500187,0.09527656435966492,0.4198235869407654,0.03327414020895958,-0.08720960468053818,0.38444647192955017,0.020681556314229965,0.12020779401063919,0.7437097430229187,0.1822022795677185,-0.08021502196788788,0.7277914881706238,0.19033747911453247
8,0.024400534108281136,-0.6392786502838135,-0.23193562030792236,0.16826196014881134,-0.4663384258747101,-0.025923795998096466,0.171171635389328,-0.2148735672235489,-0.09834375977516174,-0.1640213429927826,-0.49490636587142944,-0.03426526114344597,-0.23575055599212646,-0.23381759226322174,0.012237513437867165,0.16559460759162903,-0.23401249945163727,-0.3463810384273529,-0.20736630260944366,-0.014637766405940056,-0.07390614598989487,0.1140841692686081,0.0037073930725455284,0.016210122033953667,-0.11440817266702652,-0.004628830123692751,-0.015235885046422482,0.09588629752397537,0.41963839530944824,0.03133465722203255,-0.08687344193458557,0.38438427448272705,0.020287463441491127,0.12148717790842056,0.7437742352485657,0.180093914270401,-0.08013669401407242,0.7279036641120911,0.18978598713874817
9,0.024378390982747078,-0.6397436261177063,-0.2287314385175705,0.16833341121673584,-0.46644318103790283,-0.024187451228499413,0.1710072159767151,-0.21487343311309814,-0.09679116308689117,-0.16390642523765564,-0.495604932308197,-0.03250487893819809,-0.23578965663909912,-0.23469313979148865,0.013540291227400303,0.16593991219997406,-0.2348041832447052,-0.3433828055858612,-0.20740878582000732,-0.01471593976020813,-0.07200033217668533,0.11406345665454865,0.003762340173125267,0.01631590910255909,-0.11438345164060593,-0.004672085400670767,-0.015347940847277641,0.09555064141750336,0.4196312725543976,0.03194396197795868,-0.08742538094520569,0.3840179145336151,0.020716853439807892,0.11924228072166443,0.7449379563331604,0.18010132014751434,-0.08116080611944199,0.726604700088501,0.19109392166137695
10,0.02421722374856472,-0.6401525139808655,-0.2262670248746872,0.1677384227514267,-0.4665454924106598,-0.022671910002827644,0.17087271809577942,-0.21567559242248535,-0.09496954828500748,-0.1642109900712967,-0.49560073018074036,-0.030834704637527466,-0.23598581552505493,-0.23436549305915833,0.01481203455477953,0.1659209132194519,-0.23506873846054077,-0.3414762020111084,-0.20835623145103455,-0.014677501283586025,-0.07089832425117493,0.11403940618038177,0.003702349029481411,0.016377849504351616,-0.11435669660568237,-0.004604090005159378,-0.015410246327519417,0.09559103846549988,0.4193941354751587,0.031482234597206116,-0.08715751767158508,0.3841836452484131,0.019319258630275726,0.11940577626228333,0.7439964413642883,0.18082568049430847,-0.07903850823640823,0.7270060777664185,0.1891864389181137
11,0.024098409339785576,-0.6399046778678894,-0.23070116341114044,0.1669427901506424,-0.46651187539100647,-0.024161959066987038,0.17060145735740662,-0.21570226550102234,-0.09636617451906204,-0.16484257578849792,-0.4954926073551178,-0.03279731795191765,-0.23719969391822815,-0.23432257771492004,0.014219196513295174,0.16536632180213928,-0.23526832461357117,-0.3460289239883423,-0.20913010835647583,-0.015006529167294502,-0.07192853093147278,0.11403514444828033,0.003634615335613489,0.016336383298039436,-0.11435204744338989,-0.004536384716629982,-0.015368563123047352,0.09559397399425507,0.4193876385688782,0.03149886056780815,-0.08692584931850433,0.3846210539340973,0.019071554765105247,0.12152270972728729,0.7435140013694763,0.18182113766670227,-0.07906514406204224,0.7286219000816345,0.18845835328102112
12,0.02410775050520897,-0.6405741572380066,-0.23357322812080383,0.1668480634689331,-0.46798446774482727,-0.025778166949748993,0.17004472017288208,-0.21638551354408264,-0.0994488000869751,-0.165028914809227,-0.4969782829284668,-0.034539006650447845,-0.23860971629619598,-0.23608221113681793,0.012973137199878693,0.16519778966903687,-0.23532557487487793,-0.3535320460796356,-0.2092486023902893,-0.016192734241485596,-0.07293828576803207,0.11410025507211685,0.0036507376935333014,0.016306482255458832,-0.1144128069281578,-0.004548409953713417,-0.01534170564264059,0.0961800143122673,0.4193740785121918,0.029412219300866127,-0.08843225240707397,0.3845151364803314,0.020679838955402374,0.12131647020578384,0.7430079579353333,0.18999351561069489,-0.08200535923242569,0.7246429920196533,0.2017471343278885
13,0.025225089862942696,-0.6409069895744324,-0.24033698439598083,0.16764678061008453,-0.46929749846458435,-0.03240402787923813,0.17132791876792908,-0.21694828569889069,-0.10953368246555328,-0.16423341631889343,-0.49775129556655884,-0.0387074276804924,-0.23844580352306366,-0.2380068451166153,0.009649278596043587,0.16551262140274048,-0.23570142686367035,-0.3646015226840973,-0.20777618885040283,-0.017801351845264435,-0.07613050192594528,0.11414546519517899,0.0036648272071033716,0.016046354547142982,-0.11445223540067673,-0.004561117384582758,-0.01508093811571598,0.09608032554388046,0.4198218584060669,0.029882365837693214,-0.08888611942529678,0.384552001953125,0.023524686694145203,0.12161282449960709,0.7421333193778992,0.19634561240673065,-0.0819973349571228,0.7243578433990479,0.20700743794441223
14,0.02753697894513607,-0.6426564455032349,-0.24081556499004364,0.16970708966255188,-0.4694331884384155,-0.03351986035704613,0.17346040904521942,-0.217442587018013,-0.11130807548761368,-0.1618666648864746,-0.49784883856773376,-0.03878500312566757,-0.23506233096122742,-0.23835374414920807,0.010134910233318806,0.16620397567749023,-0.23781436681747437,-0.3650349974632263,-0.20766380429267883,-0.019656727090477943,-0.07572010159492493,0.11416015028953552,0.0037004328332841396,0.015794172883033752,-0.11446325480937958,-0.0045942580327391624,-0.014825882390141487,0.09658396989107132,0.42052558064460754,0.030535079538822174,-0.08901425451040268,0.3845250904560089,0.02440606988966465,0.12786492705345154,0.7422155141830444,0.19595561921596527,-0.08283358067274094,0.7244304418563843,0.20604905486106873
15,0.028988588601350784,-0.642660915851593,-0.2406974732875824,0.1716040074825287,-0.46945780515670776,-0.033497922122478485,0.17798714339733124,-0.2181936651468277,-0.11109809577465057,-0.1610126793384552,-0.4979943037033081,-0.038712989538908005,-0.23495708405971527,-0.23861302435398102,0.010155185125768185,0.1680242121219635,-0.23826651275157928,-0.36481010913848877,-0.2055598795413971,-0.020265422761440277,-0.07606767117977142,0.1142047718167305,0.0037114652805030346,0.015393487177789211,-0.11450883001089096,-0.004604110959917307,-0.014430977404117584,0.09644363075494766,0.4203358292579651,0.030400443822145462,-0.08859443664550781,0.38441789150238037,0.024596579372882843,0.1278904527425766,0.7400574684143066,0.1965540647506714,-0.0795600414276123,0.7232814431190491,0.20633292198181152
16,0.029292240738868713,-0.642568051815033,-0.24050834774971008,0.1722477525472641,-0.4694351255893707,-0.03290661796927452,0.18019092082977295,-0.21839208900928497,-0.11073847860097885,-0.16006341576576233,-0.4979855418205261,-0.03837950900197029,-0.23429656028747559,-0.238638237118721,0.01039402186870575,0.16839861869812012,-0.2380167692899704,-0.3645396828651428,-0.20428740978240967,-0.02051849104464054,-0.07612209022045135,0.1142037957906723,0.0037399912253022194,0.015440664254128933,-0.11450470238924026,-0.0046314215287566185,-0.014479029923677444,0.09621956944465637,0.42034465074539185,0.03272441029548645,-0.08862808346748352,0.38440263271331787,0.024589791893959045,0.1277974545955658,0.7400554418563843,0.19705219566822052,-0.07959990948438644,0.7233497500419617,0.20617297291755676
17,0.032480109483003616,-0.6425304412841797,-0.23921948671340942,0.1740167886018753,-0.4690605401992798,-0.030982324853539467,0.18180358409881592,-0.2184450924396515,-0.1090160608291626,-0.15776114165782928,-0.49778369069099426,-0.03752526268362999,-0.2327348291873932,-0.2383456528186798,0.010803182609379292,0.17098040878772736,-0.23835726082324982,-0.36377453804016113,-0.20194262266159058,-0.020628083497285843,-0.07592689245939255,0.11418978124856949,0.0038158739916980267,0.015516730956733227,-0.11448770016431808,-0.004704859107732773,-0.014558913186192513,0.09622354805469513,0.4204094707965851,0.03239241614937782,-0.08851777017116547,0.3843969404697418,0.02364054135978222,0.12791746854782104,0.7407363653182983,0.19488213956356049,-0.0796271488070488,0.7238903641700745,0.2036038488149643
18,0.03252758830785751,-0.6416307687759399,-0.24005848169326782,0.17370183765888214,-0.4690026640892029,-0.031018445268273354,0.1816447526216507,-0.2184823900461197,-0.10954947024583817,-0.15772956609725952,-0.49790358543395996,-0.03926632180809975,-0.2302839607000351,-0.2380313128232956,0.007927515543997288,0.17092786729335785,-0.23840069770812988,-0.3646485209465027,-0.19787172973155975,-0.019765634089708328,-0.07878352701663971,0.11413197964429855,0.0038495208136737347,0.015744224190711975,-0.11442461609840393,-0.004738484974950552,-0.014783482067286968,0.09433970600366592,0.4205290675163269,0.03750241920351982,-0.08800701797008514,0.3845098316669464,0.024130957201123238,0.12463989853858948,0.7408502101898193,0.1985142081975937,-0.07900231331586838,0.7244478464126587,0.203422412276268
19,0.032193802297115326,-0.6410354375839233,-0.24311621487140656,0.17360690236091614,-0.4684693217277527,-0.03378598392009735,0.1810888648033142,-0.21744847297668457,-0.1108756810426712,-0.1577625423669815,-0.4976382553577423,-0.040278203785419464,-0.22956345975399017,-0.2374785840511322,0.007976061664521694,0.16967026889324188,-0.2372993528842926,-0.36463579535484314,-0.19794540107250214,-0.019646055996418,-0.07876566052436829,0.11415059119462967,0.0038644669111818075,0.015498919412493706,-0.11444155126810074,-0.004753679037094116,-0.01453639380633831,0.09429680556058884,0.4210127294063568,0.03658098727464676,-0.0879255011677742,0.38442400097846985,0.024543536826968193,0.12488490343093872,0.7408626675605774,0.19711987674236298,-0.0783514454960823,0.7241150140762329,0.20358537137508392
20,0.031906019896268845,-0.6391717791557312,-0.25710925459861755,0.17358513176441193,-0.4668172001838684,-0.04315454885363579,0.17993506789207458,-0.2136252224445343,-0.11892180144786835,-0.15773357450962067,-0.49699220061302185,-0.05023989453911781,-0.22887784242630005,-0.23671139776706696,0.0029099714010953903,0.16868892312049866,-0.2342190444469452,-0.3730211555957794,-0.19800762832164764,-0.019291868433356285,-0.08331668376922607,0.1141880676150322,0.003917905036360025,0.01564604975283146,-0.11447668820619583,-0.004810207989066839,-0.014683226123452187,0.09442945569753647,0.4217926561832428,0.03689347952604294,-0.0882236436009407,0.384196013212204,0.02492765337228775,0.12486691772937775,0.7413114905357361,0.1972060203552246,-0.07854653894901276,0.7228374481201172,0.20489688217639923
21,0.03135470673441887,-0.6380897760391235,-0.26322799921035767,0.17347075045108795,-0.4653204679489136,-0.0494871623814106,0.17892806231975555,-0.21094219386577606,-0.1248781830072403,-0.1577855348587036,-0.4959605038166046,-0.05579906329512596,-0.22890900075435638,-0.23578131198883057,-0.0014251145767048001,0.16851626336574554,-0.2317361682653427,-0.3792571425437927,-0.19856856763362885,-0.018888801336288452,-0.08771082758903503,0.1142301931977272,0.003933052998036146,0.01564219407737255,-0.11451856791973114,-0.004825729411095381,-0.014678805135190487,0.0940721184015274,0.4223242402076721,0.03743093088269234,-0.0882214680314064,0.38421085476875305,0.025347216054797173,0.1244979277253151,0.7414335608482361,0.19744308292865753,-0.0783061683177948,0.7229102849960327,0.2049454301595688
22,0.031042035669088364,-0.6365895867347717,-0.2649260461330414,0.17328473925590515,-0.46527233719825745,-0.05095311626791954,0.1782812625169754,-0.21099939942359924,-0.12612096965312958,-0.15777592360973358,-0.495934396982193,-0.05753679946064949,-0.22889821231365204,-0.23575018346309662,-0.002455845009535551,0.16853302717208862,-0.23141516745090485,-0.3803350031375885,-0.1986304223537445,-0.018685990944504738,-0.08807400614023209,0.11425168067216873,0.003974675666540861,0.01561452355235815,-0.1145399808883667,-0.004867785610258579,-0.014653160236775875,0.09400215744972229,0.422501802444458,0.03288838267326355,-0.0897345095872879,0.3841872215270996,0.02535640448331833,0.12327653914690018,0.7417565584182739,0.19764520227909088,-0.07877632230520248,0.7219421863555908,0.2069956362247467
23,0.030811365693807602,-0.6358800530433655,-0.267515629529953,0.1732538342475891,-0.46428531408309937,-0.053040169179439545,0.17800699174404144,-0.2094125747680664,-0.12755148112773895,-0.15788204967975616,-0.4955591559410095,-0.05967969074845314,-0.22999335825443268,-0.23572227358818054,-0.004311730153858662,0.16852670907974243,-0.22959567606449127,-0.3816400468349457,-0.19937030971050262,-0.018716614693403244,-0.0900924801826477,0.11430037021636963,0.003988364711403847,0.015627773478627205,-0.11458924412727356,-0.004882396198809147,-0.014666526578366756,0.09401444345712662,0.42271140217781067,0.035204801708459854,-0.0897243469953537,0.38417690992355347,0.025968575850129128,0.12368970364332199,0.7417135834693909,0.19867095351219177,-0.07868784666061401,0.7219027280807495,0.2073032259941101
24,0.030927490442991257,-0.6362265944480896,-0.2526613175868988,0.17327991127967834,-0.4639376997947693,-0.041056934744119644,0.17860539257526398,-0.20992814004421234,-0.11464489251375198,-0.15791837871074677,-0.4949154853820801,-0.05048467591404915,-0.2343265414237976,-0.23569796979427338,-0.0007669292972423136,0.16930805146694183,-0.23030219972133636,-0.36804908514022827,-0.20039470493793488,-0.019112400710582733,-0.087983638048172,0.11428772658109665,0.004002416040748358,0.015638265758752823,-0.11457559466362,-0.004896425176411867,-0.014676965773105621,0.09376253932714462,0.42270952463150024,0.031732264906167984,-0.08924929797649384,0.3840239346027374,0.02519315481185913,0.1232801005244255,0.742114782333374,0.19117455184459686,-0.07813729345798492,0.72187340259552,0.2058306783437729
25,0.025501878932118416,-0.6393136382102966,-0.23465949296951294,0.16936931014060974,-0.4648590683937073,-0.031064927577972412,0.17759911715984344,-0.21372747421264648,-0.105460025370121,-0.16326582431793213,-0.49536213278770447,-0.033504050225019455,-0.24066565930843353,-0.23867353796958923,0.015403741970658302,0.166328564286232,-0.23494340479373932,-0.3530600070953369,-0.21334809064865112,-0.02342471480369568,-0.07324851304292679,0.11430082470178604,0.003983172122389078,0.014759564772248268,-0.11458812654018402,-0.0048707821406424046,-0.013807283714413643,0.09333182871341705,0.42228907346725464,0.02490079589188099,-0.09026564657688141,0.38340356945991516,0.025190498679876328,0.11939816176891327,0.7413773536682129,0.19016429781913757,-0.08251643180847168,0.7196943163871765,0.20675970613956451
26,0.02692170813679695,-0.6443665027618408,-0.22322741150856018,0.16958212852478027,-0.4694589078426361,-0.020743438974022865,0.1799185574054718,-0.22085806727409363,-0.09518154710531235,-0.16350996494293213,-0.4976983964443207,-0.02526490017771721,-0.24311231076717377,-0.2438509464263916,0.022046787664294243,0.16850100457668304,-0.23891085386276245,-0.34535545110702515,-0.2160477191209793,-0.03172363340854645,-0.06736717373132706,0.1142910048365593,0.0039117783308029175,0.01477721519768238,-0.1145721971988678,-0.004790125414729118,-0.01382384728640318,0.09394260495901108,0.4216853380203247,0.024955451488494873,-0.08862992376089096,0.38344529271125793,0.023528393357992172,0.1199396550655365,0.7396670579910278,0.19043295085430145,-0.08188019692897797,0.72174471616745,0.2034168392419815
27,0.022310616448521614,-0.648110032081604,-0.20220622420310974,0.1674736887216568,-0.4747612178325653,-0.003809758462011814,0.18316221237182617,-0.2271643877029419,-0.0756179615855217,-0.1684117168188095,-0.5022950172424316,-0.008466378785669804,-0.25197431445121765,-0.2497340440750122,0.03445851802825928,0.17644093930721283,-0.24713677167892456,-0.3219691812992096,-0.22391289472579956,-0.044192928820848465,-0.0579766109585762,0.11427368223667145,0.003886002115905285,0.01472047995775938,-0.11455036699771881,-0.004751153755933046,-0.01377061102539301,0.09392805397510529,0.420409232378006,0.025021353736519814,-0.09054604172706604,0.3828994035720825,0.02251245081424713,0.11802218854427338,0.7393885254859924,0.1886827051639557,-0.08527562767267227,0.7215249538421631,0.19844555854797363
28,0.021959569305181503,-0.6549049019813538,-0.18642300367355347,0.16953279078006744,-0.4773239195346832,0.007560067810118198,0.19629397988319397,-0.2348705530166626,-0.07242879271507263,-0.16824661195278168,-0.5040252804756165,0.0026949213352054358,-0.2543279230594635,-0.26163437962532043,0.0333394892513752,0.18903939425945282,-0.2648555040359497,-0.3155079185962677,-0.22896824777126312,-0.07089570164680481,-0.06434818357229233,0.11422315984964371,0.0037759963888674974,0.014283766970038414,-0.1145014539361,-0.004619687795639038,-0.013319544494152069,0.09395904839038849,0.4195321202278137,0.024791527539491653,-0.09031062573194504,0.3823636770248413,0.022140227258205414,0.11731979250907898,0.7385299801826477,0.1825917810201645,-0.08515994250774384,0.7221287488937378,0.19159720838069916
29,0.02246057242155075,-0.6586006283760071,-0.1832248717546463,0.17037640511989594,-0.4772576689720154,0.011630012653768063,0.20260512828826904,-0.2415853887796402,-0.06914661079645157,-0.16775913536548615,-0.506389856338501,0.003992155194282532,-0.25457099080085754,-0.2716495096683502,0.03224198892712593,0.206573024392128,-0.2947671115398407,-0.30706924200057983,-0.23220962285995483,-0.0879039466381073,-0.07644709199666977,0.11422300338745117,0.003606366226449609,0.013583882711827755,-0.11450222879648209,-0.004432977642863989,-0.01258340198546648,0.09385301917791367,0.41876959800720215,0.02328929863870144,-0.0902993306517601,0.38253089785575867,0.02212945558130741,0.117343470454216,0.7370536923408508,0.18208689987659454,-0.08530708402395248,0.7229646444320679,0.19182859361171722
30,0.02220076508820057,-0.6641368865966797,-0.18313628435134888,0.17199255526065826,-0.4771714508533478,0.012742344290018082,0.21233238279819489,-0.2460959553718567,-0.07126908004283905,-0.16471408307552338,-0.5074643492698669,0.002250911667943001,-0.25363045930862427,-0.2836870551109314,-0.001995786326006055,0.21253526210784912,-0.320789098739624,-0.3103329837322235,-0.23236681520938873,-0.12212086468935013,-0.15273180603981018,0.11397963762283325,0.003567064180970192,0.013902464881539345,-0.114251047372818,-0.004378397949039936,-0.01290100160986185,0.09493418782949448,0.4187037944793701,0.027710048481822014,-0.09151803702116013,0.38201144337654114,0.021389270201325417,0.11839593201875687,0.7376143336296082,0.17971603572368622,-0.09142259508371353,0.7236422300338745,0.18289758265018463
31,0.023159246891736984,-0.6637104749679565,-0.18575672805309296,0.1714581400156021,-0.474748820066452,0.011227906681597233,0.21110564470291138,-0.2509576976299286,-0.07345955818891525,-0.16320094466209412,-0.502871036529541,0.0008727644453756511,-0.24870838224887848,-0.28061118721961975,-0.03327596187591553,0.2130431830883026,-0.3488143980503082,-0.31219497323036194,-0.23199445009231567,-0.14862249791622162,-0.2156049907207489,0.11389796435832977,0.003516065189614892,0.01390882395207882,-0.11414828896522522,-0.004312913864850998,-0.01290373969823122,0.09110768139362335,0.4200283885002136,0.028329746797680855,-0.09401512145996094,0.3815856873989105,0.021379923447966576,0.11106434464454651,0.7394224405288696,0.17976845800876617,-0.09533408284187317,0.7236396074295044,0.18368056416511536
32,0.020321423187851906,-0.6535265445709229,-0.18642525374889374,0.15645632147789001,-0.47294196486473083,0.021545452997088432,0.21100009977817535,-0.2544875144958496,-0.06393739581108093,-0.16804155707359314,-0.4924722909927368,-0.003326372941955924,-0.25266245007514954,-0.27507296204566956,-0.06866725534200668,0.2288435846567154,-0.3604978322982788,-0.2967115640640259,-0.24337852001190186,-0.2071656435728073,-0.27309557795524597,0.1135944277048111,0.0030030820053070784,0.01518329232931137,-0.11380067467689514,-0.0037719423417001963,-0.014195473864674568,0.08908172696828842,0.42002782225608826,0.028305435553193092,-0.09823959320783615,0.38180437684059143,0.011783880181610584,0.10065709799528122,0.7395433783531189,0.17847366631031036,-0.09901009500026703,0.7263509631156921,0.16980458796024323
33,0.017758827656507492,-0.6484509706497192,-0.1886586844921112,0.15284018218517303,-0.474045068025589,0.02458884008228779,0.23448099195957184,-0.28176259994506836,-0.06167136877775192,-0.17045237123966217,-0.4870617985725403,-0.01156001165509224,-0.2667665481567383,-0.2757573425769806,-0.10671783983707428,0.2655225098133087,-0.3857960104942322,-0.2955099642276764,-0.2508120536804199,-0.2770098149776459,-0.33500927686691284,0.11316875368356705,0.0025220897514373064,0.015572131611406803,-0.11331931501626968,-0.003266973188146949,-0.014614169485867023,0.08893505483865738,0.4200614392757416,0.027584940195083618,-0.09742792695760727,0.38268524408340454,0.011035014875233173,0.10150312632322311,0.7417142987251282,0.16818901896476746,-0.09867963194847107,0.7301238775253296,0.1659177988767624
34,0.017131291329860687,-0.6455254554748535,-0.20401446521282196,0.15215027332305908,-0.47568219900131226,0.02285832166671753,0.2589825391769409,-0.30907735228538513,-0.06475600600242615,-0.17383398115634918,-0.4829365909099579,-0.022276416420936584,-0.2871898114681244,-0.2917892336845398,-0.14120911061763763,0.28899461030960083,-0.4247685968875885,-0.2971942722797394,-0.2653188407421112,-0.3609228730201721,-0.3863593637943268,0.11313627660274506,0.0015458102570846677,0.01522166095674038,-0.11327387392520905,-0.0022738378029316664,-0.014299573376774788,0.08686414361000061,0.4204317331314087,0.038016196340322495,-0.09764368087053299,0.3835468888282776,0.011204397305846214,0.10121753811836243,0.7386205792427063,0.18879710137844086,-0.09815552830696106,0.7300674915313721,0.16322270035743713
35,0.013464299030601978,-0.6453754901885986,-0.2329946756362915,0.1482086330652237,-0.47870779037475586,-0.006024803034961224,0.26475203037261963,-0.33530765771865845,-0.10782132297754288,-0.17495055496692657,-0.4833805561065674,-0.04922401160001755,-0.29764342308044434,-0.3157043755054474,-0.17044496536254883,0.3008121848106384,-0.46950939297676086,-0.33096498250961304,-0.2927892506122589,-0.4080769717693329,-0.40888020396232605,0.11259566992521286,0.0011673588305711746,0.014925315976142883,-0.11269238591194153,-0.001877934904769063,-0.014040247537195683,0.08558055013418198,0.4211837351322174,0.049306441098451614,-0.09824388474225998,0.3843337893486023,0.015557734295725822,0.10158335417509079,0.7377285957336426,0.19284899532794952,-0.09797393530607224,0.7299472093582153,0.1634165346622467
36,0.012158256955444813,-0.6473169922828674,-0.22017520666122437,0.1494545191526413,-0.4830160140991211,-0.004255300387740135,0.2764441668987274,-0.3576873242855072,-0.11649472266435623,-0.17191237211227417,-0.4839370846748352,-0.03670026361942291,-0.30020904541015625,-0.3472656011581421,-0.14637143909931183,0.301516056060791,-0.5042269825935364,-0.33251017332077026,-0.29102081060409546,-0.46119067072868347,-0.3666345477104187,0.11233679950237274,0.001027305843308568,0.013165449723601341,-0.11240512877702713,-0.0017265809001401067,-0.01232586894184351,0.08524467051029205,0.4211377799510956,0.04421161115169525,-0.09818083792924881,0.3844248950481415,0.015621563419699669,0.10089138150215149,0.7358119487762451,0.19218724966049194,-0.09464866667985916,0.7273642420768738,0.16402661800384521
37,0.012200949713587761,-0.6472603678703308,-0.21961362659931183,0.15793476998806,-0.48247236013412476,-0.005404810421168804,0.29995086789131165,-0.3758653998374939,-0.11371278017759323,-0.16383560001850128,-0.48442062735557556,-0.034310389310121536,-0.2972877621650696,-0.3923317790031433,-0.1371130347251892,0.327907919883728,-0.5484917759895325,-0.3021477460861206,-0.28723031282424927,-0.5314913988113403,-0.3512023389339447,0.11222891509532928,0.0009963720804080367,0.012090340256690979,-0.11228665709495544,-0.0016927170800045133,-0.011282302439212799,0.08521196246147156,0.42087095975875854,0.042915038764476776,-0.09749563783407211,0.38444244861602783,0.016035694628953934,0.10254640132188797,0.7329623699188232,0.19506463408470154,-0.09350663423538208,0.7207050919532776,0.16755223274230957
38,0.012261375784873962,-0.6492283940315247,-0.21818219125270844,0.16159415245056152,-0.4823487401008606,-0.012625637464225292,0.3089451193809509,-0.39759641885757446,-0.12160393595695496,-0.16059020161628723,-0.4882250428199768,-0.03355865180492401,-0.29624873399734497,-0.4326193034648895,-0.1334298849105835,0.335385799407959,-0.5688769817352295,-0.3017531633377075,-0.29573482275009155,-0.5809590816497803,-0.31168878078460693,0.11203604191541672,0.0011577977566048503,0.009982597082853317,-0.11208023130893707,-0.0018467748304829001,-0.009203669615089893,0.08527585119009018,0.4199759066104889,0.04103827849030495,-0.09715720266103745,0.3841801881790161,0.022895297035574913,0.10410624742507935,0.7306340932846069,0.19470852613449097,-0.09465865045785904,0.7158628106117249,0.18096859753131866
39,0.021230291575193405,-0.6550929546356201,-0.19902324676513672,0.17017824947834015,-0.4848637580871582,-0.007181188557296991,0.3183249831199646,-0.4381415843963623,-0.07048995792865753,-0.14637233316898346,-0.49281588196754456,0.0023920258972793818,-0.3041932284832001,-0.4962631165981293,0.005855559837073088,0.34575703740119934,-0.6237017512321472,-0.207587331533432,-0.32053205370903015,-0.6710278987884521,-0.0731283649802208,0.11165717989206314,0.0015564936911687255,0.007813284173607826,-0.11171229928731918,-0.0022281163837760687,-0.007013802882283926,0.08533746749162674,0.4203241765499115,0.03387977182865143,-0.09297027438879013,0.3833956718444824,0.02297396957874298,0.10987637937068939,0.7297436594963074,0.18961332738399506,-0.09253126382827759,0.7152017951011658,0.17901653051376343
40,0.022769762203097343,-0.6590834856033325,-0.19180859625339508,0.17299684882164001,-0.49254220724105835,-0.003526180051267147,0.32444992661476135,-0.48487240076065063,-0.048190005123615265,-0.1444619745016098,-0.49522897601127625,0.007908777333796024,-0.3151097595691681,-0.5373079776763916,0.0261431522667408,0.3531949818134308,-0.6898070573806763,-0.16786667704582214,-0.3342846632003784,-0.735895574092865,-0.028475429862737656,0.11141713708639145,0.0017077509546652436,0.006860704161226749,-0.1114790290594101,-0.002356327371671796,-0.006046629510819912,0.08109814673662186,0.42143088579177856,0.03452086076140404,-0.09211668372154236,0.38239824771881104,0.027684787288308144,0.10996446758508682,0.7318255305290222,0.18346384167671204,-0.08921787887811661,0.7132083177566528,0.17927506566047668
41,0.024854620918631554,-0.6601990461349487,-0.17183849215507507,0.1728428155183792,-0.49421629309654236,0.008059244602918625,0.3289245367050171,-0.514319896697998,-0.02930312603712082,-0.14466102421283722,-0.49675872921943665,0.024064471945166588,-0.3221170902252197,-0.5837974548339844,0.05569537356495857,0.3550129234790802,-0.7287212610244751,-0.12896551191806793,-0.3496171236038208,-0.7967620491981506,0.01878201775252819,0.11135448515415192,0.001687917043454945,0.005344518460333347,-0.11142222583293915,-0.0023258342407643795,-0.004520293790847063,0.08057192713022232,0.4214269518852234,0.03131676837801933,-0.0917586013674736,0.38125744462013245,0.02791348285973072,0.10872303694486618,0.7318605780601501,0.17876026034355164,-0.08512745052576065,0.7096619606018066,0.1790866255760193
42,0.023538675159215927,-0.6604308485984802,-0.13794530928134918,0.16955822706222534,-0.4949924647808075,0.043940480798482895,0.32629334926605225,-0.5414076447486877,0.014995019882917404,-0.14664267003536224,-0.4971511662006378,0.04881987348198891,-0.3369327187538147,-0.6281736493110657,0.057497818022966385,0.35121220350265503,-0.7623228430747986,-0.06281603872776031,-0.3524444103240967,-0.8528280258178711,0.009029301814734936,0.1111554279923439,0.001380439498461783,0.004979842808097601,-0.1112445741891861,-0.0020005919504910707,-0.004138189367949963,0.07856359332799911,0.4214147627353668,0.030826956033706665,-0.09614302217960358,0.3813343942165375,0.0254155732691288,0.10185125470161438,0.7338815927505493,0.16987402737140656,-0.0899331346154213,0.7127058506011963,0.16265878081321716
43,0.03614862635731697,-0.6593206524848938,-0.12590017914772034,0.17689241468906403,-0.4954165518283844,0.053200457245111465,0.33062779903411865,-0.5654978156089783,0.019900305196642876,-0.13906660676002502,-0.5002145767211914,0.05677371844649315,-0.3278926610946655,-0.6513796448707581,0.05433186516165733,0.350795716047287,-0.7919455170631409,-0.055538360029459,-0.3474576771259308,-0.8802240490913391,-0.0011747995158657432,0.11099537461996078,0.0012431894429028034,0.00367059838026762,-0.1110888421535492,-0.0018614028813317418,-0.002780555048957467,0.07857657223939896,0.4220571517944336,0.03068757802248001,-0.09295006841421127,0.383760005235672,0.02438577450811863,0.10545159876346588,0.7424629926681519,0.15371215343475342,-0.0848439484834671,0.7272776961326599,0.14978426694869995
44,0.024820221588015556,-0.658545732498169,-0.14465630054473877,0.17483769357204437,-0.4979872405529022,0.03522013872861862,0.32911649346351624,-0.6019847989082336,0.0064864191226661205,-0.1444779485464096,-0.5017203688621521,0.02836884744465351,-0.32630211114883423,-0.6782266497612,0.011759293265640736,0.35051971673965454,-0.8194249272346497,-0.07765057682991028,-0.33927983045578003,-0.9118496179580688,-0.04702058807015419,0.11095762252807617,0.0010958841303363442,0.0035633090883493423,-0.11105068773031235,-0.001720308791846037,-0.002651098184287548,0.07177551090717316,0.42317599058151245,0.04351670295000076,-0.09485681354999542,0.3871401846408844,0.02806876413524151,0.10105697810649872,0.7480824589729309,0.15519186854362488,-0.09143789112567902,0.7390114068984985,0.15188060700893402
45,0.026347259059548378,-0.6597192883491516,-0.1475433111190796,0.17774739861488342,-0.5062644481658936,0.03451806306838989,0.3282305598258972,-0.6246524453163147,0.01566113717854023,-0.14024114608764648,-0.517370343208313,0.022737940773367882,-0.2964709401130676,-0.6954290270805359,-0.0009200950735248625,0.35617712140083313,-0.8440530896186829,-0.031891513615846634,-0.31093108654022217,-0.9212503433227539,-0.06475270539522171,0.11082746088504791,0.0011148488847538829,0.0036854937206953764,-0.11093439906835556,-0.0017420656513422728,-0.0027533492539077997,0.07699432224035263,0.42273738980293274,0.053388308733701706,-0.09483900666236877,0.3866131007671356,0.031885772943496704,0.1132640466094017,0.7475682497024536,0.17591655254364014,-0.09157643467187881,0.7384322881698608,0.16349612176418304
46,0.013236716389656067,-0.6602362990379333,-0.15393446385860443,0.1699480414390564,-0.511765718460083,0.023429719731211662,0.3168366253376007,-0.6315125226974487,0.0035339544992893934,-0.1502895951271057,-0.5233958959579468,0.009475311264395714,-0.29817119240760803,-0.7058285474777222,-0.01979881525039673,0.3533264100551605,-0.8456844687461853,-0.0458885058760643,-0.31169363856315613,-0.9264983534812927,-0.08935897052288055,0.11078452318906784,0.001062121824361384,0.004009000491350889,-0.11088904738426208,-0.0016902175266295671,-0.0030282014049589634,0.0766855925321579,0.42053309082984924,0.05805622786283493,-0.09935920685529709,0.3859124779701233,0.032164495438337326,0.11177953332662582,0.7470743656158447,0.176917165517807,-0.09667976200580597,0.7372153401374817,0.16268891096115112
47,0.013422525487840176,-0.6618391275405884,-0.18626649677753448,0.1689097136259079,-0.5164063572883606,-0.006875835359096527,0.3093704581260681,-0.6575649976730347,-0.023866383358836174,-0.1508684605360031,-0.5292544364929199,-0.022367043420672417,-0.2918897867202759,-0.7128298282623291,-0.0631089061498642,0.3485856056213379,-0.8642250895500183,-0.0680537223815918,-0.30208349227905273,-0.9342635273933411,-0.14308547973632812,0.11068382859230042,0.0009699614020064473,0.0032798871397972107,-0.11079332232475281,-0.0016073998995125294,-0.002248777076601982,0.08172274380922318,0.4171041250228882,0.058746762573719025,-0.09953804314136505,0.38582998514175415,0.04346244037151337,0.11557713896036148,0.7449933290481567,0.18334370851516724,-0.10107862204313278,0.7361860871315002,0.181370809674263
48,0.01306854747235775,-0.650132417678833,-0.27498120069503784,0.1670348197221756,-0.5084234476089478,-0.08901719003915787,0.2991526126861572,-0.6646285653114319,-0.116300567984581,-0.14772707223892212,-0.527101457118988,-0.11321575939655304,-0.2836308181285858,-0.7048922181129456,-0.16293112933635712,0.3457634449005127,-0.8732397556304932,-0.1804899126291275,-0.28391197323799133,-0.9227734208106995,-0.24199409782886505,0.11027456074953079,0.0013127881102263927,0.0028849313966929913,-0.11042604595422745,-0.0019826656207442284,-0.001834007678553462,0.08206548541784286,0.4170789420604706,0.0589294359087944,-0.09917458146810532,0.3855171501636505,0.054473694413900375,0.11747361719608307,0.743597149848938,0.1978835165500641,-0.10087654739618301,0.7292669415473938,0.21330687403678894
49,0.012162177823483944,-0.6506584286689758,-0.2924594283103943,0.1606803983449936,-0.5089699625968933,-0.10247229784727097,0.28452223539352417,-0.6822910308837891,-0.12168367952108383,-0.14747296273708344,-0.5263588428497314,-0.14293727278709412,-0.2744345963001251,-0.7086037993431091,-0.19854940474033356,0.3442605137825012,-0.8823118209838867,-0.18411724269390106,-0.2726203203201294,-0.9230847358703613,-0.27147534489631653,0.11009784042835236,0.00132106919772923,0.005563732236623764,-0.11026038229465485,-0.001996508101001382,-0.004436413757503033,0.08623874932527542,0.4153885245323181,0.08011045306921005,-0.100047767162323,0.38450396060943604,0.059122126549482346,0.11995857208967209,0.7286109328269958,0.24635043740272522,-0.10300620645284653,0.7137573957443237,0.2347920686006546
50,0.013133211061358452,-0.6509959101676941,-0.2947324514389038,0.16084642708301544,-0.5099345445632935,-0.10433419048786163,0.2832643389701843,-0.6882097125053406,-0.12289589643478394,-0.1437932401895523,-0.5258726477622986,-0.1486944705247879,-0.26402851939201355,-0.7073922157287598,-0.20674656331539154,0.3434067368507385,-0.8858155608177185,-0.18504463136196136,-0.2634524703025818,-0.9203557968139648,-0.2832673192024231,0.10988956689834595,0.0012920127483084798,0.0057570841163396835,-0.11006485670804977,-0.0019719931297004223,-0.004612233489751816,0.0906669870018959,0.4143306016921997,0.08342299610376358,-0.09961190819740295,0.38451436161994934,0.06928279250860214,0.12581077218055725,0.7226505875587463,0.24846799671649933,-0.10284021496772766,0.7115114331245422,0.24756024777889252
51,0.012750324793159962,-0.6462774872779846,-0.31435176730155945,0.15863479673862457,-0.5049512386322021,-0.12060663849115372,0.27856335043907166,-0.6787213683128357,-0.14285700023174286,-0.14183495938777924,-0.5220666527748108,-0.16562916338443756,-0.2554408013820648,-0.7027180194854736,-0.23648785054683685,0.34310418367385864,-0.8787366151809692,-0.21062904596328735,-0.2528204321861267,-0.9074828028678894,-0.32264870405197144,0.10949481278657913,0.0014760807389393449,0.005710749886929989,-0.10967764258384705,-0.002162811579182744,-0.004557615611702204,0.08966174721717834,0.41444677114486694,0.07402331382036209,-0.09903918206691742,0.38595855236053467,0.06702590733766556,0.12542855739593506,0.7264838814735413,0.22753983736038208,-0.09784287214279175,0.7171819806098938,0.23885266482830048
52,0.013073313049972057,-0.6464543342590332,-0.29897022247314453,0.15786054730415344,-0.5062676668167114,-0.10753826051950455,0.2683095932006836,-0.6819069385528564,-0.13097268342971802,-0.139639213681221,-0.5224851369857788,-0.14790655672550201,-0.24713562428951263,-0.701719343662262,-0.21082065999507904,0.33771955966949463,-0.8826138973236084,-0.20100867748260498,-0.2525368630886078,-0.9073443412780762,-0.29257193207740784,0.10929641872644424,0.0015208887634798884,0.00609987135976553,-0.10948094725608826,-0.0022113979794085026,-0.004934805445373058,0.094782754778862,0.4143050014972687,0.07335329800844193,-0.09899167716503143,0.3857748210430145,0.06463803350925446,0.13308711349964142,0.7264009714126587,0.2256677895784378,-0.09785956144332886,0.7182846665382385,0.2374195158481598
53,0.01313320454210043,-0.6429800987243652,-0.32105934619903564,0.15672434866428375,-0.5053437352180481,-0.1272721141576767,0.26961028575897217,-0.6854163408279419,-0.1519729495048523,-0.13945692777633667,-0.5210946202278137,-0.17604757845401764,-0.24963994324207306,-0.7026816010475159,-0.25267019867897034,0.337130069732666,-0.8855093121528625,-0.22000432014465332,-0.25496208667755127,-0.9104602336883545,-0.3404677212238312,0.10914266109466553,0.0014921199763193727,0.006612058263272047,-0.10934213548898697,-0.002183008473366499,-0.005458202678710222,0.0948197990655899,0.4141223728656769,0.06857854872941971,-0.09631194919347763,0.3869902491569519,0.05697504058480263,0.1328994482755661,0.7275692224502563,0.21847403049468994,-0.09363995492458344,0.7215945720672607,0.22606897354125977
54,0.012303922325372696,-0.6413525938987732,-0.3200601637363434,0.1532529592514038,-0.5050143599510193,-0.13069555163383484,0.25971341133117676,-0.683375895023346,-0.15995600819587708,-0.13963322341442108,-0.5198774933815002,-0.1696704924106598,-0.2498960942029953,-0.6950876712799072,-0.24226194620132446,0.33215516805648804,-0.8844704627990723,-0.2321486920118332,-0.2571936249732971,-0.9093062281608582,-0.3356579542160034,0.10896822065114975,0.0014793939189985394,0.005578638054430485,-0.10916619002819061,-0.002170783234760165,-0.00441719638183713,0.09462388604879379,0.413871169090271,0.058068789541721344,-0.09869010001420975,0.3870021402835846,0.05691332370042801,0.1326798051595688,0.7277119755744934,0.2056148499250412,-0.09800206869840622,0.7222023010253906,0.22494009137153625
55,0.01299393828958273,-0.6413290500640869,-0.32154685258865356,0.15317480266094208,-0.5050631761550903,-0.12800702452659607,0.26134851574897766,-0.6853078603744507,-0.15431974828243256,-0.13777926564216614,-0.5198237895965576,-0.178466796875,-0.24731990694999695,-0.6959438323974609,-0.25094640254974365,0.3324420750141144,-0.8874884843826294,-0.2251378297805786,-0.257870078086853,-0.9110775589942932,-0.3381771445274353,0.10869039595127106,0.001474327640607953,0.007527719251811504,-0.10888850688934326,-0.002167357597500086,-0.006324146408587694,0.09449991583824158,0.4138171672821045,0.06208307668566704,-0.09781034290790558,0.3870932459831238,0.0528092123568058,0.13115783035755157,0.7277994751930237,0.21002620458602905,-0.09833654016256332,0.7211982011795044,0.22427737712860107
56,0.018475588411092758,-0.6404996514320374,-0.32596442103385925,0.15362311899662018,-0.5049804449081421,-0.1329590082168579,0.25997471809387207,-0.6847789287567139,-0.16410943865776062,-0.13496823608875275,-0.5194162726402283,-0.18474122881889343,-0.23503300547599792,-0.6948858499526978,-0.27226918935775757,0.3336678147315979,-0.8843755722045898,-0.2357051819562912,-0.2526111304759979,-0.9106014966964722,-0.3747533857822418,0.10861846059560776,0.0012041853042319417,0.007923408411443233,-0.10881746560335159,-0.0019018894527107477,-0.006700177676975727,0.09593642503023148,0.4138045310974121,0.06258941441774368,-0.09777552634477615,0.3872499465942383,0.052289173007011414,0.13758480548858643,0.725684404373169,0.217117577791214,-0.09591672569513321,0.7198451161384583,0.22343501448631287
57,0.010307427495718002,-0.6373188495635986,-0.3291585445404053,0.14736883342266083,-0.5044675469398499,-0.13557329773902893,0.25352656841278076,-0.6842371821403503,-0.16688719391822815,-0.13696469366550446,-0.5173592567443848,-0.1864597499370575,-0.2377464771270752,-0.6943027377128601,-0.2669292986392975,0.32882973551750183,-0.884097158908844,-0.2400156557559967,-0.2627544105052948,-0.9104591012001038,-0.36160150170326233,0.10831964015960693,0.0012316812062636018,0.008256587199866772,-0.10851798951625824,-0.0019290406489744782,-0.007019041571766138,0.09170173108577728,0.4155454635620117,0.05680061876773834,-0.09987369924783707,0.3886173367500305,0.04483658820390701,0.12814339995384216,0.7375791072845459,0.19495370984077454,-0.09936081618070602,0.7264976501464844,0.203068807721138
58,0.019153563305735588,-0.6370725631713867,-0.3279849588871002,0.1543242484331131,-0.5035504102706909,-0.1367359161376953,0.257690966129303,-0.6838810443878174,-0.16884399950504303,-0.1299223005771637,-0.5173299908638,-0.18432098627090454,-0.22814331948757172,-0.6944737434387207,-0.26444897055625916,0.3344216048717499,-0.8840879201889038,-0.23860931396484375,-0.250442773103714,-0.9106333255767822,-0.3614486753940582,0.10825636982917786,0.0012027358170598745,0.008233568631112576,-0.10846377164125443,-0.0019031454576179385,-0.007000549230724573,0.09275563806295395,0.41582775115966797,0.05697845667600632,-0.09647940844297409,0.3886452615261078,0.0439065583050251,0.1348402202129364,0.7352991104125977,0.19612924754619598,-0.0956968441605568,0.7267404794692993,0.20242397487163544
59,0.012211797758936882,-0.6371719837188721,-0.32737329602241516,0.1496783196926117,-0.5041089057922363,-0.13755492866039276,0.25553110241889954,-0.6843474507331848,-0.17042051255702972,-0.13580408692359924,-0.5187810659408569,-0.18126872181892395,-0.23771202564239502,-0.6962354183197021,-0.2536529004573822,0.33364635705947876,-0.884271502494812,-0.24355849623680115,-0.26248183846473694,-0.9132490158081055,-0.35246971249580383,0.10804172605276108,0.0015659731579944491,0.005099720787256956,-0.10823559761047363,-0.0022623278200626373,-0.003886598628014326,0.08763380348682404,0.4158543348312378,0.05030865967273712,-0.09780257195234299,0.3885504901409149,0.049926917999982834,0.12271460145711899,0.7393012642860413,0.18294517695903778,-0.09754133969545364,0.72665935754776,0.20344093441963196
60,0.020863106474280357,-0.6382863521575928,-0.3219316303730011,0.1564496010541916,-0.5052602291107178,-0.13264380395412445,0.25924769043922424,-0.6911939382553101,-0.16063152253627777,-0.12933489680290222,-0.5197151303291321,-0.1741217076778412,-0.23521672189235687,-0.7015498280525208,-0.24313092231750488,0.3345790207386017,-0.8883487582206726,-0.23210565745830536,-0.25986558198928833,-0.9172019958496094,-0.33646294474601746,0.10791774839162827,0.0016443339409306645,0.0037376866675913334,-0.10812027007341385,-0.0023401572834700346,-0.0025173001922667027,0.08882741630077362,0.4163101315498352,0.04545477777719498,-0.0972709059715271,0.38847213983535767,0.05199742317199707,0.12963423132896423,0.739132285118103,0.1729736030101776,-0.09557502716779709,0.7269223928451538,0.20339149236679077
61,0.007839435711503029,-0.6374741792678833,-0.3239796459674835,0.1423085629940033,-0.5056170225143433,-0.13319773972034454,0.24990737438201904,-0.692270815372467,-0.16260457038879395,-0.14263610541820526,-0.5193324685096741,-0.1769804209470749,-0.24965381622314453,-0.7004214525222778,-0.25373250246047974,0.3295692503452301,-0.8923677206039429,-0.23454108834266663,-0.2741664946079254,-0.9169548749923706,-0.34871089458465576,0.10785423964262009,0.001579034491442144,0.004609059076756239,-0.10805762559175491,-0.0022769360803067684,-0.003394428174942732,0.08603934198617935,0.41633960604667664,0.046620093286037445,-0.09984669834375381,0.388542503118515,0.045723993331193924,0.12743888795375824,0.7389531135559082,0.178198903799057,-0.09780542552471161,0.7286344170570374,0.1981072574853897
62,0.022289404645562172,-0.6394912004470825,-0.3226061165332794,0.15281593799591064,-0.5082882046699524,-0.1268996298313141,0.2544277310371399,-0.7000376582145691,-0.1550193727016449,-0.13233906030654907,-0.5201069116592407,-0.1814134418964386,-0.23637378215789795,-0.7016171813011169,-0.2689359486103058,0.3305037021636963,-0.9026530981063843,-0.226568803191185,-0.2608180046081543,-0.917590320110321,-0.3632700443267822,0.10780647397041321,0.001439367071725428,0.008905497379601002,-0.10800888389348984,-0.002138257259503007,-0.00769211957231164,0.09409654140472412,0.4167190194129944,0.05494169145822525,-0.09389397501945496,0.3890920579433441,0.03945666179060936,0.12747889757156372,0.7388308048248291,0.1926504373550415,-0.097785085439682,0.7286760807037354,0.19679684937000275
63,0.008233590982854366,-0.6355955600738525,-0.3307022154331207,0.14187856018543243,-0.5082555413246155,-0.13743869960308075,0.2486717402935028,-0.7004836797714233,-0.16862675547599792,-0.13958124816417694,-0.5197052955627441,-0.187405526638031,-0.24614401161670685,-0.7019668817520142,-0.26703178882598877,0.320679634809494,-0.9031063318252563,-0.2421298772096634,-0.28013208508491516,-0.9181089401245117,-0.35696879029273987,0.1075250431895256,0.0013999462826177478,0.009340817108750343,-0.1077301949262619,-0.002098401077091694,-0.008111368864774704,0.09167259931564331,0.4169020652770996,0.057273980230093,-0.09921687096357346,0.3893563747406006,0.037419773638248444,0.12196855992078781,0.7392733693122864,0.19269134104251862,-0.10714203864336014,0.7329601049423218,0.18924006819725037
64,0.019248561933636665,-0.6356703042984009,-0.33144477009773254,0.14867490530014038,-0.5085996389389038,-0.13483110070228577,0.25499826669692993,-0.700995922088623,-0.16205433011054993,-0.13518744707107544,-0.5197404623031616,-0.195863276720047,-0.23761937022209167,-0.701964795589447,-0.28011539578437805,0.32708579301834106,-0.9025212526321411,-0.23556190729141235,-0.2668302655220032,-0.9173697829246521,-0.3694433569908142,0.10747219622135162,0.0010445163352414966,0.012869671918451786,-0.10767965018749237,-0.0017524624709039927,-0.011554794386029243,0.09787513315677643,0.4173259139060974,0.07330861687660217,-0.09696606546640396,0.3894803524017334,0.03403062745928764,0.12605692446231842,0.7359272837638855,0.20822924375534058,-0.11010138690471649,0.7330942749977112,0.18521280586719513
65,0.013515986502170563,-0.636493444442749,-0.3147737979888916,0.1434178650379181,-0.5113005042076111,-0.1165885403752327,0.24934248626232147,-0.7040891647338867,-0.13325649499893188,-0.1404288411140442,-0.5198695063591003,-0.1783038228750229,-0.24624815583229065,-0.7021225094795227,-0.26039087772369385,0.3228738009929657,-0.90304034948349,-0.19663934409618378,-0.27233657240867615,-0.9177272319793701,-0.3502582907676697,0.10740844160318375,0.0010430101538076997,0.012785651721060276,-0.10761155188083649,-0.0017515572253614664,-0.011482012458145618,0.09771767258644104,0.41709423065185547,0.06965135037899017,-0.10158523172140121,0.38805264234542847,0.03653335943818092,0.12573014199733734,0.7355027794837952,0.20732806622982025,-0.1107584685087204,0.7281424403190613,0.19147594273090363
66,0.016469096764922142,-0.6365035772323608,-0.32058924436569214,0.14541013538837433,-0.5114600658416748,-0.11754560470581055,0.25506195425987244,-0.7038684487342834,-0.13534320890903473,-0.1393115520477295,-0.5198562741279602,-0.19741788506507874,-0.23611992597579956,-0.7012348175048828,-0.29562661051750183,0.32639455795288086,-0.9028140902519226,-0.20423834025859833,-0.2564578950405121,-0.9139647483825684,-0.3916204869747162,0.10735759884119034,0.0009076804271899164,0.015379711985588074,-0.1075625792145729,-0.001610110281035304,-0.014054728671908379,0.09793619066476822,0.4164932668209076,0.06899319589138031,-0.09314489364624023,0.3869873285293579,0.029647883027791977,0.12562678754329681,0.7351645827293396,0.20361699163913727,-0.1012086272239685,0.7235169410705566,0.1859712153673172
67,0.016274193301796913,-0.6372668743133545,-0.3206421732902527,0.1465054452419281,-0.5112201571464539,-0.12393725663423538,0.25447896122932434,-0.7038577198982239,-0.15047268569469452,-0.13904298841953278,-0.5198582410812378,-0.18707270920276642,-0.23887091875076294,-0.7051233649253845,-0.26388680934906006,0.31927165389060974,-0.9025154709815979,-0.21920646727085114,-0.25696685910224915,-0.9192371368408203,-0.34907859563827515,0.10731680691242218,0.0008792924927547574,0.010740214958786964,-0.10752324759960175,-0.0015807038871571422,-0.009481568820774555,0.09853129088878632,0.4161176383495331,0.05719732493162155,-0.09848874807357788,0.38700953125953674,0.04295894876122475,0.13987088203430176,0.7332828044891357,0.20166386663913727,-0.09919805824756622,0.7228391170501709,0.20476019382476807
68,0.017088521271944046,-0.637392520904541,-0.31822410225868225,0.14815735816955566,-0.510920524597168,-0.1262471079826355,0.25448885560035706,-0.7040730714797974,-0.1568126529455185,-0.13756875693798065,-0.5200964212417603,-0.17624667286872864,-0.2389356642961502,-0.7067378759384155,-0.2563868463039398,0.31923267245292664,-0.903335690498352,-0.22330281138420105,-0.25749754905700684,-0.9220923781394958,-0.3491128087043762,0.1072806790471077,0.0008658213191665709,0.007716489024460316,-0.10748512297868729,-0.00156582857016474,-0.0065111564472317696,0.10012134164571762,0.41585350036621094,0.046180225908756256,-0.09875969588756561,0.387091726064682,0.045312296599149704,0.14891329407691956,0.7332634329795837,0.19390372931957245,-0.09165292978286743,0.7237459421157837,0.20615725219249725
69,0.013262537308037281,-0.6374975442886353,-0.32105889916419983,0.14651544392108917,-0.5108729004859924,-0.13333089649677277,0.24955295026302338,-0.7040453553199768,-0.16746078431606293,-0.1378168761730194,-0.5205803513526917,-0.17641772329807281,-0.23998896777629852,-0.7070290446281433,-0.2567492127418518,0.31656622886657715,-0.9049625992774963,-0.2382756769657135,-0.2646171748638153,-0.922236442565918,-0.3494921028614044,0.10719048976898193,0.0008913615602068603,0.006841769441962242,-0.10739342123270035,-0.0015911003574728966,-0.005634444300085306,0.0965319499373436,0.41581833362579346,0.04656798765063286,-0.09907501190900803,0.3878086507320404,0.04649651050567627,0.13869652152061462,0.7332733273506165,0.19393467903137207,-0.09774231165647507,0.7260672450065613,0.20662821829319
70,0.01917661912739277,-0.6383907794952393,-0.32106277346611023,0.1526687741279602,-0.5107051134109497,-0.13324002921581268,0.25609806180000305,-0.7040634751319885,-0.16739331185817719,-0.1324617862701416,-0.5207980275154114,-0.17692729830741882,-0.23212136328220367,-0.7098293900489807,-0.2592812776565552,0.3216639757156372,-0.9044333100318909,-0.2385959029197693,-0.2544504702091217,-0.9245501160621643,-0.3522331416606903,0.10715599358081818,0.0009193247533403337,0.006856797728687525,-0.1073596179485321,-0.0016178720397874713,-0.005649265833199024,0.09680532664060593,0.41698896884918213,0.047899890691041946,-0.09853973984718323,0.388021320104599,0.04683239385485649,0.14188197255134583,0.7343084812164307,0.1939532309770584,-0.09619542956352234,0.7262884378433228,0.2064862996339798
71,0.015657572075724602,-0.6374178528785706,-0.3212176561355591,0.14767953753471375,-0.5106645822525024,-0.1339564472436905,0.25226733088493347,-0.704596996307373,-0.168088898062706,-0.13640645146369934,-0.5211337804794312,-0.1770070344209671,-0.23687440156936646,-0.7102314829826355,-0.2572154402732849,0.3170529901981354,-0.9050003886222839,-0.24088191986083984,-0.2609212100505829,-0.9252315759658813,-0.3476875126361847,0.10695494711399078,0.0009398486581631005,0.006273944862186909,-0.10715503990650177,-0.0016355523839592934,-0.0050872317515313625,0.09651283919811249,0.4158158004283905,0.04655744507908821,-0.09824749827384949,0.3880327045917511,0.047356490045785904,0.13860325515270233,0.7351517081260681,0.18671643733978271,-0.09513770788908005,0.7266750335693359,0.20575416088104248
72,0.02247021533548832,-0.63755202293396,-0.32177335023880005,0.1565919667482376,-0.5097253322601318,-0.1338636875152588,0.25924935936927795,-0.7046718597412109,-0.1677936464548111,-0.12889528274536133,-0.5202663540840149,-0.180129736661911,-0.23254533112049103,-0.7085884213447571,-0.26081570982933044,0.3222692906856537,-0.9076511859893799,-0.23835569620132446,-0.25186994671821594,-0.9237110018730164,-0.34926533699035645,0.10692398995161057,0.0009466793853789568,0.007559068500995636,-0.10712938010692596,-0.0016433842247352004,-0.006377113051712513,0.0973537340760231,0.41582876443862915,0.04993690550327301,-0.09566225856542587,0.38848671317100525,0.042916618287563324,0.1391185075044632,0.733681321144104,0.19043108820915222,-0.09483938664197922,0.7299742102622986,0.19998057186603546
73,0.017551425844430923,-0.6319612264633179,-0.3339978754520416,0.15232011675834656,-0.5067683458328247,-0.14124274253845215,0.2593729794025421,-0.7020187973976135,-0.17463319003582,-0.1334776133298874,-0.5189485549926758,-0.192146897315979,-0.2391967475414276,-0.7074934840202332,-0.2725602388381958,0.3271433711051941,-0.90472012758255,-0.24796432256698608,-0.2589073181152344,-0.921822190284729,-0.3596286475658417,0.1068088561296463,0.0013962762895971537,0.007648431695997715,-0.10701549053192139,-0.0020895928610116243,-0.0064600794576108456,0.09042620658874512,0.41646456718444824,0.04971390590071678,-0.09601563960313797,0.38811540603637695,0.04254952818155289,0.12639212608337402,0.7413939237594604,0.18483175337314606,-0.09540162235498428,0.729982316493988,0.19764435291290283
74,0.02760794758796692,-0.6320719122886658,-0.33191677927970886,0.1596660017967224,-0.5067464113235474,-0.14091694355010986,0.26415640115737915,-0.7061259150505066,-0.17445556819438934,-0.12751321494579315,-0.519417941570282,-0.1907408982515335,-0.23196348547935486,-0.7111828327178955,-0.2691754400730133,0.3250572085380554,-0.9060689210891724,-0.24663211405277252,-0.24962623417377472,-0.9245728850364685,-0.3530677258968353,0.10676389932632446,0.0014497353695333004,0.006861056666821241,-0.10697691142559052,-0.002142345765605569,-0.005663545336574316,0.09414117783308029,0.4164210557937622,0.0457785502076149,-0.09598720073699951,0.3876877725124359,0.04324128106236458,0.13676321506500244,0.7399208545684814,0.182366743683815,-0.09487642347812653,0.7296922206878662,0.19743064045906067
75,0.020039677619934082,-0.6328156590461731,-0.3278970718383789,0.15236134827136993,-0.5074889063835144,-0.13727514445781708,0.2609579861164093,-0.7054775357246399,-0.17023026943206787,-0.13496388494968414,-0.520524263381958,-0.18527773022651672,-0.24171262979507446,-0.7112588882446289,-0.25516459345817566,0.323543518781662,-0.9022351503372192,-0.2457142472267151,-0.2576296925544739,-0.9241360425949097,-0.3333081305027008,0.10663750022649765,0.0016924823867157102,0.006622401997447014,-0.10684210062026978,-0.002382260048761964,-0.005416060332208872,0.08990727365016937,0.41646522283554077,0.045966632664203644,-0.09686482697725296,0.38752084970474243,0.04432109743356705,0.12309972196817398,0.7418913841247559,0.18114908039569855,-0.09530004858970642,0.7289822101593018,0.19742602109909058
76,0.024070553481578827,-0.635026752948761,-0.328019380569458,0.15709838271141052,-0.5077162981033325,-0.13685710728168488,0.2641431987285614,-0.7041407823562622,-0.1677771955728531,-0.1299351304769516,-0.5203724503517151,-0.18738098442554474,-0.2331574708223343,-0.7048972845077515,-0.2591627836227417,0.32778334617614746,-0.900425374507904,-0.24151797592639923,-0.2458859086036682,-0.9138504266738892,-0.34233272075653076,0.10659067332744598,0.0016285822493955493,0.007607663981616497,-0.10679912567138672,-0.002317271661013365,-0.006368877366185188,0.09264431148767471,0.41624969244003296,0.05145297572016716,-0.094429612159729,0.3874097168445587,0.04395994171500206,0.13519498705863953,0.7394949197769165,0.1831522136926651,-0.09283513575792313,0.7279671430587769,0.19702643156051636
77,0.016717595979571342,-0.634628176689148,-0.3275368809700012,0.15150557458400726,-0.5076270699501038,-0.13571856915950775,0.26135018467903137,-0.7022885084152222,-0.16658581793308258,-0.1349167376756668,-0.5202593803405762,-0.18725495040416718,-0.2367265671491623,-0.7050220966339111,-0.259286493062973,0.32765281200408936,-0.8989413380622864,-0.23957939445972443,-0.2527201175689697,-0.9143474102020264,-0.3423450291156769,0.10655516386032104,0.0016743532614782453,0.009479295462369919,-0.10676518827676773,-0.0023626715410500765,-0.008245429024100304,0.09171299636363983,0.41715800762176514,0.054530952125787735,-0.0963350310921669,0.3872305750846863,0.03826127573847771,0.12990131974220276,0.7439440488815308,0.18447348475456238,-0.09471718966960907,0.728168249130249,0.18927781283855438
78,0.024789858609437943,-0.6388068199157715,-0.32185545563697815,0.15616196393966675,-0.5097928643226624,-0.12637484073638916,0.2642613649368286,-0.7073044180870056,-0.15173126757144928,-0.1312573403120041,-0.5206975340843201,-0.1871744990348816,-0.23297500610351562,-0.7054027915000916,-0.26865553855895996,0.33019667863845825,-0.9054288268089294,-0.21923843026161194,-0.24299053847789764,-0.9146149754524231,-0.35850968956947327,0.10653600841760635,0.0015908252680674195,0.01111480500549078,-0.1067490354180336,-0.0022789204958826303,-0.009896058589220047,0.09511592984199524,0.4165479242801666,0.06006661430001259,-0.09466014057397842,0.3864518702030182,0.038562361150979996,0.13234356045722961,0.7365366220474243,0.2092115581035614,-0.09182901680469513,0.7214385271072388,0.20164836943149567
79,0.020771831274032593,-0.6375676989555359,-0.3239969313144684,0.1522141993045807,-0.5092318058013916,-0.12870387732982635,0.2608524560928345,-0.7048452496528625,-0.1560097187757492,-0.13493457436561584,-0.5206292867660522,-0.18711821734905243,-0.23803992569446564,-0.7061368227005005,-0.2674825191497803,0.3281095623970032,-0.9019775986671448,-0.229016974568367,-0.2501906156539917,-0.9165108799934387,-0.354336678981781,0.10652314126491547,0.0015839625848457217,0.010852927342057228,-0.10673937201499939,-0.0022728643380105495,-0.009640621952712536,0.09352222830057144,0.41682910919189453,0.057135604321956635,-0.0947050228714943,0.387048602104187,0.038346074521541595,0.12847353518009186,0.7381919622421265,0.20083479583263397,-0.09304651618003845,0.7265586256980896,0.19782181084156036
80,0.027083883062005043,-0.6378656029701233,-0.3240472376346588,0.1560167521238327,-0.5093688368797302,-0.1286393254995346,0.26235711574554443,-0.707133412361145,-0.15610164403915405,-0.13057054579257965,-0.5206762552261353,-0.18936552107334137,-0.23332753777503967,-0.7071495056152344,-0.2756052613258362,0.328447163105011,-0.9046551585197449,-0.2274569272994995,-0.24681051075458527,-0.9176194667816162,-0.36368250846862793,0.10650865733623505,0.0015099530573934317,0.011402787640690804,-0.10672863572835922,-0.0022032042033970356,-0.010189566761255264,0.09417926520109177,0.4170295000076294,0.06256824731826782,-0.09459935128688812,0.3872639238834381,0.038499899208545685,0.1300859898328781,0.7357432842254639,0.2120678722858429,-0.09329469501972198,0.7266818881034851,0.19914697110652924
81,0.023900216445326805,-0.6377782821655273,-0.32421451807022095,0.1546090692281723,-0.509182333946228,-0.1316344141960144,0.2622803747653961,-0.706258237361908,-0.16153842210769653,-0.13269859552383423,-0.5214502215385437,-0.1853218674659729,-0.23659658432006836,-0.7134978771209717,-0.2599353492259979,0.3278083801269531,-0.9022604823112488,-0.23480439186096191,-0.2481934130191803,-0.9243632555007935,-0.3406520485877991,0.10647715628147125,0.0015436997637152672,0.009072243236005306,-0.1066979244351387,-0.0022379045840352774,-0.007886056788265705,0.09302487969398499,0.41697806119918823,0.059879109263420105,-0.09480592608451843,0.3876534700393677,0.04511456564068794,0.12922140955924988,0.7360162734985352,0.20880889892578125,-0.09435946494340897,0.727294385433197,0.20467250049114227
82,0.023583903908729553,-0.6411063075065613,-0.31641942262649536,0.15483210980892181,-0.5099474787712097,-0.1247255876660347,0.26233169436454773,-0.7064062356948853,-0.14912688732147217,-0.13248230516910553,-0.5228081941604614,-0.174625426530838,-0.23596207797527313,-0.7141381502151489,-0.24110351502895355,0.3294377326965332,-0.9051095843315125,-0.21503466367721558,-0.24712452292442322,-0.9264284372329712,-0.3176816999912262,0.10646911710500717,0.0015542353503406048,0.009016602300107479,-0.10668984800577164,-0.002248018980026245,-0.007831289432942867,0.10076653212308884,0.4165573716163635,0.05835554376244545,-0.09705805778503418,0.3865889012813568,0.04624588042497635,0.14177976548671722,0.7351049780845642,0.20815639197826385,-0.09526561945676804,0.7234007120132446,0.20922504365444183
83,0.019086528569459915,-0.6408489346504211,-0.3182186782360077,0.1514604687690735,-0.5104973912239075,-0.1249026358127594,0.26084232330322266,-0.7084657549858093,-0.14970539510250092,-0.13626642525196075,-0.5228087902069092,-0.1792946755886078,-0.2398657500743866,-0.7151880860328674,-0.24230755865573883,0.32485565543174744,-0.9070671796798706,-0.21637342870235443,-0.2587774395942688,-0.9294697046279907,-0.32156655192375183,0.10645720362663269,0.001523924176581204,0.0107429726049304,-0.1066795140504837,-0.002218439243733883,-0.009556262753903866,0.09987420588731766,0.4168483018875122,0.060181617736816406,-0.10083617269992828,0.3863794803619385,0.03822394832968712,0.13405944406986237,0.7351208329200745,0.20936910808086395,-0.10672227293252945,0.7230085730552673,0.20036092400550842
84,0.02153109386563301,-0.6407933831214905,-0.32103970646858215,0.15616793930530548,-0.5093408823013306,-0.1313547044992447,0.2631743252277374,-0.7035665512084961,-0.16324783861637115,-0.12971647083759308,-0.52280592918396,-0.18042650818824768,-0.23012091219425201,-0.7151716947555542,-0.25157079100608826,0.32687920331954956,-0.8960290551185608,-0.23518171906471252,-0.2487577348947525,-0.9286919236183167,-0.34339630603790283,0.1063685491681099,0.0016153594478964806,0.008412007242441177,-0.10658838599920273,-0.0023059663362801075,-0.007198811508715153,0.09746908396482468,0.41682931780815125,0.05069548264145851,-0.09876755625009537,0.3867694139480591,0.0443907268345356,0.13230739533901215,0.7349960207939148,0.19478416442871094,-0.10624181479215622,0.723055899143219,0.2057054489850998
85,0.021258380264043808,-0.642589807510376,-0.3163139820098877,0.1554795801639557,-0.5119962692260742,-0.12942606210708618,0.26235923171043396,-0.710144579410553,-0.1611064225435257,-0.13257996737957,-0.5243309736251831,-0.17513911426067352,-0.2329922914505005,-0.7209756374359131,-0.24403342604637146,0.32022684812545776,-0.9020832777023315,-0.23080334067344666,-0.24632185697555542,-0.9349695444107056,-0.3213013708591461,0.10636238008737564,0.001658181892707944,0.00741397263482213,-0.10658267885446548,-0.0023501217365264893,-0.0062300111167132854,0.09483752399682999,0.4165136516094208,0.053605303168296814,-0.09927154332399368,0.38598403334617615,0.05397054925560951,0.12864351272583008,0.7342959046363831,0.20450565218925476,-0.10599301010370255,0.7188202142715454,0.2209598571062088
86,0.020883845165371895,-0.640352189540863,-0.319931298494339,0.1554725170135498,-0.5100820064544678,-0.131439670920372,0.26234203577041626,-0.7023482322692871,-0.16174736618995667,-0.13213658332824707,-0.5208438634872437,-0.17764702439308167,-0.23245543241500854,-0.704857587814331,-0.24814699590206146,0.3218511939048767,-0.8971487879753113,-0.23178334534168243,-0.24642720818519592,-0.9193534851074219,-0.33903834223747253,0.10635506361722946,0.0015247249975800514,0.0076508051715791225,-0.10657491534948349,-0.0022118480410426855,-0.006444266531616449,0.0947846919298172,0.41660037636756897,0.05006428435444832,-0.10068102180957794,0.38746315240859985,0.04723582789301872,0.13177664577960968,0.7349726557731628,0.18898017704486847,-0.10433577001094818,0.7247251868247986,0.20326091349124908
87,0.014654671773314476,-0.6402559280395508,-0.32193723320961,0.15030443668365479,-0.5095707178115845,-0.1319146305322647,0.25908932089805603,-0.6954305171966553,-0.1632886379957199,-0.13765212893486023,-0.52091383934021,-0.17852815985679626,-0.239752858877182,-0.7054970860481262,-0.25547298789024353,0.32309651374816895,-0.8899221420288086,-0.2354080080986023,-0.25342607498168945,-0.9199007153511047,-0.34844356775283813,0.10637269169092178,0.0015749216545373201,0.007424037903547287,-0.10659123957157135,-0.002264592330902815,-0.0062124584801495075,0.08895585685968399,0.4165852963924408,0.04974626377224922,-0.10411237180233002,0.3873695433139801,0.04769347235560417,0.11825255304574966,0.7357479929924011,0.19000788033008575,-0.10844070464372635,0.7240306735038757,0.20665360987186432
88,0.0220497976988554,-0.6402930021286011,-0.3237428665161133,0.1561639904975891,-0.5092281103134155,-0.13611149787902832,0.2601083517074585,-0.6958099007606506,-0.17253661155700684,-0.13049371540546417,-0.5227625966072083,-0.179215669631958,-0.23193249106407166,-0.7080960273742676,-0.25647467374801636,0.3235641121864319,-0.8901816606521606,-0.2467271238565445,-0.2479044646024704,-0.920188844203949,-0.3503645956516266,0.10631923377513885,0.0016134536126628518,0.005509518552571535,-0.10653935372829437,-0.0023010249715298414,-0.00427592359483242,0.08999506384134293,0.4161222279071808,0.043402377516031265,-0.10144837945699692,0.38741856813430786,0.050081007182598114,0.12363170832395554,0.735605776309967,0.17549577355384827,-0.10414351522922516,0.7255778312683105,0.2058592140674591
89,0.019471878185868263,-0.6388024091720581,-0.328957736492157,0.15031565725803375,-0.5095393061637878,-0.13770325481891632,0.25852760672569275,-0.6999068260192871,-0.17253386974334717,-0.13690748810768127,-0.5223278403282166,-0.19100743532180786,-0.239022895693779,-0.7109290957450867,-0.2718360126018524,0.32369744777679443,-0.8952744603157043,-0.24669043719768524,-0.25099706649780273,-0.925735592842102,-0.35503941774368286,0.10630956292152405,0.0015263574896380305,0.00643613375723362,-0.10653011500835419,-0.002213051076978445,-0.005227274727076292,0.08997704088687897,0.41542506217956543,0.04999631270766258,-0.10196373611688614,0.38721075654029846,0.05004529654979706,0.1217270940542221,0.7344371676445007,0.20032484829425812,-0.10461816191673279,0.721160888671875,0.21321530640125275
90,0.01968829333782196,-0.641704797744751,-0.317551851272583,0.15108594298362732,-0.5115527510643005,-0.12652911245822906,0.2585187554359436,-0.701612651348114,-0.15471230447292328,-0.13575300574302673,-0.5252550840377808,-0.17796191573143005,-0.23719239234924316,-0.7112603187561035,-0.24797961115837097,0.32413479685783386,-0.8969125747680664,-0.22860947251319885,-0.24972088634967804,-0.9243884682655334,-0.3311067819595337,0.10627758502960205,0.0014761093771085143,0.0063514625653624535,-0.10649796575307846,-0.0021632662974298,-0.005136354360729456,0.09589481353759766,0.4141867756843567,0.049696117639541626,-0.1010652557015419,0.3871321678161621,0.050325021147727966,0.1262214481830597,0.7319545745849609,0.19464464485645294,-0.10309538245201111,0.7214169502258301,0.21084554493427277
91,0.017046241089701653,-0.6439370512962341,-0.3098665773868561,0.15033723413944244,-0.5141071081161499,-0.12162405252456665,0.25770214200019836,-0.7063719034194946,-0.14837419986724854,-0.13873839378356934,-0.5277121067047119,-0.16309060156345367,-0.24861623346805573,-0.7176411747932434,-0.21849817037582397,0.32157641649246216,-0.8990330100059509,-0.22019526362419128,-0.25580182671546936,-0.926146924495697,-0.28998592495918274,0.10625704377889633,0.0015560454921796918,0.005590447224676609,-0.10647416859865189,-0.002243136754259467,-0.004362919367849827,0.09211426228284836,0.4142758548259735,0.04629378393292427,-0.10363295674324036,0.38688424229621887,0.05058545246720314,0.12292734533548355,0.7338021397590637,0.1900661140680313,-0.10389278829097748,0.7211098074913025,0.2106821984052658
92,0.020831890404224396,-0.6425207257270813,-0.31792399287223816,0.15399567782878876,-0.5125446915626526,-0.12494628131389618,0.25947096943855286,-0.7035960555076599,-0.1527867615222931,-0.13276664912700653,-0.5261937975883484,-0.1780843287706375,-0.2337438315153122,-0.7124918103218079,-0.24942421913146973,0.3226673901081085,-0.8974443674087524,-0.22469216585159302,-0.24700827896595,-0.9218960404396057,-0.33459383249282837,0.10624933987855911,0.0015601299237459898,0.006370111368596554,-0.10646720975637436,-0.002248043194413185,-0.005114189349114895,0.09503339976072311,0.41432616114616394,0.04800022020936012,-0.10336674749851227,0.3868701457977295,0.047660067677497864,0.12701760232448578,0.7331698536872864,0.1865224391222,-0.10962557047605515,0.7232398986816406,0.20097796618938446
93,0.020265405997633934,-0.6417391896247864,-0.3194724917411804,0.15280619263648987,-0.512046217918396,-0.1266443431377411,0.258708655834198,-0.7032214403152466,-0.1579427719116211,-0.13500800728797913,-0.5236276388168335,-0.18066366016864777,-0.23787817358970642,-0.7108811140060425,-0.26010662317276,0.3189292550086975,-0.8961142301559448,-0.22905173897743225,-0.2477831095457077,-0.921489417552948,-0.346066951751709,0.10628263652324677,0.001546415383927524,0.007137796375900507,-0.10649994760751724,-0.002234639832749963,-0.005885845050215721,0.09339099377393723,0.41465702652931213,0.05026717483997345,-0.1052509993314743,0.38677382469177246,0.04535805806517601,0.12664775550365448,0.7337766885757446,0.1954587697982788,-0.11057496070861816,0.7224997878074646,0.2014002650976181
94,0.022374514490365982,-0.6405078172683716,-0.3241748511791229,0.1555449664592743,-0.5106372833251953,-0.1288168579339981,0.26436734199523926,-0.7015957236289978,-0.1591518521308899,-0.13149936497211456,-0.5228539705276489,-0.1876710206270218,-0.23003354668617249,-0.7086674571037292,-0.26858651638031006,0.32334282994270325,-0.8944605588912964,-0.23045222461223602,-0.24253933131694794,-0.9168498516082764,-0.35871726274490356,0.10628936439752579,0.0014907318400219083,0.008464239537715912,-0.10650917142629623,-0.0021786096040159464,-0.0071890633553266525,0.0958949476480484,0.41452500224113464,0.05036034807562828,-0.10156600922346115,0.3861946165561676,0.03935125470161438,0.13745447993278503,0.7335802912712097,0.19286613166332245,-0.09990565478801727,0.7219493985176086,0.1942606419324875
95,0.019519148394465446,-0.6403959393501282,-0.3242824673652649,0.15233123302459717,-0.5106154680252075,-0.13042683899402618,0.26017096638679504,-0.7013635039329529,-0.16287949681282043,-0.13563890755176544,-0.5226552486419678,-0.1862068474292755,-0.2373294234275818,-0.7085453271865845,-0.2675785422325134,0.32012444734573364,-0.8940697312355042,-0.23481936752796173,-0.249724879860878,-0.9176600575447083,-0.35759294033050537,0.10630015283823013,0.0015097084688022733,0.00798875279724598,-0.10651767998933792,-0.002198777161538601,-0.006724522449076176,0.08881641179323196,0.4152238368988037,0.05061490088701248,-0.10163462162017822,0.38630595803260803,0.04179840907454491,0.12401537597179413,0.7357330918312073,0.19274108111858368,-0.10066311806440353,0.7226714491844177,0.197201669216156
96,0.0224462803453207,-0.6403654217720032,-0.32428714632987976,0.156179279088974,-0.509352445602417,-0.1312277466058731,0.26100122928619385,-0.6983113288879395,-0.16322018206119537,-0.12974876165390015,-0.522639274597168,-0.18527957797050476,-0.22586193680763245,-0.7074499726295471,-0.26586174964904785,0.32561904191970825,-0.8940522074699402,-0.234721377491951,-0.23664461076259613,-0.9167565703392029,-0.3565816581249237,0.10629090666770935,0.001453444012440741,0.007829105481505394,-0.10651130229234695,-0.002144201658666134,-0.006573151331394911,0.090607650578022,0.4151569604873657,0.050431981682777405,-0.09365984052419662,0.387253075838089,0.04188814386725426,0.12823989987373352,0.7337904572486877,0.19227685034275055,-0.09590975195169449,0.726742148399353,0.19752393662929535
97,0.020445026457309723,-0.6403726935386658,-0.3242512047290802,0.15450811386108398,-0.5092445015907288,-0.13288354873657227,0.25831133127212524,-0.7000225186347961,-0.16828817129135132,-0.13130204379558563,-0.5204430818557739,-0.1851448118686676,-0.23267807066440582,-0.7066934704780579,-0.27214542031288147,0.32278716564178467,-0.8970504999160767,-0.2374163717031479,-0.24458888173103333,-0.9166421890258789,-0.3670371174812317,0.10634570568799973,0.001498055993579328,0.007916056551039219,-0.10656531900167465,-0.0021860147826373577,-0.006664613261818886,0.08955788612365723,0.4154883623123169,0.05004284158349037,-0.09552646428346634,0.38669171929359436,0.041965242475271225,0.12488753348588943,0.7350199818611145,0.19835208356380463,-0.09556765109300613,0.7225692272186279,0.205217182636261
98,0.0219009630382061,-0.6421551704406738,-0.3196805417537689,0.15500888228416443,-0.5102822184562683,-0.12568500638008118,0.2609880268573761,-0.7002846002578735,-0.15271742641925812,-0.13070887327194214,-0.520681619644165,-0.18323306739330292,-0.23153939843177795,-0.7059938311576843,-0.2653847336769104,0.329455703496933,-0.8976681232452393,-0.22046677768230438,-0.24383214116096497,-0.916266679763794,-0.3533567190170288,0.10635850578546524,0.0014320396585389972,0.009394840337336063,-0.10657792538404465,-0.0021180850453674793,-0.008165683597326279,0.09822218865156174,0.41494035720825195,0.05804069712758064,-0.09568827599287033,0.3860185146331787,0.04202934727072716,0.1372104436159134,0.7329040169715881,0.20606620609760284,-0.09681881219148636,0.7187179327011108,0.20756515860557556
99,0.018474221229553223,-0.6393613815307617,-0.32088953256607056,0.15295206010341644,-0.5091136693954468,-0.12847132980823517,0.25826296210289,-0.6992559432983398,-0.1547197848558426,-0.13214868307113647,-0.5181434154510498,-0.18270952999591827,-0.2362632006406784,-0.700247049331665,-0.2641229033470154,0.3284403383731842,-0.8978570103645325,-0.22128497064113617,-0.24837985634803772,-0.9149308800697327,-0.353288471698761,0.10634671896696091,0.0014197500422596931,0.009512040764093399,-0.10656694322824478,-0.002106467494741082,-0.008288715034723282,0.09529166668653488,0.41587719321250916,0.05746202543377876,-0.09964589029550552,0.3871769905090332,0.03956165164709091,0.13222827017307281,0.7357115745544434,0.20171865820884705,-0.10553154349327087,0.7265163660049438,0.19855855405330658
100,0.019713714718818665,-0.6427973508834839,-0.3089870512485504,0.1551704704761505,-0.5098864436149597,-0.11689890176057816,0.2620439827442169,-0.7027156352996826,-0.13764438033103943,-0.13067631423473358,-0.5206759572029114,-0.16853244602680206,-0.2306494116783142,-0.7047617435455322,-0.2384534329175949,0.32942458987236023,-0.9050487279891968,-0.19755734503269196,-0.24339883029460907,-0.920883297920227,-0.31667399406433105,0.10635968297719955,0.0014765484957024455,0.009465927258133888,-0.106582410633564,-0.002164058154448867,-0.008253645151853561,0.10372254997491837,0.41522789001464844,0.057207293808460236,-0.09676580876111984,0.38670647144317627,0.04227364808320999,0.14289268851280212,0.7356446385383606,0.19893001019954681,-0.10250335186719894,0.7263919115066528,0.20042812824249268
101,0.01352725364267826,-0.6404731273651123,-0.3219544589519501,0.15211574733257294,-0.508638858795166,-0.13718648254871368,0.2588191330432892,-0.7026843428611755,-0.1720123142004013,-0.13376867771148682,-0.5181371569633484,-0.17375153303146362,-0.24092675745487213,-0.7031721472740173,-0.24252556264400482,0.3220934271812439,-0.9051125049591064,-0.23830804228782654,-0.25346577167510986,-0.9180307984352112,-0.3244980573654175,0.10636938363313675,0.0014754132134839892,0.008962873369455338,-0.10659494251012802,-0.002163076773285866,-0.007751131895929575,0.09733378887176514,0.41542574763298035,0.055287785828113556,-0.10040456801652908,0.3873001039028168,0.041979506611824036,0.1278546303510666,0.7376592755317688,0.1987680196762085,-0.107808917760849,0.7275019288063049,0.20057621598243713
102,0.013547182083129883,-0.6435666084289551,-0.31592926383018494,0.1522812694311142,-0.5104520916938782,-0.13166384398937225,0.25882115960121155,-0.7078495621681213,-0.16443876922130585,-0.13372068107128143,-0.5188254714012146,-0.17109982669353485,-0.24016410112380981,-0.7060732245445251,-0.24048945307731628,0.32221293449401855,-0.9109581112861633,-0.22833755612373352,-0.25390878319740295,-0.9220358729362488,-0.32158148288726807,0.10638046264648438,0.001465841312892735,0.00894580315798521,-0.10660970211029053,-0.0021530669182538986,-0.007739197462797165,0.09863392263650894,0.4153020679950714,0.05692623555660248,-0.10017389804124832,0.3873520791530609,0.042200736701488495,0.1316661685705185,0.7369517087936401,0.19926238059997559,-0.10815403610467911,0.7278193831443787,0.20071984827518463
103,0.015597309917211533,-0.6432795524597168,-0.3161156177520752,0.1526767611503601,-0.5104680061340332,-0.13154901564121246,0.258791983127594,-0.7089686989784241,-0.1639946699142456,-0.13255757093429565,-0.5187369585037231,-0.17480435967445374,-0.23793718218803406,-0.7064543962478638,-0.2551087737083435,0.322200745344162,-0.9124537706375122,-0.22809569537639618,-0.2537526488304138,-0.9233142137527466,-0.3403607904911041,0.1063847616314888,0.0014558474067598581,0.010369441471993923,-0.10661535710096359,-0.0021437606774270535,-0.009168245829641819,0.09843047708272934,0.41540858149528503,0.057681187987327576,-0.10010647028684616,0.38749250769615173,0.03688724339008331,0.1313764452934265,0.7363481521606445,0.2029045671224594,-0.10658134520053864,0.7282171249389648,0.19691252708435059
104,0.0210442952811718,-0.63878333568573,-0.3199714124202728,0.15471068024635315,-0.5096417665481567,-0.1367766261100769,0.26148808002471924,-0.7088812589645386,-0.1716175377368927,-0.1296728551387787,-0.5185123085975647,-0.1802760660648346,-0.23227721452713013,-0.704716682434082,-0.26365694403648376,0.31908804178237915,-0.9102169871330261,-0.2384914606809616,-0.24779368937015533,-0.916917622089386,-0.3528371751308441,0.10628943145275116,0.0013613023329526186,0.010205882601439953,-0.10652244836091995,-0.00204217666760087,-0.009004960767924786,0.10012146830558777,0.4148954153060913,0.05226689204573631,-0.09098797291517258,0.3893827795982361,0.036825645714998245,0.13372337818145752,0.7359693050384521,0.19424259662628174,-0.09110095351934433,0.7322894334793091,0.19481049478054047
105,0.02182183228433132,-0.6349916458129883,-0.3319776654243469,0.154789000749588,-0.5069857239723206,-0.14604860544204712,0.26286283135414124,-0.7070639133453369,-0.18674278259277344,-0.12966719269752502,-0.5175482034683228,-0.1890724003314972,-0.23415693640708923,-0.7038585543632507,-0.27735260128974915,0.31961819529533386,-0.9040871262550354,-0.2562900185585022,-0.25150322914123535,-0.9152268171310425,-0.3692067563533783,0.10638757795095444,0.0013540445361286402,0.010062332265079021,-0.10662570595741272,-0.0020352147985249758,-0.00884693581610918,0.10046759247779846,0.4146120548248291,0.047701768577098846,-0.09098721295595169,0.3894083797931671,0.033584363758563995,0.13380008935928345,0.7351850867271423,0.19384102523326874,-0.09139523655176163,0.73246830701828,0.19115598499774933
106,0.027394423261284828,-0.627957820892334,-0.33841627836227417,0.15713968873023987,-0.5040073990821838,-0.1475338637828827,0.26911717653274536,-0.7064958214759827,-0.18452870845794678,-0.12784162163734436,-0.5173943638801575,-0.20045915246009827,-0.22788943350315094,-0.707524836063385,-0.2804180383682251,0.32482510805130005,-0.9045869708061218,-0.2534853518009186,-0.24884428083896637,-0.9252344369888306,-0.3668031096458435,0.10643825680017471,0.001302810269407928,0.012151673436164856,-0.10667893290519714,-0.0019878128077834845,-0.010925850830972195,0.10614164918661118,0.4146103262901306,0.047805845737457275,-0.09044612944126129,0.3878631889820099,0.02565489523112774,0.14325347542762756,0.7342754602432251,0.19605061411857605,-0.08879416435956955,0.7275441884994507,0.18688419461250305
107,0.027237214148044586,-0.6266531944274902,-0.35495808720588684,0.15724582970142365,-0.501056969165802,-0.16671282052993774,0.26892244815826416,-0.701877236366272,-0.21446120738983154,-0.1275825798511505,-0.5149567723274231,-0.21383170783519745,-0.2243688702583313,-0.7021251320838928,-0.3076583743095398,0.3284212052822113,-0.9046032428741455,-0.2849780321121216,-0.24463452398777008,-0.9217731952667236,-0.4103245139122009,0.10664931684732437,0.0007870224653743207,0.013025594875216484,-0.10689786076545715,-0.0014806234976276755,-0.011792491190135479,0.10771029442548752,0.4103599786758423,0.05579714477062225,-0.08773846179246902,0.38712430000305176,0.021820098161697388,0.14296139776706696,0.7275980710983276,0.21965892612934113,-0.0836620032787323,0.7224594354629517,0.1890091747045517
108,0.02726617269217968,-0.6270254850387573,-0.3530214726924896,0.15717242658138275,-0.501960277557373,-0.16576673090457916,0.26795920729637146,-0.7022306323051453,-0.21209189295768738,-0.1271183043718338,-0.5147485136985779,-0.21130599081516266,-0.22417010366916656,-0.7010899782180786,-0.3063635528087616,0.327504426240921,-0.9073274731636047,-0.2827695608139038,-0.24455949664115906,-0.9218999147415161,-0.3933042883872986,0.10665082186460495,0.0007427160162478685,0.0135280666872859,-0.1069001778960228,-0.0014345726231113076,-0.012300059199333191,0.10905028134584427,0.4066893458366394,0.05750693008303642,-0.08784189820289612,0.38336262106895447,0.020344587042927742,0.1349385678768158,0.7209053039550781,0.2268473505973816,-0.08600619435310364,0.7104125618934631,0.1929318755865097
109,0.030090512707829475,-0.6260032653808594,-0.3602137863636017,0.15985138714313507,-0.501865804195404,-0.1719653606414795,0.2701781690120697,-0.7085608243942261,-0.21545927226543427,-0.1205894872546196,-0.5144644975662231,-0.22599852085113525,-0.21324697136878967,-0.7012211084365845,-0.32276734709739685,0.3321666717529297,-0.9181270599365234,-0.28214606642723083,-0.24007666110992432,-0.9211819767951965,-0.4159267544746399,0.10671897977590561,0.0006713683251291513,0.014234420843422413,-0.1069859117269516,-0.0013599860249087214,-0.012999513186514378,0.1179819107055664,0.4055579900741577,0.06824226677417755,-0.09721443057060242,0.37917032837867737,0.009290830232203007,0.14162606000900269,0.7095813751220703,0.2517252266407013,-0.09530706703662872,0.7083192467689514,0.1852525770664215
110,0.023966705426573753,-0.6230681538581848,-0.36190590262413025,0.15820175409317017,-0.4995628595352173,-0.18274462223052979,0.2705903649330139,-0.7114303708076477,-0.2316974699497223,-0.1215425655245781,-0.5144522190093994,-0.22384801506996155,-0.21409742534160614,-0.703993558883667,-0.31615638732910156,0.3319898247718811,-0.9238592386245728,-0.29692593216896057,-0.2428140789270401,-0.9251223802566528,-0.4087599813938141,0.10672076046466827,0.0006474056863225996,0.012950869277119637,-0.10699202120304108,-0.0013349615037441254,-0.01173698902130127,0.12100088596343994,0.3963847756385803,0.021654343232512474,-0.09788286685943604,0.37678492069244385,-0.0004449551925063133,0.13745346665382385,0.6985857486724854,0.21205857396125793,-0.09229202568531036,0.7062901854515076,0.17772705852985382
111,0.02415946125984192,-0.6191979646682739,-0.3677915334701538,0.16010341048240662,-0.4965292811393738,-0.19298429787158966,0.27541857957839966,-0.7114583849906921,-0.2449834644794464,-0.11819078773260117,-0.5142884850502014,-0.22466115653514862,-0.2125963717699051,-0.7061973214149475,-0.3029305636882782,0.3422389626502991,-0.9253239631652832,-0.30946582555770874,-0.24327276647090912,-0.928799033164978,-0.3694087564945221,0.10671280324459076,0.0006320375832729042,0.011490325443446636,-0.10698840767145157,-0.0013152131577953696,-0.010293403640389442,0.12842600047588348,0.38796427845954895,0.0022255985531955957,-0.09948398172855377,0.37211814522743225,0.00040926324436441064,0.139692485332489,0.6933673620223999,0.19124509394168854,-0.09343808144330978,0.6958092451095581,0.17837169766426086
112,0.02129918336868286,-0.6194054484367371,-0.36625388264656067,0.15900088846683502,-0.4971429705619812,-0.19224627315998077,0.27529144287109375,-0.7208636403083801,-0.24474301934242249,-0.1185898706316948,-0.5142181515693665,-0.2243456393480301,-0.2128676325082779,-0.705622673034668,-0.30015164613723755,0.33878669142723083,-0.9360564947128296,-0.306631863117218,-0.24210263788700104,-0.9271179437637329,-0.3698270320892334,0.10647265613079071,0.0006273025646805763,0.010204747319221497,-0.10673965513706207,-0.001305097946897149,-0.008982065133750439,0.12758411467075348,0.38703998923301697,0.0070440820418298244,-0.0978558138012886,0.37136420607566833,0.005079744383692741,0.13753123581409454,0.6919391751289368,0.1889331042766571,-0.09403058141469955,0.6949370503425598,0.1821129024028778
113,0.02289046347141266,-0.6065028309822083,-0.3863886296749115,0.16397976875305176,-0.48857492208480835,-0.21071352064609528,0.2833542227745056,-0.7161269187927246,-0.26695796847343445,-0.11463075131177902,-0.5079724192619324,-0.24065294861793518,-0.20849116146564484,-0.6997288465499878,-0.31135785579681396,0.343691885471344,-0.9374508261680603,-0.3220410645008087,-0.24195130169391632,-0.9260446429252625,-0.3770783245563507,0.10667000710964203,0.000848488649353385,0.01040094718337059,-0.10697425901889801,-0.0015109811211004853,-0.009189460426568985,0.12721247971057892,0.38571789860725403,-0.007913139648735523,-0.09669330716133118,0.36449113488197327,-0.029705151915550232,0.13629579544067383,0.6929938793182373,0.1747441440820694,-0.08951357752084732,0.6895130276679993,0.1489669382572174
114,0.015806859359145164,-0.6098309755325317,-0.36821022629737854,0.15655308961868286,-0.49432340264320374,-0.19495509564876556,0.2780936062335968,-0.7219823598861694,-0.24730879068374634,-0.1224859282374382,-0.5089415311813354,-0.22659200429916382,-0.21961361169815063,-0.7027802467346191,-0.29836928844451904,0.332025945186615,-0.938105046749115,-0.3048701882362366,-0.24658720195293427,-0.9284531474113464,-0.3653055727481842,0.10654299706220627,0.0007822277257218957,0.010638987645506859,-0.10683691501617432,-0.0014299044851213694,-0.00941790547221899,0.12696127593517303,0.38269466161727905,-0.01695912331342697,-0.10424140095710754,0.3630756437778473,-0.029019270092248917,0.1360914409160614,0.6910634636878967,0.14548587799072266,-0.10323281586170197,0.6902298331260681,0.1346227526664734
115,0.017614291980862617,-0.6014045476913452,-0.3840171992778778,0.1593092530965805,-0.487142413854599,-0.20621801912784576,0.27795127034187317,-0.7038822770118713,-0.26583021879196167,-0.11974626779556274,-0.5029155015945435,-0.23628857731819153,-0.21830256283283234,-0.6888145804405212,-0.3116855323314667,0.33465611934661865,-0.9297865629196167,-0.3263716995716095,-0.25030186772346497,-0.923090934753418,-0.3849911689758301,0.10694697499275208,0.0008102708379738033,0.010600927285850048,-0.10728799551725388,-0.0014521274715662003,-0.009383723139762878,0.12787359952926636,0.38299986720085144,-0.01595413312315941,-0.10644163936376572,0.35789740085601807,-0.047490838915109634,0.14082573354244232,0.689670205116272,0.15009276568889618,-0.10268381237983704,0.6816051602363586,0.13554911315441132
116,0.01277927402406931,-0.602569043636322,-0.37784168124198914,0.15444666147232056,-0.48802030086517334,-0.2025589495897293,0.2758949100971222,-0.717323899269104,-0.25825610756874084,-0.12216441333293915,-0.5031684637069702,-0.22911517322063446,-0.22840766608715057,-0.6890486478805542,-0.29032641649246216,0.3362608253955841,-0.9544845819473267,-0.31319835782051086,-0.2640390396118164,-0.9213296175003052,-0.3620973527431488,0.10693671554327011,0.0009299701196141541,0.010550701059401035,-0.10727588087320328,-0.0015479836147278547,-0.009334626607596874,0.13387389481067657,0.37471088767051697,-0.04785792902112007,-0.11388556659221649,0.34356722235679626,-0.06766831129789352,0.14032258093357086,0.6803929209709167,0.1349441111087799,-0.10244233161211014,0.6654905676841736,0.12091835588216782
117,0.018559210002422333,-0.6031909584999084,-0.37699273228645325,0.16197971999645233,-0.48812198638916016,-0.2020483911037445,0.27922388911247253,-0.7169860601425171,-0.2573225498199463,-0.1151227280497551,-0.5035820007324219,-0.22844843566417694,-0.22387725114822388,-0.695899248123169,-0.2829716205596924,0.34734612703323364,-0.9520605802536011,-0.3103421926498413,-0.2657289206981659,-0.9231412410736084,-0.34536826610565186,0.10713644325733185,0.0010537501657381654,0.010558567941188812,-0.10748308897018433,-0.001647636410780251,-0.009341507218778133,0.13708330690860748,0.3533737361431122,-0.11674195528030396,-0.11686307191848755,0.3209743797779083,-0.12032832205295563,0.14187388122081757,0.6603507399559021,0.05972849950194359,-0.10222019255161285,0.6442020535469055,0.050843484699726105
118,0.008424105122685432,-0.6065820455551147,-0.3662470877170563,0.1533045917749405,-0.4905807375907898,-0.19583666324615479,0.2729618549346924,-0.7249652743339539,-0.2498643696308136,-0.12119025737047195,-0.5035478472709656,-0.22182199358940125,-0.2368277758359909,-0.694068431854248,-0.27335843443870544,0.34126973152160645,-0.960299551486969,-0.29747095704078674,-0.2845046818256378,-0.9193342328071594,-0.3356141746044159,0.10713867843151093,0.0015078347641974688,0.010535470210015774,-0.10748451948165894,-0.0020649265497922897,-0.009316151961684227,0.1372978538274765,0.35469189286231995,-0.08860268443822861,-0.13524560630321503,0.31547755002975464,-0.10619502514600754,0.1362728625535965,0.6489839553833008,0.10457780212163925,-0.10949213802814484,0.6299082636833191,0.07242776453495026
119,0.010644152760505676,-0.598788857460022,-0.3965241611003876,0.15349392592906952,-0.48453134298324585,-0.21673181653022766,0.27286723256111145,-0.7136197686195374,-0.2743256390094757,-0.12033981829881668,-0.49701106548309326,-0.25149598717689514,-0.23587633669376373,-0.6839668154716492,-0.3127806484699249,0.34755250811576843,-0.9508914351463318,-0.33329254388809204,-0.2821875810623169,-0.9075350165367126,-0.3777349293231964,0.10725585371255875,0.0015413699438795447,0.01060861349105835,-0.10760603845119476,-0.0020899588707834482,-0.009382186457514763,0.14111749827861786,0.3455902636051178,-0.1056855320930481,-0.1324358582496643,0.30973154306411743,-0.11024995893239975,0.14262273907661438,0.6458514332771301,0.09462462365627289,-0.11256375163793564,0.6178867816925049,0.08250844478607178
120,0.0013297576224431396,-0.602232038974762,-0.3630571663379669,0.14586079120635986,-0.48787182569503784,-0.185489222407341,0.2621665596961975,-0.7221962213516235,-0.23319634795188904,-0.1324847787618637,-0.49737629294395447,-0.2195785641670227,-0.2459440976381302,-0.6974283456802368,-0.2654114067554474,0.33946505188941956,-0.9560240507125854,-0.2897368371486664,-0.30935224890708923,-0.9298001527786255,-0.3085533678531647,0.10748141258955002,0.0016232809284701943,0.010566186159849167,-0.10780588537454605,-0.0021474147215485573,-0.009324220009148121,0.13248902559280396,0.31239837408065796,-0.2249271720647812,-0.1474963277578354,0.26348167657852173,-0.19651833176612854,0.13160058856010437,0.6130089163780212,-0.06045709177851677,-0.12277427315711975,0.5939488410949707,-0.049378763884305954
121,0.0023079703096300364,-0.6020819544792175,-0.36379316449165344,0.14432162046432495,-0.4853798747062683,-0.18577788770198822,0.25607311725616455,-0.7208817601203918,-0.23569734394550323,-0.13247966766357422,-0.4971984624862671,-0.22371628880500793,-0.2454482913017273,-0.6976006031036377,-0.27521443367004395,0.3376321792602539,-0.9552673697471619,-0.29302096366882324,-0.3117230534553528,-0.9305306673049927,-0.3188948929309845,0.10774482786655426,0.0019429669482633471,0.010009950026869774,-0.108058400452137,-0.002434350550174713,-0.008721758611500263,0.12726272642612457,0.30452409386634827,-0.25530773401260376,-0.15183871984481812,0.25108230113983154,-0.21382097899913788,0.1315237283706665,0.6008415818214417,-0.08814723789691925,-0.1254734843969345,0.5880491137504578,-0.06781646609306335
122,0.005954056978225708,-0.6075000762939453,-0.3514782190322876,0.1445956528186798,-0.48663392663002014,-0.1723313182592392,0.25685927271842957,-0.723190426826477,-0.2157701998949051,-0.13272029161453247,-0.49927452206611633,-0.2208123803138733,-0.24393336474895477,-0.7055447697639465,-0.2766243815422058,0.33868610858917236,-0.9578425884246826,-0.276264488697052,-0.3119877278804779,-0.9381622672080994,-0.3232664167881012,0.10791636258363724,0.0020497103687375784,0.010233478620648384,-0.10821933299303055,-0.002518855268135667,-0.008946350775659084,0.13440045714378357,0.28632697463035583,-0.26321035623550415,-0.152202308177948,0.2489723563194275,-0.20110951364040375,0.13867954909801483,0.5877869725227356,-0.10001838207244873,-0.12667447328567505,0.5690888166427612,-0.04632022976875305
123,0.007308959029614925,-0.6076021790504456,-0.3525394797325134,0.14546389877796173,-0.4869917035102844,-0.17397549748420715,0.2583654224872589,-0.7234368324279785,-0.21981662511825562,-0.13169139623641968,-0.4999831020832062,-0.22393670678138733,-0.24304156005382538,-0.7042612433433533,-0.2891676723957062,0.34273189306259155,-0.9583207368850708,-0.2791783809661865,-0.31341880559921265,-0.9349193572998047,-0.3442440629005432,0.10772357136011124,0.0022106184624135494,0.009779112413525581,-0.1080218032002449,-0.0026606437750160694,-0.00850316509604454,0.13699056208133698,0.2869057357311249,-0.23609234392642975,-0.15076175332069397,0.2553151547908783,-0.1587609052658081,0.14551901817321777,0.5908500552177429,-0.07323083281517029,-0.12601682543754578,0.577136218547821,0.0016424204222857952
124,0.015791524201631546,-0.611006498336792,-0.3366590142250061,0.14566518366336823,-0.487427681684494,-0.15522772073745728,0.25874486565589905,-0.7253689169883728,-0.1910768300294876,-0.13165795803070068,-0.49984684586524963,-0.2165277898311615,-0.24282366037368774,-0.7039373517036438,-0.2834983468055725,0.3458138704299927,-0.9689129590988159,-0.2440190315246582,-0.3123146891593933,-0.939674973487854,-0.3251020312309265,0.1081429198384285,0.002476875204592943,0.011986784636974335,-0.10841170698404312,-0.002907335525378585,-0.010696717537939548,0.1367243528366089,0.2754291892051697,-0.2733221650123596,-0.15018416941165924,0.2239159196615219,-0.2348949909210205,0.1442468762397766,0.5632025003433228,-0.08436494320631027,-0.12165884673595428,0.5431669354438782,-0.059006646275520325
125,0.025470849126577377,-0.6110458970069885,-0.3182756006717682,0.14589433372020721,-0.4877189099788666,-0.14048069715499878,0.25893446803092957,-0.7277145385742188,-0.17825081944465637,-0.13293758034706116,-0.49503472447395325,-0.20880009233951569,-0.24382543563842773,-0.7003306746482849,-0.2766149938106537,0.3466733694076538,-0.9754366278648376,-0.22412382066249847,-0.3123665452003479,-0.9431254863739014,-0.3091863691806793,0.10947974771261215,0.0032740046735852957,0.016607485711574554,-0.10969903320074081,-0.003651378210633993,-0.015402249991893768,0.13423630595207214,0.24145804345607758,-0.3262416124343872,-0.14955882728099823,0.1748352348804474,-0.311935693025589,0.11543044447898865,0.5285550355911255,-0.15755413472652435,-0.1150704175233841,0.49810901284217834,-0.1629016101360321
126,0.024892255663871765,-0.6111630201339722,-0.31018897891044617,0.1506609469652176,-0.48879867792129517,-0.13790659606456757,0.2603849172592163,-0.7272364497184753,-0.1841699331998825,-0.13287056982517242,-0.49548766016960144,-0.19104331731796265,-0.24359285831451416,-0.7000090479850769,-0.2599051892757416,0.34675315022468567,-0.9744100570678711,-0.23398703336715698,-0.3117235004901886,-0.9426745772361755,-0.30037474632263184,0.11072808504104614,0.0033182373736053705,0.01661747321486473,-0.11090420931577682,-0.003687376156449318,-0.015400458127260208,0.13070179522037506,0.22607891261577606,-0.3461422920227051,-0.15203797817230225,0.1746494472026825,-0.3159894645214081,0.11748526990413666,0.5107049345970154,-0.1676507443189621,-0.11204129457473755,0.4964935779571533,-0.16541290283203125
127,0.021558912470936775,-0.6115212440490723,-0.30747127532958984,0.14594507217407227,-0.49226614832878113,-0.13428683578968048,0.2570180892944336,-0.731898844242096,-0.17936235666275024,-0.13888037204742432,-0.4955143928527832,-0.19204740226268768,-0.24856999516487122,-0.6995147466659546,-0.260640412569046,0.34459781646728516,-0.9752057790756226,-0.23066206276416779,-0.31441694498062134,-0.9412010312080383,-0.3016324043273926,0.11107700318098068,0.0033628721721470356,0.017114723101258278,-0.1112494021654129,-0.0037239587400108576,-0.01586996205151081,0.1280238926410675,0.23165138065814972,-0.3299700617790222,-0.15279237926006317,0.17104440927505493,-0.3149546980857849,0.11894683539867401,0.5103588700294495,-0.158890500664711,-0.1120656207203865,0.49846863746643066,-0.16962799429893494
128,0.03128836676478386,-0.6032580137252808,-0.3172715902328491,0.15590991079807281,-0.48920387029647827,-0.13895182311534882,0.2604874074459076,-0.7271356582641602,-0.19300353527069092,-0.13139602541923523,-0.4936598539352417,-0.20631688833236694,-0.242977574467659,-0.6978620886802673,-0.28707632422447205,0.3480948507785797,-0.9675981998443604,-0.2473740130662918,-0.30588144063949585,-0.9378278255462646,-0.3275259733200073,0.11157122999429703,0.0032754235435277224,0.018005767837166786,-0.11173732578754425,-0.0036180096212774515,-0.016731463372707367,0.13246014714241028,0.21431076526641846,-0.33993470668792725,-0.15077805519104004,0.1721086949110031,-0.32101204991340637,0.13238802552223206,0.5011446475982666,-0.16925941407680511,-0.1041465550661087,0.4990861415863037,-0.17270125448703766
129,0.03368549421429634,-0.6033236980438232,-0.31674084067344666,0.15154513716697693,-0.48925265669822693,-0.14043666422367096,0.2579350471496582,-0.7273814678192139,-0.19333378970623016,-0.1315833032131195,-0.4893580377101898,-0.21083395183086395,-0.2421465367078781,-0.6933317184448242,-0.29749876260757446,0.34434089064598083,-0.964076042175293,-0.247529536485672,-0.30443185567855835,-0.9302107691764832,-0.3366129994392395,0.11161453276872635,0.003299112431704998,0.019599273800849915,-0.11177467554807663,-0.003636150388047099,-0.018278565257787704,0.13375158607959747,0.19119137525558472,-0.34659191966056824,-0.14989612996578217,0.1531822234392166,-0.3368687629699707,0.12933281064033508,0.47844213247299194,-0.1700136959552765,-0.10019325464963913,0.48075810074806213,-0.1865670382976532
130,0.04659443348646164,-0.6034978628158569,-0.350647896528244,0.15144510567188263,-0.4893939197063446,-0.16147154569625854,0.2598678469657898,-0.721490204334259,-0.20530174672603607,-0.12516574561595917,-0.4893253445625305,-0.2657262980937958,-0.23927783966064453,-0.6783530116081238,-0.3788730502128601,0.35407426953315735,-0.9475363492965698,-0.26747506856918335,-0.30238473415374756,-0.8972494602203369,-0.45319393277168274,0.1101868599653244,0.001756885088980198,0.021673988550901413,-0.11043943464756012,-0.0020509744063019753,-0.020321443676948547,0.16208495199680328,0.24127021431922913,-0.19599252939224243,-0.1433781236410141,0.2558770775794983,-0.16143785417079926,0.17288388311862946,0.5223048329353333,-0.015801897272467613,-0.10227683186531067,0.5491588711738586,0.0240247193723917
131,0.045466065406799316,-0.5903175473213196,-0.357886403799057,0.15179696679115295,-0.4803050458431244,-0.1776573657989502,0.2622676491737366,-0.7034129500389099,-0.24097013473510742,-0.1253565102815628,-0.4834156930446625,-0.25411978363990784,-0.23924949765205383,-0.6721259355545044,-0.3564823865890503,0.3549143970012665,-0.9371166229248047,-0.3026772737503052,-0.3001491129398346,-0.9004960656166077,-0.430396169424057,0.11092640459537506,0.001876317779533565,0.02166418917477131,-0.11111912131309509,-0.002168318722397089,-0.020308999344706535,0.1627095490694046,0.20542575418949127,-0.3178195059299469,-0.13324135541915894,0.18033543229103088,-0.3184219002723694,0.16679731011390686,0.48154306411743164,-0.09925639629364014,-0.09794288128614426,0.4879700839519501,-0.12351951748132706
132,0.04269611835479736,-0.5866791605949402,-0.3650091290473938,0.15313197672367096,-0.4771832227706909,-0.18717503547668457,0.2644897997379303,-0.7018324732780457,-0.25599056482315063,-0.12544973194599152,-0.48028722405433655,-0.2520778179168701,-0.23768769204616547,-0.6717562079429626,-0.34468138217926025,0.3541658818721771,-0.9365774393081665,-0.3196936845779419,-0.30018115043640137,-0.9022868275642395,-0.4059526026248932,0.11149145662784576,0.0020367722027003765,0.0216330848634243,-0.1116480752825737,-0.00232368684373796,-0.020273223519325256,0.160500168800354,0.19136127829551697,-0.35533472895622253,-0.13298627734184265,0.15329883992671967,-0.34267231822013855,0.16318315267562866,0.4631998538970947,-0.14209669828414917,-0.09508530795574188,0.4659114480018616,-0.1579727679491043
133,0.03869028761982918,-0.5848954916000366,-0.3503630757331848,0.15410418808460236,-0.47702211141586304,-0.17951789498329163,0.2646777927875519,-0.701134204864502,-0.2490653693675995,-0.12571173906326294,-0.47703659534454346,-0.2268213927745819,-0.2381858378648758,-0.6643303632736206,-0.31140363216400146,0.3538282811641693,-0.9377717971801758,-0.3117081820964813,-0.2999149560928345,-0.9025433659553528,-0.37206971645355225,0.11214059591293335,0.00250661070458591,0.02079043537378311,-0.1122773140668869,-0.0028068721294403076,-0.01939327083528042,0.16012738645076752,0.164450004696846,-0.35288527607917786,-0.1437849998474121,0.10125234723091125,-0.35522550344467163,0.15305458009243011,0.4254329800605774,-0.16159391403198242,-0.09703243523836136,0.42305606603622437,-0.19121818244457245
134,0.032687701284885406,-0.581749439239502,-0.35367104411125183,0.1542326807975769,-0.47535577416419983,-0.18309123814105988,0.2645106911659241,-0.7009330987930298,-0.2585558593273163,-0.12580373883247375,-0.47348716855049133,-0.22704948484897614,-0.24153120815753937,-0.6586920619010925,-0.3105640411376953,0.3520487844944,-0.9390504956245422,-0.3212772607803345,-0.3006926476955414,-0.8982502222061157,-0.37171152234077454,0.11240509897470474,0.0026661434676498175,0.019367780536413193,-0.11254813522100449,-0.002979789162054658,-0.017899416387081146,0.15891264379024506,0.1649397611618042,-0.34631311893463135,-0.1466902494430542,0.09809064120054245,-0.346902996301651,0.15280480682849884,0.4214700162410736,-0.14307090640068054,-0.10459113866090775,0.4206963777542114,-0.17651474475860596
135,0.03733053058385849,-0.5694853663444519,-0.3762572407722473,0.15423670411109924,-0.4687131941318512,-0.19261284172534943,0.26358458399772644,-0.694108784198761,-0.25922977924346924,-0.1252146065235138,-0.46980366110801697,-0.25726133584976196,-0.2406865656375885,-0.6567479372024536,-0.33871108293533325,0.3521311581134796,-0.9326940178871155,-0.3210921883583069,-0.3024269938468933,-0.8929601311683655,-0.38780516386032104,0.11262079328298569,0.002704981714487076,0.019397202879190445,-0.11276412010192871,-0.0030198139138519764,-0.017912138253450394,0.1687341183423996,0.1680046021938324,-0.3430229127407074,-0.14715591073036194,0.10732375830411911,-0.3416067659854889,0.1586742401123047,0.4225558638572693,-0.13279718160629272,-0.10456954687833786,0.41596314311027527,-0.16473740339279175
136,0.037675462663173676,-0.5671212673187256,-0.3750873804092407,0.1563628762960434,-0.46729135513305664,-0.19365337491035461,0.2633805572986603,-0.6920145750045776,-0.2688460350036621,-0.12201599776744843,-0.4688529968261719,-0.2541809678077698,-0.23878856003284454,-0.6572222113609314,-0.3359195291996002,0.35094451904296875,-0.9280454516410828,-0.33670762181282043,-0.30259281396865845,-0.8936648368835449,-0.3861827552318573,0.11273188889026642,0.0029841267969459295,0.01931724138557911,-0.11286390572786331,-0.003316478803753853,-0.017812196165323257,0.17007559537887573,0.15645717084407806,-0.3450701832771301,-0.1449245661497116,0.09424267709255219,-0.34172698855400085,0.1552160233259201,0.41557660698890686,-0.13267472386360168,-0.09966714680194855,0.3994184732437134,-0.16298727691173553
137,0.02710201032459736,-0.5637486577033997,-0.3702898323535919,0.15574263036251068,-0.46666720509529114,-0.19288820028305054,0.26210927963256836,-0.68990558385849,-0.2660408020019531,-0.12348346412181854,-0.46756166219711304,-0.23737284541130066,-0.24226471781730652,-0.6566199660301208,-0.3167535066604614,0.35087308287620544,-0.9263625144958496,-0.3344806432723999,-0.3049882650375366,-0.8941324353218079,-0.3738643527030945,0.11282406747341156,0.003077605040743947,0.0190426018089056,-0.11294771730899811,-0.003420203924179077,-0.01751868985593319,0.16941937804222107,0.13729053735733032,-0.3452018201351166,-0.1470078080892563,0.07898997515439987,-0.3437243103981018,0.1514480859041214,0.40136855840682983,-0.14045099914073944,-0.10121625661849976,0.38953113555908203,-0.16708822548389435
138,0.03101722151041031,-0.56067955493927,-0.3677210211753845,0.15536212921142578,-0.4634447395801544,-0.18985168635845184,0.26210737228393555,-0.6836729049682617,-0.26132163405418396,-0.1237945407629013,-0.4641816020011902,-0.23912450671195984,-0.24231752753257751,-0.648943305015564,-0.3217366933822632,0.3533935844898224,-0.9230872392654419,-0.32017403841018677,-0.30525296926498413,-0.8891101479530334,-0.3762240409851074,0.11300689727067947,0.003122420748695731,0.01950008049607277,-0.11313783377408981,-0.0034655462950468063,-0.017972061410546303,0.16906653344631195,0.12630556523799896,-0.3445497751235962,-0.14275404810905457,0.06746653467416763,-0.357945054769516,0.1438600867986679,0.3778248131275177,-0.13999313116073608,-0.09319192171096802,0.3705352544784546,-0.17684704065322876
139,0.026925569400191307,-0.5614030361175537,-0.36725643277168274,0.1561637967824936,-0.46340733766555786,-0.18998610973358154,0.26160451769828796,-0.6842747926712036,-0.2651205360889435,-0.12421801686286926,-0.46430590748786926,-0.2388894408941269,-0.2446296215057373,-0.6528862118721008,-0.32176512479782104,0.3522854447364807,-0.9227238893508911,-0.32791584730148315,-0.3114810585975647,-0.8939231634140015,-0.37641218304634094,0.11306397616863251,0.0030471421778202057,0.019260402768850327,-0.11320037394762039,-0.0034015579149127007,-0.017745716497302055,0.18111096322536469,0.10058746486902237,-0.34435585141181946,-0.1464763879776001,0.06978191435337067,-0.3513573408126831,0.1412573903799057,0.36873316764831543,-0.13878928124904633,-0.093520887196064,0.35916945338249207,-0.16785013675689697
140,0.028721464797854424,-0.5556386113166809,-0.369560182094574,0.15618334710597992,-0.4556611478328705,-0.1907733976840973,0.261256605386734,-0.6746365427970886,-0.2645758092403412,-0.12358349561691284,-0.45863527059555054,-0.24208597838878632,-0.24399630725383759,-0.646931529045105,-0.32613465189933777,0.35503554344177246,-0.9167271256446838,-0.32678186893463135,-0.3113495707511902,-0.8865915536880493,-0.3822452127933502,0.11322513967752457,0.003037555841729045,0.01950017549097538,-0.11336635053157806,-0.0033945527393370867,-0.017986811697483063,0.18460574746131897,0.09403607994318008,-0.3469325006008148,-0.14170700311660767,0.0685986801981926,-0.3610997796058655,0.13992716372013092,0.36161375045776367,-0.14996065199375153,-0.09375031292438507,0.35431426763534546,-0.18056918680667877
141,0.026927486062049866,-0.5559341907501221,-0.35889294743537903,0.1560995727777481,-0.45581287145614624,-0.1815800964832306,0.26081937551498413,-0.6754060983657837,-0.2557389438152313,-0.12464462965726852,-0.45848989486694336,-0.22721591591835022,-0.246466726064682,-0.6467353701591492,-0.30359822511672974,0.35632774233818054,-0.9171962141990662,-0.31333792209625244,-0.3122485280036926,-0.8869370818138123,-0.35928964614868164,0.11374158412218094,0.0031335207168012857,0.01947903074324131,-0.11386939138174057,-0.003497124882414937,-0.01796136423945427,0.18444260954856873,0.08521381765604019,-0.35198304057121277,-0.1416536271572113,0.0548769049346447,-0.37304604053497314,0.13195186853408813,0.3508603274822235,-0.1636226624250412,-0.0961853563785553,0.335493266582489,-0.194275364279747
142,0.03705625981092453,-0.5578328967094421,-0.36112701892852783,0.15626606345176697,-0.4583662152290344,-0.1825600415468216,0.26186496019363403,-0.6870924830436707,-0.2549368143081665,-0.12393655627965927,-0.45867782831192017,-0.25027939677238464,-0.245844304561615,-0.6528582572937012,-0.33859503269195557,0.3566973805427551,-0.9239826798439026,-0.3126942813396454,-0.3121342360973358,-0.8934074640274048,-0.3852541446685791,0.11368285119533539,0.003110148711130023,0.019931217655539513,-0.11383379995822906,-0.0034702084958553314,-0.01846355013549328,0.18400393426418304,0.09129374474287033,-0.3354784846305847,-0.14357702434062958,0.05990445986390114,-0.36587274074554443,0.13315965235233307,0.35648074746131897,-0.12353702634572983,-0.09664967656135559,0.343190461397171,-0.16523325443267822
143,0.03564659506082535,-0.5604586601257324,-0.33681148290634155,0.157181054353714,-0.4585084319114685,-0.15949244797229767,0.26186931133270264,-0.6826267838478088,-0.2382962852716446,-0.12400536239147186,-0.4583628475666046,-0.22017325460910797,-0.24602340161800385,-0.651187539100647,-0.30778104066848755,0.3565230667591095,-0.9181583523750305,-0.3037777245044708,-0.31135717034339905,-0.8910558819770813,-0.360386461019516,0.11401353031396866,0.0032188112381845713,0.02063201554119587,-0.11415058374404907,-0.0035795150324702263,-0.019155142828822136,0.192118301987648,0.06005437299609184,-0.3359697163105011,-0.1413179636001587,0.039481304585933685,-0.3817014694213867,0.13337208330631256,0.3346846103668213,-0.1545196771621704,-0.09589874744415283,0.31534847617149353,-0.1955661028623581
144,0.036820899695158005,-0.5581911206245422,-0.35445839166641235,0.15608613193035126,-0.45460382103919983,-0.1856261044740677,0.25859659910202026,-0.674139142036438,-0.2894652485847473,-0.12402238696813583,-0.45144012570381165,-0.2416481077671051,-0.24598728120326996,-0.6405330300331116,-0.3530891239643097,0.3524457514286041,-0.9093230366706848,-0.3651598393917084,-0.311291366815567,-0.883448600769043,-0.42579424381256104,0.11405646800994873,0.003372915554791689,0.01964631862938404,-0.11419464647769928,-0.0037418254651129246,-0.018147775903344154,0.1661451756954193,0.06324067711830139,-0.3485695421695709,-0.1466875672340393,0.02079257369041443,-0.37997666001319885,0.12160591036081314,0.3257198631763458,-0.1519135981798172,-0.096220962703228,0.30768391489982605,-0.19344794750213623
145,0.039890605956315994,-0.558322012424469,-0.34592506289482117,0.1594717651605606,-0.4544488787651062,-0.1736602634191513,0.2603572905063629,-0.6729066967964172,-0.2759320139884949,-0.12036702781915665,-0.4518066644668579,-0.23480090498924255,-0.24530953168869019,-0.6411293148994446,-0.3475191593170166,0.35464388132095337,-0.9099647998809814,-0.3542843461036682,-0.3112679719924927,-0.884504497051239,-0.4200620949268341,0.11411260068416595,0.0036909973714500666,0.02025475539267063,-0.11425256729125977,-0.004065055400133133,-0.018756257370114326,0.17031033337116241,0.03921408951282501,-0.34711822867393494,-0.14638514816761017,-0.007152756210416555,-0.3971238136291504,0.12238388508558273,0.30785325169563293,-0.1531313955783844,-0.09522562474012375,0.28695541620254517,-0.2090471088886261
146,0.038982223719358444,-0.5493974685668945,-0.3507847785949707,0.15935112535953522,-0.4496068060398102,-0.17458917200565338,0.2602330446243286,-0.6640042066574097,-0.2730855643749237,-0.12061337381601334,-0.44975611567497253,-0.23577919602394104,-0.24504634737968445,-0.6371735334396362,-0.3439650237560272,0.35637128353118896,-0.9039234519004822,-0.3472796380519867,-0.3108501136302948,-0.8797358870506287,-0.4124872088432312,0.11428625881671906,0.003957384265959263,0.02044207602739334,-0.11441485583782196,-0.004336637444794178,-0.018935518339276314,0.17464753985404968,0.04752597585320473,-0.34298446774482727,-0.1422547996044159,0.004753144457936287,-0.40051499009132385,0.12296373397111893,0.3144116997718811,-0.15357059240341187,-0.09182167798280716,0.292050302028656,-0.20781879127025604
147,0.03891344740986824,-0.5459200143814087,-0.3590807318687439,0.15701037645339966,-0.44728168845176697,-0.18342404067516327,0.25667640566825867,-0.658208966255188,-0.28667694330215454,-0.1215539425611496,-0.44753187894821167,-0.24547141790390015,-0.2464020550251007,-0.6296071410179138,-0.3605802357196808,0.3531108796596527,-0.8982511758804321,-0.3645786643028259,-0.3110853433609009,-0.8742333054542542,-0.435893177986145,0.11433383077383041,0.003983290866017342,0.020348241552710533,-0.11446193605661392,-0.00436361925676465,-0.018836403265595436,0.17243054509162903,0.049516141414642334,-0.3450140953063965,-0.14395006000995636,0.00774953281506896,-0.3978358209133148,0.12055138498544693,0.3082714080810547,-0.14683473110198975,-0.09217331558465958,0.2904634177684784,-0.20203940570354462
148,0.04623584821820259,-0.546441912651062,-0.3563506007194519,0.16259180009365082,-0.44708654284477234,-0.1772068440914154,0.26468104124069214,-0.6584120392799377,-0.284986674785614,-0.1202731654047966,-0.447686105966568,-0.24171431362628937,-0.24216315150260925,-0.6304485201835632,-0.3582310676574707,0.35905107855796814,-0.8961046934127808,-0.35912808775901794,-0.3051427900791168,-0.8744921088218689,-0.4314638078212738,0.11457742750644684,0.004010634962469339,0.020444143563508987,-0.11470193415880203,-0.004391421098262072,-0.018935026600956917,0.17661599814891815,0.04986438527703285,-0.349260538816452,-0.1442147195339203,0.009747624397277832,-0.39694246649742126,0.1224857047200203,0.31105610728263855,-0.165578231215477,-0.09087054431438446,0.2932170629501343,-0.21012155711650848
149,0.039074722677469254,-0.5416690111160278,-0.356458455324173,0.15989302098751068,-0.44267454743385315,-0.17728197574615479,0.26397794485092163,-0.6523038744926453,-0.27782735228538513,-0.12223227322101593,-0.44616466760635376,-0.23896746337413788,-0.2450709342956543,-0.6271911859512329,-0.3428744077682495,0.3592405617237091,-0.8945763111114502,-0.3418445885181427,-0.30770447850227356,-0.8744086027145386,-0.4120391607284546,0.11466648429632187,0.004284244496375322,0.020479414612054825,-0.11478430032730103,-0.0046787867322564125,-0.018966499716043472,0.18548819422721863,0.05066492408514023,-0.3415004312992096,-0.1336595118045807,0.003336358582600951,-0.40308353304862976,0.1220220997929573,0.3051183819770813,-0.15992730855941772,-0.09088677167892456,0.2792556583881378,-0.2105599194765091
150,0.03918204456567764,-0.542124330997467,-0.34740906953811646,0.1595442146062851,-0.442867636680603,-0.16482196748256683,0.2592640221118927,-0.6517103314399719,-0.2656591236591339,-0.12244664877653122,-0.4455581605434418,-0.23018309473991394,-0.24619130790233612,-0.6217220425605774,-0.33781635761260986,0.3548634648323059,-0.8940058946609497,-0.3396470546722412,-0.308633416891098,-0.8691917657852173,-0.4103706479072571,0.11475378274917603,0.004352042451500893,0.02121102437376976,-0.1148642748594284,-0.0047523160465061665,-0.019688500091433525,0.19024710357189178,0.030756162479519844,-0.33942466974258423,-0.1315203458070755,-0.022247212007641792,-0.4115738570690155,0.11941055208444595,0.288711816072464,-0.16055721044540405,-0.0897272452712059,0.26071804761886597,-0.22328272461891174
151,0.03762361407279968,-0.5317553877830505,-0.38778185844421387,0.1538037657737732,-0.43488672375679016,-0.2061181217432022,0.2521792948246002,-0.6405135989189148,-0.31243038177490234,-0.12438604235649109,-0.4349018931388855,-0.26857253909111023,-0.24872103333473206,-0.6104834079742432,-0.38654476404190063,0.34861990809440613,-0.8792279362678528,-0.3969705104827881,-0.3148232102394104,-0.8539330363273621,-0.46931707859039307,0.11476273834705353,0.0038825201336294413,0.021210262551903725,-0.11487383395433426,-0.004279759246855974,-0.019684040918946266,0.1873103529214859,0.03688927739858627,-0.3378909230232239,-0.13191485404968262,0.013439065776765347,-0.39729419350624084,0.12078145146369934,0.29866644740104675,-0.13690121471881866,-0.08958900719881058,0.27427366375923157,-0.18502561748027802
152,0.04354820400476456,-0.5347477793693542,-0.3767874538898468,0.158636674284935,-0.4384525716304779,-0.1867162436246872,0.25484728813171387,-0.6460084319114685,-0.30944180488586426,-0.11814504861831665,-0.4383712410926819,-0.2599690854549408,-0.2364669293165207,-0.6130614876747131,-0.3767459988594055,0.3491470515727997,-0.889765202999115,-0.3843655586242676,-0.3060256242752075,-0.8587180972099304,-0.44570866227149963,0.11479461938142776,0.003899297909811139,0.022071078419685364,-0.11490549147129059,-0.004295876249670982,-0.02053479664027691,0.19201186299324036,0.021987231448292732,-0.3351075351238251,-0.128917396068573,-0.00895801279693842,-0.4109959006309509,0.12633438408374786,0.2869614362716675,-0.13841697573661804,-0.08526068925857544,0.26170578598976135,-0.1935778558254242
153,0.03367328643798828,-0.5313079357147217,-0.37467285990715027,0.15207019448280334,-0.43820270895957947,-0.18958023190498352,0.2512604892253876,-0.6436278820037842,-0.3051694929599762,-0.1295846849679947,-0.4363403618335724,-0.2570817768573761,-0.2500498592853546,-0.609052836894989,-0.37120530009269714,0.34633398056030273,-0.8822094202041626,-0.3879537284374237,-0.3136793375015259,-0.8540828824043274,-0.44621047377586365,0.11489852517843246,0.00388512946665287,0.02181641012430191,-0.1149996817111969,-0.004280619323253632,-0.02027939446270466,0.19014880061149597,0.033313509076833725,-0.33517083525657654,-0.1291956603527069,0.0023667241912335157,-0.4056844115257263,0.12431062757968903,0.29316475987434387,-0.13892169296741486,-0.085426464676857,0.2663867473602295,-0.19289109110832214
154,0.0478045716881752,-0.5316776633262634,-0.3623405396938324,0.15924660861492157,-0.4383731782436371,-0.17425169050693512,0.2595178484916687,-0.6466451287269592,-0.2812287509441376,-0.12046436220407486,-0.43805089592933655,-0.2508661448955536,-0.2407580465078354,-0.6118144392967224,-0.3647630214691162,0.3555803596973419,-0.8912476897239685,-0.36757272481918335,-0.3014397919178009,-0.8571374416351318,-0.4340882897377014,0.11493033915758133,0.00397390965372324,0.02332419715821743,-0.11503060907125473,-0.004367607180029154,-0.02178116701543331,0.19423559308052063,0.030513128265738487,-0.33338552713394165,-0.1274721622467041,0.002394480165094137,-0.40524497628211975,0.1362157016992569,0.29425671696662903,-0.14082884788513184,-0.08545111119747162,0.26806923747062683,-0.1960175633430481
155,0.0375223308801651,-0.5322139263153076,-0.3612213134765625,0.15605399012565613,-0.43830639123916626,-0.17556606233119965,0.25542891025543213,-0.6458987593650818,-0.2837103307247162,-0.12427771091461182,-0.43675097823143005,-0.2455916553735733,-0.24659718573093414,-0.6091791391372681,-0.3639684319496155,0.3501509130001068,-0.8897597789764404,-0.36800166964530945,-0.304622620344162,-0.8533691763877869,-0.43814143538475037,0.11517846584320068,0.004014111589640379,0.022234410047531128,-0.11527108401060104,-0.00440595205873251,-0.020674478262662888,0.18191277980804443,0.03069540485739708,-0.34582996368408203,-0.12757621705532074,-0.001964014954864979,-0.4081951379776001,0.12079586833715439,0.29151272773742676,-0.155521422624588,-0.08768113702535629,0.263470858335495,-0.20521602034568787
156,0.04165668040513992,-0.549794614315033,-0.33121371269226074,0.16546526551246643,-0.4451255798339844,-0.1538287252187729,0.26276496052742004,-0.6519693732261658,-0.2656235098838806,-0.11956316232681274,-0.4419579803943634,-0.2122436761856079,-0.24188826978206635,-0.6124655604362488,-0.3315502107143402,0.35400909185409546,-0.8942269086837769,-0.35379403829574585,-0.3021032214164734,-0.8651718497276306,-0.40972453355789185,0.11527720838785172,0.0043212054297327995,0.022236580029129982,-0.11536533385515213,-0.0047144475392997265,-0.020681124180555344,0.18690605461597443,0.01933872699737549,-0.34536707401275635,-0.13084320724010468,-0.01583736017346382,-0.4019680619239807,0.12368828803300858,0.2896372377872467,-0.15779884159564972,-0.08776861429214478,0.2611294984817505,-0.2070712000131607
157,0.03552752733230591,-0.544987142086029,-0.33315107226371765,0.15984833240509033,-0.44529303908348083,-0.15626317262649536,0.262527734041214,-0.6520680785179138,-0.2567759156227112,-0.12169785052537918,-0.44199979305267334,-0.2189650535583496,-0.24195502698421478,-0.6149916052818298,-0.33352649211883545,0.35765865445137024,-0.8942180275917053,-0.32548341155052185,-0.30355703830718994,-0.8680459260940552,-0.41168954968452454,0.11531554907560349,0.0045625753700733185,0.022269271314144135,-0.1154032051563263,-0.004950934089720249,-0.02071424573659897,0.1883290708065033,0.020453589037060738,-0.33995404839515686,-0.1306125372648239,-0.016031520441174507,-0.411730021238327,0.12473464012145996,0.2866422235965729,-0.15561151504516602,-0.09130451828241348,0.25659647583961487,-0.20905008912086487
158,0.03693322837352753,-0.5443036556243896,-0.33553236722946167,0.1606789082288742,-0.44428494572639465,-0.15783534944057465,0.26385465264320374,-0.6503965854644775,-0.256672739982605,-0.12131811678409576,-0.44154271483421326,-0.22106222808361053,-0.2408396303653717,-0.6119129061698914,-0.3349059820175171,0.35837459564208984,-0.8938196897506714,-0.32826733589172363,-0.3037479817867279,-0.8638014793395996,-0.4156188666820526,0.11549203097820282,0.004974765703082085,0.022296294569969177,-0.11557911336421967,-0.005358514841645956,-0.02073872834444046,0.1835556924343109,0.025372598320245743,-0.34349143505096436,-0.12859506905078888,-0.01596834883093834,-0.4107237458229065,0.12400882691144943,0.28677091002464294,-0.1583472490310669,-0.09121441096067429,0.256095290184021,-0.21311534941196442
159,0.03783224895596504,-0.544430673122406,-0.33728277683258057,0.160812646150589,-0.4454357326030731,-0.15853925049304962,0.26555168628692627,-0.652635931968689,-0.2534807324409485,-0.11983116716146469,-0.44345614314079285,-0.22726888954639435,-0.238606795668602,-0.6158782839775085,-0.3354324400424957,0.3637322783470154,-0.8969854712486267,-0.32196375727653503,-0.30384260416030884,-0.8674856424331665,-0.4130043387413025,0.11550050228834152,0.005254895891994238,0.02307409979403019,-0.11558809876441956,-0.005637272726744413,-0.021536564454436302,0.19387227296829224,0.037566062062978745,-0.32938921451568604,-0.12776662409305573,-0.015432239510118961,-0.41375651955604553,0.13115668296813965,0.2980157136917114,-0.14447323977947235,-0.08931832015514374,0.26478585600852966,-0.21283282339572906
160,0.041712041944265366,-0.545884370803833,-0.3363340198993683,0.16601063311100006,-0.44570979475975037,-0.15686781704425812,0.2760319411754608,-0.6543058753013611,-0.2444768100976944,-0.11633274704217911,-0.44492262601852417,-0.22432926297187805,-0.23671580851078033,-0.6163915395736694,-0.332232266664505,0.37202560901641846,-0.9024035930633545,-0.3087804317474365,-0.3015347421169281,-0.8676143288612366,-0.40891706943511963,0.11575215309858322,0.005662212613970041,0.02334517054259777,-0.11583499610424042,-0.006027016323059797,-0.021804993972182274,0.19277815520763397,0.054274782538414,-0.332973837852478,-0.11897367984056473,-0.0009118394227698445,-0.41912660002708435,0.1284942775964737,0.31525152921676636,-0.15358754992485046,-0.08938413113355637,0.2778239846229553,-0.21910013258457184
161,0.034699175506830215,-0.5460938215255737,-0.3464966416358948,0.16456156969070435,-0.4468235969543457,-0.16954469680786133,0.27568110823631287,-0.6543731093406677,-0.2599732577800751,-0.11862010508775711,-0.4465162754058838,-0.22856935858726501,-0.23981912434101105,-0.616543173789978,-0.3385069668292999,0.3714601397514343,-0.9017224907875061,-0.3285016715526581,-0.3001043498516083,-0.8671936988830566,-0.42063695192337036,0.11593228578567505,0.005734774749726057,0.02144121378660202,-0.11602596193552017,-0.006094868294894695,-0.019898097962141037,0.1763506680727005,0.07295407354831696,-0.3467111587524414,-0.12406951934099197,0.016175664961338043,-0.41867873072624207,0.12319602817296982,0.31800541281700134,-0.1499325931072235,-0.08961666375398636,0.28348270058631897,-0.2077607959508896
162,0.04712542146444321,-0.5610774755477905,-0.33525046706199646,0.17965149879455566,-0.45219478011131287,-0.1555311381816864,0.28835228085517883,-0.6620487570762634,-0.24219664931297302,-0.11067909002304077,-0.45607659220695496,-0.21681353449821472,-0.2250024527311325,-0.6350632905960083,-0.3124257028102875,0.37789270281791687,-0.9028605818748474,-0.3187735676765442,-0.2894642651081085,-0.8810137510299683,-0.37514829635620117,0.11597020924091339,0.005780606530606747,0.022107470780611038,-0.11606455594301224,-0.006140983663499355,-0.02063881605863571,0.20798727869987488,0.07364188134670258,-0.3309032917022705,-0.12927919626235962,0.038989853113889694,-0.3925577998161316,0.14231225848197937,0.34336552023887634,-0.14532209932804108,-0.0852397158741951,0.3279145658016205,-0.198386088013649
163,0.04738039895892143,-0.5626273155212402,-0.34141960740089417,0.17857292294502258,-0.4559842050075531,-0.16046467423439026,0.2873501777648926,-0.6697155833244324,-0.24310874938964844,-0.11100934445858002,-0.4602947533130646,-0.2291851043701172,-0.2251022607088089,-0.65085768699646,-0.32423239946365356,0.38084492087364197,-0.9059438705444336,-0.31954148411750793,-0.2874279022216797,-0.8938007950782776,-0.3793177306652069,0.11592752486467361,0.005802166648209095,0.022425828501582146,-0.11602390557527542,-0.006153681315481663,-0.02098878100514412,0.21097566187381744,0.07728428393602371,-0.3277100622653961,-0.1231439858675003,0.06583151966333389,-0.3834031820297241,0.15167398750782013,0.34514689445495605,-0.13563591241836548,-0.08603309094905853,0.32382652163505554,-0.17629900574684143
164,0.04829356074333191,-0.5649052262306213,-0.37716805934906006,0.1773059219121933,-0.4543832540512085,-0.2037121206521988,0.28652676939964294,-0.6682953238487244,-0.2964021861553192,-0.1086868941783905,-0.45980304479599,-0.26113560795783997,-0.22301620244979858,-0.6476089954376221,-0.3476995527744293,0.3792528510093689,-0.9033064842224121,-0.3683301508426666,-0.28795725107192993,-0.8923203349113464,-0.39335599541664124,0.11561217904090881,0.005851464811712503,0.021944429725408554,-0.11570703983306885,-0.0062011112459003925,-0.020509056746959686,0.20908905565738678,0.12085261195898056,-0.3244453966617584,-0.12299377471208572,0.08322155475616455,-0.36833956837654114,0.1521529108285904,0.3716753125190735,-0.0837169662117958,-0.07861736416816711,0.35386428236961365,-0.12904228270053864
165,0.05956300348043442,-0.5801455974578857,-0.3623230755329132,0.1779850274324417,-0.46305254101753235,-0.18239884078502655,0.2959718108177185,-0.6780310869216919,-0.25070619583129883,-0.10556043684482574,-0.46840694546699524,-0.2565925121307373,-0.20996323227882385,-0.6577931642532349,-0.34681692719459534,0.38412463665008545,-0.9090850353240967,-0.3213914930820465,-0.27603137493133545,-0.8988343477249146,-0.3902773857116699,0.1156119778752327,0.006042415741831064,0.02234618552029133,-0.115709587931633,-0.00635673850774765,-0.020945671945810318,0.2021903693675995,0.14353716373443604,-0.3324216902256012,-0.1174914687871933,0.11046257615089417,-0.3698282539844513,0.15203042328357697,0.39050331711769104,-0.09632871299982071,-0.07764050364494324,0.3793087601661682,-0.1438615471124649
166,0.05604185909032822,-0.5855291485786438,-0.35165873169898987,0.17756734788417816,-0.47291842103004456,-0.17420189082622528,0.2948123812675476,-0.6926457285881042,-0.23014676570892334,-0.10577280074357986,-0.4768066704273224,-0.24154159426689148,-0.21045567095279694,-0.6711441874504089,-0.32448849081993103,0.383769154548645,-0.9245020747184753,-0.29164043068885803,-0.27728572487831116,-0.9110339283943176,-0.37340879440307617,0.11544353514909744,0.006576180923730135,0.02183516137301922,-0.11555670946836472,-0.006869616452604532,-0.020455319434404373,0.19003626704216003,0.15743866562843323,-0.33092719316482544,-0.13819411396980286,0.1132224053144455,-0.3609981834888458,0.14812977612018585,0.406473308801651,-0.10011044144630432,-0.0896649956703186,0.3855067789554596,-0.14210186898708344
167,0.047271478921175,-0.585141658782959,-0.3484554886817932,0.17720919847488403,-0.47470515966415405,-0.16949234902858734,0.29599815607070923,-0.6904941201210022,-0.2241109013557434,-0.10897226631641388,-0.4819679856300354,-0.2296246886253357,-0.2129574418067932,-0.6749724745750427,-0.3088987171649933,0.38365909457206726,-0.9236546158790588,-0.2866074740886688,-0.2779759168624878,-0.9165823459625244,-0.36021706461906433,0.11544081568717957,0.006835435517132282,0.021472133696079254,-0.11555609107017517,-0.007128310389816761,-0.020114252343773842,0.1795234978199005,0.1798146814107895,-0.3269675374031067,-0.1380099654197693,0.1262659877538681,-0.3459416627883911,0.14535991847515106,0.4257207214832306,-0.09693010151386261,-0.08941172808408737,0.39895203709602356,-0.13384407758712769
168,0.04713932052254677,-0.6043926477432251,-0.3262719511985779,0.17351838946342468,-0.4783836007118225,-0.14251892268657684,0.295722633600235,-0.6983726620674133,-0.18187135457992554,-0.11233267188072205,-0.48784610629081726,-0.21720845997333527,-0.21488821506500244,-0.6924253106117249,-0.28897836804389954,0.3849456012248993,-0.926079273223877,-0.2424180954694748,-0.27976277470588684,-0.9327791333198547,-0.327155739068985,0.11539988219738007,0.006885262671858072,0.02178419753909111,-0.11551669985055923,-0.007176334038376808,-0.020435191690921783,0.1803962141275406,0.19946618378162384,-0.3303123116493225,-0.13817864656448364,0.14016413688659668,-0.35077834129333496,0.14106854796409607,0.4567248821258545,-0.11429382115602493,-0.0889710783958435,0.42435866594314575,-0.1479324847459793
169,0.04841173440217972,-0.6052542924880981,-0.32788947224617004,0.1761666089296341,-0.4792511463165283,-0.14525538682937622,0.2977463901042938,-0.7002900242805481,-0.19269977509975433,-0.11185919493436813,-0.4903101921081543,-0.21854756772518158,-0.21327005326747894,-0.690619707107544,-0.28853002190589905,0.3901878297328949,-0.931721568107605,-0.2549067735671997,-0.280131071805954,-0.9305076003074646,-0.3279017508029938,0.11533261835575104,0.006924476474523544,0.0217511635273695,-0.1154540404677391,-0.0072143785655498505,-0.020410507917404175,0.18029412627220154,0.23267412185668945,-0.3260241448879242,-0.13791252672672272,0.17418058216571808,-0.3221568465232849,0.14171351492404938,0.5001742243766785,-0.11372893303632736,-0.08881480991840363,0.4780794084072113,-0.13835157454013824
170,0.04665890336036682,-0.606586754322052,-0.32835763692855835,0.17502234876155853,-0.48036184906959534,-0.1469561904668808,0.29807987809181213,-0.7000741362571716,-0.19177275896072388,-0.11399434506893158,-0.4941393733024597,-0.21799466013908386,-0.21590359508991241,-0.6944140791893005,-0.2889862060546875,0.39589551091194153,-0.9312081336975098,-0.25508368015289307,-0.2803235352039337,-0.9358713030815125,-0.3320431411266327,0.11507273465394974,0.006966488901525736,0.021846162155270576,-0.11520607769489288,-0.00726090045645833,-0.02052954025566578,0.17557400465011597,0.2561047673225403,-0.28054797649383545,-0.13353580236434937,0.191628098487854,-0.3045806288719177,0.143111452460289,0.5125472545623779,-0.049563854932785034,-0.07746502757072449,0.49546822905540466,-0.10479848086833954
171,0.051466017961502075,-0.6128946542739868,-0.3386082649230957,0.17906370759010315,-0.4807567000389099,-0.15234984457492828,0.30518487095832825,-0.7027568817138672,-0.1948828399181366,-0.10971242189407349,-0.4968072474002838,-0.22509042918682098,-0.21288345754146576,-0.6997578144073486,-0.2989836633205414,0.3973778486251831,-0.9329825639724731,-0.25734448432922363,-0.2773900330066681,-0.9434895515441895,-0.3453398048877716,0.11473072320222855,0.0069726076908409595,0.021854480728507042,-0.11490391939878464,-0.00726571399718523,-0.02054445818066597,0.17472559213638306,0.26984667778015137,-0.2526310682296753,-0.13370870053768158,0.23455658555030823,-0.24452179670333862,0.16135378181934357,0.5451849699020386,-0.02331095188856125,-0.08775275945663452,0.5363267064094543,-0.048206254839897156
172,0.03708191588521004,-0.6146944761276245,-0.3396299481391907,0.16911202669143677,-0.48071837425231934,-0.15507642924785614,0.2962602972984314,-0.70225989818573,-0.19638460874557495,-0.11399789899587631,-0.4973338544368744,-0.22300688922405243,-0.2191367745399475,-0.6980382800102234,-0.28948503732681274,0.38950657844543457,-0.9339029788970947,-0.2548797130584717,-0.2850709557533264,-0.9413873553276062,-0.33235085010528564,0.11407500505447388,0.006860365625470877,0.02142423577606678,-0.11425303667783737,-0.007152406498789787,-0.020091934129595757,0.16700446605682373,0.27864086627960205,-0.2616877853870392,-0.13423076272010803,0.24521201848983765,-0.2367132008075714,0.1528921276330948,0.5658161640167236,-0.036385223269462585,-0.09786531329154968,0.5542855262756348,-0.058894943445920944
173,0.03765784576535225,-0.6197089552879333,-0.36332711577415466,0.16955871880054474,-0.48864054679870605,-0.17789585888385773,0.29691627621650696,-0.7161872982978821,-0.22302426397800446,-0.110310398042202,-0.500169038772583,-0.2451082319021225,-0.21736188232898712,-0.6911842226982117,-0.34457269310951233,0.38932788372039795,-0.9483007192611694,-0.28503522276878357,-0.2709619700908661,-0.9242841601371765,-0.43453118205070496,0.11314161866903305,0.005739622749388218,0.02087668515741825,-0.11338825523853302,-0.006055501289665699,-0.01957125961780548,0.16768266260623932,0.3105928301811218,-0.10731075704097748,-0.13783924281597137,0.29384610056877136,-0.12161117792129517,0.17747429013252258,0.582565426826477,0.12994098663330078,-0.12278638780117035,0.5934622287750244,0.09754503518342972
174,0.03751605376601219,-0.6125800609588623,-0.39043059945106506,0.16467837989330292,-0.4870529770851135,-0.197307288646698,0.29245930910110474,-0.710905134677887,-0.2424035221338272,-0.11018949747085571,-0.498291552066803,-0.2711327373981476,-0.21305815875530243,-0.6751558184623718,-0.38317161798477173,0.381818562746048,-0.9385160803794861,-0.30548468232154846,-0.2619716227054596,-0.9067353010177612,-0.4773258864879608,0.11190854012966156,0.005026091355830431,0.020803164690732956,-0.11219127476215363,-0.005393137224018574,-0.019491473212838173,0.16210876405239105,0.33848974108695984,-0.09364397078752518,-0.13392719626426697,0.31911444664001465,-0.1072644293308258,0.1741461604833603,0.6285470128059387,0.10977031290531158,-0.11867931485176086,0.6283485293388367,0.09188425540924072
175,0.037727419286966324,-0.6117172837257385,-0.39356353878974915,0.1649111658334732,-0.4855850040912628,-0.19966591894626617,0.293289452791214,-0.7042035460472107,-0.24555613100528717,-0.10926385223865509,-0.49778905510902405,-0.2693496346473694,-0.21296845376491547,-0.6699428558349609,-0.37914013862609863,0.3820388615131378,-0.931063711643219,-0.3106507360935211,-0.2597348093986511,-0.9010849595069885,-0.47445613145828247,0.11154145747423172,0.004178547766059637,0.020256975665688515,-0.11185533553361893,-0.00457615265622735,-0.018933001905679703,0.16218973696231842,0.33422911167144775,-0.1120574027299881,-0.13098065555095673,0.32084742188453674,-0.1146467998623848,0.17788384854793549,0.6214457154273987,0.0932416096329689,-0.11801344901323318,0.6333498954772949,0.07793324440717697
176,0.03359445184469223,-0.6103845834732056,-0.3996668756008148,0.1621711552143097,-0.4855363965034485,-0.20797677338123322,0.2856745719909668,-0.7071307897567749,-0.2558463215827942,-0.11191561073064804,-0.4976356327533722,-0.2661360502243042,-0.22274349629878998,-0.6706897020339966,-0.3703920543193817,0.3741089999675751,-0.9363145232200623,-0.3197099566459656,-0.2637421488761902,-0.9028164148330688,-0.4662819504737854,0.1110328957438469,0.0028372793458402157,0.017995119094848633,-0.11135521531105042,-0.003314041066914797,-0.016700610518455505,0.15829581022262573,0.3583846092224121,-0.014741882681846619,-0.12545940279960632,0.34382280707359314,-0.05180874466896057,0.17665868997573853,0.6346868872642517,0.2108563780784607,-0.10634315013885498,0.6602165699005127,0.15897397696971893
177,0.033300384879112244,-0.6074212193489075,-0.3968123197555542,0.1619790941476822,-0.48538392782211304,-0.20605289936065674,0.28247514367103577,-0.707997739315033,-0.2532372772693634,-0.11211133748292923,-0.49808821082115173,-0.26449742913246155,-0.21772131323814392,-0.6710376739501953,-0.3683088421821594,0.3645317256450653,-0.9365442991256714,-0.316409170627594,-0.24374349415302277,-0.9027218818664551,-0.4671628177165985,0.11050494760274887,0.002280213637277484,0.01715455763041973,-0.11083252727985382,-0.0027968166396021843,-0.015856195241212845,0.1535155326128006,0.37319257855415344,0.00734365452080965,-0.11996486783027649,0.3519815504550934,-0.0046386499889194965,0.17497999966144562,0.6534689664840698,0.21685738861560822,-0.10774360597133636,0.6661915183067322,0.1966656744480133
178,0.034833669662475586,-0.6081008315086365,-0.38685157895088196,0.16484335064888,-0.4852904975414276,-0.20226414501667023,0.28284063935279846,-0.7078770995140076,-0.25256606936454773,-0.10996431857347488,-0.501412570476532,-0.2468796670436859,-0.20695525407791138,-0.6783636212348938,-0.35005709528923035,0.3637857139110565,-0.9361857175827026,-0.3147766590118408,-0.23207247257232666,-0.9085444808006287,-0.4476076364517212,0.11006245017051697,0.0022514050360769033,0.014896305277943611,-0.11039428412914276,-0.0027698264457285404,-0.013644997961819172,0.14870189130306244,0.3737916946411133,-0.02938484214246273,-0.11230450123548508,0.35297372937202454,-0.018563035875558853,0.17151322960853577,0.6639237999916077,0.17824134230613708,-0.10197752714157104,0.6671227812767029,0.1777242124080658
179,0.02849184162914753,-0.6081748008728027,-0.38603249192237854,0.16096144914627075,-0.48651158809661865,-0.20092518627643585,0.2773793935775757,-0.7074416875839233,-0.246244415640831,-0.11570873856544495,-0.5020986199378967,-0.2434188425540924,-0.2116556167602539,-0.6789345145225525,-0.3457740545272827,0.3510209619998932,-0.932935357093811,-0.3042581379413605,-0.23556481301784515,-0.9086605310440063,-0.447147011756897,0.10958889126777649,0.0022187086287885904,0.014246656559407711,-0.10990490764379501,-0.0027467161417007446,-0.012994754128158092,0.1330629140138626,0.3915973901748657,0.0362921878695488,-0.10757412016391754,0.3606596887111664,0.015953900292515755,0.16116110980510712,0.691145122051239,0.22234871983528137,-0.1017136499285698,0.6784144639968872,0.20918631553649902
180,0.029511764645576477,-0.6080098748207092,-0.38572436571121216,0.16408148407936096,-0.48654690384864807,-0.20021989941596985,0.27779069542884827,-0.7060495018959045,-0.24562400579452515,-0.11423628032207489,-0.5020216107368469,-0.24339601397514343,-0.2062533050775528,-0.6766484975814819,-0.3406856954097748,0.34766513109207153,-0.9321472644805908,-0.30233752727508545,-0.22286838293075562,-0.9050452709197998,-0.4366772174835205,0.10952559858560562,0.002162168500944972,0.014072264544665813,-0.10984140634536743,-0.0027025388553738594,-0.012816044501960278,0.13035720586776733,0.39095520973205566,0.049245309084653854,-0.10361047089099884,0.35661885142326355,0.021236557513475418,0.15543991327285767,0.6824876666069031,0.24913081526756287,-0.1038149818778038,0.6704334616661072,0.22622381150722504
181,0.027480898424983025,-0.6090556383132935,-0.374868780374527,0.16401612758636475,-0.4864989221096039,-0.19457685947418213,0.2774222195148468,-0.7017163038253784,-0.24124427139759064,-0.1151634082198143,-0.5020606517791748,-0.22909115254878998,-0.21093490719795227,-0.67986661195755,-0.3295626938343048,0.3397066295146942,-0.9209810495376587,-0.2993306815624237,-0.22570161521434784,-0.9080989360809326,-0.43264681100845337,0.10933918505907059,0.002205511787906289,0.012870829552412033,-0.10964702069759369,-0.002753717824816704,-0.011628090403974056,0.1199892982840538,0.39777636528015137,0.045351359993219376,-0.10360412299633026,0.36006584763526917,0.026337092742323875,0.14046649634838104,0.7002036571502686,0.23628990352153778,-0.0979800820350647,0.6755210161209106,0.2247409224510193
182,0.0326177254319191,-0.6094706058502197,-0.3750407099723816,0.16740192472934723,-0.48604917526245117,-0.19357585906982422,0.2775880694389343,-0.6946519613265991,-0.24110068380832672,-0.11239991337060928,-0.5012496709823608,-0.230027973651886,-0.20819124579429626,-0.6798595190048218,-0.3316197991371155,0.34134021401405334,-0.9099726676940918,-0.2999367415904999,-0.22190310060977936,-0.9072014093399048,-0.43393439054489136,0.1090882271528244,0.0021772028412669897,0.01352967694401741,-0.10940246284008026,-0.0027302091475576162,-0.012287906371057034,0.11955364793539047,0.4010448157787323,0.06105969846248627,-0.09948831796646118,0.36211228370666504,0.017343061044812202,0.14025770127773285,0.7086339592933655,0.23557983338832855,-0.09842374175786972,0.6835667490959167,0.21512287855148315
183,0.029083535075187683,-0.6090090870857239,-0.3748665153980255,0.16174961626529694,-0.4860757887363434,-0.1938663274049759,0.2654504179954529,-0.6905367374420166,-0.25225046277046204,-0.1192130446434021,-0.501207172870636,-0.22980472445487976,-0.21414747834205627,-0.67951500415802,-0.33246898651123047,0.3238080143928528,-0.9006922841072083,-0.32575124502182007,-0.22867107391357422,-0.9067865014076233,-0.4365597367286682,0.10888545960187912,0.0021966618951410055,0.011314106173813343,-0.10917459428310394,-0.0027516474947333336,-0.01007586158812046,0.11365219950675964,0.400116890668869,0.041938163340091705,-0.10437814146280289,0.3651171922683716,0.015682976692914963,0.13116170465946198,0.7112470269203186,0.2018154412508011,-0.09966575354337692,0.6898715496063232,0.2127518206834793
184,0.03198502957820892,-0.6096611022949219,-0.37278345227241516,0.16416768729686737,-0.4862709939479828,-0.18436308205127716,0.27250009775161743,-0.6913579106330872,-0.23056510090827942,-0.11690647900104523,-0.5023306608200073,-0.23029036819934845,-0.2068471759557724,-0.6860266923904419,-0.33118706941604614,0.3269246518611908,-0.9012711644172668,-0.299205482006073,-0.2170751839876175,-0.9055876135826111,-0.42523521184921265,0.10862983763217926,0.0021587603259831667,0.011772525496780872,-0.10893002152442932,-0.0027223769575357437,-0.010500074364244938,0.11328323185443878,0.40474528074264526,0.04534667357802391,-0.0978766605257988,0.37099912762641907,0.020623916760087013,0.13524262607097626,0.7169310450553894,0.20201654732227325,-0.09962425380945206,0.7018673419952393,0.21110935509204865
185,0.028000766411423683,-0.6133514046669006,-0.3637544512748718,0.16362443566322327,-0.4868743419647217,-0.18457871675491333,0.27241313457489014,-0.6916109323501587,-0.2311052531003952,-0.11829881370067596,-0.5077444314956665,-0.208017036318779,-0.21125905215740204,-0.700563907623291,-0.2845979332923889,0.321769654750824,-0.8958791494369507,-0.29952943325042725,-0.218766987323761,-0.9144479632377625,-0.38093239068984985,0.10843522101640701,0.002177637768909335,0.005517731420695782,-0.1087183728814125,-0.00274827447719872,-0.004254293628036976,0.11007273197174072,0.40454912185668945,0.04437223821878433,-0.0987795889377594,0.37531542778015137,0.03963989019393921,0.14513367414474487,0.7236701846122742,0.18818682432174683,-0.0833960697054863,0.7103081941604614,0.20799288153648376
186,0.03253120183944702,-0.6217837929725647,-0.3457321226596832,0.16432809829711914,-0.49478617310523987,-0.1621428281068802,0.27089861035346985,-0.6989064812660217,-0.21533405780792236,-0.11828778684139252,-0.5109548568725586,-0.2031802386045456,-0.21130095422267914,-0.7082306742668152,-0.2894716262817383,0.31781673431396484,-0.8967738747596741,-0.29350149631500244,-0.2196475714445114,-0.9189723134040833,-0.38280606269836426,0.10832080245018005,0.002168704057112336,0.00625018822029233,-0.10858296602964401,-0.002743945922702551,-0.004986194893717766,0.10491406917572021,0.4082421064376831,0.0456349141895771,-0.09895400702953339,0.37882018089294434,0.04082406684756279,0.13670426607131958,0.7288776636123657,0.19470199942588806,-0.08480164408683777,0.7088872790336609,0.21158234775066376
187,0.03208128362894058,-0.6221163868904114,-0.34803056716918945,0.16263870894908905,-0.49556392431259155,-0.16511812806129456,0.26487046480178833,-0.700535237789154,-0.21739736199378967,-0.11859521269798279,-0.5107764005661011,-0.20581312477588654,-0.21179787814617157,-0.7050259709358215,-0.29158204793930054,0.3168836832046509,-0.898755669593811,-0.29278284311294556,-0.2204567790031433,-0.9076905846595764,-0.3993014097213745,0.10799453407526016,0.0021220361813902855,0.006471925415098667,-0.1082339882850647,-0.0027035109233111143,-0.005189132876694202,0.10020915418863297,0.40842950344085693,0.0444524772465229,-0.09823057055473328,0.38184022903442383,0.03848714753985405,0.1326238214969635,0.7330752611160278,0.18894802033901215,-0.08561588078737259,0.7170201539993286,0.20457355678081512
188,0.03444046527147293,-0.626041829586029,-0.34610703587532043,0.16429883241653442,-0.4982894957065582,-0.16254939138889313,0.2669670879840851,-0.7055214643478394,-0.21173152327537537,-0.11836330592632294,-0.5120137929916382,-0.20630401372909546,-0.21147379279136658,-0.7059279084205627,-0.29564574360847473,0.31559139490127563,-0.899154543876648,-0.28324323892593384,-0.2190747708082199,-0.9081352949142456,-0.3968523442745209,0.10773362964391708,0.0021457853727042675,0.00663595600053668,-0.10796742886304855,-0.00273434491828084,-0.005352122243493795,0.09878648072481155,0.4100966453552246,0.044308099895715714,-0.09461033344268799,0.38296282291412354,0.043128009885549545,0.13088691234588623,0.7334215641021729,0.18993936479091644,-0.08462095260620117,0.7176598906517029,0.2074485868215561
189,0.028996065258979797,-0.6315943598747253,-0.335481733083725,0.16023024916648865,-0.5016387104988098,-0.15584468841552734,0.2619965374469757,-0.709064245223999,-0.2032652050256729,-0.12157212942838669,-0.5141263008117676,-0.19518236815929413,-0.21607623994350433,-0.7074437737464905,-0.28950321674346924,0.3127886652946472,-0.9058229923248291,-0.2720309793949127,-0.22085176408290863,-0.9090428948402405,-0.38730838894844055,0.10749170184135437,0.0021960712037980556,0.006292292848229408,-0.10771515965461731,-0.002787231467664242,-0.005039111711084843,0.09755925834178925,0.41039350628852844,0.04381922632455826,-0.09603684395551682,0.3841736912727356,0.048984941095113754,0.12896563112735748,0.7349556684494019,0.1904575675725937,-0.09047720581293106,0.7181509137153625,0.21561726927757263
190,0.033539820462465286,-0.6324030756950378,-0.33273643255233765,0.16144412755966187,-0.5036478638648987,-0.1444908082485199,0.2626911997795105,-0.7129165530204773,-0.18285562098026276,-0.12058821320533752,-0.5141491889953613,-0.196970596909523,-0.2137211263179779,-0.7065763473510742,-0.29139888286590576,0.312166303396225,-0.9069650173187256,-0.25264737010002136,-0.21810217201709747,-0.905826210975647,-0.38843676447868347,0.10725555568933487,0.00212659128010273,0.009467195719480515,-0.10748568177223206,-0.0027227315586060286,-0.008192404173314571,0.09869284182786942,0.4126335084438324,0.05206042155623436,-0.09600573778152466,0.3851008117198944,0.045900847762823105,0.13349373638629913,0.7359637022018433,0.1910310536623001,-0.0973629578948021,0.7234215140342712,0.2015942931175232
191,0.02824743464589119,-0.6345290541648865,-0.32278963923454285,0.15976138412952423,-0.505068302154541,-0.14486223459243774,0.2600076496601105,-0.7149419188499451,-0.18754610419273376,-0.12262891232967377,-0.5150933861732483,-0.18024645745754242,-0.21684040129184723,-0.7086302638053894,-0.2691372334957123,0.30002209544181824,-0.9098087549209595,-0.25660982728004456,-0.22181570529937744,-0.9097470641136169,-0.364483505487442,0.1070982962846756,0.0022276761010289192,0.007399255875498056,-0.10731415450572968,-0.002818785374984145,-0.0061814808286726475,0.09846080839633942,0.41250649094581604,0.039562828838825226,-0.09718425571918488,0.3849335312843323,0.053321171551942825,0.13374987244606018,0.7366092801094055,0.17715057730674744,-0.09611274302005768,0.7205440998077393,0.2182864397764206
192,0.028331918641924858,-0.6363976001739502,-0.3179643750190735,0.15929672122001648,-0.5074207186698914,-0.1340622752904892,0.25738149881362915,-0.7199623584747314,-0.17055724561214447,-0.12334379553794861,-0.5154101252555847,-0.18131288886070251,-0.21806594729423523,-0.7102964520454407,-0.26942530274391174,0.28848522901535034,-0.9101751446723938,-0.23646558821201324,-0.22186392545700073,-0.909738302230835,-0.34736984968185425,0.10694845765829086,0.0023333397693932056,0.007883059792220592,-0.10716304928064346,-0.0029296448919922113,-0.006642012391239405,0.09398923069238663,0.41565683484077454,0.03941796347498894,-0.09725567698478699,0.3850827217102051,0.04628749191761017,0.12896782159805298,0.741409957408905,0.17406225204467773,-0.09677690267562866,0.7231032848358154,0.198988676071167
193,0.025636397302150726,-0.6355407238006592,-0.31970450282096863,0.1548149585723877,-0.5076688528060913,-0.1334339827299118,0.2553464472293854,-0.7211515307426453,-0.1685207188129425,-0.1272956132888794,-0.515380859375,-0.1864449381828308,-0.2201874703168869,-0.7090585827827454,-0.28191617131233215,0.2881409525871277,-0.9153751730918884,-0.2356734722852707,-0.22201210260391235,-0.9075692892074585,-0.35526609420776367,0.10684753954410553,0.002371840411797166,0.009258653037250042,-0.10706797242164612,-0.002968053100630641,-0.008024415001273155,0.0940839871764183,0.41636958718299866,0.039705533534288406,-0.09700587391853333,0.38505756855010986,0.03893610090017319,0.1273321658372879,0.7486603260040283,0.17112983763217926,-0.09671802818775177,0.7260411977767944,0.1863069385290146
194,0.03318643942475319,-0.6347919702529907,-0.322430819272995,0.16014567017555237,-0.5061969757080078,-0.13546061515808105,0.25680580735206604,-0.7158526182174683,-0.1706777662038803,-0.12011508643627167,-0.5149582028388977,-0.1913749724626541,-0.20617039501667023,-0.7048696279525757,-0.29728373885154724,0.3001481890678406,-0.9125723838806152,-0.23804526031017303,-0.20922762155532837,-0.9063149094581604,-0.391228049993515,0.10664799064397812,0.0023370804265141487,0.009693345054984093,-0.1068686917424202,-0.0029343238566070795,-0.008450400084257126,0.09547373652458191,0.4162849187850952,0.03925482928752899,-0.09230122715234756,0.38553333282470703,0.038271233439445496,0.12687569856643677,0.747898519039154,0.16987498104572296,-0.09543897956609726,0.7259952425956726,0.18773013353347778
195,0.031023016199469566,-0.6309691667556763,-0.32433006167411804,0.15766417980194092,-0.5050036907196045,-0.14345614612102509,0.2525404989719391,-0.7160735726356506,-0.1906631886959076,-0.12263321131467819,-0.5133556723594666,-0.19175508618354797,-0.20762291550636292,-0.7040987014770508,-0.3003767728805542,0.2820013761520386,-0.9153996706008911,-0.25770652294158936,-0.20979981124401093,-0.9064203500747681,-0.39475998282432556,0.10658523440361023,0.0025771234650164843,0.007095044478774071,-0.10680156946182251,-0.00316416984423995,-0.0059049190022051334,0.09228460490703583,0.4160977303981781,0.028967076912522316,-0.09339472651481628,0.38577136397361755,0.04241417348384857,0.12784460186958313,0.7499415278434753,0.1472988873720169,-0.0924101173877716,0.7280800342559814,0.18838931620121002
196,0.03364405408501625,-0.6304306387901306,-0.32794052362442017,0.15844117105007172,-0.5033559799194336,-0.14417091012001038,0.2526230216026306,-0.7089974880218506,-0.19017547369003296,-0.11887052655220032,-0.5119130611419678,-0.19648826122283936,-0.20370307564735413,-0.6927117705345154,-0.30775395035743713,0.29020121693611145,-0.9097924828529358,-0.25731587409973145,-0.20885929465293884,-0.8967817425727844,-0.40879231691360474,0.10626944154500961,0.0026084212586283684,0.007641308940947056,-0.10648244619369507,-0.003195676486939192,-0.006425065919756889,0.09243127703666687,0.41652581095695496,0.027874689549207687,-0.0919250100851059,0.3859788477420807,0.041055530309677124,0.12941522896289825,0.7512023448944092,0.14763428270816803,-0.09141729772090912,0.7281229496002197,0.18865469098091125
197,0.030392147600650787,-0.6276269555091858,-0.32829001545906067,0.1561076045036316,-0.5026318430900574,-0.14502185583114624,0.25229090452194214,-0.7091776728630066,-0.1923942267894745,-0.121378093957901,-0.5104949474334717,-0.1965557187795639,-0.2040400356054306,-0.6933136582374573,-0.30745428800582886,0.2805277705192566,-0.9049911499023438,-0.2612440884113312,-0.2115214616060257,-0.8990100622177124,-0.4028220474720001,0.10619383305311203,0.002511402824893594,0.008131785318255424,-0.10640636831521988,-0.0031046979129314423,-0.006923388689756393,0.09232902526855469,0.41648972034454346,0.03390808403491974,-0.08741746097803116,0.38870367407798767,0.03373623639345169,0.13172727823257446,0.7509436011314392,0.1501649022102356,-0.08371178060770035,0.7393094897270203,0.17393071949481964
198,0.021525802090764046,-0.6295321583747864,-0.31025007367134094,0.15187674760818481,-0.5045522451400757,-0.1225631982088089,0.24719339609146118,-0.7095003128051758,-0.15617503225803375,-0.1310087889432907,-0.5104039311408997,-0.17648422718048096,-0.2238118201494217,-0.69361412525177,-0.26860350370407104,0.2770756781101227,-0.9043139219284058,-0.2223328799009323,-0.22754183411598206,-0.9007900953292847,-0.34719881415367126,0.10613871365785599,0.0025161781813949347,0.008681576699018478,-0.10635042190551758,-0.0031106595415621996,-0.007479991763830185,0.08907744288444519,0.4177682399749756,0.0356057807803154,-0.09620899707078934,0.3878552317619324,0.03290824592113495,0.12311038374900818,0.7587696313858032,0.14963118731975555,-0.09129597991704941,0.7385135889053345,0.16722773015499115
199,0.02312348783016205,-0.6378490328788757,-0.2912096083164215,0.15629643201828003,-0.5099565982818604,-0.10531660914421082,0.253201425075531,-0.7164013981819153,-0.133870467543602,-0.12985484302043915,-0.5179094672203064,-0.15492522716522217,-0.22306706011295319,-0.7108634114265442,-0.22327697277069092,0.2893453538417816,-0.9109319448471069,-0.20132242143154144,-0.22795118391513824,-0.9225599765777588,-0.2888385057449341,0.10608316957950592,0.002520329551771283,0.008881054818630219,-0.10629536956548691,-0.003116142936050892,-0.00771177327260375,0.08988036215305328,0.41811269521713257,0.03762355446815491,-0.08863426744937897,0.38851398229599,0.031087379902601242,0.12333957105875015,0.7610834836959839,0.14994868636131287,-0.08531926572322845,0.7413825392723083,0.16306225955486298
200,0.023325389251112938,-0.6356562972068787,-0.2978501617908478,0.1539672166109085,-0.5098379254341125,-0.11136642843484879,0.24814769625663757,-0.7176811099052429,-0.15008258819580078,-0.1301993429660797,-0.516301155090332,-0.16616907715797424,-0.22283652424812317,-0.7061696648597717,-0.25827866792678833,0.2782098054885864,-0.9147184491157532,-0.21481387317180634,-0.22761212289333344,-0.9160651564598083,-0.3337942361831665,0.10603776574134827,0.002556651597842574,0.008940143510699272,-0.10625094175338745,-0.00315622566267848,-0.0077689699828624725,0.08828699588775635,0.4197232127189636,0.0419558547437191,-0.09399984031915665,0.38841956853866577,0.0313589833676815,0.12464949488639832,0.7614596486091614,0.15294039249420166,-0.08730904012918472,0.7412183880805969,0.16440166532993317
201,0.023315994068980217,-0.6354498863220215,-0.3000214993953705,0.15396468341350555,-0.509674608707428,-0.1176404133439064,0.2480715960264206,-0.7176482081413269,-0.1569657176733017,-0.13005681335926056,-0.5161492228507996,-0.1679946631193161,-0.223347008228302,-0.7058956027030945,-0.26083076000213623,0.2786303460597992,-0.9116436839103699,-0.2233896106481552,-0.23027271032333374,-0.9154090881347656,-0.33712124824523926,0.10582900792360306,0.00253299786709249,0.008906255476176739,-0.10603123903274536,-0.003129730699583888,-0.0077340262942016125,0.0896761417388916,0.4197204113006592,0.0395691804587841,-0.09350188821554184,0.3886348009109497,0.03222104161977768,0.12696856260299683,0.7611956000328064,0.15080100297927856,-0.08790810406208038,0.7400226593017578,0.16853845119476318
202,0.022826192900538445,-0.6354038119316101,-0.28805339336395264,0.15289878845214844,-0.510991096496582,-0.10617460310459137,0.24402432143688202,-0.72137850522995,-0.1480974555015564,-0.13317322731018066,-0.5150701403617859,-0.15494124591350555,-0.22427687048912048,-0.7057806849479675,-0.2387857735157013,0.2521815299987793,-0.9116309881210327,-0.21460261940956116,-0.23125548660755157,-0.9148753881454468,-0.3014411926269531,0.10588844865560532,0.0025060654152184725,0.009241816587746143,-0.10609062761068344,-0.003106700489297509,-0.008061103522777557,0.08948029577732086,0.41971567273139954,0.040658704936504364,-0.09456812590360641,0.3883366286754608,0.02947281114757061,0.12463601678609848,0.76088547706604,0.15202903747558594,-0.09010973572731018,0.740276038646698,0.15981484949588776
203,0.022735999897122383,-0.6418680548667908,-0.28991493582725525,0.15320436656475067,-0.513892650604248,-0.10534968227148056,0.24700990319252014,-0.723281979560852,-0.13861559331417084,-0.13303321599960327,-0.517829418182373,-0.15628522634506226,-0.22864623367786407,-0.7076826095581055,-0.23514114320278168,0.27616018056869507,-0.9154312014579773,-0.20653754472732544,-0.2373146265745163,-0.9160788655281067,-0.3033381700515747,0.1058010458946228,0.0025016749277710915,0.00947718508541584,-0.10600744932889938,-0.0031032836996018887,-0.008304089307785034,0.08993732184171677,0.4195006787776947,0.043333716690540314,-0.09160818159580231,0.38834813237190247,0.03009950928390026,0.12463472783565521,0.7608094811439514,0.15464995801448822,-0.0873725414276123,0.7398555874824524,0.16224664449691772
204,0.02011490985751152,-0.6390942335128784,-0.3065776824951172,0.15138506889343262,-0.5111401081085205,-0.1214095950126648,0.24471886456012726,-0.7178640961647034,-0.1611415445804596,-0.13354140520095825,-0.5158437490463257,-0.1656489074230194,-0.23240074515342712,-0.7051076889038086,-0.2578696012496948,0.2772693932056427,-0.913004457950592,-0.23139138519763947,-0.24237672984600067,-0.9148856401443481,-0.34747347235679626,0.10577838867902756,0.002433831337839365,0.009040751494467258,-0.10598792880773544,-0.00304031022824347,-0.007872448302805424,0.08618815988302231,0.4197804927825928,0.041606999933719635,-0.0942133367061615,0.3892630636692047,0.030733652412891388,0.11968202143907547,0.7607437372207642,0.1547309160232544,-0.08814141899347305,0.7416888475418091,0.16334469616413116
205,0.02671763487160206,-0.6436371207237244,-0.2813962697982788,0.1588691771030426,-0.5159515142440796,-0.10521675646305084,0.2501923739910126,-0.7277707457542419,-0.1474582850933075,-0.13273167610168457,-0.518621563911438,-0.1394321769475937,-0.23110148310661316,-0.7237817049026489,-0.20735427737236023,0.2690020501613617,-0.9128729701042175,-0.21224968135356903,-0.24191436171531677,-0.9337364435195923,-0.26456648111343384,0.10581820458173752,0.002507062628865242,0.008713512681424618,-0.10601360350847244,-0.0031130772549659014,-0.0075387246906757355,0.08676746487617493,0.4198777973651886,0.0384582057595253,-0.0928967222571373,0.38855957984924316,0.031806692481040955,0.11975783854722977,0.7604682445526123,0.14976343512535095,-0.08782335370779037,0.7349459528923035,0.1663326770067215
206,0.014772191643714905,-0.6356391310691833,-0.31192606687545776,0.1520397961139679,-0.5054362416267395,-0.13631907105445862,0.24488182365894318,-0.7092953324317932,-0.19212867319583893,-0.13338279724121094,-0.5097154974937439,-0.170016348361969,-0.23096798360347748,-0.696971595287323,-0.2734786570072174,0.2768610417842865,-0.9102144837379456,-0.26427724957466125,-0.2420840859413147,-0.9144874811172485,-0.37461498379707336,0.10581842064857483,0.0023673642426729202,0.008584466762840748,-0.10601842403411865,-0.002973381197080016,-0.007412240840494633,0.08469545096158981,0.41994383931159973,0.038223907351493835,-0.09372251480817795,0.3911672532558441,0.031142713502049446,0.11927113682031631,0.7603251934051514,0.1520640254020691,-0.08815301209688187,0.744988203048706,0.16614930331707
207,0.03301972523331642,-0.6347130537033081,-0.3207494914531708,0.1587354987859726,-0.5052789449691772,-0.13580071926116943,0.25259095430374146,-0.7101192474365234,-0.1860145479440689,-0.12188868969678879,-0.5103436708450317,-0.1952718198299408,-0.20527447760105133,-0.6976042985916138,-0.31884294748306274,0.3036988377571106,-0.9094308614730835,-0.25654444098472595,-0.21074984967708588,-0.9085919260978699,-0.4237409830093384,0.10567677021026611,0.002474014414474368,0.009853122755885124,-0.10587772727012634,-0.003073511179536581,-0.008673316799104214,0.09043760597705841,0.41985026001930237,0.03692937642335892,-0.09042613953351974,0.3907344341278076,0.035395145416259766,0.12343017011880875,0.7588308453559875,0.15274733304977417,-0.08696603029966354,0.7333604693412781,0.19124677777290344
208,0.02665049023926258,-0.627595067024231,-0.33128151297569275,0.1559249609708786,-0.5020138025283813,-0.15244783461093903,0.2524435222148895,-0.7079376578330994,-0.20879575610160828,-0.1232384666800499,-0.5069020986557007,-0.19546204805374146,-0.20720557868480682,-0.6933816075325012,-0.30765748023986816,0.2837159037590027,-0.900374174118042,-0.27756088972091675,-0.21422815322875977,-0.9045332074165344,-0.40629443526268005,0.10563259571790695,0.002478957176208496,0.00816759467124939,-0.10583113133907318,-0.0030780937522649765,-0.006980427075177431,0.09106099605560303,0.41887861490249634,0.03336149826645851,-0.09011384844779968,0.3907000720500946,0.037519123405218124,0.13099239766597748,0.7561932802200317,0.15269209444522858,-0.08519072830677032,0.7336122393608093,0.1892118901014328
209,0.03003953956067562,-0.6298914551734924,-0.31889766454696655,0.15884779393672943,-0.5046206116676331,-0.13915616273880005,0.25623542070388794,-0.7139097452163696,-0.18787170946598053,-0.12358935922384262,-0.5074504613876343,-0.18304742872714996,-0.20803655683994293,-0.7059827446937561,-0.2615150213241577,0.28245052695274353,-0.8997340202331543,-0.25415337085723877,-0.216779887676239,-0.9153361916542053,-0.3164774179458618,0.10563992708921432,0.0024894780945032835,0.008383868262171745,-0.10583886504173279,-0.0030889324843883514,-0.007199503015726805,0.0922744870185852,0.42020222544670105,0.03143494576215744,-0.09026046097278595,0.39057543873786926,0.03732529655098915,0.13267198204994202,0.7561708092689514,0.1517031192779541,-0.08762931078672409,0.7319768667221069,0.18834351003170013
210,0.019776610657572746,-0.6297470927238464,-0.3206641972064972,0.1519996076822281,-0.5039845108985901,-0.14132405817508698,0.24972715973854065,-0.7140614986419678,-0.1894732564687729,-0.12821310758590698,-0.5075563192367554,-0.18407666683197021,-0.21824420988559723,-0.7049563527107239,-0.2694592773914337,0.2765224277973175,-0.9078903794288635,-0.2560074031352997,-0.2280167043209076,-0.915170431137085,-0.3388485908508301,0.10553488880395889,0.0025276942178606987,0.007662009913474321,-0.10573788732290268,-0.0031277332454919815,-0.006495344918221235,0.0900455042719841,0.4197409749031067,0.032182712107896805,-0.09235221892595291,0.3904814124107361,0.03744380548596382,0.13136416673660278,0.7563991546630859,0.15262176096439362,-0.08754844218492508,0.7343122959136963,0.18520602583885193
211,0.0309428907930851,-0.6310600638389587,-0.3212035000324249,0.1591104418039322,-0.5039210319519043,-0.13560478389263153,0.25998571515083313,-0.7115445137023926,-0.17052404582500458,-0.12149910628795624,-0.5096064805984497,-0.19220493733882904,-0.211189404129982,-0.7048241496086121,-0.2955129146575928,0.3141980767250061,-0.9054399132728577,-0.23900243639945984,-0.2152872085571289,-0.910658597946167,-0.38559725880622864,0.10551571846008301,0.0025734377559274435,0.009844483807682991,-0.10572084784507751,-0.0031720821280032396,-0.00866143498569727,0.09812041372060776,0.4195050895214081,0.033286839723587036,-0.08963284641504288,0.38825634121894836,0.04270780086517334,0.13292640447616577,0.7536749243736267,0.1586015820503235,-0.08675312995910645,0.7211971879005432,0.21252155303955078
212,0.024818437173962593,-0.6305359601974487,-0.32129549980163574,0.1565425843000412,-0.5037782788276672,-0.14344608783721924,0.255481481552124,-0.7116449475288391,-0.19509583711624146,-0.12570820748806,-0.5088449716567993,-0.1845230907201767,-0.21890953183174133,-0.7033241987228394,-0.27940690517425537,0.2785801589488983,-0.9051812291145325,-0.26160287857055664,-0.22564196586608887,-0.9098128080368042,-0.36739984154701233,0.10555697232484818,0.0025983622763305902,0.005680956412106752,-0.10575944930315018,-0.003196152625605464,-0.004502482246607542,0.0965619683265686,0.4180816411972046,0.025542346760630608,-0.09086810052394867,0.3882405459880829,0.04943262040615082,0.1354791224002838,0.7529314756393433,0.14807967841625214,-0.08554079383611679,0.721943199634552,0.21035070717334747
213,0.026517219841480255,-0.6316792368888855,-0.3165987432003021,0.16079546511173248,-0.5044795274734497,-0.13542219996452332,0.2646515369415283,-0.7118310928344727,-0.1729956567287445,-0.12391182780265808,-0.5109904408454895,-0.18103885650634766,-0.21645855903625488,-0.7078283429145813,-0.2600157856941223,0.2956288754940033,-0.9050989151000977,-0.23528414964675903,-0.21959300339221954,-0.9171704053878784,-0.3295827805995941,0.10552070289850235,0.002610208932310343,0.0062600779347121716,-0.10572904348373413,-0.00320802116766572,-0.00510318111628294,0.09828262776136398,0.41787901520729065,0.03179877623915672,-0.08873341977596283,0.38817036151885986,0.04914598539471626,0.13713766634464264,0.7513033747673035,0.15800853073596954,-0.08476229012012482,0.7220054268836975,0.2096492350101471
214,0.02153257094323635,-0.6317794919013977,-0.30742916464805603,0.1563020646572113,-0.5054954290390015,-0.12694606184959412,0.2603045403957367,-0.7126078009605408,-0.1653926968574524,-0.13152363896369934,-0.5098915696144104,-0.1670847088098526,-0.23242060840129852,-0.703717052936554,-0.24849365651607513,0.2817498743534088,-0.904640793800354,-0.22646701335906982,-0.23173195123672485,-0.9139330387115479,-0.3191082179546356,0.10551996529102325,0.002587383845821023,0.006174941081553698,-0.10572730004787445,-0.003185075707733631,-0.0050219944678246975,0.09712772816419601,0.4164183437824249,0.03196384012699127,-0.089420847594738,0.38813549280166626,0.04728465899825096,0.1361507922410965,0.7512724995613098,0.1576346457004547,-0.08406707644462585,0.725184440612793,0.19669796526432037
215,0.03421645984053612,-0.6330516338348389,-0.3077222406864166,0.1659032106399536,-0.5059330463409424,-0.12468027323484421,0.2801981568336487,-0.7132691144943237,-0.1533728688955307,-0.12668058276176453,-0.5109940767288208,-0.16790199279785156,-0.23208075761795044,-0.7012749910354614,-0.252898246049881,0.3159395158290863,-0.904919445514679,-0.21209420263767242,-0.23155632615089417,-0.9066893458366394,-0.3394194543361664,0.10549455136060715,0.0026960009709000587,0.006786269135773182,-0.10570475459098816,-0.0032890376169234514,-0.005628006998449564,0.0967104509472847,0.41641587018966675,0.0330079160630703,-0.0874808132648468,0.3877718150615692,0.04717901349067688,0.1303994059562683,0.7537906765937805,0.15629412233829498,-0.07883172482252121,0.7252023816108704,0.19666853547096252
216,0.010889043100178242,-0.6330510377883911,-0.3300406038761139,0.15429046750068665,-0.5024644136428833,-0.14029720425605774,0.27148401737213135,-0.7012041807174683,-0.16230829060077667,-0.139529287815094,-0.5078225135803223,-0.17387273907661438,-0.2614558935165405,-0.6969223022460938,-0.25369787216186523,0.31278324127197266,-0.8953565955162048,-0.22281886637210846,-0.25502923130989075,-0.9065241813659668,-0.33983010053634644,0.10565108805894852,0.002708004554733634,0.006642535794526339,-0.1058637946844101,-0.003306939732283354,-0.005484715104103088,0.09123968333005905,0.41665518283843994,0.03614327684044838,-0.09160814434289932,0.3877440094947815,0.04727214202284813,0.12457689642906189,0.7554628849029541,0.15780672430992126,-0.08073433488607407,0.7264896631240845,0.19608913362026215
217,0.013760783709585667,-0.639064610004425,-0.2994580864906311,0.1581207662820816,-0.5030524134635925,-0.10610942542552948,0.27454623579978943,-0.6982948184013367,-0.120998814702034,-0.1388341337442398,-0.509248673915863,-0.14143642783164978,-0.26398175954818726,-0.6970195770263672,-0.19564935564994812,0.31493523716926575,-0.8949946761131287,-0.18026065826416016,-0.2536500096321106,-0.9081213474273682,-0.26701420545578003,0.10602250695228577,0.0026473349425941706,0.006658305414021015,-0.10624372214078903,-0.0032622150611132383,-0.005500230938196182,0.08856833726167679,0.41765153408050537,0.042359232902526855,-0.09082729369401932,0.38817813992500305,0.04639343544840813,0.12024936825037003,0.7567333579063416,0.16487319767475128,-0.07786424458026886,0.7295165657997131,0.19085705280303955
218,0.012100597843527794,-0.6475175619125366,-0.26114320755004883,0.1581314504146576,-0.5087835192680359,-0.07680162787437439,0.27696987986564636,-0.6982308626174927,-0.0942954421043396,-0.14458955824375153,-0.515304684638977,-0.09731651097536087,-0.2759171426296234,-0.7028138637542725,-0.14644229412078857,0.31359487771987915,-0.9002211093902588,-0.14784152805805206,-0.2584344446659088,-0.9142592549324036,-0.22052602469921112,0.10623805969953537,0.002665594220161438,0.003884892212226987,-0.10644960403442383,-0.003286468330770731,-0.0027505296748131514,0.08661661297082901,0.41734325885772705,0.04272869974374771,-0.09435732662677765,0.3872218728065491,0.04765993356704712,0.12036939710378647,0.7572343349456787,0.16450636088848114,-0.08438219130039215,0.7303349375724792,0.1884385198354721
219,0.012603006325662136,-0.6652216911315918,-0.19371603429317474,0.16379326581954956,-0.5194766521453857,-0.024323657155036926,0.2924318015575409,-0.6963717937469482,-0.04493089020252228,-0.144121453166008,-0.5187674164772034,-0.02848096564412117,-0.27819469571113586,-0.7006792426109314,-0.06837184727191925,0.3129485845565796,-0.9012991786003113,-0.08490210026502609,-0.2606779932975769,-0.910296618938446,-0.13417914509773254,0.1068263053894043,0.002566457958891988,0.002956518903374672,-0.1070123240351677,-0.0031858119182288647,-0.0018387529999017715,0.0870150700211525,0.4161487817764282,0.04475948587059975,-0.09413379430770874,0.38607677817344666,0.047988176345825195,0.12078135460615158,0.7563612461090088,0.1695270538330078,-0.08241543918848038,0.7273194193840027,0.18865278363227844
220,0.013454650528728962,-0.6709785461425781,-0.18757887184619904,0.1689424216747284,-0.5188348889350891,-0.018517330288887024,0.3008056581020355,-0.682231068611145,-0.04046040028333664,-0.14422909915447235,-0.5193856954574585,-0.018406329676508904,-0.2840002775192261,-0.6979339718818665,-0.05402534827589989,0.3135843873023987,-0.9020435214042664,-0.07363591343164444,-0.25797396898269653,-0.9035901427268982,-0.10737735778093338,0.10747841000556946,0.0025781113654375076,0.0011351847788318992,-0.10765253752470016,-0.0031965828966349363,-7.89317418821156e-05,0.08703061193227768,0.41600489616394043,0.045337844640016556,-0.09689905494451523,0.3841824531555176,0.05529007315635681,0.12061093747615814,0.7549502849578857,0.1732003390789032,-0.0883404091000557,0.7224879860877991,0.2024192065000534
221,0.012576368637382984,-0.6688482165336609,-0.15273499488830566,0.16828200221061707,-0.5185714960098267,0.022727634757757187,0.32028862833976746,-0.6305798888206482,-0.009276939556002617,-0.1472022831439972,-0.5105592012405396,0.02527325041592121,-0.30358779430389404,-0.601728081703186,0.00488064531236887,0.3047778904438019,-0.8364208340644836,-0.05204367637634277,-0.25747182965278625,-0.784404456615448,-0.03237114101648331,0.10749741643667221,0.002747342921793461,0.0011336561292409897,-0.10766254365444183,-0.0033324947580695152,-7.655553054064512e-05,0.08359741419553757,0.41839131712913513,0.02361898496747017,-0.10299838334321976,0.38432061672210693,0.03983161225914955,0.10881030559539795,0.7589760422706604,0.13168829679489136,-0.09787300229072571,0.7246056795120239,0.15727689862251282
222,0.018135717138648033,-0.6686267852783203,-0.17462404072284698,0.17058540880680084,-0.5168833136558533,0.004122055135667324,0.3309467136859894,-0.5709453225135803,-0.021824676543474197,-0.1456165760755539,-0.5081058740615845,0.011437860317528248,-0.3018838167190552,-0.5588185787200928,-0.003581846132874489,0.30453699827194214,-0.7753834128379822,-0.11441463232040405,-0.2514958083629608,-0.7405766248703003,-0.05722062289714813,0.10751453787088394,0.002800301881507039,0.0005099836271256208,-0.10767080634832382,-0.003374791005626321,0.0005133423255756497,0.08350101858377457,0.4212714731693268,0.02465483546257019,-0.09912209957838058,0.3849501609802246,0.04153341427445412,0.11106039583683014,0.7575741410255432,0.13680961728096008,-0.09748035669326782,0.724678099155426,0.16667138040065765
223,0.017048818990588188,-0.6682432293891907,-0.18164752423763275,0.1695445477962494,-0.5107620358467102,-0.003549552522599697,0.32684826850891113,-0.5235573649406433,-0.04114240035414696,-0.1458817571401596,-0.5033729076385498,0.008561324328184128,-0.30589696764945984,-0.5163720846176147,-0.017317725345492363,0.2907108664512634,-0.7266899347305298,-0.151587575674057,-0.2513858377933502,-0.6907843351364136,-0.08469848334789276,0.10755728930234909,0.00297073763795197,-8.658839942654595e-05,-0.10770538449287415,-0.003531835740432143,0.0010492787696421146,0.08208651840686798,0.4228084981441498,0.019551774486899376,-0.10150056332349777,0.3851950466632843,0.04282736778259277,0.10721489787101746,0.7578115463256836,0.13653700053691864,-0.10300150513648987,0.7243311405181885,0.17525692284107208
224,0.02144267037510872,-0.6678646206855774,-0.17919279634952545,0.17064109444618225,-0.49516457319259644,-0.0024903067387640476,0.3040148615837097,-0.4673423171043396,-0.060073770582675934,-0.13880236446857452,-0.49843695759773254,0.011555694043636322,-0.28922024369239807,-0.486020565032959,-0.02503322996199131,0.28179535269737244,-0.6754201650619507,-0.17795169353485107,-0.22898130118846893,-0.6531289219856262,-0.14550568163394928,0.10750976204872131,0.0029662458691745996,-8.62176893861033e-05,-0.10763954371213913,-0.0035262620076537132,0.0010356861166656017,0.08225679397583008,0.4229479134082794,0.018436890095472336,-0.09682164341211319,0.38532117009162903,0.03963622823357582,0.10772412270307541,0.7522820830345154,0.14962881803512573,-0.09312215447425842,0.7232515215873718,0.1759742945432663
225,0.019067546352744102,-0.6648935079574585,-0.1811845600605011,0.1701522171497345,-0.4873073399066925,-0.007981003262102604,0.2783178985118866,-0.4299171268939972,-0.11060738563537598,-0.138521209359169,-0.48945364356040955,0.0072020054794847965,-0.2812367081642151,-0.43098220229148865,-0.07149312645196915,0.25817281007766724,-0.6336039900779724,-0.24851533770561218,-0.22640027105808258,-0.5937253832817078,-0.23463916778564453,0.10751929879188538,0.003060826798900962,-9.76855808403343e-05,-0.10763915628194809,-0.0036172722466289997,0.0010338934371247888,0.0809684544801712,0.4236675202846527,0.017088770866394043,-0.09745331853628159,0.3853042423725128,0.0391618087887764,0.10313178598880768,0.751882016658783,0.1515343338251114,-0.09303202480077744,0.7220391035079956,0.1802029311656952
226,0.022416871041059494,-0.6556265950202942,-0.18112757802009583,0.17099837958812714,-0.4813489317893982,-0.00327294017188251,0.27691158652305603,-0.4022555649280548,-0.10416565090417862,-0.13655398786067963,-0.476233571767807,0.005013434682041407,-0.26679497957229614,-0.3809088468551636,-0.10247959941625595,0.24963746964931488,-0.5991359949111938,-0.24094125628471375,-0.21242071688175201,-0.5447065830230713,-0.28332221508026123,0.10758288949728012,0.0029746019281446934,0.0005371691077016294,-0.10768808424472809,-0.0035337042063474655,0.0002898063976317644,0.08297330141067505,0.4227735698223114,0.013338864780962467,-0.09321340918540955,0.3854886293411255,0.025762133300304413,0.10413964837789536,0.7505209445953369,0.148434579372406,-0.08743840456008911,0.7240840196609497,0.1650789976119995
227,0.027640588581562042,-0.6525887846946716,-0.17411267757415771,0.17183159291744232,-0.47572413086891174,0.008296789601445198,0.26282092928886414,-0.37004154920578003,-0.10927285999059677,-0.13529621064662933,-0.47091880440711975,0.003842365462332964,-0.24954915046691895,-0.3516066074371338,-0.11952465772628784,0.22872807085514069,-0.5590546727180481,-0.28173619508743286,-0.20217354595661163,-0.4989077150821686,-0.3103412985801697,0.10765247792005539,0.0029226569458842278,0.006787350866943598,-0.10774720460176468,-0.003485532943159342,-0.0060576340183615685,0.08289964497089386,0.42193904519081116,0.011960892006754875,-0.09614566713571548,0.38390183448791504,0.004282900132238865,0.08570495992898941,0.7496397495269775,0.1535540372133255,-0.08641629666090012,0.7230954170227051,0.15306530892848969
228,0.026647021993994713,-0.6452854871749878,-0.16126538813114166,0.1666654497385025,-0.4709602892398834,0.026565853506326675,0.25398290157318115,-0.34918680787086487,-0.10853374749422073,-0.1423405259847641,-0.4636135995388031,0.006869778968393803,-0.24284310638904572,-0.3198390007019043,-0.11230667680501938,0.21822693943977356,-0.5234606266021729,-0.2843547761440277,-0.20493187010288239,-0.45991531014442444,-0.30303990840911865,0.10771717131137848,0.0027962797321379185,0.009300784207880497,-0.10779720544815063,-0.0033554998226463795,-0.008594796992838383,0.07761280238628387,0.42277687788009644,0.012039478868246078,-0.09720775485038757,0.38317573070526123,-0.002786163706332445,0.0827535092830658,0.7513667345046997,0.15055152773857117,-0.0870332419872284,0.7240422964096069,0.1446443498134613
229,0.033242568373680115,-0.6403732299804688,-0.18165796995162964,0.16526103019714355,-0.46719130873680115,0.016618497669696808,0.24192698299884796,-0.33753228187561035,-0.11708621680736542,-0.14647915959358215,-0.4592042863368988,-0.021057473495602608,-0.23525165021419525,-0.29965940117836,-0.13951480388641357,0.20298556983470917,-0.503835141658783,-0.3140164613723755,-0.20149949193000793,-0.43185630440711975,-0.33566462993621826,0.1078888475894928,0.0024590471293777227,0.011108515784144402,-0.10796652734279633,-0.0030419123359024525,-0.010430141352117062,0.0786261111497879,0.4226425290107727,0.01917499676346779,-0.09622546285390854,0.38198620080947876,0.0001053412415785715,0.08465228229761124,0.7472158074378967,0.15906810760498047,-0.08655545115470886,0.722474992275238,0.14736510813236237
230,0.03410420939326286,-0.6328325867652893,-0.18075716495513916,0.16161660850048065,-0.46461328864097595,0.020565545186400414,0.2286192625761032,-0.32709529995918274,-0.11331865936517715,-0.1499885469675064,-0.45503219962120056,-0.01944742538034916,-0.228596493601799,-0.278012216091156,-0.1324232667684555,0.1883738934993744,-0.488494873046875,-0.30912163853645325,-0.19314391911029816,-0.39668023586273193,-0.32768917083740234,0.10795792937278748,0.002192834159359336,0.013096844777464867,-0.10802491009235382,-0.0027832742780447006,-0.012384170666337013,0.0786915197968483,0.422637403011322,0.01872270740568638,-0.09746445715427399,0.3804153501987457,-0.002495379652827978,0.0849962905049324,0.7473433017730713,0.1542513072490692,-0.08575893938541412,0.7214518189430237,0.14712730050086975
231,0.031225858256220818,-0.6331894397735596,-0.16866616904735565,0.16014569997787476,-0.4652259051799774,0.02381281368434429,0.2113954722881317,-0.3267827332019806,-0.11127695441246033,-0.1534012109041214,-0.4561464488506317,-0.012703025713562965,-0.21915370225906372,-0.2679469585418701,-0.13026542961597443,0.1781592071056366,-0.48439261317253113,-0.31235271692276,-0.19094987213611603,-0.3685009777545929,-0.32563090324401855,0.10843534022569656,0.0019444719655439258,0.013094843365252018,-0.10849098116159439,-0.0025315009988844395,-0.012373282574117184,0.07875599712133408,0.4223801791667938,0.016774822026491165,-0.09900100529193878,0.37905317544937134,-0.0014859313378110528,0.08716458082199097,0.7442939281463623,0.1537920981645584,-0.08568942546844482,0.7202033996582031,0.14812567830085754
232,0.036777835339307785,-0.6323366165161133,-0.16158051788806915,0.15847308933734894,-0.4646773636341095,0.02976035326719284,0.2073219120502472,-0.3130108714103699,-0.09852403402328491,-0.15407933294773102,-0.4536827504634857,-0.010951797477900982,-0.20714841783046722,-0.24606269598007202,-0.11884057521820068,0.17598682641983032,-0.4715982973575592,-0.30648255348205566,-0.18019217252731323,-0.3329291045665741,-0.32322564721107483,0.1087597906589508,0.0012540764873847365,0.013433807529509068,-0.10881965607404709,-0.0018337654182687402,-0.012684163637459278,0.07890824973583221,0.42237865924835205,0.01544816792011261,-0.09375569969415665,0.379520982503891,-0.0009169019758701324,0.09238588064908981,0.7414126396179199,0.1565709114074707,-0.08037704229354858,0.7198616862297058,0.16031339764595032
233,0.04213012754917145,-0.6320951581001282,-0.14563916623592377,0.15823020040988922,-0.46296679973602295,0.04490964859724045,0.20699992775917053,-0.30175888538360596,-0.08028416335582733,-0.1532619744539261,-0.45253270864486694,-0.0020676699932664633,-0.20015209913253784,-0.2379584014415741,-0.09660980105400085,0.176796555519104,-0.4589177072048187,-0.2951046824455261,-0.1766367256641388,-0.30187514424324036,-0.29065749049186707,0.1088017076253891,0.0008412105962634087,0.014607732184231281,-0.1088578850030899,-0.0014194697141647339,-0.013799530453979969,0.08023610711097717,0.42216411232948303,0.014937874861061573,-0.08956366777420044,0.379634290933609,-0.007176849991083145,0.09101936966180801,0.7415753602981567,0.15616516768932343,-0.07578609883785248,0.721944272518158,0.1474539190530777
234,0.04472595080733299,-0.6302758455276489,-0.16020390391349792,0.15736901760101318,-0.46190717816352844,0.03936092182993889,0.20781847834587097,-0.2948591113090515,-0.08132089674472809,-0.15367549657821655,-0.45282742381095886,-0.011357923969626427,-0.19349457323551178,-0.23103556036949158,-0.09765946120023727,0.1755370795726776,-0.4516529440879822,-0.294294536113739,-0.17092354595661163,-0.27689969539642334,-0.2926912009716034,0.10901933163404465,0.0004978720680810511,0.014807630330324173,-0.10908635705709457,-0.0010883220238611102,-0.013979235664010048,0.08001149445772171,0.42213746905326843,0.014912105165421963,-0.08788993954658508,0.38061416149139404,-0.006040049251168966,0.08850584924221039,0.7415799498558044,0.16516698896884918,-0.07593388855457306,0.7220751047134399,0.1560513824224472
235,0.04879956319928169,-0.630225419998169,-0.16103267669677734,0.15728236734867096,-0.4593459963798523,0.0375828891992569,0.20920634269714355,-0.2874414324760437,-0.07542107254266739,-0.15359890460968018,-0.45254161953926086,-0.01345724519342184,-0.18917809426784515,-0.2197365164756775,-0.09039904177188873,0.17651329934597015,-0.4458772838115692,-0.2817445993423462,-0.15846499800682068,-0.22115236520767212,-0.2762899398803711,0.10918506979942322,0.0003352508647367358,0.015036670491099358,-0.10927195847034454,-0.0009341368568129838,-0.01416576188057661,0.0802145004272461,0.4220861792564392,0.011104199104011059,-0.08294796943664551,0.38087573647499084,-0.0023411402944475412,0.089028000831604,0.7419241070747375,0.15560416877269745,-0.07513580471277237,0.7223227024078369,0.1651240885257721
236,0.048879224807024,-0.6313042044639587,-0.15762293338775635,0.15361268818378448,-0.4605383574962616,0.03928060457110405,0.2099849134683609,-0.29174163937568665,-0.06732433289289474,-0.15623708069324493,-0.458465576171875,-0.013562927953898907,-0.1907636523246765,-0.22765764594078064,-0.07643883675336838,0.1757470965385437,-0.4452395737171173,-0.27477720379829407,-0.15792565047740936,-0.17300833761692047,-0.24752750992774963,0.1092323437333107,0.00014957788516767323,0.01524713821709156,-0.10931921005249023,-0.0007442898931913078,-0.014340417459607124,0.08005160838365555,0.42174383997917175,0.010980012826621532,-0.08253335952758789,0.3808284103870392,-0.0015238217310979962,0.09249433875083923,0.740375816822052,0.15482519567012787,-0.07536997646093369,0.7218881249427795,0.16630232334136963
237,0.051439493894577026,-0.6357631683349609,-0.15710672736167908,0.15645845234394073,-0.4619230628013611,0.03895055875182152,0.21108730137348175,-0.2895098924636841,-0.06505032628774643,-0.15580834448337555,-0.47174474596977234,-0.00864209234714508,-0.20497623085975647,-0.2355860471725464,-0.043030932545661926,0.17381146550178528,-0.4371519982814789,-0.26869985461235046,-0.1686343103647232,-0.14314402639865875,-0.19874419271945953,0.10927224159240723,0.0002374915493419394,0.014447618275880814,-0.10935850441455841,-0.0008310881676152349,-0.013498869724571705,0.07997822761535645,0.42166978120803833,0.010990588925778866,-0.08042466640472412,0.3814018964767456,0.009033532813191414,0.09161314368247986,0.7438530325889587,0.14920637011528015,-0.0762113630771637,0.7245041728019714,0.1706649661064148
238,0.05043388903141022,-0.6371755003929138,-0.15724827349185944,0.1565561294555664,-0.4657348394393921,0.03867282345890999,0.21145962178707123,-0.2906073033809662,-0.06530347466468811,-0.1558203548192978,-0.4797619879245758,-0.007420468144118786,-0.2121911495923996,-0.24077491462230682,-0.029283417388796806,0.17134813964366913,-0.4387829601764679,-0.2672298848628998,-0.17666752636432648,-0.11233047395944595,-0.16314464807510376,0.1092943549156189,0.0005080228438600898,0.013982842676341534,-0.10939329117536545,-0.0010971814626827836,-0.013014569878578186,0.07899809628725052,0.4216279983520508,0.011257469654083252,-0.08182653784751892,0.3815860450267792,0.014841791242361069,0.09099734574556351,0.7472577691078186,0.14389941096305847,-0.0785115510225296,0.7256366014480591,0.1716686636209488
239,0.05270671099424362,-0.637986421585083,-0.15615424513816833,0.1601397693157196,-0.4669114649295807,0.038709402084350586,0.21500170230865479,-0.29179370403289795,-0.062474194914102554,-0.1549307405948639,-0.4858866035938263,-0.00252209953032434,-0.2226625382900238,-0.2466372400522232,-0.005758542567491531,0.171588733792305,-0.43661224842071533,-0.2626708745956421,-0.186051607131958,-0.09431309252977371,-0.11556971818208694,0.10931751132011414,0.0009845170425251126,0.013767688535153866,-0.10942478477954865,-0.0015810183249413967,-0.012792854569852352,0.07990773022174835,0.42159348726272583,0.00931144505739212,-0.0819387435913086,0.38220900297164917,0.01625050976872444,0.09151817113161087,0.7484555244445801,0.14412738382816315,-0.07853880524635315,0.7258763313293457,0.1734401434659958
240,0.051628559827804565,-0.6474153399467468,-0.15337102115154266,0.16745714843273163,-0.4692681133747101,0.03852606192231178,0.2156340479850769,-0.292659193277359,-0.06277188658714294,-0.15358345210552216,-0.4912537634372711,0.009803042747080326,-0.22405242919921875,-0.2525893449783325,0.03874976560473442,0.17011599242687225,-0.43206050992012024,-0.2628799378871918,-0.19541817903518677,-0.07305333018302917,-0.035412371158599854,0.1094774529337883,0.0014909616438671947,0.013089470565319061,-0.10962186008691788,-0.0020893795881420374,-0.01210998184978962,0.07988151162862778,0.42208772897720337,0.010596402920782566,-0.08293668925762177,0.38241252303123474,0.01943417824804783,0.09422659873962402,0.7496495246887207,0.15436673164367676,-0.078862763941288,0.7258774042129517,0.18008367717266083
241,0.0495975986123085,-0.6559948921203613,-0.15431669354438782,0.16808660328388214,-0.469903826713562,0.032346464693546295,0.21345524489879608,-0.2922610938549042,-0.07288298010826111,-0.15384110808372498,-0.49185481667518616,0.009344181977212429,-0.22662177681922913,-0.2526901960372925,0.036635514348745346,0.1676606982946396,-0.42571672797203064,-0.2848535180091858,-0.199875146150589,-0.06574048846960068,-0.0397854745388031,0.10981655865907669,0.001890404848381877,0.012484850361943245,-0.10999244451522827,-0.0024865474551916122,-0.011492930352687836,0.07955368608236313,0.422664999961853,0.008438373915851116,-0.08839637041091919,0.38259077072143555,0.020807361230254173,0.09430059045553207,0.755294144153595,0.14412353932857513,-0.08203113079071045,0.7261219024658203,0.182646244764328
242,0.04995300993323326,-0.6553362607955933,-0.1525138020515442,0.1687256097793579,-0.4699139893054962,0.032318826764822006,0.20949696004390717,-0.2890600860118866,-0.07352109253406525,-0.15381978452205658,-0.491138756275177,0.010273533873260021,-0.2264266312122345,-0.24524269998073578,0.03993659093976021,0.16636988520622253,-0.4238484501838684,-0.2835260033607483,-0.19957949221134186,-0.03229149803519249,-0.028198502957820892,0.10996533930301666,0.0019845524802803993,0.01229658629745245,-0.1101565882563591,-0.002582426182925701,-0.011284018866717815,0.07922569662332535,0.4237934350967407,0.01077355071902275,-0.08854256570339203,0.3835707902908325,0.02169172093272209,0.09623197466135025,0.7577475309371948,0.14488689601421356,-0.08134397119283676,0.7281436920166016,0.18248265981674194
243,0.051262643188238144,-0.6529144644737244,-0.15282878279685974,0.16838079690933228,-0.46943676471710205,0.031095562502741814,0.20676758885383606,-0.28538694977760315,-0.07384473830461502,-0.15393005311489105,-0.49086108803749084,0.00932165514677763,-0.22621570527553558,-0.24139781296253204,0.03700142726302147,0.16565725207328796,-0.4222239851951599,-0.28301581740379333,-0.19906297326087952,-0.02475116401910782,-0.029911668971180916,0.1101117730140686,0.0020195613615214825,0.01188639272004366,-0.11032353341579437,-0.0026222746819257736,-0.010855198837816715,0.07944286614656448,0.4239436686038971,0.010585359297692776,-0.08838675171136856,0.3847285211086273,0.022993769496679306,0.10182763636112213,0.7569395899772644,0.15176606178283691,-0.08121368288993835,0.7283521890640259,0.18639081716537476
244,0.05145084485411644,-0.6521621346473694,-0.15845049917697906,0.16823384165763855,-0.46944889426231384,0.022427665069699287,0.20622195303440094,-0.2842210829257965,-0.08482055366039276,-0.1539345383644104,-0.4908909499645233,0.0032001519575715065,-0.2261783927679062,-0.2400435507297516,0.0334707610309124,0.16537557542324066,-0.4202035367488861,-0.2922922372817993,-0.1987607777118683,-0.0222115907818079,-0.040123019367456436,0.11023696511983871,0.0020500028040260077,0.011071772314608097,-0.11046815663576126,-0.0026597394607961178,-0.010036121122539043,0.07925479859113693,0.4226948022842407,0.013182631693780422,-0.08695653080940247,0.38555365800857544,0.02484540455043316,0.1020016148686409,0.7500995397567749,0.1640850156545639,-0.07982723414897919,0.7283496856689453,0.18972907960414886
245,0.051955245435237885,-0.648982584476471,-0.1833154261112213,0.16813592612743378,-0.4680875539779663,0.0024650280829519033,0.20630605518817902,-0.28257614374160767,-0.10811097919940948,-0.1541246771812439,-0.4897021949291229,-0.016987629234790802,-0.22558768093585968,-0.23418866097927094,0.016209879890084267,0.1643582433462143,-0.4153546094894409,-0.32552528381347656,-0.19849173724651337,-0.012260599993169308,-0.048209648579359055,0.11041314154863358,0.0023172302171587944,0.009826000779867172,-0.11065328866243362,-0.0029481269884854555,-0.008782877586781979,0.07682997733354568,0.4227639138698578,0.008039193227887154,-0.08726827055215836,0.38571077585220337,0.03327807039022446,0.10273122787475586,0.7483466863632202,0.1618417501449585,-0.07925151288509369,0.7266127467155457,0.2127964049577713
246,0.052188944071531296,-0.646664023399353,-0.1878269761800766,0.1672763228416443,-0.46735963225364685,0.001622595707885921,0.2053021490573883,-0.2811228632926941,-0.1048889011144638,-0.1541101485490799,-0.48917052149772644,-0.026146799325942993,-0.22127629816532135,-0.23091574013233185,0.00904862955212593,0.16369570791721344,-0.415718138217926,-0.3179493844509125,-0.19790254533290863,-0.009680848568677902,-0.05140203237533569,0.11047476530075073,0.0024186093360185623,0.01000458374619484,-0.11073210090398788,-0.0030538439750671387,-0.008966107852756977,0.0759960412979126,0.42294272780418396,0.012306170538067818,-0.08724648505449295,0.38594427704811096,0.032849039882421494,0.1024094894528389,0.7476720213890076,0.17089815437793732,-0.082138791680336,0.7256001234054565,0.2092980593442917
247,0.05256563425064087,-0.6448624134063721,-0.18978513777256012,0.16763000190258026,-0.46535271406173706,-0.0001702576846582815,0.2061406522989273,-0.2784993648529053,-0.10761488229036331,-0.15403909981250763,-0.48861414194107056,-0.024022627621889114,-0.21928973495960236,-0.22979360818862915,0.012310565449297428,0.1639515459537506,-0.41538697481155396,-0.3208257257938385,-0.19847916066646576,-0.006405345629900694,-0.0484423004090786,0.11070264130830765,0.0025494310539215803,0.009689386002719402,-0.11097066104412079,-0.003195346798747778,-0.008653655648231506,0.07657548040151596,0.4227432608604431,0.0051536052487790585,-0.08700919151306152,0.38615936040878296,0.03364889323711395,0.10325907915830612,0.7473559379577637,0.1648915708065033,-0.08120055496692657,0.7255690693855286,0.21236781775951385
248,0.052670229226350784,-0.6448166370391846,-0.1895158737897873,0.1683381348848343,-0.4649653732776642,-0.00033422690466977656,0.20611333847045898,-0.27835050225257874,-0.10770434886217117,-0.1531800478696823,-0.48849886655807495,-0.023493897169828415,-0.21707308292388916,-0.22979561984539032,0.012383704073727131,0.16339504718780518,-0.41564279794692993,-0.3198017179965973,-0.2015780806541443,-0.006857335101813078,-0.04849929362535477,0.11082042753696442,0.002823895774781704,0.009663718752563,-0.11110514402389526,-0.0034702217672020197,-0.00862788874655962,0.07648304104804993,0.4225732684135437,0.003354622283950448,-0.08782958984375,0.385875403881073,0.03446374461054802,0.10194267332553864,0.7460542321205139,0.1644362211227417,-0.08160442113876343,0.7218258380889893,0.21841834485530853
249,0.05268556997179985,-0.643664538860321,-0.1914694458246231,0.16748946905136108,-0.4646625816822052,-0.0035967689473181963,0.2063615471124649,-0.27773162722587585,-0.11505243927240372,-0.15442217886447906,-0.48758965730667114,-0.023536577820777893,-0.2139454185962677,-0.22808966040611267,0.012098731473088264,0.16321305930614471,-0.41334009170532227,-0.32944419980049133,-0.20427994430065155,-0.004029518458992243,-0.049955353140830994,0.1110260859131813,0.002700140932574868,0.008505645208060741,-0.11132390052080154,-0.0033653746359050274,-0.007476581260561943,0.07867641001939774,0.4210147559642792,0.003487209789454937,-0.08849325776100159,0.3860802948474884,0.031160779297351837,0.10385366529226303,0.7435626983642578,0.16713595390319824,-0.08074985444545746,0.7237979173660278,0.20902854204177856
250,0.053283240646123886,-0.6461654901504517,-0.184461310505867,0.16899874806404114,-0.4647030830383301,-0.0009595738956704736,0.2063513994216919,-0.27762848138809204,-0.10998041182756424,-0.15300309658050537,-0.4875005781650543,-0.017378386110067368,-0.213242769241333,-0.22820596396923065,0.023422682657837868,0.16293585300445557,-0.4148176908493042,-0.3197692930698395,-0.20834456384181976,-0.005437795072793961,-0.03673030063509941,0.11118236184120178,0.002858209889382124,0.008384349755942822,-0.11149296909570694,-0.0035143967252224684,-0.007351192180067301,0.07737698405981064,0.4211341142654419,-0.0005266544758342206,-0.08813376724720001,0.38800954818725586,0.03132820501923561,0.10278741270303726,0.743614673614502,0.1617768108844757,-0.07977307587862015,0.7221716642379761,0.22161056101322174
251,0.0529448539018631,-0.6454585790634155,-0.18393640220165253,0.16816984117031097,-0.4648601710796356,-0.0006578188622370362,0.20561236143112183,-0.2777179181575775,-0.10950670391321182,-0.15434855222702026,-0.48722583055496216,-0.01660081371665001,-0.21577659249305725,-0.22793737053871155,0.023262130096554756,0.16229043900966644,-0.41453370451927185,-0.3193785548210144,-0.21429796516895294,-0.0031041158363223076,-0.03823280707001686,0.11132213473320007,0.002832066500559449,0.008069971576333046,-0.11163471639156342,-0.0034906924702227116,-0.007034884765744209,0.07873596251010895,0.42145678400993347,-0.0004036045866087079,-0.08818165212869644,0.38799282908439636,0.031336862593889236,0.10756286978721619,0.7437180280685425,0.1615269035100937,-0.07974213361740112,0.7226714491844177,0.21402128040790558
252,0.05550330504775047,-0.6430590152740479,-0.1842527985572815,0.1681099534034729,-0.464079886674881,-0.0004108523717150092,0.2054407298564911,-0.2752639055252075,-0.10918611288070679,-0.15460291504859924,-0.48604118824005127,-0.020164763554930687,-0.2170139104127884,-0.2261027693748474,0.01995204947888851,0.15978629887104034,-0.41145291924476624,-0.31896236538887024,-0.21948541700839996,0.0005074082873761654,-0.03987010940909386,0.11138354241847992,0.002880129963159561,0.008424396626651287,-0.11170051246881485,-0.0035386187955737114,-0.007380484137684107,0.0787288248538971,0.4211888015270233,-0.0009881802834570408,-0.08874425292015076,0.3872174620628357,0.031498219817876816,0.10347063839435577,0.7441933751106262,0.1520514190196991,-0.07969742268323898,0.7220844626426697,0.21371999382972717
253,0.05541353300213814,-0.6430070400238037,-0.18436084687709808,0.16825224459171295,-0.4639091491699219,-0.0006849888595752418,0.2050463706254959,-0.27510178089141846,-0.10889077931642532,-0.15460307896137238,-0.48595842719078064,-0.020687172189354897,-0.21784967184066772,-0.2261357605457306,0.018873078748583794,0.1584632247686386,-0.41098466515541077,-0.3171173930168152,-0.22415535151958466,5.999718632665463e-05,-0.0402558334171772,0.11143103241920471,0.002987230196595192,0.008487146347761154,-0.11175370216369629,-0.003642428433522582,-0.007446215953677893,0.07888983190059662,0.42134156823158264,0.000745650555472821,-0.08860225975513458,0.38689643144607544,0.033054132014513016,0.10535699129104614,0.7450404763221741,0.14746449887752533,-0.08013100177049637,0.7220509052276611,0.21272684633731842
254,0.055509790778160095,-0.64322429895401,-0.180707186460495,0.16823862493038177,-0.46460115909576416,0.002988177351653576,0.20481760799884796,-0.27519935369491577,-0.10365164279937744,-0.15458928048610687,-0.4862743318080902,-0.018240399658679962,-0.21785759925842285,-0.22644105553627014,0.02248646505177021,0.15827801823616028,-0.4110635817050934,-0.30908268690109253,-0.22532594203948975,-0.0002764686068985611,-0.03411391004920006,0.11147178709506989,0.0030114471446722746,0.008662207052111626,-0.11179845780134201,-0.0036666980013251305,-0.007627903018146753,0.079361192882061,0.4224918484687805,0.0035217611584812403,-0.0880444198846817,0.3869103491306305,0.03138662502169609,0.10671330988407135,0.7450771927833557,0.16701188683509827,-0.07978856563568115,0.7220544815063477,0.21027332544326782
255,0.0549817755818367,-0.6429916620254517,-0.17966611683368683,0.1679990440607071,-0.4644661247730255,0.004294953774660826,0.20412220060825348,-0.27460867166519165,-0.10168057680130005,-0.15464796125888824,-0.4862404465675354,-0.01672549918293953,-0.21778438985347748,-0.22664086520671844,0.023640604689717293,0.15820948779582977,-0.4102652668952942,-0.30677857995033264,-0.22577117383480072,-0.0006173303700052202,-0.03395623713731766,0.11150673031806946,0.0030187969096004963,0.00889934878796339,-0.11183630675077438,-0.0036743166856467724,-0.00786679144948721,0.0812968835234642,0.4228087365627289,0.0035064509138464928,-0.08767305314540863,0.3870163857936859,0.026482097804546356,0.10760864615440369,0.7461040019989014,0.1660720556974411,-0.0797194316983223,0.7236782908439636,0.197632297873497
256,0.05663754791021347,-0.6430396437644958,-0.17045000195503235,0.1679139882326126,-0.4646824896335602,0.01039771270006895,0.2025538980960846,-0.2743927538394928,-0.09390129894018173,-0.15463460981845856,-0.4863494336605072,-0.014570418745279312,-0.21840818226337433,-0.22705060243606567,0.02360704354941845,0.15697140991687775,-0.4089345633983612,-0.2953453063964844,-0.225592702627182,-0.0008394974865950644,-0.03446781635284424,0.1114993765950203,0.003011902794241905,0.009095188230276108,-0.11183393001556396,-0.0036652314011007547,-0.00805681198835373,0.08036722242832184,0.4229605495929718,0.005999916698783636,-0.08749142289161682,0.3870176076889038,0.02604706585407257,0.1063569039106369,0.7466423511505127,0.16551484167575836,-0.07894343137741089,0.7240655422210693,0.19427797198295593
