head_x,head_y,head_z,left_shoulder_x,left_shoulder_y,left_shoulder_z,left_elbow_x,left_elbow_y,left_elbow_z,right_shoulder_x,right_shoulder_y,right_shoulder_z,right_elbow_x,right_elbow_y,right_elbow_z,left_hand_x,left_hand_y,left_hand_z,right_hand_x,right_hand_y,right_hand_z,left_hip_x,left_hip_y,left_hip_z,right_hip_x,right_hip_y,right_hip_z,left_knee_x,left_knee_y,left_knee_z,right_knee_x,right_knee_y,right_knee_z,left_foot_x,left_foot_y,left_foot_z,right_foot_x,right_foot_y,right_foot_z
-0.0048585264012217,-0.6289737224578857,-0.282570332288742,0.1267917901277542,-0.5182109475135803,-0.1086703166365623,0.1887123733758926,-0.7191585302352905,-0.1762940734624862,-0.1497929245233535,-0.5026010274887085,-0.1628676056861877,-0.2253962308168411,-0.6819018721580505,-0.284094750881195,0.2245198637247085,-0.94026780128479,-0.2540222406387329,-0.2114475071430206,-0.9240546822547911,-0.3662627041339874,0.1064368039369583,-0.0036558506544679,0.0167106054723262,-0.1067793443799018,0.0031450868118554,-0.0156340729445219,0.1047358289361,0.4068779945373535,0.0263279806822538,-0.113167904317379,0.3906395733356476,-0.0061147836968302,0.131632998585701,0.7469732165336609,0.1570237278938293,-0.1195025965571403,0.7354703545570374,0.1288057565689087
-0.0047983084805309,-0.6293001770973206,-0.2702649533748626,0.1266956031322479,-0.5183557271957397,-0.0974195674061775,0.1883972734212875,-0.716180145740509,-0.1601338982582092,-0.1499318480491638,-0.5034979581832886,-0.1517231911420822,-0.2238983660936355,-0.682020902633667,-0.2702861428260803,0.224867582321167,-0.9391330480575562,-0.2300270199775695,-0.2081262171268463,-0.9238650798797609,-0.3509189486503601,0.1064709797501564,-0.0036642104387283,0.0167424958199262,-0.1068058162927627,0.0031485138460993,-0.0156654585152864,0.104571633040905,0.4068903625011444,0.0262789297848939,-0.1135424226522445,0.3908279836177826,-0.0060462453402578,0.1314165592193603,0.7465819716453552,0.1570947915315628,-0.1182753816246986,0.7358270287513733,0.1287750154733657
-0.0017367218388244,-0.6297095417976379,-0.2734122574329376,0.1277327984571457,-0.518239438533783,-0.1016376167535781,0.1883734464645385,-0.7181646227836609,-0.1725955754518509,-0.1476671248674392,-0.5028156638145447,-0.1585794687271118,-0.2207212299108505,-0.6818572878837585,-0.2883711159229278,0.2232252657413482,-0.9405293464660645,-0.2528881728649139,-0.2080120295286178,-0.9241912961006165,-0.3769003748893738,0.1065449714660644,-0.0036338621284812,0.0168110448867082,-0.1068771630525589,0.0031180100049823,-0.0157405380159616,0.1057925820350647,0.4067997932434082,0.0262897312641143,-0.1135600954294204,0.3908427059650421,-0.0063701854087412,0.1327715218067169,0.74631267786026,0.1587625592947006,-0.1181407570838928,0.7354462146759033,0.1295834183692932
-0.0033903336152434,-0.6274752616882324,-0.2912308573722839,0.1280077844858169,-0.5153971910476685,-0.1248990967869758,0.1878043115139007,-0.717621386051178,-0.2054306417703628,-0.1476634293794632,-0.5006003379821777,-0.1673390865325927,-0.2215359956026077,-0.6805052757263184,-0.292606770992279,0.2196586430072784,-0.940345585346222,-0.286026120185852,-0.2082529366016388,-0.9239668846130372,-0.381075918674469,0.1066918820142746,-0.0036235239822417,0.0160472504794597,-0.1070213317871093,0.003105942858383,-0.0149775873869657,0.1067946329712867,0.4060823619365692,0.0263089053332805,-0.1133388429880142,0.390859991312027,-0.0021165125072002,0.1354818195104599,0.7440974712371826,0.1626703143119812,-0.1176735386252403,0.7334598302841187,0.1398031860589981
-0.0074118762277066,-0.6244891285896301,-0.2950857281684875,0.1288496106863021,-0.5136902928352356,-0.130846619606018,0.188071459531784,-0.715859055519104,-0.2131510972976684,-0.1476995348930359,-0.4992458522319793,-0.1675154864788055,-0.223582237958908,-0.6794112324714661,-0.2922353744506836,0.219373732805252,-0.9381534457206726,-0.2905578315258026,-0.2091029286384582,-0.922623574733734,-0.380032479763031,0.1068611368536949,-0.0035972215700894,0.0155172925442457,-0.1071918085217475,0.0030761889647692,-0.0144375311210751,0.1067775785923004,0.4061196744441986,0.0259012430906295,-0.1145355328917503,0.3904371559619903,-0.0016322414157912,0.1354309618473053,0.7437694072723389,0.1626020222902298,-0.1213513612747192,0.7321354150772095,0.1397814303636551
-0.0091164512559771,-0.6212062239646912,-0.2992126047611236,0.1291506737470626,-0.5097965002059937,-0.1373973935842514,0.1880726218223571,-0.7098537683486938,-0.2304339855909347,-0.1478514522314071,-0.4978832006454468,-0.1701639890670776,-0.2214906513690948,-0.6772297620773315,-0.2953599691390991,0.219418004155159,-0.9309714436531068,-0.3132145404815674,-0.2044015079736709,-0.9216480255126952,-0.3847494721412658,0.1071348562836647,-0.0035005868412554,0.0143942600116133,-0.1074616983532905,0.0029741022735834,-0.0133095467463135,0.1065892130136489,0.4060905277729034,0.0224842727184295,-0.1144735217094421,0.3896851539611816,-0.0005409586592577,0.1355655640363693,0.7427353858947754,0.1625361442565918,-0.1208198741078376,0.7289072871208191,0.1417708992958068
-0.0089739710092544,-0.6214133501052856,-0.2988430559635162,0.1282714009284973,-0.5090627074241638,-0.1365030258893966,0.1879881471395492,-0.7089338302612305,-0.2255184203386306,-0.1488259881734848,-0.4972001016139984,-0.1742819398641586,-0.222914919257164,-0.6766828298568726,-0.3010523021221161,0.2196928560733795,-0.927623212337494,-0.3068455457687378,-0.2043495178222656,-0.920504629611969,-0.3874164819717407,0.1071684658527374,-0.0035102795809507,0.0148586276918649,-0.1074936613440513,0.0029811218846589,-0.0137714808806777,0.1068799570202827,0.406070202589035,0.0239144992083311,-0.1143388152122497,0.3896715342998504,-0.0008775486494414,0.1359438598155975,0.7427177429199219,0.162522941827774,-0.1207295507192611,0.7288913726806641,0.1410900503396988
-0.0063347374089062,-0.6226052045822144,-0.3004668951034546,0.128240704536438,-0.5091866850852966,-0.1357164531946182,0.1882224082946777,-0.7131698131561279,-0.2153108716011047,-0.1485237181186676,-0.4971831738948822,-0.180657222867012,-0.2256425768136978,-0.6774182319641113,-0.3088991343975067,0.221742033958435,-0.9316750168800354,-0.2990853786468506,-0.2087369859218597,-0.920452892780304,-0.3945093154907226,0.1071861162781715,-0.0034477156586945,0.0154560757800936,-0.1075115129351615,0.0029157809913158,-0.014377080835402,0.1073328033089637,0.4061133563518524,0.0246475152671337,-0.1146775633096695,0.3896260857582092,-0.0027376043144613,0.1356213092803955,0.7436093688011169,0.1612866371870041,-0.1205772086977958,0.7296700477600098,0.1355877071619033
-0.0039118439890444,-0.6226761341094971,-0.3002494871616363,0.1281854808330536,-0.5081673860549927,-0.134840652346611,0.1874242275953292,-0.71076500415802,-0.2144449800252914,-0.148093581199646,-0.4968496561050415,-0.1824399083852768,-0.2227180749177932,-0.6776853799819946,-0.3137743175029754,0.2216305136680603,-0.928899109363556,-0.3023669123649597,-0.206943467259407,-0.9209076166152954,-0.4013960659503937,0.1072169169783592,-0.0034045968204736,0.0158769078552722,-0.1075409725308418,0.0028687105514109,-0.0148042142391204,0.1069591268897056,0.4064710736274719,0.0252139084041118,-0.1148167699575424,0.3897026479244232,-0.0029782219789922,0.1353347599506378,0.7436191439628601,0.1612910330295562,-0.119480013847351,0.7300546765327454,0.1351416856050491
-0.0039178724400699,-0.620925784111023,-0.3031423985958099,0.1278710514307022,-0.5073413848876953,-0.135521799325943,0.1854094713926315,-0.709770917892456,-0.2219365686178207,-0.1482123285531997,-0.4952824413776397,-0.1841743737459182,-0.2254692763090133,-0.6736941337585449,-0.3167737424373626,0.2185913771390915,-0.9281671047210692,-0.3146451413631439,-0.2081008851528167,-0.9174468517303468,-0.4082630574703216,0.1072452366352081,-0.0033901189453899,0.0158703252673149,-0.1075698807835578,0.0028526328969746,-0.0147975627332925,0.1068076565861702,0.4064594805240631,0.0242802631109952,-0.1147190853953361,0.3896382749080658,-0.0031833187676966,0.1351069062948227,0.7436239719390869,0.1597751677036285,-0.119569793343544,0.7299584150314331,0.1347412914037704
-0.0037168362177908,-0.6216354370117188,-0.3029291927814483,0.1282321810722351,-0.507397472858429,-0.1351939737796783,0.1860311031341552,-0.7102242112159729,-0.2207793742418289,-0.1479375958442688,-0.4955243170261383,-0.184002935886383,-0.2253626137971878,-0.6750755310058594,-0.3159915804862976,0.2193236052989959,-0.9293987154960632,-0.3122777044773102,-0.2097251713275909,-0.9186803698539734,-0.407131016254425,0.1073171123862266,-0.0032935256604105,0.0159092247486114,-0.1076407730579376,0.002756078261882,-0.0148383779451251,0.1067934036254882,0.4070757329463959,0.0241866819560527,-0.1155047863721847,0.3892378509044647,-0.0069481208920478,0.1351985484361648,0.7455629706382751,0.1564954668283462,-0.1183241978287696,0.7301484942436218,0.1292643249034881
-0.0039908462204039,-0.6212611794471741,-0.3031722903251648,0.1276683062314987,-0.5061335563659668,-0.135319247841835,0.1857944428920745,-0.7087826728820801,-0.2234083265066146,-0.1481524109840393,-0.4950302839279175,-0.1838713437318802,-0.2253660708665847,-0.6743300557136536,-0.3155005872249603,0.2186294645071029,-0.92559552192688,-0.3160534799098968,-0.207033097743988,-0.9170899987220764,-0.4063672125339508,0.1073352769017219,-0.003260982921347,0.0155476201325654,-0.1076579689979553,0.0027208290994167,-0.0144700277596712,0.1068319901823997,0.4066454172134399,0.0224101655185222,-0.1153146103024482,0.3890694081783294,-0.0047483844682574,0.1351687759160995,0.7455602884292603,0.1542305052280426,-0.1179102733731269,0.729907214641571,0.1304238736629486
-0.0039986288174986,-0.6231791973114014,-0.301219493150711,0.1267292499542236,-0.5084787011146545,-0.1283290982246399,0.1857401877641677,-0.7156563997268677,-0.2036413699388504,-0.1483899354934692,-0.4954305291175842,-0.1838018149137497,-0.2259904742240905,-0.6776077747344971,-0.315289556980133,0.2206119894981384,-0.9333096742630004,-0.2888593673706054,-0.2094321995973587,-0.9188406467437744,-0.4025677740573883,0.1073273047804832,-0.0032424603123217,0.0163484755903482,-0.1076496019959449,0.0027013975195586,-0.0152813596650958,0.1077726259827613,0.4066470861434936,0.0241576395928859,-0.1166144758462905,0.3890412449836731,-0.0098611023277044,0.1360208988189697,0.7458446025848389,0.1535924524068832,-0.1178748980164527,0.7310435771942139,0.1225986257195472
-0.0034314168151468,-0.624293327331543,-0.3009878396987915,0.1265647709369659,-0.5092583894729614,-0.1264551877975464,0.185736134648323,-0.7172558307647705,-0.2004977166652679,-0.1484111994504928,-0.4956341683864593,-0.1842447370290756,-0.2264262586832046,-0.6792117357254028,-0.3150016665458679,0.2213741540908813,-0.9348321557044984,-0.2863949835300445,-0.2103260159492492,-0.9193617701530457,-0.4008547365665436,0.1073331758379936,-0.0032298220321536,0.0168659295886755,-0.1076554283499717,0.0026877135969698,-0.0158029440790414,0.1094572767615318,0.4064676761627197,0.025292670354247,-0.1172325164079666,0.3890256583690643,-0.0108782332390546,0.1369566470384597,0.7455736398696899,0.1540664881467819,-0.1178956255316734,0.7311241030693054,0.1222624331712722
-0.0029621580615639,-0.6276003122329712,-0.2921575307846069,0.1265756785869598,-0.5129728317260742,-0.1184029355645179,0.187640368938446,-0.7203630805015564,-0.184447631239891,-0.1483546793460846,-0.4981295168399811,-0.1771121025085449,-0.2263944298028946,-0.679686427116394,-0.3073562979698181,0.2254427671432495,-0.939853310585022,-0.2607317268848419,-0.2104369550943374,-0.919230580329895,-0.3960195183753967,0.1072579100728035,-0.0032567400485277,0.0171199887990951,-0.1075750589370727,0.0027170246466994,-0.0160553287714719,0.1096463501453399,0.406220942735672,0.025923503562808,-0.1175013408064842,0.3891269862651825,-0.0109650241211056,0.1368993669748306,0.7456213235855103,0.1536754071712494,-0.1183794289827346,0.7324132323265076,0.1216503903269767
-0.0029758792370557,-0.6276693940162659,-0.2863874733448028,0.1290965974330902,-0.5126235485076904,-0.1166056543588638,0.1919501274824142,-0.7171744704246521,-0.1847003251314163,-0.1477903723716735,-0.4983379244804382,-0.1611849814653396,-0.2247757166624069,-0.6772943735122681,-0.2882754504680633,0.2317966073751449,-0.939697265625,-0.2573207914829254,-0.2083097100257873,-0.9185078144073486,-0.3841334879398346,0.1073385253548622,-0.0032780547626316,0.0160842482000589,-0.1076505333185195,0.0027369202580302,-0.0150146670639514,0.1105631813406944,0.405679851770401,0.0248775705695152,-0.1175210624933242,0.3891223669052124,-0.0065073398873209,0.1406638175249099,0.7452341914176941,0.1540924161672592,-0.114289291203022,0.7323856353759766,0.1292248666286468
-0.0006551960832439,-0.6305301189422607,-0.2826308906078338,0.1294701695442199,-0.513422966003418,-0.1126799061894416,0.1944028735160827,-0.7178852558135986,-0.1784459948539734,-0.147507444024086,-0.5010645389556885,-0.1610725671052932,-0.2218152433633804,-0.6781962513923645,-0.2855700552463531,0.2354343980550766,-0.9397704601287842,-0.2495269924402237,-0.2046901434659958,-0.9200667142868042,-0.3743936717510223,0.1073415428400039,-0.0032879051286727,0.0159978568553924,-0.1076516062021255,0.0027455701492726,-0.0149285625666379,0.1111660897731781,0.4053771793842315,0.0248971246182918,-0.1163648143410682,0.3891974985599518,-0.0021678791381418,0.1419588029384613,0.744377851486206,0.1552002429962158,-0.1132719218730926,0.731556236743927,0.1349399983882904
0.0012508141808211,-0.6306293606758118,-0.2822601199150085,0.1297352910041809,-0.5130279660224915,-0.112734667956829,0.1949812471866607,-0.7149357199668884,-0.1793229579925537,-0.1474795192480087,-0.501147449016571,-0.1619742065668106,-0.2195785492658615,-0.6771093606948853,-0.2867210507392883,0.2376920282840728,-0.9357687830924988,-0.2509070634841919,-0.2021509706974029,-0.9192714095115662,-0.3749707341194153,0.1073535159230232,-0.0033252562861889,0.0160966627299785,-0.1076621487736702,0.0027808588929474,-0.0150247076526284,0.1111664995551109,0.4054977297782898,0.0248662531375885,-0.1158376708626747,0.3891960978507995,-0.0022754746023565,0.1413181275129318,0.7443713545799255,0.156851977109909,-0.1135256141424179,0.7310311198234558,0.1352874785661697
0.0012643234804272,-0.6299718618392944,-0.2836756110191345,0.1297416538000106,-0.5120447874069214,-0.1138165593147277,0.195605456829071,-0.7141810059547424,-0.1833207309246063,-0.1475334018468856,-0.5012242197990417,-0.1633192747831344,-0.2182849645614624,-0.6770137548446655,-0.2898998856544494,0.2388825416564941,-0.9349831342697144,-0.2583465874195099,-0.1987514048814773,-0.9190048575401306,-0.3815149962902069,0.1074150428175926,-0.0033272341825067,0.015784403309226,-0.1077229231595993,0.0027812828775495,-0.0147110102698206,0.1112368777394294,0.4054540693759918,0.0218366775661706,-0.1157438904047012,0.3891824185848236,-0.0011359121417626,0.1421906352043151,0.743830144405365,0.1568471044301986,-0.1112578213214874,0.7302981019020081,0.1373243480920791
0.000911000824999,-0.6295051574707031,-0.2933230996131897,0.1297565847635269,-0.5113816857337952,-0.1194230765104293,0.1962074637413025,-0.7141277194023132,-0.1839812844991684,-0.147531196475029,-0.5003725290298462,-0.1718594580888748,-0.2191761136054992,-0.6758309006690979,-0.3000960350036621,0.243019163608551,-0.9356147646903992,-0.254303365945816,-0.1972823739051818,-0.9175124764442444,-0.3925691843032837,0.1075162515044212,-0.0035630359780043,0.0160451922565698,-0.1078342944383621,0.0030100899748504,-0.0149602377787232,0.1121181175112724,0.4053739309310913,0.0247514229267835,-0.1148067861795425,0.3892649412155151,-0.0012708802241832,0.142251506447792,0.7438021302223206,0.1635801196098327,-0.1112265959382057,0.730201780796051,0.1378908455371856
0.0017861464293673,-0.6298883557319641,-0.2917857766151428,0.1322792768478393,-0.5113599300384521,-0.1193642020225524,0.1975158154964447,-0.7146821618080139,-0.1851763427257537,-0.1459977626800537,-0.500364363193512,-0.1682882457971573,-0.2192090004682541,-0.6752761602401733,-0.2969479262828827,0.2428456842899322,-0.93760085105896,-0.2552909851074219,-0.1956809908151626,-0.915672481060028,-0.3913896381855011,0.107546329498291,-0.0035938888322561,0.0160190053284168,-0.1078649386763572,0.0030411791522055,-0.0149326976388692,0.113337330520153,0.4046388268470764,0.0247049443423748,-0.1147267520427703,0.3888595104217529,-0.0013792642857879,0.1425288468599319,0.7437117695808411,0.1621351838111877,-0.1114509850740432,0.729860246181488,0.137549802660942
0.0018410264747217,-0.6306775808334351,-0.2886426150798797,0.1324922442436218,-0.5114080905914307,-0.116872988641262,0.2016033232212066,-0.7135873436927795,-0.1790353953838348,-0.1460724920034408,-0.5023861527442932,-0.1625296026468277,-0.2173710614442825,-0.6770681738853455,-0.2819176912307739,0.2495187520980835,-0.936567485332489,-0.2429191470146179,-0.1922488361597061,-0.9185250997543336,-0.3708310723304748,0.1076290532946586,-0.0035708390641957,0.015313527546823,-0.1079383864998817,0.0030159323941916,-0.0142286978662014,0.1128925159573555,0.4046295285224914,0.0247192457318305,-0.112584114074707,0.3888888657093048,0.0016907437238842,0.1432164162397384,0.7433127164840698,0.1640796661376953,-0.1057918891310691,0.7284964919090271,0.1442005634307861
0.0019274976802989,-0.6290708184242249,-0.2900261282920837,0.1327851414680481,-0.5110815167427063,-0.1194022521376609,0.2016947269439697,-0.7132138609886169,-0.1936618238687515,-0.14577217400074,-0.5011699795722961,-0.164915069937706,-0.2173417955636978,-0.6720383167266846,-0.2929939329624176,0.2487310916185379,-0.9361107349395752,-0.2692140638828277,-0.1921889036893844,-0.9137765169143676,-0.3899133205413818,0.1076455041766166,-0.0035949698649346,0.0155206397175788,-0.1079549193382263,0.0030406014993786,-0.0144337005913257,0.1129126772284507,0.4044014811515808,0.0239475443959236,-0.1128453314304351,0.3886027336120605,-0.0039022464770823,0.1398330181837082,0.7432801127433777,0.1586605757474899,-0.1113300770521164,0.7285756468772888,0.132383719086647
0.0024053289089351,-0.6291609406471252,-0.2900762557983398,0.1326631754636764,-0.5107610821723938,-0.1193275898694992,0.2014950960874557,-0.7120805382728577,-0.1934504061937332,-0.1457974016666412,-0.501180112361908,-0.1680050194263458,-0.2155516892671585,-0.673768937587738,-0.2975681126117706,0.248361051082611,-0.933115303516388,-0.2691869735717773,-0.1909618824720382,-0.9146512150764464,-0.3909036517143249,0.1076576560735702,-0.0035857073962688,0.0156149286776781,-0.1079672127962112,0.0030297769699245,-0.0145320780575275,0.110250324010849,0.4053268432617187,0.0244814455509185,-0.1128321662545204,0.3886567652225494,-0.0037007036153227,0.139265552163124,0.7431564331054688,0.1609984189271927,-0.111702412366867,0.7285072803497314,0.1336926519870758
0.0025961827486753,-0.6286059021949768,-0.2928411662578583,0.1302840262651443,-0.5101476907730103,-0.119588553905487,0.2005239725112915,-0.7092351913452148,-0.1932967752218246,-0.1467783749103546,-0.5011558532714844,-0.1788492947816848,-0.2152128368616104,-0.6740306615829468,-0.3087638020515442,0.2498590648174286,-0.9282028079032898,-0.2699351012706756,-0.1920033097267151,-0.914757490158081,-0.3985024988651275,0.1076859161257743,-0.0036213847342878,0.0165772158652544,-0.1079966723918914,0.0030644771177321,-0.0154915498569607,0.1104050874710083,0.4052870571613312,0.0248977895826101,-0.1120588928461074,0.388661116361618,-0.0048002782277762,0.13875512778759,0.7429488301277161,0.1623357683420181,-0.1114601716399192,0.72828608751297,0.1338458508253097
0.0064512421377003,-0.6268114447593689,-0.2968972325325012,0.1308215409517288,-0.5098201036453247,-0.1207897439599037,0.2004878222942352,-0.709586501121521,-0.1957224011421203,-0.1462106257677078,-0.4992769956588745,-0.18508380651474,-0.2174599766731262,-0.6727931499481201,-0.3181801736354828,0.249199703335762,-0.9284715056419371,-0.2793378829956054,-0.1967250853776931,-0.9135953783988952,-0.4095458388328552,0.1077140420675277,-0.0036281417123973,0.017572846263647,-0.1080264672636985,0.0030712867155671,-0.0164841674268245,0.1116845160722732,0.4052790701389313,0.0250671207904815,-0.1120123118162155,0.3887708187103271,-0.0089694149792194,0.1392062157392501,0.7430970668792725,0.1602883487939834,-0.1128015592694282,0.728488564491272,0.1280578076839447
0.0070491908118128,-0.6288496851921082,-0.2881936728954315,0.131023570895195,-0.5125695466995239,-0.1112224832177162,0.2018326818943023,-0.7120718955993652,-0.1692406088113784,-0.145369067788124,-0.5014936923980713,-0.175040602684021,-0.2143333852291107,-0.6735635995864868,-0.2972497344017029,0.2532531321048736,-0.932890772819519,-0.2365996390581131,-0.1947309970855713,-0.9162483215332032,-0.3828038275241852,0.1076754182577133,-0.0035510414745658,0.0175550784915685,-0.1079795807600021,0.0029935364145785,-0.0164623036980628,0.1107145398855209,0.4063364565372467,0.0271598603576421,-0.1120089516043663,0.3888809084892273,-0.0046215560287237,0.1411130279302597,0.7439874410629272,0.1600617468357086,-0.1127231642603874,0.7284814119338989,0.13221076130867
0.0042133200913667,-0.6288509964942932,-0.2883414328098297,0.1296275109052658,-0.5125031471252441,-0.1116207242012023,0.2008840590715408,-0.711920440196991,-0.1719044893980026,-0.1466283351182937,-0.5014199018478394,-0.174990639090538,-0.2161151319742202,-0.6730871200561523,-0.2975580096244812,0.25301194190979,-0.9324960708618164,-0.2416339218616485,-0.1965733766555786,-0.9157650470733644,-0.3834144473075866,0.107683353126049,-0.0035338809248059,0.0175498370081186,-0.1079871654510498,0.0029748522210866,-0.0164560507982969,0.110453113913536,0.4062846601009369,0.0268863532692194,-0.1139067560434341,0.3888967335224151,-0.0037151349242776,0.1407135277986526,0.7440215349197388,0.1591433435678482,-0.1140476390719413,0.7285264730453491,0.1326067447662353
0.0036031601484864,-0.6288297176361084,-0.2910062074661255,0.1291567534208297,-0.511936366558075,-0.1125240102410316,0.2006167024374008,-0.7128629088401794,-0.1732315570116043,-0.1470209956169128,-0.5001456141471863,-0.1768191456794738,-0.2188196778297424,-0.6707254648208618,-0.305406242609024,0.2525440454483032,-0.9352651238441468,-0.2445749640464782,-0.1991870701313018,-0.9120064377784728,-0.3984305262565613,0.107681967318058,-0.0035196158569306,0.0180074870586395,-0.107987031340599,0.0029614362865686,-0.016906289383769,0.1111060008406639,0.4060279428958893,0.0264822393655776,-0.1191121488809585,0.3873457908630371,-0.0139457760378718,0.139300599694252,0.7444144487380981,0.1551298797130584,-0.115645483136177,0.7284188270568848,0.1211185902357101
0.0036722428631037,-0.630637526512146,-0.283001571893692,0.1287923753261566,-0.5127193927764893,-0.1026079878211021,0.2002437859773636,-0.716840386390686,-0.1584418565034866,-0.1472557038068771,-0.5002833008766174,-0.1719822734594345,-0.2208946198225021,-0.6709344983100891,-0.3022210299968719,0.2524416148662567,-0.938484787940979,-0.2269166707992553,-0.2011247873306274,-0.9118928909301758,-0.3937383890151977,0.1076832488179206,-0.0035082749091088,0.0185293592512607,-0.1079884469509124,0.0029497048817574,-0.0174235794693231,0.1112607717514038,0.4059394598007202,0.0268566738814115,-0.1201859042048454,0.3873122334480285,-0.0154653256759047,0.1391594856977462,0.7451151609420776,0.1521484404802322,-0.1155995950102806,0.7298846244812012,0.1156728491187095
0.0053098266944289,-0.6302620768547058,-0.2867745459079742,0.1288451105356216,-0.5126860737800598,-0.1042296141386032,0.2000658214092254,-0.7175337076187134,-0.1604277044534683,-0.1467701196670532,-0.5000143051147461,-0.1780531108379364,-0.2205763757228851,-0.6706374883651733,-0.3123507499694824,0.2523294687271118,-0.9403555989265442,-0.2301355898380279,-0.2000519037246704,-0.9113402366638184,-0.4056828320026397,0.1076752766966819,-0.0035054998006671,0.0189720168709754,-0.1079827025532722,0.0029467092826962,-0.0178647004067897,0.1114042401313781,0.4059258103370666,0.0271666720509529,-0.1188938170671463,0.3873319923877716,-0.0152295613661408,0.1390520483255386,0.7451822757720947,0.1521883755922317,-0.1154677793383598,0.7299166917800903,0.1166384667158126
0.005404450930655,-0.6310887336730957,-0.2823765873908996,0.1284764558076858,-0.512841522693634,-0.1019826307892799,0.2000227123498916,-0.716873824596405,-0.1596192866563797,-0.1472742557525634,-0.5006623864173889,-0.1736991256475448,-0.2197535037994384,-0.6724229454994202,-0.3006446957588196,0.2531278729438782,-0.9372321963310242,-0.2301080971956253,-0.197165846824646,-0.912774622440338,-0.3832699358463287,0.1076741069555282,-0.0035895856563001,0.0190052911639213,-0.1079802885651588,0.0030271671712398,-0.0178974959999322,0.111854001879692,0.4053383767604828,0.028156729415059,-0.1179917901754379,0.388264536857605,-0.0093575697392225,0.1394206881523132,0.7450111508369446,0.1540072411298751,-0.1154233515262603,0.7299761176109314,0.1240434348583221
0.0058137993328273,-0.6284824013710022,-0.2926565110683441,0.1309564858675003,-0.5116079449653625,-0.1115364953875541,0.1999906003475189,-0.7166602611541748,-0.1716939508914947,-0.145277515053749,-0.4994231164455414,-0.177993044257164,-0.2202075123786926,-0.6725811958312988,-0.3089817464351654,0.2519758343696594,-0.9372166395187378,-0.2428620159626007,-0.1963650733232498,-0.9128745794296264,-0.3976466059684753,0.1077086776494979,-0.0035840373020619,0.0190335344523191,-0.1080200001597404,0.0030204108916223,-0.0179250538349151,0.1125661581754684,0.4053124785423279,0.0282469093799591,-0.1178983822464943,0.388294905424118,-0.0088666165247559,0.1392997801303863,0.7450928092002869,0.1544715315103531,-0.1154147088527679,0.7299844622612,0.1245074048638343
0.0056635723449289,-0.6315115690231323,-0.287274956703186,0.1295733302831649,-0.512888491153717,-0.1064046844840049,0.1999914646148681,-0.7167441844940186,-0.1580066531896591,-0.1459108293056488,-0.5009150505065918,-0.1755618751049041,-0.2195504009723663,-0.6741305589675903,-0.3051202297210693,0.2549298107624054,-0.9370443820953368,-0.2206259220838546,-0.1938756257295608,-0.9144339561462402,-0.3918407261371612,0.1076940670609474,-0.0035950841847807,0.0191084370017051,-0.1080011501908302,0.0030300074722617,-0.0179967321455478,0.1118677705526351,0.405364841222763,0.0304460693150758,-0.1173086538910865,0.3888185620307922,-0.0048520122654736,0.1401183754205703,0.7449631094932556,0.1572773307561874,-0.1152092665433883,0.7299572825431824,0.1306674033403396
0.0060813291929662,-0.6288760900497437,-0.2998380959033966,0.1300388425588607,-0.5110085010528564,-0.1189898699522018,0.1996961683034896,-0.7168890833854675,-0.1806603223085403,-0.1457982659339904,-0.4986123740673065,-0.1876612901687622,-0.2206339240074157,-0.673664927482605,-0.3194162547588348,0.2503449320793152,-0.937293529510498,-0.2527493238449096,-0.1939979493618011,-0.9133171439170836,-0.406253844499588,0.1077613160014152,-0.0035940406378358,0.0192375909537076,-0.1080768406391143,0.0030282668303698,-0.0181226544082164,0.1130150631070137,0.4053420722484588,0.0292053502053022,-0.1172809675335884,0.3888001143932342,-0.0057012443430721,0.1400187909603119,0.7445971369743347,0.1584064811468124,-0.1152510121464729,0.7293567657470703,0.1304616779088974
0.0055937315337359,-0.6318597197532654,-0.2945862114429474,0.1293252855539322,-0.5132997632026672,-0.1157084703445434,0.1997643709182739,-0.7182533144950867,-0.1710900962352752,-0.1469860225915908,-0.5009300708770752,-0.1823731511831283,-0.2210015505552292,-0.6751946806907654,-0.3069773018360138,0.2532556056976318,-0.9383768439292908,-0.2345350086688995,-0.1952737718820572,-0.9154980778694152,-0.3886069059371948,0.1077628657221794,-0.0035991217009723,0.0189247950911521,-0.1080771908164024,0.0030327613931149,-0.0178131163120269,0.1119830384850502,0.4052826464176178,0.0292956680059433,-0.1166108772158622,0.3893423974514007,-0.001024596276693,0.1400073170661926,0.7444874048233032,0.1592984050512313,-0.1146769598126411,0.7291496992111206,0.1364270746707916
0.0052568195387721,-0.6304267048835754,-0.3011579215526581,0.1294693052768707,-0.510750412940979,-0.1233551204204559,0.1996369510889053,-0.7170370221138,-0.1968289762735366,-0.1469906121492386,-0.4984421133995056,-0.187671273946762,-0.221794992685318,-0.6714566349983215,-0.3195045590400696,0.2516847550868988,-0.9380062222480774,-0.2787513136863708,-0.1977127492427826,-0.9115086793899536,-0.4073062837123871,0.1078201532363891,-0.003503805026412,0.0190070271492004,-0.1081397458910942,0.0029400461353361,-0.0178953818976879,0.1122081652283668,0.4051874577999115,0.0267927665263414,-0.1198286265134811,0.3872329592704773,-0.0159456748515367,0.1381376683712005,0.7440955638885498,0.1579432934522628,-0.1163843423128128,0.7276950478553772,0.122688852250576
0.0049561578780412,-0.632237434387207,-0.2894490361213684,0.1291390061378479,-0.5114250779151917,-0.1128385365009307,0.2000077962875366,-0.7164607644081116,-0.1793425381183624,-0.1478542983531952,-0.5004995465278625,-0.1776510626077652,-0.2201915234327316,-0.6755173802375793,-0.3036244213581085,0.2528989017009735,-0.934112787246704,-0.2542228102684021,-0.1954732537269592,-0.9156002998352052,-0.3839526176452636,0.1078702360391616,-0.0036532760132104,0.0190245248377323,-0.1081865951418876,0.0030875571537762,-0.0179121196269989,0.1177005395293235,0.4017767310142517,0.0246366802603006,-0.1198588460683822,0.3869218230247497,-0.0112474281340837,0.140274703502655,0.7398499846458435,0.1579718440771103,-0.1167779937386512,0.7238970398902893,0.128114104270935
0.0031718367245048,-0.6298409700393677,-0.2904973328113556,0.1291027069091797,-0.5131664872169495,-0.1142999604344368,0.1996410638093948,-0.7245157361030579,-0.1794639378786087,-0.1481303423643112,-0.5004324913024902,-0.1776964515447616,-0.225430279970169,-0.6784469485282898,-0.3031378090381622,0.2510689795017242,-0.9465416073799132,-0.2535862922668457,-0.2076352387666702,-0.918793559074402,-0.3831294775009155,0.1078371107578277,-0.0036555256228893,0.0190499518066644,-0.1081547886133194,0.0030902915168553,-0.0179392658174037,0.1151789352297782,0.4024158120155334,0.0257352441549301,-0.1205840706825256,0.3877146542072296,-0.010975862853229,0.1376460194587707,0.7401756048202515,0.1595367044210434,-0.1202956885099411,0.7261525988578796,0.1279382705688476
0.0031682215631008,-0.6288232803344727,-0.3023428618907928,0.129018172621727,-0.5113706588745117,-0.1318187564611435,0.1968586593866348,-0.7154843211174011,-0.2083893120288849,-0.1481509059667587,-0.4997526407241821,-0.1828151643276214,-0.2259652912616729,-0.6767222881317139,-0.3075250089168548,0.2500485181808471,-0.9385982155799866,-0.2873599827289581,-0.2093941122293472,-0.9179046154022216,-0.3934839367866516,0.1079213395714759,-0.0037377281114459,0.018492080271244,-0.1082385182380676,0.0031692537013441,-0.0173701345920562,0.1152104288339614,0.4025248289108276,0.0256750117987394,-0.1205185428261756,0.3883777558803558,-0.0057271849364042,0.1374755501747131,0.7392866015434265,0.1695476919412613,-0.1196670681238174,0.725578248500824,0.1413177698850631
0.002227620454505,-0.628479540348053,-0.3023683130741119,0.1290219575166702,-0.5097573399543762,-0.131787821650505,0.1966116279363632,-0.7088802456855774,-0.2153137922286987,-0.1483827084302902,-0.4988593757152557,-0.1828272938728332,-0.225728303194046,-0.6766315698623657,-0.3075788617134094,0.2500908970832824,-0.926941215991974,-0.3032519221305847,-0.2089630663394928,-0.917855441570282,-0.3933487832546234,0.108099065721035,-0.0037550136912614,0.0182635318487882,-0.1084148809313774,0.0031852277461439,-0.0171363111585378,0.1155209168791771,0.4025300443172455,0.0255634319037199,-0.1207823827862739,0.3885453641414642,-0.0054919882677495,0.1374682933092117,0.7381731271743774,0.1713759303092956,-0.120036631822586,0.7255112528800964,0.1414249688386917
0.0026039215736091,-0.6283126473426819,-0.3057818114757538,0.1293505877256393,-0.5090317726135254,-0.1351799517869949,0.1968577802181244,-0.7088415622711182,-0.2172323316335678,-0.1483973711729049,-0.4988313019275665,-0.1848027855157852,-0.2257617563009262,-0.6766542196273804,-0.3095997273921966,0.2502204179763794,-0.927362322807312,-0.3010663390159607,-0.2086760997772216,-0.9178996086120604,-0.3956021070480346,0.1082343682646751,-0.003833215450868,0.0180879943072795,-0.1085532382130622,0.0032606099266558,-0.0169557817280292,0.1173862367868423,0.4019814729690552,0.0255186483263969,-0.1207631230354309,0.3886453509330749,-0.005221945233643,0.1388876885175705,0.7367704510688782,0.1733127981424331,-0.1192384213209152,0.7253302335739136,0.1416705250740051
0.0021938506979495,-0.6286420822143555,-0.3055006265640259,0.1292334198951721,-0.5087854266166687,-0.1345431059598922,0.1962386071681976,-0.7082779407501221,-0.2148428559303283,-0.1487991511821746,-0.4985879063606262,-0.1846053451299667,-0.2259838432073593,-0.6765739917755127,-0.309262752532959,0.2497967481613159,-0.926401436328888,-0.2975324690341949,-0.2085359990596771,-0.9177265763282776,-0.3948569595813751,0.1083906963467598,-0.0038677426055073,0.0179342441260814,-0.1087134927511215,0.0032932974863797,-0.0167976170778274,0.1179921254515647,0.4017927050590515,0.0256399773061275,-0.1218218579888343,0.3886505365371704,-0.0041812071576714,0.1391221433877945,0.7352620959281921,0.1752033978700637,-0.1200502887368202,0.7246347665786743,0.1429295986890792
0.0027361481916159,-0.6265454888343811,-0.3121397197246551,0.1297436952590942,-0.5055609941482544,-0.1424129158258438,0.196647047996521,-0.7046588659286499,-0.2292375862598419,-0.1487196832895279,-0.496368259191513,-0.1936144679784774,-0.2247154116630554,-0.6736586689949036,-0.3244169652462005,0.251554787158966,-0.9244091510772704,-0.3153904676437378,-0.2062656730413437,-0.9160681366920472,-0.416785717010498,0.108628325164318,-0.0039014038629829,0.0178981814533472,-0.1089567467570304,0.0033279759809374,-0.0167561378329992,0.1184373050928115,0.4018127024173736,0.0248741973191499,-0.119974099099636,0.3885760605335235,-0.0052259624935686,0.1412138640880584,0.7347882390022278,0.1764729022979736,-0.1176544204354286,0.7232401967048645,0.1428842693567276
0.0026464513503015,-0.630183756351471,-0.28894904255867,0.1314200460910797,-0.5089974999427795,-0.1195307523012161,0.1982282400131225,-0.7114719152450562,-0.1921919584274292,-0.1487184017896652,-0.4984631836414337,-0.1634701490402221,-0.2255611717700958,-0.6767929792404175,-0.2805626392364502,0.2516088187694549,-0.9301448464393616,-0.265184074640274,-0.2057891935110092,-0.9189644455909728,-0.3587808012962341,0.1087115034461021,-0.0039294110611081,0.0173146370798349,-0.1090340912342071,0.0033542758319526,-0.0161643158644437,0.1226008310914039,0.4011105895042419,0.0242811627686023,-0.1217203736305236,0.3880237638950348,-0.0023170530330389,0.1415734440088272,0.7329415678977966,0.1763383746147155,-0.1170138567686081,0.7218508720397949,0.1448376327753067
0.0021255949977785,-0.6294249296188354,-0.2966164648532867,0.1309730857610702,-0.5089963674545288,-0.1241877079010009,0.1984205096960067,-0.7118794322013855,-0.1939655691385269,-0.1500611007213592,-0.4984632432460785,-0.1719112545251846,-0.227413073182106,-0.6777335405349731,-0.2817453145980835,0.2520756125450134,-0.9320391416549684,-0.2685143053531647,-0.206073060631752,-0.9211766123771667,-0.3664639592170715,0.1087891310453414,-0.0040281312540173,0.017341274768114,-0.1091166585683822,0.0034515238367021,-0.016190530732274,0.1258025169372558,0.3992683589458465,0.0243207085877656,-0.1220708414912223,0.3872999846935272,-0.0030283734668046,0.1433949023485183,0.7307952046394348,0.1781050413846969,-0.1174070015549659,0.71900475025177,0.1448564231395721
0.0013362907338887,-0.6299576163291931,-0.2932654023170471,0.1310657411813736,-0.5109672546386719,-0.1192240789532661,0.1998769491910934,-0.7151021957397461,-0.1838662922382354,-0.1505346596240997,-0.4991044402122497,-0.1704048812389373,-0.2283649295568466,-0.6801710724830627,-0.2821156084537506,0.2527616322040558,-0.932831645011902,-0.2552196383476257,-0.2060477286577224,-0.921554148197174,-0.357859343290329,0.1088947206735611,-0.0041371840052306,0.0172912552952766,-0.1092273071408271,0.0035594482906162,-0.0161400325596332,0.1264820396900177,0.3984894454479217,0.0246375240385532,-0.1220904886722564,0.3872924447059631,-0.0029196236282587,0.1475611478090286,0.7299144268035889,0.1780936270952224,-0.1174607947468757,0.7190415263175964,0.1448990255594253
0.0012146799126639,-0.6343189477920532,-0.2844744324684143,0.1320517808198928,-0.5150220394134521,-0.1108311712741851,0.2012617886066436,-0.724809467792511,-0.1737790405750274,-0.1505417972803115,-0.5016576051712036,-0.1622872352600097,-0.2322702705860138,-0.6866714954376221,-0.271408200263977,0.2525472342967987,-0.9419167637825012,-0.2428613752126693,-0.207294762134552,-0.9243852496147156,-0.3382335007190704,0.1089353486895561,-0.0041546896100044,0.0172991827130317,-0.1092681959271431,0.0035767648369073,-0.0161451920866966,0.1271238923072815,0.3977758288383484,0.0262747220695018,-0.1249628961086273,0.3860971927642822,-0.0046404721215367,0.1476636081933975,0.7294897437095642,0.1773764640092849,-0.1202571615576744,0.7174825072288513,0.1415518671274185
0.0008504558354616,-0.6342188715934753,-0.2845683395862579,0.1329483836889267,-0.514954149723053,-0.1117610931396484,0.2035984843969345,-0.7244313955307007,-0.1762379556894302,-0.1504311263561248,-0.5017569065093994,-0.1608740389347076,-0.2313366681337356,-0.6864700317382812,-0.2708433866500854,0.2551158368587494,-0.9415485262870787,-0.2449229806661605,-0.2070051729679107,-0.9248828291893004,-0.3411239981651306,0.1091191545128822,-0.0041752932593226,0.0171386990696191,-0.1094550937414169,0.0035970755852758,-0.0159832388162612,0.1314032673835754,0.3951372802257538,0.025564931333065,-0.1259438395500183,0.3847160339355469,-0.0088426722213625,0.150921881198883,0.7256247997283936,0.1774937063455581,-0.1202407255768776,0.716083288192749,0.1390525251626968
-0.0004029744304716,-0.6341457366943359,-0.2859140932559967,0.1330694109201431,-0.5149889588356018,-0.1159764006733894,0.2045450657606125,-0.7239050269126892,-0.1815786063671112,-0.1505759060382843,-0.5029216408729553,-0.1613058149814605,-0.2324311584234237,-0.6862921118736267,-0.2702809870243072,0.2562779188156128,-0.9417962431907654,-0.2479652315378189,-0.211847648024559,-0.925161361694336,-0.34224334359169,0.1091586798429489,-0.0041856844909489,0.0164410714060068,-0.1094944775104522,0.003607285907492,-0.015293656848371,0.1313752979040146,0.3942237794399261,0.022803645581007,-0.1249803900718689,0.3844509124755859,-0.0048215636052191,0.1498009264469146,0.7245426774024963,0.176139548420906,-0.1207738071680069,0.7145178914070129,0.1427738070487976
0.000436081783846,-0.6314998865127563,-0.2988535165786743,0.1364677101373672,-0.5149940848350525,-0.1322015225887298,0.2126782834529876,-0.7249469757080078,-0.1990935206413269,-0.1467816531658172,-0.5051129460334778,-0.1636748909950256,-0.2316013723611831,-0.6874646544456482,-0.2713444828987121,0.2625457644462585,-0.9470150470733644,-0.2607851028442383,-0.211714431643486,-0.9274455904960632,-0.3433001339435577,0.1091241389513015,-0.0041158543899655,0.0138948569074273,-0.1094573214650154,0.0035427515394985,-0.0127858519554138,0.1315983086824417,0.3929363787174225,0.0183290503919124,-0.1249238327145576,0.383820116519928,-0.0012133386917412,0.1512490212917328,0.7234911918640137,0.1690419167280197,-0.1207755878567695,0.7120647430419922,0.1472081989049911
0.0003845368046313,-0.6293030977249146,-0.2991103529930115,0.1372671574354171,-0.5125258564949036,-0.1321244090795517,0.2158950120210647,-0.7207188606262207,-0.2006849497556686,-0.1465900242328643,-0.5041847825050354,-0.1639489531517028,-0.2317268699407577,-0.6845995783805847,-0.272915780544281,0.2655733227729797,-0.9424227476119996,-0.2641749978065491,-0.2130818963050842,-0.9277094006538392,-0.3528617918491363,0.1093071028590202,-0.0040851118974387,0.0137483021244406,-0.109641894698143,0.0035154793877154,-0.0126369697973132,0.1275977939367294,0.3930638134479522,0.0120842894539237,-0.1308937668800354,0.3811254203319549,-0.0160974990576505,0.1511636227369308,0.7199159264564514,0.1669250428676605,-0.1218955144286155,0.7078181505203247,0.1374000906944275
0.0003476838755887,-0.6305960416793823,-0.2990002930164337,0.1378480494022369,-0.5130695104598999,-0.1318288296461105,0.2156619429588318,-0.7210728526115417,-0.2003528028726577,-0.1466182321310043,-0.5049448013305664,-0.1641556769609451,-0.2323788404464721,-0.6876038312911987,-0.2699524462223053,0.2664970755577087,-0.942343533039093,-0.2649652063846588,-0.2156776338815689,-0.9302180409431458,-0.3390287160873413,0.1094022095203399,-0.0040492294356226,0.0134787410497665,-0.1097388416528701,0.003480365499854,-0.012354077771306,0.1285566836595535,0.3930642306804657,0.0203660745173692,-0.1309233754873275,0.3800859451293945,-0.0094343796372413,0.1521170139312744,0.718463122844696,0.1778193861246109,-0.1228960156440734,0.7022514343261719,0.1499569863080978
-0.0006325023132376,-0.630558967590332,-0.3001773655414581,0.1379517614841461,-0.5122222900390625,-0.1341632455587387,0.2158868014812469,-0.7163578271865845,-0.2120024859905243,-0.146671712398529,-0.5050543546676636,-0.1639444231986999,-0.2334035485982895,-0.6871591210365295,-0.2666345834732055,0.2662659883499145,-0.9342256784439088,-0.2851818799972534,-0.2185499966144561,-0.9301960468292236,-0.3367056846618652,0.1094299852848053,-0.0040169241838157,0.0121431481093168,-0.1097657829523086,0.0034509198740124,-0.0110069178044795,0.1286452263593673,0.3931390643119812,0.0185249280184507,-0.1327823996543884,0.3796902596950531,-0.0084654428064823,0.1522495448589325,0.7177972793579102,0.1736457496881485,-0.1278524547815323,0.7021013498306274,0.1497065126895904
-0.0005013721529394,-0.6308828592300415,-0.2994806170463562,0.1393283307552337,-0.5121923685073853,-0.1336209774017334,0.2170556038618087,-0.7157917022705078,-0.2109006196260452,-0.1461544185876846,-0.5050157904624939,-0.1622145175933838,-0.2343437224626541,-0.6872763633728027,-0.2587923109531402,0.2668195366859436,-0.9322774410247804,-0.2836936712265014,-0.2191209644079208,-0.9309425354003906,-0.3206310570240021,0.1095015481114387,-0.0039576045237481,0.0121188890188932,-0.109838105738163,0.0033919964917004,-0.0109766572713851,0.1286381930112838,0.3943277299404144,0.0196604840457439,-0.1369774043560028,0.3785246610641479,-0.0123604238033294,0.1498701274394989,0.7186576128005981,0.1744185239076614,-0.1322033256292343,0.7017025947570801,0.1444116234779358
-0.001446513342671,-0.6332663297653198,-0.2963722646236419,0.1397864520549774,-0.5122292041778564,-0.1330807358026504,0.2185376435518264,-0.711405336856842,-0.2101773917675018,-0.1463392227888107,-0.506192684173584,-0.1574005633592605,-0.2343936264514923,-0.6872472167015076,-0.2454557567834854,0.2685360908508301,-0.9272885918617249,-0.2824937105178833,-0.2196254581212997,-0.9310563206672668,-0.3048869967460632,0.1095734387636184,-0.0039204661734402,0.0118248732760548,-0.1099084466695785,0.0033572881948202,-0.0106671759858727,0.1286357194185257,0.3945750296115875,0.0224532149732112,-0.1367255896329879,0.3771449625492096,-0.0121449707075953,0.1505105644464492,0.7174271941184998,0.1783790439367294,-0.132291242480278,0.6992890238761902,0.1450788527727127
-0.0060256007127463,-0.632879376411438,-0.2948595285415649,0.138493612408638,-0.5113267302513123,-0.1325616389513015,0.2182904481887817,-0.7103819847106934,-0.2111502587795257,-0.1488732993602752,-0.504883348941803,-0.1559601128101349,-0.236732468008995,-0.6821883916854858,-0.2474545836448669,0.2662544548511505,-0.9268184900283812,-0.2843698561191559,-0.2216514497995376,-0.9264116287231444,-0.3070827424526214,0.1096727475523948,-0.0039148633368313,0.0117996446788311,-0.1100034117698669,0.003354016225785,-0.0106402905657887,0.1283986568450927,0.3941009044647217,0.0126177547499537,-0.1366185396909713,0.3762429058551788,-0.0187058839946985,0.1496217250823974,0.7174211740493774,0.1641480773687362,-0.1316431015729904,0.6990327835083008,0.1330329477787017
-0.0052757621742784,-0.6328212022781372,-0.2955130636692047,0.1394905149936676,-0.511359453201294,-0.1316282600164413,0.2201845943927765,-0.7120997309684753,-0.2093032002449035,-0.1488493531942367,-0.5047775506973267,-0.1574646830558776,-0.2381246387958526,-0.6835018992424011,-0.2481412142515182,0.2697091996669769,-0.9272211194038392,-0.2831165194511413,-0.2240784764289856,-0.9267373085021972,-0.310958981513977,0.1097536459565162,-0.0039162877947092,0.0119138769805431,-0.1100887432694435,0.003355587599799,-0.0107486099004745,0.1297315806150436,0.394212543964386,0.0200856514275074,-0.1364861577749252,0.376439481973648,-0.0179022103548049,0.1504708975553512,0.7180758714675903,0.1679429113864898,-0.1321408003568649,0.700679361820221,0.1336946040391922
-0.0032585812732577,-0.6339796781539917,-0.2897284924983978,0.1394304782152176,-0.5118952989578247,-0.1236490830779075,0.2202729731798172,-0.712394654750824,-0.2025386840105056,-0.1494368463754654,-0.5047467350959778,-0.1540499776601791,-0.2397951781749725,-0.6824448704719543,-0.2472721338272094,0.270431786775589,-0.9273906946182252,-0.2794240415096283,-0.2245305329561233,-0.9270656704902648,-0.310222178697586,0.1098178401589393,-0.0039127324707806,0.0118524506688117,-0.1101501733064651,0.0033544914331287,-0.010685397312045,0.1289666295051574,0.394567459821701,0.0180701911449432,-0.1406572759151458,0.3757151067256927,-0.0198585633188486,0.1503845453262329,0.717890202999115,0.1674872487783432,-0.1331546306610107,0.6995859742164612,0.1336112022399902
-0.0031756267417222,-0.6345756649971008,-0.2898488640785217,0.1407710760831833,-0.5119118690490723,-0.1238270699977874,0.2263884842395782,-0.712742030620575,-0.2017659097909927,-0.1492200940847396,-0.5053113698959351,-0.1537157893180847,-0.239713042974472,-0.6843796968460083,-0.2435572296380996,0.2746829986572265,-0.9275893568992616,-0.2753485739231109,-0.2240660488605499,-0.930109679698944,-0.3020378053188324,0.1099121570587158,-0.0038869599811732,0.0113542145118117,-0.1102500036358833,0.0033301834482699,-0.0101888114586472,0.1318803280591964,0.3944838345050812,0.0181483179330825,-0.1405397802591323,0.3754236996173858,-0.0174379833042621,0.1541437655687332,0.7179101705551147,0.1685323268175125,-0.1329086124897003,0.6995371580123901,0.1370214074850082
-0.000398626900278,-0.6352748274803162,-0.2890939712524414,0.1407705098390579,-0.5121028423309326,-0.1222875341773033,0.2264669090509414,-0.7127690315246582,-0.197879359126091,-0.1491801589727401,-0.5060507655143738,-0.153666153550148,-0.2391152083873748,-0.6842745542526245,-0.2442087680101394,0.2769126296043396,-0.9277267456054688,-0.2708633840084076,-0.2230983227491378,-0.9302151203155518,-0.3036846220493316,0.1099492013454437,-0.0038905257824808,0.0113433012738823,-0.1102869436144828,0.0033352491445839,-0.0101767256855964,0.1317483633756637,0.3945108652114868,0.0181701332330703,-0.1404212415218353,0.3752716779708862,-0.0179380159825086,0.1545996665954589,0.7174903750419617,0.1698532700538635,-0.1328765153884887,0.6991809606552124,0.1371195465326309
0.0030140965245664,-0.6314933896064758,-0.2990740537643432,0.143281489610672,-0.5116562843322754,-0.1290391236543655,0.2313537001609802,-0.7132100462913513,-0.2005063146352768,-0.1468466371297836,-0.5058878660202026,-0.1600077897310257,-0.2397751063108444,-0.6829947829246521,-0.2541955113410949,0.2822871208190918,-0.9310893416404724,-0.2714187800884247,-0.2241572439670562,-0.9290795922279358,-0.3208776712417602,0.1099943593144416,-0.0038693770766258,0.0113257020711898,-0.110335886478424,0.0033163335174322,-0.0101590724661946,0.1320223808288574,0.3941496908664703,0.012185763567686,-0.1374629437923431,0.3751195967197418,-0.0206431075930595,0.1551160812377929,0.7174311280250549,0.1634028851985931,-0.1314097791910171,0.699191689491272,0.1322164982557296
0.0019452389096841,-0.631550133228302,-0.2951797246932983,0.1437674760818481,-0.5143144726753235,-0.126517653465271,0.2341663092374801,-0.7179558277130127,-0.1929916590452194,-0.1465785652399063,-0.5068844556808472,-0.1558679044246673,-0.2408226579427719,-0.6867021918296814,-0.2400350123643875,0.2830479741096496,-0.936462938785553,-0.2560590207576751,-0.226125419139862,-0.9325059056282043,-0.2982819378376007,0.1100276410579681,-0.0037197233177721,0.0113328350707888,-0.110369324684143,0.0031716832891106,-0.0101639796048402,0.1266411393880844,0.3953274488449096,0.0183701515197753,-0.1398055404424667,0.3736499547958374,-0.0210994891822338,0.1501512080430984,0.7162219882011414,0.176140010356903,-0.1326755732297897,0.6954785585403442,0.1344580501317978
-0.0012334859929978,-0.633312463760376,-0.2799027860164642,0.1441418379545211,-0.5160776376724243,-0.11633962392807,0.23598413169384,-0.7182438373565674,-0.1796289980411529,-0.1469121277332306,-0.5110639929771423,-0.1379587054252624,-0.2421394884586334,-0.6918356418609619,-0.2168881595134735,0.2834563255310058,-0.9362673163414,-0.2404798865318298,-0.2251969277858734,-0.9363428950309752,-0.274137794971466,0.1100969910621643,-0.0033536138944327,0.0099710430949926,-0.110434204339981,0.0028173013124614,-0.0088136196136474,0.126729741692543,0.3947325348854065,0.0133615424856543,-0.1455453634262085,0.3701620995998382,-0.0187769681215286,0.1511460542678833,0.7146452069282532,0.172086089849472,-0.132720410823822,0.688495397567749,0.1396641135215759
-0.0012204981176182,-0.6336036324501038,-0.2766113877296448,0.1453250497579574,-0.5162484645843506,-0.1141198724508285,0.2367546111345291,-0.7185897827148438,-0.1792867332696914,-0.1462138444185257,-0.5110121369361877,-0.1345448791980743,-0.242041677236557,-0.6908555030822754,-0.2149897813796997,0.2839075624942779,-0.9378328323364258,-0.2403498142957687,-0.2250008583068847,-0.9356178045272828,-0.273552656173706,0.1101942434906959,-0.0033360002562403,0.0097705014050006,-0.1105313301086425,0.002800514223054,-0.0086113438010215,0.1282611787319183,0.3941602110862732,0.0134579436853528,-0.1453792750835418,0.3701749742031097,-0.0188350044190883,0.1580429971218109,0.7102365493774414,0.174881175160408,-0.1316191405057907,0.6886534690856934,0.1398379653692245
-0.0016812738031148,-0.6336420774459839,-0.2795235812664032,0.1453586369752884,-0.5162845253944397,-0.1153202876448631,0.2369969636201858,-0.7187525629997253,-0.1793729364871978,-0.146391749382019,-0.5110192894935608,-0.1349298506975174,-0.2466235607862472,-0.6906234622001648,-0.2169900983572006,0.2843597531318664,-0.9381032586097716,-0.2406370192766189,-0.2290350198745727,-0.934480845928192,-0.2758791744709015,0.1102293282747268,-0.003158351406455,0.0093642529100179,-0.1105661764740943,0.0026193677913397,-0.0082084694877266,0.128546729683876,0.3938557803630829,0.0154723105952143,-0.1444285064935684,0.3695513904094696,-0.011223061941564,0.1584250181913375,0.7102404832839966,0.1750189960002899,-0.131247192621231,0.6871703267097473,0.1484095752239227
-0.0017927847802639,-0.634199857711792,-0.2802670001983642,0.1447249203920364,-0.5163019895553589,-0.1155213117599487,0.2354428023099899,-0.7192249298095703,-0.1798062771558761,-0.1476036012172699,-0.5105747580528259,-0.1396185457706451,-0.2470602244138717,-0.690605103969574,-0.2236267328262329,0.2824559509754181,-0.9384415745735168,-0.2415666580200195,-0.2289937734603881,-0.9344830513000488,-0.2789228558540344,0.1102612018585205,-0.0031479410827159,0.0099729690700769,-0.1105976104736328,0.002610562602058,-0.008810213766992,0.1271824389696121,0.3942162990570068,0.0194124262779951,-0.1445700675249099,0.3692521154880523,-0.018695468083024,0.1541886180639267,0.7112006545066833,0.1766064316034317,-0.1328355371952057,0.6873658299446106,0.1419813334941864
-0.001732001430355,-0.6342281103134155,-0.2808718979358673,0.1444534659385681,-0.5159016847610474,-0.1156991347670555,0.2332544028759002,-0.7180504202842712,-0.1816251277923584,-0.1483925282955169,-0.5086191892623901,-0.1422570645809173,-0.2475159168243408,-0.6873128414154053,-0.2312339842319488,0.2784865796566009,-0.936058223247528,-0.2464832663536071,-0.2294608652591705,-0.9313965439796448,-0.2888415157794952,0.110338881611824,-0.0031787662301212,0.01024532597512,-0.1106785982847213,0.0026452576275914,-0.009081432595849,0.1272347271442413,0.3938210606575012,0.0147417802363634,-0.1460284739732742,0.3688466250896454,-0.0298189725726842,0.1527976393699646,0.7112900614738464,0.1681209504604339,-0.1319503188133239,0.6878361105918884,0.1269489526748657
-0.0011221255408599,-0.6329137682914734,-0.2920182049274444,0.1442461013793945,-0.5124417543411255,-0.1242336332798004,0.2331478297710418,-0.7138625979423523,-0.1932737976312637,-0.1484798491001129,-0.5070335268974304,-0.1538535356521606,-0.2475309371948242,-0.6853351593017578,-0.2559452056884765,0.278911679983139,-0.9306685328483582,-0.2636550962924957,-0.2306306064128875,-0.929681658744812,-0.329422265291214,0.11036928743124,-0.0032302415929734,0.0102661149576306,-0.1107099205255508,0.0027027437463402,-0.0091077731922268,0.1299569308757782,0.3930424451828003,0.0034480206668376,-0.1469781994819641,0.3685016930103302,-0.0322034396231174,0.1539838165044784,0.7120301127433777,0.151631161570549,-0.1295947134494781,0.6894943118095398,0.1220909804105758
-8.510276529705152e-05,-0.631138026714325,-0.2932054698467254,0.1466418355703354,-0.512495756149292,-0.1247369870543479,0.2364706546068191,-0.7136058211326599,-0.1943558007478714,-0.1469420194625854,-0.5069347620010376,-0.1537759155035019,-0.2469397634267807,-0.6832588911056519,-0.2533631920814514,0.2846981585025787,-0.9305112957954408,-0.2641485333442688,-0.2312658280134201,-0.9280695915222168,-0.3234614729881286,0.1106488406658172,-0.0031948913820087,0.0102547938004136,-0.1109960600733757,0.002665297826752,-0.0090943984687328,0.1299381703138351,0.3940334916114807,0.0091068129986524,-0.1449100375175476,0.3688764870166778,-0.0309713222086429,0.154312714934349,0.7119846940040588,0.1684981137514114,-0.128706082701683,0.690097987651825,0.1267620623111724
-0.0005593869136646,-0.6293976902961731,-0.2954685986042022,0.1466767489910125,-0.5126681327819824,-0.1281203180551529,0.2371869832277298,-0.7144293785095215,-0.196857213973999,-0.146731823682785,-0.5076085329055786,-0.1536863148212433,-0.2480996549129486,-0.6845089197158813,-0.2443636953830719,0.285639226436615,-0.9324543476104736,-0.2646473348140716,-0.2358558923006057,-0.9298892617225648,-0.3082790672779083,0.1106830239295959,-0.002958414144814,0.0088923219591379,-0.1110308095812797,0.0024268983397632,-0.0077420626766979,0.1290528178215026,0.394053041934967,0.0090219806879758,-0.1445457935333252,0.3688254952430725,-0.023864347487688,0.1542434841394424,0.7117016315460205,0.1689105778932571,-0.1280965059995651,0.6889892220497131,0.1381388753652572
-0.0003871458175126,-0.6248692870140076,-0.31073197722435,0.1472143083810806,-0.5113921165466309,-0.1439738124608993,0.2399716228246688,-0.7130709886550903,-0.2164503782987594,-0.145799845457077,-0.5061270594596863,-0.1666610240936279,-0.2481146603822708,-0.6837988495826721,-0.2543503046035766,0.2866525650024414,-0.9312029480934144,-0.2821778655052185,-0.23698091506958,-0.9298702478408812,-0.3188754320144653,0.1107360869646072,-0.0029376789461821,0.008872284553945,-0.1110903546214103,0.0024063787423074,-0.0077208052389323,0.1288463473320007,0.3945433497428894,0.0091310543939471,-0.1443037837743759,0.3688864409923553,-0.0245414581149816,0.1546766608953476,0.7117304801940918,0.1709208041429519,-0.1283024251461029,0.689047634601593,0.1375590860843658
-0.0040647503919899,-0.6249480247497559,-0.3095085024833679,0.1454018354415893,-0.5127273797988892,-0.142706423997879,0.2396353781223297,-0.7163739800453186,-0.2080194652080536,-0.14761283993721,-0.5070328712463379,-0.164634495973587,-0.2542388141155243,-0.6880261301994324,-0.244567409157753,0.2862872779369354,-0.9363856315612792,-0.2690136432647705,-0.2401971220970153,-0.9352459907531738,-0.304157018661499,0.1107524633407592,-0.0028474275022745,0.0088197588920593,-0.1111083030700683,0.0023179643321782,-0.0076705361716449,0.1270195096731186,0.3946076929569244,0.0103871971368789,-0.1448827385902404,0.36827152967453,-0.024502370506525,0.1517798453569412,0.711838960647583,0.1730242073535919,-0.1301549822092056,0.6872149705886841,0.1388497352600097
-0.0054679294116795,-0.6227664947509766,-0.3201054036617279,0.1449168473482132,-0.510230541229248,-0.1538135707378387,0.241145372390747,-0.7147077918052673,-0.223906472325325,-0.1480863243341446,-0.5046022534370422,-0.1737565398216247,-0.2548671960830688,-0.679280161857605,-0.2610020339488983,0.2868179976940155,-0.9354987144470216,-0.2869651019573211,-0.247532770037651,-0.9253172278404236,-0.3303571045398712,0.1107780560851097,-0.0028332357760518,0.0086998110637068,-0.111139491200447,0.0023063588887453,-0.0075566051527857,0.1277547925710678,0.3940539360046386,-0.000846616574563,-0.1457419246435165,0.3674668669700622,-0.0320459939539432,0.1517611593008041,0.7115080952644348,0.1617567092180252,-0.1301490664482116,0.6871448159217834,0.1271886825561523
-0.0031881665345281,-0.6211690306663513,-0.328524649143219,0.1449986398220062,-0.5076902508735657,-0.1598762422800064,0.2410603910684585,-0.7111740112304688,-0.2315233945846557,-0.1465282142162323,-0.5032407641410828,-0.1823121756315231,-0.2524716854095459,-0.6752607226371765,-0.2799281179904938,0.2864649891853332,-0.9333099126815796,-0.2997255027294159,-0.2471223473548889,-0.9215880036354064,-0.3617185354232788,0.1107794269919395,-0.0028279970865696,0.0085528269410133,-0.1111451387405395,0.0023043418768793,-0.0074156355112791,0.1283494085073471,0.3939652442932129,-0.0034136313479393,-0.1471704691648483,0.367424875497818,-0.0328453481197357,0.1535566300153732,0.7116373181343079,0.1535608023405075,-0.1311250030994415,0.6878588795661926,0.125366985797882
-0.0031659728847444,-0.6212676763534546,-0.327337771654129,0.1450867056846618,-0.5077732801437378,-0.1581909656524658,0.2410190552473068,-0.7090262174606323,-0.2289560884237289,-0.1465935856103897,-0.5032133460044861,-0.1781120747327804,-0.2601777017116546,-0.6741405129432678,-0.2702628970146179,0.2864441275596618,-0.9286741018295288,-0.2967987358570099,-0.2558203637599945,-0.9200578331947328,-0.3531634509563446,0.1108177304267883,-0.0026812357828021,0.0075904680415987,-0.1111830398440361,0.0021629808470606,-0.0064696413464844,0.1276226043701172,0.3939696252346039,-0.0032759699970483,-0.1539488285779953,0.3670571446418762,-0.0309867281466722,0.1532279253005981,0.7108668088912964,0.15457384288311,-0.1339683830738067,0.6864773631095886,0.1296515166759491
-0.0033270504791289,-0.6196981072425842,-0.3255750238895416,0.1450897008180618,-0.5070090293884277,-0.1569568514823913,0.2428523749113083,-0.7074249982833862,-0.2266188859939575,-0.1470570266246795,-0.5025409460067749,-0.1762904524803161,-0.2649182677268982,-0.6709309816360474,-0.2634406089782715,0.2878036201000213,-0.927488386631012,-0.2948280870914459,-0.2654010951519012,-0.9145036339759828,-0.3479993343353271,0.1108331084251403,-0.0024930317886173,0.007515360135585,-0.1111999154090881,0.0019830137025564,-0.0064045637845993,0.1281227767467498,0.3935077786445617,-0.009393653832376,-0.1549535393714904,0.3651017248630523,-0.0363536849617958,0.1531587541103363,0.7116323709487915,0.1443759500980377,-0.1339224576950073,0.6864976286888123,0.1213135793805122
-0.0057250466197729,-0.6183997392654419,-0.3185495734214782,0.1447259783744812,-0.5055769681930542,-0.1527880877256393,0.2434047609567642,-0.7038758993148804,-0.2222732305526733,-0.1481991559267044,-0.500924289226532,-0.1655948907136917,-0.2683252096176147,-0.6677842140197754,-0.254044622182846,0.2871893644332886,-0.9232516884803772,-0.2912254929542541,-0.2714373171329498,-0.9107679128646852,-0.3447409570217132,0.1108726859092712,-0.002390862442553,0.0074890395626425,-0.1112373173236846,0.0018903231248259,-0.0063791871070861,0.1284698694944381,0.392313152551651,-0.0299536101520061,-0.1599743068218231,0.361818253993988,-0.0530096143484115,0.1509605050086975,0.7119141817092896,0.1231929585337638,-0.1342624872922897,0.686347484588623,0.1021577790379524
-0.0060017155483365,-0.6162943243980408,-0.3191947638988495,0.144784927368164,-0.5048604607582092,-0.1523520350456237,0.2438773363828659,-0.703670859336853,-0.2219276279211044,-0.1483108401298523,-0.5006505846977234,-0.1663406491279602,-0.2689164876937866,-0.6679785251617432,-0.2510838210582733,0.2871213257312774,-0.923331379890442,-0.2908563315868377,-0.2700848877429962,-0.9109721779823304,-0.3289472460746765,0.1109367460012435,-0.0020966939628124,0.0074651152826845,-0.1113072112202644,0.0015967420767992,-0.006355922203511,0.1282874494791031,0.3922459483146667,-0.0274169016629457,-0.1598974019289016,0.3597419857978821,-0.0551389418542385,0.1481665968894958,0.7139307856559753,0.1261267662048339,-0.1340360194444656,0.6850252151489258,0.1024687513709068
-0.0060088573954999,-0.6171618700027466,-0.3191444277763366,0.144765555858612,-0.504675030708313,-0.1524363458156585,0.2437365502119064,-0.7028536200523376,-0.2226339429616928,-0.1485259979963302,-0.500507652759552,-0.1666636168956756,-0.2696673274040222,-0.6667855381965637,-0.2512171864509582,0.2856596708297729,-0.9227179884910583,-0.2943571209907532,-0.2714033722877502,-0.909101128578186,-0.3289430141448974,0.1109532937407493,-0.0020183390006422,0.0073946639895439,-0.1113255023956298,0.0015215484891086,-0.0062900194898247,0.1287676990032196,0.3920774757862091,-0.0258572176098823,-0.1594806164503097,0.3597275614738464,-0.0537881180644035,0.1482011675834655,0.7142958045005798,0.1277470588684082,-0.1339482814073562,0.6856162548065186,0.1040778085589408
-0.0060799340717494,-0.6179314851760864,-0.3190111219882965,0.144200786948204,-0.5038242340087891,-0.1522834450006485,0.2437458634376526,-0.7025519609451294,-0.2220118939876556,-0.1496082842350006,-0.500452995300293,-0.1667251586914062,-0.2714231014251709,-0.6672925353050232,-0.2492719888687133,0.2862112522125244,-0.922532856464386,-0.2936943769454956,-0.2726929187774658,-0.9089985489845276,-0.3207329511642456,0.1109799891710281,-0.00198092055507,0.00740288477391,-0.1113551929593086,0.0014853440225124,-0.0062979725189507,0.1291255354881286,0.391844242811203,-0.0254057943820953,-0.1593589037656784,0.3597225844860077,-0.0537855923175811,0.1486844569444656,0.7143238186836243,0.1292628496885299,-0.1338389217853546,0.6864517331123352,0.1042710691690445
-0.006207016762346,-0.6163144111633301,-0.3312726020812988,0.1441745162010193,-0.5007448792457581,-0.162398025393486,0.2439261078834533,-0.6984689831733704,-0.2304993718862533,-0.1496128141880035,-0.4984325468540191,-0.1787489652633667,-0.2714012563228607,-0.6650330424308777,-0.2598205208778381,0.2866869866847992,-0.9215261340141296,-0.2994655072689056,-0.2757545411586761,-0.9074642658233644,-0.3322167992591858,0.1110260859131813,-0.0019482066854834,0.0074928528629243,-0.1114086657762527,0.0014534521615132,-0.0063910572789609,0.1296507269144058,0.3915832638740539,-0.0244988985359668,-0.1575137376785278,0.3596895337104797,-0.0594120062887668,0.1490505188703537,0.7143667936325073,0.1303729563951492,-0.1337286978960037,0.6868712902069092,0.0983085557818412
-0.0061709946021437,-0.6163312196731567,-0.3306914269924164,0.1442981362342834,-0.5001260638237,-0.1625590920448303,0.2445786744356155,-0.6983475685119629,-0.2318660020828247,-0.1496292352676391,-0.4977485239505768,-0.1786467880010604,-0.2713253796100616,-0.6636911630630493,-0.2618847191333771,0.286818116903305,-0.9208176136016846,-0.3006730079650879,-0.2755576968193054,-0.90514075756073,-0.3386047482490539,0.111107513308525,-0.0019009223906323,0.0075303041376173,-0.1114944443106651,0.001403221162036,-0.0064254351891577,0.1289375275373459,0.3927383124828338,-0.0146185299381613,-0.1559829711914062,0.3600495457649231,-0.0559998601675033,0.1483852863311767,0.7153860330581665,0.1480565369129181,-0.1334592252969741,0.6871935725212097,0.1058773919939994
-0.0074655287899076,-0.6133257150650024,-0.3305096626281738,0.1442808210849762,-0.4996747076511383,-0.1628819704055786,0.245422214269638,-0.6981094479560852,-0.2319727540016174,-0.1496589928865432,-0.4973041117191314,-0.1782932877540588,-0.2714844942092895,-0.6633681654930115,-0.260181188583374,0.2888355851173401,-0.921324610710144,-0.3003117144107818,-0.2758023142814636,-0.9051973819732666,-0.3339247107505798,0.1111458614468574,-0.0017416673945263,0.0073757632635533,-0.1115336641669273,0.0012527181534096,-0.0062736682593822,0.1285136044025421,0.3926585614681244,-0.0305983442813158,-0.1564123481512069,0.3590499758720398,-0.0626000016927719,0.1483798772096634,0.7155807614326477,0.1284774094820022,-0.1338459402322769,0.6858730912208557,0.0969707071781158
-0.008420456200838,-0.6127155423164368,-0.3339925408363342,0.1444335281848907,-0.4994203448295593,-0.1668218076229095,0.2495744824409485,-0.698202908039093,-0.2356357723474502,-0.1496700644493103,-0.4970515966415405,-0.1814841032028198,-0.2717640697956085,-0.6625292301177979,-0.2647887170314789,0.2940981686115265,-0.9213770627975464,-0.3021270334720611,-0.2776753604412079,-0.9022347331047058,-0.34197798371315,0.1111917123198509,-0.0016488233814015,0.0073723355308175,-0.1115829348564148,0.0011655028210952,-0.0062704859301447,0.1287726610898971,0.3923733234405517,-0.0318999029695987,-0.1555589586496353,0.3586979508399963,-0.065309502184391,0.1492621004581451,0.7155913710594177,0.1265882700681686,-0.1338309794664383,0.6856440305709839,0.0928900316357612
-0.0083185611292719,-0.6112355589866638,-0.3429348766803741,0.1448586583137512,-0.4977044463157654,-0.1762300729751587,0.2516290843486786,-0.6962673664093018,-0.2483431547880172,-0.149523839354515,-0.4969553351402282,-0.1896884739398956,-0.2720176875591278,-0.6623693704605103,-0.274414986371994,0.2960948348045349,-0.9186612367630004,-0.3150620758533478,-0.2775821685791015,-0.9008798003196716,-0.3521336019039154,0.1112283691763877,-0.0013967789709568,0.0073298113420605,-0.1116223558783531,0.0009147747186943,-0.006222141906619,0.127289205789566,0.3928334414958954,-0.0311864037066698,-0.1540307700634002,0.3576541543006897,-0.0648737177252769,0.1475802809000015,0.7157629132270813,0.1286686211824417,-0.1338711231946945,0.6831862330436707,0.0934885069727897
-0.0076844883151352,-0.6144618391990662,-0.3353990614414215,0.1448477804660797,-0.4990655779838562,-0.1697224080562591,0.2510052025318146,-0.7057007551193237,-0.2394274771213531,-0.1491188257932663,-0.4971567690372467,-0.1875523775815963,-0.2650490999221802,-0.6705580353736877,-0.2632589638233185,0.2947295606136322,-0.9333081245422364,-0.30183807015419,-0.2737435400485992,-0.9181188941001892,-0.3201357424259186,0.1111215129494667,-0.0013296052347868,0.0073411893099546,-0.1115202754735946,0.0008555762469768,-0.0062334481626749,0.1293516308069229,0.3861068189144134,-0.0460374690592289,-0.1553046256303787,0.349377691745758,-0.0861312374472618,0.1488876044750213,0.7128797173500061,0.1040693968534469,-0.1325147598981857,0.6775680184364319,0.0690862089395523
-0.0077048074454069,-0.6154923439025879,-0.3150720298290252,0.143988162279129,-0.5017746090888977,-0.147814393043518,0.2508168220520019,-0.7097375988960266,-0.2098675370216369,-0.1514128297567367,-0.4985733330249786,-0.1716798990964889,-0.2681506872177124,-0.6744798421859741,-0.2411848753690719,0.2936550974845886,-0.9357412457466124,-0.2734358310699463,-0.2749548852443695,-0.9226450324058532,-0.2905101776123047,0.1111397743225097,-0.0012872508959844,0.0071944431401789,-0.1115388199687004,0.0008143472950905,-0.0060914536006748,0.1292045265436172,0.3736807405948639,-0.108923502266407,-0.1680559962987899,0.3394804894924164,-0.1062942519783973,0.1478003412485122,0.700455367565155,0.0433829724788665,-0.1366460025310516,0.6687131524085999,0.0370879098773002
-0.0082776024937629,-0.6154831051826477,-0.3157525658607483,0.1435896605253219,-0.5023552179336548,-0.1474609076976776,0.2507658004760742,-0.7135236263275146,-0.2093722522258758,-0.151582658290863,-0.4988260865211487,-0.1712773889303207,-0.2686876356601715,-0.6765161752700806,-0.2399840801954269,0.2953520119190216,-0.9409111738204956,-0.2715993523597717,-0.2755146026611328,-0.9245375990867616,-0.28996741771698,0.1111792400479316,-0.0012195211602374,0.0071591474115848,-0.111582338809967,0.0007536663324572,-0.0060536521486938,0.1308957636356353,0.3736363053321838,-0.0965283662080764,-0.1690007448196411,0.3358927369117737,-0.1130950078368187,0.1475169956684112,0.7013664245605469,0.0526343658566474,-0.1365879476070404,0.6638592481613159,0.034428484737873
-0.0090006766840815,-0.6154823303222656,-0.3164191544055938,0.1433490812778473,-0.5012701153755188,-0.1483191698789596,0.250725120306015,-0.713187575340271,-0.2119394689798355,-0.1515934616327285,-0.4985213279724121,-0.1715160012245178,-0.2693743109703064,-0.6763165593147278,-0.2409107983112335,0.2953977584838867,-0.9402967691421508,-0.272757738828659,-0.2812186777591705,-0.9241257905960084,-0.2929150760173797,0.1111824288964271,-0.0011818421771749,0.0071413186378777,-0.1115873828530311,0.0007174437050707,-0.0060345861129462,0.1308726668357849,0.3681771159172058,-0.1173361539840698,-0.1695964187383651,0.331512451171875,-0.1276431530714035,0.1446462422609329,0.6982524991035461,0.023603118956089,-0.1371515095233917,0.6618945002555847,0.0105291362851858
-0.0106304101645946,-0.6135300397872925,-0.3159725069999695,0.1396059393882751,-0.4997804760932922,-0.148048996925354,0.2477814704179763,-0.7153704166412354,-0.2111801505088806,-0.1549252569675445,-0.4939672648906708,-0.1716616302728653,-0.2724860608577728,-0.6755190491676331,-0.2411322891712188,0.2945683598518371,-0.946588397026062,-0.2665563225746155,-0.2874777913093567,-0.9238815903663636,-0.2840994596481323,0.1115627959370613,-0.0011431921739131,0.0074337869882583,-0.1119465082883834,0.0006842809962108,-0.0063077853992581,0.1267747581005096,0.3436735868453979,-0.1928687989711761,-0.1773038357496261,0.299401193857193,-0.1818237751722335,0.1327457875013351,0.6652215719223022,-0.0509836971759796,-0.1429096907377243,0.638688862323761,-0.0591513141989707
-0.0073427967727184,-0.6141558885574341,-0.3146057724952698,0.1412810683250427,-0.4975614845752716,-0.1478028893470764,0.2481314539909362,-0.7151133418083191,-0.2119248062372207,-0.1535627841949463,-0.4923338890075683,-0.1714469641447067,-0.2710146307945251,-0.6732044219970703,-0.241478830575943,0.2953232824802398,-0.947482168674469,-0.2684084475040436,-0.2867561876773834,-0.9235213994979858,-0.2862762212753296,0.1118430942296981,-0.001120175467804,0.0076039652340114,-0.1122194230556488,0.0006747766747139,-0.0064687794074416,0.1344301253557205,0.3379645943641662,-0.202843353152275,-0.1775944232940673,0.2929340302944183,-0.1914733201265335,0.1345681995153427,0.6618111729621887,-0.0576965995132923,-0.1400564610958099,0.631740391254425,-0.0627159550786018
-0.007592162117362,-0.6124259829521179,-0.3307573795318603,0.1409685611724853,-0.4946057200431824,-0.1620511263608932,0.2480563521385193,-0.7092357873916626,-0.2318724244832992,-0.1539213508367538,-0.4917893409729004,-0.186503067612648,-0.2738397121429443,-0.6707533597946167,-0.2586990892887115,0.2971894145011902,-0.9415521025657654,-0.2907587885856628,-0.2890655100345611,-0.9181133508682252,-0.3073035180568695,0.1118121147155761,-0.0008557576802559,0.0077322172001004,-0.1121979802846908,0.0004188489983789,-0.006591320503503,0.1305615901947021,0.348149299621582,-0.1526365876197815,-0.1769986003637313,0.2976205348968506,-0.176483005285263,0.1312228888273239,0.6728416085243225,-0.0144232446327805,-0.1400388777256012,0.6349138617515564,-0.0466231703758239
-0.0078756408765912,-0.6073908805847168,-0.3320108950138092,0.1404393166303634,-0.4914035201072693,-0.1621428430080413,0.2482629865407943,-0.7046484351158142,-0.2323241680860519,-0.1545688807964325,-0.4872018694877624,-0.1867467015981674,-0.2753765285015106,-0.6550570726394653,-0.265158474445343,0.2972150146961212,-0.9354379177093506,-0.2934617400169372,-0.290513664484024,-0.9017885327339172,-0.3202354311943054,0.1118716895580291,-0.0008247413788922,0.0080128507688641,-0.1122554913163185,0.0003949454985558,-0.0068606506101787,0.130792886018753,0.3485703468322754,-0.1706632077693939,-0.176753893494606,0.2975305914878845,-0.1844666600227356,0.1312815696001052,0.6718611717224121,-0.0277695506811141,-0.1399090737104416,0.6351917386054993,-0.0509295351803302
-0.0077402698807418,-0.6075055003166199,-0.3333275914192199,0.1410197168588638,-0.4904504716396332,-0.1660338044166565,0.2483923733234405,-0.7011792063713074,-0.2436056584119796,-0.1530579328536987,-0.4872572720050812,-0.1875922232866287,-0.2752912938594818,-0.6538323163986206,-0.271601915359497,0.297188937664032,-0.9294136166572572,-0.3122950792312622,-0.2903473377227783,-0.8956135511398315,-0.3373781740665436,0.1118550598621368,-0.0008162711164914,0.0078595066443085,-0.1122438237071037,0.0003966203366871,-0.0067004673182964,0.1364639401435852,0.348832756280899,-0.1654465198516845,-0.1772412210702896,0.2982573807239532,-0.1820565313100814,0.1328261047601699,0.6728636622428894,-0.0220542158931493,-0.1395147442817688,0.6360937356948853,-0.0461298376321792
-0.0070038763806223,-0.6075368523597717,-0.332965075969696,0.1427216380834579,-0.4903128147125244,-0.1661996990442276,0.251997709274292,-0.700987696647644,-0.2425833791494369,-0.1508872359991073,-0.4873281419277191,-0.1858617067337036,-0.274557501077652,-0.6544168591499329,-0.2602109014987945,0.3000354468822479,-0.9292028546333312,-0.3097518682479858,-0.2906700670719147,-0.8967419862747192,-0.3139984309673309,0.1118654683232307,-0.0008214979316107,0.0074665960855782,-0.11225476115942,0.0004125093109905,-0.0063110711053013,0.136707916855812,0.3403896987438202,-0.1866564154624939,-0.1794710010290146,0.2988854646682739,-0.1809908896684646,0.1354066133499145,0.6629319190979004,-0.0357288010418415,-0.1398874968290329,0.6372363567352295,-0.0412451662123203
-0.0069102048873901,-0.6111082434654236,-0.3111040592193603,0.1424390524625778,-0.4916583597660064,-0.1441747099161148,0.2522045075893402,-0.706788182258606,-0.2007491439580917,-0.1530544757843017,-0.488124132156372,-0.1669561862945556,-0.2790961265563965,-0.6614025235176086,-0.2338355481624603,0.3047162592411041,-0.9377081990242004,-0.252031534910202,-0.2982476353645324,-0.9048778414726256,-0.2779286205768585,0.112060859799385,-0.0007715465035289,0.0076219514012336,-0.112430065870285,0.0003690223093144,-0.0064629134722054,0.1359041184186935,0.3287123143672943,-0.2054429501295089,-0.1834824681282043,0.2911534309387207,-0.1895601451396942,0.1338225603103637,0.653329610824585,-0.0655571520328521,-0.144507959485054,0.6336438059806824,-0.0674884393811225
-0.004159266129136,-0.6104094386100769,-0.3100051581859588,0.1421128064393997,-0.4896921217441559,-0.1430267244577407,0.2488393485546112,-0.7036305069923401,-0.2058989405632019,-0.1559271216392517,-0.4841782748699188,-0.1672149896621704,-0.2849495708942413,-0.6551457643508911,-0.2364687174558639,0.3030725419521332,-0.9328991770744324,-0.2552139163017273,-0.3025014996528625,-0.898285448551178,-0.2803123593330383,0.112696461379528,-0.0008544222218915,0.0080707808956503,-0.1130350306630134,0.0004637282690964,-0.0069181965664029,0.1369877606630325,0.314965546131134,-0.2363768219947815,-0.1927514523267746,0.2788197696208954,-0.2150036692619323,0.1268868595361709,0.6378948092460632,-0.0972830206155777,-0.1451400369405746,0.6244709491729736,-0.0971760973334312
-0.0043170196004211,-0.6067977547645569,-0.325693279504776,0.1420093178749084,-0.4856682121753692,-0.1576841473579406,0.2482466101646423,-0.7004650831222534,-0.2445130944252014,-0.1556218713521957,-0.4773408472537994,-0.1768526285886764,-0.2844577133655548,-0.6422697901725769,-0.2564080357551574,0.3017155528068542,-0.9301972389221193,-0.3208714723587036,-0.3032063543796539,-0.8876424431800842,-0.3175109028816223,0.1131715923547744,-0.0007617537048645,0.0080914916470646,-0.1134971007704734,0.0003720226523,-0.0069336332380771,0.1311325877904892,0.3168812096118927,-0.2306423336267471,-0.1935637295246124,0.2801268696784973,-0.222810611128807,0.1199289560317993,0.6396004557609558,-0.089259997010231,-0.1455306559801101,0.625171422958374,-0.0984892100095748
-0.0055084582418203,-0.6073094010353088,-0.3195776343345642,0.1425657868385315,-0.4855319559574127,-0.1535279303789138,0.2516217529773712,-0.7002379298210144,-0.2396357357501983,-0.1556980609893798,-0.4773645102977752,-0.168124571442604,-0.2850449085235595,-0.6434906721115112,-0.2415090203285217,0.3039299845695495,-0.9298094511032104,-0.3194192945957184,-0.3083712160587311,-0.8887342810630798,-0.2975297570228576,0.1136827319860458,-0.0006887227063998,0.0081102671101689,-0.1139835715293884,0.0003053229011129,-0.0069493250921368,0.1309715956449508,0.3160652816295624,-0.2454912215471267,-0.1931043416261673,0.2773179113864898,-0.2284749746322631,0.1198779717087745,0.6372194290161133,-0.101434014737606,-0.1440608352422714,0.621363639831543,-0.1054580137133598
-0.0074678994715213,-0.6058753132820129,-0.3321418464183807,0.1424927115440368,-0.4813373386859894,-0.1711587458848953,0.2515957951545715,-0.6951959133148193,-0.2688294053077698,-0.1554334759712219,-0.4761882424354553,-0.1816135197877884,-0.2819653451442718,-0.6421955823898315,-0.2674534320831299,0.3034159541130066,-0.9250513315200806,-0.3489095866680145,-0.30850750207901,-0.886667013168335,-0.3345401585102081,0.1138333976268768,-0.0006449150969274,0.0080434726551175,-0.1141331493854522,0.0002672088739927,-0.0068762684240937,0.1312104165554046,0.3171235918998718,-0.2411740124225616,-0.1937967240810394,0.2782700359821319,-0.2251112461090088,0.1193736344575882,0.6393037438392639,-0.0946637913584709,-0.1438729166984558,0.6216560006141663,-0.0996771603822708
-0.0133870616555213,-0.6027315258979797,-0.3360525667667389,0.1398900896310806,-0.4813122749328613,-0.1723639965057373,0.2493420243263244,-0.6951999664306641,-0.2695866525173187,-0.1575770676136016,-0.4759069085121155,-0.1839013844728469,-0.2837684750556946,-0.6426651477813721,-0.2699515521526336,0.3003484308719635,-0.9237772822380066,-0.3497695028781891,-0.3106954395771026,-0.8870875239372253,-0.3362741470336914,0.1138773038983345,-0.0006010300130583,0.0080396402627229,-0.1141774356365203,0.0002264176728203,-0.0068703144788742,0.1301665306091308,0.3276556134223938,-0.2265776991844177,-0.19361312687397,0.2831584513187408,-0.2185925394296646,0.1168881431221962,0.6514307260513306,-0.0838688611984252,-0.145628735423088,0.6241210699081421,-0.0912943854928016
-0.013285020366311,-0.6024085283279419,-0.3354218304157257,0.1412213444709777,-0.4770597517490387,-0.1720455586910247,0.2490374743938446,-0.6891049742698669,-0.2757677137851715,-0.1575459241867065,-0.4706665575504303,-0.1833241879940033,-0.2842118144035339,-0.633841335773468,-0.2691021263599396,0.2996923923492431,-0.915623128414154,-0.3602407276630401,-0.3159573972225189,-0.8771511316299438,-0.3362023830413818,0.1145780384540557,-0.0004669463087338,0.0079611977562308,-0.1148462444543838,0.000102275647805,-0.0067841275595128,0.1285165846347808,0.3130204975605011,-0.2696489691734314,-0.1935401558876037,0.2538998126983642,-0.2580045461654663,0.1114735975861549,0.6289111971855164,-0.1256579905748367,-0.1455458849668502,0.60838383436203,-0.1360884010791778
-0.0114451646804809,-0.601423978805542,-0.3352185189723968,0.1414627134799957,-0.4768596589565277,-0.1715450435876846,0.2494602799415588,-0.6888456344604492,-0.2742292881011963,-0.1577011942863464,-0.4706524014472961,-0.1839717775583267,-0.2854042053222656,-0.634894609451294,-0.2691283226013183,0.3017688393592834,-0.9142753481864928,-0.3586467802524566,-0.3154478371143341,-0.8823620676994324,-0.3337902128696441,0.1147236302495002,-4.009742042399012e-05,0.0079599069431424,-0.1149882301688194,-0.0003236554039176,-0.0067824409343302,0.1242312043905258,0.3137247562408447,-0.2652605772018432,-0.1949749290943145,0.2550655007362366,-0.2486794292926788,0.1075207740068435,0.6313161849975586,-0.1167406886816024,-0.1468013077974319,0.6070349812507629,-0.1252961605787277
-0.0112605541944503,-0.6011480093002319,-0.3349875211715698,0.1423201113939285,-0.4763400554656982,-0.1711555421352386,0.2495910823345184,-0.6890018582344055,-0.272564172744751,-0.1575854420661926,-0.4694427847862243,-0.1838731616735458,-0.2850783765316009,-0.6355343461036682,-0.2668851017951965,0.3025853335857391,-0.9145622849464417,-0.3555074036121368,-0.3160248100757599,-0.8827145099639893,-0.3257174491882324,0.1152090206742286,0.0002266788069391,0.0080277752131223,-0.1154541373252868,-0.0005840358207933,-0.0068443091586232,0.1245368048548698,0.3090757131576538,-0.2707738280296325,-0.1896916925907135,0.2422338426113128,-0.2591062486171722,0.1076812446117401,0.6232617497444153,-0.1252704411745071,-0.1460322588682174,0.5941659808158875,-0.1353155374526977
-0.0107462927699089,-0.6004778146743774,-0.336295485496521,0.1421477943658828,-0.4746791422367096,-0.171972706913948,0.247489795088768,-0.6866024136543274,-0.278639018535614,-0.157896876335144,-0.4675078988075256,-0.1860572546720504,-0.2856638431549072,-0.6336239576339722,-0.269534707069397,0.3015263080596924,-0.9099879860877992,-0.3670293986797333,-0.3161464333534241,-0.8798272609710693,-0.3264623284339905,0.115783005952835,0.0003495460259728,0.0080325938761234,-0.1160060241818428,-0.0007043629884719,-0.0068451687693595,0.122312918305397,0.3006532192230224,-0.2895228266716003,-0.1905772686004638,0.2249341011047363,-0.2736716270446777,0.1046251878142356,0.6036797165870667,-0.1341419667005539,-0.145650029182434,0.5723817348480225,-0.1431329697370529
-0.0108562540262937,-0.6000848412513733,-0.3352952003479004,0.1414325833320617,-0.4719486832618713,-0.1718417406082153,0.2449260205030441,-0.6834418177604675,-0.2735820710659027,-0.15924072265625,-0.4644647240638733,-0.1855476349592209,-0.2888576090335846,-0.6332845091819763,-0.2607534825801849,0.2992792129516601,-0.9055516719818116,-0.3449638485908508,-0.3187632858753204,-0.8778369426727295,-0.3010958731174469,0.1167094632983207,0.0003893541288562,0.0080187050625681,-0.1168982461094856,-0.0007404412026517,-0.0068199359811842,0.120526798069477,0.2712986171245575,-0.3314473927021026,-0.19004487991333,0.192892700433731,-0.3211398124694824,0.1036038547754287,0.5709801912307739,-0.1847699135541916,-0.1453835070133209,0.5494876503944397,-0.1950498670339584
-0.0107193933799862,-0.5985628962516785,-0.3428567945957184,0.1415493786334991,-0.4691482484340668,-0.1787468791007995,0.2430079728364944,-0.676629364490509,-0.2898774743080139,-0.1592632830142974,-0.4600955247879028,-0.1915361583232879,-0.289911687374115,-0.6255573630332947,-0.2831220626831054,0.2988597154617309,-0.8941627144813538,-0.371158093214035,-0.3202995657920837,-0.8696374297142029,-0.3437584936618805,0.1173162832856178,0.0004122121026739,0.0080939214676618,-0.1174597442150116,-0.0007585993153043,-0.0068804612383246,0.1236260011792182,0.2658300995826721,-0.3356042504310608,-0.1909661293029785,0.1951867938041687,-0.3243658244609833,0.1060026064515113,0.5650813579559326,-0.183503195643425,-0.1456250250339508,0.5483495593070984,-0.1941878050565719
-0.0124421380460262,-0.5985885858535767,-0.3424771130084991,0.1401599943637848,-0.4692035615444183,-0.178275316953659,0.2422901839017868,-0.6750507354736328,-0.2876757085323334,-0.1613114774227142,-0.4603042006492615,-0.191497340798378,-0.2929913103580475,-0.6252250075340271,-0.2816062271595001,0.2997387051582336,-0.8938106894493103,-0.371121346950531,-0.3293720185756683,-0.8686022162437439,-0.3404532670974731,0.1175590232014656,0.0004746955528389,0.008097012527287,-0.1177050694823265,-0.0008216073038056,-0.0068766721524298,0.1242395862936973,0.2704871296882629,-0.3246007859706878,-0.1976352930068969,0.1988585144281387,-0.3207230567932129,0.1085041090846061,0.5721169114112854,-0.17749585211277,-0.1455832421779632,0.5494745969772339,-0.1844191253185272
-0.0107154939323663,-0.5910386443138123,-0.3473791480064392,0.1399585902690887,-0.4674528837203979,-0.1791980862617492,0.2398908585309982,-0.6699551343917847,-0.2925066947937011,-0.1613068133592605,-0.4553371369838714,-0.1988187283277511,-0.2936950027942657,-0.6119841933250427,-0.2974841296672821,0.299194723367691,-0.885905385017395,-0.3804238736629486,-0.3291466832160949,-0.856391429901123,-0.3603290319442749,0.1178732514381408,0.0004524771939031,0.0086137577891349,-0.1179828941822052,-0.0007875763112679,-0.0073741502128541,0.1275165528059005,0.2562054097652435,-0.3437421917915344,-0.1897296607494354,0.1865451037883758,-0.3453460037708282,0.1106941178441047,0.5537412762641907,-0.1926955133676529,-0.1404351890087127,0.5397539138793945,-0.2111301124095916
-0.0091198189184069,-0.5842871069908142,-0.3547897636890411,0.1398258954286575,-0.4673243463039398,-0.1826934516429901,0.2384571731090545,-0.667992115020752,-0.2962916195392608,-0.1612365245819091,-0.4536164402961731,-0.2101608663797378,-0.2908290922641754,-0.606535017490387,-0.3066171109676361,0.299079954624176,-0.8814157247543335,-0.392221599817276,-0.32870614528656,-0.8507157564163208,-0.3711702525615692,0.1180091425776481,0.0004074295284226,0.0091671021655201,-0.1181116178631782,-0.0007397145382128,-0.0078914053738117,0.1330811083316803,0.2596571147441864,-0.336686909198761,-0.1910346448421478,0.1911199539899826,-0.3398640155792236,0.1125774085521698,0.5580838322639465,-0.1880746632814407,-0.1405007392168045,0.5417038202285767,-0.2016875147819519
-0.0097017670050263,-0.5726621150970459,-0.3486760854721069,0.1397988051176071,-0.4667949676513672,-0.1749724745750427,0.2381682395935058,-0.6656754016876221,-0.2880079448223114,-0.1618602871894836,-0.4490777850151062,-0.193261831998825,-0.2938699424266815,-0.5986190438270569,-0.2984218895435333,0.2993736565113067,-0.8791030645370483,-0.3816092908382416,-0.3284429311752319,-0.8451163172721863,-0.3662737905979156,0.1183899939060211,0.0001407890085829,0.0091206040233373,-0.1184382066130638,-0.0004499997885432,-0.0078503843396902,0.1231829449534416,0.2207491099834442,-0.3737859427928924,-0.1929397732019424,0.1800741702318191,-0.354927659034729,0.1073390692472457,0.5334988236427307,-0.2290839552879333,-0.1429868042469024,0.5330855846405029,-0.2301797419786453
-0.0162832923233509,-0.5736346244812012,-0.3392488062381744,0.1393092274665832,-0.4684505760669708,-0.1678139716386795,0.2390156090259552,-0.6664282083511353,-0.2704049050807953,-0.1648242473602295,-0.4490158259868622,-0.1827947497367859,-0.2978890836238861,-0.5995117425918579,-0.2782309055328369,0.3019254505634308,-0.8799046277999878,-0.3567489683628082,-0.3322984278202057,-0.8462755680084229,-0.3460106253623962,0.1185915544629097,-1.571407301526051e-05,0.0090672839432954,-0.118630439043045,-0.0002825654228217,-0.0078029502183198,0.1230651885271072,0.2296923249959945,-0.3670821785926819,-0.194533884525299,0.1769905090332031,-0.3523649275302887,0.1071488931775093,0.5382720828056335,-0.2161120325326919,-0.1430211067199707,0.5331701636314392,-0.2215956151485443
-0.0172832813113927,-0.5707614421844482,-0.3386922776699066,0.139505997300148,-0.46918985247612,-0.1653287261724472,0.2413350939750671,-0.666609525680542,-0.2687023878097534,-0.1655430644750595,-0.4464868903160095,-0.1818743050098419,-0.2988846600055694,-0.596207320690155,-0.2753623127937317,0.3042818009853363,-0.8755170106887817,-0.3576942384243011,-0.3346949219703674,-0.8438958525657654,-0.341515839099884,0.118831567466259,-0.0001503322273492,0.0090750949457287,-0.1188569739460945,-0.0001400494511472,-0.0078122317790985,0.1237354800105094,0.2271687388420105,-0.3720762431621551,-0.1972618401050567,0.1754533350467682,-0.3584552407264709,0.1060828045010566,0.5362225770950317,-0.2176088988780975,-0.1435428410768509,0.5333191752433777,-0.2265150845050811
-0.0150167988613247,-0.5711612701416016,-0.3245605528354645,0.1438746452331543,-0.4691787362098694,-0.1575029045343399,0.2458945512771606,-0.6607301831245422,-0.2689104676246643,-0.1643268764019012,-0.4463874697685241,-0.168656438589096,-0.298700213432312,-0.590674638748169,-0.2734651267528534,0.30610391497612,-0.8678951859474182,-0.3590368628501892,-0.3346167206764221,-0.8409236073493958,-0.3478091359138489,0.1190067008137703,-0.0002618479193188,0.0090282782912254,-0.1190113201737403,-2.297135506523773e-05,-0.0077662719413638,0.1236658915877342,0.2052233070135116,-0.377957135438919,-0.1971615701913833,0.1547892242670059,-0.3640259504318237,0.1058514416217804,0.5164473652839661,-0.2194855362176895,-0.1430208086967468,0.5151922106742859,-0.2305199801921844
-0.0135747585445642,-0.5601620674133301,-0.3398130238056183,0.1446335613727569,-0.459292322397232,-0.1683340817689895,0.2458370774984359,-0.6371339559555054,-0.295400321483612,-0.1627865433692932,-0.438284695148468,-0.1828472465276718,-0.2962573170661926,-0.5770761370658875,-0.3078329265117645,0.3060700893402099,-0.8379202485084534,-0.4013850688934326,-0.3321079909801483,-0.8271507620811462,-0.4036694169044494,0.1190818473696708,-0.0003355241788085,0.0092719867825508,-0.1190870106220245,5.5584689107490703e-05,-0.0079906079918146,0.1237631514668464,0.1949712485074997,-0.3790327608585357,-0.196984201669693,0.1552746444940567,-0.3641843795776367,0.1056025698781013,0.5124642848968506,-0.2259641289710998,-0.1424371302127838,0.5139724612236023,-0.2372063547372818
-0.0132687771692872,-0.5681376457214355,-0.3015879690647125,0.1468713730573654,-0.463750958442688,-0.1353929042816162,0.2517959773540497,-0.6405952572822571,-0.2428330779075622,-0.1625760793685913,-0.4436749517917633,-0.1433571577072143,-0.2983165085315704,-0.5830799341201782,-0.242073968052864,0.3114008009433746,-0.8440794944763184,-0.3352715373039245,-0.3320480287075043,-0.8349217772483826,-0.3159816563129425,0.1192846447229385,-0.0003610010899137,0.0091527514159679,-0.1192816346883773,8.265485666925088e-05,-0.0078887715935707,0.1249843537807464,0.1886623203754425,-0.3821394443511963,-0.1981874406337738,0.1455354243516922,-0.367331862449646,0.104446530342102,0.5074756145477295,-0.2341064065694809,-0.1422589719295501,0.5049452781677246,-0.2443727105855941
-0.0085395826026797,-0.571862518787384,-0.2787928283214569,0.1507124006748199,-0.4646349251270294,-0.1165834814310073,0.2548045516014099,-0.6397736072540283,-0.2313370555639267,-0.1623423844575882,-0.4476946890354156,-0.1236690059304237,-0.2996322512626648,-0.58810955286026,-0.2373591512441635,0.314357578754425,-0.8451460003852844,-0.3281058669090271,-0.3287290930747986,-0.8394178152084351,-0.322806566953659,0.1195851564407348,-0.0005800506332889,0.0091434074565768,-0.1195645853877067,0.0003077716683037,-0.0078831436112523,0.1289977431297302,0.1665132790803909,-0.3810081481933594,-0.1980318278074264,0.1403777301311493,-0.3689642250537872,0.1093711331486702,0.4944370985031128,-0.2360275387763977,-0.138149544596672,0.5004577040672302,-0.2511694133281708
-0.0046495301648974,-0.5711508989334106,-0.2816089689731598,0.152725949883461,-0.4647580683231354,-0.1132783144712448,0.2591065168380737,-0.6356325149536133,-0.2286570221185684,-0.1616519391536712,-0.4477371275424957,-0.1253246963024139,-0.2996782958507538,-0.5886005759239197,-0.2392081022262573,0.317202091217041,-0.8422331213951111,-0.3278301060199737,-0.3243171274662018,-0.8396509289741516,-0.3256847858428955,0.1198044568300247,-0.0006098792073316,0.0092991748824715,-0.1197697147727012,0.0003394123341422,-0.008055874146521,0.1352241188287735,0.1648167967796325,-0.3804552257061004,-0.1953332126140594,0.1381089389324188,-0.368787407875061,0.1131261587142944,0.493012398481369,-0.2350145876407623,-0.1380234956741333,0.4970837235450744,-0.2505916059017181
-0.0022066878154873,-0.5732597708702087,-0.2747659683227539,0.1561609953641891,-0.4666336476802826,-0.1045603305101394,0.2656762599945068,-0.6364046335220337,-0.2144800275564193,-0.1601901948451995,-0.4481049478054046,-0.1174117177724838,-0.2996655702590942,-0.5887864232063293,-0.2252168357372284,0.3248347342014313,-0.8431299328804016,-0.3112820982933044,-0.3228882253170013,-0.8401622176170349,-0.3072328865528106,0.1200430318713188,-0.000719818403013,0.0094016138464212,-0.1199956983327865,0.0004515008768066,-0.0081647122278809,0.150652065873146,0.1570071280002594,-0.3800185024738312,-0.1954801082611084,0.1395880579948425,-0.368612676858902,0.1238382905721664,0.491106629371643,-0.2341788560152053,-0.1381802856922149,0.4979330599308014,-0.2495676577091217
-0.0023852549493312,-0.5704882740974426,-0.2773294746875763,0.1578302383422851,-0.4664841890335083,-0.1088484451174736,0.2711916267871856,-0.630994439125061,-0.2184406369924545,-0.1583131849765777,-0.4492152035236358,-0.1212741509079933,-0.2994392216205597,-0.590229332447052,-0.2234828323125839,0.3260156810283661,-0.8374348282814026,-0.3146016597747803,-0.3214752674102783,-0.840347945690155,-0.3013539612293243,0.1201153472065925,-0.0006664129905402,0.0094419093802571,-0.1200660914182663,0.0003979210159741,-0.0082094455137848,0.165625512599945,0.1604452580213546,-0.378185510635376,-0.1975123435258865,0.1429618597030639,-0.3684683442115783,0.1232984066009521,0.4924602508544922,-0.2273291796445846,-0.1402227133512497,0.4986620247364044,-0.2465135753154754
0.0019767975900322,-0.5723073482513428,-0.2795857489109039,0.160757228732109,-0.4674547910690307,-0.1091062575578689,0.2748283743858337,-0.6301937699317932,-0.2156981378793716,-0.1567658483982086,-0.4531723856925964,-0.1227374672889709,-0.2992675006389618,-0.5930245518684387,-0.2209568470716476,0.3343947827816009,-0.8373001217842102,-0.3125980198383331,-0.3200995028018951,-0.8422626256942749,-0.2936253845691681,0.1201757565140724,-0.0006742594996467,0.0095926476642489,-0.1201240271329879,0.0004048648988828,-0.0083652986213564,0.1778472065925598,0.1651481240987777,-0.369641363620758,-0.2006876319646835,0.1449400186538696,-0.368344634771347,0.1311528831720352,0.4948786199092865,-0.2115210741758346,-0.1402251273393631,0.4989971220493316,-0.2371117025613784
0.0073870089836418,-0.5789573192596436,-0.2803165316581726,0.1607226580381393,-0.4686228036880493,-0.1102849617600441,0.2741264700889587,-0.6297755241394043,-0.2171728163957595,-0.155905544757843,-0.4558101594448089,-0.1259752810001373,-0.2969070672988891,-0.594483494758606,-0.229363277554512,0.3356141149997711,-0.8364114761352539,-0.3163058161735534,-0.3199498355388641,-0.8438234329223633,-0.3119064271450043,0.1201859936118125,-0.0007340238080359,0.0103709632530808,-0.1201283708214759,0.0004629426985047,-0.0091523034498095,0.1855217218399047,0.1702253371477127,-0.3609727621078491,-0.2094605714082718,0.1536512523889541,-0.364641010761261,0.1332184672355651,0.5058498978614807,-0.2110141962766647,-0.1411247849464416,0.5062345862388611,-0.2323625981807708
0.0079781590029597,-0.5796487927436829,-0.2874780297279358,0.1598731726408004,-0.4684700071811676,-0.1134277284145355,0.2737873792648315,-0.6282152533531189,-0.2188925892114639,-0.1563240885734558,-0.455770879983902,-0.1332413256168365,-0.2971538305282593,-0.5940396785736084,-0.2405712902545929,0.3359684944152832,-0.8334538340568542,-0.3231836855411529,-0.3199643790721893,-0.8427383899688721,-0.3241251707077026,0.120166577398777,-0.0011056329822167,0.0107050919905304,-0.1201073080301284,0.0008273834828287,-0.0094989733770489,0.1874549835920334,0.1705891042947769,-0.3613191545009613,-0.2159637361764907,0.15658999979496,-0.364323079586029,0.1334789842367172,0.5057132840156555,-0.2086985111236572,-0.1457567662000656,0.5063711404800415,-0.2272006422281265
0.0139964455738663,-0.5788570642471313,-0.2929276525974273,0.1622215807437896,-0.4687985777854919,-0.1136802732944488,0.2805553674697876,-0.629285991191864,-0.2163384556770324,-0.1536262333393097,-0.4561339616775512,-0.1375949531793594,-0.2921452522277832,-0.5940507054328918,-0.2407902032136917,0.3533385097980499,-0.8337075710296631,-0.3210803866386413,-0.3157671988010406,-0.842746376991272,-0.3213629722595215,0.1201658695936203,-0.0013168903533369,0.0109524754807353,-0.1201066747307777,0.0010376235004514,-0.0097589967772364,0.1904895603656768,0.1705043315887451,-0.3614953160285949,-0.2162553966045379,0.1603255122900009,-0.3604540228843689,0.1341826915740966,0.505897045135498,-0.2091091871261596,-0.1451556086540222,0.5077312588691711,-0.2231067866086959
0.0148575641214847,-0.5788055062294006,-0.2989329993724823,0.1628547459840774,-0.4687797427177429,-0.1176377013325691,0.2804398238658905,-0.6291723847389221,-0.2207443863153457,-0.1531267464160919,-0.4561200141906738,-0.1433678716421127,-0.2919371128082275,-0.5952203273773193,-0.248387262225151,0.3534067869186401,-0.8323361873626709,-0.3284541070461273,-0.3166388571262359,-0.844589114189148,-0.3284873366355896,0.120181880891323,-0.0013580917147919,0.0111760683357715,-0.1201214715838432,0.0010765061015263,-0.0099866380915045,0.1907394081354141,0.1701337099075317,-0.361642062664032,-0.2219614833593368,0.1609733402729034,-0.3593028485774994,0.1347918957471847,0.5059078931808472,-0.2078610360622406,-0.1457987129688263,0.5071954131126404,-0.218558132648468
0.0133356908336281,-0.5737189054489136,-0.3162660002708435,0.1630038172006607,-0.4648707211017608,-0.1411161571741104,0.2759405672550201,-0.6218026280403137,-0.2602801322937011,-0.1524283438920974,-0.4548658430576324,-0.1559804379940033,-0.2883218228816986,-0.5923028588294983,-0.2667098641395569,0.3483199775218963,-0.8215160965919495,-0.3718915283679962,-0.3165948092937469,-0.838640570640564,-0.3575821816921234,0.1202456504106521,-0.0013879539910703,0.0111620789393782,-0.1201770901679992,0.0011051930487155,-0.0099664265289902,0.1904308646917343,0.1710935980081558,-0.3620246052742004,-0.2217029631137848,0.1615644693374633,-0.358586311340332,0.1342518478631973,0.5058494210243225,-0.199865847826004,-0.1464642882347107,0.5057980418205261,-0.2099654972553253
0.0133352447301149,-0.5712040066719055,-0.3163257539272308,0.1639812737703323,-0.4647093713283539,-0.1394033879041671,0.2780523002147674,-0.6221158504486084,-0.2569109797477722,-0.1511288285255432,-0.454850971698761,-0.1557850986719131,-0.2870047390460968,-0.5927318930625916,-0.265012264251709,0.348419189453125,-0.82175213098526,-0.3678147494792938,-0.3164074122905731,-0.8388157486915588,-0.3475599586963653,0.1202438846230506,-0.0014010812155902,0.0112566780298948,-0.1201726198196411,0.0011160873109474,-0.0100607927888631,0.1908366233110427,0.171179786324501,-0.362268328666687,-0.2188434898853302,0.1616754233837127,-0.3585683703422546,0.1341806352138519,0.5059252381324768,-0.2020319998264312,-0.1461086273193359,0.5060045719146729,-0.2103688716888427
0.0123954052105546,-0.5673953294754028,-0.3265566825866699,0.1643871366977691,-0.4613382816314697,-0.1516921818256378,0.277349591255188,-0.6169514060020447,-0.2763227522373199,-0.1502610594034195,-0.4538248777389526,-0.1643721908330917,-0.2852658927440643,-0.5921276807785034,-0.2815866768360138,0.3432958424091339,-0.8124277591705322,-0.3896980285644531,-0.3155187368392944,-0.8354563117027283,-0.3775320649147033,0.1202764958143234,-0.0013737616827711,0.0112149994820356,-0.1201997846364975,0.001085998606868,-0.0100149102509021,0.1904880553483963,0.1777003705501556,-0.3624569475650787,-0.2186074703931808,0.1682821065187454,-0.356324553489685,0.1315944343805313,0.5096102952957153,-0.1964002549648285,-0.1460606753826141,0.5068740248680115,-0.2041812092065811
0.0162607654929161,-0.5634995698928833,-0.3367244899272918,0.1681879162788391,-0.4585157334804535,-0.1588300168514251,0.2807906866073608,-0.614995002746582,-0.2821848094463348,-0.146078735589981,-0.4521068334579468,-0.1769532114267349,-0.278516411781311,-0.5890398621559143,-0.3000982701778412,0.3492420315742492,-0.809571385383606,-0.3969031870365143,-0.3109452724456787,-0.8293348550796509,-0.4031488597393036,0.1202977746725082,-0.0012650834396481,0.0113834282383322,-0.120218314230442,0.0009745332645252,-0.010177556425333,0.1905232816934585,0.1798582822084427,-0.362904280424118,-0.2151521742343902,0.1680835038423538,-0.3571366369724273,0.1313989162445068,0.5096181035041809,-0.1961121261119842,-0.145797997713089,0.5068928003311157,-0.2052269428968429
0.0160721708089113,-0.5609142184257507,-0.3353787660598755,0.1705998629331588,-0.4569606482982635,-0.1602472960948944,0.2816433012485504,-0.6145350337028503,-0.2840813994407654,-0.1443042457103729,-0.4520110487937927,-0.1747568249702453,-0.2771750390529632,-0.5891010761260986,-0.2947343289852142,0.3493522107601166,-0.8104447722434998,-0.3975726962089538,-0.3072773218154907,-0.8283465504646301,-0.399482786655426,0.1204223111271858,-0.0011145833414047,0.0112246591597795,-0.1203303635120391,0.0008216826245188,-0.01001513376832,0.1903833001852035,0.1803469359874725,-0.3628308773040771,-0.2137285321950912,0.169368028640747,-0.3571384251117706,0.1309173256158828,0.5104920864105225,-0.1905969679355621,-0.1443338841199875,0.50611412525177,-0.2002600133419037
0.0159131828695535,-0.5610852837562561,-0.323237270116806,0.1723074316978454,-0.4578823447227478,-0.1481478363275528,0.2863545417785644,-0.6149883270263672,-0.2620281279087066,-0.1435036063194275,-0.4530910551548004,-0.1600317656993866,-0.2778235077857971,-0.5938635468482971,-0.2635354995727539,0.352870374917984,-0.8109951615333557,-0.3676207959651947,-0.3076514899730682,-0.8327059745788574,-0.3527252078056335,0.1205069050192833,-0.0009214891470037,0.0111514357849955,-0.1204125583171844,0.0006258875364437,-0.0099410787224769,0.1900478899478912,0.1803387999534607,-0.3633295595645904,-0.2146082818508148,0.1700527817010879,-0.3567043840885162,0.1300302296876907,0.511357843875885,-0.1909989714622497,-0.1450520306825637,0.5070458054542542,-0.2010697573423385
0.0150324897840619,-0.5503396987915039,-0.3286186456680298,0.1743135750293731,-0.4573186039924621,-0.1509067267179489,0.2890807390213012,-0.6102203130722046,-0.2678919434547424,-0.1426378935575485,-0.4517475664615631,-0.1622623354196548,-0.2762491703033447,-0.5870915651321411,-0.2641631364822387,0.3536248803138733,-0.8002325892448425,-0.380766749382019,-0.3075779378414154,-0.8255527019500732,-0.3560136258602142,0.1206545531749725,-0.0008225172641687,0.0108915697783231,-0.1205506324768066,0.0005240357131697,-0.0096685085445642,0.189919427037239,0.1800976693630218,-0.365337997674942,-0.2146012037992477,0.1756960451602935,-0.3552736043930053,0.1295745521783828,0.5113565325737,-0.1904145181179046,-0.1453417241573333,0.5075134038925171,-0.1975359171628952
0.0131625169888138,-0.544587254524231,-0.3476131856441498,0.1747875660657882,-0.4496669173240661,-0.1672472357749939,0.2884415090084076,-0.5964315533638,-0.3018073141574859,-0.1394748240709304,-0.4432400465011596,-0.1776408404111862,-0.2687633633613586,-0.5724723935127258,-0.2951733767986297,0.3523581027984619,-0.7842271327972412,-0.4264387190341949,-0.3064481914043426,-0.8146039843559265,-0.4042644500732422,0.1206616312265396,-0.0005658551235683,0.0106055503711104,-0.1205551847815513,0.0002569178468547,-0.0093540819361805,0.1848542541265487,0.1786951422691345,-0.3658163249492645,-0.2142437994480133,0.1741611510515213,-0.3543646335601806,0.1270830929279327,0.5091876983642578,-0.1888280510902404,-0.1455510258674621,0.5067381262779236,-0.1957538574934005
0.0192579422146081,-0.5522406101226807,-0.2936131656169891,0.1758249104022979,-0.4594994783401489,-0.11131501942873,0.2928406596183777,-0.617760419845581,-0.2197891026735305,-0.1376697719097137,-0.4462915062904358,-0.1268534958362579,-0.2691879570484161,-0.576295018196106,-0.235014259815216,0.3743756711483001,-0.8190714716911316,-0.3303517401218414,-0.3064974844455719,-0.8284699320793152,-0.3300630152225494,0.1206853911280632,-0.0004413707647472,0.0106844156980514,-0.1205763891339302,0.0001434186269761,-0.0094532556831836,0.1849289089441299,0.1382882297039032,-0.3685929179191589,-0.2129149287939071,0.1464930772781372,-0.3567052781581878,0.1289994418621063,0.4865712225437164,-0.2185122370719909,-0.1457205265760421,0.4934568107128143,-0.2257314622402191
0.0210627410560846,-0.5533055067062378,-0.2941758334636688,0.1763161122798919,-0.4612672924995422,-0.1116838753223419,0.293974906206131,-0.6186318397521973,-0.2221619486808776,-0.1374484449625015,-0.44773069024086,-0.1294825375080108,-0.2695435285568237,-0.5790110230445862,-0.2391987591981887,0.377674400806427,-0.8180986046791077,-0.3340469300746918,-0.3092546463012695,-0.8310236930847168,-0.3366266787052154,0.1207269579172134,-0.000239023604081,0.0109080877155065,-0.1206103190779686,-4.770240775542334e-05,-0.009697126224637,0.1849775463342666,0.1321573704481125,-0.3754611015319824,-0.2129767090082168,0.1368882805109024,-0.3640746176242828,0.1304740905761718,0.4812187552452087,-0.2273429930210113,-0.1459188610315323,0.4869402348995209,-0.2355630248785019
0.0216239169239997,-0.5541727542877197,-0.2954895198345184,0.1770241260528564,-0.4635811746120453,-0.111496202647686,0.301591157913208,-0.6195209622383118,-0.2128419876098632,-0.1373928040266037,-0.4497310221195221,-0.132325068116188,-0.2706552147865295,-0.5811979174613953,-0.2385939508676529,0.3916679620742798,-0.8173810243606567,-0.3218076825141907,-0.3094337582588196,-0.8323365449905396,-0.3300029039382934,0.1207650676369667,-0.0002017110818997,0.0111194131895899,-0.120649017393589,-8.444229752058163e-05,-0.0099288150668144,0.1888631731271743,0.1321905702352523,-0.3769776821136474,-0.214666798710823,0.139304831624031,-0.3644734025001526,0.1354200392961502,0.4817875027656555,-0.2276634573936462,-0.1459020674228668,0.4860761761665344,-0.2329707890748977
0.022915119305253,-0.5565138459205627,-0.2971795201301574,0.1772157400846481,-0.4640545547008514,-0.1136220395565033,0.3011141121387481,-0.6194042563438416,-0.217873066663742,-0.1369038224220276,-0.450874388217926,-0.1341409236192703,-0.2697015404701233,-0.5817620158195496,-0.2408821135759353,0.3919977843761444,-0.8151398301124573,-0.3286353051662445,-0.3116340041160583,-0.831130862236023,-0.3319867551326751,0.1207755878567695,-8.255849388660863e-05,0.0112740378826856,-0.1206557303667068,-0.0002032788906944,-0.0100829200819134,0.1950324773788452,0.1350537985563278,-0.3739457428455353,-0.217263326048851,0.1394912004470825,-0.3648224771022796,0.1360760331153869,0.4828715920448303,-0.2212720662355423,-0.1456457525491714,0.4857123792171478,-0.2321629822254181
0.0233949422836303,-0.5539337396621704,-0.3031185269355774,0.1789647489786148,-0.4635591804981231,-0.115867793560028,0.3020699620246887,-0.6096159815788269,-0.2342936247587204,-0.1360522806644439,-0.4503389596939087,-0.1380043774843216,-0.2692036628723144,-0.5753319263458252,-0.2578992843627929,0.393763929605484,-0.7948077917098999,-0.366070032119751,-0.3124873042106628,-0.8174548745155334,-0.372464120388031,0.1207973062992096,-1.7273063349421136e-05,0.0112878745421767,-0.1206763163208961,-0.0002697569143492,-0.0101000210270285,0.196116104722023,0.1364354938268661,-0.3743084371089935,-0.2195074558258056,0.1401799917221069,-0.3644232153892517,0.1360773891210556,0.4834574460983276,-0.2180846035480499,-0.1442047506570816,0.4851439297199249,-0.2274344861507415
0.0248929392546415,-0.554062008857727,-0.303291767835617,0.1815795302391052,-0.4635910987854004,-0.1168151646852493,0.3071033954620361,-0.600631594657898,-0.2355370670557022,-0.1350017338991165,-0.4507025778293609,-0.1385947912931442,-0.2690366804599762,-0.5721460580825806,-0.2585234940052032,0.3973482847213745,-0.7791281342506409,-0.3694245219230652,-0.3125928938388824,-0.8133042454719543,-0.3717171251773834,0.1208139583468437,1.4241425560612695e-05,0.0112352091819047,-0.1206927597522735,-0.0003007856721524,-0.01005803886801,0.1989161521196365,0.1347505301237106,-0.3748835027217865,-0.2230959683656692,0.1432392746210098,-0.3607902526855469,0.1366043537855148,0.4832148253917694,-0.2128231227397918,-0.1441255807876587,0.4845186769962311,-0.2158379703760147
0.0248582158237695,-0.5548811554908752,-0.3020165562629699,0.1826338768005371,-0.463505208492279,-0.1171626076102256,0.3116264343261719,-0.5888593196868896,-0.2433601170778274,-0.1357580721378326,-0.4507351219654083,-0.1388800591230392,-0.2735214233398437,-0.5631906986236572,-0.2627037465572357,0.3998331427574157,-0.7660779356956482,-0.3848293423652649,-0.3182964324951172,-0.8022582530975342,-0.387929767370224,0.1208650842308998,1.5716737834736705e-05,0.0111182611435651,-0.1207416206598281,-0.0002972266520373,-0.0099576730281114,0.198796808719635,0.1352407932281494,-0.3758690953254699,-0.2269676774740219,0.1496663689613342,-0.3582053780555725,0.1365328878164291,0.4869895577430725,-0.2126732170581817,-0.1441357582807541,0.4881214499473572,-0.2130957394838333
0.027183948084712,-0.566250205039978,-0.2580292224884033,0.1838015019893646,-0.4677283465862274,-0.0836521983146667,0.3169721961021423,-0.5898836255073547,-0.2012041211128235,-0.1358127892017364,-0.4567702412605285,-0.1033009365200996,-0.2775621712207794,-0.5692921876907349,-0.219003140926361,0.4028642177581787,-0.7693508863449097,-0.329988956451416,-0.319680243730545,-0.8083005547523499,-0.3273694217205047,0.1209637448191642,9.275683987652884e-05,0.0111201545223593,-0.1208347976207733,-0.0003634870517998,-0.0099663687869906,0.1989710330963134,0.1344401389360427,-0.3771061599254608,-0.2266817837953567,0.1460758000612259,-0.363452136516571,0.1386962085962295,0.4867088794708252,-0.2185225933790207,-0.1439093500375747,0.4843833446502685,-0.2225710302591323
0.028303638100624,-0.5701574087142944,-0.2645851075649261,0.1859961599111557,-0.4676295518875122,-0.0897648334503173,0.3188666403293609,-0.5911683440208435,-0.2077839970588684,-0.1356105953454971,-0.4569076597690582,-0.1085449010133743,-0.2772665917873382,-0.5720119476318359,-0.2260704785585403,0.4034598469734192,-0.7707327008247375,-0.3360300362110138,-0.3196981549263,-0.8113663792610168,-0.3329547941684723,0.1211285591125488,0.0002043925633188,0.0111257005482912,-0.1209941580891609,-0.0004654074436984,-0.0099794110283255,0.1968560516834259,0.1346116811037063,-0.3790634274482727,-0.2234610021114349,0.1461707353591919,-0.3646125197410583,0.1389950215816497,0.4867387115955353,-0.220067873597145,-0.1431075185537338,0.4845465123653412,-0.2254611849784851
0.0295724906027317,-0.5707076787948608,-0.2656315565109253,0.1867693364620208,-0.4675527513027191,-0.0899842903017997,0.3198351263999939,-0.592254102230072,-0.2090085297822952,-0.1356899291276931,-0.4566010534763336,-0.1077632531523704,-0.2794389724731445,-0.5723515748977661,-0.2249741405248642,0.4037281572818756,-0.7730081081390381,-0.3355682790279388,-0.3216679394245147,-0.8150359392166138,-0.3349793553352356,0.1212947219610214,0.0004208725295029,0.0111232809722423,-0.1211501210927963,-0.0006674183532595,-0.0099822664633393,0.1918015033006668,0.13403882086277,-0.3792972266674042,-0.2167454212903976,0.1424366980791092,-0.3657510876655578,0.1410393416881561,0.4868264198303222,-0.2265786230564117,-0.1430630087852478,0.4846263527870178,-0.2335710674524307
0.0322496108710765,-0.5705194473266602,-0.2733207643032074,0.1886104792356491,-0.4673618078231811,-0.0931958705186843,0.3231857419013977,-0.5931712985038757,-0.2128443270921707,-0.1351284682750702,-0.4564277529716491,-0.1153296157717704,-0.2793903648853302,-0.573133111000061,-0.2344050258398056,0.4088433682918548,-0.7745733857154846,-0.3409046232700348,-0.3217461705207824,-0.8153055906295776,-0.3451364934444427,0.1213421896100044,0.0005763293011114,0.0113080348819494,-0.1211941242218017,-0.0008169902721419,-0.0101790698245167,0.19226735830307,0.1362947672605514,-0.3790855705738067,-0.2146306186914444,0.1425579339265823,-0.3664248883724212,0.143958643078804,0.4892630577087402,-0.2261453419923782,-0.1429187059402465,0.485273152589798,-0.2329737395048141
0.0327137038111686,-0.5660073161125183,-0.2977189123630523,0.1889974176883697,-0.4645968973636627,-0.1132592558860778,0.3231905996799469,-0.5930363535881042,-0.238246813416481,-0.134793683886528,-0.4541850984096527,-0.1374831199645996,-0.2791749238967895,-0.5727953910827637,-0.2594543993473053,0.4115897715091705,-0.7728179693222046,-0.3709626197814941,-0.3218026459217071,-0.8151256442070007,-0.3743102550506592,0.1214114502072334,0.0006360168918035,0.0114478459581732,-0.1212574020028114,-0.0008763305959291,-0.0103124538436532,0.1925762593746185,0.1391287893056869,-0.3794603645801544,-0.2141402065753936,0.1455052495002746,-0.3654456436634063,0.1461774110794067,0.4912043213844299,-0.2240480333566665,-0.1416195333003997,0.4854069352149963,-0.2253945469856262
0.0314142033457756,-0.5598012208938599,-0.3000285923480987,0.1885968744754791,-0.4641415178775787,-0.1129039153456687,0.3249716162681579,-0.5975366234779358,-0.2347791939973831,-0.134826973080635,-0.4536186158657074,-0.1368412375450134,-0.2796778678894043,-0.5782716870307922,-0.2585355937480926,0.4207140803337097,-0.7777624726295471,-0.3594833612442016,-0.3259316980838775,-0.8201185464859009,-0.3682507574558258,0.1214622557163238,0.0010094068711623,0.0117177702486515,-0.1213065981864929,-0.001245500287041,-0.0105903735384345,0.1884215474128723,0.1350933611392974,-0.3801104128360748,-0.2074200063943863,0.1361515372991562,-0.3660792410373688,0.1461976319551468,0.4874986112117767,-0.2355392724275589,-0.1423138529062271,0.4842252135276794,-0.2392852753400802
0.0313693471252918,-0.5498759150505066,-0.3184057772159576,0.1884742975234985,-0.4598828554153442,-0.1277717500925064,0.3168869614601135,-0.5948989391326904,-0.2622371613979339,-0.1332004964351654,-0.450404554605484,-0.1519965529441833,-0.2750818729400635,-0.5768828392028809,-0.2824191153049469,0.4198154807090759,-0.7676556706428528,-0.3975836336612701,-0.3270733952522278,-0.8164086937904358,-0.3981688022613525,0.1215204373002052,0.0013100187061354,0.0118518164381384,-0.1213583350181579,-0.0015562010230496,-0.01070904918015,0.1861806213855743,0.1182461008429527,-0.3866332173347473,-0.2065301835536956,0.1210503727197647,-0.3673123717308044,0.1435254663228988,0.4731808006763458,-0.2351594716310501,-0.1415691822767257,0.4698392450809479,-0.2391288131475448
0.0314114801585674,-0.5526444315910339,-0.2901884019374847,0.1882773041725158,-0.464572012424469,-0.0982545390725135,0.3135797679424286,-0.6007125973701477,-0.2220790386199951,-0.1332123875617981,-0.4522590935230255,-0.1242228373885154,-0.277486652135849,-0.5821135640144348,-0.2349354922771453,0.4185237288475036,-0.7701078057289124,-0.3566787242889404,-0.3390143513679504,-0.8227731585502625,-0.3309811651706695,0.1217326000332832,0.0014202173333615,0.0118688959628343,-0.1215689033269882,-0.0016614850610494,-0.0107269873842597,0.1798355132341385,0.0983002111315727,-0.4023819267749786,-0.2108701020479202,0.115986667573452,-0.3677628636360168,0.1412287354469299,0.4590544402599334,-0.2513463795185089,-0.14083331823349,0.4619220793247223,-0.2396963536739349
0.0309280026704072,-0.5526435971260071,-0.2932133972644806,0.1887532770633697,-0.4631605148315429,-0.0987795516848564,0.3268426656723022,-0.5924690961837769,-0.2221627980470657,-0.1329891830682754,-0.4523161947727203,-0.1249899640679359,-0.2835847735404968,-0.5827757716178894,-0.2287051230669021,0.4271738529205322,-0.7608517408370972,-0.3530700504779815,-0.3491899371147156,-0.8228883743286133,-0.3212277591228485,0.1218162104487419,0.0014932545600458,0.0117950160056352,-0.1216624826192855,-0.0017378114862367,-0.0106549449265003,0.1801677942276001,0.1020492985844612,-0.4009789526462555,-0.2106707692146301,0.1169540360569953,-0.3676138520240783,0.1415109485387802,0.4606290459632873,-0.2490173429250717,-0.1375608146190643,0.461298793554306,-0.238572210073471
0.0310604888945817,-0.552548348903656,-0.2902904450893402,0.1888043731451034,-0.4653744697570801,-0.0980705991387367,0.3264727592468261,-0.5956200361251831,-0.2177778035402298,-0.1345857083797454,-0.4529528617858886,-0.1238580495119094,-0.2892029285430908,-0.5826355814933777,-0.225021630525589,0.4270171821117401,-0.7619369029998779,-0.3500093817710876,-0.3629949390888214,-0.8225683569908142,-0.3218761384487152,0.1220915168523788,0.0017128569306805,0.0118170296773314,-0.1219232156872749,-0.0019421350443735,-0.0106785595417022,0.1792206615209579,0.1034455150365829,-0.402545303106308,-0.2115634083747863,0.1143049597740173,-0.3697221875190735,0.1414198577404022,0.4619701504707336,-0.2566142082214355,-0.1372801661491394,0.4604010581970215,-0.2448476403951645
0.0331085696816444,-0.5506015419960022,-0.290176510810852,0.1913657337427139,-0.465165764093399,-0.0987315848469734,0.3300219774246216,-0.5943558812141418,-0.2182084769010543,-0.1329887211322784,-0.4530499875545501,-0.1235416084527969,-0.2909173667430877,-0.5805278420448303,-0.2268015742301941,0.4342691898345947,-0.7620210647583008,-0.3502435386180877,-0.3647067546844482,-0.8155725598335266,-0.3260577023029327,0.1221730336546897,0.0019887681119143,0.0120094446465373,-0.1219982728362083,-0.002211264334619,-0.0108825182542204,0.1832971423864364,0.104451946914196,-0.4020974934101105,-0.207480177283287,0.1132898330688476,-0.3738457560539245,0.144454225897789,0.4627520740032196,-0.255888819694519,-0.1365340054035186,0.4599727392196655,-0.2474864870309829
0.0330791883170604,-0.5497273206710815,-0.2910197377204895,0.1913720220327377,-0.4650750756263733,-0.0991332158446312,0.3303639590740204,-0.5953904390335083,-0.2185404747724533,-0.1331216394901275,-0.4523607492446899,-0.1236820742487907,-0.2945364415645599,-0.5757032632827759,-0.2278687506914138,0.4350098669528961,-0.7624627351760864,-0.3518059253692627,-0.3704984784126282,-0.809116542339325,-0.3306762874126434,0.1222204491496086,0.0023789573460817,0.0120970727875828,-0.122044138610363,-0.002589029027149,-0.0109745897352695,0.1836016923189163,0.1048516780138015,-0.4016330242156982,-0.2036154419183731,0.1117133796215057,-0.376162439584732,0.1451115906238556,0.463065505027771,-0.2543760538101196,-0.1352465897798538,0.4602937996387481,-0.2508829534053802
0.0330468788743019,-0.5422168970108032,-0.3123793303966522,0.1914469897747039,-0.4607284963130951,-0.1222098022699356,0.3351433575153351,-0.5941826701164246,-0.2484052628278732,-0.1332578510046005,-0.450368583202362,-0.1440608203411102,-0.2945759296417236,-0.5689377784729004,-0.2581865787506103,0.4423747956752777,-0.7614579200744629,-0.3850554525852203,-0.3751913905143738,-0.7960585951805115,-0.3796473741531372,0.12226253002882,0.0024649158585816,0.012126512825489,-0.1220811456441879,-0.0026730969548225,-0.0110015431419014,0.1855023950338363,0.1121255531907081,-0.4004818201065063,-0.2035900950431823,0.1130827367305755,-0.3758664429187774,0.145368292927742,0.4650031924247741,-0.2425956726074218,-0.1351437121629715,0.4604359567165375,-0.240552470088005
0.0352083891630172,-0.5400063395500183,-0.3135014772415161,0.1919484734535217,-0.4604197442531585,-0.1209918558597564,0.3413639366626739,-0.5950729846954346,-0.2456412464380264,-0.1330643594264984,-0.4493902921676636,-0.1448318213224411,-0.2959343791007995,-0.5662394762039185,-0.2559102773666382,0.4543928205966949,-0.7616819739341736,-0.3813312351703644,-0.3822413086891174,-0.7918376922607422,-0.3735318481922149,0.1222968250513076,0.0025628900621086,0.012299864552915,-0.1221137940883636,-0.0027639290783554,-0.0111807798966765,0.1868312954902649,0.1086371913552284,-0.3997581899166107,-0.2014128863811493,0.110173262655735,-0.3759025037288666,0.1479095071554184,0.4622804522514343,-0.2431878596544265,-0.1348794996738433,0.4582581222057342,-0.2410261929035186
0.0352233946323394,-0.5402980446815491,-0.3123064339160919,0.1916492581367492,-0.4608488976955414,-0.115910530090332,0.340770423412323,-0.5951188206672668,-0.2353624403476715,-0.1328261196613311,-0.4493411779403686,-0.1409303843975067,-0.2958532571792602,-0.5636804699897766,-0.2452990710735321,0.4552986621856689,-0.7592834830284119,-0.3735969662666321,-0.3829649984836578,-0.789652943611145,-0.3592732846736908,0.1221813336014747,0.0027567304205149,0.0123756900429725,-0.1219921112060546,-0.0029535624198615,-0.0112589634954929,0.190234288573265,0.1085820272564888,-0.3948778510093689,-0.2014643251895904,0.1092923656105995,-0.3758400678634643,0.1487053334712982,0.4621142745018005,-0.2381618171930313,-0.134296640753746,0.4558649361133575,-0.2390409260988235
0.0367119573056697,-0.5417830348014832,-0.2955005466938019,0.1918240785598755,-0.4637462198734283,-0.0981369167566299,0.3496142625808716,-0.5984190106391907,-0.1986896395683288,-0.1327221989631652,-0.449829638004303,-0.124422051012516,-0.2974222600460052,-0.5625683069229126,-0.2075204253196716,0.4639905095100403,-0.7672446966171265,-0.3228253424167633,-0.3876506984233856,-0.7896673083305359,-0.305275559425354,0.1221921890974044,0.0030070859938859,0.0124059990048408,-0.1220028772950172,-0.003191984957084,-0.0112901153042912,0.1912566423416137,0.1018118262290954,-0.3928299248218536,-0.1975928843021392,0.0965107008814811,-0.380781888961792,0.1488640010356903,0.455837219953537,-0.2405659854412078,-0.1321977376937866,0.4462461173534393,-0.2491956353187561
0.0359837263822555,-0.5399684309959412,-0.2983317077159881,0.1914359480142593,-0.4642936587333679,-0.0985115692019462,0.348719447851181,-0.5987513661384583,-0.2017822116613388,-0.1328544467687606,-0.4494064450263977,-0.125116690993309,-0.2998697161674499,-0.5614455342292786,-0.2127057015895843,0.4631740748882293,-0.7591866254806519,-0.3281498551368713,-0.394461840391159,-0.7866662740707397,-0.3133077025413513,0.1221146211028099,0.0030688310507684,0.0124318208545446,-0.121924415230751,-0.0032540201209485,-0.0113178882747888,0.195813775062561,0.1003898903727531,-0.3921752572059631,-0.1991831809282302,0.0975799039006233,-0.3802544474601745,0.1489491611719131,0.4561817348003387,-0.2405078113079071,-0.1308805495500564,0.4466335773468017,-0.2481427490711212
0.0349180698394775,-0.5390433669090271,-0.2992841005325317,0.1910077780485153,-0.4634533822536468,-0.102287158370018,0.3412589132785797,-0.5869076251983643,-0.2272589206695556,-0.1339915543794632,-0.4488579630851745,-0.128129631280899,-0.305210143327713,-0.5596070885658264,-0.2345564216375351,0.4576703906059265,-0.7368896007537842,-0.3768251836299896,-0.3979493975639343,-0.7854042649269104,-0.352639377117157,0.1220934987068176,0.0032440447248518,0.0125293843448162,-0.1219048723578453,-0.0034277827944606,-0.0114202285185456,0.1969638466835022,0.1024196743965148,-0.3900901079177856,-0.1991741955280304,0.0983880385756492,-0.3813346326351166,0.1496090143918991,0.4564584493637085,-0.2332847863435745,-0.1315856724977493,0.4473348259925842,-0.2480419427156448
0.0348649993538856,-0.5385288596153259,-0.3045125007629394,0.1909206062555313,-0.4621466994285583,-0.1060508117079734,0.3393040597438812,-0.5818989872932434,-0.2348292022943496,-0.1340491324663162,-0.4480129182338714,-0.1313442140817642,-0.3061446249485016,-0.5564891695976257,-0.2377509623765945,0.4545171558856964,-0.7361099720001221,-0.3864680826663971,-0.401138037443161,-0.7826535105705261,-0.3555768430233001,0.1220369040966034,0.0032994067296385,0.0125403506681323,-0.1218536645174026,-0.0034816842526197,-0.0114369457587599,0.196934163570404,0.1025765463709831,-0.3887294828891754,-0.1996346265077591,0.1011083051562309,-0.3812306821346283,0.1496279090642929,0.4567148089408874,-0.2293640971183776,-0.1332045495510101,0.4521827101707458,-0.2469585984945297
0.0355417020618915,-0.5381731390953064,-0.3004629909992218,0.1914322823286056,-0.4621363878250122,-0.1061932817101478,0.3390313982963562,-0.5748752951622009,-0.2403532564640045,-0.1342075765132904,-0.4478783011436462,-0.1306225806474685,-0.3089084327220917,-0.5550313591957092,-0.2386560887098312,0.4504101574420929,-0.7255478501319885,-0.3951601684093475,-0.4057452380657196,-0.7828369140625,-0.3563718795776367,0.1220273971557617,0.0033526830375194,0.0125888995826244,-0.1218435019254684,-0.0035334459971636,-0.0114884078502655,0.198134183883667,0.1034084111452102,-0.3872072994709015,-0.2007785588502884,0.1035960838198661,-0.3806533813476562,0.1523730158805847,0.4586397707462311,-0.225643053650856,-0.1319401413202285,0.4536291062831878,-0.2457945793867111
0.0355069227516651,-0.5383575558662415,-0.2959284484386444,0.1895394772291183,-0.4623372852802276,-0.1054700464010238,0.3372936248779297,-0.5757628679275513,-0.2360323369503021,-0.1360166221857071,-0.4477187991142273,-0.1279792338609695,-0.3124898374080658,-0.5500938296318054,-0.234455406665802,0.4505463242530823,-0.7263414859771729,-0.3868148624897003,-0.4072468280792236,-0.7812836766242981,-0.3513024449348449,0.122015468776226,0.0033016190864145,0.0125502087175846,-0.1218306794762611,-0.0034811957739293,-0.0114537114277482,0.1997680962085724,0.1028076335787773,-0.3838974833488464,-0.2012433409690857,0.1037788093090057,-0.3802501559257507,0.1590457409620285,0.4566556811332702,-0.2192220240831375,-0.1299600303173065,0.4528262913227081,-0.2423222959041595
0.0318735428154468,-0.5370044112205505,-0.2965993583202362,0.1870012879371643,-0.4629334509372711,-0.1054871827363967,0.3364450931549072,-0.5809944272041321,-0.2328317165374755,-0.1380271017551422,-0.4473717212677002,-0.1281737685203552,-0.3146722912788391,-0.5478729605674744,-0.2345212250947952,0.4504067003726959,-0.739465057849884,-0.3822659254074096,-0.4086226522922516,-0.7742190361022949,-0.3514413833618164,0.1219741553068161,0.0033068142365664,0.0125234713777899,-0.1217917799949646,-0.0034848637878894,-0.0114301843568682,0.1973944753408432,0.1041358709335327,-0.3841610252857208,-0.2013610601425171,0.1043184399604797,-0.3802906572818756,0.1587758958339691,0.4566283226013183,-0.2196056842803955,-0.1300109624862671,0.4535426199436188,-0.2424396723508834
0.0323373787105083,-0.5406639575958252,-0.2666667997837066,0.1870753765106201,-0.4672228097915649,-0.0780957415699958,0.3375474512577057,-0.5838764309883118,-0.2013771682977676,-0.1384630799293518,-0.448365569114685,-0.1031041294336319,-0.3149434030056,-0.5483798384666443,-0.2092514187097549,0.4511752724647522,-0.7435373663902283,-0.3467100858688354,-0.4090622067451477,-0.7750121355056763,-0.3242784738540649,0.1220273822546005,0.0032505129929631,0.0125217782333493,-0.1218490153551101,-0.0034221105743199,-0.0114326877519488,0.1974886059761047,0.0964460372924804,-0.3837591111660003,-0.1994326114654541,0.0981505364179611,-0.3828531503677368,0.1607352197170257,0.4509411752223968,-0.232239156961441,-0.1274173408746719,0.450629711151123,-0.2603433728218078
0.0251740366220474,-0.5386837124824524,-0.2903191745281219,0.1826739609241485,-0.4660672843456268,-0.0991362258791923,0.3299016058444977,-0.583492636680603,-0.2284644693136215,-0.1410456597805023,-0.4464845955371856,-0.1200462654232978,-0.3186889290809631,-0.5476739406585693,-0.2236691564321518,0.4449979662895202,-0.7387938499450684,-0.3790124058723449,-0.4146881401538849,-0.7745097875595093,-0.3343460857868194,0.1220091804862022,0.0032416791655123,0.0123903043568134,-0.1218333914875984,-0.0034144788514822,-0.0112950587645173,0.1968467831611633,0.0986071527004242,-0.3842816352844238,-0.2012655436992645,0.1000144779682159,-0.3804347515106201,0.1568373292684555,0.4511721134185791,-0.2242050766944885,-0.1306517422199249,0.4507319629192352,-0.244653582572937
0.0248794164508581,-0.5386695861816406,-0.281648188829422,0.1819195449352264,-0.4674313962459564,-0.0880188569426536,0.3306159079074859,-0.5845623016357422,-0.2056874483823776,-0.1426443010568618,-0.4477348625659942,-0.1119419783353805,-0.3205066919326782,-0.5494331121444702,-0.2073603123426437,0.4461426734924316,-0.7451697587966919,-0.3484934866428375,-0.4168627560138702,-0.7762193083763123,-0.3143519163131714,0.122020311653614,0.00311941630207,0.0123541476204991,-0.1218489184975624,-0.003289355430752,-0.0112652499228715,0.1968326717615127,0.095178835093975,-0.3843183815479278,-0.201174795627594,0.0993570610880851,-0.3814563751220703,0.1571432501077652,0.4491511881351471,-0.2349152266979217,-0.1306886374950409,0.4508153796195984,-0.2574568390846252
0.0250409562140703,-0.540097177028656,-0.2793311476707458,0.1817217916250229,-0.4679897129535675,-0.0845042541623115,0.3307895362377167,-0.5860422253608704,-0.1972746402025222,-0.1426515132188797,-0.4481265544891357,-0.108886107802391,-0.3207399845123291,-0.5495848655700684,-0.2005160301923751,0.4467874467372894,-0.750270426273346,-0.336429238319397,-0.4186984896659851,-0.7766762971878052,-0.3045530915260315,0.122005894780159,0.0030327187851071,0.0122910039499402,-0.1218395307660102,-0.0032025107648223,-0.0112056983634829,0.1967982351779937,0.0937744826078414,-0.383432000875473,-0.2009210586547851,0.0993336737155914,-0.3813731670379638,0.1583947539329528,0.4483625590801239,-0.2352590858936309,-0.1305871456861496,0.4510004818439483,-0.2577498853206634
0.0251772329211235,-0.5409107208251953,-0.2693041563034057,0.1809925884008407,-0.4689187109470367,-0.0754235908389091,0.3313007950782776,-0.5881836414337158,-0.1822209507226944,-0.1432536393404007,-0.4496277868747711,-0.0998559594154357,-0.3206694722175598,-0.5514450669288635,-0.1833065748214721,0.4491222202777862,-0.7550901174545288,-0.3159586489200592,-0.4188553690910339,-0.778831958770752,-0.2787247598171234,0.1220148131251335,0.0030035723466426,0.0121038649231195,-0.1218502596020698,-0.0031714285723865,-0.0110220741480588,0.1957369148731231,0.0870544388890266,-0.3856119811534881,-0.2009961307048797,0.093196339905262,-0.3828893899917602,0.1581567078828811,0.4415954649448395,-0.2382249236106872,-0.1297580897808075,0.4431690871715545,-0.2581132352352142
0.0273133758455514,-0.5435155630111694,-0.2636409997940063,0.1823051124811172,-0.4716173112392425,-0.0727579519152641,0.3332130014896393,-0.5905545353889465,-0.1843038648366928,-0.1422093659639358,-0.4507863819599151,-0.0974644273519516,-0.3192189037799835,-0.5550676584243774,-0.186352789402008,0.4507254362106323,-0.7537670731544495,-0.3216696083545685,-0.4185273349285126,-0.7815048694610596,-0.2850057482719421,0.121999904513359,0.0028244615532457,0.01206392981112,-0.1218392774462699,-0.002986576873809,-0.0109848268330097,0.1966002732515335,0.076373852789402,-0.3878109157085418,-0.202633187174797,0.0926882997155189,-0.3828844726085663,0.1584591716527938,0.434254378080368,-0.2385055869817733,-0.1293341368436813,0.4427728056907654,-0.2582464516162872
0.0270557720214128,-0.5365075469017029,-0.2816717624664306,0.1816778481006622,-0.4672614336013794,-0.0858258232474327,0.3284352123737335,-0.5877861380577087,-0.2118415683507919,-0.1418358534574508,-0.4490478336811065,-0.1080202907323837,-0.3175962269306183,-0.5569378733634949,-0.2096496522426605,0.4484512507915497,-0.7432971000671387,-0.3523684740066528,-0.4184366464614868,-0.7848862409591675,-0.3163045942783355,0.1218986958265304,0.0030933248344808,0.0122543945908546,-0.1217264682054519,-0.0032656237017363,-0.0111729810014367,0.2024530917406082,0.0756134390830993,-0.3859603404998779,-0.2014264017343521,0.0816452205181121,-0.384636789560318,0.1565099954605102,0.4338709414005279,-0.2342437654733657,-0.1279897540807724,0.4340636730194092,-0.2589519619941711
0.0212608538568019,-0.546843409538269,-0.2740538418292999,0.1808673739433288,-0.4671503007411957,-0.0858102813363075,0.3372522890567779,-0.5877768397331238,-0.2055141627788543,-0.1425435245037078,-0.4527550637722015,-0.1056873276829719,-0.3176203072071075,-0.565247118473053,-0.1879412531852722,0.4520999491214752,-0.7440158724784851,-0.3297415375709533,-0.4208822548389435,-0.7858989834785461,-0.2729880511760711,0.1220215409994125,0.0030950449872761,0.0120690837502479,-0.1218503341078758,-0.0032669820357114,-0.0109669510275125,0.1996494978666305,0.072032943367958,-0.3923906683921814,-0.2023421227931976,0.0809444785118103,-0.3839640617370605,0.1511582136154174,0.4307503700256347,-0.2393461316823959,-0.1310686767101287,0.4285455048084259,-0.2555264234542846
0.0229566264897584,-0.5443467497825623,-0.2831636071205139,0.1819403171539306,-0.4667383134365082,-0.0939635187387466,0.3371829390525818,-0.5877675414085388,-0.2092553079128265,-0.1423952877521515,-0.4520505964756012,-0.114763356745243,-0.3177154958248138,-0.5653855800628662,-0.2000662386417389,0.453722208738327,-0.7412465214729309,-0.3362553715705871,-0.4204022288322449,-0.7876966595649719,-0.281652569770813,0.1220596581697464,0.0030354640912264,0.0121388435363769,-0.121890552341938,-0.0032080030068755,-0.011039207689464,0.201552152633667,0.0706972628831863,-0.3964937329292297,-0.206851452589035,0.0815020427107811,-0.3839741945266723,0.1495993882417678,0.4309130012989044,-0.2392378747463226,-0.1311085373163223,0.4293593764305115,-0.2545420825481415
0.0228949021548032,-0.542664647102356,-0.287764310836792,0.1821167320013046,-0.466379314661026,-0.1007924750447273,0.3345391452312469,-0.5851826071739197,-0.2182767987251281,-0.1423910856246948,-0.4517209827899933,-0.1197268366813659,-0.3177045285701751,-0.5629503130912781,-0.2101212292909622,0.4528225362300873,-0.734241247177124,-0.3542549312114715,-0.4211371839046478,-0.7833456993103027,-0.3046483397483825,0.1220629140734672,0.0030490164645016,0.0121495621278882,-0.1218924298882484,-0.003223953070119,-0.0110442135483026,0.2016095668077469,0.0719377994537353,-0.3978740572929382,-0.2137130945920944,0.08388601988554,-0.3822722136974334,0.1476055830717086,0.4321678280830383,-0.2357334792613983,-0.1327434331178665,0.4298728406429291,-0.245502695441246
0.0227544419467449,-0.5377751588821411,-0.2968341112136841,0.1827863603830337,-0.4647634029388428,-0.1101396530866622,0.3338878750801086,-0.5795283913612366,-0.2259196788072586,-0.1420098543167114,-0.448932945728302,-0.1249813288450241,-0.3188041448593139,-0.5570039749145508,-0.2138970047235489,0.4529118239879608,-0.7273543477058411,-0.3633836507797241,-0.4210914373397827,-0.781370222568512,-0.3089451789855957,0.1220395192503929,0.0030134092085063,0.0121373319998383,-0.1218719631433487,-0.0031913612037897,-0.0110301272943615,0.202634572982788,0.0740512609481811,-0.3974001705646515,-0.2144931703805923,0.0913407355546951,-0.3785219192504883,0.1461861878633499,0.4386074244976043,-0.2350015938282013,-0.1329392045736313,0.4357224106788635,-0.2425649911165237
0.0231604147702455,-0.538542628288269,-0.2959519922733307,0.1828223317861557,-0.4637626409530639,-0.1090077906847,0.3338603675365448,-0.5752549767494202,-0.2247911989688873,-0.1415318846702575,-0.4472978115081787,-0.1245273128151893,-0.319008857011795,-0.5518507957458496,-0.2126500010490417,0.4536474347114563,-0.726429283618927,-0.3627657890319824,-0.4221684634685516,-0.7805019021034241,-0.3046519160270691,0.1219858154654502,0.0030127707868814,0.01209132745862,-0.1218222826719284,-0.0031915705185383,-0.0109783569350838,0.203442245721817,0.0713972076773643,-0.3959558010101318,-0.2144257128238678,0.0888835042715072,-0.377843827009201,0.146729439496994,0.4357866942882538,-0.2326907962560653,-0.132682055234909,0.4320286810398102,-0.2410034984350204
0.0231226440519094,-0.5373579263687134,-0.3000286817550659,0.1825187653303146,-0.4619641900062561,-0.1126771196722984,0.3334401845932007,-0.5715809464454651,-0.2270736098289489,-0.1413522958755493,-0.4456247091293335,-0.1279575526714325,-0.3210057616233825,-0.5501444339752197,-0.2135958671569824,0.4554556310176849,-0.7219052910804749,-0.3640657067298889,-0.4242714643478393,-0.7802924513816833,-0.3041583597660064,0.1219346672296524,0.0029443060047924,0.0120699135586619,-0.1217777356505394,-0.003126504831016,-0.0109481941908597,0.2040847688913345,0.0708664506673812,-0.3954240381717682,-0.2144947350025177,0.0894585251808166,-0.375604510307312,0.1439595222473144,0.4355139136314392,-0.2286618202924728,-0.1326397061347961,0.4319435358047485,-0.2356318682432174
0.0230192597955465,-0.5342656373977661,-0.3027606010437011,0.1823243051767349,-0.4604319930076599,-0.1152182146906852,0.3333634734153747,-0.5717394351959229,-0.2294212728738784,-0.1406751275062561,-0.4446482956409454,-0.1305208951234817,-0.3188535869121551,-0.54872065782547,-0.2152656763792038,0.455533355474472,-0.7224586606025696,-0.3637017011642456,-0.4229826331138611,-0.7768276333808899,-0.304597944021225,0.1219015643000602,0.0029411900322884,0.0120099978521466,-0.121746614575386,-0.0031251606997102,-0.0108769182115793,0.2026828229427337,0.0643525645136833,-0.3963492810726166,-0.2133821249008178,0.0839453637599945,-0.3755407929420471,0.1404469758272171,0.4268907308578491,-0.2289504259824752,-0.1321600526571273,0.4245377779006958,-0.2340760678052902
0.0229215435683727,-0.534200131893158,-0.291804552078247,0.1825112998485565,-0.4611349701881408,-0.1061718091368675,0.3337320685386657,-0.5739012956619263,-0.2244264483451843,-0.1406399011611938,-0.4446460604667663,-0.1210849210619926,-0.3159264922142029,-0.5483675599098206,-0.2118142694234848,0.4558241367340088,-0.7250776290893555,-0.3599864840507507,-0.4219246208667755,-0.7762629389762878,-0.3056927919387817,0.122022695839405,0.0029881657101213,0.0119187235832214,-0.1218642890453338,-0.003171770600602,-0.0107776559889316,0.1960460692644119,0.0589755736291408,-0.3993913233280182,-0.2126674801111221,0.0757816284894943,-0.3791047632694244,0.1388365030288696,0.4231283962726593,-0.2433275729417801,-0.1321795731782913,0.4216003715991974,-0.2516831755638122
0.0239050164818763,-0.5342299342155457,-0.3088227808475494,0.1828712671995163,-0.4569944441318512,-0.1181964203715324,0.3339651525020599,-0.5665984749794006,-0.2375776171684265,-0.138886421918869,-0.4433951675891876,-0.1371149271726608,-0.3159818947315216,-0.5446274876594543,-0.2219319939613342,0.4566621482372284,-0.7230379581451416,-0.380249947309494,-0.4227485060691833,-0.7746700644493103,-0.3148680329322815,0.1219910681247711,0.0030359560623764,0.0119008962064981,-0.1218394190073013,-0.0032227963674813,-0.0107575161382555,0.1957337856292724,0.0638593062758445,-0.3984765708446502,-0.2128960341215133,0.0807632505893707,-0.3778518140316009,0.1385553926229477,0.4289123117923736,-0.2418339997529983,-0.1322888135910034,0.4247472286224365,-0.2424955815076828
0.023913187906146,-0.535893976688385,-0.3118018805980682,0.1829872131347656,-0.4567103981971741,-0.1231305450201034,0.3352912664413452,-0.5667186975479126,-0.2410700619220733,-0.1387308984994888,-0.4433779418468475,-0.1437408179044723,-0.3159700632095337,-0.5442132353782654,-0.2302607297897339,0.4571008384227752,-0.7215513586997986,-0.3819468915462494,-0.4240166544914245,-0.7722015976905823,-0.3247672915458679,0.121937483549118,0.0031564915552735,0.0120291104540228,-0.1217842921614646,-0.0033419444225728,-0.0108698233962059,0.1971413195133209,0.0796168744564056,-0.3978691697120666,-0.212864801287651,0.086584985256195,-0.377825528383255,0.1386148929595947,0.4384600520133972,-0.2344948351383209,-0.134285569190979,0.4278148710727691,-0.235124722123146
0.0235445331782102,-0.5366250276565552,-0.3183193206787109,0.1827750504016876,-0.4547621011734009,-0.1295172423124313,0.3354508578777313,-0.5648646354675293,-0.251707524061203,-0.1388860493898391,-0.4431581199169159,-0.1515840291976928,-0.3161374032497406,-0.5443874597549438,-0.2413523644208908,0.4550473093986511,-0.7189156413078308,-0.3938337862491607,-0.4259610772132873,-0.7714384198188782,-0.3371410965919494,0.1219154521822929,0.0032683941535651,0.0121097657829523,-0.1217626705765724,-0.0034553096629679,-0.0109375063329935,0.1953329294919967,0.0876883491873741,-0.3979070782661438,-0.2110381126403808,0.0899007841944694,-0.3778347074985504,0.1371327638626098,0.4418927729129791,-0.229599267244339,-0.1360715180635452,0.4302035570144653,-0.2315574437379837
0.0233657453209161,-0.5366092324256897,-0.3279450535774231,0.1830379515886306,-0.4536439478397369,-0.1343412101268768,0.3359531760215759,-0.5648886561393738,-0.2563788294792175,-0.1387748718261718,-0.4430839121341705,-0.1563988775014877,-0.316142737865448,-0.5464872121810913,-0.2455346137285232,0.4545928835868835,-0.7190557718276978,-0.4003249704837799,-0.4258207380771637,-0.7716019749641418,-0.3434958159923553,0.121908962726593,0.0032838594634085,0.0121252471581101,-0.1217594519257545,-0.0034714005887508,-0.0109557062387466,0.19239541888237,0.0986299291253089,-0.3978586494922638,-0.2083805650472641,0.1035853251814842,-0.3772081732749939,0.1380786597728729,0.448820412158966,-0.2286900877952575,-0.1361382156610489,0.4451834857463836,-0.229508176445961
0.0254505276679992,-0.5377522110939026,-0.2837005853652954,0.1822387874126434,-0.4563855230808258,-0.090431310236454,0.3318880200386047,-0.5772851705551147,-0.2326081991195678,-0.1400658190250396,-0.4474784731864929,-0.1181563436985015,-0.314966082572937,-0.5710869431495667,-0.2293315082788467,0.4492634236812591,-0.7293835878372192,-0.3781494796276092,-0.4267361760139465,-0.7887880802154541,-0.3363025784492492,0.1223088651895523,0.0034275010693818,0.0126125831156969,-0.1221271604299545,-0.0036048355977982,-0.0114562911912798,0.1832622736692428,0.0795735344290733,-0.4044839143753052,-0.189974159002304,0.0833537206053733,-0.3898241519927978,0.1379877477884292,0.431554764509201,-0.2557153701782226,-0.136138305068016,0.4351191818714142,-0.2767980098724365
0.0284832511097192,-0.5422036647796631,-0.2866524457931518,0.1826157867908477,-0.4561022222042084,-0.0952657759189605,0.3319688439369201,-0.577768862247467,-0.2375603914260864,-0.1394409388303756,-0.4476071894168854,-0.1189828142523765,-0.3140519857406616,-0.5709247589111328,-0.2415830641984939,0.447989821434021,-0.7299940586090088,-0.3858035206794739,-0.4240314066410064,-0.788189709186554,-0.3540704548358917,0.1223552376031875,0.0034502344205975,0.0130062140524387,-0.1221704930067062,-0.0036262099165469,-0.011860080063343,0.1778067797422409,0.0802788659930229,-0.4072493314743042,-0.1890669465065002,0.0865621343255043,-0.3894489705562591,0.1380863487720489,0.4319927096366882,-0.2525222897529602,-0.1360505223274231,0.4364728629589081,-0.2688609659671783
0.0279034711420536,-0.542080819606781,-0.2877923548221588,0.1803606301546096,-0.4545066654682159,-0.0972421169281005,0.3300905525684356,-0.5742822885513306,-0.2366685569286346,-0.1401928663253784,-0.4467273354530334,-0.1218452304601669,-0.3156303763389587,-0.5692625641822815,-0.241180881857872,0.4413100481033325,-0.7315274477005005,-0.3846561014652252,-0.4230823814868927,-0.7865076065063477,-0.3531202673912048,0.12234678119421,0.0036176007706671,0.0133573347702622,-0.1221584975719451,-0.0037841929588466,-0.012239160016179,0.1702342331409454,0.0935738161206245,-0.4070431590080261,-0.1763781458139419,0.093096062541008,-0.3889856934547424,0.1361064463853836,0.4418876469135284,-0.2543397545814514,-0.1359371691942215,0.4460890889167785,-0.2692889273166656
0.0235766097903251,-0.540124237537384,-0.3598674833774566,0.1770490109920501,-0.4430072605609894,-0.1552119106054306,0.3116535246372223,-0.5613278150558472,-0.3235366642475128,-0.1401097625494003,-0.4365536272525787,-0.1862469017505645,-0.3145999908447265,-0.5613297820091248,-0.3239924907684326,0.4138089418411255,-0.718100905418396,-0.4959130585193634,-0.4217305183410644,-0.7785567045211792,-0.4481901824474334,0.1219629719853401,0.0041190939955413,0.0134310694411396,-0.1218033879995346,-0.004277953878045,-0.0123098092153668,0.1652811467647552,0.1474576294422149,-0.3866457641124725,-0.1741398870944976,0.1298985779285431,-0.3791069090366363,0.128739446401596,0.4807080328464508,-0.2148200571537017,-0.1344329565763473,0.4769738316535949,-0.2425609081983566
0.0182776097208261,-0.5496196150779724,-0.3505973517894745,0.1742439121007919,-0.4449442625045776,-0.1499628573656082,0.317561000585556,-0.5736895203590393,-0.3130198717117309,-0.1443783044815063,-0.4448903203010559,-0.1810591965913772,-0.3238260447978973,-0.5776880979537964,-0.3104636371135711,0.4173992276191711,-0.7493252158164978,-0.4490634202957153,-0.4282622337341308,-0.7849957942962646,-0.3956320285797119,0.1218913197517395,0.0041570314206182,0.0135402781888842,-0.1217499375343322,-0.0043162428773939,-0.0124226529151201,0.1658999919891357,0.190475508570671,-0.3648712337017059,-0.1727378964424133,0.1583158075809478,-0.3692888021469116,0.1265203207731247,0.5149945020675659,-0.1987084299325943,-0.134734645485878,0.5031659603118896,-0.225266620516777
0.0109067233279347,-0.5620794296264648,-0.3401986062526703,0.173444390296936,-0.4563890397548675,-0.1467353701591491,0.318940132856369,-0.6025704145431519,-0.2603404819965362,-0.1460136175155639,-0.4520404934883117,-0.1711331158876419,-0.3252828121185303,-0.5833468437194824,-0.2547507584095001,0.4206149876117706,-0.7811129689216614,-0.3793737292289734,-0.4247740805149078,-0.7946037650108337,-0.3378815352916717,0.1218788176774978,0.0040958235040307,0.013367548584938,-0.1217429786920547,-0.0042586969211697,-0.0122606726363301,0.1620881408452987,0.2003402858972549,-0.3578041195869446,-0.1714506596326828,0.1752055585384369,-0.36160609126091,0.1266490221023559,0.5287708044052124,-0.200094074010849,-0.1331327110528946,0.5273163914680481,-0.2261329144239425
0.0108986105769872,-0.5723341703414917,-0.33812215924263,0.1730297356843948,-0.4561125934123993,-0.1439791619777679,0.3225845396518707,-0.5993509888648987,-0.2593191266059875,-0.1468058973550796,-0.4531962871551513,-0.1686876118183136,-0.3260888159275055,-0.5822078585624695,-0.2486321926116943,0.4226334691047668,-0.7770339846611023,-0.38226518034935,-0.4257260859012604,-0.7937526106834412,-0.3380201458930969,0.1218537613749504,0.0041022114455699,0.0132113741710782,-0.1217310950160026,-0.0042672790586948,-0.0121021606028079,0.1462142914533615,0.2148372679948806,-0.3485750555992126,-0.1704815328121185,0.1750350445508957,-0.3559095561504364,0.1226228326559066,0.5381923317909241,-0.1962216198444366,-0.1353328078985214,0.5327326655387878,-0.2218303382396698
0.0126145770773291,-0.57188880443573,-0.3367190062999725,0.1732514351606369,-0.4602160453796386,-0.1401551067829132,0.3267286419868469,-0.6031426191329956,-0.2235883772373199,-0.1469515711069107,-0.4566943347454071,-0.1646422445774078,-0.3288614451885223,-0.5821212530136108,-0.2205924093723297,0.4237954616546631,-0.8015955090522766,-0.3307501971721649,-0.4252035319805145,-0.7956506013870239,-0.3061317801475525,0.1218432039022445,0.0040877824649214,0.0132133373990654,-0.1217271611094474,-0.0042547676712274,-0.0121074924245476,0.1447510868310928,0.2306636869907379,-0.3290449380874634,-0.1652367413043975,0.1948542296886444,-0.3402878642082214,0.1227760761976242,0.5635422468185425,-0.1955927312374115,-0.1349802911281585,0.5518807768821716,-0.2151484936475753
0.0132513800635933,-0.5749197006225586,-0.3362571001052856,0.1746596843004226,-0.4657944142818451,-0.1411022543907165,0.3275811076164245,-0.6090168952941895,-0.2218541502952575,-0.1471069157123565,-0.4654450118541717,-0.1640680730342865,-0.3306360244750976,-0.5921159386634827,-0.2083734422922134,0.4245300590991974,-0.8121960163116455,-0.3291023075580597,-0.4234989285469055,-0.8063296675682068,-0.2847963273525238,0.1218021512031555,0.0040624774992465,0.013141606003046,-0.1217010617256164,-0.0042391186580061,-0.0120414728298783,0.1458480805158615,0.276565283536911,-0.3006198108196258,-0.1654555648565292,0.2411229014396667,-0.3075268566608429,0.123993419110775,0.6076155304908752,-0.1722804456949234,-0.1357736587524414,0.5913148522377014,-0.1831520497798919
0.0152994012460112,-0.5765805840492249,-0.3607054054737091,0.1746360212564468,-0.4661727547645569,-0.1628967821598053,0.3280982673168182,-0.6167727708816528,-0.2281055450439453,-0.1471549123525619,-0.4677174389362335,-0.1892773211002349,-0.3317517042160034,-0.5990498065948486,-0.2398069947957992,0.4250423014163971,-0.8277083039283752,-0.3383930921554565,-0.4224745631217956,-0.8151023983955383,-0.3241807222366333,0.1209884583950042,0.0037504825741052,0.0131063554435968,-0.1210014596581459,-0.0039615370333194,-0.012021193280816,0.1497658789157867,0.3024750053882599,-0.2585955560207367,-0.1671798676252365,0.2738617062568664,-0.261464387178421,0.1248876899480819,0.6397737860679626,-0.1345968842506408,-0.1373400837182998,0.6234127879142761,-0.1418941617012024
0.0121748782694339,-0.5891544222831726,-0.3613291382789612,0.1728432327508926,-0.4765436947345733,-0.1682294458150863,0.3280469477176666,-0.6394959688186646,-0.2299087345600128,-0.1466621458530426,-0.4773328602313995,-0.1930486261844635,-0.3232176005840301,-0.609278678894043,-0.263840913772583,0.4252547919750213,-0.8504422307014465,-0.33571657538414,-0.4187530279159546,-0.8248170614242554,-0.3769795000553131,0.1188450753688812,0.0033812171313911,0.0126989893615245,-0.1190192624926567,-0.0036210268735885,-0.011682610027492,0.150831863284111,0.3349591493606567,-0.1727584600448608,-0.1673824936151504,0.3223391771316528,-0.1686900854110717,0.1301970779895782,0.6812614798545837,-0.041929468512535,-0.1381906270980835,0.6631426811218262,-0.0418925173580646
0.0125757316127419,-0.5964359641075134,-0.3589310646057129,0.1701624542474746,-0.4786528050899505,-0.1702093929052353,0.3216159045696258,-0.6436540484428406,-0.2491548359394073,-0.1475166231393814,-0.4816736280918121,-0.1927021890878677,-0.3233466744422912,-0.6158716082572937,-0.2788435816764831,0.408348947763443,-0.8546997308731079,-0.3596692383289337,-0.4150134325027466,-0.8316861987113953,-0.4018956124782562,0.1177508682012558,0.0032695543486624,0.0125075448304414,-0.1179650127887725,-0.0035147338639944,-0.0115174679085612,0.1503708213567733,0.3465274274349212,-0.1633774489164352,-0.1705337017774582,0.3227004706859588,-0.1812796741724014,0.130189761519432,0.6892743706703186,-0.0341832153499126,-0.1419960856437683,0.6638173460960388,-0.0532831363379955
0.0123604713007807,-0.5995476245880127,-0.3398488461971283,0.1701486706733703,-0.4797953963279724,-0.1598491221666336,0.316906064748764,-0.6449331641197205,-0.2408023029565811,-0.147835224866867,-0.4805831909179687,-0.1751666069030761,-0.3231662809848785,-0.6162323951721191,-0.2474401444196701,0.3956613540649414,-0.8554784059524536,-0.3486028909683227,-0.4146133363246918,-0.8337210416793823,-0.3556635975837707,0.1177427098155021,0.0028126838151365,0.0124818738549947,-0.1179545819759368,-0.0030726883560419,-0.0114867324009537,0.1406693309545517,0.3287714123725891,-0.1740503460168838,-0.1684354394674301,0.3118517100811004,-0.2067857831716537,0.1248602643609047,0.6727678179740906,-0.0934731885790824,-0.1426528692245483,0.6605325937271118,-0.0884328410029411
0.012317213229835,-0.5990078449249268,-0.3433243334293365,0.1690801978111267,-0.4850123822689056,-0.1605255156755447,0.3094413578510284,-0.6546357870101929,-0.2418340146541595,-0.1478466242551803,-0.4824315309524536,-0.1787801533937454,-0.3218994140625,-0.6220563650131226,-0.2718976140022278,0.3802676200866699,-0.8648008704185486,-0.3549223244190216,-0.4048036336898803,-0.8434979915618896,-0.404289186000824,0.1163520365953445,0.0026332754641771,0.0124199390411376,-0.1166061758995056,-0.0029094843193888,-0.011446232907474,0.1408310830593109,0.3608253300189972,-0.1200700923800468,-0.1685215085744857,0.342114508152008,-0.1413739919662475,0.1252917796373367,0.7093279361724854,-0.0143084246665239,-0.1429899483919143,0.695439338684082,-0.0296725984662771
0.0145726948976516,-0.6111228466033936,-0.3280403614044189,0.1685025990009308,-0.4906968772411346,-0.1506375819444656,0.3078615367412567,-0.6634181141853333,-0.2378076910972595,-0.147848829627037,-0.4876868426799774,-0.1712283045053482,-0.3203372955322265,-0.6247179508209229,-0.2716378271579742,0.3742436170578003,-0.8746278285980225,-0.3537102937698364,-0.398973673582077,-0.8464107513427734,-0.4084248542785644,0.1158816069364547,0.0025116652250289,0.0122439442202448,-0.1161413714289665,-0.0027895555831491,-0.0112943304702639,0.1401713490486145,0.3623464405536651,-0.1239669397473335,-0.1684838533401489,0.3394067287445068,-0.1510592401027679,0.1276933401823043,0.7085307240486145,-0.0057537695392966,-0.1430158764123916,0.6887916922569275,-0.028186285868287
0.012524215504527,-0.6273012757301331,-0.3077645003795624,0.1668987721204757,-0.4970562756061554,-0.1434769183397293,0.294664591550827,-0.6686061024665833,-0.2388501912355423,-0.1484502255916595,-0.4937814176082611,-0.1541298627853393,-0.3144910931587219,-0.6325153708457947,-0.263489305973053,0.3554109930992126,-0.8749037981033325,-0.3602610528469085,-0.3930184245109558,-0.8493738770484924,-0.4018261134624481,0.1156530529260635,0.0024863095022737,0.0116076171398162,-0.1158987879753112,-0.0027673104777932,-0.0106673706322908,0.1422240138053894,0.3700755536556244,-0.0795358568429946,-0.1684228479862213,0.3449904322624206,-0.1189469546079635,0.1308907121419906,0.714478075504303,0.0519654415547847,-0.1413168311119079,0.691770076751709,0.020082427188754
0.0126235364004969,-0.6259976625442505,-0.3047248721122741,0.1660974323749542,-0.5019733905792236,-0.1357018798589706,0.2949885725975036,-0.6816928386688232,-0.2226828336715698,-0.1479608565568924,-0.497960478067398,-0.1505385637283325,-0.3114274740219116,-0.644349217414856,-0.2429384589195251,0.353022038936615,-0.8893277049064636,-0.3328398466110229,-0.3868772983551025,-0.8650912046432495,-0.3627358376979828,0.1150553822517395,0.0024878962431102,0.0115560675039887,-0.1153081580996513,-0.0027780395466834,-0.0106187704950571,0.141201913356781,0.3778842091560364,-0.0463065505027771,-0.1668873727321624,0.3478961884975433,-0.112537994980812,0.1374096572399139,0.7179592251777649,0.0820701122283935,-0.1402610689401626,0.6960235834121704,0.0266008507460355
0.0112435091286897,-0.6295512318611145,-0.2958458662033081,0.1656384617090225,-0.5063318610191345,-0.1270332187414169,0.2881101667881012,-0.6871244311332703,-0.2144874185323715,-0.1464124619960785,-0.5043508410453796,-0.1437160074710846,-0.2983804941177368,-0.6608589887619019,-0.2305692732334137,0.3479858636856079,-0.8941405415534973,-0.3244264423847198,-0.3745964467525482,-0.8764140605926514,-0.345281183719635,0.1146937385201454,0.0025942993815988,0.0115299290046095,-0.114942193031311,-0.0029052847530692,-0.010594468563795,0.1412813365459442,0.3834316432476043,-0.0101221119984984,-0.1596152186393737,0.3519520163536072,-0.0888003334403038,0.1411691308021545,0.7235528230667114,0.123602844774723,-0.1348833292722702,0.6997577548027039,0.0564251765608787
0.0111743360757827,-0.6333375573158264,-0.2822640538215637,0.161714106798172,-0.5110360383987427,-0.1101056113839149,0.2825126647949219,-0.6925012469291687,-0.1947965174913406,-0.1481710225343704,-0.5109047293663025,-0.1370439529418945,-0.2957294583320617,-0.6690323352813721,-0.2302097678184509,0.3484720289707184,-0.8968492150306702,-0.3064987659454345,-0.3639151751995086,-0.8849924206733704,-0.3464932739734649,0.1144493594765663,0.0025663927663117,0.0120123280212283,-0.1146774515509605,-0.0028846622444689,-0.0110682230442762,0.1404626667499542,0.3860934674739837,-0.0104353437200188,-0.1560726910829544,0.3561055362224579,-0.0754877030849456,0.1459027677774429,0.7223100662231445,0.1286631822586059,-0.1304985135793686,0.6998366713523865,0.0770311877131462
0.0110341170802712,-0.6304827332496643,-0.2852509319782257,0.1582706868648529,-0.5101611614227295,-0.1130351424217224,0.2734356522560119,-0.6930624842643738,-0.1981552690267563,-0.1488925516605377,-0.5098714232444763,-0.1422493010759353,-0.2934075891971588,-0.665087878704071,-0.2448711842298507,0.3363690376281738,-0.8994782567024231,-0.3108959496021271,-0.35544353723526,-0.8869710564613342,-0.3636111915111542,0.1143281161785125,0.0023500160314142,0.0121799623593688,-0.1145583763718605,-0.0026914116460829,-0.0112268226221203,0.1392902880907058,0.3867012560367584,-0.0214877743273973,-0.1559109985828399,0.3562765717506408,-0.082496777176857,0.1443673074245453,0.7219817638397217,0.114293061196804,-0.1303989589214325,0.6989942193031311,0.0649567171931266
0.0059153456240892,-0.6313642263412476,-0.2887109518051147,0.155517578125,-0.510417103767395,-0.1152385398745536,0.2706376612186432,-0.7024098634719849,-0.1937087923288345,-0.1489188820123672,-0.5097730159759521,-0.142836108803749,-0.2928614616394043,-0.6713517308235168,-0.2452676743268966,0.3372766375541687,-0.9154796600341796,-0.2860436737537384,-0.3558386564254761,-0.8944831490516663,-0.365388959646225,0.1140877828001976,0.0022138555068522,0.0121803963556885,-0.1143245920538902,-0.0025632265023887,-0.0112267164513468,0.1367140114307403,0.3866402804851532,-0.0211947057396173,-0.1559151113033294,0.3564434349536896,-0.0851200744509697,0.1441075056791305,0.7227557301521301,0.1127814352512359,-0.1313778460025787,0.6992771625518799,0.0614639967679977
0.0047900909557938,-0.6389015913009644,-0.2741621136665344,0.1537152975797653,-0.5137030482292175,-0.1059223264455795,0.2657354772090912,-0.7032908797264099,-0.1876715123653412,-0.1504904925823211,-0.5117037892341614,-0.1324711441993713,-0.2950277030467987,-0.6795040965080261,-0.2408963292837143,0.3339297473430633,-0.9121299386024476,-0.2882953286170959,-0.3552367389202118,-0.9000546932220459,-0.3627360165119171,0.1140079945325851,0.0020624224562197,0.0121505130082368,-0.1142442375421524,-0.0024153485428541,-0.0111932782456278,0.1293813288211822,0.3886503577232361,-0.0206369832158088,-0.1552564948797226,0.3598203063011169,-0.0821273699402809,0.1439386904239654,0.7266861796379089,0.1091374233365058,-0.1313057094812393,0.7052662372589111,0.0607445277273654
0.0048821629025042,-0.6381146907806396,-0.2773575186729431,0.15325827896595,-0.5134487152099609,-0.1074387207627296,0.2647970020771026,-0.703417181968689,-0.1847491860389709,-0.1499025076627731,-0.512700080871582,-0.1337752491235733,-0.2926154434680938,-0.6794675588607788,-0.2439320236444473,0.3341989815235138,-0.9135250449180604,-0.2816795110702514,-0.3473154306411743,-0.8986876606941223,-0.3723148703575134,0.1137183457612991,0.0019993912428617,0.0121612809598445,-0.1139574721455574,-0.002362047554925,-0.0112011972814798,0.1260073035955429,0.3942429721355438,0.0014708701055496,-0.1498585641384124,0.3632237613201141,-0.066835694015026,0.1462971419095993,0.7307357788085938,0.1346146613359451,-0.1290140897035598,0.7100042700767517,0.0797072127461433
0.0048866411671042,-0.6360226273536682,-0.2917667031288147,0.1498378068208694,-0.5132368803024292,-0.1138873249292373,0.2592403292655945,-0.706941545009613,-0.1856231838464737,-0.1503509879112243,-0.5119696855545044,-0.1471168398857116,-0.292857676744461,-0.6770115494728088,-0.2629069089889526,0.3322517573833465,-0.922969400882721,-0.2791950106620788,-0.3451387584209442,-0.8974235653877258,-0.3985328078269958,0.1136053651571273,0.001838935771957,0.012414856813848,-0.1138467714190483,-0.0022243682760745,-0.011428159661591,0.1196970343589782,0.3976272940635681,0.011503922753036,-0.1472014188766479,0.3643693625926971,-0.0640559792518615,0.1435928642749786,0.7316743731498718,0.1451787501573562,-0.1290222853422165,0.710660994052887,0.0836915001273155
0.0050283288583159,-0.6320294737815857,-0.2928215861320495,0.1520448625087738,-0.5130520462989807,-0.1162280887365341,0.2608276605606079,-0.7063098549842834,-0.1833737343549728,-0.1472360640764236,-0.511766791343689,-0.1465509533882141,-0.2902748584747314,-0.6765471696853638,-0.2574943900108337,0.3320865631103515,-0.9217979311943054,-0.2680903077125549,-0.3327081203460693,-0.8966565728187561,-0.389283537864685,0.1133319586515426,0.001714005251415,0.0123097747564315,-0.1135771796107292,-0.0021164345089346,-0.0113113047555089,0.1201415657997131,0.3988209068775177,0.0191370137035846,-0.1339776515960693,0.3671574592590332,-0.0426821336150169,0.1482909917831421,0.7339490652084351,0.1475052386522293,-0.1237130388617515,0.7130649089813232,0.1006235256791114
0.0044029611162841,-0.6296969652175903,-0.2926201820373535,0.152048259973526,-0.5129199624061584,-0.1164313331246376,0.2612937390804291,-0.7050295472145081,-0.1837678700685501,-0.1477917730808258,-0.5116143822669983,-0.1465393751859665,-0.2872061133384704,-0.6681432723999023,-0.2626314163208008,0.3329891562461853,-0.9213817119598388,-0.269447922706604,-0.3272925317287445,-0.8909653425216675,-0.404055505990982,0.1132672503590583,0.0016887234523892,0.0123463189229369,-0.1135085746645927,-0.0020975712686777,-0.0113419024273753,0.1139010116457939,0.4015654623508453,0.0191576015204191,-0.1310888230800628,0.3680169582366943,-0.0391888320446014,0.1447795629501342,0.7346400022506714,0.1485441029071808,-0.1225955337285995,0.71322101354599,0.1043300256133079
0.0049915118142962,-0.6300504207611084,-0.2926121354103088,0.1517256051301956,-0.5128563046455383,-0.1160052344202995,0.2619433403015136,-0.7056332230567932,-0.1794918924570083,-0.1484355479478836,-0.5115007162094116,-0.1520071476697921,-0.2845903635025024,-0.6646549105644226,-0.2770363986492157,0.3329614698886871,-0.9208881855010986,-0.2640924751758575,-0.3244694173336029,-0.8862643837928772,-0.4177792072296142,0.1132094413042068,0.0016297372058033,0.0133701413869857,-0.1134492829442024,-0.0020460973028093,-0.0123260645195841,0.1145784705877304,0.4023588597774505,0.0217530280351638,-0.1304710358381271,0.3691902458667755,-0.0371363312005996,0.1445868462324142,0.7368720173835754,0.155079960823059,-0.1226541996002197,0.7130529284477234,0.1066910028457641
0.0077081220224499,-0.6300995349884033,-0.2925995886325836,0.1517333835363388,-0.5128858685493469,-0.1151749119162559,0.2615622282028198,-0.7054620385169983,-0.1729656904935836,-0.1483641117811203,-0.5114232897758484,-0.1543073803186416,-0.281199038028717,-0.6633670926094055,-0.2761644721031189,0.3325155973434448,-0.9205101132392884,-0.2550964653491974,-0.3215343356132507,-0.8849767446517944,-0.4135039448738098,0.1130982637405395,0.0015903374878689,0.0139634646475315,-0.1133432388305664,-0.0020143154542893,-0.0128974169492721,0.1130697280168533,0.4047236144542694,0.0242126379162073,-0.1264014393091201,0.3708658218383789,-0.0324339196085929,0.1434258371591568,0.7392094731330872,0.1573148220777511,-0.1225984916090965,0.7133284211158752,0.1095421612262725
0.0079808393493294,-0.6386311054229736,-0.2530771195888519,0.1527789533138275,-0.5203905701637268,-0.0757865086197853,0.2617886662483215,-0.7070307731628418,-0.1187320202589035,-0.1484690904617309,-0.5151550769805908,-0.1156488731503486,-0.2803948223590851,-0.6691052913665771,-0.2139204293489456,0.3325648009777069,-0.9180771708488464,-0.1945746541023254,-0.3170987665653229,-0.8901495337486267,-0.3281839787960052,0.1129740476608276,0.0014377394691109,0.0139945689588785,-0.1132032498717308,-0.0018802066333591,-0.012921068817377,0.113182708621025,0.4049718976020813,0.0293815787881612,-0.121037483215332,0.3760013580322265,-0.0098115233704447,0.1469984948635101,0.7390740513801575,0.1604318022727966,-0.1224511489272117,0.7168729901313782,0.12517711520195
0.0100240828469395,-0.640876054763794,-0.2462845891714096,0.1540149748325348,-0.5237694978713989,-0.0659330859780311,0.2619295716285705,-0.7110428214073181,-0.1023899316787719,-0.1465827375650406,-0.5177227854728699,-0.1081132590770721,-0.2756523191928863,-0.6696447134017944,-0.2090387791395187,0.3326135277748108,-0.921345591545105,-0.1728714555501938,-0.3070539832115173,-0.8908517956733704,-0.3265936374664306,0.1126221790909767,0.0014061070978641,0.0142747042700648,-0.1128276363015174,-0.0018551340326666,-0.0131924571469426,0.1134312972426414,0.4055633246898651,0.0369624383747577,-0.113917775452137,0.3779054582118988,-0.0042674243450164,0.1501773297786712,0.7394008636474609,0.1629662215709686,-0.117641881108284,0.7209206819534302,0.1275088042020797
0.0099540082737803,-0.6440929174423218,-0.2436977624893188,0.1538740396499633,-0.525944173336029,-0.0637208223342895,0.2617086768150329,-0.7149658799171448,-0.1027141883969307,-0.1465903222560882,-0.5190102458000183,-0.1079083979129791,-0.2748155891895294,-0.6714503765106201,-0.2121130377054214,0.3336323499679565,-0.9225354194641112,-0.1759930104017257,-0.3050061762332916,-0.8918034434318542,-0.3306443691253662,0.1122798696160316,0.0013814414851367,0.0147107411175966,-0.1124654486775398,-0.0018361505353823,-0.0136093040928244,0.1100474223494529,0.406726211309433,0.03988953307271,-0.1116391867399215,0.3794438242912292,-0.0039637703448534,0.1496742665767669,0.7403966188430786,0.1624602973461151,-0.1137310191988945,0.7245749831199646,0.1253837496042251
0.0100486455485224,-0.6439872980117798,-0.2505175173282623,0.153699904680252,-0.5257181525230408,-0.0680368542671203,0.2600229382514953,-0.7146602272987366,-0.1047720685601234,-0.1460935622453689,-0.5177536606788635,-0.1156909465789794,-0.2719204723834991,-0.6708317399024963,-0.2248085886240005,0.3334087431430816,-0.9218157529830932,-0.1807319819927215,-0.3037810325622558,-0.891848087310791,-0.3406083583831787,0.1121275871992111,0.0012378030223771,0.015129710547626,-0.1123063489794731,-0.0017013406613841,-0.0140178250148892,0.1096239015460014,0.4074349105358124,0.0390457585453987,-0.1104897558689117,0.381723403930664,-0.0059268483892083,0.1495400369167328,0.7412081360816956,0.1613588482141494,-0.1113894581794738,0.7286954522132874,0.1247087493538856
0.0095157288014888,-0.6439810395240784,-0.2611040472984314,0.1536600291728973,-0.5247350931167603,-0.0841205269098281,0.2597242891788482,-0.7144364714622498,-0.1285819560289383,-0.1452866047620773,-0.517559826374054,-0.1221552640199661,-0.2699003517627716,-0.6716852188110352,-0.2298929542303085,0.3332887887954712,-0.923355758190155,-0.2051005363464355,-0.300289124250412,-0.8938726186752319,-0.3460592031478882,0.1119971126317977,0.0011586396722123,0.0149923618882894,-0.1121833100914955,-0.0016282725846394,-0.0138850742951035,0.1093691512942314,0.4075514078140259,0.0385005809366703,-0.1082192286849021,0.3827683627605438,-0.0059741674922406,0.1494814157485962,0.7421820163726807,0.161137655377388,-0.1102063283324241,0.7325723171234131,0.1238863319158554
0.0074589964933693,-0.6438984274864197,-0.2725050151348114,0.1530533283948898,-0.5227968692779541,-0.0985680744051933,0.258066713809967,-0.7120285630226135,-0.1487252116203308,-0.1451663374900818,-0.5169452428817749,-0.1303861737251281,-0.2700287997722626,-0.6744491457939148,-0.2332613468170166,0.3306076228618622,-0.9222949147224426,-0.2283784002065658,-0.3004936575889587,-0.8987964391708374,-0.3471142649650574,0.1118607446551323,0.0010946247493848,0.0145326945930719,-0.1120547205209732,-0.0015700962394475,-0.0134206600487232,0.1088901683688163,0.4075531363487243,0.0374008156359195,-0.1084242612123489,0.383023053407669,-0.0049143880605697,0.1495086103677749,0.7425501346588135,0.1570547372102737,-0.1100534424185752,0.7330629825592041,0.1236551478505134
0.0084463478997349,-0.6438561081886292,-0.2722270488739013,0.1541767418384552,-0.5226680040359497,-0.0981848016381263,0.2590485215187073,-0.7118911743164062,-0.1476643085479736,-0.1433500498533249,-0.5167009830474854,-0.1299210041761398,-0.2683377265930176,-0.674380362033844,-0.2327560633420944,0.3322214484214782,-0.9221999049186708,-0.2249035090208053,-0.2987797260284424,-0.8993675708770752,-0.3474916219711303,0.1118011772632598,0.0010631154291331,0.0145159065723419,-0.111995592713356,-0.0015420885756611,-0.0134026696905493,0.1085982471704483,0.4077557623386383,0.0370912961661815,-0.1083580031991005,0.383328378200531,-0.0053280903957784,0.1494863927364349,0.7428067922592163,0.1565290093421936,-0.1096673980355262,0.7336776852607727,0.1232995465397834
0.0079791927710175,-0.6435626745223999,-0.2740151286125183,0.1536100506782531,-0.5225513577461243,-0.1006318926811218,0.2587034702301025,-0.7117995023727417,-0.1547878086566925,-0.1434054970741272,-0.5166613459587097,-0.1317129582166671,-0.2685146331787109,-0.6764295101165771,-0.2367088943719864,0.3321180045604706,-0.9213948249816896,-0.2361188232898712,-0.2981764078140259,-0.9001808166503906,-0.3529894649982452,0.1115281581878662,0.001044915174134,0.0144188189879059,-0.1117184683680534,-0.001526937354356,-0.0133066922426223,0.1083787679672241,0.4077350199222564,0.0367288775742054,-0.1086413189768791,0.3832260370254516,-0.0052925599738955,0.1493032574653625,0.7442811131477356,0.1486007571220398,-0.1111537590622901,0.7336307168006897,0.1218647137284278
0.0106972614303231,-0.6392404437065125,-0.2739045917987823,0.1551726013422012,-0.5216504335403442,-0.0981323793530464,0.2601288855075836,-0.7065238356590271,-0.1368220150470733,-0.1411446779966354,-0.5165679454803467,-0.1270264238119125,-0.26991868019104,-0.6762425303459167,-0.2130756676197052,0.3338639438152313,-0.9174950122833252,-0.209439605474472,-0.2949559688568115,-0.9007418155670166,-0.3194249868392944,0.1114685460925102,0.0010594447376206,0.0134263709187507,-0.1116542592644691,-0.0015562408370897,-0.0123197371140122,0.1076598837971687,0.4079537987709045,0.03705745190382,-0.1066188439726829,0.3841064870357513,0.0039574322290718,0.1493006199598312,0.744317889213562,0.1492751389741897,-0.1068212166428566,0.7337266206741333,0.1313152462244033
0.0104164415970444,-0.6353232264518738,-0.2937317490577698,0.1541536301374435,-0.5147483944892883,-0.1186017021536827,0.2590000033378601,-0.7003079056739807,-0.174752727150917,-0.1413522213697433,-0.5136651396751404,-0.1438814252614975,-0.2718084752559662,-0.6702771782875061,-0.2410000115633011,0.3332457840442657,-0.913657546043396,-0.2624038755893707,-0.2955033183097839,-0.8945773839950562,-0.3610566556453705,0.1114074662327766,0.0010673977667465,0.0128849456086754,-0.1115928962826728,-0.0015685708494856,-0.0117753436788916,0.1058801487088203,0.4089390933513641,0.0330558978021144,-0.1083095222711563,0.3841241896152496,0.0032693073153495,0.1492597162723541,0.7452308535575867,0.146182432770729,-0.1073674038052558,0.733138382434845,0.1308432817459106
0.0106208231300115,-0.6337236762046814,-0.2939848005771637,0.1541396230459213,-0.5119761228561401,-0.1186059415340423,0.2590190172195434,-0.6913560032844543,-0.1736867576837539,-0.1417454928159713,-0.5126385688781738,-0.1456969976425171,-0.2704862654209137,-0.6694108247756958,-0.2442038804292678,0.3345716595649719,-0.902151107788086,-0.2589810788631439,-0.2912107706069946,-0.8941470384597778,-0.3621440529823303,0.1113556176424026,0.0009577469318173,0.0127740912139415,-0.1115398034453392,-0.0014655893901363,-0.0116667626425623,0.1059741973876953,0.4089830219745636,0.032968521118164,-0.1080820187926292,0.3843697905540466,0.0042236451990902,0.1508931815624237,0.7448455095291138,0.148046538233757,-0.1067851111292839,0.732236921787262,0.1352861225605011
0.0119989961385726,-0.6364449858665466,-0.2928187549114227,0.1551355123519897,-0.5114760398864746,-0.1171845272183418,0.2617368400096893,-0.6908090710639954,-0.1714930534362793,-0.1411250084638595,-0.5128151178359985,-0.1441460698843002,-0.2697124779224396,-0.6687666773796082,-0.233536958694458,0.3353681862354278,-0.9019150137901306,-0.2551236450672149,-0.2899330854415893,-0.8937227725982666,-0.342932641506195,0.1113084107637405,0.0009496273705735,0.0121807912364602,-0.1114923581480979,-0.0014612742234021,-0.011060781776905,0.110405296087265,0.4087039530277252,0.0301491431891918,-0.1072254404425621,0.3844363093376159,0.005150438286364,0.1521773785352707,0.7445341944694519,0.1471258103847503,-0.1046618148684501,0.7321863770484924,0.1354445964097976
0.0107318591326475,-0.6365353465080261,-0.3001274466514587,0.1549008041620254,-0.5078170895576477,-0.1267230361700058,0.2617305815219879,-0.686712384223938,-0.1920475959777832,-0.1413742750883102,-0.5118405818939209,-0.1523600071668625,-0.2685551643371582,-0.6648440957069397,-0.2537194788455963,0.3352925479412079,-0.8974142074584961,-0.2871891856193542,-0.2901036441326141,-0.8853284120559692,-0.3787518441677093,0.11126209795475,0.0009885452454909,0.0117221809923648,-0.1114456355571746,-0.0015020886203274,-0.0106066670268774,0.1103309392929077,0.4087390601634979,0.0269219912588596,-0.107291541993618,0.3845140039920807,0.0049883755855262,0.152196392416954,0.745511531829834,0.143727645277977,-0.1047326996922493,0.7321829199790955,0.1351517438888549
0.0109281232580542,-0.6392890214920044,-0.2952261567115783,0.1548894196748733,-0.5079238414764404,-0.1194001957774162,0.2617593109607696,-0.6870852708816528,-0.1711117625236511,-0.1414004862308502,-0.5118392109870911,-0.1512601524591446,-0.267630785703659,-0.663569450378418,-0.2540689408779144,0.3375548720359802,-0.8979366421699524,-0.2543546855449676,-0.2900401055812835,-0.8830525875091553,-0.3764924705028534,0.1112243011593818,0.0009710656595416,0.0124135883525013,-0.1114079430699348,-0.001487279892899,-0.0112972687929868,0.1106600016355514,0.4086365699768066,0.0289428643882274,-0.1069029420614242,0.3844205737113952,0.0046059405431151,0.1523535996675491,0.7430557012557983,0.1528049856424331,-0.1024185419082641,0.7305876612663269,0.1360678523778915
0.0118180140852928,-0.6426268219947815,-0.2841326594352722,0.1554704308509826,-0.5100953578948975,-0.1033843383193016,0.2650544047355652,-0.6891917586326599,-0.1428747326135635,-0.1414107978343963,-0.5144468545913696,-0.1419160366058349,-0.2677685022354126,-0.6651139259338379,-0.238840252161026,0.3387393951416015,-0.8981861472129822,-0.2227218300104141,-0.286479651927948,-0.8833300471305847,-0.3544603884220123,0.111191377043724,0.0010207322193309,0.0122930938377976,-0.1113749742507934,-0.0015438935952261,-0.0111804259940981,0.1110244691371917,0.4086011350154876,0.028971767053008,-0.1069001108407974,0.3848647177219391,0.0059662368148565,0.1531167179346084,0.7441437840461731,0.149995282292366,-0.1024421229958534,0.7311678528785706,0.1359611898660659
0.0129185412079095,-0.644812285900116,-0.284105896949768,0.1557344794273376,-0.5103968977928162,-0.1031784415245056,0.2652566432952881,-0.6892916560173035,-0.1431466788053512,-0.1413287967443466,-0.5149322152137756,-0.1421292126178741,-0.2686738967895508,-0.6652770042419434,-0.2382531762123108,0.3392600119113922,-0.8984087109565735,-0.2247464507818222,-0.2861908078193664,-0.8835316896438599,-0.3502726852893829,0.1111665889620781,0.0010474513983353,0.0122686559334397,-0.11135233938694,-0.001574257039465,-0.0111560886725783,0.1111384034156799,0.4086914658546448,0.0292918756604194,-0.1069069132208824,0.3853418231010437,0.0061073838733136,0.155048593878746,0.7441622018814087,0.1504554599523544,-0.1026612520217895,0.7317243814468384,0.1364762485027313
0.0041010659188032,-0.6509885191917419,-0.2791010439395904,0.1506877392530441,-0.5151879191398621,-0.1010130494832992,0.262839525938034,-0.6953102946281433,-0.1452715694904327,-0.1499435156583786,-0.5144861936569214,-0.1412439495325088,-0.2861689627170563,-0.6803361177444458,-0.2381457835435867,0.3393211364746094,-0.894168496131897,-0.2268538475036621,-0.3154037296772003,-0.897373378276825,-0.3486949503421783,0.1107945218682289,0.0005716906161978,0.0139206536114215,-0.1110078915953636,-0.0011564824962988,-0.0127889523282647,0.1111157089471817,0.40887451171875,0.034874640405178,-0.1091223955154419,0.3864862024784088,0.0012927406933158,0.148268312215805,0.7447679042816162,0.1576829850673675,-0.1008012518286705,0.7310670614242554,0.1327465921640396
0.0051595470868051,-0.6509250998497009,-0.2805512249469757,0.1511427909135818,-0.5146406292915344,-0.1012259870767593,0.2630034387111664,-0.6935334205627441,-0.1455335170030594,-0.1490972489118576,-0.5143263936042786,-0.1450933367013931,-0.2831369042396545,-0.6795412302017212,-0.2472928613424301,0.3396442234516144,-0.89288330078125,-0.2279554158449173,-0.3152749240398407,-0.8957732915878296,-0.3620404303073883,0.1108116880059242,0.0005594253307208,0.0143571132794022,-0.1110259369015693,-0.0011440326925367,-0.0132255172356963,0.1109564676880836,0.4089362025260925,0.0352786630392074,-0.1090220361948013,0.3865040838718414,0.0004373172996565,0.1481166630983352,0.74464350938797,0.1594707369804382,-0.1013805940747261,0.7311678528785706,0.1328546106815338
