head_x,head_y,head_z,left_shoulder_x,left_shoulder_y,left_shoulder_z,left_elbow_x,left_elbow_y,left_elbow_z,right_shoulder_x,right_shoulder_y,right_shoulder_z,right_elbow_x,right_elbow_y,right_elbow_z,left_hand_x,left_hand_y,left_hand_z,right_hand_x,right_hand_y,right_hand_z,left_hip_x,left_hip_y,left_hip_z,right_hip_x,right_hip_y,right_hip_z,left_knee_x,left_knee_y,left_knee_z,right_knee_x,right_knee_y,right_knee_z,left_foot_x,left_foot_y,left_foot_z,right_foot_x,right_foot_y,right_foot_z
0.0024479331914335,-0.6134558320045471,-0.2802371680736542,0.1442965865135193,-0.4944780170917511,-0.1214994117617607,0.2193212658166885,-0.69441157579422,-0.1971726715564727,-0.1482085883617401,-0.4852628111839294,-0.12148417532444,-0.2727668583393097,-0.650291919708252,-0.2378082871437072,0.2667905390262604,-0.9245346784591676,-0.2720162868499756,-0.2739035785198211,-0.889378547668457,-0.350337266921997,0.1089429929852485,-0.0008299945620819,0.0039357668720185,-0.1091654598712921,0.0003399533161427,-0.0029224706813693,0.1222232654690742,0.4160403609275818,-0.0150630166754126,-0.1330568045377731,0.3914519548416137,-0.0042867809534072,0.1600876301527023,0.7671090960502625,0.0791015475988388,-0.1174336075782775,0.7560248970985413,0.0874522924423217
0.0034306962043046,-0.6141419410705566,-0.2823463976383209,0.1442560702562332,-0.4961934387683868,-0.1219471171498298,0.218838021159172,-0.7015743851661682,-0.1987619996070861,-0.1482342779636383,-0.4853955805301666,-0.1275641173124313,-0.2725841701030731,-0.6502327919006348,-0.2466002851724624,0.2644345760345459,-0.9330394268035888,-0.2705905735492706,-0.2730610966682434,-0.8892784118652344,-0.3616377711296081,0.1089555844664573,-0.000911018170882,0.0045813298784196,-0.1091743037104606,0.0004193396598566,-0.0035554121714085,0.1222152039408683,0.4165153205394745,-0.0121913561597466,-0.1329796612262725,0.3914628326892853,-0.0043262159451842,0.1601555049419403,0.7681828141212463,0.0836635753512382,-0.1183185800909996,0.7555738687515259,0.088433913886547
0.0040859417058527,-0.6142000555992126,-0.2816378474235534,0.1460402458906173,-0.4963550865650177,-0.1225540786981582,0.2189982533454895,-0.7023447155952454,-0.1989741921424865,-0.1462738215923309,-0.4854194819927215,-0.1268215924501419,-0.2673300504684448,-0.6479883790016174,-0.2468596547842025,0.2641310691833496,-0.9362194538116456,-0.2681871652603149,-0.2698073387145996,-0.8851864337921143,-0.3687009215354919,0.1089924275875091,-0.0009268630528822,0.0042498712427914,-0.1092065721750259,0.0004346086061559,-0.0032243044115602,0.1223676949739456,0.4170418381690979,-0.0109655316919088,-0.1330228745937347,0.3913703262805938,-0.0023064604029059,0.1611147373914718,0.7674572467803955,0.0863586738705635,-0.1170278266072273,0.7540861964225769,0.094814546406269
0.0052385735325515,-0.6189762353897095,-0.281610369682312,0.1457308083772659,-0.5004487037658691,-0.1223153248429298,0.2183232456445694,-0.7099069356918335,-0.1942234188318252,-0.1471888720989227,-0.4871016442775726,-0.1271809786558151,-0.2718815207481384,-0.6499372720718384,-0.2457332164049148,0.2615576684474945,-0.9425376653671264,-0.2592930793762207,-0.2708070278167724,-0.8858097791671753,-0.3595806062221527,0.1090150699019432,-0.0009340504766441,0.0042378320358693,-0.109225295484066,0.0004413497808855,-0.0032118067611008,0.1210666224360466,0.4168191254138946,-0.0097561003640294,-0.1334645301103592,0.3912106454372406,-0.0014201900921761,0.1594887375831604,0.7671651840209961,0.0886114463210105,-0.1180957555770874,0.7524906396865845,0.0963670760393142
0.0055900812149047,-0.6193341612815857,-0.2580956518650055,0.1467693895101547,-0.5024372339248657,-0.1075367182493209,0.2166288197040558,-0.7089942097663879,-0.1856177151203155,-0.1463285386562347,-0.4875130653381347,-0.1008571311831474,-0.2722415924072265,-0.6493686437606812,-0.2218583524227142,0.2568562626838684,-0.9404687881469728,-0.2550893723964691,-0.270830899477005,-0.8846409916877747,-0.3430596590042114,0.1090681031346321,-0.0009603974758647,0.0031079398468136,-0.1092762276530265,0.000468771380838,-0.0020934224594384,0.1207329481840133,0.4168681800365448,-0.0111750774085521,-0.1347542852163314,0.3912564218044281,-0.0013446845114231,0.1590793430805206,0.7646077871322632,0.088476613163948,-0.1181576326489448,0.752569317817688,0.0963401943445205
0.0031327393371611,-0.6192367076873779,-0.2495176792144775,0.1463199853897094,-0.5043054819107056,-0.1001086384057998,0.2147228717803955,-0.7044460773468018,-0.1819464564323425,-0.1483639031648636,-0.4881401360034942,-0.0905409008264541,-0.2807178199291229,-0.6498628854751587,-0.1965610533952713,0.2532472908496856,-0.9288659691810608,-0.2553618848323822,-0.2831851541996002,-0.8872087001800537,-0.3036445081233978,0.1091460138559341,-0.0009713523322716,0.0023941602557897,-0.1093475371599197,0.0004806755750905,-0.0013731288490816,0.1190238371491432,0.4168072938919067,-0.0152073316276073,-0.1384294629096985,0.3911131918430328,-0.0022036829032003,0.1533197462558746,0.7645514011383057,0.0808004960417747,-0.1219391971826553,0.7527296543121338,0.0886478871107101
0.0036882429849356,-0.6242205500602722,-0.2459072470664978,0.1464166939258575,-0.5072328448295593,-0.0930246487259864,0.213294968008995,-0.7041529417037964,-0.1699340790510177,-0.1479598879814148,-0.4904378354549408,-0.0900748670101165,-0.2784653007984161,-0.6536785960197449,-0.2014819830656051,0.2527481615543365,-0.930465579032898,-0.240534022450447,-0.2801380157470703,-0.8874934315681458,-0.3153654932975769,0.109231561422348,-0.0010258498368784,0.0027753985486924,-0.1094051524996757,0.0005317041650414,-0.0017096369992941,0.1186413913965225,0.4177702069282532,-0.0118167242035269,-0.1410077512264251,0.3893525302410126,-0.0049710287712514,0.1524253636598587,0.7649391889572144,0.0807121992111206,-0.12513168156147,0.7502169609069824,0.0868245214223861
0.0013677459210157,-0.6244379281997681,-0.248184323310852,0.1453252434730529,-0.5072644352912903,-0.0951152667403221,0.213103637099266,-0.7047058343887329,-0.172231063246727,-0.1503883898258209,-0.49068683385849,-0.0933933034539222,-0.2791385352611542,-0.6546433568000793,-0.2055345773696899,0.2524071335792541,-0.9309797883033752,-0.2423011511564254,-0.2809497416019439,-0.8881558775901794,-0.3182077705860138,0.1092619746923446,-0.0011032011825591,0.0027706860564649,-0.1094360053539276,0.0006079893209971,-0.0017066417494788,0.1186441779136657,0.4171784222126007,-0.0098408740013837,-0.1409388482570648,0.3889102637767792,-0.0044781346805393,0.1526267528533935,0.7647342085838318,0.0868383646011352,-0.1250910758972168,0.748515784740448,0.091621033847332
0.0008778515621088,-0.6218475699424744,-0.2539086937904358,0.1453067362308502,-0.5048829317092896,-0.1009862273931503,0.2133280783891677,-0.7009493112564087,-0.1757954657077789,-0.1495411247014999,-0.4877103269100189,-0.0962005332112312,-0.278384655714035,-0.6427491903305054,-0.2130430489778518,0.2524273991584778,-0.9279425740242004,-0.2451065182685852,-0.2809057533740997,-0.8747028112411499,-0.3377463221549988,0.1092421188950538,-0.0011049788445234,0.002326623769477,-0.1094111502170562,0.0006101949256844,-0.0012654546881094,0.1181359514594078,0.417429655790329,-0.0175641626119613,-0.1410097181797027,0.3891001045703888,-0.005165556911379,0.152700588107109,0.7682532668113708,0.066683329641819,-0.1239621341228485,0.7502659559249878,0.0877688825130462
-0.0002362490777159,-0.6221089959144592,-0.2540968656539917,0.1430617421865463,-0.5045626163482666,-0.1008779108524322,0.2110110968351364,-0.6976184844970703,-0.1778333783149719,-0.152518630027771,-0.4874098002910614,-0.0971075221896171,-0.2802297472953796,-0.6447598934173584,-0.2131392508745193,0.2507366240024566,-0.9203082919120787,-0.2560522258281708,-0.2822584509849548,-0.8787190914154053,-0.3364709913730621,0.1092652231454849,-0.0012360078981146,0.0023460963275283,-0.1094347238540649,0.0007402060437016,-0.0012895942199975,0.1176323816180229,0.4175128936767578,-0.0179950669407844,-0.1410915553569793,0.3904567658901214,-0.0052266945131123,0.1470369100570678,0.7694552540779114,0.0675136968493461,-0.1257209032773971,0.7550791501998901,0.0847840830683708
0.0008181644952856,-0.6164398193359375,-0.2557747364044189,0.1435697376728058,-0.5029677748680115,-0.1002150699496269,0.2125885188579559,-0.6914012432098389,-0.1743762791156768,-0.1503776311874389,-0.4854016005992889,-0.0996435359120369,-0.2737124562263489,-0.6344422698020935,-0.2227130830287933,0.2517874836921692,-0.9120537638664246,-0.2503872811794281,-0.2768698632717132,-0.8706008195877075,-0.3524600267410278,0.1092540770769119,-0.0012514042900875,0.0025807216297835,-0.1094206869602203,0.0007550632581114,-0.0015301133971661,0.1178648695349693,0.418234646320343,-0.0223016887903213,-0.1385972201824188,0.3914200961589813,-0.0074011874385178,0.1478769183158874,0.7730101943016052,0.0542728789150714,-0.1229640245437622,0.759133517742157,0.0755215063691139
0.0006309521850198,-0.6165316700935364,-0.2628333866596222,0.1423348933458328,-0.5029006600379944,-0.1031578704714775,0.2117307037115097,-0.6915665864944458,-0.1746273785829544,-0.1510593146085739,-0.4856245517730713,-0.1050187945365905,-0.2774401605129242,-0.6391531825065613,-0.2220449298620224,0.251662939786911,-0.9140587449073792,-0.2505193054676056,-0.2798826098442077,-0.8765506744384766,-0.3440236449241638,0.109240747988224,-0.0012729607988148,0.0026472092140465,-0.10940782725811,0.0007748201023787,-0.0016024668002501,0.1147179305553436,0.4184082746505737,-0.0201108306646347,-0.1385525166988372,0.3925885260105133,-0.0068240705877542,0.1454593986272812,0.773580014705658,0.058618988841772,-0.1235419586300849,0.7609537243843079,0.0758765637874603
0.0034980336204171,-0.6162720918655396,-0.2652198672294616,0.1444645076990127,-0.5020303130149841,-0.1044623106718063,0.2133424580097198,-0.6893770694732666,-0.1769225150346756,-0.1497229784727096,-0.4845932424068451,-0.1076041311025619,-0.2774626910686493,-0.6353201866149902,-0.2262418568134308,0.2549469470977783,-0.9125574231147766,-0.2538990378379822,-0.2802715301513672,-0.8732011318206787,-0.3506224155426025,0.1092693135142326,-0.0012850242201238,0.0028049810789525,-0.109432116150856,0.0007859214092604,-0.0017627039924263,0.1150335147976875,0.4186707437038421,-0.0198684372007846,-0.1370727568864822,0.3927733898162842,-0.0061403755098581,0.146481767296791,0.776033878326416,0.0595347173511981,-0.1214298233389854,0.7608180046081543,0.0798217505216598
0.0023279599845409,-0.616455614566803,-0.2625490128993988,0.1442331671714782,-0.5026972889900208,-0.1027726009488105,0.2129916250705719,-0.6924627423286438,-0.1740557253360748,-0.1496176421642303,-0.4853253066539764,-0.1041917577385902,-0.2769100666046142,-0.6387704014778137,-0.2211509943008422,0.254562497138977,-0.918762743473053,-0.2479427754878997,-0.2798412144184112,-0.8750284910202026,-0.3446366190910339,0.1092646270990371,-0.0012940497836098,0.0028462812770158,-0.1094276010990142,0.0007937384652905,-0.0018070919904857,0.1147021576762199,0.4189490973949432,-0.0184984896332025,-0.1371971219778061,0.3931111097335815,-0.006327545735985,0.1449895054101944,0.7759606838226318,0.0610603205859661,-0.1236436814069747,0.7631252408027649,0.0781153738498687
0.002174851950258,-0.6159075498580933,-0.2661570012569427,0.1438367813825607,-0.5015138983726501,-0.1050212904810905,0.2116270065307617,-0.6910402774810791,-0.1828072965145111,-0.1501538753509521,-0.48494553565979,-0.110123835504055,-0.2768603861331939,-0.6394456624984741,-0.2280983477830886,0.2531622350215912,-0.9169933199882508,-0.2652070224285126,-0.2794190049171448,-0.8756111860275269,-0.3478277325630188,0.1092794686555862,-0.0013645142316818,0.0034643590915948,-0.1094411686062812,0.0008620222797617,-0.0024246147368103,0.1146010905504226,0.4190122187137604,-0.0182757303118705,-0.1366401314735412,0.3931906819343567,-0.0068078376352787,0.1452504098415374,0.7759224772453308,0.0617132373154163,-0.1229692548513412,0.7630475163459778,0.0778336897492408
0.0004945737309753,-0.6143732070922852,-0.2699418067932129,0.1431647688150406,-0.5001368522644043,-0.1089545637369155,0.2115866839885711,-0.6894453167915344,-0.1933974921703338,-0.1505058705806732,-0.4831647574901581,-0.1150484159588813,-0.2762375771999359,-0.6352711319923401,-0.2405692189931869,0.2531731724739074,-0.9146445393562316,-0.2797577679157257,-0.2794078290462494,-0.8705596923828125,-0.3669555783271789,0.1092942804098129,-0.0014590790960937,0.0037619064096361,-0.1094553917646408,0.0009570040274411,-0.0027282140217721,0.1152359098196029,0.4189999997615814,-0.0206734463572502,-0.1363966315984726,0.393652081489563,-0.0082967728376388,0.1453486084938049,0.7770078778266907,0.0575470961630344,-0.1217099502682685,0.7641001343727112,0.0736922323703765
-0.0008068472379818,-0.6143628358840942,-0.2734937369823456,0.1410580724477768,-0.5000934600830078,-0.1106511801481247,0.2112751603126526,-0.6895996332168579,-0.1928477436304092,-0.1525598317384719,-0.4828980267047882,-0.1188685894012451,-0.2795920968055725,-0.6353582143783569,-0.2417993992567062,0.2533319890499115,-0.9146468043327332,-0.2773040235042572,-0.2827559113502502,-0.8700922131538391,-0.3650000989437103,0.10931396484375,-0.0015732898609712,0.0041135973297059,-0.109474629163742,0.0010691258357837,-0.0030819776002317,0.1151837334036827,0.4190379083156585,-0.0206779539585113,-0.1364428699016571,0.3939787149429321,-0.0090184183791279,0.1454138606786728,0.7781373858451843,0.0571823567152023,-0.1226048246026039,0.7643895149230957,0.0726478323340416
-0.0009296557400375,-0.6113948822021484,-0.2788865566253662,0.140859916806221,-0.4987154603004455,-0.1131520420312881,0.2112854719161987,-0.6880629658699036,-0.1933612376451492,-0.1525159031152725,-0.4824463427066803,-0.1239124536514282,-0.2771230638027191,-0.6344230771064758,-0.2473280429840088,0.2533399164676666,-0.9114391207695008,-0.276934802532196,-0.2821762859821319,-0.8686720728874207,-0.3721253275871277,0.109314814209938,-0.0016066454118117,0.0042600957676768,-0.1094755232334137,0.0011008979054167,-0.003231800161302,0.1158943846821785,0.4189741611480713,-0.0215397346764802,-0.1352025866508484,0.3940853774547577,-0.0095717851072549,0.1458962261676788,0.7789558172225952,0.0538195259869098,-0.1215826943516731,0.7645581364631653,0.0709223970770835
-0.0013700898271054,-0.6092219948768616,-0.2875661849975586,0.1383527219295501,-0.4970970153808594,-0.1212740242481231,0.2100417166948318,-0.6865522861480713,-0.2008869051933288,-0.1532596796751022,-0.4810895025730133,-0.1309205889701843,-0.2789511382579803,-0.6328037977218628,-0.2508164644241333,0.2536511123180389,-0.9092602729797364,-0.2847954034805298,-0.2857194542884826,-0.8685615062713623,-0.3729575574398041,0.1092903688549995,-0.0017131883651018,0.004611896816641,-0.1094504222273826,0.0012035492109134,-0.0035772342234849,0.11619383841753,0.4192084372043609,-0.022523783147335,-0.1352523118257522,0.3950809240341186,-0.0092994403094053,0.1451781690120697,0.7791488766670227,0.0553985722362995,-0.119060531258583,0.7649025917053223,0.0716728940606117
0.0001976435887627,-0.6214284896850586,-0.2706237137317657,0.1386433690786361,-0.5044878125190735,-0.1035816743969917,0.2118626981973648,-0.6978814005851746,-0.1675989329814911,-0.1538052260875702,-0.4877438545227051,-0.1190956011414527,-0.2805459797382355,-0.6486832499504089,-0.2271345853805542,0.2571697235107422,-0.9223203063011168,-0.2368009984493255,-0.2843570113182068,-0.8843233585357666,-0.3301596045494079,0.1093380600214004,-0.0019849850796163,0.0056189871393144,-0.1094998866319656,0.0014676328282803,-0.0045758397318422,0.1212732940912246,0.4184848666191101,-0.0061174207367002,-0.1347818821668625,0.3925691246986389,-0.0091795288026332,0.1488381028175354,0.7748369574546814,0.0888968482613563,-0.117648959159851,0.753577470779419,0.0887282490730285
-0.0037903590127825,-0.6165919303894043,-0.2849630415439605,0.1353385746479034,-0.5079084634780884,-0.1174571886658668,0.2143547385931015,-0.7075599431991577,-0.1876675337553024,-0.1573505401611328,-0.4896167516708374,-0.139474019408226,-0.2803088724613189,-0.649946928024292,-0.2465775161981582,0.2605152726173401,-0.9338108897209167,-0.2577131986618042,-0.2879140377044678,-0.8927010297775269,-0.342902272939682,0.1090060546994209,-0.0025858485605567,0.0062444112263619,-0.1092045828700065,0.0020932133775204,-0.0052150161936879,0.1312800049781799,0.4100215137004852,-0.008775689639151,-0.1306436657905578,0.3889594972133636,-0.0210638586431741,0.1686177551746368,0.7607350945472717,0.0945000350475311,-0.1160749942064285,0.7480921745300293,0.077281430363655
-0.0043179397471249,-0.6167297959327698,-0.2778211832046509,0.1353386342525482,-0.5089894533157349,-0.1133276298642158,0.2152700573205948,-0.7079781293869019,-0.1859253942966461,-0.1571976542472839,-0.490365207195282,-0.1318830996751785,-0.2802841663360595,-0.6515330672264099,-0.2395605444908142,0.2615817785263061,-0.9334834814071656,-0.2579360902309418,-0.287654846906662,-0.8943416476249695,-0.3365289270877838,0.1088737845420837,-0.0025634404737502,0.0062648532912135,-0.109076589345932,0.0020771776326,-0.0052361520938575,0.1320724934339523,0.4089993238449096,-0.0113938385620713,-0.131467804312706,0.3883119821548462,-0.0216124765574932,0.1698145866394043,0.7607825994491577,0.0885554924607276,-0.1172022596001625,0.7479007840156555,0.0752517729997634
-0.00481783086434,-0.6163133978843689,-0.2799131870269775,0.1353300064802169,-0.5089278221130371,-0.1154794692993164,0.217086374759674,-0.707872211933136,-0.1876717805862426,-0.1572585701942443,-0.4897634983062744,-0.1332473754882812,-0.2809959053993225,-0.6513054966926575,-0.2395404875278473,0.2629776000976562,-0.9343211650848388,-0.2604684829711914,-0.2888456881046295,-0.8950933814048767,-0.3368918001651764,0.1088554561138153,-0.0026195275131613,0.0066366824321448,-0.1090599671006202,0.002135019050911,-0.0056073716841638,0.1324350535869598,0.4089744985103607,-0.011577452532947,-0.1355452984571457,0.3874063789844513,-0.0227221846580505,0.1670521646738052,0.7620630264282227,0.087865374982357,-0.1238773688673973,0.7475190162658691,0.0744874998927116
-0.0050049512647092,-0.6149694919586182,-0.2797839939594269,0.1352802813053131,-0.5086097121238708,-0.115724541246891,0.2171144485473632,-0.7076892852783203,-0.1931960582733154,-0.1569497734308242,-0.4897150993347168,-0.1328637152910232,-0.2812384068965912,-0.6516970992088318,-0.2386375218629837,0.2632518708705902,-0.9341670274734496,-0.2724429368972778,-0.290111780166626,-0.8952440023422241,-0.3345667719841003,0.1086741089820861,-0.0026096832007169,0.0068457615561783,-0.1088866367936134,0.0021307331044226,-0.0058230892755091,0.1376967281103134,0.4058557152748108,-0.0163435768336057,-0.1378028690814972,0.3851617574691772,-0.0310657825320959,0.1671217232942581,0.7613272070884705,0.0809890776872634,-0.12432262301445,0.7462512254714966,0.066097155213356
-0.0055852979421615,-0.6118823885917664,-0.2797839939594269,0.1351510435342788,-0.5091808438301086,-0.1148099154233932,0.2191340327262878,-0.7106173634529114,-0.1836676597595214,-0.1571996062994003,-0.4898498058319092,-0.1327774375677108,-0.2833136618137359,-0.6519173383712769,-0.236750841140747,0.2661221027374267,-0.9391438961029052,-0.2551344335079193,-0.29019495844841,-0.8952072858810425,-0.3329443335533142,0.1086500659584999,-0.0026611003559082,0.0071750744245946,-0.1088640987873077,0.0021845158189535,-0.0061495951376855,0.1384545117616653,0.4056403636932373,-0.0163395348936319,-0.1389492750167846,0.3843925297260284,-0.0328311957418918,0.1673174202442169,0.7604701519012451,0.0804768949747085,-0.12498639523983,0.7461351752281189,0.0644606724381446
-0.0026199740823358,-0.6120678186416626,-0.281548261642456,0.1387503743171692,-0.5063756108283997,-0.1197203919291496,0.2260560095310211,-0.7045212984085083,-0.1956511586904525,-0.1511240601539611,-0.4901652038097381,-0.1327159404754638,-0.2743458151817322,-0.6519877910614014,-0.2371731996536255,0.2708468437194824,-0.9335052967071532,-0.2703066766262054,-0.2850821316242218,-0.895057737827301,-0.337080717086792,0.1084401085972786,-0.0026699199806898,0.006789559032768,-0.1086615920066833,0.0021957885473966,-0.0057838545180857,0.1480549722909927,0.4001872837543487,-0.0202181208878755,-0.1386892646551132,0.3828393518924713,-0.0324701070785522,0.1745026111602783,0.7532553672790527,0.0780597999691963,-0.1181139647960662,0.7429147362709045,0.0651127696037292
-0.0037971483543515,-0.6120899319648743,-0.2832613587379455,0.1375064253807068,-0.5065453052520752,-0.1203449890017509,0.2258616834878921,-0.7055452466011047,-0.1959261000156402,-0.1525808274745941,-0.4898095726966858,-0.1350935995578766,-0.2818662822246551,-0.6513002514839172,-0.2385182231664657,0.2725055813789367,-0.9338750839233398,-0.2729465961456299,-0.2933150231838226,-0.894076406955719,-0.3374689519405365,0.1082941517233848,-0.0026334610302001,0.0075531746260821,-0.108516938984394,0.0021678700577467,-0.0065452493727207,0.1474140882492065,0.3983470499515533,-0.0205768104642629,-0.1394262164831161,0.3827295899391174,-0.0336251929402351,0.1692533046007156,0.752275824546814,0.0765068084001541,-0.1231025457382202,0.7429906129837036,0.061037003993988
-0.0003955028078053,-0.609969973564148,-0.2955780625343323,0.1388504654169082,-0.5056834816932678,-0.1267928481101989,0.229805126786232,-0.7055742740631104,-0.1967097818851471,-0.1512426137924194,-0.4897879660129547,-0.1460262537002563,-0.2816246151924133,-0.6510898470878601,-0.2490014284849167,0.2807550132274627,-0.93392813205719,-0.2727989852428436,-0.2911767363548279,-0.8931590914726257,-0.3463228642940521,0.1081523895263671,-0.0025788096245378,0.0080886259675025,-0.108388178050518,0.0021164906211197,-0.0070880418643355,0.1551437973976135,0.3975071310997009,-0.0180020313709974,-0.1360343694686889,0.382044106721878,-0.0334140583872795,0.1733081638813018,0.750217616558075,0.0812391266226768,-0.1185630932450294,0.7416358590126038,0.0642677396535873
-0.0063761095516383,-0.6105011701583862,-0.2878627181053161,0.1362199336290359,-0.507908046245575,-0.1214682161808013,0.229640856385231,-0.708469808101654,-0.1914231479167938,-0.1560337245464325,-0.4909082949161529,-0.1395699828863144,-0.2886619865894317,-0.6543273329734802,-0.2352973818778991,0.2821687161922455,-0.9366639256477356,-0.2684665322303772,-0.2990442216396332,-0.8961908221244812,-0.3235552906990051,0.1081146150827407,-0.0026397209148854,0.0082771638408303,-0.1083522215485572,0.0021899584680795,-0.0072810603305697,0.1543037593364715,0.3929945528507232,-0.0325879491865634,-0.1392575949430465,0.3811856508255005,-0.0420882105827331,0.1724786609411239,0.7471060156822205,0.0694324970245361,-0.1215707287192344,0.7404332756996155,0.056601133197546
-0.0060954336076974,-0.6107500195503235,-0.3040815889835357,0.1360794007778167,-0.5084810853004456,-0.1314325332641601,0.2295486181974411,-0.7151862382888794,-0.1985180974006652,-0.1560245156288147,-0.4902065694332123,-0.1650031208992004,-0.2825174927711487,-0.6542672514915466,-0.2733596563339233,0.2818119823932647,-0.9432104229927064,-0.2714185714721679,-0.2970985770225525,-0.8963568806648254,-0.3620530366897583,0.1080726757645607,-0.002688308712095,0.0100963413715362,-0.1083196997642517,0.0022458669263869,-0.0091374441981315,0.1559342443943023,0.3909821212291717,-0.0276955850422382,-0.1392456144094467,0.3801438510417938,-0.04389338940382,0.1732631921768188,0.7452528476715088,0.08269514888525,-0.1199268400669097,0.7340604066848755,0.0576522797346115
-0.0044887303374707,-0.6205872893333435,-0.2615683078765869,0.1367781907320022,-0.5113481879234314,-0.1050741225481033,0.2293330281972885,-0.7156400084495544,-0.1828922778367996,-0.156043991446495,-0.4949868023395538,-0.1210797801613807,-0.2801800072193146,-0.6659607887268066,-0.2073168307542801,0.2814079523086548,-0.9429838061332704,-0.2599197626113891,-0.2939659655094147,-0.90546977519989,-0.2755041122436523,0.1080401986837387,-0.0026731838006526,0.010058008134365,-0.1082878485321998,0.0022368228528648,-0.0090890955179929,0.1692249625921249,0.3862470686435699,-0.027498509734869,-0.1400957256555557,0.3739543855190277,-0.0434383228421211,0.1795115172863006,0.7312086820602417,0.0935317426919937,-0.116226702928543,0.7195491194725037,0.0681025311350822
-0.0046921209432184,-0.6150760650634766,-0.2985922992229461,0.1357205063104629,-0.5070749521255493,-0.1329905241727829,0.2297335267066955,-0.7128114104270935,-0.22080759704113,-0.1560979932546615,-0.4910790920257568,-0.1532648503780365,-0.2799610197544098,-0.656800389289856,-0.2562707960605621,0.2816913425922394,-0.9420725107192992,-0.308444619178772,-0.2956155240535736,-0.8986856341362,-0.3499429821968078,0.1079300194978714,-0.0027408143505454,0.0101776011288166,-0.1081868931651115,0.0023078345693647,-0.0092088980600237,0.1678010374307632,0.3853638470172882,-0.0237004440277814,-0.1418478786945343,0.3728489875793457,-0.0459761768579483,0.1793207079172134,0.7297427654266357,0.1005158573389053,-0.1163617074489593,0.7192075252532959,0.0694280639290809
-0.0030102885793894,-0.6167011260986328,-0.3077015578746795,0.1360173523426056,-0.5071498155593872,-0.1394637823104858,0.2346021682024002,-0.7182072401046753,-0.2175087183713913,-0.1565238088369369,-0.4911593198776245,-0.1701046377420425,-0.2794497609138489,-0.6567978262901306,-0.2768731415271759,0.2907498776912689,-0.9502604007720948,-0.3021804094314575,-0.2958587110042572,-0.8984336853027344,-0.36530601978302,0.1079325303435325,-0.0028207614086568,0.0112671060487627,-0.1081984490156173,0.0023999996483325,-0.010323267430067,0.1700713634490966,0.3812718689441681,-0.0217098575085401,-0.1392432302236557,0.3719078302383423,-0.0470049828290939,0.1848310679197311,0.7263476252555847,0.1095852702856063,-0.1153974831104278,0.7136533260345459,0.0731450095772743
-0.0025606786366552,-0.6164117455482483,-0.3065177202224731,0.1362185031175613,-0.5069836974143982,-0.1389795094728469,0.2373649924993515,-0.718660831451416,-0.21458101272583,-0.1570207774639129,-0.4902684688568115,-0.1669030040502548,-0.2794727087020874,-0.6549102663993835,-0.2733764052391052,0.2947860956192016,-0.952098786830902,-0.291045218706131,-0.2980181872844696,-0.8981793522834778,-0.3618276715278625,0.1079354658722877,-0.002868179930374,0.0116532202810049,-0.1081990078091621,0.0024683326482772,-0.0107228904962539,0.1736055165529251,0.3717943131923675,-0.0664022117853164,-0.1393123418092727,0.3663622438907623,-0.0713439434766769,0.188060387969017,0.7182289958000183,0.0625894963741302,-0.1128070428967475,0.7037296295166016,0.0496899597346782
-0.0034179906360805,-0.6221849918365479,-0.296850323677063,0.1369522511959076,-0.5052063465118408,-0.137934148311615,0.2394544333219528,-0.7180677652359009,-0.2185391634702682,-0.1571273505687713,-0.490151435136795,-0.1563984304666519,-0.2813524603843689,-0.6552392840385437,-0.2597696781158447,0.2983503639698028,-0.9517529010772704,-0.2962981164455414,-0.3023307919502258,-0.8980178236961365,-0.3435759842395782,0.107920728623867,-0.0028853153344243,0.0113277323544025,-0.1081831231713295,0.0024981221649795,-0.0103842811658978,0.1765372455120086,0.363097220659256,-0.0859670042991638,-0.1392699629068374,0.3579241335391998,-0.0793603360652923,0.1929211914539337,0.7106786370277405,0.0407389551401138,-0.1106067076325416,0.6934588551521301,0.040691465139389
-0.0033756757620722,-0.6219978928565979,-0.3082363903522491,0.1369442790746688,-0.5064777135848999,-0.1458370685577392,0.2393267750740051,-0.7202099561691284,-0.2221627235412597,-0.1580389887094497,-0.4916932880878448,-0.1705038249492645,-0.2817378342151642,-0.6595881581306458,-0.2700498402118683,0.3010783791542053,-0.9550273418426514,-0.2957282066345215,-0.3076200783252716,-0.9017314314842224,-0.3518465459346771,0.1079748421907424,-0.0029190981294959,0.0114981094375252,-0.1082453578710556,0.0025398524012416,-0.010553459636867,0.1772231161594391,0.3648927211761474,-0.0490107499063015,-0.1393546760082245,0.3584245145320892,-0.0756904333829879,0.1992864608764648,0.7114654779434204,0.0955803245306015,-0.1117006912827491,0.69126957654953,0.0639395713806152
-0.0069398670457303,-0.6237287521362305,-0.307344526052475,0.1372167766094207,-0.5064411163330078,-0.1470239758491516,0.2401461005210876,-0.7205982804298401,-0.2266774624586105,-0.1579192131757736,-0.4917801320552826,-0.1668868958950042,-0.2819918394088745,-0.659670889377594,-0.2593433260917663,0.3012942373752594,-0.9581611156463624,-0.296637088060379,-0.3083195984363556,-0.901617705821991,-0.3376306295394897,0.1080434247851371,-0.0029979373794049,0.0104931993409991,-0.1083230376243591,0.0026366284582763,-0.0095463870093226,0.1809536814689636,0.3622346818447113,-0.0637888014316558,-0.1408858150243759,0.3536491096019745,-0.0776287764310836,0.2018570005893707,0.7033254504203796,0.0863913521170616,-0.1115952059626579,0.6838279962539673,0.062937431037426
-0.0042362152598798,-0.626733124256134,-0.2806980013847351,0.1430394649505615,-0.5092692971229553,-0.1275010406970977,0.2459207326173782,-0.727458119392395,-0.2006986439228058,-0.1559758335351944,-0.4929627478122711,-0.1465678811073303,-0.2814689576625824,-0.6630650162696838,-0.2309479117393493,0.3058513700962066,-0.9653263092041016,-0.2592712640762329,-0.308135986328125,-0.908530056476593,-0.2898845970630646,0.1088209375739097,-0.0028555260505527,0.010609246790409,-0.1090762987732887,0.0025287366006523,-0.009657229296863,0.1876447200775146,0.3420308828353882,-0.1447942107915878,-0.1474578529596328,0.3370233178138733,-0.1344369500875473,0.2004188150167465,0.6742600798606873,0.0176008678972721,-0.1119683384895324,0.6608822345733643,0.008857661858201
-0.0035503369290381,-0.6339542865753174,-0.2696377336978912,0.1449258774518966,-0.5102851390838623,-0.1188527196645736,0.2480306774377823,-0.7273437976837158,-0.1932866722345352,-0.155957743525505,-0.4941253364086151,-0.1360219568014145,-0.2816563546657562,-0.6641925573348999,-0.2235685437917709,0.3098030090332031,-0.9646494388580322,-0.2548528611660003,-0.3120378851890564,-0.9082868099212646,-0.2884331047534942,0.1091610342264175,-0.0025825728662312,0.0107039744034409,-0.1094105169177055,0.0022988112177699,-0.0097476867958903,0.1926252692937851,0.3393421471118927,-0.1347874999046325,-0.1538009941577911,0.3294491767883301,-0.13672536611557,0.2035968601703643,0.6698892712593079,0.0218327324837446,-0.1129561811685562,0.6496523022651672,0.0065609607845544
-0.0027953365352004,-0.6368786096572876,-0.2717781066894531,0.1469380557537078,-0.5120866894721985,-0.1200358942151069,0.2502920925617218,-0.7357451319694519,-0.1919708997011184,-0.1541383266448974,-0.4958254396915436,-0.1373248249292373,-0.2811078727245331,-0.6752410531044006,-0.22325499355793,0.3120124042034149,-0.974993109703064,-0.2460068762302398,-0.3118549287319183,-0.920232355594635,-0.2816789448261261,0.1098281070590019,-0.0023524614516645,0.010893739759922,-0.1100736930966377,0.0020867337007075,-0.0099222930148243,0.1986168175935745,0.3252761662006378,-0.1552927047014236,-0.1550207734107971,0.3105769157409668,-0.1587781012058258,0.2060455679893493,0.645447313785553,0.0113111706450581,-0.1127377748489379,0.6298458576202393,-0.0097081372514367
-0.0023020533844828,-0.6365106701850891,-0.274216890335083,0.1467675268650055,-0.5119704604148865,-0.1211336106061935,0.2479652613401413,-0.7354335784912109,-0.1924351155757904,-0.1539201736450195,-0.4954630434513092,-0.1440860629081726,-0.2825992405414581,-0.6745939254760742,-0.2244278043508529,0.3104879260063171,-0.975098729133606,-0.2464776635169983,-0.3151737451553345,-0.9203214645385742,-0.2853162288665771,0.1103142201900482,-0.0019918852485716,0.0109615493565797,-0.1105696558952331,0.001744013512507,-0.00998664367944,0.2057993412017822,0.3119191229343414,-0.1820479929447174,-0.1676235198974609,0.2921444475650787,-0.1800863146781921,0.2057330161333084,0.6267528533935547,-0.0077617340721189,-0.1144254207611084,0.6093939542770386,-0.0275228675454854
-0.0023974541109055,-0.6364641189575195,-0.2748614251613617,0.1459578424692154,-0.5121783018112183,-0.1207301840186119,0.2474091053009033,-0.7380409240722656,-0.1840412616729736,-0.1541344076395034,-0.4956739544868469,-0.1442241817712783,-0.2845394909381866,-0.6757245063781738,-0.2254727333784103,0.3102050423622131,-0.9801333546638488,-0.234683096408844,-0.3164738714694977,-0.9216356873512268,-0.2834682166576385,0.1105775013566017,-0.0019062620121985,0.0109858438372612,-0.1108449772000312,0.0016641482943668,-0.0100092198699712,0.2064327448606491,0.3125119209289551,-0.175043910741806,-0.1726476401090622,0.2917484939098358,-0.1787853091955185,0.2106706649065017,0.6270822286605835,-0.0020488684531301,-0.1142552569508552,0.6084240078926086,-0.0241515561938285
-0.006974684074521,-0.6390148401260376,-0.2742592096328735,0.1434836983680725,-0.5118362903594971,-0.1206619068980217,0.2474575936794281,-0.7426666617393494,-0.1837843358516693,-0.1564972549676895,-0.4961356818675995,-0.1427783817052841,-0.2871527373790741,-0.687767744064331,-0.2166137546300888,0.3120987713336944,-0.987854540348053,-0.2319231629371643,-0.3200348019599914,-0.9336118698120116,-0.2634851038455963,0.1111967265605926,-0.0018105715280398,0.0111819775775074,-0.1114443093538284,0.0015711657470092,-0.0101767051964998,0.2133071720600128,0.286706268787384,-0.2255689948797226,-0.1714869737625122,0.2517320215702057,-0.2208026647567749,0.2126253545284271,0.5866129994392395,-0.0548200123012065,-0.1122519895434379,0.5676418542861938,-0.0754264369606971
-0.0069183441810309,-0.6310533285140991,-0.2869704067707062,0.1438459604978561,-0.5057407021522522,-0.1264480948448181,0.2472363114356994,-0.7400482296943665,-0.1936657726764679,-0.1564825922250747,-0.4928920567035675,-0.1510610878467559,-0.2863238155841827,-0.6867773532867432,-0.2197327613830566,0.3180650770664215,-0.9868991374969482,-0.2442986369132995,-0.3202318549156189,-0.932186484336853,-0.2676649391651153,0.1126062124967575,-0.0013556649209931,0.0112535441294312,-0.1128200069069862,0.0011160870781168,-0.0102326655760407,0.2123866528272628,0.2707939743995666,-0.2698392570018768,-0.1750081479549408,0.217102900147438,-0.2554394900798797,0.2082196772098541,0.567793607711792,-0.1137628778815269,-0.1118254289031028,0.5431132912635803,-0.1236292794346809
-0.0116451829671859,-0.6324816942214966,-0.2815153002738952,0.143355593085289,-0.5051843523979187,-0.1235810220241546,0.2454186826944351,-0.7394412159919739,-0.1899661272764206,-0.1604763865470886,-0.492891401052475,-0.145301952958107,-0.2902975678443908,-0.6871022582054138,-0.2114757597446441,0.3176610469818115,-0.9867936372756958,-0.238131433725357,-0.3293116390705108,-0.9352883100509644,-0.2557443976402282,0.1139790639281272,-0.0005514190415851,0.0112224593758583,-0.11418217420578,0.0003069011727347,-0.010179023258388,0.2051208019256591,0.2538565993309021,-0.2937588691711426,-0.1771725565195083,0.1889181584119796,-0.2767333686351776,0.1995748579502105,0.547638475894928,-0.156434416770935,-0.1132905408740043,0.5266720652580261,-0.1682879030704498
-0.0159004405140876,-0.632542610168457,-0.2816030979156494,0.139771431684494,-0.5038176774978638,-0.1238878145813942,0.2317319810390472,-0.7344391345977783,-0.1903987973928451,-0.1647565215826034,-0.4894637763500213,-0.1466005742549896,-0.2934868931770324,-0.680105984210968,-0.2136151492595672,0.3092280030250549,-0.9851902723312378,-0.2385604381561279,-0.3350310921669006,-0.9316843748092652,-0.2586921155452728,0.11533784866333,-0.0004485615354496,0.0114793237298727,-0.1155201867222786,0.0002021890686592,-0.0104055572301149,0.196421816945076,0.2490089386701584,-0.3146677613258362,-0.179943099617958,0.1849814802408218,-0.285846084356308,0.1869325786828994,0.5369876027107239,-0.1705051064491272,-0.1153033822774887,0.51520174741745,-0.1753280609846115
-0.0141793470829725,-0.6339588761329651,-0.2701549530029297,0.1395937651395797,-0.5033400058746338,-0.113840714097023,0.2316631078720092,-0.7318022847175598,-0.183103933930397,-0.1647785604000091,-0.4895334541797638,-0.136147141456604,-0.2942888736724853,-0.6776866912841797,-0.2098297327756881,0.3118369877338409,-0.984688937664032,-0.2342593669891357,-0.3343861401081085,-0.9288360476493835,-0.2585794031620025,0.1156010031700134,-0.0002677153679542,0.0114460792392492,-0.1157659813761711,1.361372687824769e-05,-0.0103451488539576,0.1967166513204574,0.2229175716638565,-0.305331289768219,-0.1845666170120239,0.1633986979722976,-0.2870315909385681,0.1881218999624252,0.5166481137275696,-0.1591442078351974,-0.113628901541233,0.4964815676212311,-0.1666720360517501
-0.0155013315379619,-0.6334267258644104,-0.2704961895942688,0.1362754553556442,-0.501218318939209,-0.1156395971775055,0.226968914270401,-0.7220025658607483,-0.1888250559568405,-0.1675123125314712,-0.4877974987030029,-0.1404440104961395,-0.2944790720939636,-0.6691690683364868,-0.2217054367065429,0.3083528280258178,-0.9733121991157532,-0.2467385381460189,-0.3364344239234924,-0.9190570116043092,-0.2796119749546051,0.1161637753248214,0.0002124968887073,0.0114448936656117,-0.1163370534777641,-0.0004768102080561,-0.0103316335007548,0.1820841878652572,0.222671091556549,-0.3164756596088409,-0.1892549395561218,0.144986018538475,-0.3109977841377258,0.1851980537176132,0.505026638507843,-0.1798644065856933,-0.1135224029421806,0.4854084551334381,-0.2014056891202926
-0.0140351513400673,-0.6299120187759399,-0.2775705456733703,0.140041321516037,-0.4996371865272522,-0.1248225569725036,0.229508176445961,-0.7223829030990601,-0.2076357305049896,-0.1639967709779739,-0.4853047132492065,-0.1429759711027145,-0.292934387922287,-0.6626706719398499,-0.224350243806839,0.3099505603313446,-0.97552227973938,-0.2696548700332641,-0.3347427248954773,-0.9105213284492492,-0.2829344570636749,0.1163909807801246,0.0004285294853616,0.0107668843120336,-0.1165513470768928,-0.0006914289551787,-0.0095985904335975,0.1832277923822403,0.2153897434473037,-0.3246696591377258,-0.1954625397920608,0.1348590552806854,-0.3127209842205047,0.1852540075778961,0.4975985586643219,-0.1832105368375778,-0.1125601381063461,0.4815294742584228,-0.1953931450843811
-0.0230842027813196,-0.6342785954475403,-0.2550532519817352,0.1364547908306121,-0.5025452971458435,-0.110708512365818,0.219496950507164,-0.7226309776306152,-0.1901213824748993,-0.1682267785072326,-0.4864878356456756,-0.1172886341810226,-0.2963984906673431,-0.663134753704071,-0.1934148371219635,0.2981501221656799,-0.9781817197799684,-0.2385957539081573,-0.3369549214839935,-0.9162647724151612,-0.250201404094696,0.1169949695467948,0.001165248453617,0.0097489412873983,-0.1171098053455352,-0.001446642098017,-0.0084959790110588,0.1795554012060165,0.204404279589653,-0.3372565805912018,-0.2038084417581558,0.1025244072079658,-0.3141206502914428,0.1666269898414611,0.4692119657993316,-0.1862329691648483,-0.126125156879425,0.4474808275699615,-0.1988996714353561
-0.0167837738990783,-0.6311812400817871,-0.2573881149291992,0.1425650417804718,-0.5030524730682373,-0.1104438453912735,0.2219921499490738,-0.7248304486274719,-0.1902851164340973,-0.1655153781175613,-0.4865930676460266,-0.1207824945449829,-0.2928037643432617,-0.6634876728057861,-0.1961581259965896,0.2988990843296051,-0.9829753041267396,-0.24030202627182,-0.3320212960243225,-0.916637659072876,-0.2567930519580841,0.1176351681351661,0.001504429266788,0.0098302271217107,-0.1177342608571052,-0.0017898980295285,-0.0085630929097533,0.1908077150583267,0.1804629564285278,-0.3342683613300323,-0.2049814760684967,0.0955367907881736,-0.3235943615436554,0.1678726524114608,0.4488870501518249,-0.1807866990566253,-0.1255628764629364,0.4313250780105591,-0.1986057162284851
-0.0125094233080744,-0.6312384009361267,-0.2527602016925812,0.1462630778551101,-0.5029457211494446,-0.1045954078435897,0.2344355434179306,-0.7254447340965271,-0.1765464544296264,-0.1637480854988098,-0.4870302975177765,-0.1157988607883453,-0.2912871837615967,-0.6662445664405823,-0.1879280507564544,0.3096045553684234,-0.9833504557609558,-0.2194853127002716,-0.3297673463821411,-0.921135187149048,-0.243032619357109,0.1181378290057182,0.0019055644515901,0.009942427277565,-0.118212379515171,-0.0021931864321231,-0.0086545571684837,0.1907235085964203,0.1750711798667907,-0.3406258225440979,-0.1982349604368209,0.1000609323382377,-0.3280117213726043,0.1695247441530227,0.4448803663253784,-0.1854791790246963,-0.1244445517659187,0.433502733707428,-0.2088539898395538
0.0016943408409133,-0.6325679421424866,-0.2431115806102752,0.1513608396053314,-0.5026222467422485,-0.0952514484524726,0.2456749826669693,-0.7262678146362305,-0.1648208647966385,-0.1618202328681945,-0.486996054649353,-0.1120010763406753,-0.2890320420265198,-0.6702523827552795,-0.1839651316404342,0.316359132528305,-0.9840807914733888,-0.2100700139999389,-0.3257095515727997,-0.9291160106658936,-0.2335362434387207,0.1185004636645317,0.002281627850607,0.0104953246191143,-0.118556760251522,-0.0025741499848663,-0.0091778710484504,0.1960764825344085,0.1448459923267364,-0.3416331112384796,-0.1897643953561782,0.0727489590644836,-0.3448444008827209,0.1722617149353027,0.4243618845939636,-0.2033964395523071,-0.1166246980428695,0.408735066652298,-0.236385777592659
0.0031309924088418,-0.631737470626831,-0.2448139041662216,0.1570500135421753,-0.5024645328521729,-0.0964578986167907,0.2528622150421142,-0.7267360091209412,-0.1670465618371963,-0.1582032591104507,-0.4863007366657257,-0.1132862493395805,-0.2858979403972626,-0.6691010594367981,-0.1863098740577697,0.3199669420719147,-0.9840224981307985,-0.2133690118789672,-0.323107898235321,-0.928500235080719,-0.2368114739656448,0.1189947351813316,0.0027885653544217,0.0109798731282353,-0.1190211623907089,-0.0030749079305678,-0.0096368649974465,0.2037421315908432,0.1427066326141357,-0.3453028798103332,-0.1867624521255493,0.0747875347733497,-0.3468703329563141,0.1728131026029586,0.4241592288017273,-0.2092568278312683,-0.1123134568333625,0.4019976854324341,-0.2360569387674331
0.0103994850069284,-0.633052408695221,-0.2277928292751312,0.1571549773216247,-0.5024294257164001,-0.0793884471058845,0.2526983916759491,-0.726732075214386,-0.1367587149143219,-0.1565357595682144,-0.4876852929592132,-0.0998365357518196,-0.2834997475147247,-0.6776346564292908,-0.1676776856184005,0.3282731771469116,-0.9835678339004515,-0.1712251007556915,-0.3175522983074188,-0.9376314878463744,-0.2142526656389236,0.1190635710954666,0.0029375310987234,0.0115145249292254,-0.1190898194909095,-0.0032376958988606,-0.0101307034492492,0.2232913821935653,0.1157689020037651,-0.3243963122367859,-0.1788704544305801,0.0505927354097366,-0.3446044623851776,0.1930660456418991,0.39659184217453,-0.2076104283332824,-0.1027215421199798,0.3751244246959686,-0.2339639812707901
0.0093305679038167,-0.6308965086936951,-0.2336818277835846,0.1569821387529373,-0.5011565685272217,-0.0847863405942916,0.2520907819271087,-0.7250437140464783,-0.1475526094436645,-0.1561948806047439,-0.4859088063240051,-0.1014184206724166,-0.2802780568599701,-0.6680115461349487,-0.1689024418592453,0.3312684595584869,-0.983248233795166,-0.1931951940059662,-0.3175931274890899,-0.9279037117958068,-0.2250460833311081,0.1192413568496704,0.0030113449320197,0.0116415433585643,-0.119245521724224,-0.0033110117074102,-0.0102401748299598,0.2227042019367218,0.1272672563791275,-0.3241410553455353,-0.1781190335750579,0.0599676482379436,-0.3424203991889953,0.1937291175127029,0.4060895144939422,-0.2054152488708496,-0.1012023463845253,0.383145272731781,-0.2262694239616394
0.0072156586684286,-0.6292358040809631,-0.2354056686162948,0.1557925641536712,-0.5010951161384583,-0.0864081904292106,0.2481892853975296,-0.7244672775268555,-0.1483234912157058,-0.1567234098911285,-0.4859198331832886,-0.1022528409957885,-0.2809722125530243,-0.6679709553718567,-0.1778016239404678,0.3303495347499847,-0.9827330708503724,-0.1993641108274459,-0.318002313375473,-0.9273431897163392,-0.2379917502403259,0.1192978918552398,0.0032533197663724,0.0117859691381454,-0.1193010136485099,-0.0035596964880824,-0.010379591025412,0.2262322604656219,0.1094677075743675,-0.3212904334068298,-0.177852988243103,0.0388314202427864,-0.3433072865009308,0.1932095140218734,0.380058228969574,-0.2046414464712143,-0.1015277281403541,0.3635806739330292,-0.2377165406942367
0.0060310140252113,-0.6289684176445007,-0.2280935943126678,0.1545417755842209,-0.501209557056427,-0.0789511948823928,0.240348532795906,-0.7239628434181213,-0.13931505382061,-0.1571725904941558,-0.4863310158252716,-0.0986445695161819,-0.2836312353610992,-0.6681956052780151,-0.1740636229515075,0.3264296650886535,-0.9828497171401978,-0.182977870106697,-0.3210864663124084,-0.9280346632003784,-0.2308064252138137,0.1193504035472869,0.003392769023776,0.012231514789164,-0.119352288544178,-0.003703081049025,-0.0107964565977454,0.2259320616722107,0.0789400413632392,-0.3172774612903595,-0.1666792333126068,0.0198594275861978,-0.3414780497550964,0.1929679960012436,0.3536306917667389,-0.2093817442655563,-0.104841336607933,0.3385964930057525,-0.2457012981176376
0.0056530833244323,-0.6290026903152466,-0.2293939441442489,0.1544220596551895,-0.5012222528457642,-0.0799796283245086,0.2411022782325744,-0.7249842286109924,-0.1445631384849548,-0.1572816669940948,-0.4860660135746002,-0.0992386043071746,-0.2842141389846802,-0.6644756197929382,-0.1746857315301895,0.3261760771274566,-0.9876700043678284,-0.1980986893177032,-0.3212266266345978,-0.9246605634689332,-0.2373371571302414,0.1194515377283096,0.0033915929961949,0.0124026061967015,-0.1194551587104797,-0.0037014153786003,-0.0109551530331373,0.2303271740674972,0.0731254369020462,-0.3175524175167084,-0.1663640439510345,0.0222469884902238,-0.3408989310264587,0.1931652575731277,0.3509382307529449,-0.2087785750627517,-0.1091129854321479,0.3393602669239044,-0.2436662167310714
0.0001784551568562,-0.6292195916175842,-0.2306532114744186,0.1515956073999405,-0.5011969208717346,-0.0846148952841758,0.2390042543411255,-0.7249583601951599,-0.1571382731199264,-0.1604122817516327,-0.4861253798007965,-0.1004154756665229,-0.2891487181186676,-0.6642484068870544,-0.1767772138118744,0.3232125043869018,-0.9879860877990724,-0.2175067067146301,-0.3271364271640777,-0.9237485527992249,-0.2440666556358337,0.1194977313280105,0.0033155409619212,0.012340479530394,-0.1195002719759941,-0.0036231854464858,-0.0108845802024006,0.2298554331064224,0.0606673918664455,-0.3213547766208648,-0.1694107204675674,0.0148980356752872,-0.3347271978855133,0.1915803700685501,0.341534286737442,-0.213484913110733,-0.116592563688755,0.3303433656692505,-0.2428973764181137
-0.0013433200074359,-0.6315379738807678,-0.2129758298397064,0.1490921527147293,-0.5014940500259399,-0.0690745115280151,0.2353090643882751,-0.7249326705932617,-0.13298299908638,-0.1614264249801635,-0.4864125251770019,-0.0891418978571891,-0.2891082763671875,-0.664291501045227,-0.1629874110221862,0.3179256021976471,-0.9878771305084229,-0.180857703089714,-0.3286516368389129,-0.9238017797470092,-0.2249121963977813,0.1195290237665176,0.0033039818517863,0.0124809155240654,-0.119532860815525,-0.003612135304138,-0.0110179428011178,0.2290660440921783,0.0339416489005088,-0.3163707852363586,-0.1687811464071273,-0.001331252628006,-0.3306717276573181,0.1914203464984893,0.3250249326229095,-0.2165857702493667,-0.1177422255277633,0.3127570748329162,-0.2447126358747482
0.0043256166391074,-0.6304460167884827,-0.2158264368772506,0.1536343544721603,-0.5012535452842712,-0.0713242590427398,0.2387806922197342,-0.7232189774513245,-0.1364533603191375,-0.1574568152427673,-0.4848377406597137,-0.0908893942832946,-0.2865766584873199,-0.6548445224761963,-0.1649042814970016,0.3224514424800873,-0.9874501824378968,-0.184599682688713,-0.3263589143753052,-0.9156810641288756,-0.2258105427026748,0.1196114420890808,0.0032321009784936,0.013417343609035,-0.1196132823824882,-0.0035386392846703,-0.0119647476822137,0.2306228280067443,0.0240417756140232,-0.3165349662303924,-0.1453487426042556,0.0016293316148221,-0.3307498693466186,0.1900177001953125,0.313220351934433,-0.2184911370277404,-0.1032421737909317,0.2935514748096466,-0.2432466298341751
-0.0065277968533337,-0.6294474601745605,-0.2242330461740493,0.1490835845470428,-0.501001238822937,-0.0833121165633201,0.2366551011800766,-0.7247978448867798,-0.1561793535947799,-0.1603900641202926,-0.4851835966110229,-0.0967671349644661,-0.2887993454933166,-0.6562930941581726,-0.1702963411808014,0.3138729333877563,-0.9905043840408324,-0.2088164389133453,-0.3313139379024505,-0.915970265865326,-0.2373300939798355,0.1194964349269867,0.0031793355010449,0.0132497828453779,-0.1195130795240402,-0.0034843501634895,-0.0118006309494376,0.2272112965583801,0.0143912676721811,-0.3181629776954651,-0.1492426991462707,-0.0010059936903417,-0.3177444338798523,0.1892143934965133,0.3078363239765167,-0.219753012061119,-0.1085669249296188,0.2947665750980377,-0.2313249856233596
-0.0180537682026624,-0.6299409866333008,-0.2262089103460312,0.1436036825180053,-0.5009865164756775,-0.0872826054692268,0.2303419262170791,-0.7266815304756165,-0.162100538611412,-0.1639781892299652,-0.4855988919734955,-0.0975992828607559,-0.2941760420799255,-0.6623427867889404,-0.170955553650856,0.3048320412635803,-0.9919800162315368,-0.217426061630249,-0.3423420488834381,-0.9178417325019836,-0.2380836755037307,0.1192839741706848,0.0027468239422887,0.0126338470727205,-0.1193168386816978,-0.0030617648735642,-0.0111842006444931,0.2187218815088272,0.0081311408430337,-0.3221622407436371,-0.1763052642345428,0.0007995681371539,-0.3099712133407593,0.1842913478612899,0.3113223016262054,-0.2253496348857879,-0.1224790662527084,0.2996745109558105,-0.2251162081956863
-0.017100678756833,-0.6293174624443054,-0.2264616936445236,0.143974632024765,-0.50049889087677,-0.0865332260727882,0.2305107861757278,-0.727239727973938,-0.1595115661621093,-0.1634885519742965,-0.4855162799358368,-0.09781264513731,-0.2934010326862335,-0.66236412525177,-0.1711547523736953,0.3053778409957886,-0.9950239658355712,-0.2101552933454513,-0.342496782541275,-0.918018102645874,-0.2380860298871994,0.1191045567393302,0.002714212751016,0.0126513913273811,-0.119150310754776,-0.0030263634398579,-0.0112019320949912,0.2227451652288437,0.0043452177196741,-0.3150470554828644,-0.1662960797548294,-0.0010177572257816,-0.2943670749664306,0.1842982918024063,0.3004656136035919,-0.224437728524208,-0.1212086379528045,0.29535111784935,-0.2188707739114761
-0.0079371975734829,-0.6214678287506104,-0.231439471244812,0.1452947407960891,-0.4973059594631195,-0.0875317826867103,0.2355888038873672,-0.7241394519805908,-0.159410685300827,-0.1606676578521728,-0.4851177632808685,-0.10966058075428,-0.2862299680709839,-0.6610539555549622,-0.1869053840637207,0.3097372353076935,-0.9881495237350464,-0.210085317492485,-0.3400126695632934,-0.91414475440979,-0.252465546131134,0.1187821552157402,0.0029072312172502,0.0134805310517549,-0.1188568472862243,-0.003216188866645,-0.0120756532996892,0.2311374545097351,-0.0054298979230225,-0.3072278201580047,-0.1490026414394378,-0.0011232256656512,-0.2946498394012451,0.1927657276391983,0.2937566936016083,-0.2167989760637283,-0.1133344545960426,0.2851329147815704,-0.2167612016201019
-0.0079011777415871,-0.6217150688171387,-0.2321744561195373,0.146727368235588,-0.4953734278678894,-0.0896560475230217,0.2398988753557205,-0.7216365933418274,-0.1634078025817871,-0.1599348187446594,-0.4846191108226776,-0.1094032898545265,-0.2850661873817444,-0.6610051989555359,-0.1862608790397644,0.3113531172275543,-0.982136607170105,-0.2191180884838104,-0.3368207812309265,-0.914050042629242,-0.2545234262943268,0.1187287718057632,0.0029074433259665,0.0134497452527284,-0.1188097298145294,-0.0032164989970624,-0.0120445219799876,0.2355687618255615,-0.0057647242210805,-0.3032093346118927,-0.1520561873912811,-0.0038926415145397,-0.2959924340248108,0.1974996626377105,0.2967354953289032,-0.2144583016633987,-0.1129722222685813,0.2878460586071014,-0.2193357944488525
-0.0005055245710536,-0.613305389881134,-0.2443206012248993,0.1566496789455413,-0.4891360700130462,-0.1005965992808342,0.2530989944934845,-0.7158841490745544,-0.1846072077751159,-0.1511829942464828,-0.4809177815914154,-0.1175587847828865,-0.2666924893856048,-0.6552359461784363,-0.1985551863908767,0.3273865580558777,-0.9776291847229004,-0.2507214248180389,-0.3140185475349426,-0.9049552083015442,-0.2743659317493438,0.1187669187784195,0.0028992255683988,0.0135155776515603,-0.1188521385192871,-0.0032059191726148,-0.0121191311627626,0.2356689870357513,-0.0154020665213465,-0.3053600490093231,-0.1467781662940979,-0.0049989619292318,-0.3044408857822418,0.2071512192487716,0.2950374186038971,-0.2143334150314331,-0.103624552488327,0.287131130695343,-0.2222246080636978
0.0070720924995839,-0.6134570837020874,-0.2428127080202102,0.1580816954374313,-0.4881691038608551,-0.1003232672810554,0.2557605803012848,-0.7158423662185669,-0.1838890314102172,-0.1504930406808853,-0.4807054996490478,-0.1169943511486053,-0.2680196166038513,-0.6554727554321289,-0.1973765045404434,0.3276431262493133,-0.9777800440788268,-0.2472793459892273,-0.3158830404281616,-0.9077544808387756,-0.2712181806564331,0.1187125071883201,0.0030764064285904,0.0140207409858703,-0.118799515068531,-0.0033742769155651,-0.0126202395185828,0.2353110909461975,-0.0218578856438398,-0.3042570948600769,-0.1425169557332992,-0.0171607416123151,-0.3111418187618255,0.2054877579212188,0.2948218584060669,-0.2170133739709854,-0.1039643213152885,0.2827174067497253,-0.2374016046524047
0.0078203687444329,-0.612966001033783,-0.242906779050827,0.1579010635614395,-0.4850230515003204,-0.0999098718166351,0.2553242444992065,-0.7141413688659668,-0.182117074728012,-0.1504561752080917,-0.4791170954704284,-0.1192966923117637,-0.2718254625797272,-0.6555083990097046,-0.1983964592218399,0.3286027014255523,-0.9770045280456544,-0.2442761957645416,-0.317562997341156,-0.9077277183532716,-0.2710718214511871,0.1183925792574882,0.0032792068086564,0.0143542354926466,-0.1184946820139885,-0.0035695934202522,-0.0129660721868276,0.2361378520727157,-0.0199342537671327,-0.3010871410369873,-0.1375574916601181,-0.0174691583961248,-0.3095289766788482,0.2052228897809982,0.2949406504631042,-0.2122940272092819,-0.1015800461173057,0.2803592681884765,-0.2278782874345779
0.0039805532433092,-0.6120093464851379,-0.2432460784912109,0.1543193608522415,-0.4843291938304901,-0.0998674035072326,0.2510748505592346,-0.7126014828681946,-0.181296095252037,-0.1551186591386795,-0.479120135307312,-0.1187296211719513,-0.28813636302948,-0.6576753854751587,-0.1977374702692031,0.3283792734146118,-0.97516131401062,-0.2456550449132919,-0.324398010969162,-0.9085402488708496,-0.2727403342723846,0.118346944451332,0.0032685040496289,0.0143466806039214,-0.1184473112225532,-0.0035561807453632,-0.0129587529227137,0.2331597357988357,-0.0254780948162078,-0.3074890375137329,-0.1453506052494049,-0.0201211441308259,-0.3106520175933838,0.2048113495111465,0.2920834124088287,-0.2206422239542007,-0.1018835082650184,0.2771445214748382,-0.2280993461608886
0.0072077964432537,-0.6086239814758301,-0.241056352853775,0.1545016318559646,-0.4838317334651947,-0.0921792462468147,0.2509359121322632,-0.7106817364692688,-0.1697849035263061,-0.1551073044538498,-0.4787410497665405,-0.1169638559222221,-0.2882597148418426,-0.6581809520721436,-0.1973575353622436,0.3330426514148712,-0.9732471108436584,-0.2311646193265915,-0.3245889246463775,-0.910685658454895,-0.2712311446666717,0.1182935237884521,0.0033271904103457,0.0151240499690175,-0.1183924823999404,-0.003613353241235,-0.0137563850730657,0.2392022013664245,-0.040214154869318,-0.2968384325504303,-0.1400292813777923,-0.04518848285079,-0.3124594092369079,0.2059954702854156,0.2715009450912475,-0.2151432633399963,-0.102062776684761,0.2498907148838043,-0.2307131290435791
0.0055483821779489,-0.6005213856697083,-0.2418406456708908,0.1537662297487259,-0.4831422567367553,-0.0922284796833992,0.2508500516414642,-0.7079314589500427,-0.1702267080545425,-0.1559870243072509,-0.4787513613700866,-0.1167277097702026,-0.2901528179645538,-0.6589283347129822,-0.1972482204437255,0.3338335156440735,-0.9689329862594604,-0.2346618622541427,-0.3253055214881897,-0.9109814167022704,-0.272075206041336,0.1179835125803947,0.0033659606706351,0.015192680992186,-0.1180782467126846,-0.0036505025345832,-0.0138288317248225,0.2442625612020492,-0.0418626479804515,-0.286016970872879,-0.1408205479383468,-0.0471948347985744,-0.3120988607406616,0.211070567369461,0.2716497182846069,-0.2075467407703399,-0.1008177101612091,0.2522582411766052,-0.2305950373411178
0.0076302266679704,-0.6009305715560913,-0.2325499951839447,0.1520016640424728,-0.4835964441299438,-0.0790959969162941,0.2460276931524276,-0.706956684589386,-0.1444525718688964,-0.1564905047416687,-0.4784559309482574,-0.1125366166234016,-0.292753130197525,-0.6555864214897156,-0.1966924965381622,0.3330895602703094,-0.9673699736595154,-0.1982147991657257,-0.3253974020481109,-0.9109938740730286,-0.2643612623214721,0.1174756810069084,0.0036363576073199,0.0164116602391004,-0.1175761595368385,-0.0039274771697819,-0.0150787085294723,0.244305670261383,-0.0674457177519798,-0.2711166143417358,-0.1347437798976898,-0.0799572616815567,-0.303636223077774,0.2089452147483825,0.2360546141862869,-0.1838160306215286,-0.1011156439781189,0.2162412703037262,-0.2121489942073822
0.007705383002758,-0.601179301738739,-0.2373144179582595,0.1516468524932861,-0.4833271503448486,-0.0806759670376777,0.2457266747951507,-0.7068453431129456,-0.1469321846961975,-0.1564154624938964,-0.4782194495201111,-0.1150900050997734,-0.2947030365467071,-0.6556792855262756,-0.1980641633272171,0.3343360424041748,-0.9674363732337952,-0.2028066664934158,-0.3260396122932434,-0.9110866785049438,-0.264466792345047,0.1165580824017524,0.0036291377618908,0.0169132351875305,-0.1166660338640213,-0.0039242669008672,-0.0155776748433709,0.2584024369716644,-0.0679666772484779,-0.2536136209964752,-0.1300630122423172,-0.0729065462946891,-0.2822466790676117,0.208686277270317,0.2332771867513656,-0.1597422957420349,-0.1008286029100418,0.2179228961467743,-0.1786377727985382
0.0077576097100973,-0.6012560725212097,-0.2415569573640823,0.1518030315637588,-0.4831717908382416,-0.0839078649878501,0.2471175193786621,-0.7064940929412842,-0.1517786830663681,-0.1562163680791854,-0.4771778285503387,-0.1185024157166481,-0.294618010520935,-0.6544238924980164,-0.204612985253334,0.3382653295993805,-0.9670125246047974,-0.2122313678264618,-0.3247248232364654,-0.9109330177307128,-0.2713524997234344,0.1162319481372833,0.0036739862989634,0.017256049439311,-0.1163538619875907,-0.0039708958938717,-0.0159313194453716,0.2631072700023651,-0.0684575587511062,-0.2495758235454559,-0.1285027414560318,-0.0815082788467407,-0.2852536141872406,0.2086037248373031,0.2319000512361526,-0.1503857672214508,-0.0992902293801307,0.2144896239042282,-0.1843389421701431
0.0078280577436089,-0.6001791954040527,-0.2462572455406189,0.151984766125679,-0.483172595500946,-0.0892838314175605,0.2485539615154266,-0.7079148292541504,-0.1573181301355362,-0.1551742255687713,-0.4762813448905945,-0.1205437630414962,-0.294359415769577,-0.6520005464553833,-0.2047833800315857,0.3401078283786773,-0.9705826640129088,-0.2154456377029419,-0.3248212933540344,-0.9104185700416564,-0.2711183428764343,0.1158814802765846,0.0038471107836812,0.0173321720212698,-0.1160064935684204,-0.004140798933804,-0.0160093568265438,0.2625980079174042,-0.0757246986031532,-0.2524751424789428,-0.1252664476633072,-0.0893223136663436,-0.2864488661289215,0.200027659535408,0.2242097705602646,-0.1534601002931594,-0.0993281900882721,0.1999945193529129,-0.1861516088247299
0.010767406783998,-0.5984460115432739,-0.2481313347816467,0.1537319272756576,-0.4828847646713257,-0.0908240154385566,0.2547925114631653,-0.7079051733016968,-0.1577268838882446,-0.1522762775421142,-0.4762566089630127,-0.1213744357228279,-0.2894133925437927,-0.6515472531318665,-0.2039996534585952,0.3467995524406433,-0.9703594446182252,-0.2152266949415207,-0.324537456035614,-0.9094707369804382,-0.2689868509769439,0.1155406013131141,0.0039351088926196,0.0175133533775806,-0.1156647950410842,-0.0042319148778915,-0.0161839704960584,0.2617895305156708,-0.075145237147808,-0.2535770535469055,-0.1173295006155967,-0.087141677737236,-0.2825846076011657,0.2007625252008438,0.2227436006069183,-0.153901144862175,-0.0908520892262458,0.2031946182250976,-0.1833976209163665
0.0121581414714455,-0.5969833135604858,-0.2477171868085861,0.1539879888296127,-0.4824019372463226,-0.0897475853562355,0.2560082972049713,-0.7045447826385498,-0.1551179140806198,-0.1522375345230102,-0.476276159286499,-0.1213013753294944,-0.2893446683883667,-0.6515582799911499,-0.2038860768079757,0.3515702188014984,-0.9641705751419068,-0.2111107856035232,-0.3254882991313934,-0.9094786643981934,-0.2687658965587616,0.1154142692685127,0.0039781178347766,0.0177916605025529,-0.1155399456620216,-0.0042772744782269,-0.0164711326360702,0.2607164680957794,-0.0739440098404884,-0.250821441411972,-0.1146191135048866,-0.085336647927761,-0.2833435833454132,0.203771024942398,0.2235674411058426,-0.1523954570293426,-0.0879085734486579,0.205077588558197,-0.1842647343873977
0.0125459320843219,-0.5944533348083496,-0.2490628808736801,0.1541791558265686,-0.4788706004619598,-0.0906721428036689,0.256215900182724,-0.6991294622421265,-0.1579194217920303,-0.1524040549993515,-0.4737086296081543,-0.1223484501242637,-0.291020929813385,-0.6460354924201965,-0.2071993201971054,0.3526192605495453,-0.9600886106491088,-0.215412899851799,-0.3317389786243438,-0.9046425819396972,-0.2750614881515503,0.1153655052185058,0.004083554726094,0.0178770162165164,-0.1154917627573013,-0.0043821563012897,-0.0165608953684568,0.2602277398109436,-0.0734413042664527,-0.2514229416847229,-0.1169343516230583,-0.0858031883835792,-0.2857662141323089,0.2035629600286483,0.2250893712043762,-0.1549964696168899,-0.0882637649774551,0.2069509625434875,-0.1894113421440124
0.0125509118661284,-0.5944992303848267,-0.2518526911735534,0.1554603278636932,-0.4786934852600097,-0.0950178205966949,0.2575739324092865,-0.6990129351615906,-0.1652014106512069,-0.1526093035936355,-0.4722089767456054,-0.1230396255850792,-0.29393270611763,-0.6418869495391846,-0.2080126851797104,0.3525581359863281,-0.9599598050117492,-0.2239310890436172,-0.3356786668300628,-0.902222454547882,-0.2764798104763031,0.1154023185372352,0.0041176099330186,0.0177291240543127,-0.1155265122652053,-0.004414637107402,-0.0164118930697441,0.254845529794693,-0.0740539357066154,-0.263462096452713,-0.124788299202919,-0.0885607674717903,-0.292207270860672,0.2005067765712738,0.2263791859149933,-0.1637392789125442,-0.0931816175580024,0.2055927813053131,-0.192834198474884
0.010372414253652,-0.5947667956352234,-0.2523942589759826,0.1553923040628433,-0.4780915379524231,-0.0975272953510284,0.2573195397853851,-0.6988382339477539,-0.1714969426393509,-0.1554954946041107,-0.471211701631546,-0.1229761913418769,-0.2974420487880707,-0.6414510011672974,-0.208030492067337,0.3516909480094909,-0.960133135318756,-0.2329837828874588,-0.3420079350471496,-0.9016982316970824,-0.2792898416519165,0.1155963912606239,0.0041069514118134,0.017569676041603,-0.1157170236110687,-0.0044006202369928,-0.016254024580121,0.2525700032711029,-0.0738510191440582,-0.2663875222206116,-0.1334274709224701,-0.0882367044687271,-0.3014685809612274,0.2016054093837738,0.2324899137020111,-0.1737786382436752,-0.094918318092823,0.212284043431282,-0.2097181975841522
0.0065463450737297,-0.5946846604347229,-0.2520798146724701,0.1550754755735397,-0.4786713123321533,-0.0974834188818931,0.2567052543163299,-0.6993770599365234,-0.172160655260086,-0.1572978049516677,-0.4711061418056488,-0.1216756626963615,-0.3017844557762146,-0.6429337859153748,-0.2065762132406234,0.349065363407135,-0.9605849385261536,-0.2349285334348678,-0.3457240164279938,-0.9034979939460754,-0.2790427803993225,0.1156667619943618,0.0040836399421095,0.0175346508622169,-0.1157853379845619,-0.0043743159621953,-0.016222121194005,0.2533698081970215,-0.0737123787403106,-0.2644838094711303,-0.1374528706073761,-0.0887010470032692,-0.3045088946819305,0.201593592762947,0.233848825097084,-0.1735998690128326,-0.0970651656389236,0.2159089297056198,-0.2131127268075943
0.0067167426459491,-0.5949097275733948,-0.2518754601478576,0.1556395441293716,-0.478809118270874,-0.0974508374929428,0.2568655908107757,-0.6994613409042358,-0.1720156967639923,-0.1567794382572174,-0.4710341691970825,-0.1214805617928505,-0.3003304898738861,-0.6421635746955872,-0.2063809782266616,0.3492143452167511,-0.9609516859054564,-0.2345114201307296,-0.3448971211910248,-0.902399241924286,-0.2787385880947113,0.1156718879938125,0.0041166646406054,0.0175907015800476,-0.115789882838726,-0.0044072493910789,-0.0162765774875879,0.2569407820701599,-0.0740854293107986,-0.260084331035614,-0.1357936859130859,-0.0951040834188461,-0.3042161464691162,0.2037057876586914,0.2308432161808014,-0.1679159700870514,-0.0946961268782615,0.2097519636154174,-0.2126917093992233
0.0069938916712999,-0.5949480533599854,-0.2518530189990997,0.1557607352733612,-0.4786630272865295,-0.0976776331663131,0.256940633058548,-0.69940185546875,-0.1720466017723083,-0.1567227691411972,-0.471018522977829,-0.1213126927614212,-0.3004636168479919,-0.6422104239463806,-0.2060372829437255,0.3500260710716247,-0.961063027381897,-0.23427814245224,-0.3453603088855743,-0.902378797531128,-0.2788240015506744,0.1156710758805275,0.004128037020564,0.0175249092280864,-0.1157884821295738,-0.0044188499450683,-0.0162081066519022,0.2560307085514068,-0.0747077986598014,-0.2601065933704376,-0.1359163224697113,-0.0940278246998786,-0.3023664355278015,0.203609362244606,0.2310132384300232,-0.1678078919649124,-0.094678595662117,0.2099454849958419,-0.2113207578659057
0.0072281160391867,-0.5949446558952332,-0.2519378960132599,0.1533091068267822,-0.4787788689136505,-0.0975564569234848,0.2543568015098572,-0.7002035975456238,-0.1685727536678314,-0.1569553017616272,-0.4690515100955963,-0.1220615431666374,-0.3031857013702392,-0.6393428444862366,-0.2061837613582611,0.3442648649215698,-0.9610834717750548,-0.2207404226064682,-0.3465737700462341,-0.90159010887146,-0.2742084562778473,0.1155691593885421,0.0041092238388955,0.0176198501139879,-0.1156890168786048,-0.0044048856943845,-0.0163022968918085,0.2337345033884048,-0.105422742664814,-0.2686963975429535,-0.1356712728738784,-0.1183137148618698,-0.2991266250610351,0.1767718642950058,0.1947443783283233,-0.1689748018980026,-0.1061567738652229,0.1688424348831176,-0.2029636055231094
0.0079340832307934,-0.5919974446296692,-0.2550857663154602,0.1544100493192672,-0.4771240353584289,-0.1003127321600914,0.2561732232570648,-0.6957916617393494,-0.1726115494966507,-0.1566166430711746,-0.4686713814735412,-0.1240363344550132,-0.3014621138572693,-0.6392031908035278,-0.2076611667871475,0.3447948694229126,-0.9551825523376464,-0.224384069442749,-0.3431422412395477,-0.9016332626342772,-0.2744133770465851,0.1155817434191703,0.0041100438684225,0.0175548680126667,-0.1157038733363151,-0.0044078174978494,-0.0162333715707063,0.2307672053575515,-0.101578764617443,-0.2746005356311798,-0.1354134082794189,-0.1151288002729415,-0.2906465828418731,0.1792233735322952,0.1967916786670684,-0.1769733279943466,-0.1056525334715843,0.1735676974058151,-0.200593814253807
0.008089100010693,-0.5902534127235413,-0.2569410502910614,0.1542719900608062,-0.477038711309433,-0.1011270061135292,0.2554908990859985,-0.6955386400222778,-0.1728436201810836,-0.1567810773849487,-0.4685273468494415,-0.1259335279464721,-0.3012474775314331,-0.637621283531189,-0.2085020840167999,0.3443885147571563,-0.9553300142288208,-0.2248141020536422,-0.3430571258068084,-0.9001543521881104,-0.2749462723731994,0.1155656725168228,0.004182519391179,0.0174504350870847,-0.1156875193119049,-0.0044870413839817,-0.0161231979727745,0.2295778840780258,-0.0988912805914878,-0.277603268623352,-0.1339238733053207,-0.1139229536056518,-0.2881154119968414,0.1805858314037323,0.199930340051651,-0.178658902645111,-0.106152594089508,0.1772850602865219,-0.1981007158756256
0.0082974908873438,-0.5900421738624573,-0.2563619911670685,0.1537296324968338,-0.4770422279834747,-0.1007536649703979,0.2548850476741791,-0.6964731216430664,-0.1725890189409256,-0.1574196517467498,-0.4684595763683319,-0.1259196251630783,-0.3019500374794006,-0.6389016509056091,-0.2087291032075882,0.343397706747055,-0.9559651613235474,-0.2249959856271743,-0.3432989418506622,-0.9012373089790344,-0.2751076519489288,0.1155631691217422,0.0041849450208246,0.0174906272441148,-0.1156846433877945,-0.0044905254617333,-0.0161638744175434,0.2304432988166809,-0.0972877889871597,-0.2771605551242828,-0.1313073486089706,-0.1125997304916381,-0.2897650301456451,0.1812069416046142,0.2014248669147491,-0.1796865314245224,-0.1047839373350143,0.1785085946321487,-0.2026068866252899
0.0084362011402845,-0.5902460217475891,-0.2549613118171692,0.1530366688966751,-0.4770556390285492,-0.1000067666172981,0.2539840638637543,-0.696583092212677,-0.1724070161581039,-0.1582669913768768,-0.4682193100452423,-0.1254856139421463,-0.3027481436729431,-0.6386241912841797,-0.2087481915950775,0.342389166355133,-0.9560721516609192,-0.2256392687559127,-0.3431811034679413,-0.9011666178703308,-0.2754127085208893,0.1155589893460273,0.0042049032635986,0.0175089873373508,-0.1156803742051124,-0.0045116217806935,-0.016179772093892,0.2308384180068969,-0.09628476947546,-0.2762322723865509,-0.131119892001152,-0.1118928492069244,-0.2896803021430969,0.1799933761358261,0.2022762894630432,-0.1807769536972046,-0.1050282418727874,0.1788053959608078,-0.2042704671621322
0.0087809208780527,-0.5906614065170288,-0.2513699233531952,0.1530476510524749,-0.4770929217338562,-0.0969616770744323,0.2533332109451294,-0.6966506838798523,-0.1702520549297332,-0.1582787185907364,-0.4681924879550934,-0.1228220164775848,-0.3026140332221985,-0.6386396884918213,-0.2077730149030685,0.3418176770210266,-0.9561604261398317,-0.2246399819850921,-0.3430113494396209,-0.9012057185173036,-0.2750612795352936,0.1155774295330047,0.0042477431707084,0.0175910145044326,-0.1156988069415092,-0.0045572523958981,-0.016259279102087,0.2311408817768097,-0.0959407091140747,-0.27460977435112,-0.1299729496240615,-0.112561248242855,-0.2894380092620849,0.1793387532234192,0.2013167291879654,-0.1822034269571304,-0.1048767268657684,0.1767519265413284,-0.2063049525022506
0.0099501870572566,-0.5900649428367615,-0.2524367272853851,0.153170108795166,-0.4769864678382873,-0.0969592928886413,0.2536831200122833,-0.6962979435920715,-0.169473722577095,-0.1587656140327453,-0.4680919647216797,-0.1235434859991073,-0.3044442534446716,-0.6391447186470032,-0.2080193161964416,0.3445163071155548,-0.9554897546768188,-0.2247126847505569,-0.3450471460819244,-0.902467668056488,-0.2764815092086792,0.1156109943985939,0.0042604636400938,0.0175381619483232,-0.1157313659787178,-0.0045704571530222,-0.0162045322358608,0.2319933176040649,-0.0828524678945541,-0.2745811939239502,-0.1301511377096176,-0.1007735654711723,-0.2916269898414612,0.1849101930856704,0.2172048240900039,-0.1836306750774383,-0.1043089032173156,0.1979768127202987,-0.2101568132638931
0.009573271498084,-0.5905852317810059,-0.2508573830127716,0.1529987007379531,-0.476958155632019,-0.0960293784737587,0.2536455690860748,-0.696261465549469,-0.1683112829923629,-0.1597667187452316,-0.4680722653865814,-0.1216460689902305,-0.3061001896858215,-0.6392005085945129,-0.2062228173017501,0.3441016376018524,-0.9555483460426332,-0.2233699560165405,-0.3465159237384796,-0.902559757232666,-0.2748719453811645,0.1157005727291107,0.0042557003907859,0.0174066741019487,-0.1158185079693794,-0.0045643509365618,-0.0160718113183975,0.2306090742349624,-0.0821055769920349,-0.2855485677719116,-0.1302137523889541,-0.0945734232664108,-0.294364869594574,0.1826243102550506,0.2184727936983108,-0.1985119134187698,-0.1027822196483612,0.1979999244213104,-0.2143352031707763
0.0120737738907337,-0.5950764417648315,-0.2362221628427505,0.1529129892587661,-0.4776923656463623,-0.080643430352211,0.2521399557590484,-0.6963872909545898,-0.1530109643936157,-0.1597907245159149,-0.4691461622714996,-0.1106090322136879,-0.3052997887134552,-0.6404985189437866,-0.1981296390295028,0.3435562252998352,-0.9556096196174622,-0.2121345102787017,-0.3464328944683075,-0.9032099843025208,-0.2676632702350616,0.1157048717141151,0.0043585519306361,0.0177719723433256,-0.1158211901783943,-0.0046675154007971,-0.0164387971162796,0.232450395822525,-0.0846192836761474,-0.282756894826889,-0.1209712475538253,-0.1017331331968307,-0.2934742867946625,0.1815416067838668,0.2090730816125869,-0.204167902469635,-0.1001371070742607,0.1836329251527786,-0.2224158197641372
0.0119250519201159,-0.5954169631004333,-0.2369202524423599,0.1531768590211868,-0.4778604209423065,-0.0812319591641426,0.2521394789218902,-0.6963947415351868,-0.1538717746734619,-0.1597316861152649,-0.4694985151290893,-0.1108374670147895,-0.3052047193050384,-0.6410548090934753,-0.1967190057039261,0.3436186611652374,-0.9559149742126464,-0.2126403450965881,-0.3466067612171173,-0.9040921330451964,-0.2672642767429352,0.1157057583332061,0.0043665217235684,0.017719654366374,-0.1158203110098838,-0.0046762558631598,-0.0163853298872709,0.2360409796237945,-0.084086500108242,-0.279315173625946,-0.1210851594805717,-0.0987550541758537,-0.2933695614337921,0.1843166798353195,0.2129179984331131,-0.2004036158323288,-0.0988117977976799,0.1873758435249328,-0.2203719317913055
0.0117306634783744,-0.5956262350082397,-0.2412247955799102,0.1531745344400406,-0.4779898524284363,-0.0862534716725349,0.252128005027771,-0.6964495778083801,-0.159038707613945,-0.1597601175308227,-0.469420313835144,-0.1133822053670883,-0.305301159620285,-0.6410729885101318,-0.1984660625457763,0.3431943953037262,-0.955961048603058,-0.2174842655658722,-0.3470474183559418,-0.9041353464126588,-0.2686456143856048,0.1157275140285492,0.0043721138499677,0.0175688713788986,-0.1158425062894821,-0.0046830498613417,-0.0162368528544902,0.2340868413448333,-0.0826032161712646,-0.2809421420097351,-0.1212203353643417,-0.098826877772808,-0.2947973906993866,0.1822854727506637,0.2132821232080459,-0.1996590048074722,-0.0981716513633728,0.1881555765867233,-0.2209184914827346
0.0142843322828412,-0.5969995856285095,-0.24234339594841,0.1558523029088974,-0.4779590964317322,-0.0875544026494026,0.2548706531524658,-0.6971628069877625,-0.1596338599920272,-0.1578359901905059,-0.4701241850852966,-0.1159148588776588,-0.3017725348472595,-0.6424525380134583,-0.2025008499622345,0.3466192185878753,-0.9586217999458312,-0.2176879197359085,-0.3451174795627594,-0.9041913747787476,-0.2723394930362701,0.1157573834061622,0.0044470489956438,0.0176456905901432,-0.1158749684691429,-0.00475745042786,-0.0163177028298378,0.2402003705501556,-0.0792641714215278,-0.2804413437843323,-0.1173977255821228,-0.0923900082707405,-0.2954337000846863,0.185818612575531,0.2176349014043808,-0.194262683391571,-0.0974977239966392,0.1933692544698715,-0.2181550562381744
0.0136403553187847,-0.6010794639587402,-0.2426587641239166,0.155531495809555,-0.4793465137481689,-0.0890946760773658,0.2546302676200866,-0.7001911997795105,-0.159850001335144,-0.1574863940477371,-0.4713864922523498,-0.1168415248394012,-0.3012294769287109,-0.6436561942100525,-0.2024315148591995,0.3453891277313232,-0.9622711539268494,-0.2164849638938903,-0.3451164960861206,-0.9045251607894896,-0.2712615430355072,0.1157644167542457,0.0044178003445267,0.0176427364349365,-0.1158822253346443,-0.0047281789593398,-0.016312064602971,0.2392445802688598,-0.0758579224348068,-0.2840576171875,-0.1200461164116859,-0.0761129185557365,-0.2967429161071777,0.1874237060546875,0.2260051965713501,-0.1903354227542877,-0.0985837131738662,0.2064569145441055,-0.2083926796913147
0.0105104623362421,-0.6023741960525513,-0.248665452003479,0.1555002182722091,-0.4794712960720062,-0.0962416678667068,0.2546097934246063,-0.7001176476478577,-0.1674386858940124,-0.1570091694593429,-0.4726450145244598,-0.119514599442482,-0.2998420596122741,-0.644216775894165,-0.2024399191141128,0.3478395640850067,-0.9623194336891174,-0.2254135310649871,-0.3451439142227173,-0.9038979411125184,-0.2717768549919128,0.1157692745327949,0.0043648304417729,0.0171928871423006,-0.115887202322483,-0.0046759415417909,-0.0158409178256988,0.239873930811882,-0.0583458319306373,-0.2889275252819061,-0.1339525282382965,-0.0525575429201126,-0.2927278876304626,0.1916419416666031,0.241086944937706,-0.1895982772111892,-0.1013044640421867,0.2305658608675003,-0.1924286484718322
0.0111129777505993,-0.6045975089073181,-0.2485920339822769,0.1569704562425613,-0.4795411229133606,-0.0964376181364059,0.257030576467514,-0.7009046673774719,-0.1678904891014099,-0.1562217324972152,-0.4735917150974273,-0.1195547506213188,-0.2983803153038025,-0.6458235383033752,-0.2028930485248565,0.3501144349575043,-0.963495135307312,-0.2266221940517425,-0.3443749248981476,-0.9038893580436708,-0.2746251821517944,0.1158753260970115,0.0043599749915301,0.0171665716916322,-0.1159913316369056,-0.0046703796833753,-0.0158156175166368,0.2399094402790069,-0.0560183264315128,-0.2895478010177612,-0.133777379989624,-0.0462001860141754,-0.2946988940238952,0.198621317744255,0.2523827254772186,-0.1921879053115844,-0.1012573912739753,0.2397920936346054,-0.1962306946516037
0.0090933050960302,-0.6062983870506287,-0.2486142516136169,0.1560226529836654,-0.4796303808689117,-0.0970954149961471,0.2570628523826599,-0.7009404897689819,-0.1684157699346542,-0.156888946890831,-0.4745596349239349,-0.1198320016264915,-0.2985855638980865,-0.6489527225494385,-0.2034377008676529,0.3505448698997497,-0.9634844660758972,-0.2277207672595977,-0.3443803489208221,-0.905951201915741,-0.276120126247406,0.1159091591835022,0.0043560634367167,0.0171267334371805,-0.116026185452938,-0.0046660592779517,-0.0157742574810981,0.2383694797754287,-0.050231497734785,-0.2894147932529449,-0.1366547644138336,-0.0486875437200069,-0.2984103560447693,0.1986275911331176,0.2571662366390228,-0.1914882510900497,-0.1026373952627182,0.242980495095253,-0.2012919485569
0.0114276576787233,-0.6050037145614624,-0.2488994896411895,0.1563265174627304,-0.4786594808101654,-0.0968424826860427,0.2592130005359649,-0.6993985772132874,-0.1674202382564544,-0.1566989421844482,-0.4742662608623504,-0.1210391148924827,-0.2974247634410858,-0.646480917930603,-0.2039084136486053,0.3538364470005035,-0.962651550769806,-0.2265468537807464,-0.3420450687408447,-0.9043890237808228,-0.2761598527431488,0.1159969791769981,0.0043288012966513,0.0170893408358097,-0.1161176264286041,-0.0046407738700509,-0.0157379079610109,0.2369032800197601,-0.0514517799019813,-0.2911551296710968,-0.1367945522069931,-0.0454328991472721,-0.2979343235492706,0.1985173374414444,0.2548492848873138,-0.1957697570323944,-0.1040223613381385,0.2402655184268951,-0.2015669345855713
0.0103238252922892,-0.6075912117958069,-0.2541513741016388,0.1552788466215133,-0.4792623519897461,-0.1048773080110549,0.2592240869998932,-0.7028369903564453,-0.179926648736,-0.1580561697483062,-0.4772864878177643,-0.1272571682929992,-0.300789326429367,-0.6587446928024292,-0.2079471200704574,0.3535140752792358,-0.9657108187675476,-0.2465260475873947,-0.3437340557575226,-0.9111408591270448,-0.2829263508319855,0.1161104068160057,0.004198859911412,0.0164936706423759,-0.1162348687648773,-0.0045107812620699,-0.0151418065652251,0.2327844351530075,-0.028322122991085,-0.304514080286026,-0.1571185141801834,-0.0273219030350446,-0.3055082559585571,0.1984815299510955,0.2833023369312286,-0.2020637840032577,-0.1076307967305183,0.271197497844696,-0.2074954509735107
0.0127969989553093,-0.608630895614624,-0.254991203546524,0.1589315831661224,-0.4796350300312042,-0.1046529710292816,0.2603174448013305,-0.7050771713256836,-0.1795662343502044,-0.1552069038152694,-0.4775030016899109,-0.1278547644615173,-0.2949599623680115,-0.6586238741874695,-0.2082697004079818,0.3538290858268738,-0.9694604873657228,-0.2449690252542495,-0.3416208624839782,-0.9111650586128236,-0.2827652394771576,0.1163806319236755,0.0041264980100095,0.0164656955748796,-0.116505742073059,-0.0044379020109772,-0.0151155237108469,0.233873501420021,-0.0248829368501901,-0.3078406155109405,-0.154596745967865,-0.0194427259266376,-0.3094947040081024,0.2008422166109085,0.2853935658931732,-0.2037298381328582,-0.1075604185461998,0.2781269550323486,-0.2112662941217422
0.0146730169653892,-0.623120903968811,-0.2430717796087265,0.1622612178325653,-0.4838638603687286,-0.0997383520007133,0.2628734707832336,-0.7069641947746277,-0.1672733426094055,-0.1524648070335388,-0.4774657189846039,-0.1207741573452949,-0.291316270828247,-0.6532469987869263,-0.1979403346776962,0.3530890643596649,-0.9717423915863036,-0.2190771549940109,-0.3369557857513428,-0.9088633060455322,-0.2636814415454864,0.1170316189527511,0.0041152280755341,0.0164801608771085,-0.1171481758356094,-0.0044268099591135,-0.0151236709207296,0.2295147776603698,-0.0212062876671552,-0.3084031641483307,-0.1342725455760955,-0.0231230948120355,-0.3212652802467346,0.1975688636302948,0.2859010398387909,-0.2034609168767929,-0.098813846707344,0.2733681499958038,-0.2224454432725906
0.0202396251261234,-0.6220623850822449,-0.2430988699197769,0.1654410362243652,-0.4838593602180481,-0.0989719033241272,0.2667365968227386,-0.7069231867790222,-0.1658481955528259,-0.1474191099405288,-0.4795400500297546,-0.1209146082401275,-0.2831119894981384,-0.6575175523757935,-0.1982313841581344,0.3541440963745117,-0.9716603755950928,-0.217588722705841,-0.3313777148723602,-0.911258339881897,-0.2635843157768249,0.1171913519501686,0.0042498484253883,0.0166854206472635,-0.1173077747225761,-0.0045617041178047,-0.0153283504769206,0.2320893257856369,-0.0063608917407691,-0.3078520596027374,-0.128700315952301,-0.0103157144039869,-0.3225657343864441,0.2010760903358459,0.2963097095489502,-0.2007343471050262,-0.0954539328813552,0.2799744009971618,-0.2229029685258865
0.0217934604734182,-0.624782919883728,-0.2377319782972335,0.163112387061119,-0.4871526062488556,-0.0905931144952774,0.2639583945274353,-0.7123883366584778,-0.1481158286333084,-0.147066056728363,-0.4819066226482391,-0.1210250928997993,-0.2804445624351501,-0.6623649001121521,-0.1988497674465179,0.350697785615921,-0.9735497236251832,-0.1938624382019043,-0.330790102481842,-0.9153248071670532,-0.263467013835907,0.1171696335077285,0.0044748173095285,0.0175549387931823,-0.1172882989048957,-0.0047822203487157,-0.016212785616517,0.2319425195455551,-0.0037630889564752,-0.3035878837108612,-0.1270067542791366,-0.0134265180677175,-0.3269495964050293,0.2011004537343979,0.2986604869365692,-0.1955529898405075,-0.0897498056292533,0.2779839932918548,-0.2277893275022506
0.0204688310623168,-0.624631404876709,-0.2379806339740753,0.1669517308473587,-0.4874311983585357,-0.0928432047367096,0.2661930024623871,-0.7096095085144043,-0.1628296226263046,-0.1466576755046844,-0.4840849637985229,-0.1201671883463859,-0.2807594835758209,-0.6623939871788025,-0.1985124200582504,0.3486604392528534,-0.9719201922416688,-0.2260961681604385,-0.3304034471511841,-0.9145672917366028,-0.2660567760467529,0.1177042052149772,0.0044810893014073,0.0172277688980102,-0.1178177520632743,-0.0047874366864562,-0.0158933959901332,0.2376837730407714,0.0219126231968402,-0.308941900730133,-0.1322865188121795,0.0134233580902218,-0.3274362087249756,0.2130298912525177,0.3229105472564697,-0.1960786879062652,-0.0919247567653656,0.3108366727828979,-0.2285990417003631
0.0136051718145608,-0.6323629021644592,-0.2306399494409561,0.1677426546812057,-0.495291531085968,-0.0910449102520942,0.2662723958492279,-0.7125458717346191,-0.1626612246036529,-0.1477870792150497,-0.4879364967346191,-0.1050995215773582,-0.2820844352245331,-0.6680566668510437,-0.1820074766874313,0.340015709400177,-0.9740273952484132,-0.2231659740209579,-0.3314990401268005,-0.928210198879242,-0.2508234083652496,0.1185960620641708,0.0044939005747437,0.0159570388495922,-0.1186890378594398,-0.0047994023188948,-0.014601482078433,0.2240988612174987,0.0248647890985012,-0.3204270601272583,-0.1396302282810211,0.0073345080018043,-0.3315836191177368,0.197442814707756,0.3233512043952942,-0.2039941251277923,-0.0939775928854942,0.3071309030056,-0.2387052327394485
0.0114248991012573,-0.6425715684890747,-0.2228717654943466,0.1658238768577575,-0.5026021599769592,-0.0865354314446449,0.2641100585460663,-0.7193631529808044,-0.1592956483364105,-0.1530938297510147,-0.492842823266983,-0.100000686943531,-0.2872186005115509,-0.6700066924095154,-0.1731435060501098,0.3359187543392181,-0.9843244552612304,-0.2224557250738144,-0.3315669000148773,-0.9278157353401184,-0.23981274664402,0.1192567944526672,0.0045013451017439,0.0155325680971145,-0.1193368956446647,-0.0048064589500427,-0.0141454124823212,0.2132969796657562,0.0565050616860389,-0.3305228948593139,-0.150851622223854,0.0090165538713335,-0.3431250751018524,0.195379376411438,0.3464391231536865,-0.2162540256977081,-0.1039902195334434,0.322006344795227,-0.2524191439151764
0.0091287167742848,-0.6440438032150269,-0.1923237740993499,0.1658221334218979,-0.5025008916854858,-0.0528184510767459,0.2626242637634277,-0.7169068455696106,-0.1218858063220977,-0.153743177652359,-0.4927452206611633,-0.0636830776929855,-0.2853788733482361,-0.6630143523216248,-0.1397771835327148,0.3331351578235626,-0.9792819023132324,-0.174344316124916,-0.3220772445201874,-0.9187232255935668,-0.2093110680580139,0.1200863867998123,0.0048324954695999,0.0146294208243489,-0.1201397851109504,-0.0051395422779023,-0.0131867360323667,0.1991518437862396,0.0615825578570365,-0.3319298028945923,-0.1513898819684982,0.0095000052824616,-0.3416484296321869,0.1844338774681091,0.3517731428146362,-0.2348322421312332,-0.1073738932609558,0.3334912061691284,-0.2676280736923218
0.005248965229839,-0.6382460594177246,-0.2149986177682876,0.1672374755144119,-0.5021130442619324,-0.0735834836959838,0.2689472734928131,-0.7168248891830444,-0.1545561701059341,-0.1533365547657013,-0.4932787716388702,-0.0710853412747383,-0.2853381335735321,-0.6674854159355164,-0.1482113152742386,0.3337530195713043,-0.9790512323379515,-0.2145414054393768,-0.3200660347938537,-0.922051191329956,-0.2176766395568847,0.1203383803367614,0.0049425661563873,0.0138407824560999,-0.1203754171729087,-0.0052403463050723,-0.0123851522803306,0.2020581066608429,0.0962933674454689,-0.3424742519855499,-0.151430144906044,0.0364691540598869,-0.3412882685661316,0.1775350421667099,0.3763140738010406,-0.2355447709560394,-0.1087708473205566,0.3530397117137909,-0.2662267982959747
0.0025887237861752,-0.6379159092903137,-0.2276163399219513,0.1643552780151367,-0.5011284351348877,-0.0869036689400672,0.2688587605953216,-0.7119176387786865,-0.1657338291406631,-0.1570239514112472,-0.4927218854427337,-0.0874619260430336,-0.2883704900741577,-0.6662678122520447,-0.1625189632177353,0.3334501683712005,-0.9692035913467408,-0.2225850075483322,-0.3231690227985382,-0.9215024709701538,-0.2312311679124832,0.1205383390188217,0.0050377040170133,0.0135811017826199,-0.1205722615122795,-0.0053292317315936,-0.0121243083849549,0.1935886889696121,0.1378945261240005,-0.3460748493671417,-0.1563979834318161,0.0556453876197338,-0.3416840732097626,0.17555733025074,0.3991642296314239,-0.2343832701444625,-0.1094927191734314,0.3771285116672516,-0.2629014551639557
0.0119493566453456,-0.6348388195037842,-0.2524641156196594,0.169959619641304,-0.499824047088623,-0.1023313105106353,0.2800679504871368,-0.7120957970619202,-0.1807698309421539,-0.1549234241247177,-0.4917903244495392,-0.1140002757310867,-0.2854753732681274,-0.6650589108467102,-0.1852047592401504,0.343108981847763,-0.9693078994750975,-0.2397024929523468,-0.3209978938102722,-0.921059250831604,-0.2442560791969299,0.1207857429981231,0.0051922514103353,0.0135062728077173,-0.1208187937736511,-0.0054713762365281,-0.0120610166341066,0.1935247778892517,0.1743493378162384,-0.3524957597255707,-0.1596768051385879,0.075504221022129,-0.3497429192066192,0.1743813008069992,0.4332925677299499,-0.227478876709938,-0.1064331457018852,0.405079573392868,-0.256858617067337
0.0094686197116971,-0.6323565244674683,-0.2645210921764374,0.1642724573612213,-0.4973286688327789,-0.1130336672067642,0.2750136256217956,-0.7122424840927124,-0.1857421845197677,-0.1553928107023239,-0.489794909954071,-0.1269946247339248,-0.2841388285160064,-0.6650074124336243,-0.1950698494911193,0.341152548789978,-0.9690781235694884,-0.2390517145395279,-0.3215280771255493,-0.9206867218017578,-0.2477578818798065,0.1208332329988479,0.0052226977422833,0.0135024571791291,-0.1208645403385162,-0.0055004702880978,-0.0120630003511905,0.1946974545717239,0.191398948431015,-0.3519286811351776,-0.1678861379623413,0.1041653677821159,-0.3462284803390503,0.1740395724773407,0.4574112296104431,-0.2116998583078384,-0.1066229939460754,0.4301711022853851,-0.2339638620615005
0.0072227139025926,-0.6291174292564392,-0.2787198722362518,0.1640866547822952,-0.4919059872627258,-0.126392513513565,0.2738144397735595,-0.711264431476593,-0.2027332335710525,-0.1559952944517135,-0.4793695211410522,-0.1382543295621872,-0.2877605855464935,-0.6528957486152649,-0.2086974084377288,0.3406912684440613,-0.969772458076477,-0.256693571805954,-0.3256232440471649,-0.9124589562416076,-0.2595877051353454,0.1212786510586738,0.005264095030725,0.0129170585423707,-0.1213218793272972,-0.0055381120182573,-0.0115098254755139,0.1834603399038314,0.1931335777044296,-0.3731558620929718,-0.171116217970848,0.0912088081240654,-0.3604219555854797,0.1634015440940857,0.4617734551429748,-0.2333515882492065,-0.1111666336655616,0.4344725012779236,-0.2565096914768219
-0.0021901477593928,-0.6286372542381287,-0.2860205173492431,0.1619622409343719,-0.4907493889331817,-0.1342003792524337,0.2673428654670715,-0.7120255827903748,-0.2125471532344818,-0.1561794131994247,-0.4767877459526062,-0.1414786577224731,-0.2895569205284118,-0.6526671648025513,-0.2126785963773727,0.3334822356700897,-0.9709412455558776,-0.2647860050201416,-0.3299855291843414,-0.9108847379684448,-0.2644152641296386,0.1212739646434784,0.0052836304530501,0.011732742190361,-0.1213217005133628,-0.005553267430514,-0.0103728752583265,0.1732226908206939,0.2185468524694442,-0.3710274696350097,-0.1767291277647018,0.1105670854449272,-0.3535202145576477,0.1609519273042678,0.4945176541805267,-0.2326258420944214,-0.1177136227488517,0.4723835587501526,-0.2495064437389373
-0.0039956285618245,-0.6280185580253601,-0.2951404452323913,0.1606524437665939,-0.491009384393692,-0.1440953761339187,0.2654097378253937,-0.7097254991531372,-0.2217548042535781,-0.1556899398565292,-0.4787120819091797,-0.1487262994050979,-0.2884888648986816,-0.6556515097618103,-0.2159247696399688,0.3307333886623382,-0.9636117815971376,-0.2759374380111694,-0.3308728337287903,-0.9115248918533324,-0.2702340483665466,0.1207241863012313,0.004606538452208,0.0116618480533361,-0.1208055689930915,-0.0048513724468648,-0.0103225950151681,0.1739911586046219,0.2516839504241943,-0.3241704106330871,-0.1751855164766311,0.1779480278491974,-0.295887291431427,0.1641349643468856,0.5304440855979919,-0.170339897274971,-0.1183033660054206,0.5162625908851624,-0.1779957860708236
-0.0038202563300728,-0.6400177478790283,-0.2933903634548187,0.1579676121473312,-0.5028519034385681,-0.1392600983381271,0.2650381922721863,-0.7261244058609009,-0.1979245394468307,-0.1553698778152465,-0.487710565328598,-0.1466481387615203,-0.2908709347248077,-0.6623137593269348,-0.2146099954843521,0.3327042162418365,-0.9720485806465148,-0.2468398362398147,-0.3360281586647033,-0.9116191864013672,-0.2695403695106506,0.118510901927948,0.0037434911355376,0.0119867157191038,-0.118648774921894,-0.0039493823423981,-0.0106954965740442,0.1925330460071563,0.2846623361110687,-0.2327026426792144,-0.1628993898630142,0.2402155995368957,-0.226815789937973,0.1908425241708755,0.5840994715690613,-0.0756655558943748,-0.1182121112942695,0.5622693300247192,-0.0894947871565818
-0.0028722954448312,-0.6396302580833435,-0.290499210357666,0.1554321646690368,-0.5046327114105225,-0.136860191822052,0.2598526775836944,-0.7290747761726379,-0.1934732943773269,-0.1545947939157486,-0.4885430335998535,-0.1520680487155914,-0.2899816334247589,-0.6639283895492554,-0.2250654250383377,0.3280219733715057,-0.973067820072174,-0.238306924700737,-0.3371053636074066,-0.9117143154144288,-0.2749646008014679,0.1174911484122276,0.0033102270681411,0.012686301022768,-0.1176637336611747,-0.0035044946707785,-0.0114663178101181,0.1968267261981964,0.2877413034439087,-0.2318990528583526,-0.1585504859685897,0.2524595856666565,-0.2260082066059112,0.1961472332477569,0.5930666923522949,-0.0782214850187301,-0.1173246577382087,0.5763841867446899,-0.0949061661958694
-0.002873309655115,-0.6392111778259277,-0.2899610996246338,0.1518490612506866,-0.5055116415023804,-0.1354854553937912,0.2561205327510834,-0.7298005819320679,-0.1891687959432602,-0.1547158062458038,-0.4885144531726837,-0.1556754857301712,-0.2904116809368133,-0.6619168519973755,-0.2321436703205108,0.3249916434288025,-0.9730858206748962,-0.2318499833345413,-0.3375692963600158,-0.90804523229599,-0.2795837819576263,0.1168850883841514,0.0028855167329311,0.013368098065257,-0.1170776858925819,-0.0030768166761845,-0.0122098270803689,0.2001081109046936,0.2921116352081299,-0.2210540473461151,-0.1586302071809768,0.262870728969574,-0.2187814563512802,0.1967480778694152,0.5994390845298767,-0.0601808279752731,-0.1152906790375709,0.5797915458679199,-0.0798728540539741
0.0001974581828108,-0.63861083984375,-0.2892991900444031,0.1524966061115265,-0.5054190158843994,-0.1349343061447143,0.2569823563098907,-0.7322673797607422,-0.1890622675418853,-0.1526950597763061,-0.488569438457489,-0.1548390388488769,-0.2882364094257355,-0.6644176244735718,-0.2303062230348587,0.3267256021499634,-0.9798088669776917,-0.2325767129659652,-0.3340544104576111,-0.9118801951408386,-0.2790089249610901,0.1165710911154747,0.0027615935541689,0.0133447861298918,-0.1167726963758468,-0.0029508234001696,-0.0121933566406369,0.2000095844268798,0.2952334880828857,-0.2313632220029831,-0.1550334393978119,0.2582704722881317,-0.2236548662185669,0.1963986009359359,0.6048899292945862,-0.0743049085140228,-0.112807847559452,0.588978111743927,-0.091687873005867
0.0010941042564809,-0.633937418460846,-0.3181130290031433,0.149355337023735,-0.5025573968887329,-0.1515999287366867,0.2570090889930725,-0.7314274311065674,-0.2126588225364685,-0.1527539938688278,-0.4849901795387268,-0.1792452037334442,-0.2884035408496856,-0.6446647644042969,-0.2884149253368377,0.3277649879455566,-0.9767867922782898,-0.2659203112125397,-0.3309088945388794,-0.8810554146766663,-0.3858179152011871,0.1139285862445831,0.0022476911544799,0.0137112764641642,-0.1141784861683845,-0.0024322022218257,-0.012612291611731,0.1963915228843689,0.3411190509796142,-0.1203604638576507,-0.1511601954698562,0.3245725035667419,-0.139663815498352,0.1971042156219482,0.6706812977790833,0.0369406044483184,-0.1117293685674667,0.6492884755134583,0.0076742586679756
-0.0015008674236014,-0.6314535737037659,-0.3156898915767669,0.1463297307491302,-0.502503514289856,-0.1506300866603851,0.2527231574058532,-0.7280561923980713,-0.216883972287178,-0.1537845879793167,-0.4849516153335571,-0.177978515625,-0.2879578173160553,-0.645529568195343,-0.2884835302829742,0.325935035943985,-0.9724002480506896,-0.2773185074329376,-0.3274119794368744,-0.8833046555519104,-0.3872308433055877,0.1125391945242881,0.0017963958671316,0.0140187982469797,-0.1128186285495758,-0.0019817769061774,-0.012955218553543,0.194355770945549,0.3550207912921905,-0.0709974095225334,-0.1460247933864593,0.3405120372772217,-0.1071031764149665,0.1991097033023834,0.688733696937561,0.0791749656200409,-0.1119420379400253,0.6656994223594666,0.0391566231846809
-0.0021635454613715,-0.6263109445571899,-0.3149110972881317,0.1459265649318695,-0.5018500685691833,-0.1514900922775268,0.2501517236232757,-0.7203866243362427,-0.2200391590595245,-0.1535273492336273,-0.4838339388370514,-0.1762817203998565,-0.2838463187217712,-0.6424806714057922,-0.2876750230789184,0.3164357542991638,-0.9595339298248292,-0.2818846702575683,-0.3208359777927398,-0.8805909752845764,-0.3877886235713959,0.1117614433169364,0.0009443056769669,0.0140565773472189,-0.1120469942688942,-0.0011470740428194,-0.0130063034594058,0.19261135160923,0.3589762449264526,-0.0662069618701934,-0.1383902877569198,0.3499567806720733,-0.0970397144556045,0.1988559663295745,0.6988233923912048,0.077017605304718,-0.1119349896907806,0.6821160912513733,0.0425861664116382
-0.0027374711353331,-0.6233652234077454,-0.3135320544242859,0.145012229681015,-0.5025087594985962,-0.1510818153619766,0.2501156032085418,-0.7206359505653381,-0.2186164110898971,-0.1539365798234939,-0.4853173196315765,-0.1751740425825119,-0.2828509211540222,-0.6467355489730835,-0.2857696413993835,0.3150223195552826,-0.9590189456939696,-0.2800719738006592,-0.3202785849571228,-0.8837499618530273,-0.383271723985672,0.1110999435186386,0.0006273809703998,0.0142835285514593,-0.1113705933094024,-0.0008344323723576,-0.0132613014429807,0.1926023811101913,0.3581831157207489,-0.0698179826140403,-0.1312824934720993,0.3499459028244018,-0.0940280184149742,0.1986740529537201,0.7025130987167358,0.06770970672369,-0.1079600304365158,0.6801899075508118,0.0437028482556343
-0.002701205201447,-0.6200138926506042,-0.3157975971698761,0.1438943743705749,-0.5023735761642456,-0.1504602879285812,0.2475040555000305,-0.7186892032623291,-0.2177207469940185,-0.1542341113090515,-0.4861194789409637,-0.1796182096004486,-0.2767348289489746,-0.6480699181556702,-0.2967636585235595,0.3118473589420318,-0.952173113822937,-0.2799883484840393,-0.3146483302116394,-0.8846290707588196,-0.3981949090957641,0.1106919422745704,0.0002232465631095,0.0146914217621088,-0.1109585091471672,-0.0004349838127382,-0.0136874616146087,0.1925998330116272,0.3624110221862793,-0.0639460906386375,-0.1287890970706939,0.3551712334156036,-0.085220992565155,0.2008726596832275,0.705328106880188,0.0714399665594101,-0.106469489634037,0.6869401335716248,0.0495908074080944
-0.0027803641278296,-0.6186960339546204,-0.3145990669727325,0.1436812579631805,-0.5023660063743591,-0.1494170874357223,0.2463371455669403,-0.7164730429649353,-0.2172441333532333,-0.1542727649211883,-0.4861717224121094,-0.1773803383111953,-0.2765668332576751,-0.6452217698097229,-0.2940388321876526,0.3095362782478332,-0.950849175453186,-0.2832770347595215,-0.3119625151157379,-0.8798875212669373,-0.3999309539794922,0.1103083044290542,1.097764766200271e-06,0.0147261517122387,-0.1105700954794883,-0.0002169156214222,-0.0137247946113348,0.1925471574068069,0.3642297387123108,-0.0529843717813491,-0.1272213011980056,0.3591428399085998,-0.0749799311161041,0.2033511400222778,0.710715115070343,0.0769360288977623,-0.1055122166872024,0.6942546963691711,0.0544638447463512
-0.002797998022288,-0.6168298125267029,-0.3138008415699005,0.1425985544919967,-0.502422571182251,-0.1478597968816757,0.2448675781488418,-0.7178105711936951,-0.2158286422491073,-0.1547072231769561,-0.4863931238651275,-0.175873726606369,-0.2767488956451416,-0.6454465985298157,-0.2926766574382782,0.3049329221248626,-0.9516392350196838,-0.2824116945266723,-0.3112713098526001,-0.8806087374687195,-0.3959022164344787,0.109858751296997,-0.0001073943494702,0.0147503921762108,-0.1100943908095359,-0.0001122245230362,-0.0137516297399997,0.1901177614927292,0.3680016994476318,-0.0547525584697723,-0.1256109625101089,0.3631840050220489,-0.0569308623671531,0.1998625695705413,0.717647135257721,0.0753434672951698,-0.1045623868703842,0.6974475383758545,0.070907287299633
-0.001774204429239,-0.6218132376670837,-0.2949831187725067,0.1431909054517746,-0.5044718384742737,-0.1339548677206039,0.2447486668825149,-0.7170661091804504,-0.2054372429847717,-0.1536601036787033,-0.488139659166336,-0.1531499177217483,-0.2763211131095886,-0.645552933216095,-0.2644707560539245,0.302740603685379,-0.9494050145149232,-0.2776164710521698,-0.309122085571289,-0.8814118504524231,-0.3681178987026214,0.1096110790967941,-0.0005805193795822,0.0144757647067308,-0.109829269349575,0.0003387335455045,-0.0134745566174387,0.1858654469251632,0.3709486424922943,-0.0344315655529499,-0.1239660829305648,0.3651821613311767,-0.0418443493545055,0.19988614320755,0.7192254662513733,0.0957307294011116,-0.1032663285732269,0.7004507184028625,0.0902631804347038
-0.0018621718045324,-0.6199753284454346,-0.2968604266643524,0.1431271135807037,-0.5034499168395996,-0.1384039372205734,0.2444663047790527,-0.7105019092559814,-0.2235045880079269,-0.1536307483911514,-0.4881574809551239,-0.154623806476593,-0.2764224708080292,-0.6450974345207214,-0.2654201984405517,0.3025024831295013,-0.9406800866127014,-0.306021898984909,-0.3092909157276153,-0.881144106388092,-0.3755850791931152,0.1093016862869262,-0.0006852758233435,0.0142298117280006,-0.109501801431179,0.000434374611359,-0.0132194636389613,0.1769684255123138,0.376968115568161,-0.0264787916094064,-0.123760312795639,0.3676525354385376,-0.0342622622847557,0.1970023363828659,0.726344645023346,0.0964070856571197,-0.1050255000591278,0.7068907618522644,0.0895682647824287
-0.0020045486744493,-0.6227895021438599,-0.2925147712230682,0.1431286931037902,-0.5056995749473572,-0.1352998912334442,0.244539588689804,-0.7138322591781616,-0.2109099626541137,-0.1523520052433014,-0.4903078377246856,-0.1486316621303558,-0.2752279937267303,-0.645144522190094,-0.259897768497467,0.3025664389133453,-0.9482107162475586,-0.2842623293399811,-0.3059163689613342,-0.8812617063522339,-0.3733713328838348,0.1091360747814178,-0.0011344108497723,0.0139645636081695,-0.1093320250511169,0.0008479388197883,-0.0129454992711544,0.1757137030363083,0.3767426311969757,-0.0139267947524786,-0.1218258887529373,0.3705909848213196,-0.0272042155265808,0.1969917118549347,0.7239723205566406,0.1119457632303237,-0.1021750718355178,0.7122315764427185,0.1003958359360694
-0.0007927984697744,-0.6209703087806702,-0.2924646437168121,0.1426266133785247,-0.5053494572639465,-0.1344412714242935,0.2443699389696121,-0.7131977081298828,-0.211018830537796,-0.1530883759260177,-0.4905412495136261,-0.1469018310308456,-0.2831657528877258,-0.6481557488441467,-0.2608939111232757,0.3029984533786773,-0.9435298442840576,-0.2907264828681946,-0.3073095679283142,-0.882048487663269,-0.3740298748016357,0.1089140102267265,-0.0012810818152502,0.012780207209289,-0.1090909168124198,0.0009945586789399,-0.0117694484069943,0.1709801107645034,0.3774287700653076,-0.0282354801893234,-0.1219356060028076,0.3734855055809021,-0.0290216356515884,0.1968477070331573,0.7256311774253845,0.0880519822239875,-0.1000830382108688,0.7170742750167847,0.0946961119771003
-0.0059684785082936,-0.6184262633323669,-0.301397830247879,0.1381421387195587,-0.502258837223053,-0.140633150935173,0.2331333458423614,-0.7041018009185791,-0.2167304158210754,-0.1535816788673401,-0.4898172914981842,-0.150026798248291,-0.2830003499984741,-0.6412090063095093,-0.2614626288414001,0.2943962514400482,-0.936917245388031,-0.2999914586544037,-0.3074326515197754,-0.8725261688232422,-0.380721777677536,0.1088586300611496,-0.0016789345536381,0.0119100958108901,-0.1090338602662086,0.0013481106143444,-0.0108509873971343,0.1664337068796157,0.384990781545639,-0.0167137533426284,-0.1225253567099571,0.376154750585556,-0.0255025327205657,0.1936237961053848,0.7318519949913025,0.0963184759020805,-0.1012627184391021,0.7267053723335266,0.0943119376897811
-0.0059522609226405,-0.6272605657577515,-0.2840521335601806,0.137289211153984,-0.5024905800819397,-0.1260286569595337,0.2219719588756561,-0.6996432542800903,-0.2015434503555297,-0.1541195511817932,-0.4908383190631866,-0.1314930468797683,-0.2821415662765503,-0.641339123249054,-0.235771045088768,0.2786647379398346,-0.9298698902130128,-0.2835466265678406,-0.3076386749744415,-0.8723536729812622,-0.3526079654693603,0.1089444607496261,-0.0021989098750054,0.011031094007194,-0.1091193258762359,0.0018112109974026,-0.0099204173311591,0.1613572984933853,0.3917419612407684,-0.0077300206758081,-0.1218941137194633,0.3801314234733581,-0.0157802142202854,0.1821558475494384,0.7340096831321716,0.1080944165587425,-0.0994539707899093,0.7333435416221619,0.1002129092812538
-0.0059681800194084,-0.6254304051399231,-0.2847755551338196,0.1372680068016052,-0.5025114417076111,-0.1277779936790466,0.221355140209198,-0.7001302242279053,-0.2022835314273834,-0.1541365832090377,-0.4908562004566192,-0.1341182887554168,-0.2818240225315094,-0.642443060874939,-0.2401290088891983,0.2759775817394256,-0.9307843446731568,-0.2801322340965271,-0.3078818321228027,-0.8726533651351929,-0.3550578951835632,0.1089181452989578,-0.0022666922304779,0.0096147060394287,-0.1090934723615646,0.001882480806671,-0.0085062934085726,0.1524764895439148,0.3979270756244659,-0.0052869571372866,-0.1211565434932708,0.3845557272434234,-0.0081942919641733,0.1780219823122024,0.7387868165969849,0.106868952512741,-0.1007187813520431,0.7424290776252747,0.0994480773806572
-0.0067787133157253,-0.6242186427116394,-0.2778959274291992,0.1338350772857666,-0.5019930005073547,-0.1197777464985847,0.2157119512557983,-0.6975231766700745,-0.1903892755508422,-0.1563179194927215,-0.4904095232486725,-0.1233501434326171,-0.2845202982425689,-0.6426020264625549,-0.2355712801218032,0.2746624946594238,-0.9271011352539062,-0.2646912038326263,-0.3101172745227813,-0.8729870915412903,-0.3566624820232391,0.1088697090744972,-0.0023364934604614,0.0087372241541743,-0.1090402454137802,0.0019409072119742,-0.0076208282262086,0.1454205363988876,0.4026735126972198,-0.0065601877868175,-0.1204061582684516,0.3866483867168426,-0.007259055506438,0.1740188747644424,0.7442498207092285,0.1038086116313934,-0.1001679226756095,0.7480185627937317,0.0983058512210846
-0.0070033711381256,-0.6168649196624756,-0.3032713830471039,0.134136825799942,-0.495934396982193,-0.140594020485878,0.214653342962265,-0.690366268157959,-0.2205568552017212,-0.1562045961618423,-0.487447440624237,-0.1465301066637039,-0.2786554098129272,-0.6413996815681458,-0.2643507122993469,0.2706817984580993,-0.9212902784347534,-0.3029805719852447,-0.309517502784729,-0.870639443397522,-0.3952294290065765,0.1088606640696525,-0.0024167411029338,0.0080347256734967,-0.1090332493185997,0.0020099389366805,-0.0069473516196012,0.1355127394199371,0.4069011807441711,-0.004765816964209,-0.1182061359286308,0.3897513747215271,-0.0005112073849886,0.1708037853240966,0.7471427917480469,0.1036253347992897,-0.0987651571631431,0.7499680519104004,0.1046643704175949
-0.0081953825429081,-0.6140849590301514,-0.3206614255905151,0.133900836110115,-0.4929281771183014,-0.1580369621515274,0.2131457328796386,-0.6907689571380615,-0.232671707868576,-0.1559163480997085,-0.4855333268642425,-0.1600443124771118,-0.2775277197360992,-0.6387126445770264,-0.2773618102073669,0.2685161828994751,-0.9216722846031188,-0.3081165552139282,-0.309175580739975,-0.8671853542327881,-0.4125085771083832,0.1088475286960601,-0.0024447131436318,0.0065013216808438,-0.1090212762355804,0.0020284818019717,-0.005430816207081,0.1316108256578445,0.409060388803482,-0.004508570767939,-0.1178755536675453,0.3916347324848175,0.0053283534944057,0.1661963462829589,0.7509489059448242,0.1034460365772247,-0.0991216823458671,0.7502402663230896,0.1116893216967582
-0.0105972858145833,-0.6131280064582825,-0.3106310367584228,0.1333944648504257,-0.4932884573936462,-0.1486403495073318,0.2124204933643341,-0.6910440325737,-0.2273835688829422,-0.1571510285139084,-0.4849387407302856,-0.1512256264686584,-0.2792437672615051,-0.6385265588760376,-0.2725423574447632,0.2655841112136841,-0.9218783974647522,-0.3065482974052429,-0.3102827370166778,-0.8670323491096497,-0.4091745018959045,0.108863741159439,-0.0025211402680724,0.0065060392953455,-0.1090349555015564,0.0020980343688279,-0.0054349089041352,0.1297371834516525,0.4099297821521759,-0.0048090848140418,-0.1180479675531387,0.3918255865573883,0.004666268825531,0.1627571135759353,0.756080150604248,0.0939885750412941,-0.1018193885684013,0.7526670694351196,0.1022986397147178
-0.0108623700216412,-0.6100009083747864,-0.3122720122337341,0.1333047151565551,-0.4928891062736511,-0.1484061181545257,0.2110022604465484,-0.6892132759094238,-0.2277162969112396,-0.1573063135147094,-0.4828417897224426,-0.1544941812753677,-0.2790295779705047,-0.6344316005706787,-0.2770399451255798,0.2631074786186218,-0.92044860124588,-0.3095137178897857,-0.3107241690158844,-0.8646795749664307,-0.4141367375850677,0.1088892817497253,-0.0025701581034809,0.0065463627688586,-0.1090580001473426,0.0021402717102319,-0.0054784622043371,0.1284765154123306,0.4118327498435974,-0.0051036486402153,-0.1181540861725807,0.3923478722572326,0.0034044079948216,0.1605170518159866,0.7614907026290894,0.0877649560570716,-0.1021663323044776,0.7539300322532654,0.0994157865643501
-0.0108611723408102,-0.6056868433952332,-0.3299640119075775,0.1335718333721161,-0.4908718466758728,-0.1625436246395111,0.2111609876155853,-0.6870654821395874,-0.2451925128698349,-0.1565058827400207,-0.4807454645633697,-0.1715371161699295,-0.2751494944095611,-0.6302055716514587,-0.294296383857727,0.2633810043334961,-0.9175189733505248,-0.3318238258361816,-0.3096567392349243,-0.8600966334342957,-0.4327439069747925,0.1088795512914657,-0.0025607263669371,0.0064222756773233,-0.1090498566627502,0.0021227651741355,-0.0053622871637344,0.1289897114038467,0.4118371307849884,-0.0079464502632617,-0.1183706521987915,0.393020749092102,0.0025004686322063,0.160271868109703,0.762984037399292,0.0832252353429794,-0.102529153227806,0.7550029158592224,0.0988672375679016
-0.0110217463225126,-0.6077269315719604,-0.3075711727142334,0.1333173513412475,-0.4933753609657287,-0.1446772813796997,0.209672525525093,-0.688860297203064,-0.2232944816350937,-0.1583908945322036,-0.4816422164440155,-0.1489345282316208,-0.2794485986232757,-0.6356106400489807,-0.2695332467556,0.2619073987007141,-0.918631076812744,-0.3040822744369507,-0.3096525967121124,-0.8656137585639954,-0.4021655917167663,0.1089429631829261,-0.002669301116839,0.0059859557077288,-0.109108917415142,0.0022253619972616,-0.0049344627186656,0.1284897178411483,0.4120141863822937,-0.0079996222630143,-0.1193848252296447,0.3934465646743774,0.0026439849752932,0.1606181412935257,0.7626307010650635,0.0846977159380912,-0.1043933555483818,0.7554208636283875,0.1000885218381881
-0.0095774056389927,-0.602970540523529,-0.3243278563022613,0.1342060565948486,-0.4899162352085113,-0.1579008400440216,0.2096705138683319,-0.6873871684074402,-0.2428004890680313,-0.1549602895975113,-0.4774640202522278,-0.1641539931297302,-0.2727283239364624,-0.6215043663978577,-0.2906530201435089,0.2610504627227783,-0.9188138842582704,-0.3293950855731964,-0.3087092936038971,-0.8502066135406494,-0.4337669014930725,0.1089407205581665,-0.0027035262901335,0.0059076393954455,-0.1091069877147674,0.0022561266086995,-0.0048560476861894,0.1271864920854568,0.4125376641750335,-0.0143640488386154,-0.1193784475326538,0.394222229719162,0.00130208034534,0.1604015380144119,0.7633019089698792,0.0703985393047332,-0.1038576290011406,0.7585316300392151,0.0909946337342262
-0.0094678020104765,-0.6035188436508179,-0.3247289657592773,0.1341751515865326,-0.4908020496368408,-0.1592742800712585,0.2094364613294601,-0.6886802315711975,-0.2411231696605682,-0.1549868434667587,-0.4783667027950287,-0.1636761724948883,-0.2763250172138214,-0.631476104259491,-0.2889202833175659,0.2612107992172241,-0.918857753276825,-0.327495127916336,-0.308879941701889,-0.8579464554786682,-0.4308939576148987,0.1089300885796547,-0.0027181431651115,0.0053187231533229,-0.1090940237045288,0.0022653467021882,-0.0042746202088892,0.1273316293954849,0.4129725396633148,-0.0133520504459738,-0.1205153912305831,0.3951679468154907,0.0044840928167104,0.1605250537395477,0.7636165022850037,0.0737734362483024,-0.1039483994245529,0.7596533894538879,0.0969897955656051
-0.0087057631462812,-0.6035134792327881,-0.3249691724777221,0.1349284499883651,-0.4903033077716827,-0.1590016335248947,0.2096819877624511,-0.6887376308441162,-0.2403674572706222,-0.1539461016654968,-0.4783385992050171,-0.164896011352539,-0.2762393057346344,-0.6336941719055176,-0.2880813181400299,0.260562539100647,-0.9190860986709596,-0.3250814974308014,-0.3072093725204468,-0.8611555099487305,-0.429317831993103,0.108942724764347,-0.0027247676625847,0.0062080682255327,-0.1091065183281898,0.0022639748640358,-0.005146199837327,0.1278539597988128,0.4141156673431396,-0.0094674257561564,-0.1216251999139785,0.3940387666225433,0.0016398817533627,0.158640831708908,0.7636257410049438,0.0766780748963356,-0.1060833409428596,0.758186399936676,0.0953896567225456
-0.0089290039613842,-0.6064026355743408,-0.3238862454891205,0.1332594752311706,-0.4901669919490814,-0.1588139683008194,0.2093309909105301,-0.6877349615097046,-0.2397370636463165,-0.1560892462730407,-0.4789985716342926,-0.1639718860387802,-0.2806711792945862,-0.6350123286247253,-0.2817668318748474,0.2605802118778229,-0.9152514338493348,-0.3235460519790649,-0.3106753826141357,-0.8624081611633301,-0.4082098305225372,0.1089181378483772,-0.0027406071312725,0.005939036142081,-0.1090811267495155,0.0022772748488932,-0.0048744971863925,0.127814382314682,0.4137036204338074,-0.0103617096319794,-0.122354082763195,0.394030898809433,0.0015206629177555,0.1592254191637039,0.763446569442749,0.0772052183747291,-0.1080211102962493,0.7577496767044067,0.0954160764813423
-0.0095042986795306,-0.6096948385238647,-0.2653639316558838,0.1284489333629608,-0.4929387271404266,-0.1028533577919006,0.2085403949022293,-0.6842125654220581,-0.1799212098121643,-0.1636822968721389,-0.4765382707118988,-0.1170622929930687,-0.2915903627872467,-0.6223870515823364,-0.2405708134174347,0.2608559727668762,-0.911331593990326,-0.2695297002792358,-0.3173456192016601,-0.8559224009513855,-0.3677537143230438,0.108812965452671,-0.0039621815085411,0.0078387921676039,-0.10895636677742,0.0034525298979133,-0.0067679551430046,0.1293450593948364,0.4154984652996063,-0.0168783757835626,-0.1290981322526931,0.392802357673645,-0.0156825184822082,0.1622174680233001,0.7710704207420349,0.0685081630945205,-0.1064090654253959,0.7568894624710083,0.077484056353569
-0.0095073096454143,-0.6072672605514526,-0.2838211059570312,0.1285755485296249,-0.4921906590461731,-0.1163096576929092,0.2083439379930496,-0.6842679977416992,-0.1865661889314651,-0.1612322032451629,-0.4761168658733368,-0.1275187134742736,-0.2905552089214325,-0.6185632944107056,-0.2486394643783569,0.2605958580970764,-0.9139379262924194,-0.271192193031311,-0.3159599602222442,-0.8517853021621704,-0.3796006441116333,0.1087685152888298,-0.00398112507537,0.0076352432370185,-0.1089147850871086,0.0034697784576565,-0.0065720928832888,0.1289212703704834,0.4155841469764709,-0.0177106466144323,-0.1279675662517547,0.3935249149799347,-0.0155638381838798,0.1659775376319885,0.771076500415802,0.0628786757588386,-0.1040990874171257,0.7600042223930359,0.0744262561202049
-0.0106681184843182,-0.6078940033912659,-0.2831616699695587,0.1276744306087494,-0.4923073351383209,-0.1149984747171402,0.2083731889724731,-0.684295117855072,-0.1846442818641662,-0.1629702597856521,-0.4769571125507355,-0.1265846490859985,-0.2928133606910705,-0.6205172538757324,-0.2445286810398101,0.2614093422889709,-0.9116119146347046,-0.2650420367717743,-0.3171203136444092,-0.8526841402053833,-0.3712549805641174,0.1087589338421821,-0.0039911577478051,0.0076672937721014,-0.10889932513237,0.0034773382358253,-0.0065960120409727,0.1269585043191909,0.4156257212162018,-0.0177958980202674,-0.1279374957084655,0.393551617860794,-0.0150925545021891,0.16390261054039,0.7717342376708984,0.0611649751663208,-0.106578417122364,0.7599854469299316,0.0740662515163421
-0.0103708105161786,-0.6114586591720581,-0.2675957381725311,0.1282066851854324,-0.4922995567321777,-0.1035860478878021,0.2086714953184127,-0.682127058506012,-0.1769789010286331,-0.1628853976726532,-0.4769843518733978,-0.1115055084228515,-0.2919785678386688,-0.6196877360343933,-0.232777252793312,0.263243019580841,-0.9100810289382936,-0.2590788602828979,-0.317046046257019,-0.8526806831359863,-0.36325404047966,0.10878636687994,-0.0041723581962287,0.0072919600643217,-0.1089245378971099,0.0036550278309732,-0.0062330607324838,0.1271789520978927,0.415333479642868,-0.0187162421643733,-0.1277584731578827,0.3936736583709717,-0.0154114179313182,0.1640434563159942,0.7716950178146362,0.0615452006459236,-0.1018749773502349,0.75996994972229,0.0745430812239646
-0.0077629457227885,-0.609569251537323,-0.2719577252864837,0.1279271095991134,-0.492532730102539,-0.1041762381792068,0.2073117792606353,-0.6824048757553101,-0.1809363961219787,-0.1631239503622055,-0.4770056903362274,-0.1221416294574737,-0.2917169034481048,-0.6200427412986755,-0.2468878477811813,0.2629633247852325,-0.9102956056594848,-0.2694749534130096,-0.3171238303184509,-0.8537724018096924,-0.3762587904930115,0.108788400888443,-0.0042572580277919,0.0080612869933247,-0.1089254319667816,0.0037406454794108,-0.007003101054579,0.127143383026123,0.4153126180171966,-0.0174324717372655,-0.1275160610675811,0.3936852216720581,-0.0154308220371603,0.1638532876968383,0.7715365290641785,0.0624608434736728,-0.1034117713570594,0.7595139741897583,0.0746081992983818
-0.0078460648655891,-0.6098446249961853,-0.2685903310775757,0.1277659982442855,-0.4932588636875152,-0.103821575641632,0.2047621309757232,-0.6823629140853882,-0.1811800599098205,-0.1627299189567566,-0.4771475493907928,-0.1150894686579704,-0.2908642292022705,-0.6191152930259705,-0.2430480420589447,0.2601358592510223,-0.9103215336799622,-0.270217627286911,-0.3171272575855255,-0.8536012768745422,-0.3758653104305267,0.1087327376008033,-0.0042989458888769,0.0072178361006081,-0.1088691726326942,0.0037849587388336,-0.0061822282150387,0.1260218620300293,0.4153507053852081,-0.0179888550192117,-0.1286914646625518,0.3938988149166107,-0.0160466115921735,0.1642710715532302,0.770884096622467,0.062561422586441,-0.1034403443336486,0.760638952255249,0.0738034099340438
-0.0076110851950943,-0.609835684299469,-0.269196480512619,0.1285986304283142,-0.4934550821781158,-0.1053481549024581,0.2059675306081771,-0.6838123798370361,-0.1813950538635254,-0.1604865789413452,-0.4772331416606903,-0.1154048964381218,-0.2901809811592102,-0.6190935373306274,-0.2421927750110626,0.2603947222232818,-0.9134743809700012,-0.263344407081604,-0.3166019320487976,-0.8536152243614197,-0.3754754066467285,0.1086722537875175,-0.0043214252218604,0.0069296834990382,-0.1088081747293472,0.0038073116447776,-0.0058975773863494,0.1256816834211349,0.4154579043388366,-0.0179083552211523,-0.1287730783224105,0.3940040171146393,-0.0159758385270833,0.1677497327327728,0.769972026348114,0.0629358440637588,-0.1033519655466079,0.7611154913902283,0.0739431157708168
-0.0064311870373785,-0.608730673789978,-0.2797708809375763,0.1289879083633422,-0.4934004843235016,-0.1127725467085838,0.2064652889966964,-0.6841056942939758,-0.1917943954467773,-0.1605143994092941,-0.4769291877746582,-0.1275876462459564,-0.2907591760158539,-0.6199246644973755,-0.2520823180675506,0.2605454921722412,-0.9133795499801636,-0.2773697078227997,-0.3169572949409485,-0.854574978351593,-0.3809674382209778,0.108687974512577,-0.004341188352555,0.007083864416927,-0.1088241338729858,0.0038269551005214,-0.0060496223159134,0.1256466954946518,0.4154725074768066,-0.0154652651399374,-0.1287387907505035,0.3939480185508728,-0.0148030826821923,0.1678434312343597,0.7699123024940491,0.0691128894686698,-0.1048422083258628,0.7592973113059998,0.077923908829689
-0.0063521545380353,-0.609362781047821,-0.2758926153182983,0.1289887875318527,-0.494246244430542,-0.1096920520067215,0.2074964046478271,-0.6840053200721741,-0.1873178333044052,-0.1622541695833206,-0.4772833585739136,-0.1179608032107353,-0.2991710901260376,-0.6216735243797302,-0.2341756969690323,0.2605806589126587,-0.9087969064712524,-0.2734701633453369,-0.3213800489902496,-0.8569404482841492,-0.3587900102138519,0.1086927503347396,-0.004407990258187,0.0056517892517149,-0.1088273078203201,0.0038962815888226,-0.0046268599107861,0.1253366768360138,0.4153828024864197,-0.0172395538538694,-0.1281784772872924,0.3943866491317749,-0.0101388171315193,0.169310063123703,0.7691633105278015,0.0682184547185897,-0.1038460358977317,0.7592962384223938,0.0809439197182655
-0.0022785717155784,-0.6103020310401917,-0.2718749642372131,0.1336928009986877,-0.4943049848079681,-0.1037114933133125,0.2149820774793625,-0.6796717047691345,-0.1684179604053497,-0.1612886041402816,-0.4782869815826416,-0.1096578389406204,-0.2992655634880066,-0.622614324092865,-0.2148609757423401,0.2628954350948334,-0.9021705985069276,-0.246002584695816,-0.31690514087677,-0.8589052557945251,-0.3322087228298187,0.1088432967662811,-0.0044536064378917,0.00488125346601,-0.1089910194277763,0.0039369850419461,-0.0038679633289575,0.1272210478782653,0.4152670800685882,-0.016960259526968,-0.1266197562217712,0.3944258987903595,-0.0078320447355508,0.1726060062646865,0.7660484313964844,0.0738162323832511,-0.0990277379751205,0.7581309080123901,0.0868684723973274
-0.0064265229739248,-0.6221473813056946,-0.2457473576068878,0.1334811151027679,-0.5021416544914246,-0.0808486640453338,0.2171822041273117,-0.6872925162315369,-0.1317681223154068,-0.1655262261629104,-0.4830701053142547,-0.0790390148758888,-0.3090646266937256,-0.6318190693855286,-0.1644755750894546,0.2630049884319305,-0.9059039950370787,-0.1946740597486496,-0.3181677162647247,-0.8674484491348267,-0.2639639973640442,0.109086737036705,-0.0045338310301303,0.0034606277476996,-0.1092448532581329,0.0040117083117365,-0.0024386623408645,0.1270608007907867,0.4151653051376343,-0.0122908782213926,-0.1267020553350448,0.3949138820171356,-0.0006507784710265,0.171178787946701,0.7651562094688416,0.0850358083844184,-0.0993450134992599,0.7582906484603882,0.0934518948197364
-0.00605797348544,-0.6215257048606873,-0.2429019510746002,0.1386047750711441,-0.5019267201423645,-0.0734455212950706,0.2388986945152282,-0.684211254119873,-0.119000144302845,-0.1654577702283859,-0.4831601083278656,-0.0718013644218444,-0.3155423700809479,-0.6337805986404419,-0.1410484462976455,0.2668801844120025,-0.8973519802093506,-0.1784342974424362,-0.3182794749736786,-0.8674562573432922,-0.2264869958162307,0.1092729642987251,-0.0045651379041373,0.0021807404700666,-0.1094489991664886,0.004037738777697,-0.0011811577714979,0.1313526034355163,0.4135904312133789,-0.0144672747701406,-0.1251108348369598,0.3947993218898773,-0.0007211419288069,0.1754423975944519,0.7634979486465454,0.0819150954484939,-0.0919675379991531,0.7581005692481995,0.0929913148283958
-0.0056657483801245,-0.6308190822601318,-0.1607092469930648,0.1424269378185272,-0.5088816285133362,0.014801918528974,0.2572608292102813,-0.6836572885513306,-0.0115782162174582,-0.1674059629440307,-0.486171543598175,0.0030976440757513,-0.3192497789859772,-0.6342067718505859,-0.0493623130023479,0.2701270580291748,-0.8889749050140381,-0.0503178685903549,-0.309151291847229,-0.8670855760574341,-0.1184082776308059,0.1098723784089088,-0.0045389216393232,0.0030415940564125,-0.1100326031446456,0.0040004588663578,-0.0019930831622332,0.1343954056501388,0.4126059710979461,-0.0090845637023448,-0.1190002337098121,0.3930975496768951,-0.0008617962012067,0.1758982539176941,0.762830913066864,0.0841551795601844,-0.0919994786381721,0.7549283504486084,0.0885617062449455
0.0008856971981003,-0.6482025384902954,-0.1036670133471489,0.1506429314613342,-0.5106295347213745,0.0663514360785484,0.2853176295757293,-0.6756975054740906,0.0276121851056814,-0.1655647009611129,-0.4872135519981384,0.0602466240525245,-0.318542867898941,-0.6337539553642273,0.0242405049502849,0.2755525410175323,-0.8745013475418091,-0.0201287902891635,-0.2890382707118988,-0.8577362895011902,-0.0185778867453336,0.1100946962833404,-0.0046483525075018,0.0042318901978433,-0.1102482303977012,0.0041063944809138,-0.0031897374428808,0.1437664628028869,0.411214530467987,-0.0081679970026016,-0.1108240336179733,0.3924899995326996,-0.008089181035757,0.1834685802459716,0.7608982920646667,0.0837189629673957,-0.0879081264138221,0.7549781203269958,0.0762649998068809
