head_x,head_y,head_z,left_shoulder_x,left_shoulder_y,left_shoulder_z,left_elbow_x,left_elbow_y,left_elbow_z,right_shoulder_x,right_shoulder_y,right_shoulder_z,right_elbow_x,right_elbow_y,right_elbow_z,left_hand_x,left_hand_y,left_hand_z,right_hand_x,right_hand_y,right_hand_z,left_hip_x,left_hip_y,left_hip_z,right_hip_x,right_hip_y,right_hip_z,left_knee_x,left_knee_y,left_knee_z,right_knee_x,right_knee_y,right_knee_z,left_foot_x,left_foot_y,left_foot_z,right_foot_x,right_foot_y,right_foot_z
-0.0226436108350753,-0.6143313050270081,-0.2365777045488357,0.1380233019590377,-0.5096526145935059,-0.1018935292959213,0.1904080957174301,-0.7187281847000122,-0.1860521733760833,-0.136348471045494,-0.5037617087364197,-0.0968266278505325,-0.2052811831235885,-0.6816272735595703,-0.1966734379529953,0.2168519794940948,-0.9497460126876832,-0.2408229708671569,-0.218949556350708,-0.9169471859931946,-0.2866456210613251,0.1076165065169334,0.0005257501034066,0.0029389646369963,-0.1079003512859344,-0.0010025268420577,-0.0018549520755186,0.1188402250409126,0.4126859009265899,-0.013733061030507,-0.1638272702693939,0.3918496966361999,-0.0202820319682359,0.1892544478178024,0.761043131351471,0.0996147543191909,-0.1830163747072219,0.7619784474372864,0.081359177827835
-0.0217378251254558,-0.6146000027656555,-0.2394271045923233,0.1389786154031753,-0.5083900094032288,-0.1072577461600303,0.1906722337007522,-0.7147243618965149,-0.2047255933284759,-0.136149525642395,-0.5032458901405334,-0.0972105264663696,-0.2045627683401107,-0.6796095967292786,-0.2025634944438934,0.2170323133468628,-0.9429252743721008,-0.2728551030158996,-0.2173489928245544,-0.9143654108047484,-0.3042877912521362,0.1077073588967323,0.0005039246752858,0.0015905565815046,-0.107991337776184,-0.0009811434429138,-0.0005258704768493,0.1183807328343391,0.4127035737037658,-0.0190446879714727,-0.1638281643390655,0.3919345438480377,-0.0189083404839038,0.1870976388454437,0.7611039876937866,0.0956913828849792,-0.1783548891544342,0.7619087100028992,0.0829456597566604
-0.0224133264273405,-0.6173523664474487,-0.2388878017663955,0.138885885477066,-0.5084161758422852,-0.1072969734668731,0.1917976886034011,-0.7158688902854919,-0.2030392587184906,-0.1366967260837555,-0.5037439465522766,-0.0949616432189941,-0.206880584359169,-0.6830407381057739,-0.1938659846782684,0.2179010808467865,-0.9468372464179992,-0.2608186304569244,-0.2239248901605606,-0.9182476997375488,-0.2912471294403076,0.1077353060245513,0.0004996870993636,0.0010958474595099,-0.1080172657966613,-0.0009777483064681,-3.714119884534739e-05,0.1181506663560867,0.4127688407897949,-0.0189949199557304,-0.1638988405466079,0.3918775916099548,-0.016683654859662,0.1862472146749496,0.7612575888633728,0.0952833667397499,-0.1782404631376266,0.7610478401184082,0.0851116180419921
-0.0197263248264789,-0.6136245131492615,-0.249558612704277,0.1389483213424682,-0.5076404213905334,-0.1119673252105712,0.1919802725315094,-0.715962290763855,-0.2022678554058075,-0.1365416944026947,-0.5010032057762146,-0.1099399998784065,-0.2069208920001983,-0.677879273891449,-0.2237429320812225,0.2181781083345413,-0.9469029307365416,-0.2597235739231109,-0.2214352339506149,-0.9123303890228271,-0.3306901752948761,0.1077692806720733,0.0003784804139286,0.001882160664536,-0.1080542057752609,-0.0008639934239909,-0.0008212392567656,0.1180796846747398,0.4130892157554626,-0.0182217042893171,-0.1644427925348281,0.3921947181224823,-0.0191502626985311,0.1874701827764511,0.761033296585083,0.0965176969766616,-0.1800617724657058,0.7614823579788208,0.0832347646355629
-0.0194806959480047,-0.6169682145118713,-0.2414073497056961,0.1391191780567169,-0.5085035562515259,-0.1065695136785507,0.1937937885522842,-0.7175869941711426,-0.1925165206193924,-0.1371330022811889,-0.5025232434272766,-0.1039616018533706,-0.2072696983814239,-0.6811134815216064,-0.2131767868995666,0.220268502831459,-0.9493788480758668,-0.2461788058280944,-0.2203831225633621,-0.9142892360687256,-0.3106952905654907,0.1078657060861587,0.000360642443411,0.001865531085059,-0.1081518828868866,-0.0008469483582302,-0.0008026964496821,0.1179890558123588,0.4129029512405395,-0.0184737686067819,-0.1647003442049026,0.391590416431427,-0.0193826034665107,0.1871882081031799,0.7600566744804382,0.0978028252720832,-0.1792134940624237,0.7588484287261963,0.0839135944843292
-0.0194276068359613,-0.6167187690734863,-0.2414977550506591,0.1396154761314392,-0.5093456506729126,-0.1073168143630027,0.1944260597229004,-0.7202092409133911,-0.1924992501735687,-0.1362457126379013,-0.5036129951477051,-0.1019976660609245,-0.208070769906044,-0.6842347383499146,-0.1997159272432327,0.2212759554386139,-0.9519408345222472,-0.2454133182764053,-0.2210131287574768,-0.9179002046585084,-0.2919207513332367,0.1078937649726867,0.0004407166852615,0.0013978448696434,-0.1081787422299385,-0.0009289061999879,-0.000335058895871,0.1166488975286483,0.4134501218795776,-0.0190823767334222,-0.1657130718231201,0.3916195034980774,-0.0183885898441076,0.187346950173378,0.7600436806678772,0.0978091433644294,-0.1804472357034683,0.758539617061615,0.0867408588528633
-0.0192868318408727,-0.6256968975067139,-0.2122473120689392,0.1396141052246093,-0.5109801888465881,-0.0814101696014404,0.1951002478599548,-0.7206447720527649,-0.1612084209918975,-0.1367012560367584,-0.5060587525367737,-0.0725269019603729,-0.2084092199802398,-0.6878110766410828,-0.1539203822612762,0.2221872508525848,-0.9540194272994996,-0.2120368778705597,-0.2209264636039734,-0.9234735369682312,-0.2272887527942657,0.1079120114445686,0.0004541297385003,0.0013423537602648,-0.108194813132286,-0.0009439786081202,-0.0002688463719096,0.1166214868426323,0.4134603142738342,-0.0172358956187963,-0.1659660041332245,0.3904662132263183,-0.0183547493070364,0.1904327124357223,0.7600295543670654,0.0979157015681266,-0.1805411279201507,0.7580086588859558,0.0863597095012664
-0.0192698128521442,-0.6248353719711304,-0.2406958788633346,0.1397434771060943,-0.5107980370521545,-0.1059827581048011,0.196683183312416,-0.7209358215332031,-0.1856869906187057,-0.1366727501153946,-0.5061054229736328,-0.0960988625884056,-0.2098382115364074,-0.6880412697792053,-0.1875205785036087,0.2228098064661026,-0.9539175033569336,-0.2362407743930816,-0.2213939428329467,-0.9233652949333192,-0.2751876711845398,0.1079326719045639,0.00046729578753,0.0009932154789566,-0.1082169711589813,-0.0009575828444212,6.663271051365882e-05,0.1173721775412559,0.4130715131759643,-0.0183720998466014,-0.1662160754203796,0.3904865086078644,-0.0177876073867082,0.1895534694194793,0.7597988247871399,0.0982355996966362,-0.180221140384674,0.7575811743736267,0.088311493396759
-0.0204502940177917,-0.6279691457748413,-0.2206003665924072,0.1396738886833191,-0.5113928318023682,-0.0934553518891334,0.1973378807306289,-0.7218677997589111,-0.1727230250835418,-0.1370611786842346,-0.5085142254829407,-0.0737714618444442,-0.2098887711763382,-0.6936284303665161,-0.1482451856136322,0.2228555530309677,-0.956200361251831,-0.2201044708490371,-0.2214871495962143,-0.9294322729110718,-0.2210640758275985,0.1079432368278503,0.0005521076382137,-0.0005951176281087,-0.1082264855504036,-0.0010423288913443,0.0016756748082116,0.1160102784633636,0.413128912448883,-0.0184014160186052,-0.1662514060735702,0.3904908299446106,-0.0138042196631431,0.1907084584236145,0.7597808837890625,0.0982590913772583,-0.1803560703992843,0.7575662732124329,0.0898385122418403
-0.0197950005531311,-0.6250255703926086,-0.2506656050682068,0.1395519822835922,-0.5106923580169678,-0.1125040054321289,0.197375476360321,-0.7219935655593872,-0.191060185432434,-0.1372159719467163,-0.5069098472595215,-0.1098884940147399,-0.2108730971813202,-0.6921563744544983,-0.2092483788728714,0.2233213037252426,-0.9557325839996338,-0.2419745326042175,-0.2215432822704315,-0.9265822768211364,-0.2995856702327728,0.1079545244574546,0.0005103002768009,0.0003006089827977,-0.1082385703921318,-0.0010040028719231,0.0007688595796935,0.1166509389877319,0.4130938351154327,-0.0172223355621099,-0.1659091711044311,0.3908534944057464,-0.0144366659224033,0.1901353895664215,0.7598052620887756,0.101157359778881,-0.180329829454422,0.7575772404670715,0.0901785492897033
-0.0220462419092655,-0.6276571750640869,-0.2152745127677917,0.1395224183797836,-0.5130866169929504,-0.0874469876289367,0.1987587660551071,-0.7240636348724365,-0.1655714660882949,-0.137649580836296,-0.5090551972389221,-0.0708823204040527,-0.2108215689659118,-0.6944377422332764,-0.1431270688772201,0.2235232889652252,-0.9583630561828612,-0.2142767012119293,-0.2214603275060653,-0.9302239418029784,-0.2122326344251632,0.1079670414328575,0.0006045900518074,-0.0009724654955789,-0.1082509458065033,-0.0010960459476336,0.002068106085062,0.1157249957323074,0.41309255361557,-0.0172447971999645,-0.1665074080228805,0.3906399309635162,-0.0129984458908438,0.1930197179317474,0.7592722177505493,0.1008869633078575,-0.1815105229616165,0.7575585246086121,0.090183600783348
-0.0215715635567903,-0.6272161602973938,-0.2172523587942123,0.1403699219226837,-0.5134164690971375,-0.0884543806314468,0.1988503485918045,-0.7240517735481262,-0.1677274703979492,-0.1373672187328338,-0.5093896389007568,-0.073195993900299,-0.2106143683195114,-0.694361686706543,-0.1455560475587844,0.2235852628946304,-0.9579243659973145,-0.2185096442699432,-0.2196303606033325,-0.9299923181533812,-0.2168885767459869,0.1080121323466301,0.0006737797521054,-0.0011221256572753,-0.1082940995693206,-0.0011641430901363,0.0022122315131127,0.1149045079946518,0.4136152565479278,-0.0176831316202878,-0.1673946529626846,0.3906382024288177,-0.012964884750545,0.192772164940834,0.7591660022735596,0.101430669426918,-0.181719422340393,0.7569780945777893,0.0925353839993476
-0.0213208757340908,-0.6271055340766907,-0.2186383306980133,0.1404109448194503,-0.5129010081291199,-0.089420273900032,0.1989274322986602,-0.7214916348457336,-0.1683130413293838,-0.1373525559902191,-0.509128987789154,-0.0736617222428321,-0.2105078101158142,-0.6928476095199585,-0.1520489305257797,0.223344475030899,-0.9529209733009338,-0.2207196652889251,-0.2194423377513885,-0.9297847747802734,-0.2283356189727783,0.1080011501908302,0.0007125308620743,-0.0021944160107523,-0.1082804501056671,-0.0012019959976896,0.0032864422537386,0.1139289885759353,0.4136337339878082,-0.0192694440484046,-0.1674580425024032,0.3908536732196808,-0.011465442366898,0.192597359418869,0.7606392502784729,0.0933995321393013,-0.1814091801643371,0.7580747008323669,0.0918363705277443
-0.0214277580380439,-0.6270188093185425,-0.2195093929767608,0.1395975351333618,-0.5104956030845642,-0.0914180278778076,0.1971951425075531,-0.7180302143096924,-0.1775560677051544,-0.1377415806055069,-0.5060361623764038,-0.0750162377953529,-0.2098436057567596,-0.6854318380355835,-0.169507086277008,0.2193790972232818,-0.94888436794281,-0.2324603199958801,-0.2184649407863617,-0.9233793020248412,-0.2630719840526581,0.1080008372664451,0.0006247484125196,-0.0019900717306882,-0.1082765758037567,-0.0011142664588987,0.0030824244022369,0.1139133274555206,0.4138331711292267,-0.0193053856492042,-0.1674012839794159,0.3909451067447662,-0.0124145820736885,0.1922014206647873,0.7613402605056763,0.0927235409617424,-0.1813831925392151,0.7588824033737183,0.0893234089016914
-0.0226371437311172,-0.6262027025222778,-0.2186229228973388,0.1399926990270614,-0.5113036036491394,-0.0919070541858673,0.1965028792619705,-0.7181104421615601,-0.1777904480695724,-0.1372030675411224,-0.5080085396766663,-0.0713622272014617,-0.2077955901622772,-0.6866762042045593,-0.1575323939323425,0.2172654867172241,-0.9496347308158876,-0.2325333356857299,-0.2167750746011734,-0.9237884283065796,-0.2468632012605667,0.1080142185091972,0.0006518270820379,-0.0030608079396188,-0.1082906648516655,-0.0011401679366827,0.0041247671470046,0.1136375293135643,0.4136964976787567,-0.0201246663928031,-0.1658022254705429,0.3913949429988861,-0.0113336499780416,0.1856344044208526,0.7610719799995422,0.0927220210433006,-0.1768691092729568,0.7600507736206055,0.0891574397683143
-0.022771818563342,-0.6249035596847534,-0.2277135699987411,0.1396381705999374,-0.509523868560791,-0.0968187004327774,0.1963920593261718,-0.714002251625061,-0.1821810752153396,-0.1377465575933456,-0.5058838129043579,-0.081935204565525,-0.2084504067897796,-0.6836389899253845,-0.1753884851932525,0.2173444628715515,-0.9429633617401124,-0.2392099946737289,-0.2171636968851089,-0.9192444682121276,-0.2679639160633087,0.1080162078142166,0.0005995807587169,-0.0026223771274089,-0.1082930788397789,-0.0010885674273595,0.0036879291292279,0.113658994436264,0.4137598276138305,-0.0192944128066301,-0.1646915972232818,0.391935259103775,-0.0115309571847319,0.1851837188005447,0.7623370289802551,0.0904685109853744,-0.1768403351306915,0.763361394405365,0.0850559920072555
-0.0207625031471252,-0.6253027319908142,-0.2253849953413009,0.1405108124017715,-0.510190486907959,-0.0944229289889335,0.1947043240070343,-0.7154597043991089,-0.1792525798082351,-0.1371886581182479,-0.50592041015625,-0.0814923495054245,-0.2077517062425613,-0.684232234954834,-0.175615906715393,0.2151059806346893,-0.9452306032180786,-0.2349428534507751,-0.2160104513168335,-0.91952383518219,-0.2671643495559692,0.1080458909273147,0.0005711147678084,-0.0021111678797751,-0.1083217337727546,-0.0010602041147649,0.0031742712017148,0.1144727990031242,0.4138000905513763,-0.0179833211004734,-0.1640127897262573,0.3919669389724731,-0.0119064357131719,0.1859153658151626,0.7623389959335327,0.0925927683711052,-0.1750594079494476,0.763335645198822,0.0853973999619484
-0.024000983685255,-0.6253365874290466,-0.2153385579586029,0.1391338109970092,-0.5114105939865112,-0.0880642682313919,0.1946063339710235,-0.7153831124305725,-0.173946663737297,-0.1393508911132812,-0.5069872736930847,-0.0684486329555511,-0.2087934911251068,-0.684234082698822,-0.1522915214300155,0.2156658172607422,-0.9452334046363832,-0.2317601293325424,-0.2200798690319061,-0.919616401195526,-0.2388736009597778,0.1080312505364418,0.0005681823240593,-0.0023009423166513,-0.1083007156848907,-0.0010567454155534,0.0033709418494254,0.1145997121930122,0.4136090874671936,-0.0186179131269454,-0.1641171276569366,0.3918002843856811,-0.0119268288835883,0.1854243725538253,0.7623348236083984,0.088472880423069,-0.1750944107770919,0.7632719278335571,0.0844486802816391
-0.0249334592372179,-0.6243366003036499,-0.2207210808992386,0.1388787180185318,-0.5121514797210693,-0.0919455513358116,0.193757489323616,-0.7173071503639221,-0.1775119006633758,-0.1397025734186172,-0.5071053504943848,-0.0745890885591507,-0.2110013216733932,-0.6850491166114807,-0.1631007045507431,0.2125149369239807,-0.9460976123809814,-0.2348839938640594,-0.2200222015380859,-0.9197102785110474,-0.2519262731075287,0.1080397740006446,0.0005064622964709,-0.002397543285042,-0.1083121299743652,-0.0009945433121174,0.0034586859401315,0.1148618012666702,0.4127497673034668,-0.0186900086700916,-0.1642149835824966,0.3919040262699127,-0.0126574262976646,0.1828116774559021,0.7616950273513794,0.0896222740411758,-0.1738843768835067,0.7634129524230957,0.0844210460782051
-0.0239298660308122,-0.624447226524353,-0.2213961035013198,0.1385645419359207,-0.5112497806549072,-0.0918088778853416,0.1937250792980194,-0.7158119082450867,-0.1745767295360565,-0.1400865912437439,-0.5071284174919128,-0.0759355947375297,-0.210746943950653,-0.6852301359176636,-0.163465142250061,0.21262127161026,-0.9448155164718628,-0.2300970405340194,-0.2193563580513,-0.9207947254180908,-0.2493230998516082,0.1080461516976356,0.0004249310877639,-0.0024396227672696,-0.1083218157291412,-0.0009188088006339,0.00350659689866,0.1148229017853736,0.4127486050128937,-0.0177744533866643,-0.1637257784605026,0.3920527398586273,-0.0120036844164133,0.1828550547361374,0.7612662315368652,0.0912103131413459,-0.1738454550504684,0.7639265060424805,0.083974502980709
-0.0229974146932363,-0.625981330871582,-0.2255163639783859,0.1385499387979507,-0.5113669633865356,-0.0920485630631446,0.1954632401466369,-0.7169581651687622,-0.1731915175914764,-0.1404127180576324,-0.5073212385177612,-0.0833227708935737,-0.2129187583923339,-0.6870275735855103,-0.1736271828413009,0.217011347413063,-0.945459008216858,-0.2271671444177627,-0.2212865352630615,-0.9213210344314576,-0.2558393478393554,0.108049988746643,0.0004036359605379,-0.00195226771757,-0.1083283498883247,-0.0008986197644844,0.0030111442320048,0.1145355179905891,0.4128863513469696,-0.0140816075727343,-0.1633340567350387,0.3920672535896301,-0.0115167777985334,0.1819906532764434,0.7619479894638062,0.0952169075608253,-0.1739557385444641,0.7633834481239319,0.0851157084107399
-0.0021264431998133,-0.6321848034858704,-0.2260186821222305,0.1394799500703811,-0.5101317763328552,-0.0855559110641479,0.1899063736200332,-0.7114235758781433,-0.1720411628484726,-0.1398524791002273,-0.5048307776451111,-0.0937262326478958,-0.209610566496849,-0.6834308505058289,-0.1987893432378769,0.2186885476112365,-0.9397166967391968,-0.2451760619878769,-0.215330109000206,-0.9188684821128844,-0.2847034931182861,0.1081354692578315,-6.95369963068515e-05,0.0017275486607104,-0.1084142997860908,-0.0004351748211774,-0.0006433830712921,0.1161708757281303,0.4141012728214264,-0.006976842880249,-0.160475417971611,0.3918033540248871,-0.0148600740358233,0.1836661994457245,0.7622362971305847,0.1007508933544159,-0.1688250005245208,0.7621253132820129,0.0824022144079208
0.0027513408567756,-0.6280457377433777,-0.2393476068973541,0.1398543417453766,-0.5078554749488831,-0.0913537666201591,0.1895277500152588,-0.711224377155304,-0.1772015839815139,-0.1391182392835617,-0.501309871673584,-0.1101019531488418,-0.2094972282648086,-0.6804822087287903,-0.2250761836767196,0.2185230404138565,-0.939665913581848,-0.2509876489639282,-0.2157157659530639,-0.9159561395645142,-0.3177312314510345,0.1081512123346328,-0.0001095446714316,0.0037050675600767,-0.1084293276071548,-0.0003999517357442,-0.0026104534044861,0.1157181560993194,0.4152766764163971,-0.0070075965486466,-0.160518929362297,0.3917975425720215,-0.0182922948151826,0.1805962771177292,0.762954592704773,0.1003884747624397,-0.1709514707326889,0.7620516419410706,0.0796428993344307
0.0025083001237362,-0.6280516982078552,-0.2389059066772461,0.1398787796497345,-0.5078625082969666,-0.0893558710813522,0.1900393664836883,-0.7113873958587646,-0.1709073632955551,-0.1391926109790802,-0.5013344287872314,-0.1078465282917022,-0.2109176367521286,-0.6804550290107727,-0.2191646546125412,0.2208245992660522,-0.9397215247154236,-0.2404882907867431,-0.2187090665102005,-0.9155990481376648,-0.3099422752857208,0.1081675961613655,-0.0002400334051344,0.0043092342093586,-0.1084451600909233,-0.0002724699443206,-0.00320915132761,0.1162804961204528,0.4153193235397339,-0.0062156524509191,-0.1599422842264175,0.3918392360210418,-0.0186341684311628,0.1814760565757751,0.7629831433296204,0.1003180667757988,-0.1707857400178909,0.7621399760246277,0.0785141140222549
0.0078346086665987,-0.6284396052360535,-0.2483101934194564,0.1404910832643509,-0.5082332491874695,-0.0945707559585571,0.1919079720973968,-0.7192534804344177,-0.1706285029649734,-0.1371747106313705,-0.5013746023178101,-0.1226732283830642,-0.2106552869081497,-0.6827206611633301,-0.2302147299051284,0.2261425554752349,-0.9497174024581908,-0.2364779561758041,-0.2170567959547042,-0.9177477955818176,-0.3093956708908081,0.1081718280911445,-0.0002741529024206,0.0057314038276672,-0.1084527373313903,-0.0002392974711256,-0.0046438886784017,0.1162948757410049,0.4156076312065124,-0.0021066267509013,-0.1599652916193008,0.3918337225914001,-0.020559512078762,0.1829237639904022,0.7597888708114624,0.1203729212284088,-0.1709967702627182,0.7601708769798279,0.0826954171061515
0.007332885172218,-0.628599226474762,-0.2483660727739334,0.1391962468624115,-0.5081447958946228,-0.0951847210526466,0.19208425283432,-0.719170093536377,-0.1706915199756622,-0.138174682855606,-0.5003684163093567,-0.1234698370099067,-0.2112089842557907,-0.6823890209197998,-0.230584517121315,0.2254522889852523,-0.9488186240196228,-0.2376241087913513,-0.2176457792520523,-0.917762577533722,-0.3091848194599151,0.1081624627113342,-0.000298235216178,0.0065029920078814,-0.1084444299340248,-0.0002174368273699,-0.0054138638079166,0.1163008511066436,0.4156341552734375,-0.0023101053666323,-0.1596923172473907,0.3918176293373108,-0.0219429563730955,0.1836784780025482,0.7597731947898865,0.118749015033245,-0.17193603515625,0.7597155570983887,0.0825472921133041
0.0147917717695236,-0.628114640712738,-0.2547216415405273,0.1393323689699173,-0.5080272555351257,-0.0957074016332626,0.1924557834863662,-0.7200652956962585,-0.1674018949270248,-0.1372659355401992,-0.4999568462371826,-0.1381305754184723,-0.2110542058944702,-0.6825752854347229,-0.2533084452152252,0.2265833020210266,-0.9485450387001038,-0.234774112701416,-0.2157988250255584,-0.9178414940834044,-0.3320507109165191,0.1081604659557342,-0.000312347052386,0.0081092109903693,-0.1084449365735054,-0.0002052653435384,-0.007040174677968,0.1178857088088989,0.4173498153686523,-0.0016258847899734,-0.1596321910619735,0.391973465681076,-0.0223966017365455,0.187334269285202,0.7615920305252075,0.117378257215023,-0.1722864061594009,0.7598959803581238,0.0818191319704055
0.016882050782442,-0.6278978586196899,-0.2538631558418274,0.1395109891891479,-0.5080546140670776,-0.0922390446066856,0.1932104080915451,-0.7203425168991089,-0.1572887897491455,-0.136676549911499,-0.499600738286972,-0.1347697377204895,-0.2085078060626983,-0.6819177269935608,-0.2480943650007248,0.2278449982404709,-0.9490897059440612,-0.2220634967088699,-0.2112570852041244,-0.917788863182068,-0.3278037309646606,0.108158454298973,-0.0003751496551558,0.0087522035464644,-0.1084451079368591,-0.0001443319051759,-0.0076815322972834,0.1185207962989807,0.4177840650081634,-0.0008167578489519,-0.1596010774374008,0.3919877707958221,-0.023642998188734,0.1892208009958267,0.7615428566932678,0.1163933128118515,-0.1719450205564499,0.7600698471069336,0.0810620635747909
0.0168491676449775,-0.627558708190918,-0.2624434530735016,0.1390174925327301,-0.5065626502037048,-0.0987482517957687,0.1937139928340912,-0.7189857959747314,-0.1651767641305923,-0.1366820037364959,-0.4967965483665466,-0.1472219824790954,-0.2085413932800293,-0.6777558326721191,-0.2712080478668213,0.2286238670349121,-0.94657564163208,-0.2343123257160186,-0.2113188654184341,-0.9157770872116088,-0.3590469658374786,0.1081255227327346,-0.0004361300671007,0.0105509245768189,-0.108418196439743,-8.659901504870504e-05,-0.0094973715022206,0.1180056110024452,0.4183864891529083,0.0019881059415638,-0.1586272418498993,0.3928232789039612,-0.0253812335431575,0.1883842498064041,0.7618163228034973,0.1190408617258071,-0.1717693954706192,0.761212170124054,0.0792206227779388
0.0178940184414386,-0.6308258175849915,-0.2596279382705688,0.1398472636938095,-0.5076432228088379,-0.0964620932936668,0.1948737800121307,-0.7214433550834656,-0.1612594127655029,-0.1359928697347641,-0.497715950012207,-0.1463809311389923,-0.2082693427801132,-0.6814613342285156,-0.2677012979984283,0.2310350388288498,-0.9492841362953186,-0.2250399589538574,-0.2107250690460205,-0.9211027026176452,-0.3404841423034668,0.108119785785675,-0.0004601071414072,0.0109642939642071,-0.1084134578704834,-6.355284131132066e-05,-0.0099111599847674,0.1184395626187324,0.4184074103832245,0.0057708327658474,-0.158900037407875,0.392412930727005,-0.025169825181365,0.1891268044710159,0.7608866095542908,0.1269940584897995,-0.1715829521417617,0.7582312822341919,0.0834966972470283
0.0074108596891164,-0.6288567781448364,-0.2605220973491668,0.1394921541213989,-0.506147027015686,-0.1064932346343994,0.1951188594102859,-0.7153074741363525,-0.1926389783620834,-0.1375751942396164,-0.4974838197231293,-0.1451973915100097,-0.2102729231119156,-0.6789542436599731,-0.2657653987407684,0.2267296463251114,-0.942146360874176,-0.2708310484886169,-0.2151149064302444,-0.9182195663452148,-0.3405586779117584,0.1080657467246055,-0.0004843120696023,0.0100978072732687,-0.1083602234721183,-3.78390250261873e-05,-0.0090611716732382,0.1185797005891799,0.4173248708248138,0.0010637005325406,-0.1589417159557342,0.3923559486865997,-0.0250150170177221,0.1892198026180267,0.7602376341819763,0.1185107827186584,-0.1718640923500061,0.7587028741836548,0.0830915421247482
0.0076182088814675,-0.6313903331756592,-0.2495064288377761,0.1395664662122726,-0.5071783661842346,-0.0953240543603897,0.1951013654470443,-0.7168895602226257,-0.1662744283676147,-0.1375809758901596,-0.4999516010284424,-0.1264013350009918,-0.2104099243879318,-0.6833702921867371,-0.2258253991603851,0.2267823070287704,-0.9441871643066406,-0.2310867607593536,-0.2138794213533401,-0.921387493610382,-0.2931149303913116,0.1081072986125946,-0.0005032478948123,0.0091085918247699,-0.1084044575691223,-2.0103600036236458e-05,-0.0080469483509659,0.1200994923710823,0.4173245131969452,0.0008030899334698,-0.1597097069025039,0.3920932114124298,-0.0227161925286054,0.1901355385780334,0.7597009539604187,0.1176704689860344,-0.1713413298130035,0.7586082220077515,0.0846246182918548
0.0054407413117587,-0.631345272064209,-0.2494437098503112,0.1402149647474289,-0.5057921409606934,-0.1000411584973335,0.1942583471536636,-0.7109127640724182,-0.1846564561128616,-0.1375222951173782,-0.4998864233493805,-0.1202671751379966,-0.2104044407606125,-0.6820263862609863,-0.2244162261486053,0.2220726609230041,-0.939498007297516,-0.2552027106285095,-0.2108706384897232,-0.9199944138526917,-0.2986453473567962,0.1081177443265914,-0.0005335136665962,0.0073125259950757,-0.1084175407886505,9.94782203633804e-06,-0.0062497756443917,0.1220578700304031,0.4166493713855743,-0.0021980856545269,-0.1610087603330612,0.3913209736347198,-0.0221110340207815,0.1927909255027771,0.7564541101455688,0.1171718314290046,-0.1712614297866821,0.7578182220458984,0.0859656333923339
-0.0045918398536741,-0.631628155708313,-0.2427572906017303,0.1382212936878204,-0.5055939555168152,-0.0980884954333305,0.1944311559200287,-0.7069675326347351,-0.1857062131166458,-0.141429141163826,-0.4995157122611999,-0.1115309670567512,-0.2165908068418502,-0.6802844405174255,-0.2207966148853302,0.2213808745145797,-0.9287596940994264,-0.2629497945308685,-0.2200325578451156,-0.9175083637237548,-0.3019194304943084,0.1081058084964752,-0.0005382625968195,0.007284811232239,-0.1084035038948059,1.5726722267572768e-05,-0.0062203919515013,0.1220584586262703,0.4164467453956604,-0.0062109129503369,-0.1628963947296142,0.3905605375766754,-0.0250073056668043,0.1883695870637893,0.7584062814712524,0.1028210148215293,-0.1734695881605148,0.7578728795051575,0.077021837234497
-0.0027368697337806,-0.6351447105407715,-0.2427442371845245,0.1391890048980713,-0.5065924525260925,-0.0955696105957031,0.1962867826223373,-0.7137317657470703,-0.1703607439994812,-0.1407073438167572,-0.5004807710647583,-0.1119968444108963,-0.2164083272218704,-0.6864539980888367,-0.2205663323402404,0.2247862517833709,-0.9396334290504456,-0.2325786501169204,-0.2178788781166076,-0.9252614378929138,-0.2939238250255584,0.1082285791635513,-0.0005737389437854,0.0073529356159269,-0.1085446625947952,4.957978308084421e-05,-0.0062940227799117,0.1243609189987182,0.4165122807025909,-0.0030265229288488,-0.1653215736150741,0.3896784782409668,-0.0250155124813318,0.1882141232490539,0.7545550465583801,0.1235136315226554,-0.1733756065368652,0.7540439367294312,0.084041804075241
-0.0021653913427144,-0.6323252320289612,-0.2459949254989624,0.1391132026910781,-0.5042397975921631,-0.1005433797836303,0.1946034431457519,-0.7086391448974609,-0.1977600455284118,-0.1406386345624923,-0.4985327422618866,-0.1137813627719879,-0.2162897288799286,-0.6805658340454102,-0.2350774109363556,0.2230288535356521,-0.9306427240371704,-0.2832878232002258,-0.2177451848983764,-0.9176680445671082,-0.3279890418052673,0.1081319004297256,-0.0004884747904725,0.0071892943233251,-0.1084398105740547,-3.345833101775497e-05,-0.0061345752328634,0.1283440887928009,0.4158916771411896,-0.0098238587379455,-0.1666308790445327,0.3886002600193023,-0.0287210214883089,0.1882804334163665,0.755160391330719,0.0994988307356834,-0.1731396913528442,0.7541088461875916,0.0731948837637901
-0.0017491250764578,-0.6365317106246948,-0.2517223954200744,0.1386731714010238,-0.5043744444847107,-0.1036489531397819,0.1940737813711166,-0.7142253518104553,-0.1952345818281173,-0.1402267217636108,-0.498610645532608,-0.126874953508377,-0.2076660096645355,-0.6865723133087158,-0.2414386719465255,0.2224726229906082,-0.936726212501526,-0.2766027152538299,-0.2084299772977829,-0.9222255945205688,-0.3265294134616852,0.1079847663640976,-0.0004935842007398,0.0074277771636843,-0.1082938089966774,-2.798608511511702e-05,-0.0063804532401263,0.1301712393760681,0.4144824743270874,-0.0044138110242784,-0.1662796735763549,0.3884585201740265,-0.0287983864545822,0.1909191906452179,0.755945086479187,0.0999417677521705,-0.172882467508316,0.75434410572052,0.0736892819404602
-0.002139926655218,-0.6371808648109436,-0.2534465193748474,0.1382526010274887,-0.5041743516921997,-0.106138527393341,0.1961524784564972,-0.715044379234314,-0.196221575140953,-0.1401261836290359,-0.4985005557537079,-0.1294154971837997,-0.2048800438642501,-0.6865444779396057,-0.2482837587594986,0.2270630598068237,-0.938447654247284,-0.2748166024684906,-0.207113116979599,-0.92268043756485,-0.3327654004096985,0.1079038456082344,-0.0004865013761445,0.0074336510151624,-0.1082150340080261,-3.231209848308936e-05,-0.0063901068642735,0.1342931091785431,0.4123131036758423,-0.0074956347234547,-0.1718212068080902,0.3858792781829834,-0.0365702994167804,0.1881724298000335,0.7558835744857788,0.1006896048784256,-0.1731024235486984,0.7527895569801331,0.0704070478677749
-0.0035836470779031,-0.6272498965263367,-0.2760918140411377,0.1365144103765487,-0.4954041540622711,-0.1304033249616623,0.1971414387226104,-0.7091707587242126,-0.2378082871437072,-0.1406947970390319,-0.493758887052536,-0.1470986157655716,-0.2055973261594772,-0.6813722848892212,-0.2711695730686188,0.2275103330612182,-0.9317194819450378,-0.3279440104961395,-0.2078779488801956,-0.9198086857795716,-0.3617326915264129,0.1078133732080459,-0.0003685442497953,0.0073988041840493,-0.1081217527389526,-0.0001454400044167,-0.0063607734628021,0.143965795636177,0.4105221331119537,-0.0208205860108137,-0.1736473590135574,0.3833419382572174,-0.0450624413788318,0.1887141913175583,0.7557365298271179,0.0822598487138748,-0.1730831861495971,0.7508562207221985,0.0564259178936481
-0.0011577353579923,-0.6273041367530823,-0.286758691072464,0.13897006213665,-0.4937042891979217,-0.1387246549129486,0.2014575600624084,-0.7090370059013367,-0.2423698306083679,-0.1371216475963592,-0.4923895597457886,-0.159428521990776,-0.1996558010578155,-0.6812612414360046,-0.2881190478801727,0.2288299798965454,-0.9318713545799256,-0.3255224525928497,-0.2039679586887359,-0.9203951358795166,-0.3747520446777344,0.1078132912516594,-0.0003925487399101,0.0075906831771135,-0.1081269383430481,-0.0001179247265099,-0.006576879415661,0.1563990116119384,0.4056509137153625,-0.0233664959669113,-0.1747530400753021,0.3804495930671692,-0.0576098449528217,0.1950313448905944,0.7534385919570923,0.0850597098469734,-0.1691549718379974,0.7459999918937683,0.0514066852629184
7.601176912430674e-05,-0.6273337602615356,-0.2909067571163177,0.1389893591403961,-0.4930235147476196,-0.1454178243875503,0.2020371556282043,-0.70823073387146,-0.2534357011318207,-0.1371158212423324,-0.4918147325515747,-0.1642950773239135,-0.1998422890901565,-0.6790905594825745,-0.2885562777519226,0.2287695258855819,-0.9321320652961732,-0.3405203223228454,-0.2040915191173553,-0.9199512004852296,-0.3717863857746124,0.1078159064054489,-0.0003709705779328,0.0076512708328664,-0.108130894601345,-0.0001348980149487,-0.0066421651281416,0.1601075083017349,0.3979479372501373,-0.0287912972271442,-0.175334170460701,0.3752680122852325,-0.0770320072770118,0.2028023451566696,0.7443881630897522,0.0856721624732017,-0.16819429397583,0.7375130653381348,0.0410432592034339
0.0025456207804381,-0.6239405870437622,-0.3103705048561096,0.1399673819541931,-0.4896177351474762,-0.1640879064798355,0.2026120722293853,-0.7072502970695496,-0.2761141955852508,-0.1353120058774948,-0.4886868596076965,-0.1876940578222274,-0.1978223025798797,-0.6769670844078064,-0.3201785683631897,0.2291369438171386,-0.9323736429214478,-0.3623547852039337,-0.2023439556360244,-0.9199009537696838,-0.405300110578537,0.1079569458961486,-0.0003434776153881,0.0077217239886522,-0.108289785683155,-0.0001578607043484,-0.0067164609208703,0.1654593497514724,0.3931580185890198,-0.0365195348858833,-0.1764653623104095,0.3712469935417175,-0.0945952907204628,0.2053293883800506,0.7380135655403137,0.0865387618541717,-0.164804607629776,0.7302876114845276,0.0302016045898199
0.0097677465528249,-0.6111908555030823,-0.3234227299690246,0.142291635274887,-0.4800907969474792,-0.1745667457580566,0.2056261450052261,-0.7044283151626587,-0.2949211895465851,-0.1289656609296798,-0.4849274754524231,-0.2002011090517044,-0.1964784264564514,-0.6764976978302002,-0.3311381936073303,0.2364551275968551,-0.9325552582740784,-0.3891805112361908,-0.1989340931177139,-0.9184645414352416,-0.4220709502696991,0.1080283597111702,0.0001954462204594,0.0076533309184014,-0.108374111354351,-0.0006709282170049,-0.0066422806121408,0.173129141330719,0.3781937956809997,-0.0763313472270965,-0.1904298961162567,0.3551377654075622,-0.1255691200494766,0.2073941230773925,0.7208714485168457,0.052137155085802,-0.1677791178226471,0.7146033644676208,-0.0017773408908396
0.0100723002105951,-0.6219532489776611,-0.2977125942707062,0.1436095535755157,-0.4857232272624969,-0.1552238315343856,0.2079761773347854,-0.7228489518165588,-0.2574481070041656,-0.1291512250900268,-0.4914987087249756,-0.179428368806839,-0.1978486776351928,-0.6990851759910583,-0.2865413725376129,0.2375572025775909,-0.9535678029060364,-0.3359358608722687,-0.199963092803955,-0.9425888061523438,-0.3420175313949585,0.1082156896591186,0.000538770284038,0.0075045675039291,-0.1085747256875038,-0.0010018103057518,-0.0064912969246506,0.1882303655147552,0.370021790266037,-0.0847716405987739,-0.2011082470417022,0.3421012163162231,-0.1354077607393264,0.2163265496492386,0.7018564343452454,0.0530632324516773,-0.169980987906456,0.6920129656791687,-0.0021283691748976
0.0100302184000611,-0.6310175061225891,-0.2795593440532684,0.145007699728012,-0.4915782809257507,-0.1370126456022262,0.2095532864332199,-0.7387230396270752,-0.2234590798616409,-0.1273763477802276,-0.4951780140399933,-0.1704215556383133,-0.1979563236236572,-0.7094988822937012,-0.2719751894474029,0.2374613136053085,-0.9724412560462952,-0.2955856621265411,-0.2019227296113968,-0.952322483062744,-0.3212095499038696,0.1082620024681091,0.0011594273382797,0.0074476832523941,-0.1086383387446403,-0.0015941226156428,-0.0064382059499621,0.1986167132854461,0.3535467386245727,-0.1036817282438278,-0.2122771888971328,0.3338056206703186,-0.1362122744321823,0.2151151895523071,0.6829611659049988,0.0476871393620967,-0.1777578890323639,0.6813023686408997,0.0016743787564337
0.0122540760785341,-0.6341714262962341,-0.2511768639087677,0.1527536064386367,-0.494140475988388,-0.1134821847081184,0.2190912961959839,-0.7362238168716431,-0.1992667913436889,-0.1228740960359573,-0.4993941485881805,-0.1335484683513641,-0.1980545669794082,-0.7117887735366821,-0.2166958451271057,0.2421965897083282,-0.9700784087181092,-0.2696921229362488,-0.2026021480560302,-0.9571484327316284,-0.2646863460540771,0.1083677634596824,0.0017525940202176,0.0067603946663439,-0.1087488606572151,-0.0021667135879397,-0.0057209688238799,0.2023490965366363,0.3447892069816589,-0.1230650320649147,-0.2255498170852661,0.3160926699638366,-0.1561388075351715,0.2140979617834091,0.6669741272926331,0.0393855348229408,-0.1774967312812805,0.6648545861244202,-0.0042709084227681
0.0101660741493105,-0.6376049518585205,-0.2536530196666717,0.1524882316589355,-0.4942454993724823,-0.1155647784471511,0.2217349708080291,-0.734731912612915,-0.20152647793293,-0.1237942725419998,-0.499279260635376,-0.1326258778572082,-0.2045200616121292,-0.7103396058082581,-0.2183898985385894,0.248708114027977,-0.9680328965187072,-0.2709383368492126,-0.2119504958391189,-0.9548967480659484,-0.2658016085624695,0.1087909862399101,0.0017892650794237,0.0067346170544624,-0.1091660633683204,-0.0022030419204384,-0.0056872186250984,0.2001735121011734,0.3290252089500427,-0.1803045123815536,-0.2345518767833709,0.3087776601314544,-0.1688447594642639,0.2008970230817794,0.6386827230453491,0.0115250740200281,-0.180363118648529,0.6504167914390564,-0.0098422113806009
0.0102171245962381,-0.6387485861778259,-0.2553814649581909,0.1583647727966308,-0.4926138818264007,-0.1166534125804901,0.2351892441511154,-0.7320301532745361,-0.2040400207042694,-0.1234534084796905,-0.4965274333953857,-0.1353535503149032,-0.2059002071619033,-0.7082459330558777,-0.2225399166345596,0.2633820474147796,-0.96259868144989,-0.2772734463214874,-0.2187903225421905,-0.9523800015449524,-0.2731545567512512,0.1094978377223014,0.0018637023167684,0.0071291634812951,-0.1098708808422088,-0.0022644405253231,-0.0060675502754747,0.2136268764734268,0.3047113120555877,-0.2068250924348831,-0.2329487353563308,0.2912610173225403,-0.2078298330307006,0.2089664191007614,0.6173403859138489,-0.0257190521806478,-0.1777837574481964,0.6370266079902649,-0.0521043352782726
0.0174917597323656,-0.6443601250648499,-0.2487506419420242,0.1587205380201339,-0.4949489533901214,-0.1045167967677116,0.2358149588108062,-0.7329365611076355,-0.1794732213020324,-0.1234135180711746,-0.5001347064971924,-0.1326404362916946,-0.2046133428812027,-0.7109751105308533,-0.2198822945356369,0.2751073837280273,-0.9657232165336608,-0.2484191358089447,-0.2184194475412368,-0.9536104202270508,-0.265136569738388,0.1100677773356437,0.0019306420581415,0.0096709616482257,-0.1103666201233863,-0.0023254749830812,-0.0085317613556981,0.2390564680099487,0.2980006635189056,-0.2151863723993301,-0.2371486872434616,0.2897909581661224,-0.2147454917430877,0.2306319326162338,0.613278329372406,-0.0230275727808475,-0.1717064678668975,0.6261374950408936,-0.0491767972707748
0.017547819763422,-0.6423241496086121,-0.2741451859474182,0.1600298136472702,-0.4914425909519195,-0.1188299134373664,0.24272221326828,-0.7324535250663757,-0.1915395408868789,-0.1234709173440933,-0.4947647452354431,-0.1572132706642151,-0.2051148861646652,-0.704442024230957,-0.2556160390377044,0.280558168888092,-0.9660257697105408,-0.2541041076183319,-0.2181812673807144,-0.9471079707145692,-0.3044605255126953,0.1107817888259887,0.0019692019559442,0.0115324407815933,-0.1110676079988479,-0.0023581078276038,-0.0103622479364275,0.2483781725168228,0.2929892838001251,-0.2208545804023742,-0.2394977807998657,0.2854086458683014,-0.2325093150138855,0.2384213358163833,0.6045011878013611,-0.0253449771553277,-0.1709291189908981,0.6098120808601379,-0.0513757541775703
0.0224324483424425,-0.635305643081665,-0.2846034169197082,0.1618822067975998,-0.4889846444129944,-0.1289929151535034,0.2415688335895538,-0.7322341799736023,-0.2111739367246627,-0.12351755797863,-0.4894899129867553,-0.1668784320354461,-0.2049207985401153,-0.6925714015960693,-0.2746918201446533,0.278847336769104,-0.9682155251502992,-0.2762652933597564,-0.2178978323936462,-0.936394453048706,-0.3363402187824249,0.1115393564105033,0.0020730050746351,0.0123366210609674,-0.1117947474122047,-0.0024602208286523,-0.0111403288319706,0.2533695697784424,0.2905528545379638,-0.2269342243671417,-0.2479107230901718,0.2755327820777893,-0.2335596084594726,0.2357404977083206,0.5926467180252075,-0.025196898728609,-0.1713138818740844,0.597234845161438,-0.0500143989920616
0.0235411934554576,-0.6220810413360596,-0.3076276779174804,0.1630297601222992,-0.478960245847702,-0.1532868444919586,0.2430322915315628,-0.723442554473877,-0.2478530704975128,-0.1234103962779045,-0.4821575284004211,-0.1858734786510467,-0.2044872194528579,-0.6811037063598633,-0.3060468137264251,0.2828398942947387,-0.9669264554977416,-0.318278431892395,-0.2176693528890609,-0.9266971349716188,-0.3918615579605102,0.112122856080532,0.0022908910177648,0.0123330112546682,-0.1123766601085662,-0.0026752061676234,-0.0111346263438463,0.2530202269554138,0.2842075228691101,-0.236073836684227,-0.2532867193222046,0.2631200850009918,-0.2355620563030243,0.22916179895401,0.5785911083221436,-0.0293362960219383,-0.1765224188566208,0.5803922414779663,-0.0482459887862205
0.0180754642933607,-0.6226540207862854,-0.3095409870147705,0.1604101061820984,-0.4795326292514801,-0.1579952538013458,0.2426060736179351,-0.7243457436561584,-0.2496131062507629,-0.1278264373540878,-0.4821051359176636,-0.1851166039705276,-0.2198642492294311,-0.6823727488517761,-0.297014057636261,0.2824776768684387,-0.9714577794075012,-0.317820280790329,-0.2449886798858642,-0.926469087600708,-0.3728024959564209,0.1122751533985138,0.0023943099658936,0.0122952135279774,-0.1125315353274345,-0.0027740218210965,-0.0110912825912237,0.2572624683380127,0.2669799923896789,-0.2462934106588363,-0.2623558938503265,0.2378538101911544,-0.2462333887815475,0.2296995669603347,0.5561354160308838,-0.0413135923445224,-0.1821832656860351,0.567129909992218,-0.0625215992331504
0.018046049401164,-0.6067914962768555,-0.3268328309059143,0.1607893109321594,-0.4637991487979889,-0.1723953038454055,0.2479892373085022,-0.6928757429122925,-0.2698938250541687,-0.1280126422643661,-0.4731986820697784,-0.1936906725168228,-0.2228195369243621,-0.672369122505188,-0.3121087849140167,0.3060130774974823,-0.939605951309204,-0.3378785252571106,-0.2433491647243499,-0.924422562122345,-0.3985016942024231,0.1131568253040313,0.0022376994602382,0.0121446177363395,-0.1133884787559509,-0.0026180460117757,-0.0109009342268109,0.2721947133541107,0.2575104832649231,-0.2543422877788543,-0.2776563763618469,0.2215654253959655,-0.2548118829727173,0.229392722249031,0.5352803468704224,-0.0453470945358276,-0.1822726428508758,0.5361018776893616,-0.0600042641162872
0.0199794732034206,-0.6027281880378723,-0.3340265452861786,0.1608783453702926,-0.4637119174003601,-0.1746277660131454,0.2476037144660949,-0.6969078779220581,-0.2708766162395477,-0.1299599260091781,-0.4677037000656128,-0.198070079088211,-0.2387291193008422,-0.6583285331726074,-0.3101151287555694,0.3154343962669372,-0.9406745433807372,-0.3390094041824341,-0.2618533968925476,-0.9059783816337584,-0.3943333327770233,0.1144061237573623,0.0021547351498156,0.0121384318917989,-0.1145851388573646,-0.0025515821762382,-0.0108854668214917,0.2800691425800323,0.222688153386116,-0.2733106911182403,-0.3061280846595764,0.185518741607666,-0.2650290429592132,0.2334907352924347,0.4812403619289398,-0.0567303784191608,-0.1878746002912521,0.4975606501102447,-0.0681285709142685
0.039667010307312,-0.5975058078765869,-0.3297456800937652,0.1605459004640579,-0.4628794193267822,-0.1673241853713989,0.2573501765727997,-0.6972216367721558,-0.2457851767539978,-0.1321497857570648,-0.4681161642074585,-0.2022431939840316,-0.2542296350002289,-0.660170316696167,-0.3080632984638214,0.3494467437267303,-0.9432109594345092,-0.3069137334823608,-0.2832604646682739,-0.9084851741790771,-0.3919980823993683,0.115137979388237,0.0021640146151185,0.0136554185301065,-0.1152960658073425,-0.0025627079885452,-0.01232485845685,0.2839353680610657,0.2108150273561477,-0.2755983173847198,-0.3047823905944824,0.1690529435873031,-0.2858912348747253,0.2442193180322647,0.46726855635643,-0.0606359243392944,-0.1908099055290222,0.4922913014888763,-0.0968958064913749
0.0393372476100921,-0.5885217189788818,-0.3347128927707672,0.1609170585870742,-0.4593664705753326,-0.173476904630661,0.2567678391933441,-0.686873197555542,-0.2591662108898163,-0.1328082382678985,-0.4675067365169525,-0.207307681441307,-0.2518986463546753,-0.6615886092185974,-0.3100990355014801,0.3385461568832397,-0.940229833126068,-0.3224880695343017,-0.2834366858005523,-0.9140762090682985,-0.3874983489513397,0.11609847843647,0.0021155392751097,0.0135409384965896,-0.1162207573652267,-0.0025204271078109,-0.0121883191168308,0.2898106575012207,0.1937265843153,-0.294300377368927,-0.3084874749183655,0.1428549885749817,-0.2886967658996582,0.2400746643543243,0.4419326186180115,-0.0705717876553535,-0.1953330188989639,0.4643477201461792,-0.0977011620998382
0.0382940582931041,-0.5891287326812744,-0.3301407992839813,0.1611008793115615,-0.4595893323421478,-0.1650014072656631,0.2577118873596191,-0.687336802482605,-0.2443017810583114,-0.1355041265487671,-0.4688182771205902,-0.2022268325090408,-0.2551757097244262,-0.6694023013114929,-0.2896745800971985,0.3499985635280609,-0.9416270852088928,-0.3041675090789795,-0.282808780670166,-0.9192421436309814,-0.3522269129753113,0.1172375008463859,0.0020082765258848,0.0136358402669429,-0.1173371523618698,-0.0024194554425776,-0.012255766429007,0.2934378385543823,0.1723457425832748,-0.2977313995361328,-0.3096551299095154,0.1359619945287704,-0.30051389336586,0.2461178600788116,0.4324540793895721,-0.0913970023393631,-0.1995342373847961,0.4421718120574951,-0.1129379570484161
0.0331312306225299,-0.5902993679046631,-0.3165064454078674,0.1609428226947784,-0.4597596824169159,-0.1527061462402343,0.2574563920497894,-0.6877798438072205,-0.23334302008152,-0.1391907185316085,-0.4690902531147003,-0.1875334531068802,-0.2593589723110199,-0.6753136515617371,-0.2727740705013275,0.3525062799453735,-0.9488025307655334,-0.2914866507053375,-0.2853497564792633,-0.925574541091919,-0.3337890803813934,0.1181326135993003,0.0020616515539586,0.0136420056223869,-0.1181994080543518,-0.0024830917827785,-0.0122485803440213,0.2979844212532043,0.1640535145998001,-0.2964617908000946,-0.3127654194831848,0.1105928346514701,-0.3079870939254761,0.250220775604248,0.416759043931961,-0.0967499390244484,-0.2043355703353881,0.4282620549201965,-0.1267582923173904
0.0295840129256248,-0.5961936116218567,-0.3073838055133819,0.1608831882476806,-0.4616656303405761,-0.1463268995285034,0.2569028437137604,-0.6937645673751831,-0.2296249866485595,-0.1391148567199707,-0.4701219797134399,-0.1770552396774292,-0.2579716444015503,-0.6783474683761597,-0.2680234313011169,0.3570341467857361,-0.9567179679870604,-0.2865631282329559,-0.2837651669979095,-0.931926727294922,-0.3291734457015991,0.1182414293289184,0.0022061159834265,0.0135452719405293,-0.118291787803173,-0.0026367250829935,-0.0121315000578761,0.3056414723396301,0.1175849363207817,-0.2951906323432922,-0.3124901354312897,0.0723055675625801,-0.3134413063526153,0.2740983664989471,0.3783320784568786,-0.1088784709572792,-0.2035612910985946,0.3883368372917175,-0.137800931930542
0.0323324613273143,-0.5861611366271973,-0.3167052268981933,0.1677494943141937,-0.4542592167854309,-0.1558607071638107,0.2600688338279724,-0.6799235939979553,-0.2446091175079345,-0.1355626583099365,-0.4621712267398834,-0.1815157383680343,-0.2573771774768829,-0.6558181643486023,-0.2695880234241485,0.3583999574184418,-0.942965805530548,-0.3026443123817444,-0.283297598361969,-0.9092971682548524,-0.3340267837047577,0.1185381934046745,0.0029242516029626,0.0133108478039503,-0.118571326136589,-0.003368848003447,-0.0118525959551334,0.3067764043807983,0.1176789328455925,-0.3001047670841217,-0.3124046921730041,0.0532931163907051,-0.3150674104690552,0.2596012353897095,0.3741101026535034,-0.1293178796768188,-0.196100428700447,0.3767226934432983,-0.1510534733533859
0.0317547842860221,-0.5907573103904724,-0.315328299999237,0.1678330600261688,-0.4544910490512848,-0.1558491438627243,0.2607903480529785,-0.6785252690315247,-0.244644209742546,-0.1356812119483947,-0.4619528353214264,-0.1809766441583633,-0.2582691311836242,-0.6576364636421204,-0.2712457478046417,0.3617887496948242,-0.93305903673172,-0.3026575744152069,-0.2898852825164795,-0.9110313057899476,-0.3361339271068573,0.1185902208089828,0.0033570080995559,0.0131144784390926,-0.1186228021979332,-0.0038139661774039,-0.0116388341411948,0.3051344752311706,0.0947978198528289,-0.3023474812507629,-0.3121598362922668,0.0399320982396602,-0.3176628947257995,0.2433682233095169,0.3710422217845917,-0.1517404019832611,-0.1839166432619094,0.3767659664154053,-0.1768455803394317
0.0255130771547555,-0.5899897813796997,-0.3149079382419586,0.1678244173526764,-0.4529553651809692,-0.1588068008422851,0.2618711590766907,-0.6766277551651001,-0.2572917342185974,-0.1381497830152511,-0.4620060622692108,-0.1786331683397293,-0.2631593346595764,-0.6601186394691467,-0.2675622999668121,0.3605676591396332,-0.9313039183616638,-0.3215807974338531,-0.2916600406169891,-0.9167447686195374,-0.3367780745029449,0.1186419352889061,0.0035979060921818,0.012039759196341,-0.1186733394861221,-0.0040614437311887,-0.0105516435578465,0.3043951392173767,0.0779158994555473,-0.3046838343143463,-0.3093521893024444,0.0208052974194288,-0.3160893619060516,0.2330453395843505,0.3583067953586578,-0.1704825758934021,-0.1746379733085632,0.3648001551628113,-0.1831602305173874
0.0285703334957361,-0.6062736511230469,-0.2950957119464874,0.1733895391225814,-0.4582983255386352,-0.1462163031101226,0.2678894996643066,-0.6819730997085571,-0.2401774078607559,-0.1365295648574829,-0.467943400144577,-0.1608963012695312,-0.2629342675209045,-0.6741485595703125,-0.2509954273700714,0.3634210526943207,-0.9333089590072632,-0.3008351325988769,-0.2908556759357452,-0.9288396835327148,-0.3230781257152557,0.118682250380516,0.0040593650192022,0.0119330706074833,-0.1187094151973724,-0.004537584260106,-0.0104276183992624,0.3061566650867462,0.061644148081541,-0.292092502117157,-0.3054514527320862,0.0014071469195187,-0.3119661808013916,0.2352625578641891,0.3427345156669616,-0.166511058807373,-0.1699821203947067,0.3469185531139374,-0.1833045780658722
0.0302937980741262,-0.6056789755821228,-0.2998446822166443,0.1732027530670166,-0.4587060213088989,-0.1528045684099197,0.2717627286911011,-0.6822083592414856,-0.2475022226572036,-0.136612594127655,-0.4684263467788696,-0.166937455534935,-0.2702403962612152,-0.677554190158844,-0.2585997283458709,0.3642567098140716,-0.9337009191513062,-0.3089485764503479,-0.3001492321491241,-0.9340840578079224,-0.330167293548584,0.1186504289507865,0.0040871319361031,0.0119027504697442,-0.1186671257019043,-0.0045645162463188,-0.0103947417810559,0.3012067973613739,0.0498009137809276,-0.2919821739196777,-0.3073979318141937,-0.0026780350599437,-0.3127494156360626,0.2341202050447464,0.3370740711688995,-0.1609489321708679,-0.1720886677503585,0.3360304832458496,-0.1788798719644546
0.0248011462390422,-0.6153573989868164,-0.2950466573238373,0.1726925075054168,-0.4660304486751556,-0.150607630610466,0.2713996767997741,-0.6877843737602234,-0.2461113035678863,-0.137878730893135,-0.4723343849182129,-0.161459594964981,-0.2785900831222534,-0.6777307987213135,-0.2549238502979278,0.3637822568416595,-0.9368047714233398,-0.308922529220581,-0.3031756281852722,-0.9332525134086608,-0.3269572257995605,0.1186232715845108,0.0038904731627553,0.0118006123229861,-0.1186350360512733,-0.0043735634535551,-0.010282308794558,0.3019520044326782,0.0189995672553777,-0.2871835231781006,-0.3062522709369659,-0.0191619209945201,-0.3094263672828674,0.2432570308446884,0.3010872304439544,-0.1583781540393829,-0.1715564429759979,0.306751012802124,-0.1775607764720916
0.0247858129441738,-0.6190404891967773,-0.2844181954860687,0.1725270301103592,-0.4683421850204468,-0.1419163942337036,0.2717635631561279,-0.6936996579170227,-0.2362110763788223,-0.1356379985809326,-0.474467933177948,-0.1544360369443893,-0.2741622626781463,-0.6792367100715637,-0.2501872777938843,0.3634333312511444,-0.9439288973808287,-0.2996610999107361,-0.3023993074893951,-0.9329971075057985,-0.3241426646709442,0.118253968656063,0.003897959832102,0.0117713334038853,-0.1182629093527793,-0.004379432182759,-0.0102504286915063,0.3060041666030884,0.0045566917397081,-0.2644115388393402,-0.3010368049144745,-0.0223849453032016,-0.3008642494678497,0.2620240151882171,0.3023539185523987,-0.1469332873821258,-0.1718451231718063,0.3052384853363037,-0.1709617227315902
0.024708954617381,-0.617996096611023,-0.2835809588432312,0.1726136654615402,-0.4669460654258728,-0.1412562727928161,0.2718415558338165,-0.6874081492424011,-0.2364687174558639,-0.1356497108936309,-0.4742314517498016,-0.15115787088871,-0.2737707197666168,-0.6769167184829712,-0.2463531494140625,0.3634082973003387,-0.9398118257522584,-0.307013601064682,-0.3021239936351776,-0.9325020909309388,-0.3236577808856964,0.1179283037781715,0.0039099399000406,0.011428895406425,-0.1179428696632385,-0.0043893014080822,-0.0099282003939151,0.2989615201950073,-0.0223104655742645,-0.2668503224849701,-0.2995116412639618,-0.0365453325212001,-0.2891084253787994,0.2602424621582031,0.2861852347850799,-0.158858835697174,-0.1718556731939315,0.2880502045154571,-0.1703623384237289
0.0292970165610313,-0.5960659980773926,-0.2839499115943908,0.1731384992599487,-0.4589533805847168,-0.1385446488857269,0.2730989754199981,-0.6737955808639526,-0.2328823953866958,-0.1338846087455749,-0.4716835618019104,-0.1513289958238601,-0.2725085616111755,-0.6733596324920654,-0.2450441718101501,0.3730092644691467,-0.926442563533783,-0.3066645264625549,-0.2895970642566681,-0.9287419319152832,-0.3247447311878204,0.1172872632741928,0.0041045718826353,0.0114341918379068,-0.1173042431473732,-0.0045850202441215,-0.0099404705688357,0.2990468144416809,-0.0417597405612468,-0.2423058450222015,-0.2864631414413452,-0.0622050203382968,-0.2807465493679046,0.2627495229244232,0.2600069046020508,-0.1458307802677154,-0.1618932038545608,0.260869026184082,-0.1644355356693267
0.0305568650364875,-0.596946656703949,-0.2813753187656402,0.1735790818929672,-0.4590331315994262,-0.1382690072059631,0.2732931077480316,-0.6742730736732483,-0.2323574870824813,-0.1321701109409332,-0.473023921251297,-0.1493758857250213,-0.2689165472984314,-0.6747753024101257,-0.2414217740297317,0.3722881078720093,-0.9263300895690918,-0.3067858815193176,-0.2805247008800506,-0.9273250102996826,-0.3249668180942535,0.1165623068809509,0.0041252472437918,0.0114549612626433,-0.1165922209620475,-0.0046033398248255,-0.0099684055894613,0.2996997535228729,-0.0567634962499141,-0.229682445526123,-0.2772136330604553,-0.0777825787663459,-0.2762160897254944,0.2645850777626037,0.2474741041660308,-0.1304656714200973,-0.1558394581079483,0.2466777265071869,-0.1536115705966949
0.0310274083167314,-0.5981569886207581,-0.2767562568187713,0.1756759732961654,-0.4603672921657562,-0.137538731098175,0.2741609513759613,-0.6768227219581604,-0.2325673550367355,-0.130382239818573,-0.4745171368122101,-0.1441316753625869,-0.2651819586753845,-0.6745262145996094,-0.2334320545196533,0.3700682818889618,-0.9281215071678162,-0.3102398216724396,-0.2773504853248596,-0.9209743738174438,-0.3231567144393921,0.116247534751892,0.0041444855742156,0.011154199950397,-0.1162725239992141,-0.0046225697733461,-0.0096838241443037,0.2992951869964599,-0.0621464140713214,-0.2355201691389084,-0.2781833708286285,-0.0715997889637947,-0.2637279033660888,0.2596006691455841,0.2447568476200103,-0.1428629755973816,-0.1510653048753738,0.2459276914596557,-0.1539219468832016
0.0307922102510929,-0.598473072052002,-0.2666318416595459,0.1752766966819763,-0.4607337415218353,-0.1286196708679199,0.2741962969303131,-0.6770837903022766,-0.2216032743453979,-0.1316114664077758,-0.4754641056060791,-0.1360801607370376,-0.2664717733860016,-0.6745041012763977,-0.2259110957384109,0.367642343044281,-0.9273317456245422,-0.3026563227176666,-0.2779544293880462,-0.9202646017074584,-0.3184711039066314,0.1159456521272659,0.0041534812189638,0.0110760955139994,-0.1159657090902328,-0.0046310061588883,-0.0096075497567653,0.2974963784217834,-0.0607891790568828,-0.2318644076585769,-0.2800557315349579,-0.0686605647206306,-0.2554608285427093,0.2622345387935638,0.2419505417346954,-0.1388775706291198,-0.151831716299057,0.2487673461437225,-0.1476196199655532
0.0299197435379028,-0.5989556312561035,-0.2902467250823974,0.1724209487438202,-0.461735337972641,-0.1509314775466919,0.2686036229133606,-0.6799184083938599,-0.242953673005104,-0.1325121819972992,-0.47514808177948,-0.1581242382526397,-0.2701185643672943,-0.6728238463401794,-0.2485381960868835,0.3616282939910888,-0.9332840442657472,-0.3170144855976105,-0.2839723825454712,-0.9203519821166992,-0.331702321767807,0.1157491654157638,0.0040708067826926,0.0108347330242395,-0.115781769156456,-0.0045482791028916,-0.009360427968204,0.2771312892436981,-0.0955733805894851,-0.2340086251497268,-0.2811067998409271,-0.0962834060192108,-0.2444228827953338,0.2662346065044403,0.1990556120872497,-0.1277034282684326,-0.1534899026155471,0.2076576203107834,-0.136464387178421
0.0201308391988277,-0.6066340208053589,-0.2829803228378296,0.1664744615554809,-0.4690956175327301,-0.1443304419517517,0.2558921277523041,-0.684089183807373,-0.2369384318590164,-0.1404345482587814,-0.4799631536006927,-0.1508050709962844,-0.2837773859500885,-0.6774725317955017,-0.240230917930603,0.3431723117828369,-0.9364566802978516,-0.315348744392395,-0.3012979030609131,-0.9217225313186646,-0.3294187784194946,0.1156418994069099,0.003773930715397,0.010715221054852,-0.1156911700963974,-0.0042530591599643,-0.0092395134270191,0.2780300676822662,-0.0916989296674728,-0.2325984388589859,-0.2844606935977936,-0.0915921255946159,-0.2366304248571396,0.2660635113716125,0.2091528326272964,-0.1281357407569885,-0.1601924002170562,0.2108319550752639,-0.1377930343151092
0.0157067216932773,-0.6076343655586243,-0.283300518989563,0.1646106392145156,-0.4705502986907959,-0.1440825462341308,0.254057228565216,-0.6849740743637085,-0.2368182837963104,-0.1450467407703399,-0.4805607795715332,-0.1507661789655685,-0.2920614778995514,-0.6800413131713867,-0.2405886203050613,0.3428519368171692,-0.936797559261322,-0.3154946267604828,-0.3097812533378601,-0.9268352389335632,-0.3303650021553039,0.1156390085816383,0.0032968609593808,0.0104395309463143,-0.1157022416591644,-0.003790863091126,-0.0089748334139585,0.2785688042640686,-0.0865533277392387,-0.2330178618431091,-0.2948444783687591,-0.0889158248901367,-0.2361247986555099,0.2711215615272522,0.2153291255235672,-0.1276863068342209,-0.1691433638334274,0.2175683379173278,-0.1373899132013321
0.0121198091655969,-0.6082233786582947,-0.2845368683338165,0.1631428599357605,-0.4710769951343536,-0.1440030336380005,0.2534122765064239,-0.6854733824729919,-0.2367162406444549,-0.1469024121761322,-0.4803110361099243,-0.1507621705532074,-0.2991024553775787,-0.679831862449646,-0.2405103296041488,0.3415223956108093,-0.9370294213294984,-0.3158419728279114,-0.3163304030895233,-0.9268550276756288,-0.3302860260009765,0.1156432330608367,0.0030273576267063,0.0099634770303964,-0.1157165169715881,-0.0035282501485198,-0.0085049383342266,0.2793652713298797,-0.0841387957334518,-0.2346644252538681,-0.3042081892490387,-0.086653783917427,-0.2352628856897354,0.2709951400756836,0.2183990329504013,-0.1273760944604873,-0.1792956888675689,0.2200121283531189,-0.1349314749240875
0.0100437123328447,-0.6081375479698181,-0.284990906715393,0.1618643552064895,-0.4712623357772827,-0.1442414671182632,0.2526804804801941,-0.6854959726333618,-0.2370454370975494,-0.1477209627628326,-0.4802772104740143,-0.1507012695074081,-0.2990926206111908,-0.6798376441001892,-0.2395477443933487,0.3378666937351227,-0.9369526505470276,-0.3164960443973541,-0.3171188533306122,-0.928095281124115,-0.3301591575145721,0.115535981953144,0.002849411452189,0.0096144368872046,-0.1156202256679534,-0.0033553778193891,-0.0081584528088569,0.2798323035240173,-0.0898908525705337,-0.2320490330457687,-0.3036484718322754,-0.0932765379548072,-0.2268012166023254,0.2706997394561767,0.2123121917247772,-0.1246209070086479,-0.180682823061943,0.206272080540657,-0.1301748305559158
0.0065199611708521,-0.6116322875022888,-0.279911607503891,0.1616825610399246,-0.4722965657711029,-0.1420505046844482,0.2514768242835998,-0.6854456663131714,-0.2365080118179321,-0.1489772051572799,-0.4819492697715759,-0.1432307213544845,-0.3020746111869812,-0.6849693655967712,-0.2318064868450164,0.3333630561828613,-0.9355500340461732,-0.3164449036121368,-0.3168785274028778,-0.9292646050453186,-0.3255834579467773,0.1155106946825981,0.0026727626100182,0.0083685154095292,-0.1155973896384239,-0.0031814314424991,-0.006916135083884,0.2790662050247192,-0.0940517857670784,-0.2333707213401794,-0.3091530501842499,-0.0917761847376823,-0.2237242460250854,0.2686010599136352,0.2110975235700607,-0.1273857355117797,-0.1884409934282302,0.2083864361047744,-0.1300379335880279
0.0067749507725238,-0.6093907952308655,-0.2799531817436218,0.1617098301649093,-0.4718751907348633,-0.1417624950408935,0.2516411244869232,-0.683872401714325,-0.2364477217197418,-0.1489753872156143,-0.4818058609962463,-0.1433332562446594,-0.3014723360538482,-0.6840100884437561,-0.2316725701093673,0.333768367767334,-0.9329883456230164,-0.3164528310298919,-0.321107804775238,-0.9291738271713256,-0.3255817890167236,0.1155017241835594,0.0024499685969203,0.0083209322765469,-0.1155902296304702,-0.0029607587493956,-0.0068684895522892,0.2833485305309295,-0.0927960872650146,-0.2333413511514663,-0.3094120323657989,-0.0883125737309455,-0.2246977537870407,0.2692421674728393,0.2121601104736328,-0.1281161159276962,-0.1847694665193557,0.2159786522388458,-0.1330068409442901
0.0062627783045172,-0.6094691157341003,-0.283148854970932,0.16057650744915,-0.4721056818962097,-0.1444370597600937,0.2501446604728699,-0.6890894770622253,-0.2387703359127044,-0.1491106152534485,-0.47995325922966,-0.1483587026596069,-0.3008787930011749,-0.6818446516990662,-0.2375895082950592,0.3327813744544983,-0.9420722723007202,-0.3164684176445007,-0.3265828788280487,-0.9278282523155212,-0.3276979327201843,0.1155024394392967,0.0023000240325927,0.0083132302388548,-0.1155954450368881,-0.0028095964808017,-0.0068600107915699,0.2833848595619201,-0.0958088561892509,-0.2329635620117187,-0.3091108202934265,-0.0886894613504409,-0.2264454215764999,0.2648111879825592,0.2120394855737686,-0.1275408565998077,-0.1842117458581924,0.2168241292238235,-0.1336776912212371
0.005562697071582,-0.610711395740509,-0.2792764604091644,0.1609008759260177,-0.4721215069293976,-0.1423802524805069,0.2527457475662231,-0.6880998015403748,-0.2388562113046646,-0.1494207978248596,-0.4808965027332306,-0.1447441428899765,-0.2998309433460235,-0.6847668886184692,-0.2345936298370361,0.3342428505420685,-0.9401914477348328,-0.3166515231132507,-0.3259600698947906,-0.931677520275116,-0.3263243436813354,0.1155495941638946,0.0022278917022049,0.0082929534837603,-0.1156497374176979,-0.0027323118411004,-0.0068382881581783,0.2834282219409942,-0.0963076800107956,-0.2324745208024978,-0.2997660338878631,-0.0890988782048225,-0.2286298424005508,0.264918714761734,0.2090167254209518,-0.1331676840782165,-0.1802004426717758,0.217228502035141,-0.1433960199356079
0.0061335046775639,-0.6107490062713623,-0.2788980603218078,0.1606572419404983,-0.4726045727729797,-0.1411622613668441,0.2495642304420471,-0.6857825517654419,-0.2360228300094604,-0.1503752917051315,-0.4814618229866028,-0.1443944871425628,-0.3027153611183166,-0.6846838593482971,-0.2337067872285843,0.3342474997043609,-0.9334679245948792,-0.3153928220272064,-0.3298571109771728,-0.9304760098457336,-0.3260920941829681,0.1155712008476257,0.0019699004478752,0.008174137212336,-0.1156719103455543,-0.0024892101064324,-0.0067053963430225,0.2830015420913696,-0.0960728004574775,-0.2316033989191055,-0.310166984796524,-0.083234816789627,-0.2257203757762909,0.26519775390625,0.2106837928295135,-0.1316602379083633,-0.1809734404087066,0.2208859324455261,-0.1394438743591308
0.0100834984332323,-0.6100380420684814,-0.2828502655029297,0.1618679314851761,-0.4725376963615417,-0.1420519202947616,0.2511883378028869,-0.6857072710990906,-0.2374032884836197,-0.1492354571819305,-0.4812543094158172,-0.1510674506425857,-0.3019133806228637,-0.681867778301239,-0.2406024783849716,0.3363168239593506,-0.9335783123970032,-0.3174688816070556,-0.3316851258277893,-0.9233620762825012,-0.3334311246871948,0.1156248599290847,0.0019119295757263,0.0084405988454818,-0.1157272160053253,-0.002428772393614,-0.0069567710161209,0.2835237979888916,-0.0942481160163879,-0.2353436946868896,-0.3100220561027527,-0.0823743641376495,-0.2375455647706985,0.2673572301864624,0.2135994881391525,-0.1322280019521713,-0.180865004658699,0.2244048863649368,-0.142646312713623
0.0113716861233115,-0.6100479960441589,-0.2881977260112762,0.1630448549985885,-0.4718828797340393,-0.146822839975357,0.2563860714435577,-0.6834930181503296,-0.2442994266748428,-0.148889735341072,-0.4809780120849609,-0.1549349576234817,-0.3018139600753784,-0.6812773942947388,-0.2452029883861541,0.3406909704208374,-0.9310335516929626,-0.3246494829654693,-0.3319357931613922,-0.9231080412864684,-0.3371802270412445,0.1157107576727867,0.0016717092366889,0.0084407832473516,-0.1158186048269271,-0.0021869719494134,-0.0069562555290758,0.2854949235916137,-0.0903289541602134,-0.2381310909986496,-0.3084790706634521,-0.0749713629484176,-0.2414921820163726,0.2752707898616791,0.2179283201694488,-0.1347105056047439,-0.1748276948928833,0.2337120473384857,-0.1457732617855072
0.011373427696526,-0.6101253032684326,-0.2886446416378021,0.1626386791467666,-0.4722855687141418,-0.1466969102621078,0.2563775181770324,-0.6834934949874878,-0.242203950881958,-0.1500138491392135,-0.4809695482254028,-0.1561541408300399,-0.3016780018806457,-0.6785022616386414,-0.2457783818244934,0.3432972729206085,-0.9330092668533324,-0.3233435153961181,-0.3333421349525451,-0.9221913814544678,-0.3372873067855835,0.1157414764165878,0.0014572176150977,0.0086009576916694,-0.1158506199717521,-0.0019623774569481,-0.0071297236718237,0.2869263887405395,-0.0782138779759407,-0.2429054677486419,-0.3082555830478668,-0.065560482442379,-0.2464160025119781,0.2830855250358581,0.222733736038208,-0.1342345029115677,-0.1748648285865783,0.239196166396141,-0.1451400965452194
0.0113296071067452,-0.6122964024543762,-0.2897318005561828,0.1630504727363586,-0.4727370738983154,-0.1472750008106231,0.2633819878101349,-0.6877177953720093,-0.2429208606481552,-0.1502582728862762,-0.4796894788742065,-0.1569783389568328,-0.3017951250076294,-0.676474392414093,-0.2470024824142456,0.3489798009395599,-0.9388560652732848,-0.3231981694698334,-0.3366870582103729,-0.9205923080444336,-0.3372224569320678,0.1160931214690208,0.0013243942521512,0.0086354902014136,-0.1161935925483703,-0.0018279394134879,-0.00716272322461,0.2889808118343353,-0.0626113638281822,-0.2563523948192596,-0.3106053173542022,-0.0543120913207531,-0.2615256011486053,0.2843352258205414,0.2437076121568679,-0.1442407369613647,-0.1749438345432281,0.257928192615509,-0.1579267382621765
0.011124868877232,-0.6150884032249451,-0.2848141491413116,0.16422700881958,-0.4726591110229492,-0.1412330865859985,0.265302300453186,-0.6877343058586121,-0.2352265864610672,-0.150971457362175,-0.4786754548549652,-0.1518363505601883,-0.3012188971042633,-0.6698189973831177,-0.2445982992649078,0.3540065586566925,-0.9422098398208618,-0.3125181496143341,-0.3386437594890594,-0.913264274597168,-0.3322896361351013,0.116640031337738,0.0012670112773776,0.0088437618687748,-0.1167403757572174,-0.0017692786641418,-0.0073828008025884,0.2916157245635986,-0.0525658354163169,-0.2622018456459045,-0.3007578253746032,-0.0434676855802536,-0.2849401533603668,0.2839118540287018,0.2565793693065643,-0.1600591540336609,-0.1686818450689315,0.2780485153198242,-0.1854647248983383
0.0114421742036938,-0.6132202744483948,-0.2875532209873199,0.1651407778263092,-0.4681767225265503,-0.1455006301403045,0.2680822908878326,-0.6788293719291687,-0.2431365847587585,-0.1509598344564438,-0.4752927720546722,-0.1543567478656768,-0.2939883172512054,-0.6643545627593994,-0.2470897734165191,0.3551762104034424,-0.9352084398269652,-0.3188014328479767,-0.3368465602397918,-0.91057026386261,-0.3325760066509247,0.116850696504116,0.0012660245411098,0.0089175570756196,-0.1169323548674583,-0.0017644606996327,-0.0074599804356694,0.2910268008708954,-0.0347031690180301,-0.2718576192855835,-0.2939497232437134,-0.0300631914287805,-0.2920704782009125,0.2729214131832123,0.2819374203681946,-0.1637455075979232,-0.1476976573467254,0.2910228371620178,-0.1860206574201584
0.0134246917441487,-0.6139071583747864,-0.27273690700531,0.1651916801929474,-0.4670220613479614,-0.1252537369728088,0.2683095037937164,-0.6691782474517822,-0.2223055213689804,-0.1522612124681472,-0.4737347066402435,-0.1423045694828033,-0.2940900027751922,-0.6616601347923279,-0.2409791946411132,0.3579082190990448,-0.9168126583099364,-0.3013752102851867,-0.3363519310951233,-0.909728229045868,-0.3199955224990845,0.1171431466937065,0.0013873038114979,0.0098193967714905,-0.1171988770365715,-0.0018831634661182,-0.0083416122943162,0.2915099561214447,-0.0173573326319456,-0.270610511302948,-0.2807767391204834,-0.0195073150098323,-0.3028140962123871,0.2676197588443756,0.3027235567569732,-0.1668456196784973,-0.1305746436119079,0.3070007264614105,-0.1927320808172226
0.0183644499629735,-0.6125450730323792,-0.2826403975486755,0.1656484454870224,-0.4628362953662872,-0.1291798055171966,0.2683945596218109,-0.663982093334198,-0.2234109044075012,-0.1513860672712326,-0.4674442112445831,-0.1523842364549636,-0.2933377623558044,-0.6528343558311462,-0.249699592590332,0.3601474463939667,-0.9143251180648804,-0.3021978139877319,-0.3358403742313385,-0.9045743942260742,-0.3230598866939544,0.117366723716259,0.0015611089766025,0.0106857400387525,-0.117404356598854,-0.002047732239589,-0.009175187908113,0.2927639782428741,0.0133483754470944,-0.2789376378059387,-0.2786403000354767,-0.0009216445614583,-0.3225636184215545,0.2616087794303894,0.3301513493061065,-0.1661767810583114,-0.1338372230529785,0.332852691411972,-0.1967978477478027
0.0197727940976619,-0.6072342991828918,-0.3077307343482971,0.1655995696783065,-0.4613331854343414,-0.1494501829147339,0.2703072726726532,-0.664829432964325,-0.2345541715621948,-0.1510967016220092,-0.466324508190155,-0.1755714118480682,-0.2930032312870025,-0.658491849899292,-0.2644728720188141,0.3628625273704529,-0.9151775240898132,-0.3040775656700134,-0.3349685668945312,-0.9199231266975404,-0.3318788111209869,0.1175514310598373,0.0011599545832723,0.0107202874496579,-0.1175794079899787,-0.0016391407698392,-0.0092040142044425,0.2953812181949615,0.0556625649333,-0.285611093044281,-0.2921264171600342,0.0390557162463665,-0.3201828896999359,0.2609200477600097,0.3669432699680328,-0.1460204720497131,-0.1419880539178848,0.3731197118759155,-0.1772013753652572
0.0215641912072896,-0.6073838472366333,-0.3053228259086609,0.166987195611,-0.4614135324954986,-0.1444765031337738,0.2706645429134369,-0.6655521392822266,-0.2259912192821502,-0.1505932509899139,-0.4658263623714447,-0.1694907546043396,-0.2927592098712921,-0.6578042507171631,-0.250820130109787,0.362716794013977,-0.9177135825157166,-0.2914940416812897,-0.3367992639541626,-0.9195026755332948,-0.3194182217121124,0.1182116568088531,0.0012968691298738,0.0106746740639209,-0.1182004362344741,-0.0017708878731355,-0.0091407382860779,0.2952764630317688,0.0925775319337844,-0.2952331602573395,-0.306531012058258,0.0556318648159503,-0.3168139159679413,0.2476207315921783,0.3915735185146332,-0.151640236377716,-0.1623221188783645,0.3952484726905823,-0.1764775514602661
0.0279979519546031,-0.6066653728485107,-0.2956975102424621,0.1708105653524398,-0.4610674083232879,-0.1347308158874511,0.2778831124305725,-0.6660182476043701,-0.2151494920253753,-0.1503124833106994,-0.4659883975982666,-0.1580695956945419,-0.2929705679416656,-0.6579681038856506,-0.2354777008295059,0.3752182722091675,-0.9209502339363098,-0.2808496952056885,-0.3361307382583618,-0.9196982383728028,-0.3092577755451202,0.1190923079848289,0.0017859091749414,0.0106753418222069,-0.119054839015007,-0.0022512632422149,-0.0091314669698476,0.2969316244125366,0.1347307860851287,-0.2932422161102295,-0.3074994087219238,0.076674610376358,-0.3155736625194549,0.2487901300191879,0.4216981828212738,-0.1463613361120224,-0.1747953593730926,0.4135124683380127,-0.1671112328767776
0.0318065024912357,-0.6055232286453247,-0.3025416731834411,0.1715413182973861,-0.4582228362560272,-0.1432181149721145,0.2777779102325439,-0.6592987179756165,-0.2229736894369125,-0.147239550948143,-0.4585793018341064,-0.1641854792833328,-0.2932426035404205,-0.6392454504966736,-0.2447845190763473,0.3741631507873535,-0.910352885723114,-0.2839303016662597,-0.3359827399253845,-0.9013882279396056,-0.3101215958595276,0.1197220236063003,0.0020210652146488,0.0107810879126191,-0.119665689766407,-0.0024948727805167,-0.0092041855677962,0.2931067943572998,0.1639177203178405,-0.3033526539802551,-0.3069604933261871,0.0911508649587631,-0.3163143098354339,0.2499569654464721,0.4375157356262207,-0.1380067467689514,-0.1803785115480423,0.4297329783439636,-0.159295842051506
0.0343217998743057,-0.605579137802124,-0.301993727684021,0.1709937155246734,-0.4607305526733398,-0.142543539404869,0.2776319682598114,-0.6618922352790833,-0.2197353392839431,-0.1476226598024368,-0.459877610206604,-0.1649925112724304,-0.292699784040451,-0.6411692500114441,-0.2453251481056213,0.3740586936473846,-0.9151474833488464,-0.2795510590076446,-0.336897611618042,-0.9040682315826416,-0.3092723786830902,0.1202714890241622,0.0019528639968484,0.011306825093925,-0.1201978623867034,-0.0024236068129539,-0.009698960930109,0.2739987671375274,0.1696984469890594,-0.310771644115448,-0.3051322698593139,0.120597131550312,-0.3155149817466736,0.2499062120914459,0.4532931745052337,-0.1295503228902816,-0.1863862127065658,0.4457248151302337,-0.1505563110113144
0.028342118486762,-0.608657956123352,-0.2918417155742645,0.1666978299617767,-0.465103417634964,-0.1367498487234115,0.2710437476634979,-0.6664578318595886,-0.216350719332695,-0.1499631553888321,-0.4603436291217804,-0.1585349887609481,-0.293805330991745,-0.6406906247138977,-0.2413797974586486,0.3632746338844299,-0.9177753925323486,-0.2765868306159973,-0.337725818157196,-0.9025005102157592,-0.3028626441955566,0.1207311451435089,0.0016165223205462,0.0114696519449353,-0.1206488162279129,-0.0020805087406188,-0.0098335864022374,0.2672258615493774,0.1794163882732391,-0.3210655748844147,-0.3059881627559662,0.1336723417043686,-0.3136312663555145,0.2427206486463546,0.4601232409477234,-0.1308958232402801,-0.1897717416286468,0.4533590078353882,-0.1440286189317703
0.0305256210267543,-0.6085951924324036,-0.296269416809082,0.1626302599906921,-0.4680819809436798,-0.1367691457271576,0.2653346061706543,-0.6706093549728394,-0.2131650447845459,-0.1499766260385513,-0.4641273021697998,-0.1739130020141601,-0.2904389500617981,-0.64117032289505,-0.2662131488323211,0.3610252439975738,-0.9224470853805542,-0.2744219899177551,-0.3357818722724914,-0.902536392211914,-0.3336999118328094,0.1207981556653976,0.0015231218421831,0.0122261093929409,-0.1207145154476165,-0.0019841836765408,-0.0106245698407292,0.2660939991474151,0.2079353928565979,-0.3048721849918365,-0.3090928196907043,0.1610481888055801,-0.2882688045501709,0.2345505505800247,0.4712452292442322,-0.097325399518013,-0.1982470452785492,0.4648776948451996,-0.1077244207262992
0.0167772937566041,-0.618582546710968,-0.2944689691066742,0.1585095971822738,-0.4776837527751922,-0.1356157064437866,0.2602527439594269,-0.6846929788589478,-0.2122132927179336,-0.15178182721138,-0.4713323712348938,-0.1686573475599289,-0.2908641099929809,-0.651151716709137,-0.2587013244628906,0.3518833220005035,-0.9313982129096984,-0.2729098796844482,-0.3374544084072113,-0.907955288887024,-0.3227890133857727,0.1208423674106597,0.0012270645238459,0.0122614214196801,-0.1207661926746368,-0.0016720209969207,-0.0106568308547139,0.2644871771335602,0.2173779755830764,-0.3033100962638855,-0.3054479956626892,0.1735132038593292,-0.2830381393432617,0.2357237040996551,0.4851807057857513,-0.098343588411808,-0.1965204179286956,0.4903503954410553,-0.1104502901434898
0.0161071326583623,-0.6219859719276428,-0.2799069285392761,0.1532105505466461,-0.4814721345901489,-0.1182068809866905,0.2523262202739715,-0.693978488445282,-0.1872493624687194,-0.1539795994758606,-0.477617859840393,-0.158915102481842,-0.2906282246112823,-0.6682468056678772,-0.252677857875824,0.3451035320758819,-0.9377365112304688,-0.249082550406456,-0.3352859020233154,-0.9307840466499328,-0.3093441128730774,0.1207230016589164,0.0012181450147181,0.0125353643670678,-0.1206643879413604,-0.0016603710828348,-0.0109824016690254,0.2607849240303039,0.2382855862379074,-0.286303699016571,-0.3029828369617462,0.1942445337772369,-0.278247207403183,0.233351930975914,0.511159360408783,-0.0903222411870956,-0.1957317441701889,0.5131897926330566,-0.1080557480454444
0.0171537343412637,-0.6242935657501221,-0.2719671130180359,0.1512465626001358,-0.485866516828537,-0.1079579591751098,0.2493788003921508,-0.7023576498031616,-0.1741407513618469,-0.1541159749031067,-0.4793727099895477,-0.1531034559011459,-0.2873425483703613,-0.661482572555542,-0.2478887289762497,0.3412326574325561,-0.9494745135307312,-0.2349064797163009,-0.3344981372356415,-0.9138693809509276,-0.3094626665115356,0.120382621884346,0.0012109450763091,0.012915494851768,-0.1203406304121017,-0.001651506870985,-0.0113994823768734,0.2614856958389282,0.2464071065187454,-0.2706363201141357,-0.2962212264537811,0.2083942741155624,-0.2661100029945373,0.2263890653848648,0.5287476181983948,-0.0868794545531272,-0.1938722431659698,0.5271832346916199,-0.0981877297163009
0.0123365651816129,-0.6277428269386292,-0.2691221535205841,0.149252638220787,-0.4866411685943603,-0.1079033091664314,0.2475637048482895,-0.7005093097686768,-0.1768774092197418,-0.1550888121128082,-0.4836833775043487,-0.1491980850696563,-0.2861136496067047,-0.6703564524650574,-0.2422921657562255,0.3393111526966095,-0.9464895725250244,-0.2398984581232071,-0.3267980515956878,-0.9261589646339417,-0.3018580675125122,0.1201047971844673,0.0010465123923495,0.0128326602280139,-0.1200968623161315,-0.0014813286252319,-0.0113378288224339,0.2623736262321472,0.2604742348194122,-0.2510029673576355,-0.2919819355010986,0.2281500995159149,-0.2489701509475708,0.223902553319931,0.5534192323684692,-0.0708315968513488,-0.1911633908748626,0.5480735301971436,-0.0797433108091354
0.0128442291170358,-0.6312830448150635,-0.2609075605869293,0.1494660824537277,-0.4895619451999664,-0.0955715030431747,0.2475630193948745,-0.7037339806556702,-0.1628954410552978,-0.1547004729509353,-0.4861136972904205,-0.1363642960786819,-0.2830083668231964,-0.6696242094039917,-0.2300595790147781,0.339155375957489,-0.9477452039718628,-0.2311836332082748,-0.3272706270217895,-0.9166722297668456,-0.3003500998020172,0.1196587085723877,0.0010412734700366,0.0128333196043968,-0.1196657866239547,-0.0014732267009094,-0.0113501185551285,0.2646141946315765,0.2718364298343658,-0.2331835925579071,-0.2839875519275665,0.248931348323822,-0.2386128008365631,0.2244185954332351,0.5693190097808838,-0.0584826953709125,-0.1793556809425354,0.5589661598205566,-0.0613341778516769
0.0146333938464522,-0.6408289074897766,-0.2380463182926178,0.1491172015666961,-0.4965174794197082,-0.0713201910257339,0.2432890981435775,-0.7117118239402771,-0.1296654790639877,-0.1539204120635986,-0.495215356349945,-0.122189849615097,-0.2740542590618133,-0.6850622892379761,-0.2154123336076736,0.3359581232070923,-0.9530158638954164,-0.1985700279474258,-0.3093412816524505,-0.9368454217910768,-0.2726447880268097,0.1188410222530365,0.0011347200488671,0.0130311846733093,-0.1188729777932167,-0.0015672055305913,-0.0115854181349277,0.2647929191589355,0.2887045741081238,-0.2010847330093383,-0.2731963396072387,0.257857084274292,-0.2244096398353576,0.2244165688753128,0.5948013067245483,-0.0364105701446533,-0.1725701838731765,0.5780206918716431,-0.0547913536429405
0.01487279497087,-0.6419849991798401,-0.2389034926891327,0.1496216356754303,-0.4984024465084076,-0.074016198515892,0.2408092021942138,-0.7165053486824036,-0.1348458975553512,-0.1501277238130569,-0.5037628412246704,-0.1203826665878295,-0.2573540508747101,-0.7054868340492249,-0.2136527895927429,0.3334110975265503,-0.9560261368751526,-0.2050188779830932,-0.2807433903217315,-0.9497506618499756,-0.2718953490257263,0.1182196214795112,0.0009481902234256,0.0130355721339583,-0.1182748228311538,-0.0013749527279287,-0.0116012180224061,0.2641942203044891,0.2920714914798736,-0.195191279053688,-0.2570881843566894,0.2798454761505127,-0.2101822346448898,0.223823606967926,0.5989453792572021,-0.0228472687304019,-0.1593126207590103,0.5855070948600769,-0.0274991393089294
0.0143513455986976,-0.648077130317688,-0.230075404047966,0.1490306109189987,-0.500620424747467,-0.0654745995998382,0.2389590889215469,-0.7201342582702637,-0.1240238696336746,-0.1487800478935241,-0.507868766784668,-0.1098347157239914,-0.2548102140426636,-0.7137838006019592,-0.2041767984628677,0.3326914608478546,-0.9563904404640198,-0.1962937116622924,-0.2765066623687744,-0.9576078057289124,-0.2580958902835846,0.117000438272953,0.0009828041074797,0.0129198720678687,-0.1170876175165176,-0.0014112386852502,-0.0115129789337515,0.2533873617649078,0.3020729124546051,-0.1812828928232193,-0.2523986101150512,0.2854943871498108,-0.1995974332094192,0.2196906059980392,0.6116954684257507,-0.0186134371906518,-0.1608026921749115,0.6206640005111694,-0.0366319976747036
0.0144444713369011,-0.6597591042518616,-0.2144921571016311,0.1494539827108383,-0.5063453912734985,-0.0523664504289627,0.2384269386529922,-0.7276687622070312,-0.109830766916275,-0.1434062272310257,-0.5120280385017395,-0.0980923026800155,-0.2437289804220199,-0.7157601714134216,-0.1939750462770462,0.3294778764247894,-0.9613332748413086,-0.1802301257848739,-0.2675595283508301,-0.9579684734344482,-0.2449099868535995,0.1161852478981018,0.0011805883841589,0.0125994924455881,-0.1163163632154464,-0.0016036966117098,-0.0112373111769557,0.2437766641378402,0.3137935101985931,-0.1626224666833877,-0.245167538523674,0.2912289202213287,-0.1895281076431274,0.2108743339776992,0.624950647354126,-0.0042550349608063,-0.1545267552137375,0.6278476715087891,-0.0326288305222988
0.0199441332370042,-0.6612061262130737,-0.2171164751052856,0.1528666168451309,-0.5068767070770264,-0.0549903437495231,0.2405641078948974,-0.7273314595222473,-0.1119792908430099,-0.1351130753755569,-0.5140291452407837,-0.1011967733502388,-0.2309088259935379,-0.7191933989524841,-0.1965813636779785,0.3331805467605591,-0.9609169363975524,-0.1832665801048278,-0.2467812746763229,-0.963491916656494,-0.2463764995336532,0.1153792813420295,0.0012938944855704,0.0125385886058211,-0.1155446097254753,-0.0017168307676911,-0.0111956298351287,0.2347807884216308,0.3175435662269592,-0.1575710028409958,-0.2329851239919662,0.3014238476753235,-0.1859139055013656,0.2148465812206268,0.6292212605476379,0.0066720051690936,-0.1525585502386093,0.6463085412979126,-0.0319305323064327
0.0266372393816709,-0.6606670618057251,-0.2152436524629593,0.1526544988155365,-0.5068095922470093,-0.0495140366256237,0.2404063045978546,-0.7261409759521484,-0.1021015718579292,-0.1314805150032043,-0.5142438411712646,-0.1020629703998565,-0.2197731137275695,-0.7171598076820374,-0.1998973786830902,0.3341225981712341,-0.9560309052467346,-0.1758294552564621,-0.2373139709234237,-0.9530889987945556,-0.2489572316408157,0.1138038337230682,0.0024654185399413,0.013678123243153,-0.1139979884028434,-0.0028771050274372,-0.0124068548902869,0.2281171381473541,0.3283031582832336,-0.1393004208803177,-0.2237787842750549,0.3062649071216583,-0.1899494230747223,0.2196521610021591,0.6551326513290405,0.0054149264469742,-0.1381982713937759,0.6522214412689209,-0.0400552973151207
0.0287177599966526,-0.6521885395050049,-0.2389451116323471,0.1537134647369384,-0.4991164207458496,-0.0757771208882331,0.2404641360044479,-0.7081999778747559,-0.1481215804815292,-0.1292518079280853,-0.5071302056312561,-0.1184562817215919,-0.214114248752594,-0.7026716470718384,-0.2387565970420837,0.3344922065734863,-0.9359706044197084,-0.2356723546981811,-0.2296122014522552,-0.9473280906677246,-0.3139921128749847,0.1129957512021064,0.0022968493867665,0.0136897331103682,-0.1131703108549118,-0.0027082525193691,-0.0124304760247468,0.2198500037193298,0.3524511754512787,-0.1278668940067291,-0.213775172829628,0.3418025076389313,-0.1535703092813491,0.2186453491449356,0.688237190246582,0.0057281232438981,-0.1400233656167984,0.6932818293571472,-0.0250734481960535
0.0270010419189929,-0.6502942442893982,-0.2388350218534469,0.1497289538383484,-0.4995095133781433,-0.0751396641135215,0.2401250004768371,-0.7071703672409058,-0.1455104351043701,-0.1305301785469055,-0.5091254115104675,-0.1199687272310257,-0.2169355452060699,-0.70294189453125,-0.2305024862289428,0.3298607766628265,-0.9296075701713562,-0.2278308868408203,-0.2388433218002319,-0.9465811848640442,-0.2959142327308655,0.1118979454040527,0.0023365977685898,0.0136566096916794,-0.1121038272976875,-0.0027573544066399,-0.0124040134251117,0.1925096213817596,0.3818684220314026,-0.0591734796762466,-0.2010678946971893,0.3610603213310241,-0.108995534479618,0.2185455411672592,0.7226995825767517,0.0515114068984985,-0.14150932431221,0.7200512886047363,0.0054676458239555
0.0295713543891906,-0.6363946199417114,-0.2726316452026367,0.1497671455144882,-0.4965100586414337,-0.1094628497958183,0.2396800220012664,-0.6967658400535583,-0.178761824965477,-0.1294038146734237,-0.507030725479126,-0.1591031104326248,-0.2188932299613952,-0.6947224736213684,-0.257218599319458,0.3253383934497833,-0.9212228059768676,-0.2630131840705871,-0.24724842607975,-0.9380131363868712,-0.3167770206928253,0.1113874390721321,0.00235833437182,0.0136490575969219,-0.1116552874445915,-0.0027831208426505,-0.0124044297263026,0.178838163614273,0.3863028585910797,-0.0403461530804634,-0.1844097524881363,0.3681884109973907,-0.0971828177571296,0.2163951992988586,0.7261800765991211,0.0798292458057403,-0.1503417938947677,0.724555492401123,0.0192918516695499
0.0290546510368585,-0.6226872205734253,-0.2967360913753509,0.1472949683666229,-0.4900827407836914,-0.1267439275979995,0.2389837503433227,-0.690378725528717,-0.1968720108270645,-0.1295415461063385,-0.5016189217567444,-0.1794203817844391,-0.2200426906347274,-0.6812781095504761,-0.2805471122264862,0.32471564412117,-0.9162027835845948,-0.2796871066093445,-0.2479443848133087,-0.918671190738678,-0.3546742498874664,0.110560841858387,0.0025169826112687,0.0140127586200833,-0.1108644381165504,-0.0029546462465077,-0.012781623750925,0.1643657982349395,0.3929271697998047,-0.0370523706078529,-0.1732401847839355,0.3715946674346924,-0.0919037759304046,0.2119019031524658,0.7410829663276672,0.0678141713142395,-0.1568121612071991,0.7345659136772156,0.0131076285615563
0.0226673893630504,-0.6233816742897034,-0.2879384160041809,0.1481352001428604,-0.4882448613643646,-0.1210255622863769,0.2390651404857635,-0.6848661303520203,-0.199673980474472,-0.1293055862188339,-0.5010055303573608,-0.1582687348127365,-0.2202934920787811,-0.6737769246101379,-0.2636972367763519,0.3187060356140136,-0.9146642684936525,-0.2802386283874511,-0.2485681325197219,-0.9098795652389526,-0.340283989906311,0.1101485565304756,0.0025238615926355,0.0115434564650058,-0.1104706525802612,-0.0029644342139363,-0.0103590032085776,0.1529581397771835,0.4019776284694671,-0.032317578792572,-0.1699831932783126,0.3764006793498993,-0.0614346452057361,0.2115015238523483,0.7506588697433472,0.066578134894371,-0.160700723528862,0.7431458234786987,0.0315777324140071
0.0198781583458185,-0.6243405938148499,-0.2888288795948028,0.1458708941936493,-0.487970769405365,-0.1262645423412323,0.2372434735298156,-0.683708667755127,-0.2017896324396133,-0.1318894475698471,-0.5007473230361938,-0.1610151678323745,-0.220659464597702,-0.6753988862037659,-0.2656524777412414,0.3144219219684601,-0.912617027759552,-0.2820254862308502,-0.2507949769496918,-0.9124835729599,-0.3484285473823547,0.1100343689322471,0.0022824080660939,0.0115584321320056,-0.1103612557053566,-0.0027502074372023,-0.0103779016062617,0.1460905820131302,0.4111756980419159,-0.0089388536289334,-0.1660234630107879,0.3867626190185547,-0.0419889390468597,0.2132601886987686,0.7532687187194824,0.1055556237697601,-0.1624699383974075,0.7514235377311707,0.0597365908324718
0.0137197086587548,-0.6296834349632263,-0.2561888694763183,0.1465367525815963,-0.4924697279930115,-0.106734350323677,0.2356699258089065,-0.6874502301216125,-0.1803482919931411,-0.1323772221803665,-0.5021622180938721,-0.1173125132918357,-0.2223900407552719,-0.6759205460548401,-0.2080541104078292,0.3025818765163421,-0.921373724937439,-0.2441648989915847,-0.2454937845468521,-0.914408564567566,-0.2859240472316742,0.1099959164857864,0.0016737213591113,0.009260524995625,-0.1103249415755271,-0.002158944029361,-0.0081490483134984,0.1482796370983123,0.4111929833889007,-0.0060645984485745,-0.1684065759181976,0.3852740526199341,-0.025878457352519,0.2131289541721344,0.7467485070228577,0.1226101517677307,-0.1641815900802612,0.7474064826965332,0.0869619846343994
0.0111699672415852,-0.6295895576477051,-0.2704335153102875,0.1430353075265884,-0.4923795163631439,-0.111107014119625,0.2318595796823501,-0.6895636916160583,-0.1804119050502777,-0.1356652528047561,-0.501639187335968,-0.1381777077913284,-0.2259850054979324,-0.6829769611358643,-0.2221328765153885,0.2991828918457031,-0.9232637882232666,-0.2446087598800659,-0.2456425428390503,-0.920592725276947,-0.2918247878551483,0.1098601296544075,0.0015695943729951,0.0095999501645565,-0.1102047488093376,-0.0020692069083452,-0.0085032070055603,0.1419433504343032,0.4136060178279876,0.0077177141793072,-0.1681317090988159,0.38679239153862,-0.0280037205666303,0.2097131460905075,0.7445911765098572,0.1384637504816055,-0.1724404394626617,0.7470083832740784,0.086612768471241
0.0102351894602179,-0.6299086809158325,-0.2703788578510284,0.1438336372375488,-0.4929124712944031,-0.1120766475796699,0.2289250046014785,-0.6895490884780884,-0.1855490952730178,-0.1351564079523086,-0.5016201138496399,-0.1357517391443252,-0.2232474237680435,-0.6791925430297852,-0.2246418446302414,0.2905906736850738,-0.9226629734039308,-0.2504495084285736,-0.2433234006166458,-0.9168696403503418,-0.3030890524387359,0.1098058894276619,0.0011295018484815,0.0094421999529004,-0.1101541444659233,-0.0016434371937066,-0.0083524528890848,0.1429596990346908,0.4149056375026703,0.0051584257744252,-0.1669179201126098,0.3870415389537811,-0.0245230477303266,0.2091174274682998,0.7434520721435547,0.1423524171113968,-0.1720198690891266,0.7472847700119019,0.09308423101902
0.0081222327426075,-0.6304888129234314,-0.281051754951477,0.1413203328847885,-0.4927412569522857,-0.1223551854491233,0.2238052189350128,-0.6897030472755432,-0.1969127506017685,-0.1366153955459594,-0.500594437122345,-0.1512778848409652,-0.2238566428422927,-0.6808187365531921,-0.253737062215805,0.2877146899700165,-0.922544240951538,-0.2659344375133514,-0.2435739785432815,-0.9172594547271729,-0.3321290016174316,0.1096526533365249,0.0009808002505451,0.0096683800220489,-0.1100118532776832,-0.001501208404079,-0.0085865501314401,0.1338561922311782,0.416902631521225,0.0124386651441454,-0.1660973280668258,0.389063149690628,-0.0220594145357608,0.2013385146856308,0.7457744479179382,0.1454232484102249,-0.1725172102451324,0.7481775879859924,0.093346357345581
0.0067782280966639,-0.6305616497993469,-0.2699425518512726,0.1438367217779159,-0.4924236834049225,-0.1197279021143913,0.2249108403921127,-0.6896511912345886,-0.1958933919668197,-0.1348398476839065,-0.5004863142967224,-0.1322581619024276,-0.2165102809667587,-0.6784778237342834,-0.24612657725811,0.2870922684669494,-0.9219259023666382,-0.2650865912437439,-0.23520527780056,-0.9158839583396912,-0.3331543803215027,0.1095086261630058,0.000953521404881,0.0080713406205177,-0.1098657101392746,-0.0014749702531844,-0.0070022027939558,0.1326393783092498,0.4174797236919403,0.0087907081469893,-0.1615760624408722,0.3893885910511017,-0.0163985770195722,0.20168998837471,0.7477368712425232,0.1445162892341613,-0.1694569587707519,0.7509145736694336,0.0933889746665954
0.0024485271424055,-0.6302304267883301,-0.2689288854598999,0.1389607489109039,-0.491517037153244,-0.1182968840003013,0.2166516631841659,-0.6884532570838928,-0.1959200501441955,-0.1382419317960739,-0.4975809156894684,-0.1327844411134719,-0.2179805636405944,-0.6780536770820618,-0.2466969788074493,0.2783946394920349,-0.920701801776886,-0.2685073614120483,-0.2368971705436706,-0.9160587191581726,-0.3335405588150024,0.109463132917881,0.0009123291238211,0.0082855178043246,-0.1098212003707885,-0.0014393157325685,-0.0072115357033908,0.1258771866559982,0.421281099319458,0.0088402917608618,-0.1688714772462844,0.3899343609809875,-0.0189187731593847,0.1965841650962829,0.7472882270812988,0.1445631384849548,-0.1814180016517639,0.7516473531723022,0.0923313349485397
0.000736903399229,-0.6287241578102112,-0.2693372070789337,0.1405004113912582,-0.4920118749141693,-0.1205920055508613,0.2172722518444061,-0.6940669417381287,-0.196536511182785,-0.1367033421993255,-0.4971916377544403,-0.1309386491775512,-0.2167968600988388,-0.6768049001693726,-0.2425876259803772,0.2723073065280914,-0.9293196797370912,-0.2603294253349304,-0.2272201627492904,-0.91616290807724,-0.3329243063926697,0.1094218343496322,0.0005738629843108,0.0070939902216196,-0.1097799092531204,-0.0011095895897597,-0.0060183866880834,0.1253353357315063,0.420829176902771,0.007612993940711,-0.1627539098262787,0.3915134966373443,-0.0143166128545999,0.1972697228193283,0.7485528588294983,0.1418947577476501,-0.1776075065135955,0.7541996836662292,0.0999700054526329
-0.0036994514521211,-0.6259034276008606,-0.2748552560806274,0.1342079490423202,-0.4924036562442779,-0.1211500316858291,0.2079716771841049,-0.694953978061676,-0.1963874995708465,-0.141283705830574,-0.4945213496685028,-0.1400130838155746,-0.2217350900173187,-0.668260931968689,-0.2539344131946563,0.2638960778713226,-0.9303094744682312,-0.261152982711792,-0.2401230782270431,-0.909512221813202,-0.3544408977031708,0.1093183681368827,0.0002890615432988,0.0078187333419919,-0.1096709370613098,-0.0008351071737706,-0.0067383516579866,0.1173477917909622,0.4206760227680206,0.0073322360403835,-0.1628246903419494,0.3928701877593994,-0.0150774465873837,0.1909807026386261,0.7539278864860535,0.1320550739765167,-0.1787893027067184,0.7585588693618774,0.0930704176425933
-0.0026656133122742,-0.6239761710166931,-0.2882792949676513,0.1362135708332061,-0.4926071763038635,-0.1331623792648315,0.2083179652690887,-0.6961696743965149,-0.208896592259407,-0.1404187530279159,-0.494100421667099,-0.1513857841491699,-0.2214120328426361,-0.6647789478302002,-0.2688939571380615,0.2647327184677124,-0.9339637160301208,-0.2713789641857147,-0.2401320040225982,-0.905532956123352,-0.3740110397338867,0.1092748641967773,0.0001908799313241,0.0075567830353975,-0.1096279174089431,-0.000732445390895,-0.0064849629998207,0.1165713965892791,0.4209234118461609,0.0071306060999631,-0.1626228839159011,0.3938972353935241,-0.0123058790341019,0.1898486912250518,0.7578375935554504,0.1300637871026992,-0.1784206330776214,0.7585906982421875,0.0984748005867004
0.0031753447838127,-0.6200555562973022,-0.2895902693271637,0.1377291083335876,-0.4925920367240906,-0.1344566792249679,0.2077266871929168,-0.6961447596549988,-0.214194193482399,-0.1375455409288406,-0.4935714602470398,-0.1604053080081939,-0.214039459824562,-0.6629212498664856,-0.281006246805191,0.2611834406852722,-0.9338117241859436,-0.2834198474884033,-0.2335630059242248,-0.903474748134613,-0.383186012506485,0.109235756099224,0.0001499000063631,0.0084878662601113,-0.1095894128084182,-0.0006923659238964,-0.0074258670210838,0.1151715293526649,0.4208282232284546,0.0082770176231861,-0.161268338561058,0.3945613503456116,-0.0134271187707781,0.1863481849431991,0.7574322819709778,0.1342331171035766,-0.1774082630872726,0.7591792941093445,0.0977038741111755
0.0037741789128631,-0.6141414046287537,-0.3015792667865753,0.1376579105854034,-0.4916821122169494,-0.1442419439554214,0.20723357796669,-0.6972230672836304,-0.2227015644311905,-0.1375019252300262,-0.492192268371582,-0.1764949262142181,-0.2134132385253906,-0.6628305315971375,-0.2945339381694793,0.2573651671409607,-0.9341259598731996,-0.2902511954307556,-0.2290867567062378,-0.9027071595191956,-0.3909826874732971,0.1092020645737648,0.0001130342279793,0.009232155047357,-0.1095562428236007,-0.0006567446398548,-0.0081505086272954,0.1165535375475883,0.4207592904567718,0.0071152467280626,-0.1631590276956558,0.3941283524036407,-0.0173428207635879,0.186062216758728,0.7569752931594849,0.1335522830486297,-0.1819467693567276,0.7586692571640015,0.0909234881401062
0.005684264935553,-0.6112046241760254,-0.3118493556976318,0.1378515511751175,-0.4912477135658264,-0.1535738557577133,0.2070172578096389,-0.6975135207176208,-0.2349178791046142,-0.137439951300621,-0.4920113384723663,-0.1852095276117324,-0.2135659903287887,-0.6656237840652466,-0.2958123087882995,0.2550519704818725,-0.9339291453361512,-0.3062045276165008,-0.229381263256073,-0.9045701622962952,-0.3866579830646515,0.1091772839426994,8.038659143494442e-05,0.0092375315725803,-0.1095333769917488,-0.0006249602301977,-0.0081561440601944,0.1169345527887344,0.4208974242210388,0.0070523377507925,-0.1621450930833816,0.3943746089935303,-0.0161044895648956,0.1890452355146408,0.7567133903503418,0.1359256207942962,-0.1808019131422042,0.7580650448799133,0.0968343168497085
0.0112024033442139,-0.6122958660125732,-0.3051811456680298,0.1432579159736633,-0.4959506690502167,-0.1493687778711319,0.2141495794057846,-0.7138419151306152,-0.2248899936676025,-0.1333014070987701,-0.4929904043674469,-0.1785527467727661,-0.2107802480459213,-0.6741912961006165,-0.2814153730869293,0.2537050545215606,-0.9471147656440736,-0.2883153259754181,-0.2217916846275329,-0.910493552684784,-0.3662539422512054,0.1089134812355041,0.0002394328766968,0.0107788313180208,-0.1092731207609176,-0.0007783101755194,-0.0097124874591827,0.1196886077523231,0.4203003942966461,0.0052617229521274,-0.1600311696529388,0.3937340676784515,-0.0183687042444944,0.1989364475011825,0.7563623189926147,0.1277087330818176,-0.1737799197435379,0.7570919990539551,0.089282639324665
0.0142099633812904,-0.6112408638000488,-0.3021509349346161,0.1444495767354965,-0.4959128201007843,-0.1466693133115768,0.2131890654563903,-0.7123081088066101,-0.2233075648546219,-0.1326647251844406,-0.4936787784099579,-0.1752763092517852,-0.2099503129720688,-0.6751115918159485,-0.2787544727325439,0.2538605332374573,-0.9458602666854858,-0.2884114682674408,-0.2213802337646484,-0.9127305746078492,-0.3610134124755859,0.1088927909731864,0.0002449335297569,0.0102153401821851,-0.1092530936002731,-0.0007829836104065,-0.0091592855751514,0.1197545751929283,0.420419305562973,0.0044277971610426,-0.1607400476932525,0.3936530947685241,-0.0182218626141548,0.1984823197126388,0.7564226984977722,0.1271435022354126,-0.1742898672819137,0.7567315101623535,0.0901054739952087
0.0169188920408487,-0.6062852740287781,-0.3056022524833679,0.1445558369159698,-0.4954313635826111,-0.1465778648853302,0.2133991718292236,-0.7121197581291199,-0.2198381721973419,-0.1320486962795257,-0.4931640326976776,-0.1796782463788986,-0.2089729011058807,-0.6732414960861206,-0.2842408716678619,0.2538456320762634,-0.9459671974182128,-0.2827711701393127,-0.2178238928318023,-0.9114815592765808,-0.3643964231014251,0.1088443472981453,0.0002087712491629,0.0106458012014627,-0.1092059835791587,-0.000749277533032,-0.0095777390524744,0.1235942840576171,0.4204349517822265,0.004695956595242,-0.1607257723808288,0.3935430943965912,-0.0198851879686117,0.199095219373703,0.7559552788734436,0.1266178041696548,-0.1749783605337143,0.7568739652633667,0.0852276235818862
0.0142720639705657,-0.6183540225028992,-0.271533191204071,0.1444353014230728,-0.4956284463405609,-0.1162809208035469,0.2131144702434539,-0.7119619250297546,-0.1850441992282867,-0.1322081089019775,-0.4944950044155121,-0.1473648846149444,-0.2069825232028961,-0.6787121891975403,-0.2583048343658447,0.2530302107334137,-0.9446209073066713,-0.2474725842475891,-0.2141071259975433,-0.9173040390014648,-0.3400798439979553,0.1088217720389366,0.0001955077605089,0.0105810267850756,-0.1091839298605918,-0.0007371884421445,-0.0095087029039859,0.1269957572221756,0.4188722670078277,0.0045351390726864,-0.160890132188797,0.3920385539531708,-0.0206649526953697,0.2005852311849594,0.754091203212738,0.1234061419963836,-0.1759384125471115,0.7568482160568237,0.0828704163432121
0.0146429613232612,-0.6054447293281555,-0.2954651713371277,0.1438852846622467,-0.4946843087673187,-0.1343596130609512,0.2114985734224319,-0.7106911540031433,-0.2091198861598968,-0.1322547793388366,-0.4933830797672272,-0.1729153245687484,-0.2074792832136154,-0.6752285361289978,-0.2897347807884216,0.2526245713233948,-0.9445183277130128,-0.2827382683753967,-0.2262425571680069,-0.9140866994857788,-0.3842713832855224,0.1087982058525085,0.0001945191033883,0.0106384940445423,-0.1091607436537742,-0.0007372695254161,-0.0095687415450811,0.1206511929631233,0.4190085530281067,-0.0012504445621743,-0.1604506522417068,0.3922632932662964,-0.0238254033029079,0.1912708878517151,0.7547743916511536,0.114970825612545,-0.1764120310544967,0.757100522518158,0.0799721181392669
0.0142535492777824,-0.6055774688720703,-0.2967843413352966,0.1433347463607788,-0.4944636821746826,-0.1354428976774215,0.211260974407196,-0.7102293372154236,-0.2133325785398483,-0.1327867656946182,-0.4925151169300079,-0.1744685769081115,-0.20749431848526,-0.6724499464035034,-0.2923595309257507,0.251447856426239,-0.9437906742095948,-0.2876498401165008,-0.2256533950567245,-0.910431981086731,-0.384969562292099,0.1086953356862068,0.0001680239220149,0.0111373858526349,-0.1090599000453949,-0.0007121948874555,-0.0100666992366313,0.1196814998984336,0.4190178513526916,0.0031370993237942,-0.1582826972007751,0.3922180533409118,-0.0245058313012123,0.1901925504207611,0.7556595802307129,0.1180624067783355,-0.1724136173725128,0.757003903388977,0.0784160494804382
0.0078367749229073,-0.6046079397201538,-0.3094813823699951,0.1403194367885589,-0.4926178157329559,-0.1512020975351333,0.2074442356824875,-0.70719975233078,-0.2374934554100036,-0.1337871551513672,-0.4906869828701019,-0.1853357553482055,-0.2073555290699005,-0.6667850017547607,-0.3140524625778198,0.2478269338607788,-0.9420395493507384,-0.3104992806911468,-0.2252618372440338,-0.903315007686615,-0.4174573123455047,0.1086643859744072,2.9563050702563487e-05,0.0111508863046765,-0.1090326756238937,-0.0005735447630286,-0.0100795095786452,0.1194697320461273,0.4190251529216766,6.414986273739487e-05,-0.1588886231184005,0.3924579918384552,-0.0258729811757802,0.1870017051696777,0.7557123303413391,0.1182600483298301,-0.1725731492042541,0.7576817274093628,0.0783652737736702
0.0073272003792226,-0.6057649254798889,-0.3055830001831054,0.1422180235385894,-0.4944263994693756,-0.1488308310508728,0.2104264199733734,-0.7094216346740723,-0.2270243167877197,-0.1338711231946945,-0.4913183152675628,-0.1777810454368591,-0.2096110433340072,-0.6682236194610596,-0.2992272078990936,0.2489052563905716,-0.945194661617279,-0.2864721715450287,-0.2255912274122238,-0.9038781523704528,-0.3996851742267608,0.108664833009243,7.850496217542968e-07,0.0110998833552002,-0.1090350672602653,-0.0005422215326689,-0.010032788850367,0.1193863302469253,0.4189885258674621,0.0036245475057512,-0.1590530127286911,0.3921616077423095,-0.0217792112380266,0.1926961541175842,0.7537521123886108,0.1299975514411926,-0.1726897805929184,0.7535428404808044,0.0916782245039939
0.0073439916595816,-0.6046227216720581,-0.2958215475082397,0.1419149190187454,-0.4947774708271026,-0.1376392543315887,0.2074825763702392,-0.7110735774040222,-0.2094553411006927,-0.134210467338562,-0.4914189577102661,-0.1701501309871673,-0.209583893418312,-0.6694999933242798,-0.2847100496292114,0.2443392723798751,-0.9479390382766724,-0.2734166085720062,-0.2273202389478683,-0.9066855311393738,-0.377305269241333,0.1085714623332023,0.0001349041995126,0.0110515151172876,-0.1089453175663948,-0.0006759822717867,-0.0099905962124466,0.1193637326359748,0.4189812541007995,0.003047926351428,-0.1599652469158172,0.3921488523483276,-0.023406233638525,0.1916933804750442,0.7567262649536133,0.113363392651081,-0.1773452013731002,0.7571648359298706,0.0716767758131027
0.006425111554563,-0.6055798530578613,-0.2963937520980835,0.1419380009174347,-0.4957140386104584,-0.1408137381076812,0.2074653953313827,-0.713061511516571,-0.2143881767988205,-0.1343939900398254,-0.4920120239257812,-0.1700716167688369,-0.2107190489768982,-0.6712835431098938,-0.2841103076934814,0.2436624616384506,-0.9501910209655762,-0.275829017162323,-0.2278926819562912,-0.9074180722236632,-0.3763473331928253,0.1085096001625061,0.0001205682565341,0.0104016046971082,-0.1088878139853477,-0.000659720331896,-0.0093617839738726,0.1192451566457748,0.4183553755283355,0.0029076430946588,-0.1593339443206787,0.3921703994274139,-0.0210264734923839,0.1916760206222534,0.7550938725471497,0.1209950298070907,-0.1754843294620514,0.756732165813446,0.0819135457277298
0.0067798937670886,-0.6058847308158875,-0.2844753265380859,0.1430718898773193,-0.4975784718990326,-0.1304493397474289,0.2090398669242859,-0.7147771120071411,-0.2012235522270202,-0.1343239992856979,-0.4943449795246124,-0.1580299288034439,-0.2100363373756408,-0.6771350502967834,-0.2595619261264801,0.2437569350004196,-0.9519227743148804,-0.2625153064727783,-0.2277572005987167,-0.9154027104377748,-0.3389025926589966,0.1084906384348869,0.000134424684802,0.0102447932586073,-0.1088702380657196,-0.0006733710179105,-0.0092089744284749,0.1192592605948448,0.4182555973529815,0.0028685140423476,-0.1593888849020004,0.3913212418556213,-0.0224571619182825,0.1905533224344253,0.754643440246582,0.1229441687464714,-0.1742440611124038,0.755462646484375,0.0818030387163162
0.0056967847049236,-0.6039920449256897,-0.2957271337509155,0.1430103629827499,-0.4948092103004455,-0.14226795732975,0.21035997569561,-0.7083112597465515,-0.224802479147911,-0.1343242675065994,-0.4914969503879547,-0.1636959463357925,-0.2109254747629165,-0.6664112210273743,-0.2753088474273681,0.2448254376649856,-0.9431480765342712,-0.2928021252155304,-0.2280771136283874,-0.9054222702980042,-0.376365453004837,0.1084676310420036,0.000110533357656,0.009905744343996,-0.1088464856147766,-0.0006475605769082,-0.008863759227097,0.1213699728250503,0.4169269800186157,-0.0013608400477096,-0.1594052612781524,0.3919835388660431,-0.0220463462173938,0.1952399462461471,0.7546147108078003,0.1144267991185188,-0.1746920645236969,0.7574794888496399,0.0814622938632965
0.0066368109546601,-0.604344367980957,-0.2937888205051422,0.1435939371585846,-0.4948079586029053,-0.1403644979000091,0.2106188833713531,-0.7077473402023315,-0.2217126786708831,-0.1342242211103439,-0.4912543296813965,-0.161271259188652,-0.2109713852405548,-0.6659102439880371,-0.2717619836330414,0.2446320503950119,-0.9422388076782228,-0.2884168028831482,-0.227000206708908,-0.9055757522583008,-0.3677678406238556,0.1084486097097396,4.589582749758847e-05,0.0097619891166687,-0.1088280156254768,-0.0005839257501065,-0.0087151480838656,0.1212781965732574,0.416972279548645,-0.0003801932907663,-0.1586931496858596,0.3919994235038757,-0.0217958595603704,0.195168912410736,0.7541784048080444,0.1194469332695007,-0.1736059337854385,0.7573251724243164,0.0824643075466156
0.0030585622880607,-0.6016250252723694,-0.3061862885951996,0.1414499282836914,-0.4915494620800018,-0.1577794551849365,0.2070931792259216,-0.7020748853683472,-0.2596851289272308,-0.1356238573789596,-0.4887650310993194,-0.1714912056922912,-0.2126801013946533,-0.6621891260147095,-0.2868222594261169,0.2336127609014511,-0.9370359182357788,-0.3422278165817261,-0.2364519834518432,-0.9008901119232178,-0.3891619145870209,0.108412928879261,4.4175045331940055e-05,0.0094245467334985,-0.1087885573506355,-0.0005806843400932,-0.0083760321140289,0.1207571849226951,0.416791170835495,-0.0051538995467126,-0.1597101241350174,0.3917952179908752,-0.0230795945972204,0.1877847164869308,0.7543740272521973,0.1128634437918663,-0.1753952205181121,0.7573131322860718,0.0810739547014236
0.0036980016157031,-0.6059179306030273,-0.3055564761161804,0.142722800374031,-0.4919947683811188,-0.1563906073570251,0.2078101485967636,-0.7029056549072266,-0.257438451051712,-0.1352275162935257,-0.4887959659099579,-0.1713763177394867,-0.2126538455486297,-0.664002001285553,-0.2864598333835602,0.2342681586742401,-0.937301516532898,-0.3278715014457702,-0.2314599901437759,-0.9021655321121216,-0.3880650997161865,0.1085039302706718,-0.0001195295117213,0.0093970643356442,-0.1088875383138656,-0.0004229140176903,-0.0083474209532141,0.1180941760540008,0.4181707501411438,0.0012417380930855,-0.1597326844930648,0.3923576772212982,-0.0201282277703285,0.1878921091556549,0.7537032961845398,0.136712446808815,-0.1748769581317901,0.756476879119873,0.0943087860941886
0.0020632199011743,-0.6082028150558472,-0.2799145579338074,0.138406753540039,-0.4932420253753662,-0.1263320297002792,0.1958771049976349,-0.7038320302963257,-0.220122829079628,-0.1388607323169708,-0.4879966974258423,-0.1531296521425247,-0.214077427983284,-0.6628708839416504,-0.2822150290012359,0.2251167297363281,-0.9372622966766356,-0.2959879636764526,-0.224762350320816,-0.9012284874916076,-0.3863873481750488,0.1084956005215644,-0.0001788622175808,0.0097751719877123,-0.1088763698935508,-0.0003670170262921,-0.0087171643972396,0.1181791424751281,0.4181598424911499,0.0010782298631966,-0.1612464040517807,0.3923535346984863,-0.0235187858343124,0.1828629225492477,0.7583855986595154,0.1148691624402999,-0.1789319366216659,0.7594091296195984,0.0752876624464988
0.0102881295606493,-0.6133501529693604,-0.2778871953487396,0.1445570737123489,-0.4953037202358246,-0.1255619823932647,0.1980022639036178,-0.7076212763786316,-0.2083690464496612,-0.1346194595098495,-0.4912016093730926,-0.1479745805263519,-0.21256785094738,-0.6708382368087769,-0.2600576877593994,0.2291610389947891,-0.9405800104141236,-0.2776674032211303,-0.2239578664302826,-0.9104962348937988,-0.3488933742046356,0.1086387485265731,-4.035015081171878e-05,0.007204305846244,-0.1090273708105087,-0.0005090518388897,-0.006145532708615,0.1144749075174331,0.4203916192054748,-0.0012438555713742,-0.1664015352725982,0.3924229741096496,-0.0176774766296148,0.1828036904335022,0.7584420442581177,0.1187691092491149,-0.1857949793338775,0.7572522163391113,0.0917597413063049
0.0101078758016228,-0.6128994226455688,-0.2798241674900055,0.14358451962471,-0.4939745664596557,-0.1287422478199005,0.1973589062690735,-0.7050099968910217,-0.2194259911775589,-0.1345692276954651,-0.4903908371925354,-0.1546224653720855,-0.2094037681818008,-0.6707135438919067,-0.2659930884838104,0.2255021780729293,-0.9362385272979736,-0.2993617057800293,-0.2211183309555053,-0.910790741443634,-0.3509530127048492,0.1085744872689247,1.603205964784138e-05,0.0075911097228527,-0.1089605838060379,-0.00056689302437,-0.0065289284102618,0.1149630099534988,0.4201443791389465,-0.0010981339728459,-0.167016789317131,0.3923593759536743,-0.0199186690151691,0.1829778850078582,0.7583944201469421,0.1165686249732971,-0.1883464157581329,0.7577126622200012,0.0810519754886627
0.0099840657785534,-0.6128602027893066,-0.2883838415145874,0.143538624048233,-0.4931756556034088,-0.1379666030406952,0.1975611597299575,-0.7020341157913208,-0.23638516664505,-0.1345773339271545,-0.4877033531665802,-0.1637356281280517,-0.2076492607593536,-0.6636155843734741,-0.2864066958427429,0.2261378318071365,-0.932652711868286,-0.3156625032424927,-0.2161153852939605,-0.9045126438140868,-0.3774224519729614,0.1085823029279708,-7.804952474543825e-05,0.0080435592681169,-0.1089721024036407,-0.0004727566265501,-0.0069863083772361,0.1133674010634422,0.4201225340366363,-0.0006353458156809,-0.1668019443750381,0.3923301994800567,-0.0215209051966667,0.1799501776695251,0.7569312453269958,0.1315054297447204,-0.1872949004173278,0.7567731142044067,0.0840267613530159
0.0098534952849149,-0.6128413081169128,-0.2889997065067291,0.1432029753923416,-0.4933864176273346,-0.138074979186058,0.1975184082984924,-0.7022345066070557,-0.23530113697052,-0.1344703435897827,-0.4874931573867798,-0.1652950197458267,-0.2074696868658065,-0.6629934906959534,-0.2887072265148163,0.2265187948942184,-0.9330211281776428,-0.3136323392391205,-0.2162156701087951,-0.9042537808418274,-0.3801334798336029,0.1085804477334022,-0.0001060632203007,0.0084525737911462,-0.1089709028601646,-0.0004431762208696,-0.0074032880365848,0.1131622940301895,0.4200083017349243,0.0015487833879888,-0.1665963381528854,0.3923616707324981,-0.0216133464127779,0.1790685951709747,0.7558297514915466,0.1341142207384109,-0.1870502829551696,0.7564217448234558,0.0853498205542564
0.0116239665076136,-0.6110582947731018,-0.2947021424770355,0.1468098163604736,-0.4903239607810974,-0.1461284607648849,0.2039603292942047,-0.6983966827392578,-0.245243102312088,-0.1309154480695724,-0.4867712557315826,-0.1660365313291549,-0.2002386748790741,-0.6562881469726562,-0.2892678380012512,0.2344140857458114,-0.9313263297080994,-0.3226202428340912,-0.210755780339241,-0.8974373936653137,-0.3885520696640014,0.1086041554808616,-8.986239117803052e-05,0.0072212642990052,-0.1089991405606269,-0.000459633563878,-0.0061682192608714,0.1140483692288398,0.419827401638031,-0.0030527093913406,-0.1667670607566833,0.3922303020954132,-0.0213831402361392,0.1841594874858856,0.7552481889724731,0.131953090429306,-0.1851109266281128,0.7561373710632324,0.0861258655786514
0.0070720626972615,-0.6100224852561951,-0.2907184958457947,0.1440907120704651,-0.4899797141551971,-0.1441044360399246,0.2025030702352523,-0.6960784196853638,-0.2431626468896865,-0.1327266246080398,-0.4867347180843353,-0.1598117500543594,-0.2041081935167312,-0.6558414697647095,-0.2803236246109009,0.2321826815605163,-0.9298528432846068,-0.3219237327575683,-0.2129220217466354,-0.8973003625869751,-0.3847602605819702,0.1086103096604347,-0.0001429246476618,0.0072106192819774,-0.1090045124292373,-0.000408327585319,-0.0061570405960083,0.1141258627176284,0.4191136658191681,-0.0062614884227514,-0.1666874140501022,0.3924995362758636,-0.0224012024700641,0.1841969490051269,0.7542963027954102,0.1237625628709793,-0.1866678297519683,0.7578139305114746,0.0826114267110824
0.0073408526368439,-0.6093095541000366,-0.2968529462814331,0.1470155715942382,-0.4897115528583526,-0.1511927247047424,0.2082554847002029,-0.6963605284690857,-0.2451235949993133,-0.1313332766294479,-0.4867158234119415,-0.161739319562912,-0.2041239589452743,-0.6555833220481873,-0.28484907746315,0.238861858844757,-0.9307377934455872,-0.3209988176822662,-0.2125789076089859,-0.8965904116630554,-0.3953835070133209,0.1087267622351646,-0.000106821564259,0.0062965471297502,-0.1091246008872985,-0.0004413982096593,-0.0052382317371666,0.1123517081141471,0.4206012785434723,-0.0091598900035023,-0.1666651964187622,0.3930409252643585,-0.0179040152579545,0.1839929968118667,0.7548788785934448,0.1256178468465805,-0.1835785061120987,0.7572648525238037,0.0944962501525878
0.0019333824748173,-0.6089969277381897,-0.2926328182220459,0.1457924544811248,-0.4900913536548614,-0.1507074832916259,0.20807845890522,-0.6964406371116638,-0.2440044730901718,-0.132283329963684,-0.4902671277523041,-0.1560052931308746,-0.2048870325088501,-0.6667404770851135,-0.2612726092338562,0.2386531382799148,-0.9313093423843384,-0.3198420405387878,-0.2257819026708603,-0.9123889803886414,-0.3612749576568603,0.1087014377117157,5.017048169975169e-05,0.0054131094366312,-0.109094001352787,-0.0005955665255896,-0.0043662833049893,0.1122527718544006,0.4205504357814789,-0.0116293253377079,-0.1667064726352691,0.3931342363357544,-0.0180169101804494,0.1838577687740326,0.7576566934585571,0.1083029210567474,-0.1836176961660385,0.759315550327301,0.0879430398344993
0.0025248634628951,-0.6057078242301941,-0.2990579307079315,0.1460074484348297,-0.4892904758453369,-0.153290569782257,0.2080828249454498,-0.6965229511260986,-0.2469913214445114,-0.1321884393692016,-0.4885563850402832,-0.1636372953653335,-0.2060100585222244,-0.6645394563674927,-0.2841378152370453,0.2387047260999679,-0.9313250780105592,-0.3214778304100036,-0.225426435470581,-0.9091719388961792,-0.3924489319324493,0.1087737530469894,2.4710023353691213e-05,0.0055184019729495,-0.1091712340712547,-0.0005709110409952,-0.0044699944555759,0.1120837926864624,0.4206119477748871,-0.0121822338551282,-0.1666775345802307,0.3933787047863006,-0.0183657705783844,0.1837317198514938,0.7571712136268616,0.1132265925407409,-0.1833195686340332,0.7591363191604614,0.0884999856352806
-0.0014472348848357,-0.6070927977561951,-0.2891153693199157,0.1448460072278976,-0.4897797107696533,-0.1486471593379974,0.2075846493244171,-0.6956535577774048,-0.2426460087299347,-0.1335959136486053,-0.490249752998352,-0.1511270552873611,-0.2069139778614044,-0.6656528115272522,-0.2613968849182129,0.2384904026985168,-0.930752694606781,-0.3170235753059387,-0.2282403111457824,-0.9093775749206544,-0.3668735027313232,0.1087666600942611,5.800190774607472e-05,0.0045887967571616,-0.1091608926653862,-0.0006018716376274,-0.0035512067843228,0.1120170205831527,0.4200861752033233,-0.0136149898171424,-0.1670388281345367,0.3933963775634765,-0.0178993046283721,0.1837114542722702,0.7572101950645447,0.1100849956274032,-0.1830684840679168,0.7593733072280884,0.0883650183677673
-0.0014609148493036,-0.6042473912239075,-0.3122486770153045,0.1448146700859069,-0.4883689880371094,-0.1655141562223434,0.2073120027780532,-0.695692241191864,-0.2651771306991577,-0.132884606719017,-0.4872145652770996,-0.1776382476091385,-0.2057791948318481,-0.6595028638839722,-0.3076342046260834,0.2387698292732238,-0.9308226108551024,-0.3393745720386505,-0.2235733866691589,-0.8977738618850708,-0.4217287600040436,0.1088019087910652,9.69862981037295e-07,0.0050228438340127,-0.1091996654868125,-0.000546668190509,-0.00397026585415,0.112059473991394,0.4197412431240082,-0.0119370883330702,-0.166053831577301,0.3941914141178131,-0.0179115030914545,0.1830955594778061,0.75439453125,0.1234930455684661,-0.1807087808847427,0.7593854665756226,0.0907187908887863
-0.0057107056491076,-0.6079096794128418,-0.2641918957233429,0.1452892571687698,-0.4896993041038513,-0.1278927475214004,0.2075821608304977,-0.6930120587348938,-0.2274034470319748,-0.1328792721033096,-0.4882276356220245,-0.1233869194984436,-0.2045596987009048,-0.6594576835632324,-0.2446530163288116,0.2382074296474456,-0.9209707379341124,-0.297271728515625,-0.2067603319883346,-0.8976143002510071,-0.3540884852409363,0.108804166316986,2.8006597858620808e-05,0.0038256698753684,-0.109198085963726,-0.0005700719775632,-0.0027554566040635,0.1128526777029037,0.4192940890789032,-0.0147207295522093,-0.1681593358516693,0.3933627605438232,-0.018164113163948,0.1831363886594772,0.755824625492096,0.1015775501728057,-0.1811846196651458,0.7610164880752563,0.0805648192763328
-0.0057972441427409,-0.6080630421638489,-0.2672471702098846,0.1449227184057235,-0.4888478219509125,-0.1302098780870437,0.2083635032176971,-0.6890487670898438,-0.2406514883041381,-0.1335635930299759,-0.488379567861557,-0.1258351504802703,-0.204539954662323,-0.6598567962646484,-0.2502279281616211,0.241592526435852,-0.9177340269088744,-0.3227884173393249,-0.2114321291446685,-0.8977509140968323,-0.3659619092941284,0.108806774020195,3.117242158623412e-05,0.0038837648462504,-0.1091968417167663,-0.000571989454329,-0.0028166361153125,0.1115235164761543,0.4194806218147278,-0.0159477312117815,-0.1671781092882156,0.3935058712959289,-0.0183553230017423,0.1820631474256515,0.7562232613563538,0.1024054288864135,-0.181146964430809,0.7611464262008667,0.0817783996462822
-0.0059169735759496,-0.608059823513031,-0.2759207487106323,0.1455749571323394,-0.4883283078670501,-0.1378080546855926,0.2124306410551071,-0.6878055930137634,-0.2443625777959823,-0.1332707107067108,-0.4883544147014618,-0.1355070769786834,-0.2019214332103729,-0.6579433083534241,-0.2697110772132873,0.2473037391901016,-0.9179020524024964,-0.3226616382598877,-0.2118581235408783,-0.8970879912376404,-0.3945011794567108,0.1087973043322563,9.360246622236446e-05,0.0039756470359861,-0.1091823503375053,-0.0006269983132369,-0.0029131495393812,0.1114288792014122,0.419849157333374,-0.0159058906137943,-0.1666383147239685,0.3933732807636261,-0.0179915595799684,0.1812943965196609,0.75846928358078,0.1032513752579689,-0.1797424703836441,0.7604155540466309,0.0848383605480194
-0.0096054831519722,-0.6118322014808655,-0.2778432071208954,0.143340453505516,-0.48834428191185,-0.1387514472007751,0.2123766988515854,-0.6878897547721863,-0.2427132129669189,-0.1353807747364044,-0.4885249733924866,-0.1383112519979477,-0.2035063803195953,-0.6617790460586548,-0.2697448134422302,0.2470244169235229,-0.9173513650894164,-0.3205102980136871,-0.2184618711471557,-0.8992884159088135,-0.3881947994232178,0.1087216138839721,7.530122820753604e-05,0.004606993868947,-0.1090981587767601,-0.0006056225975044,-0.0035545581486076,0.1124709695577621,0.4190221428871155,-0.0135244773700833,-0.1652071624994278,0.3933513462543487,-0.0184246692806482,0.181620106101036,0.757992684841156,0.1036634519696235,-0.1796294897794723,0.7604159712791443,0.0849189758300781
-0.0067565036006271,-0.606597363948822,-0.2877872288227081,0.1458439528942108,-0.4877516329288482,-0.1470135152339935,0.2123154699802398,-0.6858444809913635,-0.2518898248672485,-0.1330006718635559,-0.4883600175380707,-0.1484611332416534,-0.2024695575237274,-0.6589253544807434,-0.2771817743778229,0.2453976422548294,-0.9164903163909912,-0.3309033513069153,-0.2170141339302063,-0.8970478773117065,-0.3957078754901886,0.1087912693619728,8.216421701945364e-05,0.0045107961632311,-0.1091692447662353,-0.0006122876657173,-0.0034589685965329,0.1125947535037994,0.4189096689224243,-0.0188477430492639,-0.1655041575431823,0.3934669494628906,-0.019517958164215,0.1804206222295761,0.7579548954963684,0.101232424378395,-0.1786053925752639,0.760673463344574,0.0844172835350036
-0.0068579670041799,-0.6079174876213074,-0.2870227992534637,0.1441218554973602,-0.4880754053592682,-0.1441576927900314,0.2126998603343963,-0.6896190047264099,-0.2382608652114868,-0.1339417397975921,-0.4893696308135986,-0.1504037678241729,-0.2027318775653839,-0.6674346327781677,-0.2757011651992798,0.2463506758213043,-0.9202919006347656,-0.3143645524978637,-0.2193632423877716,-0.9068891406059264,-0.3816099464893341,0.1086717993021011,0.0001337398280156,0.0056280707940459,-0.1090434938669204,-0.0006620401982218,-0.004600441083312,0.1127610728144645,0.4188732206821441,-0.0080658020451664,-0.1641585230827331,0.3937887549400329,-0.0200218744575977,0.1838701516389846,0.7580373287200928,0.1048209890723228,-0.179466038942337,0.7635075449943542,0.081802062690258
-0.0061056748963892,-0.6033719778060913,-0.2955962419509887,0.1444715112447738,-0.4870571494102478,-0.1492061764001846,0.2130707204341888,-0.6896147727966309,-0.2424103915691375,-0.1337805539369583,-0.4884103834629059,-0.1567754447460174,-0.2058461904525756,-0.6641077399253845,-0.2822589576244354,0.2463447153568267,-0.920184314250946,-0.3148891627788543,-0.2183057069778442,-0.9020406603813172,-0.3910223543643951,0.1087396591901779,0.0001135068159783,0.00555902114138,-0.1091205552220344,-0.0006449381471611,-0.0045235198922455,0.1126792803406715,0.4190216064453125,-0.0115157319232821,-0.1694240868091583,0.3926626741886139,-0.0226486269384622,0.1795504838228225,0.7572051882743835,0.1099070236086845,-0.1800407171249389,0.7591411471366882,0.0830763578414917
-0.0065439664758741,-0.6045265197753906,-0.2954515516757965,0.1445313096046447,-0.487516701221466,-0.1498589068651199,0.2141881734132766,-0.6922772526741028,-0.2435904443264007,-0.1338462829589843,-0.488824188709259,-0.1567134112119674,-0.2064035385847091,-0.665694534778595,-0.2817591428756714,0.2462967187166214,-0.9230358004570008,-0.3151569664478302,-0.2209156304597854,-0.9039583802223206,-0.3905141651630401,0.10868501663208,0.0001900129864225,0.0054565402679145,-0.1090628653764724,-0.0007156585925258,-0.0044252388179302,0.112231932580471,0.4191178679466247,-0.0115394461899995,-0.16862253844738,0.3926124274730682,-0.0211715810000896,0.1796337366104126,0.7579847574234009,0.1099068969488143,-0.1794958114624023,0.7588207125663757,0.084366850554943
-0.0106293344870209,-0.6054389476776123,-0.28936767578125,0.1434184908866882,-0.4885452389717102,-0.1486186385154724,0.2132414430379867,-0.6941124796867371,-0.2420767843723297,-0.1351803094148636,-0.4905607402324676,-0.1509355306625366,-0.2077296823263168,-0.6717240810394287,-0.2626571357250213,0.2429887950420379,-0.9252968430519104,-0.3108706772327423,-0.2231499999761581,-0.910544216632843,-0.3613652884960174,0.1086368635296821,0.0002241781912744,0.0048493845388293,-0.1090081706643104,-0.000746943289414,-0.0038196730893105,0.1138236969709396,0.4177576303482055,-0.0141138331964612,-0.168468102812767,0.3926429152488708,-0.0197330098599195,0.1865751594305038,0.7579736113548279,0.101434513926506,-0.179875835776329,0.7588398456573486,0.0845018848776817
-0.0130300614982843,-0.6063483953475952,-0.2897679805755615,0.1413296163082122,-0.4892205595970154,-0.1491236984729766,0.2105781137943267,-0.696283221244812,-0.24280546605587,-0.1368720680475235,-0.4906634986400604,-0.1510890871286392,-0.2096024453639984,-0.671423614025116,-0.2636808156967163,0.2416294366121292,-0.9275876879692078,-0.3113231956958771,-0.2233417928218841,-0.9102828502655028,-0.3632509112358093,0.1085516437888145,0.0002204311604145,0.0045293439179658,-0.108923316001892,-0.0007405821816064,-0.003500995459035,0.1135501563549041,0.4176306128501892,-0.0141253462061285,-0.1673597544431686,0.3926844000816345,-0.0180386751890182,0.1864273995161056,0.7582131624221802,0.1016402468085289,-0.1798154562711715,0.75962895154953,0.0845489352941513
-0.0138881364837288,-0.608500063419342,-0.2897781431674957,0.1413303762674331,-0.4907914698123932,-0.1490940451622009,0.2112156152725219,-0.6970760822296143,-0.2374668419361114,-0.1381602734327316,-0.4919966161251068,-0.1509968340396881,-0.2116609364748001,-0.6713016033172607,-0.2613670825958252,0.2420389056205749,-0.9286823868751526,-0.29755699634552,-0.2233034819364547,-0.9099909663200378,-0.359252393245697,0.1086023896932601,0.0002048859896603,0.0042488779872655,-0.1089780107140541,-0.0007238866528496,-0.0032279980368912,0.1131052747368812,0.4177044332027435,-0.0107796741649508,-0.1674059182405471,0.3930914103984833,-0.0135316615924239,0.186496153473854,0.7574057579040527,0.1194231063127517,-0.1797780841588974,0.7581453323364258,0.0997340157628059
-0.0133907431736588,-0.602778971195221,-0.304849624633789,0.1413459181785583,-0.488005131483078,-0.1633036136627197,0.2094769030809402,-0.6923805475234985,-0.265401154756546,-0.1379735171794891,-0.49017533659935,-0.1640646457672119,-0.2110708802938461,-0.664376974105835,-0.2784761190414428,0.2374045550823211,-0.9245933294296264,-0.3373420834541321,-0.2172658592462539,-0.9031980037689208,-0.3811709582805633,0.1086160615086555,0.0001669424236752,0.0036381797399371,-0.1089942753314971,-0.0006872156518511,-0.0026023397222161,0.1134026795625686,0.4175287783145904,-0.0116876922547817,-0.1683627814054489,0.3936526179313659,-0.0133606698364019,0.1876763254404068,0.756966769695282,0.1171633303165435,-0.1808336526155471,0.7588680386543274,0.0984464585781097
-0.0181137900799512,-0.6154879927635193,-0.2439620196819305,0.1392036229372024,-0.4937959313392639,-0.1051614135503768,0.2039430290460586,-0.6936591863632202,-0.1973259598016739,-0.1412226408720016,-0.4909135997295379,-0.1076036989688873,-0.2111466974020004,-0.6629245281219482,-0.2232182025909423,0.2310630530118942,-0.9242491126060486,-0.2607870101928711,-0.2140317410230636,-0.9023415446281432,-0.3189775049686432,0.1086522340774536,0.000120275246445,0.0036843202542513,-0.1090245768427848,-0.0006432524533011,-0.0026323478668928,0.1137818098068237,0.4180400967597961,-0.0116801960393786,-0.1699208319187164,0.3916293084621429,-0.0166146457195281,0.1792042851448059,0.7568973898887634,0.1149221435189247,-0.1825206130743026,0.7585835456848145,0.0869765356183052
-0.019281767308712,-0.6197906136512756,-0.2441335320472717,0.1391920149326324,-0.4971266984939575,-0.1043287888169288,0.2054923623800277,-0.6985173225402832,-0.1802821457386016,-0.1418330818414688,-0.495479553937912,-0.1031580939888954,-0.2156513482332229,-0.673450767993927,-0.1937402933835983,0.2355117797851562,-0.9305534958839417,-0.2323016673326492,-0.2197468429803848,-0.9115593433380128,-0.2736740708351135,0.1086931601166725,6.0586826293729246e-05,0.0031689964234828,-0.1090661659836769,-0.0005857501528225,-0.0021015219390392,0.1138990446925163,0.4181007742881775,-0.0088854767382144,-0.168581947684288,0.3916876912117004,-0.0131604960188269,0.1832459419965744,0.7553379535675049,0.121355265378952,-0.1821269541978836,0.7580869793891907,0.0983567610383033
-0.023077018558979,-0.6215381026268005,-0.2254534661769867,0.1390419155359268,-0.5005620718002319,-0.0949724316596984,0.2054149210453033,-0.7024093270301819,-0.1786788403987884,-0.1425245106220245,-0.4969505369663238,-0.0820567980408668,-0.2130990624427795,-0.6664031147956848,-0.1929451376199722,0.2363559305667877,-0.9328793287277222,-0.2324104160070419,-0.2168075293302536,-0.9015833139419556,-0.2979609668254852,0.1088078543543815,0.0002161665906896,0.0002178343565901,-0.1091532483696937,-0.0007217045058496,0.0008603827445767,0.1106048673391342,0.4186196327209472,-0.02179591730237,-0.1717011779546737,0.3906375467777252,-0.014705223031342,0.1779068708419799,0.7605308294296265,0.0894083231687545,-0.1871731728315353,0.7546470165252686,0.0829821228981018
-0.0235112942755222,-0.625099778175354,-0.2309257090091705,0.1382569372653961,-0.5013296604156494,-0.0986047983169555,0.2039619237184524,-0.7014457583427429,-0.1803760379552841,-0.1438426822423935,-0.4993278086185455,-0.0876044258475303,-0.2133395373821258,-0.6719408631324768,-0.1953926533460617,0.2362765967845916,-0.9328498244285583,-0.2383662760257721,-0.2178798168897628,-0.910894215106964,-0.2953747510910034,0.1088070347905159,5.9887435782002285e-05,0.000372711365344,-0.1091477423906326,-0.0005609357031062,0.0006941619212739,0.1109591498970985,0.4184167385101318,-0.0175976399332284,-0.1716372817754745,0.3905175924301147,-0.0146032255142927,0.177683413028717,0.7605078816413879,0.0924562141299247,-0.1870654821395874,0.7543226480484009,0.0850419700145721
