head_x,head_y,head_z,left_shoulder_x,left_shoulder_y,left_shoulder_z,left_elbow_x,left_elbow_y,left_elbow_z,right_shoulder_x,right_shoulder_y,right_shoulder_z,right_elbow_x,right_elbow_y,right_elbow_z,left_hand_x,left_hand_y,left_hand_z,right_hand_x,right_hand_y,right_hand_z,left_hip_x,left_hip_y,left_hip_z,right_hip_x,right_hip_y,right_hip_z,left_knee_x,left_knee_y,left_knee_z,right_knee_x,right_knee_y,right_knee_z,left_foot_x,left_foot_y,left_foot_z,right_foot_x,right_foot_y,right_foot_z
0.011685942299664,-0.641028881072998,-0.1644010990858078,0.1679102033376693,-0.5252062678337097,0.0092967301607131,0.3007504642009735,-0.693137526512146,-0.0119434595108032,-0.1450219899415969,-0.5228437781333923,-0.0061450167559087,-0.2878076434135437,-0.6795126795768738,-0.0510734803974628,0.3547615706920624,-0.9119813442230223,-0.0771764740347862,-0.3374791145324707,-0.9078633189201356,-0.1525323688983917,0.1085958406329155,0.0006978262681514,0.008579502813518,-0.1087576076388359,-0.0012484240578487,-0.0075669852085411,0.103532925248146,0.4139828979969024,0.040270734578371,-0.1027032136917114,0.3818900883197784,0.002376354066655,0.1649419367313385,0.751382052898407,0.1560780555009842,-0.1036878228187561,0.7377769351005554,0.1156457886099815
0.0108423009514808,-0.6425380706787109,-0.1644629687070846,0.1674988865852356,-0.5253241062164307,0.0087044993415474,0.2986776232719421,-0.6931968927383423,-0.0127725666388869,-0.1453697085380554,-0.5230550765991211,-0.0059789079241454,-0.2883423864841461,-0.6803218126296997,-0.050882339477539,0.3535754084587097,-0.9117598533630372,-0.0782064646482467,-0.3381179273128509,-0.9087744951248168,-0.1526397466659546,0.1086369007825851,0.0007675617234781,0.0083399340510368,-0.1087972074747085,-0.0013196007348597,-0.0073306984268128,0.1034760773181915,0.4139072000980377,0.0401977263391017,-0.1027408316731453,0.3819303810596466,0.0031976599711924,0.1648889482021331,0.7513076066970825,0.1561188250780105,-0.103385142982006,0.7377547025680542,0.1168228909373283
0.0114619834348559,-0.642555832862854,-0.18081034719944,0.1677254140377044,-0.5243762731552124,-0.0087444493547081,0.29859259724617,-0.6949698328971863,-0.0350565053522586,-0.1426027566194534,-0.5220826268196106,-0.0233979113399982,-0.2855758368968963,-0.6774402260780334,-0.0724753960967063,0.3541603982448578,-0.912922203540802,-0.1043204292654991,-0.3352558016777038,-0.904546558856964,-0.1705936193466186,0.1086751371622085,0.0008102179854176,0.0084135392680764,-0.1088393703103065,-0.0013623100239783,-0.0074065690860152,0.1051909923553466,0.4138817489147186,0.0392237044870853,-0.1027349382638931,0.3823973536491394,0.0030630915425717,0.1671618968248367,0.7511460185050964,0.157359167933464,-0.1034892275929451,0.738092839717865,0.1190608069300651
0.0116774085909128,-0.6464707851409912,-0.1823273450136184,0.1644395291805267,-0.524402379989624,-0.0108048394322395,0.292924165725708,-0.6994670629501343,-0.036996629089117,-0.1436475664377212,-0.5223323702812195,-0.0267568025738,-0.2921108603477478,-0.6776928901672363,-0.0762621462345123,0.3540401756763458,-0.91357684135437,-0.1085470914840698,-0.3420908749103546,-0.903073787689209,-0.1735397726297378,0.1086974814534187,0.0008475546492263,0.0086519541218876,-0.1088597401976585,-0.0013998015783727,-0.0076339906081557,0.1030855849385261,0.414949893951416,0.0405966788530349,-0.1034652292728424,0.3823527097702026,0.0031510018743574,0.1635685861110687,0.7520222067832947,0.1578965783119201,-0.1030639261007309,0.7379851937294006,0.1191392689943313
0.0139476098120212,-0.640379011631012,-0.2143783271312713,0.1644610464572906,-0.5220307111740112,-0.0333602279424667,0.2922693192958832,-0.6978521943092346,-0.061135783791542,-0.1436526328325271,-0.520395040512085,-0.0569839477539062,-0.2919919490814209,-0.677685558795929,-0.1056473031640052,0.3525459170341491,-0.9098430275917052,-0.1374880075454712,-0.3436141312122345,-0.9034265279769896,-0.1981889903545379,0.1088010221719741,0.0008035632199607,0.0091500412672758,-0.1089673489332199,-0.0013598471414297,-0.0081163579598069,0.1028979495167732,0.4178551733493805,0.0388005748391151,-0.1048584729433059,0.3842397034168243,0.0026566544547677,0.1629484444856643,0.7537864446640015,0.1573984920978546,-0.105294644832611,0.7400879263877869,0.1203718930482864
0.0128759713843464,-0.6406224370002747,-0.2086495459079742,0.162175104022026,-0.5220339894294739,-0.0300054345279932,0.2907423377037048,-0.6985915303230286,-0.0593287758529186,-0.1447175145149231,-0.5203961133956909,-0.0514882914721965,-0.2922132611274719,-0.6770353317260742,-0.0997699871659278,0.3524494171142578,-0.9098387360572816,-0.1341542303562164,-0.3457821309566498,-0.8994916081428528,-0.1941182613372802,0.1088294312357902,0.0008369889692403,0.0099014891311526,-0.1089954525232315,-0.0013926158426329,-0.0088657131418585,0.1028841361403465,0.418051540851593,0.0405367389321327,-0.1049983277916908,0.3838966488838196,0.0024992099497467,0.1617884635925293,0.7538065314292908,0.1599903702735901,-0.1060962751507759,0.7387545704841614,0.1205372512340545
0.0128481769934296,-0.6406899094581604,-0.1923965215682983,0.1621127724647522,-0.5232697129249573,-0.0112319244071841,0.2876389026641845,-0.6985589265823364,-0.043006457388401,-0.1447551250457763,-0.5203372240066528,-0.0455763451755046,-0.2872019112110138,-0.6726147532463074,-0.1084246262907981,0.3497538268566131,-0.9086341261863708,-0.1241593807935714,-0.3429946303367615,-0.8931989073753357,-0.2275296747684478,0.1088402345776557,0.0008447662694379,0.0106361582875251,-0.1090055927634239,-0.0013984168181195,-0.0096001951023936,0.1022878065705299,0.4189492464065552,0.0405306220054626,-0.105811670422554,0.3843872845172882,0.0012670393334701,0.1612758785486221,0.7554957866668701,0.1596366465091705,-0.1074347794055938,0.7399783730506897,0.1194266527891159
0.0127541301771998,-0.6407458782196045,-0.1968166232109069,0.1616392135620117,-0.5228161811828613,-0.0167919378727674,0.2875780165195465,-0.6988286972045898,-0.0456690676510334,-0.1449997723102569,-0.520348846912384,-0.0471176169812679,-0.2882246673107147,-0.6737293601036072,-0.1055299490690231,0.349412202835083,-0.9088029861450196,-0.1241417080163955,-0.3439682722091675,-0.8944104909896851,-0.2249338328838348,0.1088699921965599,0.0009138896130025,0.0107739930972456,-0.1090376004576683,-0.0014692551922053,-0.0097390105947852,0.1017542257905006,0.4196600914001465,0.0405280366539955,-0.105932667851448,0.384068101644516,0.0011962556745857,0.1596283316612243,0.7564489245414734,0.159523531794548,-0.1095548644661903,0.7394108176231384,0.1196047663688659
0.0112762684002518,-0.6427239775657654,-0.1896893680095672,0.1616143733263015,-0.5234299302101135,-0.0138028021901845,0.2874571681022644,-0.6985320448875427,-0.0451791025698185,-0.1456101387739181,-0.5201933979988098,-0.0378160327672958,-0.2882880568504333,-0.6714385151863098,-0.0969848185777664,0.3463482856750488,-0.9064157009124756,-0.1232458874583244,-0.3456547558307647,-0.8914508819580078,-0.213195338845253,0.1088923513889312,0.0009134603897109,0.0108043802902102,-0.1090590581297874,-0.001465804525651,-0.0097696930170059,0.101692609488964,0.4199085533618927,0.0399979352951049,-0.1076834052801132,0.3840572535991668,0.0011954369256272,0.1596243679523468,0.7583265900611877,0.1518256068229675,-0.1108350604772567,0.7399013638496399,0.1172944456338882
0.0113478451967239,-0.6422262191772461,-0.2042789012193679,0.1617659032344818,-0.5229156613349915,-0.0243663880974054,0.2881523966789245,-0.7003836035728455,-0.0507406033575534,-0.1454175859689712,-0.5202156901359558,-0.0521999597549438,-0.2882418036460876,-0.6737934350967407,-0.1101237684488296,0.3474964499473572,-0.9101688861846924,-0.1255637258291244,-0.3454488813877105,-0.8936201333999634,-0.2169123589992523,0.1089086681604385,0.0009834989905357,0.0109587190672755,-0.1090764477849006,-0.0015372624620795,-0.0099323177710175,0.1017929539084434,0.4201869368553161,0.0415663309395313,-0.1074418202042579,0.3840029835700989,0.0016032385174185,0.1595287770032882,0.7584542632102966,0.1528543978929519,-0.1109522879123687,0.7400593161582947,0.1176647916436195
0.0097434064373373,-0.64214688539505,-0.204350009560585,0.1603300720453262,-0.5224765539169312,-0.0250801183283329,0.2867947518825531,-0.69865483045578,-0.0519941598176956,-0.1475666016340255,-0.5190851092338562,-0.0515771210193634,-0.2909962832927704,-0.6713295578956604,-0.1085356771945953,0.344954639673233,-0.9071264266967772,-0.1279994696378708,-0.3512014746665954,-0.8896723985671997,-0.2149037569761276,0.1089882850646972,0.0009874883107841,0.0110254259780049,-0.1091592758893966,-0.0015417516697198,-0.0099932355806231,0.0983384028077125,0.4213813543319702,0.0417467691004276,-0.1103645041584968,0.3839913010597229,0.0017875870689749,0.1543290019035339,0.7584568858146667,0.1546702235937118,-0.1158055812120437,0.7397422790527344,0.1188971027731895
0.010056035593152,-0.6411780714988708,-0.2047777324914932,0.1610159426927566,-0.5221867561340332,-0.0272764954715967,0.2870674729347229,-0.696193516254425,-0.0588990598917007,-0.1473673731088638,-0.5190524458885193,-0.0510401427745819,-0.2909434139728546,-0.6713318228721619,-0.1077829524874687,0.3449135720729828,-0.9023590087890624,-0.1382419466972351,-0.3512758612632751,-0.8897226452827454,-0.2130487263202667,0.1090506613254547,0.0009953714907169,0.0103405835106968,-0.1092239916324615,-0.0015486652264371,-0.0093104848638176,0.097709871828556,0.42237389087677,0.038906056433916,-0.1109403222799301,0.3849784135818481,0.0031032727565616,0.1542379409074783,0.759475588798523,0.1513756364583969,-0.1157377436757087,0.7421718239784241,0.1191217824816703
0.0086916452273726,-0.6423885822296143,-0.2056595534086227,0.1604677885770797,-0.5223356485366821,-0.0274712275713682,0.2872981131076813,-0.7002034783363342,-0.0569354891777038,-0.1476053893566131,-0.5200709104537964,-0.0527517944574356,-0.2926822602748871,-0.6771408319473267,-0.1072416454553604,0.3457372188568115,-0.9070082902908324,-0.1322450190782547,-0.3515649735927582,-0.8924672603607178,-0.2095006555318832,0.1090609803795814,0.0011134423548355,0.0108927078545093,-0.1092362478375434,-0.0016675166552886,-0.0098659358918666,0.0977844148874282,0.4219832718372345,0.0428220331668853,-0.1104538887739181,0.3843640089035034,0.0028783229645341,0.1541259586811065,0.7593271136283875,0.1548612862825393,-0.1167780980467796,0.7409461736679077,0.119205892086029
0.0085480324923992,-0.6423987746238708,-0.1966308206319809,0.1604545265436172,-0.5231896638870239,-0.0204063896089792,0.2872567772865295,-0.6993727087974548,-0.0535595491528511,-0.1483704894781112,-0.5201563239097595,-0.0418570488691329,-0.2932802736759186,-0.6770597100257874,-0.0939166769385337,0.3452704846858978,-0.9062714576721193,-0.1316500008106231,-0.3533888757228851,-0.8929948806762695,-0.1935847997665405,0.1090783551335334,0.0010962396627292,0.0106511088088154,-0.1092538759112358,-0.0016463013598695,-0.0096271792426705,0.0975981652736663,0.4221384227275848,0.0417895466089248,-0.1118637397885322,0.3846640884876251,0.003898108145222,0.1543752998113632,0.7598344087600708,0.1525285243988037,-0.1167556643486023,0.7416367530822754,0.1195247694849968
0.0123618459329009,-0.6468860507011414,-0.2128636837005615,0.1654248684644699,-0.5231429934501648,-0.0399501919746398,0.2887114882469177,-0.6960176229476929,-0.0704159066081047,-0.1446562260389328,-0.5229472517967224,-0.0508634746074676,-0.3023897707462311,-0.6835150718688965,-0.0944435074925422,0.3495605885982513,-0.9025282859802246,-0.1491094678640365,-0.3649026453495025,-0.9012852311134338,-0.1919237822294235,0.10939322412014,0.0010261216666549,0.0097487578168511,-0.1095632016658783,-0.0015769760357216,-0.0087149236351251,0.1067455410957336,0.4171705842018127,0.0454291477799415,-0.1069672778248786,0.3847355544567108,0.0070529738441109,0.1620545536279678,0.7506760358810425,0.1715772897005081,-0.1040426716208458,0.7397207021713257,0.1296434700489044
0.0139819765463471,-0.6477591395378113,-0.1953787803649902,0.1686049401760101,-0.5240364670753479,-0.0286147855222225,0.2891480326652527,-0.6964187622070312,-0.0645002424716949,-0.1423028409481048,-0.5233760476112366,-0.0359747782349586,-0.2965351343154907,-0.6808192133903503,-0.0836917906999588,0.3496772050857544,-0.9030014872550964,-0.1433970630168914,-0.360382467508316,-0.8951066732406616,-0.1834316253662109,0.1094642132520675,0.0010365629568696,0.0095371566712856,-0.1096343249082565,-0.0015848452458158,-0.008504849858582,0.1073152869939804,0.4172849655151367,0.0388152748346328,-0.106912113726139,0.384778082370758,0.0061404635198414,0.1624268293380737,0.7519845366477966,0.1619337946176529,-0.1040100082755088,0.740929126739502,0.1252507269382476
0.0138894747942686,-0.652337908744812,-0.1989385336637497,0.1681165993213653,-0.5238784551620483,-0.0304618496447801,0.2892427444458008,-0.6947609186172485,-0.0655786544084549,-0.1439017355442047,-0.5238023400306702,-0.0405603572726249,-0.2998671233654022,-0.6842731237411499,-0.0863115936517715,0.3498491048812866,-0.9017840623855592,-0.1465586423873901,-0.36147540807724,-0.8977864980697632,-0.1864494681358337,0.109519362449646,0.0009937064023688,0.0097636831924319,-0.1096898466348648,-0.0015442152507603,-0.0087254075333476,0.1075884476304054,0.4163496196269989,0.0460375174880027,-0.1065940037369728,0.3847068250179291,0.0066943056881427,0.162996158003807,0.7499896287918091,0.1719655245542526,-0.1035200655460357,0.7398476600646973,0.1283476203680038
0.0133603205904364,-0.6522807478904724,-0.1935015767812729,0.1680654287338256,-0.5243963599205017,-0.02394774928689,0.2912091314792633,-0.6950055360794067,-0.0563690178096294,-0.1441628634929657,-0.5238291025161743,-0.0335635729134082,-0.3001224994659424,-0.6827560067176819,-0.0793750137090683,0.3501367568969726,-0.9019150137901306,-0.134899690747261,-0.3608231842517853,-0.8975422978401184,-0.1803457140922546,0.1096061915159225,0.0009887035703286,0.0095923012122511,-0.1097729504108429,-0.0015388700412586,-0.0085560353472828,0.1075396612286567,0.4159890115261078,0.0445107631385326,-0.1064918413758277,0.3845714926719665,0.0080833658576011,0.1632687151432037,0.7495056986808777,0.1715557426214218,-0.1017132177948951,0.7371830344200134,0.1331978291273117
0.013167574070394,-0.6522316932678223,-0.1815402209758758,0.1686561554670334,-0.5255115032196045,-0.0112320147454738,0.2928915023803711,-0.6928184628486633,-0.0448228903114795,-0.144260972738266,-0.5240824818611145,-0.0215374380350112,-0.3001476526260376,-0.6807252764701843,-0.0680362731218338,0.3503450751304626,-0.8963915109634399,-0.1262546628713607,-0.3593955636024475,-0.8961804509162903,-0.1699189692735672,0.1097129732370376,0.0009909155778586,0.0096274558454751,-0.10987538844347,-0.0015400778502225,-0.0085915438830852,0.107866883277893,0.414997935295105,0.0434231422841548,-0.1064879819750785,0.3837619125843048,0.007667320780456,0.1637400239706039,0.7482588887214661,0.1712488383054733,-0.1016411036252975,0.7335870862007141,0.1330675184726715
0.0138418599963188,-0.6555876731872559,-0.182756170630455,0.1686733663082122,-0.5257710218429565,-0.0120850326493382,0.2935362756252289,-0.6927770376205444,-0.0452498942613601,-0.144605666399002,-0.5246177315711975,-0.0230944696813821,-0.3013635575771332,-0.6811052560806274,-0.0695580765604972,0.3504619002342224,-0.8969660997390747,-0.1268817037343979,-0.3591326773166656,-0.89654940366745,-0.1712279170751571,0.1098142862319946,0.0009846108732745,0.009686748497188,-0.1099784672260284,-0.0015330635942518,-0.0086534237489104,0.1084956601262092,0.4146546423435211,0.0434810779988765,-0.107155404984951,0.3836486041545868,0.0076924161985516,0.1635119616985321,0.7478175759315491,0.1724220216274261,-0.1049882844090461,0.7336296439170837,0.1331923753023147
0.0134239112958312,-0.6546636819839478,-0.1706512719392776,0.1694864630699157,-0.5269480347633362,0.0001257882395293,0.2963798642158508,-0.6924678683280945,-0.0325958915054798,-0.144641101360321,-0.5246900320053101,-0.0105330916121602,-0.3017767965793609,-0.6810346245765686,-0.057926058769226,0.3504213690757751,-0.8967970609664917,-0.1122382283210754,-0.3571735322475433,-0.8965057134628296,-0.1599608063697815,0.1098725497722625,0.000980204436928,0.0095163751393556,-0.1100397258996963,-0.0015276218764483,-0.0084909573197364,0.1085613146424293,0.4141088128089905,0.0381453819572925,-0.1069252267479896,0.3836355805397033,0.0069852233864367,0.1634966135025024,0.7478042244911194,0.1665989309549331,-0.1017645448446273,0.7337290644645691,0.1298045665025711
0.0133149661123752,-0.6546777486801147,-0.1703967750072479,0.1697840094566345,-0.5269609689712524,0.0024312713649123,0.2991267144680023,-0.6890923380851746,-0.0253788661211729,-0.1451440900564193,-0.5248091220855713,-0.0093394601717591,-0.3050738573074341,-0.6814981698989868,-0.0547029413282871,0.3507568538188934,-0.8964044451713562,-0.1013691052794456,-0.3568624854087829,-0.8966648578643799,-0.1575822383165359,0.1099345386028289,0.0009803406428545,0.0094325812533497,-0.1101062223315239,-0.0015288064023479,-0.0084094395861029,0.1079480275511741,0.4140268564224243,0.038344956934452,-0.1092782095074653,0.3835897445678711,0.0069721732288599,0.1614123433828354,0.7482351660728455,0.1648275405168533,-0.1072969809174537,0.7346723675727844,0.126338854432106
0.0134745733812451,-0.6547515392303467,-0.1714238077402115,0.1698890328407287,-0.527002215385437,0.0016352626262232,0.3028872609138489,-0.6889932751655579,-0.0263344813138246,-0.1453809738159179,-0.5249185562133789,-0.0102344453334808,-0.306004524230957,-0.682364284992218,-0.0547789074480533,0.3507406115531921,-0.896851658821106,-0.1018598675727844,-0.3573700487613678,-0.8974402546882629,-0.1573080122470855,0.1099643409252166,0.0009806194575503,0.0092435963451862,-0.1101355776190757,-0.0015288578579202,-0.0082193752750754,0.1074871569871902,0.4143117666244507,0.0401287600398063,-0.1093232259154319,0.3836038112640381,0.0084603270515799,0.1606387048959732,0.7484368085861206,0.1653554439544677,-0.1073295027017593,0.7352830171585083,0.126666635274887
0.0145774558186531,-0.6529639959335327,-0.1656613796949386,0.1707105934619903,-0.5271362662315369,0.0144300051033496,0.3073696792125702,-0.6819909811019897,-0.007874684408307,-0.1455588191747665,-0.5249539017677307,-0.0037331248167902,-0.30581995844841,-0.6819086670875549,-0.0420629903674125,0.3509300351142883,-0.8939738273620605,-0.0755782425403595,-0.3548997640609741,-0.8967930674552917,-0.1387151926755905,0.1100992113351821,0.000978686963208,0.0093419235199689,-0.1102636232972145,-0.0015276069752871,-0.0083093047142028,0.1057917848229408,0.4165540933609009,0.0403008945286273,-0.1151242405176162,0.3833889961242676,0.0083627440035343,0.1520063579082489,0.7502631545066833,0.1643826812505722,-0.1120813637971878,0.7345274686813354,0.126562550663948
0.0164716951549053,-0.6501877903938293,-0.1750352084636688,0.1710705459117889,-0.5275543332099915,0.0129163973033428,0.3103903532028198,-0.6819135546684265,-0.0112106138840317,-0.1465552151203155,-0.5248187184333801,-0.0155765572562813,-0.3088097274303436,-0.6798164248466492,-0.058486483991146,0.3535723090171814,-0.8924931287765503,-0.080755315721035,-0.3553862869739532,-0.8948280215263367,-0.1549804061651229,0.1103407964110374,0.0009307191357947,0.010578547604382,-0.1105129867792129,-0.001483934582211,-0.0095307985320687,0.1056397557258606,0.4165243208408355,0.0431924425065517,-0.1171362400054931,0.3832800388336181,0.0073658125475049,0.1460909843444824,0.7486168742179871,0.1731832027435302,-0.1148567572236061,0.7324422597885132,0.1265351772308349
0.0178025308996438,-0.6480705738067627,-0.1897685229778289,0.1711270809173584,-0.5265005230903625,0.0014067732263356,0.3116221725940704,-0.675618052482605,-0.0247517917305231,-0.14673712849617,-0.523328423500061,-0.0285656545311212,-0.3130179941654205,-0.6723046898841858,-0.070646584033966,0.3533649742603302,-0.8857306241989136,-0.104299746453762,-0.3560047149658203,-0.8897369503974915,-0.1658960431814193,0.1104452088475227,0.0008180276490747,0.0106965648010373,-0.1106241941452026,-0.0013776769628748,-0.0096417041495442,0.106056623160839,0.4158360064029693,0.0400643795728683,-0.1177539899945259,0.3832513093948364,0.0058466950431466,0.1426565945148468,0.7482565641403198,0.1652758121490478,-0.1153635382652282,0.7324702739715576,0.1216963678598404
0.0173860359936952,-0.6482911705970764,-0.1872135698795318,0.1712808609008789,-0.5264688730239868,0.0018521212041378,0.3123015165328979,-0.6736676692962646,-0.0246176160871982,-0.1470237225294113,-0.5233830213546753,-0.0252441652119159,-0.3138644993305206,-0.6689608097076416,-0.0673697665333747,0.354397714138031,-0.8830199837684631,-0.1035565510392189,-0.3556306064128876,-0.8816618919372559,-0.1628144383430481,0.1105410903692245,0.0007433855207636,0.0107044484466314,-0.1107197552919387,-0.0013056056341156,-0.0096485074609518,0.1177261173725128,0.4113093614578247,0.0381059907376766,-0.1176323369145393,0.3824692368507385,0.0050691976211965,0.1471966207027435,0.7445391416549683,0.1624020636081695,-0.1152939945459365,0.7315172553062439,0.11902317404747
0.0154396342113614,-0.6450508236885071,-0.1908455640077591,0.1715620756149292,-0.5259424448013306,-0.0068954625166952,0.3193465769290924,-0.6733881235122681,-0.0409073382616043,-0.147044837474823,-0.5229700207710266,-0.0268393028527498,-0.3149970173835754,-0.6641634106636047,-0.0678740218281745,0.3563254177570343,-0.8848468065261841,-0.1221932992339134,-0.3556403815746307,-0.8777798414230347,-0.1638672947883606,0.110563226044178,0.0007259278791025,0.0103190196678042,-0.1107453405857086,-0.0012877584667876,-0.0092823859304189,0.122707113623619,0.4079313576221466,0.0281509142369031,-0.1198987439274787,0.3807724118232727,0.0001461309875594,0.1502217054367065,0.7444092631340027,0.1443091183900833,-0.1175210699439048,0.7311610579490662,0.1103561744093895
0.0135253239423036,-0.6469776034355164,-0.1907528936862945,0.1708524078130722,-0.5243311524391174,-0.0090841343626379,0.3193934261798858,-0.6644704937934875,-0.0467361286282539,-0.1487632393836975,-0.522583544254303,-0.0268561448901891,-0.3187218308448791,-0.6598697304725647,-0.0678981468081474,0.3563995957374573,-0.8758345246315002,-0.1313928812742233,-0.3570006489753723,-0.8704872131347656,-0.1640619784593582,0.110657051205635,0.0005825168918818,0.0100440280511975,-0.1108446717262268,-0.0011467152507975,-0.0090088872238993,0.124431736767292,0.4064624607563019,0.0243507847189903,-0.1238840594887733,0.3804488182067871,-0.001581288408488,0.1512821018695831,0.7426547408103943,0.1446245610713958,-0.1206242069602012,0.7308017015457153,0.1086605861783027
0.0149650601670145,-0.6407051086425781,-0.2162055373191833,0.1712175458669662,-0.519291877746582,-0.0283147431910038,0.3205931186676025,-0.6603147387504578,-0.0648431032896041,-0.1469525396823883,-0.5177512764930725,-0.0501502119004726,-0.3179007470607757,-0.6533723473548889,-0.0907349810004234,0.3569788336753845,-0.8765053153038025,-0.1492162197828292,-0.3526763617992401,-0.8691107034683228,-0.1820484846830368,0.110676497220993,0.0005363117088563,0.009877722710371,-0.1108715459704399,-0.0011035272618755,-0.0088595235720276,0.1250709891319275,0.406009703874588,0.0205496773123741,-0.1272193789482116,0.3791782557964325,-0.0096390917897224,0.1520837843418121,0.7413035035133362,0.1425447016954422,-0.1210657358169555,0.7296695709228516,0.1043712794780731
0.0143659813329577,-0.6404553055763245,-0.2244578450918197,0.1711726188659668,-0.5151968002319336,-0.0467394180595874,0.3206816613674164,-0.6518290042877197,-0.0928335413336753,-0.1468932330608368,-0.5158001780509949,-0.054234828799963,-0.3181867599487304,-0.6511738896369934,-0.0942312926054,0.3571668863296509,-0.8684897422790527,-0.1812285333871841,-0.3526435792446136,-0.8678978085517883,-0.1877428591251373,0.1106798723340034,0.000461587740574,0.0080346185714006,-0.1108793020248413,-0.0010263409931212,-0.0070393751375377,0.1250269562005996,0.4045334160327911,-0.0007189847528934,-0.1283142566680908,0.3791888356208801,-0.0102374339476227,0.1515138149261474,0.7386956810951233,0.1308372914791107,-0.1172630563378334,0.729773223400116,0.1047853156924247
0.0143719017505645,-0.6332012414932251,-0.2312475591897964,0.1695495843887329,-0.5119462609291077,-0.0482188984751701,0.3228842914104461,-0.6499207615852356,-0.0934191197156906,-0.1477987319231033,-0.510965883731842,-0.0600816719233989,-0.3248786926269531,-0.6375404596328735,-0.0985313802957534,0.3589532077312469,-0.8690584897994995,-0.1843895465135574,-0.3613485991954803,-0.8560532331466675,-0.1935270279645919,0.1106117144227027,0.0003786480810958,0.007941129617393,-0.1108155995607376,-0.0009372204076498,-0.0069513395428657,0.1248683556914329,0.403521329164505,-0.0210463665425777,-0.1411240696907043,0.3757088482379913,-0.0333782546222209,0.1497590988874435,0.738714873790741,0.0975754708051681,-0.1232439428567886,0.727237343788147,0.0813662931323051
0.0146886380389332,-0.6275200247764587,-0.2440141290426254,0.1697055846452713,-0.5085367560386658,-0.0586969479918479,0.3231009542942047,-0.6428641080856323,-0.1033801957964897,-0.1472541093826294,-0.5082364082336426,-0.0705815851688385,-0.3245843350887298,-0.633639931678772,-0.1089115440845489,0.3623578548431396,-0.8661022782325745,-0.1930044889450073,-0.3606717586517334,-0.856029748916626,-0.2031430453062057,0.1106077805161476,0.0002866898721549,0.0079428283497691,-0.1108134612441062,-0.0008403114043176,-0.006954469718039,0.12676902115345,0.4004838466644287,-0.0329432785511016,-0.1410627663135528,0.3747522830963135,-0.0442469269037246,0.1509390920400619,0.7383219599723816,0.077503003180027,-0.1249763891100883,0.7270485162734985,0.0641172677278518
0.01944025978446,-0.6283208131790161,-0.2400916963815689,0.1717524081468582,-0.5087292790412903,-0.0554338917136192,0.3299373388290405,-0.6440024375915527,-0.1005921810865402,-0.14679616689682,-0.5083977580070496,-0.0695030614733696,-0.3256594538688659,-0.6347346901893616,-0.1091763898730278,0.3730574548244476,-0.8677850365638733,-0.1882948875427246,-0.3608736395835876,-0.8547494411468506,-0.2032462656497955,0.1106675788760185,0.0002548952179495,0.0084546832367777,-0.1108744964003562,-0.0008081972482614,-0.0074863275513052,0.1328972727060318,0.3927724957466125,-0.0372638255357742,-0.145994484424591,0.3716378808021545,-0.0552336201071739,0.1522603929042816,0.7310990691184998,0.0807575136423111,-0.1265578716993332,0.7194320559501648,0.0596647076308727
0.0199027229100465,-0.6285437941551208,-0.2335104048252105,0.1732026785612106,-0.5107938647270203,-0.0443369001150131,0.3330418467521667,-0.6438518762588501,-0.08490701764822,-0.1466795951128006,-0.5089364647865295,-0.0557709671556949,-0.3275473713874817,-0.6351041197776794,-0.0830132737755775,0.3735467195510864,-0.8644153475761414,-0.1795938163995742,-0.3662470877170563,-0.8552394509315491,-0.1804684847593307,0.1107406243681907,0.0002273761783726,0.0082268696278333,-0.11093370616436,-0.0007794959237799,-0.007214278448373,0.1353206485509872,0.3924469649791717,-0.0521427355706691,-0.1577853858470916,0.367691695690155,-0.0798056721687316,0.1553516238927841,0.7287856340408325,0.063881829380989,-0.126452699303627,0.7188431620597839,0.0352416671812534
0.0210709776729345,-0.628817081451416,-0.2329233586788177,0.1742979139089584,-0.5109266638755798,-0.0437104888260364,0.339269608259201,-0.6388136148452759,-0.0846742764115333,-0.1467320173978805,-0.5090453028678894,-0.0565890334546566,-0.3300617635250091,-0.6344847083091736,-0.0843771547079086,0.3775657713413238,-0.8614035248756409,-0.1778637915849685,-0.3659991323947906,-0.8550500869750977,-0.1811395138502121,0.1109450906515121,0.0002031032345257,0.0082402667030692,-0.1111326664686203,-0.0007541187223978,-0.0072262790054082,0.14385986328125,0.3895293772220611,-0.0619297698140144,-0.1595095694065094,0.3645258545875549,-0.0861710608005523,0.1586277782917022,0.7232943177223206,0.0651719346642494,-0.1263762861490249,0.7116762399673462,0.0385017171502113
0.022152230143547,-0.6285935640335083,-0.2345945835113525,0.1756959706544876,-0.5111908316612244,-0.0433535017073154,0.3422339856624603,-0.6283412575721741,-0.0844549089670181,-0.1462095081806183,-0.5098201632499695,-0.06048234552145,-0.3299477696418762,-0.6260370016098022,-0.089414969086647,0.3780638873577118,-0.8482989072799683,-0.1800006628036499,-0.366191416978836,-0.843302309513092,-0.1860101372003555,0.1111805215477943,0.0002280199842061,0.0082887355238199,-0.1113717854022979,-0.0007786570349708,-0.0072743869386613,0.1520036160945892,0.3895263075828552,-0.0587848089635372,-0.1593715399503708,0.3640619814395904,-0.0798998996615409,0.1615534722805023,0.7131187915802002,0.0979796648025512,-0.1263185888528823,0.7048903107643127,0.0559530779719352
0.0309023056179285,-0.6249074339866638,-0.2489781230688095,0.1799598783254623,-0.5097261667251587,-0.049138568341732,0.3466057479381561,-0.6267005205154419,-0.0872862935066223,-0.1443752646446228,-0.5096407532691956,-0.0771496519446373,-0.3298647403717041,-0.6263474822044373,-0.1092640981078147,0.3827572166919708,-0.8499577641487122,-0.180689051747322,-0.3654797673225403,-0.8442845940589905,-0.201682299375534,0.1114678382873535,0.0002933117793872,0.0089150974527001,-0.1116645485162735,-0.0008454650524072,-0.0079051721841096,0.157713770866394,0.3883972465991974,-0.0548207126557827,-0.1602558642625808,0.3609261512756347,-0.0897455662488937,0.1637171655893325,0.7093638181686401,0.1013089045882225,-0.125763937830925,0.6985882520675659,0.0544381774961948
0.0327778682112693,-0.6202518343925476,-0.2548249959945678,0.1804206520318985,-0.5084710717201233,-0.0520495325326919,0.3483448326587677,-0.6270747780799866,-0.0876974761486053,-0.1443413197994232,-0.5077041387557983,-0.0858798697590828,-0.3308624923229217,-0.625512957572937,-0.1215706840157508,0.3876926898956299,-0.8509225249290466,-0.1803887039422989,-0.3655214309692383,-0.8413572907447815,-0.2110522985458374,0.1116128116846084,0.0002951352216769,0.0097112515941262,-0.111812487244606,-0.0008448401349596,-0.0087040746584534,0.1589297205209732,0.3831515908241272,-0.0696107000112533,-0.1640447974205017,0.3568610250949859,-0.1197875663638114,0.1691136658191681,0.7057979106903076,0.0827046334743499,-0.1211778223514556,0.6968653798103333,0.0220177508890628
0.0330373831093311,-0.6234145164489746,-0.2531587779521942,0.1800821274518966,-0.5082778930664062,-0.0481493882834911,0.3500687181949615,-0.6268513202667236,-0.0825919583439827,-0.1466194093227386,-0.5077692866325378,-0.0839735344052314,-0.3366045653820038,-0.6250931024551392,-0.1234285235404968,0.391586422920227,-0.8499212265014648,-0.1754419505596161,-0.371167242527008,-0.8405550718307495,-0.2120570838451385,0.1118367537856102,0.0003038168651983,0.0102962059900164,-0.1120413243770599,-0.0008486712467856,-0.0093007730320096,0.1596749573945999,0.3792586922645569,-0.0859404504299163,-0.170756384730339,0.3543931841850281,-0.1188708916306495,0.1689612865447998,0.6992268562316895,0.0778939202427864,-0.1274787038564682,0.6888144016265869,0.0274494253098964
0.0331154055893421,-0.6238081455230713,-0.2518449425697326,0.1800779998302459,-0.5059519410133362,-0.0463469587266445,0.3514943718910217,-0.6140851378440857,-0.082185573875904,-0.1476286351680755,-0.5072125792503357,-0.0829446986317634,-0.3433361649513244,-0.6206215620040894,-0.1282105445861816,0.397135317325592,-0.8346017003059387,-0.1756792217493057,-0.3724620342254638,-0.8316910266876221,-0.2243295907974243,0.1121298968791961,0.0002908583846874,0.0103985276073217,-0.1123280525207519,-0.0008311205310747,-0.0094021037220954,0.1654090881347656,0.3693704605102539,-0.1039828732609748,-0.1816239655017852,0.3468730449676513,-0.1221069321036338,0.168750986456871,0.6854861378669739,0.0677556991577148,-0.1287701725959777,0.6739038825035095,0.0299899112433195
0.0333028696477413,-0.6201167106628418,-0.2522246241569519,0.1802351474761963,-0.5054024457931519,-0.0464057438075542,0.354295939207077,-0.6112980246543884,-0.08222246915102,-0.1483592838048935,-0.5069364309310913,-0.0873838067054748,-0.3477161824703216,-0.6142159104347229,-0.1414730548858642,0.4077357351779938,-0.8330754637718201,-0.1763676255941391,-0.3725987076759338,-0.8251569867134094,-0.2399027049541473,0.1123358532786369,0.00034901915933,0.0109355561435222,-0.1125407963991165,-0.0008778737974353,-0.0099570667371153,0.1688949763774871,0.3637777268886566,-0.1100397035479545,-0.1875555515289306,0.3394109606742859,-0.1454711109399795,0.1688630729913711,0.6827790141105652,0.060648750513792,-0.1290960758924484,0.6683591604232788,0.0143482908606529
0.0343030504882335,-0.6178481578826904,-0.2517643868923187,0.180510863661766,-0.5041338205337524,-0.0455977730453014,0.3563767373561859,-0.6102747321128845,-0.0786002799868583,-0.1485529690980911,-0.503558337688446,-0.0874023884534835,-0.3536117970943451,-0.602001965045929,-0.1552434563636779,0.4160082936286926,-0.8296589851379395,-0.1709845662117004,-0.3764458000659942,-0.809258759021759,-0.2670985460281372,0.1124920323491096,0.0003514495037961,0.0118912803009152,-0.1126886159181594,-0.0008731001871638,-0.0109272003173828,0.175832450389862,0.3389309346675873,-0.1665164530277252,-0.2021149694919586,0.3243666887283325,-0.1858753561973571,0.1695144772529602,0.6677623987197876,-0.0091153988614678,-0.1324556171894073,0.6585769057273865,-0.0386051386594772
0.0312641598284244,-0.6146024465560913,-0.251263290643692,0.1793936342000961,-0.5046549439430237,-0.0450762659311294,0.3570742905139923,-0.6039226055145264,-0.0781298279762268,-0.1510814875364303,-0.5036346912384033,-0.0873437970876693,-0.3627997934818268,-0.6035414338111877,-0.1514350175857544,0.4183119833469391,-0.8194988369941711,-0.1702844500541687,-0.3868716657161712,-0.8102087378501892,-0.2588038444519043,0.1126811355352401,0.000365942280041,0.0121663361787796,-0.1128788068890571,-0.0008803916862234,-0.0112123470753431,0.1752801388502121,0.3411154448986053,-0.1520686447620391,-0.2020789235830307,0.3203001618385315,-0.186912789940834,0.1688804626464843,0.6682642102241516,0.0101159075275063,-0.1345200538635254,0.6501760482788086,-0.0302490312606096
0.0326961055397987,-0.6121401786804199,-0.2507241666316986,0.1795642673969268,-0.5048444867134094,-0.0418466851115226,0.3587226271629333,-0.597203254699707,-0.0767708197236061,-0.1516430228948593,-0.503282368183136,-0.0872311443090438,-0.3694062232971191,-0.5977274179458618,-0.1516974717378616,0.4312295019626617,-0.8098180294036865,-0.1716259568929672,-0.3898406326770782,-0.7993395328521729,-0.2560621500015259,0.1129327416419982,0.0003932318941224,0.0126512963324785,-0.1131459325551986,-0.0008942633285187,-0.011719218455255,0.1777083128690719,0.3299795985221863,-0.1695184111595153,-0.2051282972097396,0.2970474660396576,-0.2383269816637039,0.1692119836807251,0.6588023900985718,-0.0233666002750396,-0.1344430148601532,0.6360331773757935,-0.0867447629570961
0.0329556353390216,-0.601709246635437,-0.2699406743049621,0.178755909204483,-0.5010005235671997,-0.0537175051867961,0.3622744083404541,-0.5779590606689453,-0.0917420536279678,-0.152603343129158,-0.4990518093109131,-0.1034086346626281,-0.3732082545757293,-0.5923320055007935,-0.1701933145523071,0.4330423772335052,-0.7855463027954102,-0.1961899250745773,-0.39276984333992,-0.7913520932197571,-0.2760598063468933,0.1129915788769722,4.339575389167294e-05,0.013095105998218,-0.1132031381130218,-0.0005141165456734,-0.0121834054589271,0.179673433303833,0.3216705322265625,-0.1864081174135208,-0.2108515501022339,0.3015899062156677,-0.2335008531808853,0.1693598330020904,0.6560952663421631,-0.0379652678966522,-0.1356415599584579,0.637275755405426,-0.0829465240240097
0.033613447099924,-0.6008504629135132,-0.2707995176315307,0.1785551011562347,-0.4955056011676788,-0.0563793927431106,0.3623695075511932,-0.5661548972129822,-0.1037360355257988,-0.1530382335186004,-0.4971667826175689,-0.1020466983318328,-0.378179669380188,-0.5802663564682007,-0.1685039103031158,0.4318958222866058,-0.7767923474311829,-0.2221083492040634,-0.4034965932369232,-0.7739730477333069,-0.2811239063739776,0.1130716130137443,-0.0003097296284977,0.0136010898277163,-0.1132777780294418,-0.0001289007050218,-0.01267552934587,0.1793682426214218,0.3164780139923095,-0.210603266954422,-0.210681140422821,0.3038747906684875,-0.2409105151891708,0.1692882925271988,0.656196117401123,-0.0887406542897224,-0.13649582862854,0.6387965679168701,-0.1187310293316841
0.0335922986268997,-0.5997843742370605,-0.2731045186519623,0.1755134463310241,-0.4916102886199951,-0.0568639673292636,0.3625567853450775,-0.545764684677124,-0.112351544201374,-0.1549772322177887,-0.4946771562099457,-0.1016211509704589,-0.3848078548908233,-0.5701335668563843,-0.1711141765117645,0.4334603548049927,-0.7601445913314819,-0.2483355551958084,-0.4134300053119659,-0.767320990562439,-0.2939293086528778,0.1131262332201004,-0.0012198179028928,0.0136838909238576,-0.1133333221077919,0.0008126513566821,-0.0127677172422409,0.1810028851032257,0.2985441386699676,-0.224711611866951,-0.2186324745416641,0.303214430809021,-0.241325706243515,0.1694427579641342,0.643058180809021,-0.0961963832378387,-0.1388081908226013,0.6391810774803162,-0.1143868938088417
0.0343077629804611,-0.6000984907150269,-0.272623062133789,0.1746000945568084,-0.4880463182926178,-0.0569885820150375,0.3648434281349182,-0.5454283952713013,-0.1132508665323257,-0.158098042011261,-0.491299957036972,-0.1027781292796135,-0.3921211361885071,-0.5591172575950623,-0.1838075816631317,0.43724325299263,-0.7586538791656494,-0.2449224144220352,-0.4163737595081329,-0.7531598210334778,-0.3105684816837311,0.113484539091587,-0.0018663433147594,0.013785608112812,-0.1137042343616485,0.0014913367340341,-0.0128707271069288,0.1833612918853759,0.2902095317840576,-0.2427121251821518,-0.2243192195892334,0.2897489964962005,-0.2696344554424286,0.170667827129364,0.6269294619560242,-0.1032966449856758,-0.1388055831193924,0.6262763142585754,-0.1302684545516967
0.032502707093954,-0.6001681685447693,-0.2762432992458343,0.1726579368114471,-0.4883197546005249,-0.058895967900753,0.3641224801540375,-0.549368679523468,-0.1119693741202354,-0.1612341850996017,-0.4861943423748016,-0.1059992983937263,-0.3996124565601349,-0.556638240814209,-0.1927745938301086,0.4401803016662597,-0.7617124319076538,-0.2399039268493652,-0.4280765056610107,-0.7534415125846863,-0.3173549473285675,0.1138775646686554,-0.002316293073818,0.0139054488390684,-0.1140973716974258,0.0019609164446592,-0.0129931019619107,0.1858445405960083,0.2719767391681671,-0.2584368288516998,-0.2320780456066131,0.268332690000534,-0.2879167199134826,0.1735050231218338,0.6087449789047241,-0.1205043345689773,-0.1421103626489639,0.6050213575363159,-0.1466219127178192
0.0291292183101177,-0.5890849828720093,-0.3071173429489136,0.1724807769060135,-0.4811595976352691,-0.0868380740284919,0.3660570383071899,-0.5355375409126282,-0.1613454520702362,-0.1613385528326034,-0.4776339530944824,-0.1307169795036316,-0.3982053399085998,-0.5357709527015686,-0.2175226509571075,0.4399342834949493,-0.744149386882782,-0.3025743365287781,-0.4303729832172394,-0.7299099564552307,-0.3478554785251617,0.1142152920365333,-0.0023399756755679,0.0138567276298999,-0.1144305095076561,0.0019862283952534,-0.0129250986501574,0.1915069967508316,0.2703771889209747,-0.2615614235401153,-0.2311510294675827,0.2501097619533539,-0.300605297088623,0.1729332655668258,0.600655734539032,-0.117044486105442,-0.1426964402198791,0.5961630940437317,-0.1538762003183365
0.0275704804807901,-0.5828596353530884,-0.3090516626834869,0.1706216037273407,-0.4768076241016388,-0.0902936086058616,0.3672218024730682,-0.5330900549888611,-0.1650484800338745,-0.1632680743932724,-0.4749746024608612,-0.135570541024208,-0.3992711305618286,-0.5284623503684998,-0.227784588932991,0.4435167908668518,-0.7401105761528015,-0.3036927580833435,-0.4355215430259704,-0.7209837436676025,-0.3596607744693756,0.114450603723526,-0.0023747608065605,0.0143747013062238,-0.1146478429436683,0.0020276161376386,-0.0134290279820561,0.200639858841896,0.2598324120044708,-0.2724162638187408,-0.2304492145776748,0.2462337464094162,-0.3080907464027405,0.1722897887229919,0.5937308669090271,-0.1197042539715766,-0.1429995745420456,0.5857082605361938,-0.1536906510591507
0.0234179012477397,-0.5775009393692017,-0.3162221312522888,0.1699514240026474,-0.4762848019599914,-0.0958560705184936,0.36722132563591,-0.5344257354736328,-0.1729170829057693,-0.1643980890512466,-0.4703136384487152,-0.1412060111761093,-0.4017865657806396,-0.5260017514228821,-0.2347685545682907,0.4459981024265289,-0.742886483669281,-0.311096727848053,-0.4456082582473755,-0.7173566818237305,-0.3646560311317444,0.1147059872746467,-0.0022803603205829,0.0144170606508851,-0.1148900017142295,0.0019400685559958,-0.0134704643860459,0.203370526432991,0.2582569420337677,-0.273634135723114,-0.2326145768165588,0.2320142239332199,-0.3175687789916992,0.1714361757040023,0.5872002840042114,-0.117736704647541,-0.1458001881837844,0.5764368176460266,-0.1603012084960937
0.0232316777110099,-0.5786375999450684,-0.3128987550735473,0.1698918044567108,-0.4736151695251465,-0.0933639332652092,0.3697493076324463,-0.5339640378952026,-0.1666398495435714,-0.1646974682807922,-0.4669927954673767,-0.1391443759202957,-0.4046303927898407,-0.5189833045005798,-0.2348016053438186,0.4520786106586456,-0.7411764860153198,-0.3021070063114166,-0.4437536597251892,-0.7105892896652222,-0.363929808139801,0.114853024482727,-0.0023036829661577,0.0145273189991712,-0.1150379553437233,0.0019678785465657,-0.0135849453508853,0.2071409672498703,0.249366357922554,-0.2756842374801636,-0.2323039323091507,0.231301337480545,-0.3185663819313049,0.1734555959701538,0.5768982172012329,-0.1156065836548805,-0.1455818861722946,0.5730271935462952,-0.1572450548410415
0.022787757217884,-0.5687355399131775,-0.3204516768455505,0.1688492149114608,-0.472924530506134,-0.0964720249176025,0.3696679472923279,-0.534489095211029,-0.1653205156326294,-0.1647929698228836,-0.4635983109474182,-0.1438919007778167,-0.408866137266159,-0.5117058753967285,-0.239087626338005,0.4565736055374145,-0.7417381405830383,-0.2988373339176178,-0.447471410036087,-0.701177716255188,-0.3661986887454986,0.1149254813790321,-0.0022817417047917,0.014564860612154,-0.1151101365685463,0.0019509978592395,-0.0136220520362257,0.2090467065572738,0.2470779716968536,-0.2813227474689483,-0.233491912484169,0.2271012067794799,-0.3232396245002746,0.1734164208173751,0.5736367702484131,-0.1174541413784027,-0.1484835296869278,0.5689931511878967,-0.1568827033042907
0.0228414237499237,-0.5632363557815552,-0.3282687962055206,0.1684873700141906,-0.465225487947464,-0.107606828212738,0.3675488233566284,-0.5219146609306335,-0.1996568590402603,-0.1644000858068466,-0.4567583203315735,-0.1500261574983596,-0.408586323261261,-0.4945713579654693,-0.2458329647779464,0.4547233581542969,-0.7253735065460205,-0.3510076403617859,-0.4519950449466705,-0.6849111318588257,-0.3729923367500305,0.114982970058918,-0.0022384389303624,0.014584626071155,-0.1151616126298904,0.0019114632159471,-0.0136353056877851,0.2064627707004547,0.235765278339386,-0.2977035343647003,-0.2333810925483703,0.2149019837379455,-0.3332452476024627,0.1725345999002456,0.5633478164672852,-0.1449964940547943,-0.1486362367868423,0.5611395835876465,-0.1799656897783279
0.0228943452239036,-0.5646175742149353,-0.3261961638927459,0.1669458746910095,-0.4647933840751648,-0.1062028855085372,0.3658534288406372,-0.5137540698051453,-0.1939742416143417,-0.1651132702827453,-0.4563897550106048,-0.1495532095432281,-0.4115292131900787,-0.4854853749275207,-0.2441719025373459,0.4528399705886841,-0.7172200679779053,-0.3486077487468719,-0.4549542963504791,-0.6737596392631531,-0.3709999322891235,0.1150369793176651,-0.0025265507865697,0.0147879607975482,-0.1152104213833808,0.0022164015099406,-0.0138295115903019,0.2060785889625549,0.2199034988880157,-0.2994504570960998,-0.2314157336950302,0.217572808265686,-0.3305084407329559,0.174495592713356,0.5579932928085327,-0.1554551422595977,-0.1486555486917495,0.5625231266021729,-0.1793634295463562
0.020650926977396,-0.5550354719161987,-0.3286605775356293,0.1646733582019806,-0.4582385122776031,-0.110883854329586,0.3574667572975158,-0.4973200857639313,-0.2193562090396881,-0.1651915162801742,-0.4478122591972351,-0.1488303691148758,-0.4116376638412475,-0.4703996777534485,-0.249602124094963,0.4360084533691406,-0.6990065574645996,-0.3839708864688873,-0.454373687505722,-0.6601185202598572,-0.3864180445671081,0.1150901019573211,-0.0027423228602856,0.0143411280587315,-0.1152626276016235,0.0024322445970028,-0.013353512622416,0.2045776396989822,0.1976908594369888,-0.3181303143501282,-0.2283445298671722,0.1862985640764236,-0.3434988856315613,0.174377828836441,0.5344944596290588,-0.1988645642995834,-0.1481968760490417,0.5460029244422913,-0.2184261381626129
0.0104847140610218,-0.5309813022613525,-0.3606868386268616,0.164184957742691,-0.4455317854881286,-0.1447794735431671,0.3584144413471222,-0.4863905012607574,-0.2712190151214599,-0.165030762553215,-0.4364083111286163,-0.1705870330333709,-0.4065143167972564,-0.4458663463592529,-0.2840306758880615,0.4330037832260132,-0.6855313181877136,-0.4346762001514435,-0.4479341804981231,-0.634611964225769,-0.436238169670105,0.1151347383856773,-0.0024954974651336,0.013111581094563,-0.1153053864836692,0.0021813721396028,-0.0121335024014115,0.1875055432319641,0.2016014456748962,-0.3215443789958954,-0.2168783247470855,0.1751483678817749,-0.344029039144516,0.1650556027889251,0.5233526825904846,-0.1836664080619812,-0.153216615319252,0.5386701226234436,-0.2087591737508773
0.0079396301880478,-0.5154339075088501,-0.3701723515987396,0.164311796426773,-0.4410853385925293,-0.1556889414787292,0.3566994369029999,-0.4775095283985138,-0.2816204130649566,-0.1634413301944732,-0.4312380254268646,-0.1790628135204315,-0.405218094587326,-0.4364165663719177,-0.2936404049396515,0.42926687002182,-0.6737481951713562,-0.4417933821678161,-0.4453443586826324,-0.6199801564216614,-0.4453856647014618,0.1151550784707069,-0.0021989506203681,0.0119942612946033,-0.115325428545475,0.0018804559949785,-0.0109899407252669,0.1841876804828643,0.1930374652147293,-0.3197548985481262,-0.2174333930015564,0.1616903692483902,-0.35430708527565,0.1558284610509872,0.5088214874267578,-0.1779421269893646,-0.1566853076219558,0.526712954044342,-0.2156154960393905
0.0065743541345,-0.5066123604774475,-0.3711747527122497,0.1631005853414535,-0.4385847747325897,-0.1603557765483856,0.352688580751419,-0.4766055047512054,-0.2914724051952362,-0.1644134223461151,-0.4284254610538482,-0.1812630444765091,-0.410057783126831,-0.4335123300552368,-0.3037408888339996,0.4224442839622497,-0.6672435998916626,-0.4522982239723205,-0.4473069906234741,-0.6141107678413391,-0.4640712141990661,0.1151842921972274,-0.0021778885275125,0.0110845072194933,-0.1153523251414299,0.0018607092788442,-0.0100387521088123,0.1770809292793274,0.1789524406194687,-0.3269090950489044,-0.2177526354789734,0.1500072330236435,-0.3578472137451172,0.1510090827941894,0.4958590269088745,-0.188950702548027,-0.1623226106166839,0.5175721049308777,-0.225237637758255
-0.0052859033457934,-0.5098757743835449,-0.3678480982780456,0.1618226468563079,-0.4369756877422333,-0.1591562032699585,0.3498744368553161,-0.4630542993545532,-0.2992560565471649,-0.1667115986347198,-0.427127480506897,-0.1790927201509475,-0.4116950035095215,-0.4214943647384643,-0.303166002035141,0.4117075502872467,-0.6521403193473816,-0.4591477215290069,-0.4467515647411346,-0.5957044363021851,-0.4636065363883972,0.1153458282351493,-0.0018994162091985,0.0079494398087263,-0.1155054718255996,0.0015774040948599,-0.0068447762168943,0.1648142635822296,0.168299600481987,-0.3360123038291931,-0.2222716957330703,0.1291405409574508,-0.3583163022994995,0.1479412764310836,0.4769147038459778,-0.1892340630292892,-0.1749228090047836,0.4958271384239197,-0.2225284278392791
-0.0059396941214799,-0.5058376789093018,-0.3754739165306091,0.1614014059305191,-0.4254553020000458,-0.1680645644664764,0.3471244275569916,-0.432464987039566,-0.3167932331562042,-0.1681775897741317,-0.4203943014144897,-0.1841919720172882,-0.415225625038147,-0.4106839001178741,-0.3217517435550689,0.3998132646083832,-0.6083059906959534,-0.4832163155078888,-0.4460377693176269,-0.5772799849510193,-0.4856605529785156,0.1154029667377471,-0.0017637001583352,0.0058373878709971,-0.1155694127082824,0.0014405184192582,-0.0047204094007611,0.1573471426963806,0.1660708487033844,-0.3438920378684997,-0.2245469540357589,0.1241528838872909,-0.3591035008430481,0.1456950008869171,0.4737033545970917,-0.1969732791185379,-0.1784198582172393,0.4894044399261474,-0.2209070473909378
-0.0065258732065558,-0.4846157431602478,-0.3824729919433594,0.1585542261600494,-0.42144376039505,-0.1716887503862381,0.3377408385276794,-0.4248118996620178,-0.3183851540088653,-0.1700270026922226,-0.4185025095939636,-0.1870684325695037,-0.4217858612537384,-0.4096874296665191,-0.3234522342681885,0.3947438597679138,-0.599091112613678,-0.4874311685562134,-0.4491825103759765,-0.5746609568595886,-0.4877806007862091,0.1153494343161583,-0.0017421989468857,0.0050661130808293,-0.1155212000012397,0.0014188811182975,-0.0039488468319177,0.1594613492488861,0.1538678407669067,-0.3440292775630951,-0.2267856150865554,0.1198355183005333,-0.3609327673912048,0.1462336033582687,0.4646497368812561,-0.1953406184911728,-0.1772573739290237,0.4841503500938415,-0.2200275510549545
-0.0081486040726304,-0.4709649682044983,-0.3823393881320953,0.1568011343479156,-0.4205613434314728,-0.1717173159122467,0.3383750319480896,-0.4192952215671539,-0.3205808699131012,-0.1736111789941787,-0.4189366102218628,-0.1868748068809509,-0.426776111125946,-0.4089702665805816,-0.320158988237381,0.3959580361843109,-0.5918802618980408,-0.4862449169158935,-0.4517929255962372,-0.5650457143783569,-0.4815574884414673,0.1153692156076431,-0.0016338741406798,0.0030846463050693,-0.1155399829149246,0.0013152855681255,-0.002004271140322,0.1453680843114853,0.1156714782118797,-0.3612397313117981,-0.2281639277935028,0.1005200371146202,-0.3632182776927948,0.1409769356250763,0.4377441704273224,-0.2186518460512161,-0.1804587990045547,0.4609473049640655,-0.2233754992485046
-0.0161073394119739,-0.4458348751068115,-0.410354882478714,0.1534844040870666,-0.4061878025531769,-0.1950434297323227,0.3350975811481476,-0.4019080698490143,-0.3474897146224975,-0.1756948381662368,-0.4142504930496216,-0.2130976915359497,-0.4263978600502014,-0.3951095044612884,-0.351424366235733,0.3955656886100769,-0.573221743106842,-0.50899738073349,-0.4517114162445068,-0.5370923280715942,-0.5116257071495056,0.1151401847600936,-0.0009014406241476,0.0030189305543899,-0.1153221726417541,0.000578707549721,-0.0019436058355495,0.1360085904598236,0.1279104351997375,-0.3578363060951233,-0.2300960272550583,0.1042278185486793,-0.3635345101356506,0.1340302377939224,0.4427601993083954,-0.2045075595378875,-0.185789480805397,0.4595120847225189,-0.206670731306076
-0.0212772265076637,-0.4370026886463165,-0.417630136013031,0.1529157608747482,-0.4017143547534942,-0.2033502012491226,0.3331468403339386,-0.3955788016319275,-0.361452043056488,-0.1792370229959488,-0.4123680889606476,-0.2166115790605545,-0.4268295466899872,-0.3912408649921417,-0.3538057506084442,0.3899292647838592,-0.5661076307296753,-0.5226291418075562,-0.4525126814842224,-0.5336803793907166,-0.511182427406311,0.1151909604668617,-0.0005424619885161,0.0006681207451038,-0.1153805702924728,0.000224217728828,0.0003477373393252,0.1240309625864029,0.1125109940767288,-0.3618349730968475,-0.2331090867519378,0.0961623042821884,-0.3603637516498565,0.1296182572841644,0.4280575513839721,-0.2066074162721634,-0.1884694993495941,0.4452096223831177,-0.2006566822528839
-0.0263637918978929,-0.4385793507099151,-0.4236640334129333,0.1524040699005127,-0.3987407982349396,-0.2095165848731994,0.3334250152111053,-0.3994273543357849,-0.3724303245544433,-0.1799766570329666,-0.4083533883094787,-0.2244995087385177,-0.4266122281551361,-0.3929257392883301,-0.3689890801906585,0.389750987291336,-0.5657249689102173,-0.535752534866333,-0.4532918334007263,-0.5342366099357605,-0.5250544548034668,0.1151861175894737,-0.0002644321066327,0.0004527597047854,-0.1153794899582862,-4.549714140011929e-05,0.0005545337917283,0.1243774145841598,0.1177682429552078,-0.3634572625160217,-0.2363965511322021,0.0961185246706008,-0.3602067828178406,0.1244120150804519,0.431944340467453,-0.2056821882724762,-0.1879167258739471,0.4438363313674927,-0.1955140531063079
-0.025473004207015,-0.4303298890590668,-0.4229219555854797,0.1528787165880203,-0.3963609039783478,-0.206358253955841,0.3419004678726196,-0.3987887501716614,-0.3673522770404815,-0.1792537719011306,-0.4053135812282562,-0.2245260775089264,-0.4211077988147735,-0.3864156901836395,-0.3676969408988952,0.395842045545578,-0.5659703016281128,-0.5326452851295471,-0.4505243301391601,-0.532613217830658,-0.525709331035614,0.1151559203863143,-1.6857484297361225e-05,0.0006071164971217,-0.1153537929058075,-0.0002844134287443,0.0003891348314937,0.1256297081708908,0.1072080060839653,-0.368586778640747,-0.2348247319459915,0.0884858965873718,-0.3631656765937805,0.1236105486750602,0.4198700785636902,-0.2051211148500442,-0.1877418607473373,0.4333725869655609,-0.1958292871713638
-0.0254076495766639,-0.4331238269805908,-0.4213980436325073,0.1499454379081726,-0.3971097469329834,-0.2052913457155227,0.3361529111862182,-0.3999321162700653,-0.3665511012077331,-0.1817913055419922,-0.4056590497493744,-0.2236807644367218,-0.4211910367012024,-0.3835880160331726,-0.3654927909374237,0.3920507133007049,-0.5685942769050598,-0.5292320847511292,-0.4496955275535583,-0.5333629846572876,-0.5221169590950012,0.1151725575327873,5.846855401614448e-06,0.0004514368192758,-0.1153692230582237,-0.0003054404514841,0.0005525956512428,0.1267412453889846,0.082793615758419,-0.3767628073692322,-0.2347102016210556,0.0759659558534622,-0.3651815056800842,0.1248413994908332,0.4022373259067535,-0.2173387706279754,-0.1875376254320144,0.4206015467643738,-0.2032815963029861
-0.0254530571401119,-0.4253019392490387,-0.4241482317447662,0.1536944359540939,-0.3901093304157257,-0.2096489667892456,0.336955577135086,-0.3854655921459198,-0.3739623725414276,-0.1810534447431564,-0.3943338990211487,-0.2264014482498169,-0.4174875319004059,-0.3615370988845825,-0.3681011199951172,0.3930452167987823,-0.5673089027404785,-0.5361319184303284,-0.453680545091629,-0.5143279433250427,-0.5279556512832642,0.1154312491416931,0.0003740728134289,0.0006176581373438,-0.1156498491764068,-0.0006701261736452,0.0003713414480444,0.1114671006798744,0.0900261551141738,-0.375313937664032,-0.2345205545425415,0.0694550648331642,-0.3651303052902221,0.1160647124052047,0.4019823372364044,-0.2135797888040542,-0.1868653446435928,0.4152299165725708,-0.2022178620100021
-0.0242594927549362,-0.4162452816963196,-0.4268397390842438,0.1547450274229049,-0.3852394521236419,-0.2152108997106552,0.3372518122196197,-0.382593959569931,-0.3793861865997314,-0.1809834837913513,-0.3852813243865967,-0.2290914803743362,-0.4150912463665008,-0.3466921150684356,-0.369404524564743,0.393486887216568,-0.5600149631500244,-0.5373045802116394,-0.4490504562854767,-0.5012523531913757,-0.5275517106056213,0.1154505684971809,0.0003851762448903,0.000815161387436,-0.1156680807471275,-0.000676212424878,0.0001743058674037,0.1169061362743377,0.0670848786830902,-0.3747599720954895,-0.2324020266532898,0.0634692758321762,-0.3650681972503662,0.1169883608818054,0.3870794177055359,-0.2128349691629409,-0.1792058795690536,0.4047920107841491,-0.2001751363277435
-0.0243111588060855,-0.4150362610816955,-0.4304727911949157,0.154760792851448,-0.37990602850914,-0.2191255688667297,0.3364883959293365,-0.3743501901626587,-0.3800225257873535,-0.1809507608413696,-0.381634384393692,-0.2304833531379699,-0.4152961075305938,-0.3405013382434845,-0.3725728690624237,0.3969956636428833,-0.5471690893173218,-0.5384078621864319,-0.4488477110862732,-0.4919412136077881,-0.5364124178886414,0.115551620721817,0.0004709352215286,0.0008161048172041,-0.1157682389020919,-0.0007547123241238,0.0001747805654304,0.1164240539073944,0.06901665776968,-0.3747135996818542,-0.2336361408233642,0.0604311265051364,-0.3647522032260895,0.1168844103813171,0.3842338323593139,-0.2124554812908172,-0.1810717135667801,0.4016759991645813,-0.1986054182052612
-0.0251185204833745,-0.4161087870597839,-0.4306716322898865,0.1549634337425232,-0.3810166418552398,-0.2191649824380874,0.3383804857730865,-0.3760964274406433,-0.3815736472606659,-0.1809109151363372,-0.3812153935432434,-0.2304395139217376,-0.4151440262794494,-0.3383186757564544,-0.3724995851516723,0.3986691534519195,-0.5424399375915527,-0.5401706695556641,-0.4488504230976105,-0.4843076467514038,-0.5371590256690979,0.1156255379319191,0.0005022957338951,0.0007658040267415,-0.1158400997519493,-0.0007847094675526,0.0002278927131555,0.1109039187431335,0.0615095309913158,-0.3746511042118072,-0.2338284105062484,0.0576160661876201,-0.3617275953292846,0.1157182455062866,0.3736796379089355,-0.2117719054222107,-0.1865195035934448,0.3984101414680481,-0.1947817951440811
-0.0259092468768358,-0.4236850142478943,-0.4304120242595672,0.1564650982618332,-0.3810712993144989,-0.2196838408708572,0.3425195217132568,-0.3757370114326477,-0.3805863559246063,-0.1804636418819427,-0.3775880336761474,-0.2296243906021118,-0.4160355031490326,-0.330430805683136,-0.3709154427051544,0.406017541885376,-0.5408624410629272,-0.5320500731468201,-0.4492039978504181,-0.4800660610198974,-0.536278247833252,0.1157789230346679,0.0005907351733185,0.0001399843313265,-0.1159950196743011,-0.0008565439493395,0.0008441804675385,0.1029258668422699,0.0544574297964572,-0.3747303485870361,-0.2320513874292373,0.0519304722547531,-0.3550266325473785,0.1146430298686027,0.3626337647438049,-0.2122058868408203,-0.188392773270607,0.3919681012630462,-0.1937662363052368
-0.0322606861591339,-0.405347466468811,-0.4449414908885956,0.1547073274850845,-0.3745371103286743,-0.2286933958530426,0.3418266773223877,-0.3689280152320862,-0.3892735242843628,-0.1811965256929397,-0.3718656003475189,-0.2359160780906677,-0.4160592555999756,-0.3194425702095032,-0.3757937252521515,0.4034358561038971,-0.5378869771957397,-0.541479229927063,-0.4459361433982849,-0.4648932218551636,-0.5468578934669495,0.1158025786280632,0.0012862669536843,-4.81235001643654e-05,-0.1160186529159545,-0.0015283222310245,0.0010413185227662,0.1036778092384338,0.0524827763438224,-0.3750755786895752,-0.2309101372957229,0.0469155311584472,-0.3578483164310455,0.1133129820227623,0.3607406318187713,-0.2149899005889892,-0.1892290413379669,0.3875660896301269,-0.1984409093856811
-0.0320903770625591,-0.3990292549133301,-0.4534170627593994,0.1547043472528457,-0.3682858645915985,-0.2338998168706894,0.3361367583274841,-0.3608908653259277,-0.3941397070884704,-0.1818735301494598,-0.3666450083255768,-0.2415085136890411,-0.4165373146533966,-0.3156254887580871,-0.3830633759498596,0.3987107872962951,-0.5358906388282776,-0.5463236570358276,-0.4447073638439178,-0.460399717092514,-0.5558415651321411,0.1158384010195732,0.0013229049509391,-0.000523429189343,-0.1160570085048675,-0.0015628400724381,0.0015133117558434,0.1018161922693252,0.0492728315293788,-0.3698993623256683,-0.2281983792781829,0.0481952428817749,-0.3525148630142212,0.1128422170877456,0.3614626824855804,-0.2148476243019104,-0.1888715326786041,0.3890280723571777,-0.1978225857019424
-0.033606618642807,-0.3875201642513275,-0.4604313969612121,0.1539978832006454,-0.3663084208965301,-0.2410150468349456,0.3325536549091339,-0.3601087629795074,-0.4001308083534241,-0.1818703562021255,-0.3640147447586059,-0.2445286810398101,-0.4165100753307342,-0.3089622557163238,-0.3863487839698791,0.3940382599830627,-0.5336481928825378,-0.5504074692726135,-0.4446315765380859,-0.4494017958641052,-0.5614798069000244,0.1156065613031387,0.0013495859457179,-0.0010813904227688,-0.1158333867788314,-0.0015868423506617,0.002079352736473,0.1019788160920143,0.0460546799004077,-0.3631846308708191,-0.228187084197998,0.0489451065659523,-0.349210262298584,0.1130381301045417,0.3621816039085388,-0.2171599417924881,-0.1885397136211395,0.3895852565765381,-0.19989874958992
-0.0360874757170677,-0.3901561498641968,-0.4584066271781921,0.1521436721086502,-0.3673878908157348,-0.2404154986143112,0.3324105739593506,-0.3657228648662567,-0.3989483714103699,-0.1825643628835678,-0.3646757900714874,-0.2439836859703064,-0.4202203750610351,-0.310107946395874,-0.3856387436389923,0.3914852738380432,-0.5366905927658081,-0.5492833852767944,-0.4447965323925018,-0.4504111707210541,-0.5597426295280457,0.1154067739844322,0.001265007071197,-0.0016359534347429,-0.1156339570879936,-0.0014938623644411,0.0026131947524845,0.1075779423117637,0.0343144498765468,-0.3612281084060669,-0.2280816733837127,0.0482185967266559,-0.3479250371456146,0.1135935708880424,0.3603132665157318,-0.2195345610380172,-0.1875433027744293,0.3901346027851105,-0.201230376958847
-0.0382576920092105,-0.3912813067436218,-0.457323282957077,0.1494490355253219,-0.3724784553050995,-0.2397263795137405,0.3305576741695404,-0.36712247133255,-0.3982813358306885,-0.1837053745985031,-0.3669189214706421,-0.2430174797773361,-0.420195609331131,-0.3113940954208374,-0.3842297196388244,0.3812458217144012,-0.5357636213302612,-0.5487707257270813,-0.4480814635753631,-0.4486266374588012,-0.5590384602546692,0.1151399612426757,0.0013065470848232,-0.0044964672997593,-0.1153702810406684,-0.0015377496602013,0.0055016363039612,0.0974068120121955,0.0361041389405727,-0.3663747310638428,-0.2317900657653808,0.0354167856276035,-0.3450499475002289,0.113520860671997,0.3543667197227478,-0.2251366972923278,-0.1893146336078643,0.3811923861503601,-0.2016160488128662
-0.0468290671706199,-0.3916500210762024,-0.44960418343544,0.145488440990448,-0.3755738437175751,-0.2394786775112152,0.3290498554706573,-0.3683121800422668,-0.3979946374893188,-0.1847353726625442,-0.3674356639385223,-0.2303241938352584,-0.4251127243041992,-0.3083477616310119,-0.3663696944713592,0.3699463903903961,-0.5307974815368652,-0.5483255386352539,-0.4529376626014709,-0.4380202293395996,-0.5432294011116028,0.1143778935074806,0.0013329737121239,-0.0096857417374849,-0.1146390661597251,-0.0015626789536327,0.0106250112876296,0.0707456842064857,0.0372111313045024,-0.378680408000946,-0.2367080152034759,0.0206076893955469,-0.333828330039978,0.1117108687758445,0.3360164761543274,-0.2219642847776413,-0.1904594749212265,0.3688202500343323,-0.1841970831155777
-0.0585260987281799,-0.4026185572147369,-0.4433516263961792,0.1436557620763778,-0.3775225877761841,-0.2391109466552734,0.3274046778678894,-0.3684366047382355,-0.3977716267108917,-0.1871368438005447,-0.3689370155334472,-0.2274615615606308,-0.4275176525115967,-0.3063107430934906,-0.3628675043582916,0.3627693653106689,-0.5234026312828064,-0.5480770468711853,-0.4562830030918121,-0.4365333914756775,-0.5351816415786743,0.1143875569105148,0.0024499865248799,-0.0099593410268425,-0.1146534606814384,-0.0026889545843005,0.0108899399638175,0.0676407516002655,0.0625520795583725,-0.3824423253536224,-0.2424031347036361,0.0223225317895412,-0.3346791267395019,0.1101278364658355,0.3380192518234253,-0.1904695928096771,-0.1954063326120376,0.3700141906738281,-0.1593307852745056
-0.0644275546073913,-0.3991532623767853,-0.4433018267154693,0.1401320695877075,-0.3792143166065216,-0.2388915866613388,0.3263014256954193,-0.3740020394325256,-0.4042293131351471,-0.1937887817621231,-0.3618142306804657,-0.2271978259086609,-0.4359478652477264,-0.3042612075805664,-0.3632692396640777,0.3446971476078033,-0.5227690935134888,-0.5579296946525574,-0.4708805382251739,-0.4347058832645416,-0.5354892611503601,0.1148490011692047,0.0019573292229324,-0.0095095410943031,-0.1150821670889854,-0.0021741075906902,0.0104511445388197,0.0705781206488609,0.0294763930141925,-0.3957642018795013,-0.2491088658571243,0.0169504899531602,-0.3436177968978882,0.0965237542986869,0.3326269686222076,-0.2124866694211959,-0.2041428685188293,0.3585169315338135,-0.1667664498090744
-0.0602758564054966,-0.3986614644527435,-0.4433017671108246,0.1408000141382217,-0.3798613846302032,-0.2335181534290313,0.3265162706375122,-0.3742163479328155,-0.4036742746829986,-0.1932967156171798,-0.3609745502471924,-0.227089986205101,-0.4355734288692474,-0.3044433295726776,-0.3658092021942138,0.341948390007019,-0.5208122134208679,-0.5581392049789429,-0.4703443348407745,-0.4354197680950165,-0.5364516377449036,0.1152009442448616,0.0016553772147744,-0.0075022680684924,-0.1154243052005767,-0.0018647392280399,0.0084236757829785,0.101569540798664,0.0259094685316085,-0.3959863185882568,-0.2478725016117096,0.0149156739935278,-0.3559087812900543,0.1025090813636779,0.3296116888523102,-0.2125426977872848,-0.203896552324295,0.3562619984149933,-0.1762901097536087
-0.0593680813908577,-0.3979647755622864,-0.4406317472457886,0.1392320394515991,-0.3845156729221344,-0.2322005629539489,0.3233809769153595,-0.3759794533252716,-0.4034864008426666,-0.1948673576116562,-0.3611432015895843,-0.2237730026245117,-0.4351063072681427,-0.3035761415958404,-0.3608140051364898,0.3380363285541534,-0.519413411617279,-0.5610329508781433,-0.4717080295085907,-0.433269739151001,-0.5321770906448364,0.1152265965938568,0.000972400419414,-0.007560471072793,-0.1154491975903511,-0.0011811485746875,0.0084953531622886,0.1021478772163391,0.0260553956031799,-0.3953271210193634,-0.247366800904274,0.0159324035048484,-0.3542303144931793,0.107663981616497,0.3294482231140136,-0.214720070362091,-0.203385055065155,0.3577084839344024,-0.1781924813985824
-0.0588764175772666,-0.394518107175827,-0.4381689131259918,0.1381379961967468,-0.3904184401035309,-0.2278676629066467,0.3133408427238464,-0.3776136636734009,-0.3973703682422638,-0.1956378668546676,-0.362941563129425,-0.2199128419160843,-0.4349120557308197,-0.3011196255683899,-0.3581763803958893,0.3314156234264374,-0.5198123455047607,-0.5593797564506531,-0.4716372787952423,-0.4319128096103668,-0.5287564992904663,0.1154181361198425,0.0007682788418605,-0.0073800706304609,-0.1156410425901413,-0.0009802577551454,0.0083210840821266,0.101462721824646,0.0226771831512451,-0.4077291190624237,-0.2483195960521698,0.0075119035318493,-0.360293447971344,0.1077975779771804,0.3180852234363556,-0.2146150320768356,-0.2028698027133941,0.3479285538196563,-0.1800752282142639
-0.0585628859698772,-0.3945057392120361,-0.4326696395874023,0.1381688714027404,-0.3920241892337799,-0.2184367924928665,0.3139226734638214,-0.3770058155059814,-0.3818390369415283,-0.1959354728460312,-0.3664203584194183,-0.2130287736654281,-0.4310443997383117,-0.3007546067237854,-0.3485283553600311,0.3334627747535705,-0.5199178457260132,-0.5397933721542358,-0.4721418023109436,-0.4239522516727447,-0.5211875438690186,0.1155039891600608,0.0004133277980145,-0.0069933570921421,-0.1157174408435821,-0.0006174363661557,0.0079289767891168,0.1042370721697807,-0.0058817593380808,-0.4070962071418762,-0.2496291548013687,-0.0014060729881748,-0.3608369529247284,0.1078809276223182,0.3044852018356323,-0.2168586701154709,-0.1997122168540954,0.3339114189147949,-0.1820593625307083
-0.0509920939803123,-0.3939253687858581,-0.428542822599411,0.1394051909446716,-0.3964650630950928,-0.2091397792100906,0.3160453736782074,-0.3776259124279022,-0.3652622103691101,-0.195826768875122,-0.3704028129577636,-0.2094720304012298,-0.4330021739006042,-0.3008176982402801,-0.3381724953651428,0.3360520601272583,-0.5211294889450073,-0.5274657011032104,-0.4722418189048767,-0.4239348471164703,-0.508050262928009,0.1157149150967598,0.0002566259063314,-0.0057443403638899,-0.1159116104245185,-0.0004606775182764,0.0067314645275473,0.1211840510368347,-0.0053117591887712,-0.4017896354198456,-0.2469855099916458,-0.0067447628825902,-0.36432084441185,0.111247219145298,0.3053480982780456,-0.2201631218194961,-0.1983113288879394,0.331151396036148,-0.1981037259101867
-0.0436151809990406,-0.3856524229049682,-0.4274185597896576,0.1406536400318145,-0.395142138004303,-0.2040473371744156,0.3252860903739929,-0.3752180933952331,-0.3626067340373993,-0.195369690656662,-0.3674940764904022,-0.2099459022283554,-0.4282435178756714,-0.2977001070976257,-0.3390719294548034,0.3381249010562897,-0.5190062522888184,-0.5266846418380737,-0.4711205065250397,-0.4232183694839477,-0.5068554282188416,0.1157810017466545,-0.0006322449771687,-0.0026989188045263,-0.1159742847084999,0.0004240965936332,0.0036685587838292,0.1322193592786789,-0.0210238005965948,-0.4015971720218658,-0.2449449449777603,-0.0064895888790488,-0.3689812421798706,0.1133388057351112,0.295830488204956,-0.2201980203390121,-0.194106638431549,0.3247799277305603,-0.1997878700494766
-0.0420697852969169,-0.3753218054771423,-0.4312430620193481,0.1408055573701858,-0.3890239298343658,-0.2044957727193832,0.3218682408332824,-0.3612626791000366,-0.3646895289421081,-0.1948957592248916,-0.3591615855693817,-0.2150419950485229,-0.4253745377063751,-0.2820874750614166,-0.3416418731212616,0.3382427394390106,-0.5101602673530579,-0.5279169082641602,-0.4709532558917999,-0.4176888763904571,-0.507839560508728,0.1159436106681823,-0.0010816371068358,-0.0013984964461997,-0.1161422282457351,0.0008516442030668,0.002410182962194,0.1330886930227279,-0.0186391659080982,-0.4012728929519653,-0.2464017868041992,-0.0056306333281099,-0.3733698725700378,0.1132212206721305,0.2941013872623443,-0.2171092182397842,-0.19294373691082,0.3260598480701446,-0.2010978907346725
-0.041308082640171,-0.3740801513195038,-0.432704746723175,0.1404234021902084,-0.3876589238643646,-0.2051684409379959,0.3171235918998718,-0.3556797206401825,-0.3653506934642792,-0.1955888420343399,-0.3582950830459595,-0.2156894356012344,-0.4254322648048401,-0.280913382768631,-0.3428129255771637,0.3371881544589996,-0.5046012997627258,-0.528891921043396,-0.4717217087745666,-0.4148587584495544,-0.5087827444076538,0.1161081716418266,-0.0013358069118112,-0.0010769824730232,-0.1163068935275077,0.0011002999963238,0.0020982371643185,0.1322703063488006,-0.0168934725224971,-0.4025388956069946,-0.2466655820608139,-0.0068561271764338,-0.3757312297821045,0.1142667755484581,0.2937104403972626,-0.2172786295413971,-0.1927615404129028,0.3259158432483673,-0.2017897665500641
-0.0380631983280181,-0.3729965388774872,-0.4320628941059112,0.140897586941719,-0.3863566815853119,-0.2030522376298904,0.3156422972679138,-0.3527447879314422,-0.3586806654930115,-0.1933469623327255,-0.357694923877716,-0.2148420065641403,-0.4250512719154358,-0.2801974415779114,-0.3433185219764709,0.3368703722953796,-0.5025878548622131,-0.5260446667671204,-0.4675715267658233,-0.4140444099903106,-0.5093943476676941,0.1161483079195022,-0.0015525602502748,0.0001306355989072,-0.1163463220000267,0.001302917022258,0.0009097683359868,0.1385830193758011,-0.0206923484802246,-0.402895450592041,-0.246434211730957,-0.0085431272163987,-0.3810937404632568,0.1145685240626335,0.2918302118778229,-0.217234194278717,-0.1904514729976654,0.3217753171920776,-0.2032364159822464
-0.0363185554742813,-0.3707313239574432,-0.4334700405597687,0.1406189948320388,-0.3877916634082794,-0.2054666429758072,0.3215930461883545,-0.36013263463974,-0.3620469868183136,-0.1935878843069076,-0.3568668365478515,-0.2183205336332321,-0.4244661927223205,-0.280710220336914,-0.3471740782260895,0.3385926485061645,-0.5029562711715698,-0.531826376914978,-0.4647129476070404,-0.4185094833374023,-0.5095973014831543,0.1160536557435989,-0.0025430126115679,0.0001708280324237,-0.1162522137165069,0.0022826723288744,0.0008569813799113,0.1370124369859695,-0.0510359443724155,-0.402767539024353,-0.2530893087387085,-0.0155105777084827,-0.3791360855102539,0.1114454418420791,0.276754081249237,-0.2171215265989303,-0.1874266415834427,0.3120592534542084,-0.1997642666101455
-0.0319659113883972,-0.3710708618164062,-0.432357519865036,0.1428615003824234,-0.3855395019054413,-0.2054574489593505,0.3229573667049408,-0.3576506972312927,-0.3625020980834961,-0.1907901465892791,-0.3570214807987213,-0.2178369760513305,-0.4164218008518219,-0.2809872031211853,-0.3473392128944397,0.3407762348651886,-0.5033060312271118,-0.5328513979911804,-0.4617629051208496,-0.4181830585002899,-0.5099536180496216,0.1161031499505043,-0.0025955170858651,0.0003167419636156,-0.1162978485226631,0.0023355004377663,0.0007081285584717,0.1395080089569091,-0.0382744781672954,-0.4023609161376953,-0.2446695268154144,-0.0124749345704913,-0.3787001073360443,0.1126885935664177,0.2850504517555237,-0.2177278697490692,-0.1802600026130676,0.3148441016674042,-0.1997567266225814
-0.0327537171542644,-0.3686451017856598,-0.4452514350414276,0.1441211104393005,-0.3849414587020874,-0.2162922024726867,0.3332081139087677,-0.3610895276069641,-0.3685416877269745,-0.1907792091369629,-0.3552951216697693,-0.2268364876508712,-0.4181676805019378,-0.2800344824790954,-0.3621272146701813,0.3440487384796142,-0.5015863180160522,-0.5356187224388123,-0.461934745311737,-0.4072177112102508,-0.5334354639053345,0.1161610707640647,-0.002541147172451,0.0003237804048694,-0.1163571551442146,0.0022847186774015,0.0007007922395132,0.1178924962878227,-0.0355927199125289,-0.4207257330417633,-0.2466973066329956,-0.0129305077716708,-0.38474240899086,0.1080179139971733,0.2785615622997284,-0.2223594784736633,-0.1821312457323074,0.3060381412506103,-0.1996243596076965
-0.0328649245202541,-0.3778718709945678,-0.4420855343341827,0.1444669067859649,-0.384356290102005,-0.215660735964775,0.3355041742324829,-0.3653853833675384,-0.3685015141963959,-0.1908414363861084,-0.355347990989685,-0.223629355430603,-0.419732928276062,-0.2800750136375427,-0.3596024513244629,0.345581591129303,-0.5059754252433777,-0.5276685357093811,-0.4615427553653717,-0.4068425297737121,-0.532100260257721,0.1162403151392936,-0.0021748086437582,1.134017566073453e-05,-0.116431176662445,0.0019485292723402,0.0009934845147654,0.1140064224600792,-0.0005575521499849,-0.4193377792835235,-0.2228883057832718,-0.0090117212384939,-0.3827603757381439,0.1080419048666954,0.2898051142692566,-0.2200376242399215,-0.1828854382038116,0.3134393692016601,-0.1989100128412246
-0.032748095691204,-0.3771419823169708,-0.4509652256965637,0.1455937772989273,-0.3805454075336456,-0.2300675511360168,0.3317686021327972,-0.3642275929450989,-0.390140175819397,-0.1876936256885528,-0.3553934395313263,-0.2323844134807586,-0.4176624715328216,-0.2807797491550445,-0.3724909126758575,0.3398512899875641,-0.5053632855415344,-0.5480082631111145,-0.4486306309700012,-0.4124613106250763,-0.5456531047821045,0.1160763278603553,-0.0005865353159606,-0.0022596945054829,-0.1162983924150466,0.0003366674936842,0.003245024010539,0.0879556760191917,0.03320774435997,-0.4138009548187256,-0.2257289737462997,-0.0057656681165099,-0.3607008457183838,0.1072801128029823,0.2951184809207916,-0.1867184042930603,-0.1834879666566848,0.315010517835617,-0.161021739244461
-0.0324844606220722,-0.3650977909564972,-0.4645890891551971,0.1488750129938125,-0.3776830732822418,-0.2411933839321136,0.3319517374038696,-0.3642066121101379,-0.4060471951961517,-0.1839092522859573,-0.3515640795230865,-0.2468535751104354,-0.4165442585945129,-0.2803078293800354,-0.3909471035003662,0.3398640155792236,-0.5042476654052734,-0.5665823817253113,-0.4445171356201172,-0.4161693751811981,-0.5554290413856506,0.116044633090496,-1.7741274859872647e-05,-0.0013673936482518,-0.1162768080830574,-0.0002323222579434,0.0023654671385884,0.0894617885351181,0.0385193303227424,-0.4100067317485809,-0.2200813442468643,0.000123633275507,-0.3669773936271667,0.1072620376944542,0.3021460175514221,-0.1851540356874466,-0.1831217408180236,0.3199324905872345,-0.1668758243322372
-0.0330834314227104,-0.3654383420944214,-0.4486083090305328,0.1487454921007156,-0.3836845755577087,-0.2260927408933639,0.3319213390350342,-0.3659217059612274,-0.381784975528717,-0.1853844374418258,-0.352479875087738,-0.2330517172813415,-0.4182946979999542,-0.2810261249542236,-0.3649536669254303,0.3420535624027252,-0.5042110085487366,-0.5448638796806335,-0.4477033317089081,-0.4169921875,-0.5308359265327454,0.1162521541118621,-0.0001986772113014,-0.0003977402520831,-0.1164742857217788,-4.761226591654122e-05,0.0014413330936804,0.0994599536061286,0.0320983231067657,-0.4054070115089416,-0.2211160957813263,0.0020014105830341,-0.3741704821586609,0.1084245890378952,0.3064414858818054,-0.1929819881916046,-0.1870313137769699,0.328619509935379,-0.1873438656330108
-0.0348651744425296,-0.3656189441680908,-0.4494094848632812,0.1494124382734298,-0.3840374946594238,-0.2334698140621185,0.3305676579475403,-0.3668966591358185,-0.393463522195816,-0.1852269619703292,-0.3577044010162353,-0.233128935098648,-0.4183484017848968,-0.2879208624362945,-0.3645206391811371,0.3416635990142822,-0.5053474307060242,-0.5526435971260071,-0.448103129863739,-0.4210039675235748,-0.5303125381469727,0.1162475422024726,0.0006437320262193,-0.002394292037934,-0.116476222872734,-0.0009164331713691,0.0034597436897456,0.0911514833569526,0.0564485304057598,-0.4020401835441589,-0.2232435345649719,0.0067794788628816,-0.3698069155216217,0.1082501262426376,0.3250612616539001,-0.1912758499383926,-0.18894724547863,0.3427368700504303,-0.183909997344017
-0.0428069084882736,-0.3677570819854736,-0.4513426423072815,0.1470802277326584,-0.3869384527206421,-0.2465175539255142,0.3263593912124634,-0.3702020347118377,-0.4055751264095306,-0.1857210993766784,-0.3651508688926697,-0.2363444417715072,-0.4188953936100006,-0.2895994484424591,-0.3635583221912384,0.3397887349128723,-0.5077171325683594,-0.5613750219345093,-0.4497132301330566,-0.4242289960384369,-0.524636447429657,0.1154141947627067,0.0032943140249699,-0.0053933477029204,-0.1156768128275871,-0.0036569826770573,0.0064905602484941,0.070323459804058,0.09562548995018,-0.3752056956291199,-0.2283882945775985,0.0182476341724395,-0.345300555229187,0.106388933956623,0.3474397957324981,-0.147307202219963,-0.1916370689868927,0.3654575645923614,-0.1447157710790634
-0.0409148707985878,-0.3701735436916351,-0.4489240944385528,0.1478539109230041,-0.3880823850631714,-0.2420775890350341,0.3263625502586365,-0.3716051578521728,-0.4008024632930755,-0.1857728213071823,-0.3661340177059173,-0.235535979270935,-0.4189459085464477,-0.2922527194023132,-0.3633340001106262,0.3418033123016357,-0.5086709260940552,-0.5568159818649292,-0.4498511552810669,-0.4282088279724121,-0.5222827196121216,0.1155980378389358,0.0032001929357647,-0.0051554492674767,-0.115865334868431,-0.0035573898348957,0.0062491595745086,0.0982993319630622,0.0813243091106414,-0.3772390186786651,-0.2286480069160461,0.0210646912455558,-0.3573758006095886,0.1085242182016372,0.3494117558002472,-0.1622321903705597,-0.1885128319263458,0.3661416471004486,-0.1645550429821014
-0.0396870635449886,-0.3725292086601257,-0.4478937089443207,0.1486676186323166,-0.3885854482650757,-0.2407417595386505,0.3266770243644714,-0.3715796172618866,-0.3999087214469909,-0.1853163689374923,-0.367217868566513,-0.2354121655225753,-0.4186846017837524,-0.2988428175449371,-0.3639147579669952,0.3459945619106293,-0.5077084302902222,-0.5569965243339539,-0.4489168524742126,-0.4362910687923431,-0.5224349498748779,0.1156520992517471,0.0031130770221352,-0.0048811342567205,-0.1159268617630004,-0.0034663004335016,0.0059581003151834,0.1064488366246223,0.0806843712925911,-0.3769223392009735,-0.228708729147911,0.0314667001366615,-0.3582593202590942,0.1140346229076385,0.3536449670791626,-0.1643238067626953,-0.1862763017416,0.3763438463211059,-0.1658537834882736
-0.0389135740697383,-0.3824332356452942,-0.4390286803245544,0.1491694301366806,-0.3918749392032623,-0.23065285384655,0.3252629935741424,-0.3730858266353607,-0.3888981342315674,-0.1852394640445709,-0.3705103099346161,-0.2242588400840759,-0.4212793409824371,-0.30475515127182,-0.353188157081604,0.3472962975502014,-0.511639416217804,-0.5486810803413391,-0.4482338428497314,-0.44377002120018,-0.5162752866744995,0.1157915592193603,0.0028822468593716,-0.004899856634438,-0.11606016010046,-0.0032142554409801,0.0059702582657337,0.1075110137462616,0.0680735036730766,-0.378427118062973,-0.230622798204422,0.0334417708218097,-0.3587999641895294,0.1175702288746833,0.3528206944465637,-0.1896787881851196,-0.1917307078838348,0.3760805428028106,-0.1820034086704254
-0.0379988066852092,-0.3909026980400085,-0.4296107590198517,0.1491765081882476,-0.3975124955177307,-0.2256828695535659,0.3244253396987915,-0.379978597164154,-0.3858872056007385,-0.1854945868253708,-0.3768333196640014,-0.2184394896030426,-0.4191356301307678,-0.3128289878368377,-0.3461969196796417,0.3480152785778045,-0.5174381136894226,-0.5449995398521423,-0.4445843696594238,-0.4539722800254822,-0.5109636187553406,0.1158221736550331,0.0027294270694255,-0.0061164163053035,-0.1160922050476074,-0.0030562253668904,0.0071598459035158,0.100282073020935,0.0674077793955802,-0.3790263533592224,-0.2315907776355743,0.0334181636571884,-0.3506558835506439,0.119460791349411,0.3526284992694855,-0.1892698407173156,-0.1923195421695709,0.3755119442939758,-0.1786598563194275
-0.0250615831464529,-0.4073647856712341,-0.4136375188827514,0.1574019491672516,-0.4060632884502411,-0.2039782106876373,0.3372129499912262,-0.3854332268238067,-0.3661274015903473,-0.1823848187923431,-0.3905059993267059,-0.2056022435426712,-0.4171972274780273,-0.3376173675060272,-0.3309518992900848,0.3582477867603302,-0.5294815897941589,-0.5313993692398071,-0.4444951713085174,-0.4739458560943603,-0.4950278699398041,0.1164221242070198,0.0025772270746529,-0.0059879501350224,-0.1166385412216186,-0.0028910669498145,0.0070434915833175,0.1082297042012214,0.0647149682044982,-0.3792767226696014,-0.2313250601291656,0.0331766940653324,-0.3519169986248016,0.1234216541051864,0.3551003038883209,-0.2114899009466171,-0.1913029998540878,0.3748168647289276,-0.1929856687784195
-0.0312354136258363,-0.4047347903251648,-0.4162614643573761,0.1459983885288238,-0.4041666090488434,-0.2061187475919723,0.3344417810440063,-0.3872992694377899,-0.3680810034275055,-0.1966024786233902,-0.3874232769012451,-0.2071496099233627,-0.4319680631160736,-0.3349085450172424,-0.3333492279052734,0.3527035117149353,-0.5358009934425354,-0.5326162576675415,-0.4626604318618774,-0.4766193330287933,-0.4969219863414764,0.1163458749651908,0.0015782235423102,-0.0051270932890474,-0.1165371015667915,-0.0018489871872588,0.0062097143381834,0.1054398044943809,0.0826703757047653,-0.3771941363811493,-0.2448803186416626,0.0602719970047473,-0.3574917912483215,0.1156971007585525,0.4001127183437347,-0.2320854663848877,-0.1938712894916534,0.4116357266902923,-0.2189333140850067
-0.0333508886396884,-0.4133950769901275,-0.4044844508171081,0.1441969126462936,-0.4039367139339447,-0.1939414292573928,0.3259011209011078,-0.3857505917549133,-0.3569326400756836,-0.1973197758197784,-0.3887298107147217,-0.2018069177865982,-0.4335663616657257,-0.3396339118480682,-0.3298932015895843,0.3435742855072021,-0.5370497703552246,-0.5228923559188843,-0.4614558517932892,-0.4907298982143402,-0.4904080927371979,0.1163967326283454,0.0009930202504619,-0.0033748350106179,-0.1165818199515342,-0.0012502114987,0.0044269617646932,0.1097972691059112,0.0817070305347442,-0.3763104677200317,-0.2442822903394699,0.0735723376274108,-0.3577026724815368,0.1158495247364044,0.3978079855442047,-0.2274012416601181,-0.1938786804676056,0.4181341230869293,-0.2145538032054901
-0.0326266102492809,-0.4265213310718536,-0.3971672654151916,0.1433442085981369,-0.4071129858493805,-0.190538614988327,0.3200593590736389,-0.3885754644870758,-0.3527095317840576,-0.1990829408168792,-0.3899716734886169,-0.1977885961532592,-0.4380632936954498,-0.3406690061092376,-0.3209739029407501,0.3428520560264587,-0.5452758073806763,-0.5221351981163025,-0.4699898660182953,-0.490204781293869,-0.4783326685428619,0.1164702326059341,4.595814607455395e-05,-0.0031796831171959,-0.1166467145085334,-0.0002940903941635,0.0042425775900483,0.1098891347646713,0.0970833376049995,-0.3684184551239013,-0.2472058534622192,0.087380826473236,-0.3576413989067077,0.115968219935894,0.4245144426822662,-0.2292317152023315,-0.1930733323097229,0.440254807472229,-0.2171421498060226
-0.0354625768959522,-0.4540776312351227,-0.3915009200572967,0.1421866714954376,-0.4131431579589844,-0.1839706748723983,0.3190741837024688,-0.3967513144016266,-0.3431167304515838,-0.1995488405227661,-0.396916389465332,-0.1927148252725601,-0.4388467669486999,-0.3537665903568268,-0.3186681568622589,0.3412991762161255,-0.5614100694656372,-0.5124484300613403,-0.4721485078334808,-0.5035423636436462,-0.4773479700088501,0.1165071427822113,-0.0002987471234519,-0.0031075081788003,-0.116685539484024,3.628836202551611e-05,0.004160723183304,0.1098730564117431,0.1511773020029068,-0.3644888699054718,-0.2470513880252838,0.1117409169673919,-0.3571155369281769,0.1164655536413192,0.4569472372531891,-0.2151835262775421,-0.1835995614528656,0.4623727798461914,-0.2081803381443023
-0.0354587994515895,-0.4464690387248993,-0.3936662673950195,0.1418739557266235,-0.417403906583786,-0.1858732104301452,0.318467915058136,-0.4017134010791778,-0.3454940021038055,-0.1999271064996719,-0.4002254605293274,-0.1951831132173538,-0.4377331137657165,-0.3550549149513244,-0.3193781077861786,0.3389785885810852,-0.5648697018623352,-0.5191547274589539,-0.4705394804477691,-0.505319356918335,-0.4789398610591888,0.1163204982876777,-0.0003500291495583,-0.0017023073742166,-0.1165069788694381,8.853153849486262e-05,0.0027266892138868,0.1228913888335228,0.2078465968370437,-0.3330355882644653,-0.244051843881607,0.1438023746013641,-0.3465538918972015,0.118262343108654,0.4953280389308929,-0.1719305664300918,-0.1748015284538269,0.4980178773403168,-0.1836740672588348
-0.0339117646217346,-0.4492839276790619,-0.3985333144664764,0.1412789672613144,-0.4183357357978821,-0.1886874139308929,0.3184691965579986,-0.4101324379444122,-0.3465244770050049,-0.200742095708847,-0.4007315039634704,-0.2013406902551651,-0.4374806880950928,-0.3605282306671142,-0.3195292949676513,0.3352144062519073,-0.579348087310791,-0.5207896828651428,-0.4715380072593689,-0.5078127980232239,-0.4765289723873138,0.1162215620279312,-0.000248991913395,-0.0009155218140222,-0.1164062097668647,-1.698774576652795e-05,0.0019572346936911,0.1226919814944267,0.2417340576648712,-0.3155978918075561,-0.2438103854656219,0.1491217464208603,-0.3464255630970001,0.1198233887553215,0.5256763100624084,-0.1689095795154571,-0.1755967885255813,0.5112210512161255,-0.1853571683168411
-0.0333307534456253,-0.4830281734466553,-0.3827085494995117,0.1413015276193618,-0.429990291595459,-0.1696352213621139,0.3183530569076538,-0.4132521748542785,-0.3256708979606628,-0.2006801068782806,-0.4136818349361419,-0.1882512718439102,-0.4373089969158172,-0.377990573644638,-0.3081762492656708,0.3351886570453644,-0.5818387866020203,-0.5045240521430969,-0.474161148071289,-0.5321779847145081,-0.4668300449848175,0.1162118464708328,-0.0002708679239731,-0.000720603740774,-0.1163952052593231,1.6827991657919483e-06,0.0017626112094148,0.1221495121717453,0.2512852847576141,-0.3099898993968963,-0.2418330907821655,0.1670057028532028,-0.3435113131999969,0.1234053298830986,0.5418141484260559,-0.1641958653926849,-0.1722524613142013,0.5319691300392151,-0.1830850690603256
-0.0320132933557033,-0.5152631998062134,-0.3710632026195526,0.1417369544506073,-0.4389836192131042,-0.1611333340406417,0.3209289610385895,-0.4249453246593475,-0.3165947198867798,-0.2007299363613128,-0.4230950474739074,-0.1802790760993957,-0.4406081736087799,-0.3916417360305786,-0.2999756038188934,0.3379770815372467,-0.5982902646064758,-0.4971544146537781,-0.4781838655471802,-0.5432053208351135,-0.4608199894428253,0.1164470389485359,-0.0002907257003244,-0.0005235368735156,-0.1166251599788665,1.964133116416633e-05,0.0015649513807147,0.1237742975354194,0.2807336151599884,-0.2922267615795135,-0.2437832951545715,0.1879397481679916,-0.3348612785339355,0.1274555176496505,0.566558837890625,-0.1349173933267593,-0.1724452823400497,0.5534330606460571,-0.175316497683525
-0.0284140799194574,-0.5340969562530518,-0.3461807668209076,0.143152579665184,-0.4499956369400024,-0.141737163066864,0.3237163722515106,-0.4421857297420501,-0.2969861328601837,-0.1993698626756668,-0.4317458271980285,-0.1543697118759155,-0.438663899898529,-0.4026365876197815,-0.2785897552967071,0.3371703326702118,-0.6119930744171143,-0.4845149219036102,-0.4764052629470825,-0.5501009225845337,-0.4530481398105621,0.1167429313063621,-0.0011934692738577,-0.0001332613901467,-0.1168812364339828,0.0009086185018531,0.0012179901823401,0.1237470731139183,0.2578329145908355,-0.2978657186031341,-0.2375737726688385,0.19371297955513,-0.3267353177070617,0.1308245062828064,0.5645110607147217,-0.2015117704868316,-0.1677708029747009,0.5650204420089722,-0.2067025452852249
-0.0263802930712699,-0.5476126670837402,-0.3338315188884735,0.1449849903583526,-0.4559892117977142,-0.1333352178335189,0.3236366510391235,-0.4442870914936065,-0.2826204895973205,-0.1978577524423599,-0.4375036656856537,-0.1386254131793975,-0.4391945600509643,-0.4095905125141144,-0.2505206167697906,0.3351682126522064,-0.6153374314308167,-0.4701935648918152,-0.4783756732940674,-0.5665947198867798,-0.4238819777965545,0.1170085966587066,-0.0019202166004106,-0.0005384550313465,-0.1171309649944305,0.0016140743391588,0.001627913210541,0.1238292455673217,0.2580166161060333,-0.3031200766563415,-0.2320127487182617,0.2161619663238525,-0.30009925365448,0.1360138058662414,0.5737583041191101,-0.2058355957269668,-0.1644498854875564,0.5865147113800049,-0.2051205486059188
-0.0259939357638359,-0.5464524030685425,-0.3387793898582458,0.1461582481861114,-0.4582474529743194,-0.1327021121978759,0.3235499560832977,-0.4449588656425476,-0.277778297662735,-0.1946821957826614,-0.4414785802364349,-0.1432218700647354,-0.43411585688591,-0.4190311431884765,-0.2376468032598495,0.3334999978542328,-0.6160544157028198,-0.4673132300376892,-0.4767735004425049,-0.578647255897522,-0.3960655629634857,0.1170611903071403,-0.0018802931299433,0.0001189643517136,-0.1171870604157447,0.001556324888952,0.0009909800719469,0.1250232011079788,0.2971474528312683,-0.2807585299015045,-0.2278251647949218,0.2322436273097992,-0.2940469086170196,0.1357666999101638,0.598268985748291,-0.1559166014194488,-0.1642106473445892,0.5963647961616516,-0.1726499050855636
-0.0244559217244386,-0.5791649222373962,-0.323220282793045,0.1480702459812164,-0.4616483449935913,-0.1209472939372062,0.3271575272083282,-0.4483387172222137,-0.2561064660549164,-0.1927237957715988,-0.4470503330230713,-0.1320436298847198,-0.4316481351852417,-0.4262793064117431,-0.22544826567173,0.3352652490139007,-0.6239503622055054,-0.4428796768188476,-0.4767396450042724,-0.5842974185943604,-0.3913481831550598,0.1172241866588592,-0.0021912064403295,0.0004405612708069,-0.1173483654856681,0.0018523574108257,0.0006846672622486,0.124850146472454,0.3087180256843567,-0.2801404297351837,-0.2276440262794494,0.2712051570415497,-0.2721602618694305,0.1381898075342178,0.6180766820907593,-0.1582787930965423,-0.1662137806415558,0.6260026693344116,-0.1610850393772125
-0.0240042898803949,-0.5730078816413879,-0.3241939544677734,0.1509791910648346,-0.4703015387058258,-0.115205243229866,0.3340597152709961,-0.4605478644371032,-0.2460933774709701,-0.1894521415233612,-0.4505926668643951,-0.1277024894952774,-0.4245265424251556,-0.4303566515445709,-0.1964081376791,0.3361153304576874,-0.6314995288848877,-0.4361205101013183,-0.4713224768638611,-0.589881181716919,-0.3478097021579742,0.1172687411308288,-0.002254624152556,0.0004747274506371,-0.1173996701836586,0.0019087938126176,0.0006487508071586,0.1231748908758163,0.3273979723453522,-0.2582588195800781,-0.2207109481096267,0.2964094579219818,-0.2394650876522064,0.1426674276590347,0.6382209658622742,-0.1420958042144775,-0.1670015752315521,0.6479372978210449,-0.1305523961782455
-0.0198086239397525,-0.6005743741989136,-0.2974415421485901,0.151538535952568,-0.4780131578445434,-0.0899755731225013,0.3366290032863617,-0.4659060537815094,-0.206140324473381,-0.1880495697259903,-0.4620016813278198,-0.1101550310850143,-0.4229473173618316,-0.4456050992012024,-0.1731214225292205,0.3422654867172241,-0.643440842628479,-0.3892677426338196,-0.4713159799575805,-0.6083348989486694,-0.3192077875137329,0.1171140596270561,-0.0022401930764317,0.0014557369286194,-0.1172612085938453,0.0018860941054299,-0.0003333415079396,0.124742567539215,0.3578866720199585,-0.1928688585758209,-0.2201402932405471,0.3120030462741852,-0.2156902998685836,0.1449082344770431,0.6636462211608887,-0.0566611774265766,-0.1643252670764923,0.6557233929634094,-0.0790640264749527
-0.0142883565276861,-0.6072807312011719,-0.2968138456344604,0.1536381244659423,-0.4868546426296234,-0.0848956033587455,0.3375750780105591,-0.482827365398407,-0.1866464912891388,-0.182738110423088,-0.4690177142620086,-0.1091563627123832,-0.4217867255210876,-0.4652513861656189,-0.1616305857896804,0.3499706387519836,-0.6629296541213989,-0.3609435260295868,-0.4718923270702362,-0.6277732849121094,-0.2931758463382721,0.1168506518006324,-0.0022504706867039,0.0023725223727524,-0.1170205846428871,0.0018912681844085,-0.0012486056657508,0.1277768909931183,0.3663483262062073,-0.1675233393907547,-0.2118590474128723,0.3319447338581085,-0.1805042922496795,0.1511014848947525,0.6753678917884827,-0.0388957448303699,-0.1639267951250076,0.6753478050231934,-0.0532556027173996
-0.0070281107909977,-0.6201265454292297,-0.2946096360683441,0.1551308929920196,-0.4894021153450012,-0.0857041850686073,0.3420336842536926,-0.4898912906646728,-0.1842271387577057,-0.1792628467082977,-0.4770709276199341,-0.1086513772606849,-0.4194006025791168,-0.4780753254890442,-0.1623707115650177,0.3522660434246063,-0.6802371740341187,-0.3510446548461914,-0.4669778048992157,-0.647980809211731,-0.2957138419151306,0.1164026409387588,-0.0022323578596115,0.0025468238163739,-0.1166103556752204,0.0018632527207955,-0.0014378499472513,0.131784439086914,0.3779269158840179,-0.1194530725479126,-0.1988784372806549,0.3387674987316131,-0.1410973072052002,0.1594924926757812,0.6866021156311035,0.015203334391117,-0.1595525592565536,0.680744469165802,-0.006898034363985
-0.0054643317125737,-0.6247010231018066,-0.2897869646549225,0.156154066324234,-0.4924156963825226,-0.0812657549977302,0.3418603241443634,-0.4872772693634033,-0.1790468245744705,-0.1754619777202606,-0.4826507866382599,-0.1018403097987175,-0.4107416570186615,-0.4849221110343933,-0.1477767676115036,0.3518927991390228,-0.6748964190483093,-0.3501876592636108,-0.4592925608158111,-0.654220461845398,-0.2786150276660919,0.1160021349787712,-0.0021032963413745,0.0025247193407267,-0.1162347942590713,0.0017118105897679,-0.0014304474461823,0.1347872465848922,0.3829851150512695,-0.0950529873371124,-0.1965001672506332,0.3425299823284149,-0.1210470423102378,0.1591823250055313,0.6943308115005493,0.0359771214425563,-0.158983439207077,0.6863288879394531,0.0124367382377386
0.0020286506041884,-0.6422364711761475,-0.2782463133335113,0.1603544503450393,-0.4936688840389251,-0.0783062651753425,0.3409091830253601,-0.4855470657348633,-0.1728098392486572,-0.1696499586105346,-0.4918252527713775,-0.0909250751137733,-0.4005128741264343,-0.4843633770942688,-0.1437803655862808,0.3503391146659851,-0.6740511655807495,-0.3351550102233886,-0.4446435868740082,-0.6473942399024963,-0.2834448218345642,0.1156188920140266,-0.0018187302630394,0.0015872123185545,-0.1158627495169639,0.0014060802059248,-0.000571408541873,0.1347316950559616,0.3918887376785278,-0.0653758272528648,-0.1855153441429138,0.3525900542736053,-0.0815317407250404,0.1588277965784073,0.7071518301963806,0.0626136437058448,-0.1523932367563247,0.6942461133003235,0.0501497164368629
0.0003967317461501,-0.640148937702179,-0.2602021992206573,0.1584372669458389,-0.5009161233901978,-0.0604613982141017,0.3395445048809051,-0.5036460757255554,-0.1474626362323761,-0.1700061559677124,-0.4956919550895691,-0.0664408877491951,-0.4018202722072601,-0.5019270777702332,-0.1038494184613227,0.3490239083766937,-0.6895571947097778,-0.3044688999652862,-0.4466427862644195,-0.6696036458015442,-0.2319321185350418,0.1150956749916076,-0.0016655245563015,0.000317855796311,-0.1153269931674003,0.0012381923152133,0.0006222109659574,0.1346344649791717,0.4024124145507812,-0.0473291389644146,-0.1831971406936645,0.3591395914554596,-0.0698858201503753,0.159162163734436,0.7194811105728149,0.0752827227115631,-0.1495748907327652,0.7043542265892029,0.0572990588843822
0.0027443971484899,-0.6422116160392761,-0.2636604607105255,0.1581067442893982,-0.5032100677490234,-0.0628760084509849,0.3367629647254944,-0.5072762966156006,-0.1532662063837051,-0.1693403571844101,-0.4966796040534973,-0.073104552924633,-0.3992773294448852,-0.5038904547691345,-0.1178578361868858,0.3457343876361847,-0.6971244812011719,-0.3146732747554779,-0.4424978792667389,-0.6746028065681458,-0.2502861022949219,0.1143790483474731,-0.0016152653843164,0.0003296787617728,-0.1146041899919509,0.0011803921079263,0.0006071091047488,0.1374911814928054,0.397449642419815,-0.0421349816024303,-0.1827995330095291,0.3596768975257873,-0.0683232173323631,0.1625119894742965,0.7173211574554443,0.0713739544153213,-0.149691954255104,0.7069836258888245,0.0537254884839057
0.0036990109365433,-0.6444134712219238,-0.2375053018331527,0.1581329852342605,-0.5102182626724243,-0.0331636033952236,0.3374595046043396,-0.5199572443962097,-0.1131293177604675,-0.1686637848615646,-0.4999731481075287,-0.047722004354,-0.3975057899951935,-0.5214539766311646,-0.0752212032675743,0.3475015461444855,-0.7082727551460266,-0.2710393369197845,-0.4422383308410644,-0.6949394345283508,-0.186851754784584,0.1140290051698684,-0.0015772487968206,0.0003267137217335,-0.1142477020621299,0.0011358924675732,0.0006056204438209,0.1372654736042022,0.4024991691112518,-0.031997200101614,-0.1778542548418045,0.3650408089160919,-0.0626457631587982,0.1623132526874542,0.7294567227363586,0.0732318684458732,-0.1471038609743118,0.7165372967720032,0.0519243739545345
0.0063797594048082,-0.6472775340080261,-0.2227052897214889,0.1583589911460876,-0.511481761932373,-0.0195623338222503,0.338312417268753,-0.528906524181366,-0.0934060961008071,-0.167244866490364,-0.5020171403884888,-0.0309651847928762,-0.3899584412574768,-0.5311862230300903,-0.0541528537869453,0.3478227257728576,-0.7190486788749695,-0.2435175329446792,-0.434527188539505,-0.704079270362854,-0.1620937287807464,0.113441415131092,-0.0015660161152482,-6.247749843169004e-05,-0.1136390343308448,0.0011195698752999,0.0009657553746365,0.1364919394254684,0.4005895256996155,-0.0271578542888164,-0.1693454831838607,0.3701602220535278,-0.0427931472659111,0.1610110253095626,0.7357977032661438,0.0741502419114112,-0.1402021497488021,0.7205014824867249,0.0650664195418357
0.0061623249202966,-0.6461074948310852,-0.2260161787271499,0.1580902338027954,-0.5125393867492676,-0.0177769269794225,0.3403425514698028,-0.5340650081634521,-0.0833268389105796,-0.1672663986682891,-0.5027114748954773,-0.0341193340718746,-0.3894889056682586,-0.5356805920600891,-0.0505425594747066,0.3505259156227112,-0.7239717245101929,-0.2289373576641082,-0.4330992102622986,-0.7100935578346252,-0.1513586789369583,0.1129741445183754,-0.0015700270887464,0.0001000444972305,-0.1131687834858894,0.0011167796328663,0.0008030542521737,0.1341776102781295,0.4022294580936432,-0.0198760516941547,-0.1626161932945251,0.3737983107566833,-0.041858434677124,0.1588349789381027,0.743321418762207,0.0722266137599945,-0.1378113478422165,0.7298567295074463,0.0597253777086734
0.00594685645774,-0.6492098569869995,-0.2126879692077636,0.1574873477220535,-0.5125887393951416,-0.0090948054566979,0.339511513710022,-0.5374217629432678,-0.0726219043135643,-0.167323961853981,-0.5026130080223083,-0.0177825056016445,-0.3899048566818237,-0.541775107383728,-0.0328536666929721,0.3478075563907623,-0.731591522693634,-0.2128825634717941,-0.4308040142059326,-0.7199938297271729,-0.131510391831398,0.1127659529447555,-0.0015975326532498,2.9001295843045227e-05,-0.1129500791430473,0.0011348311090841,0.0008729078690521,0.1293815821409225,0.4044904112815857,-0.0185337997972965,-0.1589686423540115,0.3758304119110107,-0.036885417997837,0.1561316549777984,0.7466586828231812,0.0802715718746185,-0.1370011419057846,0.730897068977356,0.0676681548357009
0.0064035640098154,-0.6496561169624329,-0.1993376165628433,0.1599913388490677,-0.5126605033874512,-0.0012206969549879,0.3443595767021179,-0.5444938540458679,-0.0662672221660614,-0.1633483618497848,-0.5023858547210693,-0.0019400994060561,-0.3792847692966461,-0.5442825555801392,-0.0150898983702063,0.3490508198738098,-0.7346819043159485,-0.20367331802845,-0.4204329550266266,-0.7242492437362671,-0.1149715930223465,0.1124480217695236,-0.0014539476251229,-0.0003625242097768,-0.1125995591282844,0.0009782240958884,0.0012836856767535,0.1256904751062393,0.4073774814605713,-0.0216998029500246,-0.1513675153255462,0.3787649273872375,-0.0366143845021724,0.1527801752090454,0.7601337432861328,0.0639842003583908,-0.1321808397769928,0.7414763569831848,0.0629436895251274
0.0075232186354696,-0.6515769958496094,-0.175261914730072,0.1627353727817535,-0.5125080347061157,0.0162359364330768,0.3467830121517181,-0.5474086999893188,-0.0438658483326435,-0.1602494120597839,-0.5022398829460144,0.0218414179980754,-0.3765072822570801,-0.5476326942443848,0.0121702095493674,0.355062335729599,-0.7380467057228088,-0.1712355613708496,-0.4147968590259552,-0.7280755043029785,-0.0839568972587585,0.1122221648693084,-0.0012921593151986,-0.0004318092833273,-0.112350009381771,0.0008066199370659,0.0013501809444278,0.1249635741114616,0.4091155230998993,-0.0110026067122817,-0.1345650255680084,0.3821434676647186,-0.0204922724515199,0.1527537852525711,0.76079922914505,0.0725733786821365,-0.12691630423069,0.7440192103385925,0.0696274861693382
0.0100990524515509,-0.6529240608215332,-0.1770610511302948,0.165795087814331,-0.5123974680900574,0.0147365778684616,0.3476684391498565,-0.5474331974983215,-0.0475610978901386,-0.1578793674707412,-0.5021352767944336,0.020561259239912,-0.3742122054100036,-0.548905611038208,0.012218470685184,0.3572864234447479,-0.7395639419555664,-0.1780628114938736,-0.4090062081813812,-0.7316213250160217,-0.0802570953965187,0.1121167689561843,-0.0011524886358529,-0.0004337622958701,-0.1122339814901351,0.0006593281868845,0.001350381411612,0.1195094063878059,0.4167214035987854,0.0008973038056865,-0.1248355358839035,0.3845522701740265,-0.0098096374422311,0.1527610272169113,0.762066125869751,0.0973683074116706,-0.1178158670663833,0.743751049041748,0.0896280035376548
0.0155983502045273,-0.6531818509101868,-0.1691059917211532,0.1657756716012954,-0.5122873187065125,0.0235835686326026,0.3437533676624298,-0.548940896987915,-0.0412672907114028,-0.157837226986885,-0.5017788410186768,0.0207453407347202,-0.3708246350288391,-0.5492902398109436,0.0073034963570535,0.3559292554855346,-0.7410082221031189,-0.1723940372467041,-0.3991483449935913,-0.730099618434906,-0.0825616791844368,0.1120599284768104,-0.0011115580564364,0.0007039530901238,-0.112169049680233,0.0006153698195703,0.000225885931286,0.1187580004334449,0.4197864830493927,0.003050347790122,-0.1232078969478607,0.3853100836277008,-0.008627894334495,0.1528831571340561,0.7613314986228943,0.1061063036322593,-0.116900622844696,0.7427629828453064,0.0948647931218147
0.0202710833400487,-0.6545644402503967,-0.1648417115211486,0.1674381792545318,-0.5125625133514404,0.0282891113311052,0.3432090282440185,-0.5501168966293335,-0.0383352860808372,-0.1570275872945785,-0.5019842386245728,0.0204228889197111,-0.3666177093982696,-0.5544466376304626,0.0044814636930823,0.3544492721557617,-0.7423220872879028,-0.1690093278884887,-0.3964044153690338,-0.7334561944007874,-0.0858889892697334,0.1119813024997711,-0.0009741457179188,0.0013669239124283,-0.112082615494728,0.0004718634590972,-0.0004346568603068,0.1176968812942504,0.4200923144817352,0.0091844964772462,-0.1180285438895225,0.3865979015827179,0.0006970600225031,0.1537521034479141,0.7607848048210144,0.1087326854467392,-0.1170608550310134,0.7422162890434265,0.099575825035572
0.0200004298239946,-0.6548666954040527,-0.1588072478771209,0.1692894846200943,-0.5133452415466309,0.0305696260184049,0.3430532217025757,-0.5522421002388,-0.0360798984766006,-0.1561980098485946,-0.501918375492096,0.0302294231951236,-0.3650229275226593,-0.5560370087623596,0.0190394986420869,0.3517718911170959,-0.7430263757705688,-0.1661592274904251,-0.3952348530292511,-0.7355857491493225,-0.0680727437138557,0.1118873655796051,-0.0007565590785816,0.0013887886889278,-0.1119755879044532,0.0002528138866182,-0.000459201139165,0.1174595952033996,0.4199115335941314,0.008141347207129,-0.1135569065809249,0.3868241608142853,0.0038385386578738,0.154038056731224,0.7614258527755737,0.1077531799674034,-0.1168265342712402,0.7423514723777771,0.0983254164457321
0.0198284275829792,-0.6554690599441528,-0.1461305022239685,0.1692571192979812,-0.5134061574935913,0.0340727865695953,0.3411646783351898,-0.5661729574203491,-0.030312143266201,-0.1548703014850616,-0.5016663670539856,0.0454797036945819,-0.3637114763259887,-0.5655031800270081,0.0405804812908172,0.3496575057506561,-0.7599225640296936,-0.1501217484474182,-0.39583221077919,-0.7494710683822632,-0.0378036126494407,0.111563503742218,-0.0007204211433418,0.0019406083738431,-0.1116239503026008,0.000214950312511,-0.0010046783136203,0.1124700605869293,0.4215319156646728,0.0117508638650178,-0.1127430275082588,0.3867321908473968,0.0021309028379619,0.1517603993415832,0.761817455291748,0.107979841530323,-0.117087185382843,0.7425059080123901,0.0982116907835006
0.0179151725023984,-0.6554800271987915,-0.1487654596567154,0.1690616011619568,-0.5137392282485962,0.0328224003314971,0.3395643830299377,-0.5735997557640076,-0.0278828032314777,-0.1548109054565429,-0.501716136932373,0.045267853885889,-0.3648466169834137,-0.5757822394371033,0.0480631738901138,0.3476594388484955,-0.7757996916770935,-0.1421865373849868,-0.3994790017604828,-0.764259397983551,-0.0248678941279649,0.1113185882568359,-0.0006521479808725,0.0023170260246843,-0.1113659963011741,0.0001507041743025,-0.0013899256009608,0.1102393493056297,0.4218819439411163,0.0146010313183069,-0.1137617900967598,0.3865634500980377,0.0037335273809731,0.1487681716680526,0.7627509236335754,0.1106234267354011,-0.1228394359350204,0.7423917055130005,0.1038789823651313
0.0192841719835996,-0.6565327048301697,-0.1431621015071869,0.1691208630800247,-0.5144990682601929,0.0369285941123962,0.3380934596061706,-0.5784597992897034,-0.0187860894948244,-0.1545567363500595,-0.5025284290313721,0.0479991249740123,-0.3637209832668304,-0.5853619575500488,0.0476219691336154,0.3449465334415436,-0.7835190296173096,-0.1312177777290344,-0.3986408710479736,-0.7737813591957092,-0.0241334419697523,0.1112308204174041,-0.0006213704473339,0.0025959191843867,-0.1112792938947677,0.0001200303449877,-0.0016765490872785,0.1100391969084739,0.421830952167511,0.0155186299234628,-0.112782172858715,0.3862325847148895,0.0040695606730878,0.1474517881870269,0.7623728513717651,0.1136757880449295,-0.1221799328923225,0.7410901188850403,0.1070067808032035
0.0199486222118139,-0.6568219661712646,-0.1354939192533493,0.1691699475049972,-0.5150112509727478,0.0433314852416515,0.3351065218448639,-0.5810482501983643,-0.0125655457377433,-0.1541061103343963,-0.5033178329467773,0.0520407296717166,-0.3633215725421905,-0.5897188186645508,0.0466786548495292,0.3430336713790893,-0.7857412695884705,-0.1270419061183929,-0.3988800644874573,-0.7767517566680908,-0.0292547270655632,0.1110703498125076,-0.000595697609242,0.0027908845804631,-0.1111185923218727,9.5312854682561e-05,-0.0018758056685328,0.1082381606101989,0.4210483431816101,0.015144302509725,-0.1124846190214157,0.3861799836158752,0.0036674020811915,0.1438444405794143,0.7623070478439331,0.1084283217787742,-0.1222029030323028,0.7416960597038269,0.1031649187207222
0.0198898315429687,-0.6585515141487122,-0.1353707313537597,0.1688071489334106,-0.5157034993171692,0.0440103746950626,0.3345812559127807,-0.5868390798568726,-0.0075660119764506,-0.1548438817262649,-0.5043905377388,0.0528170317411422,-0.3633966445922851,-0.5975406169891357,0.0471506863832473,0.3425155282020569,-0.7942212224006653,-0.1129791885614395,-0.3991732001304626,-0.7869847416877747,-0.0266698244959115,0.1109433621168136,-0.0006033109384588,0.0027500607538968,-0.1109918057918548,0.0001036528701661,-0.0018424084410071,0.1085388138890266,0.4206346273422241,0.0161806624382734,-0.1096035838127136,0.3862322568893432,0.0051752072758972,0.1437214910984039,0.7622866630554199,0.1085259839892387,-0.1195080950856208,0.742297887802124,0.1036880016326904
0.0239388719201087,-0.6603109836578369,-0.1262659877538681,0.1693447977304458,-0.515670657157898,0.0507571324706077,0.3329685628414154,-0.5922802090644836,0.0002853199257515,-0.1544804573059082,-0.504808783531189,0.058085560798645,-0.3622806668281555,-0.6042440533638,0.0468949079513549,0.3413336873054504,-0.7994490265846252,-0.1019742712378501,-0.398561418056488,-0.7961509823799133,-0.0283791702240705,0.1109097450971603,-0.0006828582845628,0.0026463721878826,-0.1109581291675567,0.0001829563698265,-0.0017416584305465,0.1086053550243377,0.4197590947151184,0.0143676782026886,-0.1067235767841339,0.3870435953140259,0.0045506656169891,0.1437725871801376,0.7622650265693665,0.1048274338245391,-0.1139241755008697,0.7446606755256653,0.0998720899224281
0.0211012102663517,-0.66099613904953,-0.1277981102466583,0.1698668599128723,-0.5165939927101135,0.0401031449437141,0.3324016630649566,-0.5948244333267212,-0.0174976624548435,-0.1528470814228058,-0.5085367560386658,0.0611059702932834,-0.3566362559795379,-0.6141878962516785,0.0578486137092113,0.3400536179542541,-0.8022654056549072,-0.1192905753850936,-0.3964821696281433,-0.8132451176643372,-0.0186367761343717,0.1107607334852218,-0.0004028370894957,-0.001558324554935,-0.1107987612485885,-8.728913962841034e-05,0.0024336585775017,0.1013043075799942,0.4204192757606506,0.0119192292913794,-0.1055512428283691,0.3871099948883056,0.011940037831664,0.1433285027742386,0.7629737257957458,0.0974972918629646,-0.1131085380911827,0.7442570328712463,0.1054432168602943
0.0221232809126377,-0.6623614430427551,-0.1272051930427551,0.1704757809638977,-0.5167866349220276,0.0403182655572891,0.3319533765316009,-0.5980472564697266,-0.0179405845701694,-0.1513374149799347,-0.5101247429847717,0.0619963854551315,-0.3528720736503601,-0.6181241869926453,0.0566740147769451,0.3400512635707855,-0.8067158460617065,-0.1203444972634315,-0.3933179378509521,-0.8174818754196167,-0.0201388113200664,0.1107145771384239,-0.0003581816563382,-0.0018618084723129,-0.1107525154948234,-0.0001281317818211,0.0027295432519167,0.1012501940131187,0.4209472239017486,0.0117711946368217,-0.1041135340929031,0.387182205915451,0.0119388876482844,0.1451859772205352,0.7641687989234924,0.0959301069378852,-0.1113925278186798,0.7442529201507568,0.1053389832377433
0.0217483676970005,-0.6635589003562927,-0.1221720948815345,0.1701587289571762,-0.5179901719093323,0.0419241860508918,0.3247713148593902,-0.6076545119285583,-0.014828847721219,-0.1502584517002105,-0.5109062790870667,0.0665827766060829,-0.3499358892440796,-0.6228067278862,0.057556215673685,0.3373206853866577,-0.8153342604637146,-0.1134488582611084,-0.393130898475647,-0.8251956701278687,-0.020911430940032,0.1105302721261978,-0.0003068131918553,-0.0019564698450267,-0.1105659827589988,-0.0001764718472259,0.002836080500856,0.1002885028719902,0.4210309088230133,0.0116819068789482,-0.1037899702787399,0.3871861398220062,0.0110923508182168,0.1450006812810897,0.7642423510551453,0.0958651080727577,-0.1116763576865196,0.7450470328330994,0.1015315800905227
0.0213004443794488,-0.663598358631134,-0.1226654276251792,0.1701864004135131,-0.5189381241798401,0.0408484265208244,0.3241459727287292,-0.6132308840751648,-0.0151255670934915,-0.1491405367851257,-0.5117835998535156,0.0660567730665206,-0.3466055989265442,-0.6281185150146484,0.0570306070148944,0.337448388338089,-0.824470579624176,-0.1144181489944458,-0.3925929963588714,-0.8312069177627563,-0.0215519480407238,0.1104562357068061,-0.0002669988316483,-0.0018985060742124,-0.110488586127758,-0.0002150976506527,0.0027770064771175,0.099735639989376,0.4215067028999328,0.0147858299314975,-0.1017731726169586,0.3871612250804901,0.0109575763344764,0.144986942410469,0.7644010186195374,0.1006042137742042,-0.1114219278097152,0.7449862360954285,0.1049534827470779
0.0203281268477439,-0.6644666790962219,-0.1230397969484329,0.1697760373353958,-0.5191066265106201,0.0402257218956947,0.3223755955696106,-0.616436243057251,-0.0141536770388484,-0.1482644230127334,-0.5118728280067444,0.066453717648983,-0.3457666337490082,-0.6273022890090942,0.0576585121452808,0.3373698592185974,-0.8305558562278748,-0.1071970015764236,-0.3924537301063537,-0.8324342370033264,-0.0213148277252912,0.1102738603949546,-0.0001961093366844,-0.0021490338258445,-0.1103063002228736,-0.0002820723457261,0.0030297196935862,0.0990579277276992,0.4213655292987823,0.0151012446731328,-0.1016990393400192,0.3871586322784424,0.0110427737236022,0.1446736305952072,0.7639220952987671,0.1025382280349731,-0.1118962913751602,0.7449633479118347,0.1058649942278862
0.0192347094416618,-0.664485514163971,-0.1231215894222259,0.1694037616252899,-0.5196918845176697,0.0402625650167465,0.3204338848590851,-0.6216930747032166,-0.0129787940531969,-0.148152083158493,-0.5121666789054871,0.0661800652742385,-0.3452707529067993,-0.6303951740264893,0.0568788312375545,0.336866170167923,-0.8356958627700806,-0.1037597954273223,-0.3926314413547516,-0.8335087895393372,-0.0225376803427934,0.110177457332611,-0.0001722895976854,-0.0021217330358922,-0.1102083623409271,-0.0003051673120353,0.0030035320669412,0.0990977883338928,0.4211849868297577,0.0156740490347147,-0.1017451882362365,0.3870106339454651,0.0107072247192263,0.1456145495176315,0.7633270621299744,0.1030657738447189,-0.1127134263515472,0.7449515461921692,0.105279229581356
0.0192557498812675,-0.6651872992515564,-0.1231251806020736,0.1693837940692901,-0.5199187994003296,0.0404440984129905,0.3196858465671539,-0.6209421157836914,-0.0123901506885886,-0.1480650454759597,-0.5122631192207336,0.0660200417041778,-0.3452416360378265,-0.6300085186958313,0.0566954016685485,0.3357309699058532,-0.8340758681297302,-0.1040308773517608,-0.3924458026885986,-0.8337823152542114,-0.0228619985282421,0.11012464761734,-0.0001564119447721,-0.0021057347767055,-0.110154390335083,-0.0003206564579159,0.002989511238411,0.0991299301385879,0.4211651384830475,0.0161268766969442,-0.1017524600028991,0.3870404362678528,0.0108433002606034,0.1456062644720077,0.7629609704017639,0.10471673309803,-0.1122521236538887,0.7449966073036194,0.1056014150381088
0.0177903175354003,-0.6652372479438782,-0.1261466592550277,0.168768048286438,-0.5219641923904419,0.037331286817789,0.3189367353916168,-0.6250399351119995,-0.0135077675804495,-0.1480171531438827,-0.5130119323730469,0.0649824887514114,-0.3452920913696289,-0.6325783729553223,0.0589000098407268,0.3341462314128876,-0.8402637243270874,-0.1044522523880004,-0.3930091261863708,-0.8376145362854004,-0.0141998045146465,0.110056534409523,-0.0001412586134392,-0.0021043443121016,-0.110087513923645,-0.0003349763865116,0.0029882653616368,0.0988422036170959,0.4212638735771179,0.0198232345283031,-0.1023808419704437,0.3870503306388855,0.0115168942138552,0.1442125737667083,0.7626458406448364,0.1135979741811752,-0.1143716275691986,0.7449946403503418,0.108856588602066
0.0173459872603416,-0.6652435660362244,-0.129796102643013,0.1690166294574737,-0.5223145484924316,0.0329314395785331,0.3198789954185486,-0.6278949975967407,-0.0142281092703342,-0.1477942168712616,-0.5135373473167419,0.0623853653669357,-0.3461886048316955,-0.6324841380119324,0.0563649982213974,0.3352026343345642,-0.8429365754127502,-0.1046733781695365,-0.3930837512016296,-0.8371483683586121,-0.0226542949676513,0.1100122481584549,5.463882553158328e-05,-0.0025974605232477,-0.1100422739982605,-0.0005232354160398,0.0034859324805438,0.0987890809774398,0.421608954668045,0.0173754636198282,-0.102480337023735,0.3871797025203705,0.0134113123640418,0.1497950106859207,0.7639375925064087,0.1060556322336196,-0.114095538854599,0.744887113571167,0.1112022548913955
0.0171747989952564,-0.6652104258537292,-0.1264722794294357,0.1686292439699173,-0.5226870775222778,0.0384269654750824,0.3170153796672821,-0.6279070377349854,-0.0067525752820074,-0.148243248462677,-0.5134586691856384,0.0625482276082038,-0.3448664546012878,-0.630984365940094,0.0544150061905384,0.3339195549488067,-0.8431562185287476,-0.0940079167485237,-0.393103539943695,-0.8368106484413147,-0.0283393133431673,0.1099965944886207,5.597001290880144e-05,-0.0021218881011009,-0.1100260913372039,-0.0005246721557341,0.0030260956846177,0.09866514056921,0.421747088432312,0.0185693111270666,-0.1033374965190887,0.3871843218803406,0.0117950178682804,0.1481290459632873,0.763401448726654,0.108594112098217,-0.1149631142616272,0.7456544637680054,0.1077951192855835
0.0167823191732168,-0.663870632648468,-0.1293442547321319,0.1683862656354904,-0.5226216316223145,0.0359809212386608,0.317063421010971,-0.6288533806800842,-0.0063907979056239,-0.148389384150505,-0.5131826996803284,0.0611188933253288,-0.3472826778888702,-0.6308818459510803,0.0539827123284339,0.3352544903755188,-0.8443732261657715,-0.0915586203336715,-0.3940953016281128,-0.8366213440895081,-0.0299288686364889,0.1099768206477165,9.416525426786392e-05,-0.0022360277362167,-0.1100045517086982,-0.0005627463688142,0.0031482023186981,0.0979691743850708,0.4219520092010498,0.0168119017034769,-0.1040751487016677,0.3872345387935638,0.0119365882128477,0.1489813178777694,0.7644273042678833,0.1034626439213752,-0.1148650422692298,0.7455589175224304,0.1079153791069984
0.0167273823171854,-0.6638448238372803,-0.1257000863552093,0.1679792702198028,-0.5223523378372192,0.038716372102499,0.3166636228561401,-0.6275743842124939,-0.0033576728310436,-0.1484689116477966,-0.5126188397407532,0.0632438138127327,-0.3470351099967956,-0.6279088258743286,0.0557552054524421,0.3353528380393982,-0.8428370952606201,-0.0886749178171157,-0.3940167725086212,-0.8351364731788635,-0.0271065570414066,0.1099516227841377,6.761022814316675e-05,-0.0020518086384981,-0.1099805161356926,-0.0005368069396354,0.0029664195608347,0.0981465503573417,0.4214168488979339,0.0170163232833147,-0.1040812954306602,0.3870695531368255,0.0103552741929888,0.1473311632871627,0.7635946869850159,0.1053768992424011,-0.1148800700902938,0.7453151941299438,0.1065196096897125
0.0166520979255437,-0.6628890037536621,-0.1258144378662109,0.1673400402069091,-0.522236168384552,0.0389629714190959,0.3164010047912597,-0.6234609484672546,-0.0046200957149267,-0.1493564844131469,-0.5124272704124451,0.0628333166241645,-0.351562887430191,-0.6276684403419495,0.0549127198755741,0.3315854966640472,-0.8391093015670776,-0.0953701958060264,-0.3942578732967376,-0.8334286212921143,-0.0270255766808986,0.1099104285240173,9.31376707740128e-05,-0.0019564435351639,-0.1099387779831886,-0.0005621542222797,0.002871339675039,0.0973684638738632,0.4214664995670318,0.0170289631932973,-0.1060632690787315,0.3867309987545013,0.0103475432842969,0.1464591175317764,0.7636798620223999,0.1054113656282424,-0.1174661144614219,0.7429222464561462,0.1071803271770477
0.0172856282442808,-0.6628759503364563,-0.1192205026745796,0.1674162447452545,-0.5216382145881653,0.0443165488541126,0.3169591724872589,-0.6220542788505554,-0.0055515808053314,-0.1502413600683212,-0.5123504996299744,0.0652856156229972,-0.35209521651268,-0.6259341835975647,0.0529048480093479,0.333326131105423,-0.8346752524375916,-0.105588361620903,-0.3955405354499817,-0.8255573511123657,-0.034664299339056,0.1099346801638603,0.0001616706285858,-0.0024663174990564,-0.1099602654576301,-0.0006262016831897,0.0033690968994051,0.0967545956373214,0.4214347600936889,0.0107458969578146,-0.1054416224360466,0.3867485821247101,0.0102462312206625,0.1479192227125167,0.7639095783233643,0.0927767604589462,-0.1140060499310493,0.7429267764091492,0.1037749275565147
0.0177694279700517,-0.6599471569061279,-0.1273840069770813,0.1671904921531677,-0.5216421484947205,0.043611079454422,0.3169604241847992,-0.6237915754318237,0.0008856172207742,-0.1512441933155059,-0.5123319625854492,0.0577221550047397,-0.3559655845165252,-0.6254235506057739,0.0472153164446353,0.3360816538333893,-0.8405378460884094,-0.0910573229193687,-0.398205816745758,-0.8257490396499634,-0.0429969429969787,0.1099529787898063,0.0001748373324517,-0.0022092990111559,-0.1099795177578926,-0.000639917270746,0.0031153105664998,0.0967366173863411,0.4217982292175293,0.0121322181075811,-0.1074383780360221,0.3866353332996368,0.0102339852601289,0.1480734199285507,0.7647183537483215,0.094511330127716,-0.1164454072713851,0.7423701882362366,0.1044474020600318
0.0218950696289539,-0.6568444967269897,-0.1263223141431808,0.1680914908647537,-0.5206373333930969,0.0467144548892974,0.3205732107162475,-0.6185901165008545,0.0005728060496039,-0.1511686444282531,-0.5118703842163086,0.0578496567904949,-0.3560438454151153,-0.6202898621559143,0.0439412854611873,0.3378382921218872,-0.8322129845619202,-0.0974195227026939,-0.3980565667152405,-0.8212800621986389,-0.0509220883250236,0.1099666208028793,0.0002030371833825,-0.0020740716718137,-0.1099911332130432,-0.0006694959593005,0.0029866844415664,0.0967295616865158,0.4218304455280304,0.0066812769509851,-0.1067259684205055,0.3866572678089142,0.006952354684472,0.1510660648345947,0.7650461196899414,0.0827883929014206,-0.1129970327019691,0.742624819278717,0.0942572504281997
0.0215505193918943,-0.6565147638320923,-0.1259430348873138,0.1666313707828521,-0.5206956267356873,0.0509445890784263,0.318954586982727,-0.6181737184524536,0.0048326421529054,-0.1534904390573501,-0.5110846161842346,0.0575412288308143,-0.3568543493747711,-0.6194633841514587,0.0405710339546203,0.3359735012054443,-0.8318988680839539,-0.0941427275538444,-0.3988144099712372,-0.8212472200393677,-0.0526936575770378,0.1100107803940773,5.268234963295981e-05,-0.0005620850715786,-0.110037662088871,-0.0005249173264019,0.0014672563411295,0.096299335360527,0.4231662452220917,0.0128377750515937,-0.1065727546811103,0.3877512216567993,0.0049190856516361,0.1454624682664871,0.7651961445808411,0.0964107662439346,-0.1130727082490921,0.747683584690094,0.0944944620132446
0.0254179369658231,-0.656022310256958,-0.1250814795494079,0.1683149486780166,-0.5202872157096863,0.0512007288634777,0.3203809857368469,-0.6180365681648254,0.006172084249556,-0.1522314399480819,-0.510765016078949,0.0577362217009067,-0.3553496897220611,-0.6190652251243591,0.0407085306942462,0.3377702236175537,-0.8317316770553589,-0.0899610817432403,-0.3982212245464325,-0.8214089870452881,-0.0522276647388935,0.1100685223937034,6.732709880452603e-05,-0.0005450601456686,-0.1100934594869613,-0.000540925480891,0.0014532064087688,0.0972253829240799,0.423108160495758,0.0082908067852258,-0.1065543591976165,0.3877494931221008,0.0040040700696408,0.1515643745660781,0.76561039686203,0.0873425602912902,-0.1097707450389862,0.747230052947998,0.0921156331896781
0.0209165830165147,-0.6555659174919128,-0.1192420572042465,0.1669923514127731,-0.5199005603790283,0.0539305098354816,0.3175363838672638,-0.6208035945892334,0.0122221354395151,-0.1529693752527237,-0.5103691220283508,0.0624059177935123,-0.3547442853450775,-0.6220791339874268,0.0442010648548603,0.3377786576747894,-0.8393190503120422,-0.0766534879803657,-0.3983829319477081,-0.8281412720680237,-0.0508521497249603,0.1100879982113838,4.568031727103517e-05,-0.0005874696653336,-0.1101127564907074,-0.0005218919832259,0.0015003054868429,0.0960597023367881,0.4228652119636535,0.0079432651400566,-0.1067590042948722,0.3878795504570007,0.0030765775591135,0.1478689610958099,0.7655934691429138,0.0867906212806701,-0.1140006557106971,0.7494983673095703,0.0873684287071228
0.0263114403933286,-0.6554786562919617,-0.1213176026940345,0.1695193350315094,-0.5193222165107727,0.0537814050912857,0.3210943639278412,-0.6204718351364136,0.0132587682455778,-0.1516230553388595,-0.5102913975715637,0.0588581413030624,-0.352456271648407,-0.6225654482841492,0.0401866175234317,0.3409649729728699,-0.8375558257102966,-0.0732323601841926,-0.3917897641658783,-0.8294830322265625,-0.0516270622611045,0.1101780533790588,4.67297577415593e-05,-9.991511615226044e-05,-0.1102011352777481,-0.0005248558009043,0.0010262582218274,0.0984199494123458,0.4228802323341369,0.0087016178295016,-0.1068268418312072,0.3876389563083648,0.0032254483085125,0.1520900726318359,0.7655888199806213,0.0884160101413726,-0.1114917770028114,0.7470120787620544,0.091171771287918
0.0230699274688959,-0.6542714238166809,-0.117060400545597,0.166698008775711,-0.5186192393302917,0.0569689869880676,0.3165882229804992,-0.619157075881958,0.0173191949725151,-0.1528976112604141,-0.5095394849777222,0.0631119608879089,-0.3525209724903106,-0.6213180422782898,0.0439869277179241,0.3397282660007477,-0.8374533653259277,-0.0699684172868728,-0.3921564817428589,-0.8289164304733276,-0.0498121418058872,0.1101836487650871,2.7699363272404295e-05,-0.0001026471145451,-0.1102067530155181,-0.0005072232452221,0.0010278095724061,0.0950683057308197,0.4227858781814575,0.0092609226703643,-0.1058811619877815,0.3877845108509063,0.0029507058206945,0.1431386321783065,0.7655681371688843,0.0893304944038391,-0.1131311058998107,0.748302161693573,0.090588629245758
0.0283779650926589,-0.6551241874694824,-0.1182717829942703,0.1707173585891723,-0.518562376499176,0.0552966073155403,0.3210033774375915,-0.6199902892112732,0.0162167102098464,-0.1490560322999954,-0.5100381970405579,0.062319666147232,-0.3466436862945556,-0.6216058135032654,0.0437409728765487,0.3429453670978546,-0.8375741839408875,-0.0704456269741058,-0.3848779201507568,-0.8292326927185059,-0.048951007425785,0.1101936027407646,8.139857527567074e-05,-0.000106743100332,-0.1102164089679718,-0.0005626828642562,0.0010323005262762,0.0977334529161453,0.4227814078330993,0.0093229711055755,-0.1055275052785873,0.3876527547836303,0.0037706294097006,0.153322085738182,0.7655721306800842,0.0895194858312606,-0.1085859760642051,0.7470276355743408,0.094129666686058
0.0261043943464756,-0.6555692553520203,-0.1183712258934974,0.17003034055233,-0.5188792943954468,0.0547196790575981,0.3194912672042846,-0.6207249164581299,0.0143094789236783,-0.1493009179830551,-0.5100663900375366,0.0623713135719299,-0.3474232256412506,-0.6223705410957336,0.0445459298789501,0.3427988290786743,-0.8404970765113831,-0.0753628090023994,-0.3852368593215942,-0.8294419646263123,-0.0472335889935493,0.1101923808455467,5.370302460505627e-05,-0.0001234927767654,-0.1102165430784225,-0.0005351349245756,0.0010481805074959,0.0950877815485,0.4228577315807342,0.0126272784546017,-0.1036978513002395,0.3879967927932739,0.0038613793440163,0.1458494365215301,0.7653343677520752,0.0978029891848564,-0.1084551587700843,0.7483029961585999,0.0947802364826202
0.0268089100718498,-0.6538786888122559,-0.1183833628892898,0.1705456376075744,-0.5186570882797241,0.054655946791172,0.3205262422561645,-0.6172957420349121,0.0096405381336808,-0.1493491381406784,-0.5101008415222168,0.0624320767819881,-0.3475349545478821,-0.622028112411499,0.0447067320346832,0.3434104025363922,-0.8342127799987793,-0.0931708663702011,-0.3855425715446472,-0.8293911814689636,-0.0471059046685695,0.1102258935570716,0.0001035718232742,-0.0002195913693867,-0.1102479100227356,-0.0005859489319846,0.0011441388633102,0.0951747298240661,0.4229046404361725,0.0078225610777735,-0.1040727645158767,0.387757658958435,0.0037630535662174,0.1498835384845733,0.7658424377441406,0.086579605937004,-0.1083573997020721,0.7465366125106812,0.0938853248953819
0.0227529555559158,-0.6537843942642212,-0.1179900616407394,0.1691934019327163,-0.5180434584617615,0.0542114078998565,0.3199653029441833,-0.6177244186401367,0.009652211330831,-0.1501034349203109,-0.5101004242897034,0.0658450797200203,-0.3482536375522613,-0.6280576586723328,0.0522731393575668,0.3399949073791504,-0.8374316692352295,-0.0854442417621612,-0.3861783444881439,-0.8417619466781616,-0.0374700538814067,0.110196053981781,8.671073010191321e-05,-0.0009149579564109,-0.1102184057235717,-0.0005714219296351,0.0018461256986483,0.0950844809412956,0.4215053617954254,0.007908902131021,-0.1044138446450233,0.38776296377182,0.0044045615941286,0.1470013260841369,0.7647549510002136,0.088511049747467,-0.1109289154410362,0.7469024658203125,0.0937643945217132
0.0242442060261964,-0.6535497903823853,-0.1256855875253677,0.1695422083139419,-0.5175879001617432,0.0477870889008045,0.3206624686717987,-0.6182613372802734,0.0080641526728868,-0.1503117680549621,-0.5102136731147766,0.0587988905608654,-0.3522515892982483,-0.6302168965339661,0.0437685251235961,0.3401662409305572,-0.8375264406204224,-0.0837171822786331,-0.3866599202156067,-0.8432587385177612,-0.0464613102376461,0.1102402135729789,0.0001145311907748,-0.0009284735424444,-0.1102570965886116,-0.0006031664670445,0.0018603026401251,0.095382422208786,0.4212872982025146,0.0073579684831202,-0.1045685485005378,0.3872550427913666,0.0052810013294219,0.1479149758815765,0.7649120688438416,0.0863570719957351,-0.110381856560707,0.7438309788703918,0.0956864133477211
0.0251426044851541,-0.6543917655944824,-0.1215510889887809,0.1696751713752746,-0.5177289843559265,0.0495135299861431,0.3194501996040344,-0.6193325519561768,0.0080485939979553,-0.1495487242937088,-0.5104882121086121,0.0618126168847084,-0.347734123468399,-0.6306312084197998,0.0443770103156566,0.3387351334095001,-0.837768018245697,-0.0830492675304412,-0.3858108222484588,-0.8430764079093933,-0.0446782223880291,0.1102252155542373,0.000134894522489,-0.0010883976938202,-0.1102416440844535,-0.0006229394930414,0.0020097508095204,0.0953919738531112,0.421230137348175,0.0079882778227329,-0.1039839535951614,0.3873351812362671,0.0058789392933249,0.1452735066413879,0.764979898929596,0.0884893089532852,-0.1107386797666549,0.744941234588623,0.0958601236343383
0.0253823827952146,-0.6544727683067322,-0.1218814179301261,0.1698295027017593,-0.5174939036369324,0.0466885790228843,0.3193889558315277,-0.6200243234634399,0.0049911336973309,-0.1495199799537658,-0.5107104182243347,0.0619781091809272,-0.3477678894996643,-0.6319013833999634,0.047427449375391,0.338983416557312,-0.8388271927833557,-0.0844505801796913,-0.3856352865695953,-0.8449017405509949,-0.0394785329699516,0.1102588027715683,0.0001486561959609,-0.001508786692284,-0.1102739945054054,-0.0006376255187205,0.0024512722156941,0.0953430905938148,0.4211314022541046,0.0077395788393914,-0.1042104959487915,0.3870391845703125,0.0065653775818645,0.1464620232582092,0.7644546031951904,0.0886236429214477,-0.1108782440423965,0.743072509765625,0.0974747240543365
0.0230265464633703,-0.6546533703804016,-0.1222901567816734,0.168768435716629,-0.5175434947013855,0.0467084124684333,0.3186970949172973,-0.62416011095047,0.0063481805846095,-0.1502879112958908,-0.5107339024543762,0.0615944415330886,-0.3481464684009552,-0.6339829564094543,0.0470420941710472,0.3377661108970642,-0.8459581136703491,-0.0771162435412406,-0.386434257030487,-0.8484451174736023,-0.0404640920460224,0.1102555841207504,0.0001537163334432,-0.0015343142440542,-0.1102714017033577,-0.0006439600838348,0.0024768959265202,0.0942441150546073,0.4211218357086181,0.010914689861238,-0.1055384948849678,0.3869609236717224,0.0066730440594255,0.1443732231855392,0.7643167972564697,0.0953250676393508,-0.114897683262825,0.7434718608856201,0.0977009087800979
0.0273825451731681,-0.6547333598136902,-0.1223707497119903,0.1720028966665268,-0.517214834690094,0.0456599928438663,0.3196969032287597,-0.6241359710693359,0.0054880459792912,-0.1484906524419784,-0.5110359191894531,0.0619453750550746,-0.3475091457366943,-0.6340672969818115,0.0483905896544456,0.3391029834747314,-0.8449999094009399,-0.0786590799689292,-0.3846478760242462,-0.8482110500335693,-0.0381609722971916,0.1103872209787368,0.0001939095964189,-0.0019672834314405,-0.1104016900062561,-0.0006865487084724,0.0029257615096867,0.0948910117149353,0.421108216047287,0.0072741098701953,-0.1055109873414039,0.3869633972644806,0.0073979189619421,0.1494867652654647,0.7642849683761597,0.0888261497020721,-0.110506385564804,0.7432025671005249,0.0978517308831214
0.0271913781762123,-0.6547695994377136,-0.1223347634077072,0.1719940751791,-0.5174564123153687,0.0475084148347377,0.3199595510959625,-0.6256818175315857,0.0104911960661411,-0.148599088191986,-0.5111027359962463,0.0599903389811515,-0.3444317877292633,-0.6344847083091736,0.0432267077267169,0.3395061492919922,-0.8474060893058777,-0.0679921209812164,-0.3834040462970733,-0.8488149642944336,-0.0458604991436004,0.1105040609836578,0.0001515983021818,-0.00085012067575,-0.1105211675167083,-0.0006488569779321,0.0018071479862555,0.0959089249372482,0.4215413928031921,0.0115533908829092,-0.1034922748804092,0.3880848288536072,0.005663760472089,0.1494098901748657,0.7642970681190491,0.0975884273648262,-0.1085930988192558,0.7485719919204712,0.0964842438697815
0.0274452697485685,-0.654960036277771,-0.1248711794614791,0.1722397208213806,-0.517064094543457,0.0435827933251857,0.3214218914508819,-0.6253767609596252,0.0074553126469254,-0.1482337713241577,-0.5114071369171143,0.0597596168518066,-0.3444676995277405,-0.6350453495979309,0.0449635162949562,0.341104507446289,-0.8470044136047363,-0.0690226703882217,-0.3823674321174621,-0.8497167825698853,-0.0407843068242073,0.1105007082223892,0.0001875926973298,-0.0015266194241121,-0.110519528388977,-0.000684758531861,0.002481923205778,0.0962365493178367,0.4215336441993713,0.0115238362923264,-0.1037685647606849,0.3878963887691498,0.0092779966071248,0.1505826264619827,0.7639277577400208,0.0983791574835777,-0.1085562705993652,0.7442976236343384,0.1061542034149169
0.0271753352135419,-0.6552004218101501,-0.1269537657499313,0.1722133904695511,-0.5189964175224304,0.0435199625790119,0.3219099342823028,-0.6314296126365662,0.0076197190210223,-0.1484981775283813,-0.5127503275871277,0.0570315867662429,-0.3439025282859802,-0.6383740305900574,0.0422406494617462,0.3410922884941101,-0.8533521890640259,-0.0689185112714767,-0.3810324072837829,-0.8546780943870544,-0.0438498705625534,0.110565572977066,0.0001821153709897,-0.0012450974900275,-0.110584557056427,-0.0006806052988395,0.0022040957119315,0.0964995250105857,0.4220374226570129,0.0156190805137157,-0.1037941426038742,0.3881306946277618,0.0093252630904316,0.1500520557165146,0.7636997103691101,0.1055950820446014,-0.1113676577806472,0.745667040348053,0.1059785559773445
