head_x,head_y,head_z,left_shoulder_x,left_shoulder_y,left_shoulder_z,left_elbow_x,left_elbow_y,left_elbow_z,right_shoulder_x,right_shoulder_y,right_shoulder_z,right_elbow_x,right_elbow_y,right_elbow_z,left_hand_x,left_hand_y,left_hand_z,right_hand_x,right_hand_y,right_hand_z,left_hip_x,left_hip_y,left_hip_z,right_hip_x,right_hip_y,right_hip_z,left_knee_x,left_knee_y,left_knee_z,right_knee_x,right_knee_y,right_knee_z,left_foot_x,left_foot_y,left_foot_z,right_foot_x,right_foot_y,right_foot_z
-0.0047916206531226,-0.6164055466651917,-0.3265730738639831,0.1313590109348297,-0.5080335140228271,-0.1524418890476226,0.1935141235589981,-0.7151119709014893,-0.2160399407148361,-0.1376477628946304,-0.4976570606231689,-0.2012952268123626,-0.1970143467187881,-0.6768941879272461,-0.3233803808689117,0.2357685714960098,-0.9434385299682616,-0.2839601337909698,-0.1856333166360855,-0.9128995537757874,-0.4225635528564453,0.1051434874534607,-0.0010077193146571,0.012690395116806,-0.1054110378026962,0.0004640133411157,-0.0115209268406033,0.0867330282926559,0.4160898923873901,0.0344071425497531,-0.0856885388493537,0.3923029005527496,0.0015257737832143,0.1159497424960136,0.7595399618148804,0.155911237001419,-0.0682469829916954,0.7389570474624634,0.1345048248767852
-0.0035379468463361,-0.6160794496536255,-0.332323670387268,0.1312937438488006,-0.5076360106468201,-0.1562280803918838,0.1939394474029541,-0.7142277359962463,-0.2185371220111847,-0.1375773698091507,-0.497244119644165,-0.2078639864921569,-0.1972284466028213,-0.6747716069221497,-0.3313510119915008,0.2390376329421997,-0.9423512816429138,-0.2864065170288086,-0.1864255517721176,-0.9115298390388488,-0.4331955015659332,0.1051641404628753,-0.0010158495279029,0.0128263644874095,-0.1054307669401168,0.0004690846253652,-0.0116603672504425,0.0869523659348487,0.4161203801631927,0.0343972109258174,-0.0848977863788604,0.3927571773529053,0.0016350079094991,0.1162668913602829,0.7594977617263794,0.1566142737865448,-0.0676290318369865,0.7391155362129211,0.1360267102718353
-0.0035308909136801,-0.6159614324569702,-0.3288220167160034,0.1324138939380645,-0.5057954788208008,-0.1564259231090545,0.1938085854053497,-0.7087620496749878,-0.2283172011375427,-0.1368713229894638,-0.4964092969894409,-0.1997463107109069,-0.1966787427663803,-0.6740429401397705,-0.3259277641773224,0.2384713143110275,-0.9355977177619934,-0.3037544786930084,-0.1842465698719024,-0.9112628698349,-0.4309154152870178,0.1052829101681709,-0.0010263283038511,0.0124887088313698,-0.1055457442998886,0.0004782771575264,-0.0113330902531743,0.0891195237636566,0.4158588349819183,0.0322921648621559,-0.0848813503980636,0.3928559124469757,0.0019216511864215,0.1208323389291763,0.758878767490387,0.1564111560583114,-0.065625287592411,0.7391477227210999,0.1367480903863906
-0.0035476563498377,-0.6182082295417786,-0.3276699185371399,0.1329613327980041,-0.5059988498687744,-0.1565676480531692,0.1946467906236648,-0.7134994864463806,-0.2283009588718414,-0.1365079283714294,-0.497069388628006,-0.1983412504196167,-0.1970542520284652,-0.677101731300354,-0.3242785036563873,0.2382864952087402,-0.9409504532814026,-0.3027311265468597,-0.185371994972229,-0.9136844277381896,-0.4294523000717163,0.105335809290409,-0.0007656479137949,0.011819033883512,-0.1055946573615074,0.0002203770854976,-0.0106720831245183,0.0892242416739463,0.4158034920692444,0.0251847114413976,-0.0857610777020454,0.3927060663700104,0.0016587994759902,0.1226522475481033,0.7615368366241455,0.140324056148529,-0.064236581325531,0.7396203875541687,0.1307415664196014
-0.0033509896602481,-0.6178977489471436,-0.3299093544483185,0.1344470679759979,-0.5049178004264832,-0.1597899049520492,0.196770578622818,-0.713549792766571,-0.230314239859581,-0.1342417150735855,-0.4969706237316131,-0.200851708650589,-0.191576138138771,-0.6773025393486023,-0.3245071172714233,0.2384532690048217,-0.9417222142219543,-0.3024119138717651,-0.181458368897438,-0.9136694073677064,-0.4293027818202972,0.1053954660892486,-0.0005319464253261,0.0118954041972756,-0.1056520640850067,-1.679279921518173e-05,-0.0107424585148692,0.0890044569969177,0.4170876443386078,0.0253848209977149,-0.0843837410211563,0.3921931982040405,0.0002683039347175,0.1222408562898635,0.7632758021354675,0.1414782255887985,-0.0635072514414787,0.7396513819694519,0.1289673298597335
-0.0030048491898924,-0.6178920865058899,-0.3302500247955322,0.1354048550128936,-0.5049369931221008,-0.1636561155319214,0.196867361664772,-0.7136691212654114,-0.2363201230764389,-0.134095624089241,-0.497386634349823,-0.2009443193674087,-0.1918414831161499,-0.6782584190368652,-0.3238498866558075,0.2384336143732071,-0.9427512288093568,-0.3054390251636505,-0.1828795075416565,-0.915148675441742,-0.4285958111286163,0.105527363717556,-0.0004826965450774,0.0111462939530611,-0.1057774126529693,-6.498483708128333e-05,-0.0100001320242881,0.0893137007951736,0.4170836508274078,0.0233557503670454,-0.0863872542977333,0.3927142024040222,0.0033635776489973,0.1300290822982788,0.7631847262382507,0.1422335505485534,-0.0628524497151374,0.7394757866859436,0.1374302804470062
-0.0037145561072975,-0.6160001158714294,-0.3310810923576355,0.1352541893720626,-0.5046427249908447,-0.1645918786525726,0.1964441686868667,-0.7128939032554626,-0.2368172109127044,-0.1343902051448822,-0.4971748292446136,-0.2013387680053711,-0.1919394731521606,-0.6770028471946716,-0.3238130211830139,0.2373430579900741,-0.9426018595695496,-0.3051398992538452,-0.1819813847541809,-0.9143163561820984,-0.4284741580486297,0.1055842861533165,-0.0004631589981727,0.0111465090885758,-0.1058326661586761,-8.534696826245636e-05,-0.0099991941824555,0.089588277041912,0.4166709780693054,0.0223939716815948,-0.0863839909434318,0.3921386003494262,0.0014970668125897,0.1292918622493744,0.7625744342803955,0.1417139917612075,-0.063696451485157,0.7393535375595093,0.1326172798871994
-0.0018425919115543,-0.6158770322799683,-0.3314558267593384,0.1359091997146606,-0.5046805143356323,-0.1648925989866256,0.1969973295927047,-0.7145673036575317,-0.2361590564250946,-0.133680984377861,-0.4979836940765381,-0.2014217227697372,-0.1920517086982727,-0.6813309788703918,-0.3203482329845428,0.2368886470794677,-0.9436776638031006,-0.3022711277008056,-0.181188628077507,-0.9170383810997008,-0.4192701876163482,0.1055975407361984,-0.0003581821802072,0.0109178256243467,-0.1058433204889297,-0.0001935178879648,-0.0097662014886736,0.0897004976868629,0.4164406061172485,0.0222700331360101,-0.0852624326944351,0.3919136226177215,0.0019603502005338,0.1269255578517913,0.7616071701049805,0.1422016024589538,-0.0636586397886276,0.7373982071876526,0.1337804943323135
-0.0005550559144467,-0.6150290966033936,-0.3317848742008209,0.1357068568468094,-0.504458487033844,-0.1648291647434234,0.1964089423418045,-0.7136960625648499,-0.2364055961370468,-0.1337039917707443,-0.4979460835456848,-0.2033901512622833,-0.1916774660348892,-0.6812648177146912,-0.322340577840805,0.2361477464437484,-0.9416999816894532,-0.307882010936737,-0.180582970380783,-0.9170264005661012,-0.4204375743865967,0.1056432127952575,-0.0003404245362617,0.0111848236992955,-0.1058852896094322,-0.0002127931220456,-0.0100288605317473,0.0900456085801124,0.4164353311061859,0.0223123896867036,-0.0851258113980293,0.3920418322086334,0.0016900321934372,0.1275766491889953,0.7610026001930237,0.1441965848207473,-0.0636259615421295,0.7372905015945435,0.1347701102495193
-0.0013941836077719,-0.617990255355835,-0.3226240873336792,0.1355374306440353,-0.5046356916427612,-0.1542244106531143,0.1958662718534469,-0.7107298374176025,-0.2322027087211609,-0.1340372860431671,-0.4976082742214203,-0.196952149271965,-0.192051351070404,-0.6774896383285522,-0.3221239745616913,0.2361946254968643,-0.9348533153533936,-0.3078950345516205,-0.1806108951568603,-0.91401869058609,-0.4214462041854858,0.1056906580924987,-0.0003354783693794,0.0114582274109125,-0.105933628976345,-0.0002181365271098,-0.0103089222684502,0.0897861942648887,0.4167511165142059,0.0240724217146635,-0.0850654318928718,0.3920106887817383,0.0010324291652068,0.1244773045182228,0.7612544298171997,0.1445557028055191,-0.0636401996016502,0.7373750805854797,0.1340057998895645
-0.0020051007159054,-0.6194891333580017,-0.321159690618515,0.1355188190937042,-0.5055651664733887,-0.1539458036422729,0.195515975356102,-0.712156355381012,-0.2321185022592544,-0.1346207857131958,-0.4981650114059448,-0.1949846446514129,-0.1938343048095703,-0.6799214482307434,-0.3206614553928375,0.2344571650028228,-0.9358578324317932,-0.3092040717601776,-0.1843679547309875,-0.9168977737426758,-0.4209835231304168,0.1057448089122772,-0.0002387131098657,0.0109415119513869,-0.105985589325428,-0.0003119290340691,-0.0098083913326263,0.0891880467534065,0.4167349934577942,0.0216427389532327,-0.0868835672736167,0.3920969665050506,0.0016229675384238,0.1254240274429321,0.763248860836029,0.1356403082609176,-0.0635440796613693,0.7389857769012451,0.1322741210460662
-0.0013018498430028,-0.6188507080078125,-0.322220116853714,0.1354851424694061,-0.5054726600646973,-0.1542165279388427,0.1954372227191925,-0.7121303677558899,-0.2286587804555893,-0.1341884881258011,-0.4980752468109131,-0.1977330595254898,-0.1922156661748886,-0.6798881888389587,-0.3222834467887878,0.2344604432582855,-0.9359842538833618,-0.3016110360622406,-0.1813763678073883,-0.9169675707817078,-0.4211859405040741,0.1057425290346145,-0.0002151030203094,0.0114699630066752,-0.1059817746281623,-0.0003374653460923,-0.0103326393291354,0.08914315700531,0.4170953333377838,0.0244808737188577,-0.08583864569664,0.3921800255775451,0.0014649453805759,0.1244641244411468,0.7634438276290894,0.1403207778930664,-0.0632873848080635,0.7393031120300293,0.1322011053562164
-0.0019624622073024,-0.6176727414131165,-0.328551709651947,0.1345439106225967,-0.5053590536117554,-0.160411462187767,0.1939816772937774,-0.7125364542007446,-0.234292522072792,-0.1346065551042556,-0.4980150163173675,-0.2018214017152786,-0.1933034211397171,-0.6799035668373108,-0.3254602253437042,0.2336814552545547,-0.9371850490570068,-0.3054405450820923,-0.1815766096115112,-0.9167185425758362,-0.4252550303936004,0.1057440564036369,-0.0001643650175537,0.011062242090702,-0.1059811562299728,-0.000388802436646,-0.0099203586578369,0.0890693217515945,0.4167051017284393,0.023290054872632,-0.0858552381396293,0.392175555229187,0.0019655616488307,0.1242575421929359,0.7630141973495483,0.1391195356845855,-0.0633439198136329,0.7391380071640015,0.1319188475608825
-0.0016112986486405,-0.6165767908096313,-0.3290647864341736,0.1341674774885177,-0.5045596957206726,-0.1603935658931732,0.1932843923568725,-0.711288332939148,-0.2340602874755859,-0.1343026161193847,-0.496663749217987,-0.2041814625263214,-0.1918537467718124,-0.6771737337112427,-0.3312754333019256,0.2332081049680709,-0.9369937181472778,-0.3054887652397156,-0.1776727437973022,-0.9155454635620116,-0.4341285228729248,0.1057552695274353,-0.0002087658067466,0.0113875064998865,-0.105992391705513,-0.0003466467314865,-0.0102476282045245,0.0896917581558227,0.4164710342884063,0.0255616530776023,-0.0855113938450813,0.392399787902832,0.0020427173003554,0.1252947449684143,0.7605136036872864,0.1470856815576553,-0.0633608028292656,0.7390660643577576,0.134764552116394
-0.0072317668236792,-0.616997241973877,-0.3239272832870483,0.1339865624904632,-0.5060840845108032,-0.1603639423847198,0.1930845379829406,-0.7200596928596497,-0.2370646595954895,-0.1363544017076492,-0.4966537058353424,-0.2003233581781387,-0.1949371248483657,-0.6783857345581055,-0.330361545085907,0.2266254872083664,-0.945833683013916,-0.30758136510849,-0.1830408275127411,-0.9175013303756714,-0.4322978258132934,0.1058280766010284,-0.0001484484528191,0.0108330268412828,-0.1060667037963867,-0.0004009272379335,-0.0097012408077716,0.0896566957235336,0.4156559407711029,0.0199675057083368,-0.0886887535452842,0.3921136558055877,0.0019119805656373,0.1224814429879188,0.7607530355453491,0.1423378437757492,-0.0691198855638504,0.7388763427734375,0.1326500028371811
-0.0071379886940121,-0.6132159233093262,-0.3300927877426147,0.13380067050457,-0.5033743977546692,-0.1682637333869934,0.190427765250206,-0.717797577381134,-0.2563328742980957,-0.1368431448936462,-0.4948739409446716,-0.2040139287710189,-0.1970358490943908,-0.6779801845550537,-0.3315461277961731,0.2207395136356353,-0.9432925581932068,-0.3340193331241607,-0.1877486407756805,-0.9160243272781372,-0.4322063326835632,0.1059653311967849,-0.0001340396847808,0.0107215605676174,-0.1062027364969253,-0.0004156838112976,-0.0095858257263898,0.089650884270668,0.4158232510089874,0.017464967444539,-0.0886333510279655,0.3920381069183349,0.0016698818653821,0.1218259260058403,0.7607710957527161,0.1425557881593704,-0.0697515308856964,0.7380126714706421,0.1332354843616485
-0.00688700331375,-0.6122310161590576,-0.3321456909179687,0.1312364041805267,-0.5031425356864929,-0.1682364344596862,0.1881095021963119,-0.7156751751899719,-0.2542088031768799,-0.1387051790952682,-0.4935836493968963,-0.2102414071559906,-0.2012111097574234,-0.6760305166244507,-0.3366013467311859,0.2210619151592254,-0.941539704799652,-0.331252247095108,-0.1947937160730362,-0.9130171537399292,-0.4336211383342743,0.1060361042618751,-0.0003111939586233,0.0111999679356813,-0.1062807440757751,-0.0002423995756544,-0.0100656813010573,0.0897818729281425,0.4160175919532776,0.0181390028446912,-0.0887785330414772,0.3931055068969726,0.0017009462462738,0.1217344030737876,0.7607366442680359,0.1524069756269455,-0.0700809955596923,0.7383067607879639,0.1377900093793869
-0.0005348539561964,-0.6122666001319885,-0.3332661390304565,0.1333611458539962,-0.5032421350479126,-0.1682159155607223,0.1900736838579177,-0.715593159198761,-0.2529956698417663,-0.1371943354606628,-0.4935546219348907,-0.2109701484441757,-0.2042352557182312,-0.6765064001083374,-0.3363669216632843,0.2249036282300949,-0.9414833188056946,-0.3298452794551849,-0.1967623084783554,-0.9147116541862488,-0.4301332533359527,0.1060679256916046,-0.000437305716332,0.0111598726361989,-0.1063184589147567,-0.0001161320469691,-0.0100291743874549,0.0904974564909935,0.4159250259399414,0.019432708621025,-0.0882872715592384,0.3939659893512726,0.0034350093919783,0.1219725236296653,0.760115921497345,0.1556926518678665,-0.0706640109419822,0.738178014755249,0.1418458819389343
-0.0005721010966226,-0.6103994250297546,-0.3438062965869903,0.1334704756736755,-0.5011106729507446,-0.1797768026590347,0.1900475919246673,-0.71449875831604,-0.2661002874374389,-0.137189581990242,-0.4934788048267364,-0.2150614559650421,-0.2042582631111145,-0.6764056086540222,-0.3375781178474426,0.2246690839529037,-0.9405778050422668,-0.3401193022727966,-0.1964661926031112,-0.9129772782325744,-0.433186799287796,0.1061355024576187,-0.0002634944976307,0.0108155161142349,-0.1063802391290664,-0.0002975683310069,-0.009665934368968,0.0889340862631797,0.4163771569728851,0.0192465465515851,-0.0882227197289466,0.3937150239944458,0.0036249589174985,0.1183052584528923,0.7606804966926575,0.1533048301935196,-0.0703530982136726,0.7379335165023804,0.1408549696207046
-0.0006044611218385,-0.6102724075317383,-0.3396306335926056,0.1335325837135315,-0.501785159111023,-0.1742603927850723,0.1901267170906067,-0.714566707611084,-0.2549484372138977,-0.1370863765478134,-0.4933889806270599,-0.2126263529062271,-0.2047232538461685,-0.6757798790931702,-0.3365288972854614,0.2244668155908584,-0.940536081790924,-0.3269018530845642,-0.1963219791650772,-0.9126741886138916,-0.4320249259471893,0.1061590239405632,-0.0003248923749197,0.010846653021872,-0.1064047664403915,-0.0002368110581301,-0.009699928574264,0.0892758816480636,0.4163984358310699,0.0192834567278623,-0.0881933197379112,0.3939533233642578,0.0042482810094952,0.1183497160673141,0.7602992653846741,0.1557494401931762,-0.0710446238517761,0.7377287745475769,0.1442798823118209
-0.001308083999902,-0.6102363467216492,-0.3394327163696289,0.1316263675689697,-0.5021088123321533,-0.1728667169809341,0.1895002424716949,-0.7145982384681702,-0.2482183128595352,-0.1376788169145584,-0.4929704666137695,-0.2155011594295501,-0.2047913074493408,-0.6755826473236084,-0.3403998911380768,0.2255908697843551,-0.941278874874115,-0.3214704394340515,-0.1963551789522171,-0.9126805067062378,-0.4340561330318451,0.1061743199825286,-0.0003645850811153,0.0115531990304589,-0.1064226776361465,-0.0001980225206352,-0.0104137361049652,0.0887499377131462,0.4165660738945007,0.0207924637943506,-0.0882029235363006,0.394042432308197,0.0029666938353329,0.1168328002095222,0.7602660655975342,0.158284455537796,-0.0728174075484275,0.7377596497535706,0.1439198702573776
-0.002088624285534,-0.6112378835678101,-0.3341256380081177,0.1315848976373672,-0.5033280849456787,-0.1687408685684204,0.1888086348772049,-0.7162003517150879,-0.244895190000534,-0.1376253962516784,-0.4929715096950531,-0.20992511510849,-0.2053176760673523,-0.6756977438926697,-0.3346039354801178,0.2223812788724899,-0.9435467720031738,-0.3169252872467041,-0.1965470165014267,-0.9130406379699708,-0.4290620386600494,0.1061899289488792,-0.0004236194363329,0.0115909101441502,-0.1064391657710075,-0.0001363729825243,-0.0104539431631565,0.0894922390580177,0.4164094924926758,0.0208213180303573,-0.0881618559360504,0.3940355181694031,0.0025588313583284,0.1202427446842193,0.7601183652877808,0.1581251323223114,-0.072847194969654,0.7373903393745422,0.1437629759311676
-0.0025771607179194,-0.6106693148612976,-0.3352244794368744,0.1308053433895111,-0.5021031498908997,-0.170291855931282,0.1876427680253982,-0.7140020728111267,-0.2549542784690857,-0.1387585699558258,-0.4917102754116058,-0.2123033106327057,-0.2053452432155609,-0.6748849749565125,-0.3385719954967499,0.2213221937417984,-0.9398236870765686,-0.3358754813671112,-0.196875050663948,-0.9128898978233336,-0.4323849081993103,0.1062939912080764,-0.0004362359468359,0.0115663353353738,-0.1065458059310913,-0.000124662023154,-0.0104278000071644,0.0886871591210365,0.4169225692749023,0.0205713473260402,-0.0894560143351554,0.3942768573760986,0.0027941674925386,0.1194969788193702,0.7604185938835144,0.1583555489778518,-0.0729778632521629,0.7375340461730957,0.1440445929765701
-0.0022308093030005,-0.6113455295562744,-0.3327720165252685,0.1330455094575882,-0.5030223727226257,-0.1681172400712967,0.187992125749588,-0.716755211353302,-0.2546990811824798,-0.1372796595096588,-0.4923417568206787,-0.2080806195735931,-0.2066952586174011,-0.6744840741157532,-0.3379268050193786,0.221076413989067,-0.9417941570281982,-0.334632009267807,-0.1964859515428543,-0.9106797575950624,-0.4325917661190033,0.1062819361686706,-0.0003985814691986,0.0110178310424089,-0.106536753475666,-0.0001612088381079,-0.0098873283714056,0.0886911302804946,0.4164643883705139,0.0220620147883892,-0.088714525103569,0.3941278159618377,0.0074855689890682,0.1191375032067298,0.7584888935089111,0.1585380434989929,-0.0740093365311622,0.736294150352478,0.1471224129199981
-0.0019663032144308,-0.6107138991355896,-0.3422051668167114,0.133221223950386,-0.5020679831504822,-0.1764260530471801,0.1885560601949691,-0.7166334986686707,-0.2594692409038543,-0.1371219903230667,-0.4923329949378967,-0.2143566161394119,-0.205690711736679,-0.6747239828109741,-0.3393881916999817,0.2229440063238144,-0.9419258236885072,-0.3350197970867157,-0.196175217628479,-0.910472810268402,-0.4347961544990539,0.1063074991106987,-0.0002464335993863,0.0110118873417377,-0.1065601631999015,-0.0003184294037055,-0.0098792975768446,0.0876397863030433,0.4175870716571808,0.0219575837254524,-0.0886670127511024,0.3938541114330292,0.0059143831022083,0.1172972247004509,0.7606827020645142,0.155872642993927,-0.0738106742501258,0.7362921237945557,0.1420105397701263
-0.0020672229584306,-0.6108222007751465,-0.3384787440299988,0.1320838034152984,-0.5025061964988708,-0.1711993217468261,0.1875791847705841,-0.7158393263816833,-0.2552342414855957,-0.1377919465303421,-0.4920216500759125,-0.2142889648675918,-0.2052366733551025,-0.6746795177459717,-0.3399015963077545,0.2229015380144119,-0.9401129484176636,-0.3345330059528351,-0.1961330324411392,-0.9104854464530944,-0.4349712431430816,0.1063216850161552,-0.0003347495221532,0.0111872013658285,-0.106575459241867,-0.0002301315544173,-0.0100583536550402,0.0873356238007545,0.4176247417926788,0.0220337323844432,-0.08915676176548,0.3945647478103637,0.0059534716419875,0.1171664372086525,0.7601723074913025,0.1599864959716797,-0.0739880055189132,0.736366331577301,0.145560085773468
-0.0066703958436846,-0.6147682666778564,-0.3159255981445312,0.131303384900093,-0.5051183104515076,-0.1518789082765579,0.1872986406087875,-0.7158531546592712,-0.2280615717172622,-0.1393475830554962,-0.4925506711006164,-0.1878014653921127,-0.2077508717775344,-0.6749334335327148,-0.3112357556819916,0.2198296338319778,-0.939990758895874,-0.3016652464866638,-0.1960955411195755,-0.9120454788208008,-0.4077741205692291,0.1063049212098121,-0.0004796085413545,0.0108432946726679,-0.1065587922930717,-8.204927144106477e-05,-0.0097297485917806,0.0874707847833633,0.4168867468833923,0.0219842754304409,-0.0914920270442962,0.3948725461959839,0.0076225465163588,0.1184465587139129,0.7600102424621582,0.1572931706905365,-0.0743439421057701,0.7382314801216125,0.1463169902563095
-0.0066153015941381,-0.61472487449646,-0.317153662443161,0.1317037343978881,-0.5053645372390747,-0.1523295044898986,0.1873193681240081,-0.7144215106964111,-0.2304900884628296,-0.1392873376607895,-0.4924482107162475,-0.190628096461296,-0.2057798206806183,-0.6748394966125488,-0.3143264055252075,0.219836950302124,-0.936775803565979,-0.3050715923309326,-0.1933653205633163,-0.9121469855308532,-0.4100194573402405,0.1064101532101631,-0.0005527597968466,0.0108711998909711,-0.1066688150167465,-1.0636967090249527e-05,-0.009759047999978,0.0887595117092132,0.4167431592941284,0.0219007655978202,-0.0920446887612342,0.3953761160373688,0.0079449396580457,0.1202363595366478,0.7601810097694397,0.1571090817451477,-0.0738508701324462,0.7412676811218262,0.1462455987930297
-0.0014482161495834,-0.6146214008331299,-0.3211636245250702,0.1350409984588623,-0.5051403045654297,-0.1539506316184997,0.1912353932857513,-0.71513831615448,-0.2312349379062652,-0.1348148435354232,-0.4922644197940826,-0.1951491683721542,-0.2017537653446197,-0.6753107905387878,-0.3245193660259247,0.2238529473543167,-0.9380587935447692,-0.3070199489593506,-0.1847993731498718,-0.9123619198799132,-0.4230419099330902,0.1064215004444122,-0.0005657126312144,0.0110205030068755,-0.1066817194223404,1.7662254094830132e-06,-0.009914880618453,0.0896539837121963,0.4167312681674957,0.0231047328561544,-0.0907120555639267,0.3955976366996765,0.0081828078255057,0.120117962360382,0.7600818872451782,0.1596799492835998,-0.0725295841693878,0.7414984107017517,0.1468408703804016
-0.0014539645053446,-0.6114507913589478,-0.3347674310207367,0.1350047141313552,-0.503024697303772,-0.169104129076004,0.1913861483335495,-0.7150485515594482,-0.2486952990293502,-0.13494673371315,-0.4915661513805389,-0.2068381309509277,-0.2020750343799591,-0.6751447319984436,-0.3367714583873749,0.2233187407255172,-0.9380930066108704,-0.3218799829483032,-0.1851124614477157,-0.912070333957672,-0.4362445473670959,0.1064522787928581,-0.0004925485700368,0.0103375054895877,-0.1067130267620086,-7.145537529140711e-05,-0.0092276008799672,0.0897811278700828,0.4168062806129455,0.0175065733492374,-0.0906911492347717,0.3957513272762298,0.0084649231284856,0.1272814273834228,0.7618946433067322,0.1527087986469268,-0.066897451877594,0.7429527044296265,0.1461872905492782
0.0022325844038277,-0.6113490462303162,-0.3345906436443329,0.1365006417036056,-0.503241240978241,-0.1658749133348465,0.1946571767330169,-0.7173397541046143,-0.239821583032608,-0.1330510377883911,-0.4916345179080963,-0.2089238911867141,-0.1978581398725509,-0.6775612235069275,-0.3408481478691101,0.2285777777433395,-0.940624475479126,-0.3125064671039581,-0.177148550748825,-0.9128624200820924,-0.4378613531589508,0.1064239665865898,-0.0005000834935344,0.0112639097496867,-0.1066910102963447,-6.451937224483117e-05,-0.0101742716506123,0.0907632336020469,0.4168017506599426,0.0206295941025018,-0.0880306959152221,0.3957791924476623,0.0080717084929347,0.1259452551603317,0.7618791460990906,0.1539951711893081,-0.0660372897982597,0.7430070042610168,0.1448014676570892
0.0011825206456705,-0.6112488508224487,-0.3344355225563049,0.1353079229593277,-0.5034129023551941,-0.1657578200101852,0.1925152987241745,-0.7181404829025269,-0.2400242239236831,-0.1349672675132751,-0.491339772939682,-0.2095586657524109,-0.2030748575925827,-0.6778803467750549,-0.3441350162029266,0.2229511886835098,-0.9409727454185486,-0.3150359690189361,-0.1793417781591415,-0.913648784160614,-0.4418795704841614,0.1064328104257583,-0.0004480999778024,0.0110419681295752,-0.1067017540335655,-0.0001149519739556,-0.0099619701504707,0.0894199162721633,0.4169971942901611,0.018772754818201,-0.0923469811677932,0.3958039879798889,0.0080761406570672,0.126260906457901,0.7625047564506531,0.1518957018852234,-0.0656471624970436,0.7437440752983093,0.1439343988895416
0.0002283605717821,-0.6118795871734619,-0.3331115543842315,0.1330441385507583,-0.5048903226852417,-0.1602224260568618,0.1913071423768997,-0.7213713526725769,-0.2272744923830032,-0.135949820280075,-0.4914247989654541,-0.2110235095024109,-0.2050019800662994,-0.6791097521781921,-0.3462472259998321,0.2233717441558838,-0.9447473287582396,-0.2997563183307647,-0.1816261857748031,-0.9141464233398438,-0.4417958259582519,0.1064264401793479,-0.0006403441657312,0.0123585006222128,-0.1066996306180954,7.473205914720893e-05,-0.0112875783815979,0.0913466811180114,0.4167125821113586,0.0220431387424469,-0.0918323844671249,0.3965577483177185,0.0079895136877894,0.1256348639726638,0.76186603307724,0.1575662344694137,-0.0660146698355674,0.7438977956771851,0.1441443264484405
0.0068294866941869,-0.6137450337409973,-0.3312342464923858,0.1333022862672805,-0.5054066777229309,-0.1551245003938675,0.1910830438137054,-0.7219429016113281,-0.2206779867410659,-0.1347842067480087,-0.4914227724075317,-0.214725911617279,-0.2047823816537857,-0.6791573166847229,-0.3557241261005401,0.2256304770708084,-0.9450418949127196,-0.2955116331577301,-0.1819236427545547,-0.9141518473625184,-0.4488487541675567,0.1063928753137588,-0.0006546099320985,0.0141562409698963,-0.1066710129380226,8.949431503424421e-05,-0.0131024084985256,0.0917419269680976,0.4168931543827057,0.0230845343321561,-0.0909526422619819,0.3967637419700622,0.0055391164496541,0.1251284778118133,0.7619543075561523,0.1577776223421096,-0.0660583674907684,0.7440710067749023,0.1415013819932937
0.0064901858568191,-0.6137405037879944,-0.3313335180282593,0.1332747042179107,-0.5057264566421509,-0.1552584320306778,0.189603254199028,-0.7222975492477417,-0.2218313962221145,-0.1348040848970413,-0.4909190833568573,-0.215397834777832,-0.2047392427921295,-0.6759751439094543,-0.3580102920532226,0.2218887656927108,-0.9458773732185364,-0.2954287230968475,-0.1820710897445678,-0.9119091629981996,-0.4573080241680145,0.106390543282032,-0.0006453715614043,0.0144688915461301,-0.1066694557666778,7.94726875028573e-05,-0.0134015064686536,0.088084302842617,0.4178217053413391,0.0237266775220632,-0.0909238383173942,0.396765261888504,0.0051592225208878,0.1184372082352638,0.7622489333152771,0.1577666103839874,-0.0661155059933662,0.7440782785415649,0.140458196401596
0.0042150588706135,-0.61257404088974,-0.3313192129135132,0.1307574361562729,-0.5046576261520386,-0.1559691429138183,0.1878572404384613,-0.7178239822387695,-0.2314625829458236,-0.1362572759389877,-0.489706814289093,-0.2161788046360016,-0.2024944871664047,-0.6699180006980896,-0.3582113087177276,0.2204494327306747,-0.941260039806366,-0.312651664018631,-0.1816530972719192,-0.906873106956482,-0.4578419625759125,0.1064356714487075,-0.0007404896314255,0.0145681537687778,-0.1067177578806877,0.000172965665115,-0.0134915430098772,0.0888908430933952,0.4173270463943481,0.0228418409824371,-0.0908858180046081,0.3966440558433532,0.0042097056284546,0.1184595972299575,0.7617654800415039,0.1575529873371124,-0.0662377029657363,0.7440585494041443,0.1401572078466415
0.0036438757088035,-0.6141856908798218,-0.3266218900680542,0.1312011033296585,-0.5060341358184814,-0.1536895185708999,0.1879250705242157,-0.7208783030509949,-0.2252658456563949,-0.1364336013793945,-0.4899330139160156,-0.2060031741857528,-0.2095729261636734,-0.6706121563911438,-0.341319739818573,0.2204550504684448,-0.9453386068344116,-0.2998873889446258,-0.1922258138656616,-0.9122286438941956,-0.4380620718002319,0.1064510121941566,-0.0008436052594333,0.0141887534409761,-0.1067345961928367,0.0002780111390165,-0.0131215332075953,0.089430846273899,0.417280912399292,0.0223912056535482,-0.0910101234912872,0.3971632122993469,0.0050029088743031,0.1188060939311981,0.7619455456733704,0.1564982384443283,-0.0670672282576561,0.7445693016052246,0.1404415220022201
0.0040530459955334,-0.612746000289917,-0.3268528580665588,0.1312265396118164,-0.5055351853370667,-0.1540108770132064,0.187891274690628,-0.7162284255027771,-0.2258689254522323,-0.1365963518619537,-0.4898573160171509,-0.2098070681095123,-0.2063783407211303,-0.6698875427246094,-0.3500056266784668,0.2206418067216873,-0.9404990077018738,-0.3007806241512298,-0.1854964196681976,-0.912147581577301,-0.4497421681880951,0.1065449193120002,-0.0009101680479943,0.0142625514417886,-0.1068336069583892,0.0003446920309215,-0.0131943626329302,0.0893265232443809,0.4174912869930267,0.0206091925501823,-0.0909113213419914,0.3972563743591308,0.0049132630228996,0.1188389733433723,0.7624041438102722,0.1569478511810302,-0.06356992572546,0.7443680167198181,0.1413346379995346
0.0046688802540302,-0.6169795393943787,-0.3049143552780151,0.1393826901912689,-0.5075640082359314,-0.1420229822397232,0.1896345764398574,-0.7173863649368286,-0.2156452983617782,-0.1318344175815582,-0.493590235710144,-0.1775994300842285,-0.2060824632644653,-0.6751536130905151,-0.3017417788505554,0.2203366458415985,-0.9427767992019652,-0.286032497882843,-0.1870344430208206,-0.9143930673599244,-0.400161862373352,0.106532946228981,-0.0007200483232736,0.0131341777741909,-0.1068186536431312,0.0001568313746247,-0.012073703110218,0.0893639475107193,0.4175487756729126,0.0219775643199682,-0.0878804624080658,0.3968508541584015,0.0067707379348576,0.1172336712479591,0.7629446387290955,0.1563598662614822,-0.0634405985474586,0.7435662150382996,0.142522394657135
0.0061456775292754,-0.6158645153045654,-0.321727991104126,0.1390960067510604,-0.5031676888465881,-0.1614752411842346,0.1924067437648773,-0.7117623686790466,-0.2415191084146499,-0.1319557130336761,-0.4935471415519714,-0.1961697041988372,-0.1983433067798614,-0.6751182079315186,-0.3189806044101715,0.2299847304821014,-0.9377454519271852,-0.3144222497940063,-0.1792505979537964,-0.914547860622406,-0.4125347733497619,0.1066647246479988,-0.0007172996993176,0.0111397262662649,-0.1069479808211326,0.0001532686437712,-0.0100682182237505,0.0912952646613121,0.4170602262020111,0.0147913349792361,-0.09058278799057,0.3968014419078827,0.0073151439428329,0.138751283288002,0.7602666020393372,0.1559886783361435,-0.0561131201684474,0.7430335283279419,0.1470069140195846
0.0039814882911741,-0.614300549030304,-0.3281024992465973,0.1380960494279861,-0.5036040544509888,-0.1632210910320282,0.1920506358146667,-0.7185544371604919,-0.2413789182901382,-0.1329530626535415,-0.4926671385765075,-0.1993221491575241,-0.2068694531917572,-0.6736541986465454,-0.321908563375473,0.2243867665529251,-0.942907452583313,-0.314336359500885,-0.1854418665170669,-0.9111312031745912,-0.4196068942546844,0.1065758392214775,-0.0006716510397382,0.0109732374548912,-0.106853537261486,0.000106493680505,-0.0098877334967255,0.0892236903309822,0.417241096496582,0.0150904990732669,-0.0903588905930519,0.3968088328838348,0.0090312706306576,0.124256707727909,0.7633192539215088,0.1463228613138198,-0.0592577643692493,0.7431865334510803,0.1450332552194595
0.0033599131274968,-0.6108638644218445,-0.3361745774745941,0.136818990111351,-0.5026019215583801,-0.1698337197303772,0.1920606344938278,-0.7151398658752441,-0.2495944648981094,-0.1335495263338089,-0.4926218688488006,-0.2096781879663467,-0.2019842267036438,-0.6723300814628601,-0.3328561186790466,0.2245142459869384,-0.9396814703941344,-0.3236842453479767,-0.1851794272661209,-0.9104628562927246,-0.4325574040412903,0.106635458767414,-0.0006624138914048,0.0108446087688207,-0.1069112941622734,9.66854131547734e-05,-0.009748158045113,0.0892488658428192,0.4172921776771545,0.0145791098475456,-0.0889681354165077,0.3967916369438171,0.007914756424725,0.1261302381753921,0.7633590698242188,0.1464996188879013,-0.059268519282341,0.7431702017784119,0.1436979621648788
0.0033299075439572,-0.6122434735298157,-0.3259530365467071,0.1362286359071731,-0.5037165880203247,-0.1585675776004791,0.1901526600122451,-0.7154965400695801,-0.2367018759250641,-0.1343191862106323,-0.4925251007080078,-0.20306296646595,-0.2043496370315551,-0.6722137928009033,-0.3323036730289459,0.221987783908844,-0.9397935271263124,-0.3149589300155639,-0.1903721839189529,-0.9114609360694884,-0.4324894845485687,0.1066125258803367,-0.0007324357284232,0.0112390080466866,-0.1068863049149513,0.0001673748483881,-0.0101473880931735,0.089806318283081,0.417385071516037,0.0162384863942861,-0.0899140238761901,0.3968574404716491,0.007597938645631,0.1257818788290023,0.7637425065040588,0.1466620862483978,-0.0593487992882728,0.743597686290741,0.1406589299440384
0.0031580631621181,-0.6116299629211426,-0.3296593129634857,0.1354234516620636,-0.5033990144729614,-0.1599013060331344,0.19000805914402,-0.7154738306999207,-0.2366739213466644,-0.1344169378280639,-0.4911259114742279,-0.2116042822599411,-0.2043197900056839,-0.6712303757667542,-0.351219117641449,0.2258141785860061,-0.9407711029052734,-0.3146255314350128,-0.1894525438547134,-0.911427676677704,-0.455922394990921,0.1066350191831588,-0.0007384998025372,0.0117003209888935,-0.1069122776389122,0.0001739172148518,-0.0106189846992492,0.0885043069720268,0.4180812537670135,0.0163169987499713,-0.0899137333035469,0.3970107436180115,0.0069401231594383,0.1215618625283241,0.7652530670166016,0.1476027518510818,-0.059441078454256,0.7437419295310974,0.140645757317543
0.003125570481643,-0.6111346483230591,-0.3296883106231689,0.1353118270635604,-0.503402054309845,-0.1609068661928177,0.1887850165367126,-0.7153605222702026,-0.2417325675487518,-0.1345060765743255,-0.4910741448402405,-0.2111037522554397,-0.2045495361089706,-0.6713019609451294,-0.3506507873535156,0.2204983532428741,-0.9400222897529602,-0.320874959230423,-0.1898025572299957,-0.911746859550476,-0.4539176821708679,0.1066408231854438,-0.0007384444470517,0.0116728162392973,-0.1069176495075225,0.0001742361055221,-0.010589993558824,0.0888234227895736,0.4180985987186432,0.0163636244833469,-0.0894001349806785,0.397006094455719,0.0065983110107481,0.1215979978442192,0.7651981115341187,0.1475563943386078,-0.0604141913354396,0.7437254786491394,0.1397760212421417
0.003097015665844,-0.6100863218307495,-0.3326190710067749,0.1325256377458572,-0.5025380253791809,-0.1616223305463791,0.188412457704544,-0.7131303548812866,-0.2418020218610763,-0.1360917687416076,-0.49008309841156,-0.2199397385120391,-0.2034871876239776,-0.6708291172981262,-0.3629136681556701,0.2225930243730545,-0.9377096891403198,-0.3219309151172638,-0.18687105178833,-0.911724865436554,-0.4642092287540436,0.1066553592681884,-0.0008214439731091,0.0127102704718709,-0.1069356948137283,0.0002577285922598,-0.0116369556635618,0.0887641310691833,0.4186077117919922,0.0174659993499517,-0.0894461125135421,0.3974075317382812,0.0057125827297568,0.1211236640810966,0.7652230858802795,0.1537425071001052,-0.0604809448122978,0.744028627872467,0.1402069926261901
0.0036652204580605,-0.6105167269706726,-0.3325402736663818,0.1324808150529861,-0.5028403997421265,-0.1598164290189743,0.1885134875774383,-0.7133235931396484,-0.2358149886131286,-0.1360909193754196,-0.4896140396595001,-0.2194783389568328,-0.2050220072269439,-0.6685036420822144,-0.3610808849334717,0.2248699367046356,-0.938826322555542,-0.3177773058414459,-0.1882431358098983,-0.9101212620735168,-0.4621147215366363,0.1066775321960449,-0.0009870151989161,0.0135618187487125,-0.1069623306393623,0.0004225733573548,-0.0124862343072891,0.0920617580413818,0.4183280169963836,0.0192656219005584,-0.0889345481991767,0.3976505398750305,0.0036515081301331,0.1239467859268188,0.7652349472045898,0.153251513838768,-0.0614164844155311,0.7459871172904968,0.1368210464715957
0.0027773543260991,-0.6105502843856812,-0.3287540674209595,0.1328552216291427,-0.5030047297477722,-0.1596929281949997,0.1885025948286056,-0.7132753133773804,-0.2347718626260757,-0.1362773180007934,-0.4896487891674042,-0.2074316143989563,-0.2056188583374023,-0.6688545942306519,-0.3442725539207458,0.2245851755142212,-0.9389355778694152,-0.3095173835754394,-0.188105970621109,-0.9109649658203124,-0.4480258822441101,0.1066802889108657,-0.0009866824839264,0.0123342396691441,-0.1069651693105697,0.0004241885035298,-0.0112877031788229,0.0912374854087829,0.4183358252048492,0.0175364725291728,-0.089416317641735,0.397727906703949,0.0061370325274765,0.123574785888195,0.7652226090431213,0.1531920433044433,-0.0614306107163429,0.7458198666572571,0.1404827535152435
0.0033745504915714,-0.6104006767272949,-0.3288136720657348,0.1324385702610016,-0.503271758556366,-0.1576176881790161,0.1884940862655639,-0.7131792306900024,-0.2309565395116806,-0.136313796043396,-0.4894360303878784,-0.211704134941101,-0.2057574540376663,-0.6677923202514648,-0.3530534207820892,0.2250469326972961,-0.9373063445091248,-0.3085028231143951,-0.1872715055942535,-0.909465491771698,-0.4543109536170959,0.1066790893673896,-0.0010711955837905,0.0134557476267218,-0.1069658175110817,0.0005069662001915,-0.0124006941914558,0.0914842411875724,0.4182468354701996,0.0187401305884122,-0.0897250175476074,0.3979193270206451,0.0054440526291728,0.1235527172684669,0.7644794583320618,0.1548671871423721,-0.0642952695488929,0.7458035945892334,0.1405505388975143
0.0034529487602412,-0.6116145849227905,-0.3287468254566192,0.1323950141668319,-0.503537118434906,-0.1570693701505661,0.1879947930574417,-0.7134393453598022,-0.2309737205505371,-0.1363821476697921,-0.4894039630889892,-0.2118043601512909,-0.2065087407827377,-0.6674947142601013,-0.3520082533359527,0.225022554397583,-0.9389618039131165,-0.3100169003009796,-0.1894549578428268,-0.9092835187911988,-0.4516972303390503,0.1067441329360008,-0.0011166007025167,0.0137252304702997,-0.107036292552948,0.0005502452258951,-0.0126632079482078,0.0924226120114326,0.418107658624649,0.0208620894700288,-0.0895162224769592,0.3979472219944,0.0053711384534835,0.1216886714100837,0.7643874287605286,0.1565615087747573,-0.0643855556845665,0.745711088180542,0.1406671106815338
0.0018390498589724,-0.6153969764709473,-0.3177609443664551,0.1359029114246368,-0.5040566325187683,-0.1563034653663635,0.1895956099033355,-0.7149056196212769,-0.2311838269233703,-0.1343047469854354,-0.4910931885242462,-0.1896372139453888,-0.2033857852220535,-0.6753473281860352,-0.3201011717319488,0.2249491512775421,-0.9409359693527222,-0.3053831458091736,-0.1894259005784988,-0.9141059517860411,-0.4243088066577911,0.1066886261105537,-0.0008795813191682,0.0115381330251693,-0.1069720610976219,0.0003251462767366,-0.0104923816397786,0.0885798409581184,0.4183148443698883,0.0209477674216032,-0.0894816815853118,0.3976766765117645,0.0070318668149411,0.1216686740517616,0.7643296122550964,0.1555998474359512,-0.0637654140591621,0.7450640797615051,0.1418557465076446
0.0017555522499606,-0.6136857867240906,-0.3249605596065521,0.1314064860343933,-0.5036832690238953,-0.1590625792741775,0.1889271885156631,-0.714404821395874,-0.2348568588495254,-0.1373467743396759,-0.4912625551223755,-0.2071636021137237,-0.2010649740695953,-0.6745766997337341,-0.3310978412628174,0.2244774550199508,-0.9409410953521729,-0.3103559911251068,-0.1886229664087295,-0.9137648940086364,-0.4265899062156677,0.1066771075129509,-0.000890445895493,0.0127515895292162,-0.1069584041833877,0.0003346135781612,-0.0116659021005034,0.0886223688721656,0.4186000525951385,0.0209899526089429,-0.0893285647034645,0.3973082900047302,-0.0007313183741644,0.1276771426200866,0.7643083930015564,0.1553608626127243,-0.0642821937799453,0.7451253533363342,0.1348823457956314
0.0023815582972019,-0.6141045689582825,-0.3250086307525635,0.133506178855896,-0.5036801099777222,-0.1583689004182815,0.1924889236688614,-0.7139021158218384,-0.2346610426902771,-0.136943519115448,-0.4907022714614868,-0.2049747705459594,-0.2026090025901794,-0.6663767695426941,-0.3325011730194092,0.2314430326223373,-0.9409321546554564,-0.3102789223194122,-0.1885215938091278,-0.9053553342819214,-0.4284786581993103,0.106687881052494,-0.0012517109280452,0.0127804977819323,-0.1069729477167129,0.0006977001903578,-0.0116947907954454,0.093285858631134,0.4170992374420166,0.0210728850215673,-0.0885396674275398,0.3971886336803436,-0.0005486552254296,0.1303111612796783,0.7613489627838135,0.1539473980665207,-0.0645759925246238,0.7444838881492615,0.1349472105503082
0.0009784259600564,-0.6152295470237732,-0.3230294585227966,0.1333076953887939,-0.504203200340271,-0.1581761986017227,0.1920128166675567,-0.7142271995544434,-0.2350782603025436,-0.1373836696147918,-0.4919188618659973,-0.2019732594490051,-0.2025302797555923,-0.6679469347000122,-0.3306480944156647,0.2277677357196808,-0.941204071044922,-0.3103122115135193,-0.1884035021066665,-0.9089186191558838,-0.4278396368026733,0.1067051962018013,-0.0011718805180862,0.0123809725046157,-0.1069873198866844,0.0006209877319633,-0.0112950671464204,0.0924164801836013,0.4170067608356476,0.016789011657238,-0.0887713730335235,0.3968620300292969,-0.000546775991097,0.1289638429880142,0.763001024723053,0.1454660594463348,-0.0636715516448021,0.7444460988044739,0.1328666508197784
0.0008988879853859,-0.6152583360671997,-0.3230693340301513,0.1334749907255172,-0.5045198798179626,-0.158214658498764,0.1902606189250946,-0.7140904664993286,-0.2365964204072952,-0.136968195438385,-0.4916062951087951,-0.2011525630950927,-0.2026143223047256,-0.6672124862670898,-0.3311378359794616,0.221516877412796,-0.941004991531372,-0.3124535381793976,-0.1883781105279922,-0.9081368446350098,-0.4282281398773193,0.1066275835037231,-0.0012068775249645,0.0124213313683867,-0.1069063320755958,0.0006564825889654,-0.0113354288041591,0.0925627872347831,0.4168358445167541,0.0187067538499832,-0.0887362509965896,0.3968441188335418,8.73885364853777e-05,0.1276221573352813,0.7626911401748657,0.145658791065216,-0.0671332105994224,0.7444517612457275,0.1330278515815735
-0.0027059125714004,-0.6145132780075073,-0.32627934217453,0.1324505656957626,-0.5040400624275208,-0.1630776524543762,0.1902341544628143,-0.7124143242835999,-0.2395678460597992,-0.1384120732545852,-0.4921594858169555,-0.2013254910707473,-0.2026422470808029,-0.6677979230880737,-0.3291252851486206,0.2234089523553848,-0.9400123953819276,-0.3126048445701599,-0.1885194033384323,-0.908677577972412,-0.4274362325668335,0.1066393628716468,-0.0011011206079274,0.0115736788138747,-0.1069154366850853,0.0005511802737601,-0.0104814246296882,0.0917290970683097,0.4169443249702453,0.0165899693965911,-0.0890073776245117,0.396768718957901,0.0013063657097518,0.1263870596885681,0.7644543647766113,0.1445731371641159,-0.067105732858181,0.7443114519119263,0.1341325044631958
-0.0036131935194134,-0.6140835285186768,-0.3305574655532837,0.1324549317359924,-0.5042189359664917,-0.1645411103963852,0.1904443055391311,-0.7185671925544739,-0.2395446598529815,-0.1383286863565445,-0.4901702404022217,-0.2047079205513,-0.2093470990657806,-0.667144775390625,-0.3362948000431061,0.2235235571861267,-0.9473027586936952,-0.3097809553146362,-0.1951436847448349,-0.9065263867378236,-0.4383841454982757,0.1065810844302177,-0.0011167302727699,0.0116992136463522,-0.1068623587489128,0.0005665374337695,-0.0106082847341895,0.0916545838117599,0.4178458154201507,0.0189812146127223,-0.0890137106180191,0.3973667025566101,0.0026725395582616,0.1254195123910904,0.7658689022064209,0.1467103660106659,-0.0682491660118103,0.7455366253852844,0.1348267197608947
-0.0060718655586242,-0.6142333149909973,-0.3322339653968811,0.1314001679420471,-0.5035651326179504,-0.1663196831941604,0.1904359757900238,-0.7157291173934937,-0.2395150810480117,-0.1386311799287796,-0.4901184439659118,-0.205277681350708,-0.2073980569839477,-0.6666851043701172,-0.3352755010128021,0.2236642092466354,-0.943386971950531,-0.3061460554599762,-0.1926929503679275,-0.9061581492424012,-0.437341570854187,0.1065945103764534,-0.0011321421479806,0.0116874957457184,-0.106874756515026,0.0005803768290206,-0.0105926189571619,0.090871438384056,0.4182606339454651,0.0193461347371339,-0.0889210030436515,0.3975216746330261,0.0034668606240302,0.1252456456422805,0.7658584117889404,0.1545027196407318,-0.065025046467781,0.7453442811965942,0.140712708234787
-0.0047395257279276,-0.6170234680175781,-0.3129517138004303,0.134310632944107,-0.5057061910629272,-0.1498103737831115,0.1932605803012848,-0.7164907455444336,-0.2290602475404739,-0.137218177318573,-0.4914807379245758,-0.1893741339445114,-0.2067188471555709,-0.6733585000038147,-0.3206043243408203,0.228255808353424,-0.9430126547813416,-0.3027758002281189,-0.1925850808620453,-0.9164410829544068,-0.4170525074005127,0.1066036447882652,-0.0011471639154478,0.0116945318877696,-0.1068836450576782,0.0005962431896477,-0.0106044169515371,0.0929353162646293,0.4178559184074402,0.019033208489418,-0.0887127742171287,0.3977004587650299,0.0035334362182766,0.1263707131147384,0.7645789384841919,0.1559223532676696,-0.0649931952357292,0.7450718283653259,0.1418075412511825
-0.0048174103721976,-0.6148751378059387,-0.3202154338359833,0.1341071724891662,-0.5045093894004822,-0.156576469540596,0.1931615024805069,-0.7096931338310242,-0.236122190952301,-0.138131782412529,-0.4913833439350128,-0.1942458897829055,-0.206632599234581,-0.6707919836044312,-0.3258010447025299,0.2294574230909347,-0.937825322151184,-0.3095607459545135,-0.1923454999923706,-0.915640354156494,-0.4284762442111969,0.1067311838269233,-0.0011534959776327,0.0117071755230426,-0.1070114597678184,0.0006027521449141,-0.0106179183349013,0.0917058512568473,0.4179041385650635,0.0186314675956964,-0.0895943790674209,0.3970928788185119,0.0016067455289885,0.1259118616580963,0.7645696401596069,0.1553113907575607,-0.0657875165343284,0.7444795370101929,0.1397511214017868
-0.0066791460849344,-0.6160244941711426,-0.3187353610992431,0.1334104537963867,-0.5055320262908936,-0.1526348292827606,0.1931401938199997,-0.7098110318183899,-0.230119302868843,-0.1386497020721435,-0.4920082986354828,-0.1944388151168823,-0.207059770822525,-0.6718246340751648,-0.3258598148822784,0.2303111106157302,-0.9369229078292848,-0.3074201345443725,-0.1951503306627273,-0.91589617729187,-0.4277434051036834,0.1067144945263862,-0.0011741056805476,0.0120447883382439,-0.1069952398538589,0.0006240747752599,-0.0109688118100166,0.0916072875261306,0.4179120063781738,0.0194986388087272,-0.0896438211202621,0.39732626080513,0.0016497480683028,0.1250656098127365,0.7645987868309021,0.1554569602012634,-0.067001111805439,0.744949460029602,0.1398239433765411
-0.0064110914245247,-0.6166735887527466,-0.3142417669296264,0.1337541043758392,-0.5068919658660889,-0.1477094441652298,0.1934964060783386,-0.7130638360977173,-0.2211175709962844,-0.1382696628570556,-0.4921428263187408,-0.1913034468889236,-0.2070941478013992,-0.6723708510398865,-0.3235240280628204,0.2307159155607223,-0.9390373826026917,-0.2941269874572754,-0.1950194984674453,-0.916750192642212,-0.4237114191055298,0.1067133843898773,-0.0012309650192037,0.0121846329420804,-0.1069952771067619,0.0006816228851675,-0.0111177954822778,0.0928032919764518,0.4175623953342438,0.0195501595735549,-0.08940140157938,0.3974237442016601,0.0016877704765647,0.1257442682981491,0.7637055516242981,0.1569541990756988,-0.0669647455215454,0.7448312044143677,0.1404781341552734
-0.003301600459963,-0.618948757648468,-0.3145807683467865,0.1354227215051651,-0.5074946880340576,-0.1480302065610885,0.1950494796037674,-0.7183412313461304,-0.2210942357778549,-0.1363893002271652,-0.4935569167137146,-0.1909960657358169,-0.2069704681634903,-0.6813923716545105,-0.3208234012126922,0.2338197529315948,-0.9423067569732666,-0.2946871519088745,-0.1951087266206741,-0.9221155047416688,-0.4192903339862823,0.1066839694976806,-0.0009658173075877,0.0118642561137676,-0.1069613769650459,0.0004165580612607,-0.010799853131175,0.092145599424839,0.4174318313598633,0.0196302607655525,-0.0893920809030532,0.3969254791736603,0.0031437776051461,0.1238068789243698,0.7637152075767517,0.1521269083023071,-0.0646378546953201,0.7441774010658264,0.1404709219932556
-0.0033065208699554,-0.6138964891433716,-0.3341182172298431,0.1340862959623336,-0.5026933550834656,-0.1590000689029693,0.1967998594045639,-0.7127545475959778,-0.2289687395095825,-0.1365546733140945,-0.4932283163070678,-0.2086418867111206,-0.2045969814062118,-0.6769815683364868,-0.3320034742355346,0.2386416047811508,-0.9385828971862792,-0.3066882491111755,-0.1941187232732772,-0.9130027294158936,-0.4321325719356537,0.106700874865055,-0.000913574011065,0.0120934760197997,-0.1069813519716262,0.0003598534094635,-0.0110129844397306,0.0933851972222328,0.4174988269805908,0.0198651440441608,-0.0890160128474235,0.3944743275642395,-0.0090070907026529,0.1319469809532165,0.763444721698761,0.1502988487482071,-0.0633952245116233,0.7440851330757141,0.1260420083999633
-0.0009932660032063,-0.6126291751861572,-0.3425925672054291,0.1341257691383361,-0.5027894377708435,-0.1604729294776916,0.2002104371786117,-0.7234969139099121,-0.2228743135929107,-0.1363662928342819,-0.4921036064624786,-0.2218242585659027,-0.20843406021595,-0.6736835241317749,-0.3541630804538727,0.2473893910646438,-0.9568206667900084,-0.2885724008083343,-0.1957194060087204,-0.9075465202331544,-0.4569131433963775,0.1066557466983795,-0.0009879382560029,0.0142600331455469,-0.1069444268941879,0.000430314335972,-0.0131592126563191,0.0943758338689804,0.4175549447536468,0.0304647330194711,-0.0861536413431167,0.394465297460556,-0.0064894235692918,0.1313736885786056,0.76299649477005,0.1595353633165359,-0.0632315650582313,0.7426875829696655,0.1303519904613495
-0.0004415432922542,-0.6123867034912109,-0.3443160057067871,0.1342631131410598,-0.5028486251831055,-0.1630922704935073,0.2006650567054748,-0.723128616809845,-0.2236751019954681,-0.1362196952104568,-0.4915480017662048,-0.223214715719223,-0.2086964398622512,-0.6735579967498779,-0.3566362559795379,0.2475591152906417,-0.9561761021614076,-0.2894452810287475,-0.1960849463939666,-0.9077260494232178,-0.4603840410709381,0.1066247597336769,-0.001009969622828,0.01463786046952,-0.1069157794117927,0.0004508044221438,-0.0135329151526093,0.0940353274345398,0.4177167415618896,0.0315904058516025,-0.085798256099224,0.3949885070323944,-0.0054587558843195,0.1305600553750991,0.7628836035728455,0.1597255617380142,-0.0632288753986358,0.7430692315101624,0.1308494359254837
-0.0001365081843687,-0.6124376058578491,-0.3433088064193725,0.134172260761261,-0.5028983950614929,-0.1625171452760696,0.2007980644702911,-0.7215622663497925,-0.2238251566886901,-0.1362183988094329,-0.4915290772914886,-0.2218588143587112,-0.2087155282497406,-0.6727867722511292,-0.3548686802387237,0.247589111328125,-0.9519469738006592,-0.2926887273788452,-0.1962603479623794,-0.9076747298240662,-0.4584224820137024,0.1066002696752548,-0.0010157953947782,0.0151506746187806,-0.1068918332457542,0.0004558777436614,-0.0140379834920167,0.0939661860466003,0.417908102273941,0.0319811776280403,-0.0858409851789474,0.3949926197528839,-0.005002440419048,0.1302394568920135,0.7629860043525696,0.1590932309627533,-0.0663359463214874,0.7433671355247498,0.1307643800973892
2.828264223353472e-05,-0.613206684589386,-0.3420858383178711,0.1341670900583267,-0.5039162039756775,-0.1601943075656891,0.201387733221054,-0.7224318385124207,-0.2153767347335815,-0.1361784785985946,-0.4917024374008178,-0.2214666306972503,-0.2095762193202972,-0.6729931235313416,-0.3544083535671234,0.2525411546230316,-0.9520774483680724,-0.280522733926773,-0.1976784169673919,-0.9087019562721252,-0.4567075967788696,0.1065821722149849,-0.0010401456383988,0.0155316619202494,-0.1068746820092201,0.000478217494674,-0.0144278509542346,0.0943867266178131,0.4180085062980652,0.032768502831459,-0.0861578285694122,0.3956428468227386,-0.0022948624100536,0.1299864947795868,0.7629099488258362,0.1630463302135467,-0.0663413256406784,0.7433692812919617,0.1361463069915771
0.0003571329289115,-0.6151348948478699,-0.3375934362411499,0.133923053741455,-0.5042178630828857,-0.1551040261983871,0.2015657871961593,-0.7189278602600098,-0.2113426923751831,-0.1362151503562927,-0.492086112499237,-0.2167615294456482,-0.2094929665327072,-0.6717795133590698,-0.3480932116508484,0.2529981732368469,-0.9456461668014526,-0.2806555330753326,-0.1977027058601379,-0.9086642861366272,-0.4531526565551758,0.1065727770328521,-0.0011521794367581,0.0160007774829864,-0.1068656519055366,0.0005848235450685,-0.0148925865069031,0.0946270078420639,0.4179488122463226,0.035510741174221,-0.0862627848982811,0.3956875503063202,-0.0021338937804102,0.1298131942749023,0.7611334919929504,0.1656765788793563,-0.0687473639845848,0.743380606174469,0.1363524347543716
0.0003771058109123,-0.6152703762054443,-0.3391232490539551,0.1342251598834991,-0.5044918060302734,-0.1577151715755462,0.2016765922307968,-0.7191540002822876,-0.2121743857860565,-0.135996788740158,-0.4917845726013183,-0.216499462723732,-0.2109499126672744,-0.6695996522903442,-0.347793847322464,0.2537864446640014,-0.9476090669631958,-0.2808806598186493,-0.2007693350315094,-0.9075830578804016,-0.4533467292785644,0.1066039279103279,-0.0012120312312617,0.0160363912582397,-0.1068993732333183,0.0006419361452572,-0.014928501099348,0.0947572365403175,0.4179170429706573,0.0367777049541473,-0.0869134590029716,0.3958815932273865,-0.0005578306736424,0.1287863701581955,0.759442925453186,0.1718067675828933,-0.070839412510395,0.7428105473518372,0.142108216881752
0.0004761155578307,-0.6123726963996887,-0.3444450497627258,0.1341739892959594,-0.5016893744468689,-0.1648018807172775,0.2013443708419799,-0.7091177105903625,-0.2313935309648513,-0.1361158490180969,-0.4914335608482361,-0.2192703038454055,-0.2096426039934158,-0.6693021655082703,-0.3495316505432129,0.2536360025405884,-0.9369516968727112,-0.3090358972549438,-0.1993892192840576,-0.907577395439148,-0.455894261598587,0.1066608279943466,-0.0012424604501575,0.0158878061920404,-0.1069598048925399,0.0006707030115649,-0.0147798433899879,0.0948090106248855,0.417924702167511,0.0359305590391159,-0.0859847292304039,0.3956809937953949,-0.0017790559213608,0.1305267065763473,0.7597633600234985,0.1672029644250869,-0.0629803463816642,0.7433189749717712,0.1369932442903518
0.0006336917867884,-0.6125866174697876,-0.3441261351108551,0.1342678964138031,-0.5024198889732361,-0.164183035492897,0.2012605816125869,-0.712447464466095,-0.2244677692651748,-0.1357901394367218,-0.4914663434028625,-0.2191693782806396,-0.2096397578716278,-0.6693277955055237,-0.3498856723308563,0.2536584734916687,-0.9417113661766052,-0.2921290397644043,-0.1994839459657669,-0.9077140092849731,-0.455888420343399,0.1066631078720092,-0.0013060155324637,0.016397550702095,-0.1069632172584533,0.0007305039325729,-0.0152845969423651,0.0953394025564193,0.4177551567554474,0.0378677807748317,-0.0859799459576606,0.3958012461662292,-0.0016774836694821,0.1300144344568252,0.7578843235969543,0.1711721718311309,-0.0652753487229347,0.7431097626686096,0.1380542069673538
0.0006687904824502,-0.6126360893249512,-0.3439832925796509,0.1336965262889862,-0.5017068982124329,-0.1637219935655594,0.2011042982339859,-0.709169328212738,-0.2242869585752487,-0.1363935023546219,-0.4914409220218658,-0.2190205454826355,-0.2100598365068435,-0.6672607064247131,-0.3499927520751953,0.2543536126613617,-0.9368607997894288,-0.2928722500801086,-0.199446439743042,-0.9053229689598083,-0.4572653770446777,0.1066696867346763,-0.0013459677575156,0.0165329612791538,-0.1069699227809906,0.0007682028808631,-0.0154117923229932,0.0954943224787712,0.4176594614982605,0.0370511561632156,-0.085947647690773,0.3954546749591827,-0.0030439542606472,0.1297613680362701,0.7579360008239746,0.1669857800006866,-0.0649592354893684,0.7430915832519531,0.1331518441438675
0.0001052829320542,-0.6119751334190369,-0.3443245589733124,0.1334482431411743,-0.5023701190948486,-0.162630021572113,0.2013731598854065,-0.7127292156219482,-0.2152778506278991,-0.1363645493984222,-0.491239845752716,-0.2195769697427749,-0.2106720805168151,-0.6670945286750793,-0.3500480055809021,0.2553082406520843,-0.9426077604293824,-0.2798120379447937,-0.2008492797613144,-0.905276358127594,-0.4573674201965332,0.106676734983921,-0.0013821494067087,0.0168469566851854,-0.1069796308875083,0.0008023072732612,-0.0157275553792715,0.0962262898683548,0.4175132513046264,0.0369917452335357,-0.0850625783205032,0.3952501714229584,-0.0043791751377284,0.1301223188638687,0.758076548576355,0.1649415791034698,-0.0650167167186737,0.7431511282920837,0.1304386854171753
-8.386848094232846e-06,-0.6192033290863037,-0.3168998658657074,0.1365158855915069,-0.5080581307411194,-0.1452175676822662,0.2059740722179412,-0.7195318937301636,-0.2020511776208877,-0.1358381509780883,-0.4960535764694214,-0.1872324347496032,-0.2107381969690323,-0.6762675046920776,-0.3082983493804931,0.2567753195762634,-0.9470689296722412,-0.2658694982528686,-0.2015631645917892,-0.9146982431411744,-0.4111694097518921,0.1066737845540046,-0.001271292916499,0.0151144647970795,-0.1069754213094711,0.0006942034233361,-0.0140232453122735,0.0958125069737434,0.4171046316623688,0.0338077582418918,-0.0860550180077552,0.3946954011917114,-0.0013692023931071,0.1269017904996872,0.7595195174217224,0.1603388488292694,-0.0621410869061946,0.7426166534423828,0.1326973885297775
-0.0023553937207907,-0.6190894842147827,-0.3213523626327514,0.1364702433347702,-0.5068298578262329,-0.1514956504106521,0.2090815007686615,-0.7176415324211121,-0.2130553275346756,-0.1364309638738632,-0.4962634444236755,-0.192625880241394,-0.2074506133794784,-0.6776929497718811,-0.3160960376262665,0.2588149309158325,-0.9448494911193848,-0.2781985104084015,-0.1999691724777221,-0.9176676869392396,-0.4179222583770752,0.1067868024110794,-0.0011198972351849,0.0148492557927966,-0.107088454067707,0.0005470600444823,-0.0137579580768942,0.0952521488070488,0.4171718060970306,0.0292690098285675,-0.089304119348526,0.3928864598274231,-0.0042504668235778,0.1270358711481094,0.7599310278892517,0.1582874059677124,-0.0622022897005081,0.7410235404968262,0.1324666291475296
-0.0020089144818484,-0.6191914081573486,-0.322990357875824,0.1380339562892913,-0.507606029510498,-0.1517960131168365,0.2097756564617157,-0.7189258933067322,-0.2131363153457641,-0.1362538784742355,-0.4967285990715027,-0.1928620040416717,-0.2109787613153457,-0.6781346201896667,-0.3134081363677978,0.2594844996929168,-0.9462730884552002,-0.2784534096717834,-0.2027801126241684,-0.9174329042434692,-0.4151071608066559,0.1068056598305702,-0.0011111454805359,0.0142331486567854,-0.1071060746908187,0.0005369033315218,-0.013140607625246,0.0961788594722747,0.415889173746109,0.0294334627687931,-0.08917286247015,0.3929033577442169,0.0031154335010796,0.126427486538887,0.7585086226463318,0.1593579202890396,-0.0622082203626632,0.739736020565033,0.1412831544876098
-0.0019679246470332,-0.6193960309028625,-0.3238120377063751,0.1380025297403335,-0.5077735781669617,-0.1516242772340774,0.21008962392807,-0.7188516855239868,-0.2134044468402862,-0.136675626039505,-0.4973381459712982,-0.1949647068977356,-0.2108017355203628,-0.6791167259216309,-0.315879613161087,0.261252611875534,-0.944281816482544,-0.2834326028823852,-0.2027564495801925,-0.9174495339393616,-0.417501837015152,0.1068956702947616,-0.0011053386842831,0.0144741814583539,-0.1071957871317863,0.0005290800472721,-0.0133670708164572,0.0958622023463249,0.415948212146759,0.0298646986484527,-0.0890812501311302,0.3930087089538574,0.0022616737987846,0.1213052868843078,0.7583796381950378,0.1603219658136367,-0.0629189386963844,0.739959180355072,0.1395462155342102
-0.001799545250833,-0.6203550696372986,-0.3223090767860412,0.1385998129844665,-0.5089421272277832,-0.1491149663925171,0.2113417088985443,-0.7192748188972473,-0.2091593146324157,-0.1368039399385452,-0.4977445304393768,-0.192410871386528,-0.2142309695482254,-0.6797356009483337,-0.3099404871463775,0.2620945870876312,-0.9443398118019104,-0.2770943343639374,-0.2030351758003235,-0.9177567958831788,-0.4070261716842651,0.1069361045956611,-0.0011379467323422,0.0143460603430867,-0.1072371900081634,0.0005594408139586,-0.0132412621751427,0.0981456190347671,0.414243072271347,0.030217295512557,-0.0897137373685836,0.3929565250873565,0.0049143456853926,0.1212532520294189,0.7569320201873779,0.1620607078075409,-0.0636374577879905,0.7384948134422302,0.1432055234909057
-0.0024728535208851,-0.6202239394187927,-0.3280617892742157,0.1361064016819,-0.5085566639900208,-0.149663433432579,0.2112956345081329,-0.7185366153717041,-0.2091742753982544,-0.1383534520864486,-0.4982081055641174,-0.202222853899002,-0.2143055647611618,-0.680335283279419,-0.3294829130172729,0.264943778514862,-0.9430075287818908,-0.2776954174041748,-0.2041167765855789,-0.9191620349884032,-0.4333839416503906,0.1070317775011062,-0.0011301687918603,0.0145734408870339,-0.1073362678289413,0.0005500200786627,-0.013463445007801,0.0980647429823875,0.4143081605434418,0.0298278890550136,-0.090740256011486,0.3928096890449524,-0.0005321426433511,0.1211264953017234,0.7569419145584106,0.1616629362106323,-0.0645223259925842,0.738456130027771,0.1388086825609207
-0.0035159327089786,-0.6199944019317627,-0.3278065919876098,0.1372393369674682,-0.5085869431495667,-0.1511347591876983,0.2113585025072097,-0.7194766998291016,-0.2153284102678299,-0.1382065713405609,-0.4978742003440857,-0.198341816663742,-0.2166970521211624,-0.6801466941833496,-0.3209250271320343,0.264918178319931,-0.9462907910346984,-0.2827871143817901,-0.2072537541389465,-0.9185828566551208,-0.4242508709430694,0.1071425378322601,-0.0012800372205674,0.0145385963842272,-0.1074522659182548,0.0006993554998189,-0.0134259769693017,0.1029515266418457,0.4123230874538421,0.0298370048403739,-0.0907016098499298,0.3920696675777435,-0.0006491300882771,0.12612946331501,0.7520886063575745,0.1643662005662918,-0.0667669028043747,0.7345863580703735,0.13942252099514
-0.0035907111596316,-0.6203123927116394,-0.3263754844665527,0.136735200881958,-0.5087229609489441,-0.1477907299995422,0.2114408314228058,-0.719779908657074,-0.2084591835737228,-0.1392879337072372,-0.4981801211833954,-0.1984110623598098,-0.2166626304388046,-0.6807076930999756,-0.3215804696083069,0.2653195261955261,-0.94577157497406,-0.277482271194458,-0.2072455734014511,-0.9191048741340636,-0.4243544638156891,0.1072486117482185,-0.0013267324538901,0.0149528728798031,-0.1075597405433654,0.0007428496610373,-0.0138306338340044,0.1039041951298713,0.411638081073761,0.0298409312963485,-0.0917582139372825,0.3909470736980438,-0.0043853768147528,0.1260760724544525,0.7479016184806824,0.1684677004814148,-0.0659775957465171,0.731861412525177,0.1390774101018905
-0.0037421679589897,-0.6201316714286804,-0.3271975815296173,0.138352558016777,-0.5087563991546631,-0.1495769321918487,0.2116394340991974,-0.7198197245597839,-0.2087716907262802,-0.1384433805942535,-0.4978395998477936,-0.1982655674219131,-0.2179711014032364,-0.6788181662559509,-0.321650356054306,0.2657802999019623,-0.9459803700447084,-0.2769068777561188,-0.2110400646924972,-0.9165717363357544,-0.4255943298339844,0.1073514893651008,-0.0013570566661655,0.0149239292368292,-0.107669748365879,0.0007717356784269,-0.0138015579432249,0.1055354326963424,0.4099927842617035,0.0299398824572563,-0.0919203460216522,0.3909105062484741,-0.0035962553229182,0.1261164397001266,0.7468077540397644,0.1685043722391128,-0.0705275759100914,0.7318498492240906,0.1390861421823501
-0.0039041943382471,-0.6177979707717896,-0.3263990581035614,0.1387245953083038,-0.5074499249458313,-0.1500729471445083,0.2124543488025665,-0.7114753723144531,-0.2178660780191421,-0.1387821733951568,-0.4978196322917938,-0.1930254995822906,-0.2181276530027389,-0.6780714392662048,-0.3141317963600158,0.2658897936344147,-0.9357378482818604,-0.2924200594425201,-0.2120125293731689,-0.9167536497116088,-0.4195726811885834,0.1075743734836578,-0.0014507638989016,0.0144131798297166,-0.1078956127166748,0.0008627405040897,-0.0132984230294823,0.1056478768587112,0.4094667434692383,0.0269936211407184,-0.092198871076107,0.3904176652431488,-0.0066654267720878,0.1280055791139602,0.7444904446601868,0.1684488803148269,-0.0655144229531288,0.7318359613418579,0.1369805335998535
-0.0014530381886288,-0.6211677193641663,-0.3223478496074676,0.1384623646736145,-0.5081384181976318,-0.1398899257183075,0.2124676406383514,-0.7142322659492493,-0.1958436965942382,-0.1387200206518173,-0.4980440735816955,-0.1937812566757202,-0.2179823219776153,-0.678760290145874,-0.3225081861019134,0.2662938237190246,-0.9360185861587524,-0.2695133686065674,-0.2114862650632858,-0.9170087575912476,-0.4287848174571991,0.1076122522354126,-0.0014818054623901,0.0157058946788311,-0.1079344525933265,0.000893818505574,-0.014606830663979,0.1089224442839622,0.4085367023944855,0.028720224276185,-0.093791164457798,0.3894439339637756,-0.0119552677497267,0.1286006420850753,0.7439965009689331,0.1687949299812317,-0.065428227186203,0.7314589023590088,0.1322029680013656
-0.001032072934322,-0.6244520545005798,-0.3133358955383301,0.1410179585218429,-0.5105514526367188,-0.1369712501764297,0.2160061150789261,-0.7184736132621765,-0.1946066617965698,-0.1379934251308441,-0.5002896189689636,-0.1825428009033203,-0.2192190140485763,-0.6810539364814758,-0.3028393983840942,0.2679453194141388,-0.9390915632247924,-0.2630882263183594,-0.2129378169775009,-0.9195085167884828,-0.4017386436462402,0.1076543927192688,-0.0014832508750259,0.0153863644227385,-0.1079723238945007,0.0008945789886638,-0.0142815625295043,0.1127521097660064,0.4062264263629913,0.0287539158016443,-0.09383225440979,0.3886391818523407,-0.0077324584126472,0.1311530768871307,0.7409780621528625,0.1712902933359146,-0.0652968361973762,0.7255227565765381,0.1409633010625839
-0.0016250110929831,-0.6253876090049744,-0.3112273216247558,0.1413807421922683,-0.5113881230354309,-0.1396306753158569,0.2164816260337829,-0.7188454866409302,-0.2036303877830505,-0.1379037052392959,-0.5028590559959412,-0.1779963076114654,-0.2175562381744384,-0.6909168362617493,-0.2817800641059875,0.2679565548896789,-0.939220130443573,-0.2723129093647003,-0.2127967327833175,-0.929879367351532,-0.3659994304180145,0.1076436713337898,-0.0013469991972669,0.0114096198230981,-0.1079568788409233,0.0007672295323573,-0.0103414170444011,0.1105585917830467,0.4050448536872864,0.0269481148570776,-0.0996031016111373,0.3880956768989563,0.0047448421828448,0.128111645579338,0.7405542731285095,0.1717412620782852,-0.0680350884795188,0.7212976217269897,0.160150796175003
-0.0017381352372467,-0.625339925289154,-0.3238415122032165,0.1387468576431274,-0.5071151256561279,-0.148707777261734,0.2169043272733688,-0.7109389305114746,-0.2157446444034576,-0.1393267512321472,-0.5019038915634155,-0.1966434717178344,-0.2170623242855072,-0.6768998503684998,-0.3224577605724334,0.2711449265480041,-0.931594967842102,-0.2869326472282409,-0.2127415388822555,-0.914252758026123,-0.4271255135536194,0.1076916307210922,-0.0013673393987119,0.0124925468116998,-0.1080046445131301,0.0007877517491579,-0.0113871674984693,0.1117047071456909,0.4034076929092407,0.0259801968932151,-0.1010237410664558,0.3864840567111969,-0.0040636723861098,0.1282714605331421,0.7367833852767944,0.1722768694162368,-0.0745723471045494,0.7196704745292664,0.1546492725610733
-0.0017626950284466,-0.6298711895942688,-0.3151600956916809,0.1362913697957992,-0.5106308460235596,-0.1347867846488952,0.2162131369113922,-0.7173827290534973,-0.19061079621315,-0.1401840150356292,-0.5020249485969543,-0.196176141500473,-0.2173552364110946,-0.6769558191299438,-0.3210166096687317,0.2720626890659332,-0.939262330532074,-0.2614644765853882,-0.2137802094221115,-0.9140894412994384,-0.4258437752723694,0.1076727733016014,-0.0015717415371909,0.015697743743658,-0.1079871505498886,0.0009967603255063,-0.0145871955901384,0.1150126084685325,0.403175413608551,0.0307116936892271,-0.1021472141146659,0.3864527642726898,-0.0074597988277673,0.1321394592523574,0.736656665802002,0.175014927983284,-0.0805726125836372,0.7198490500450134,0.1456227898597717
3.032764288946055e-05,-0.6343284249305725,-0.3040736317634582,0.1357220113277435,-0.5133846998214722,-0.1208211258053779,0.2156516909599304,-0.7206392884254456,-0.1672396659851074,-0.1405242979526519,-0.5031039118766785,-0.1908688396215438,-0.2182679325342178,-0.6783324480056763,-0.3143316805362701,0.2721263468265533,-0.940649390220642,-0.2329622507095337,-0.2146762311458587,-0.9146313667297364,-0.4080640375614166,0.1076746881008148,-0.0016311280196532,0.0174620691686868,-0.1079880818724632,0.0010551011655479,-0.0163475479930639,0.1165495589375495,0.4028091430664062,0.032594971358776,-0.1029943823814392,0.3863199055194855,-0.0075492775067687,0.1318351924419403,0.7362143397331238,0.1769448369741439,-0.0819714665412902,0.7192326188087463,0.1446112394332885
4.093063762411475e-05,-0.6373112201690674,-0.2990932166576385,0.1353618204593658,-0.5149497985839844,-0.1175933629274368,0.215117797255516,-0.7224137187004089,-0.1653992533683776,-0.1408819109201431,-0.5036696791648865,-0.1864290982484817,-0.21969835460186,-0.6784256100654602,-0.3095136880874634,0.2719667851924896,-0.9432891011238098,-0.2318447232246399,-0.2166910320520401,-0.9151260256767272,-0.4009559750556946,0.1076762601733207,-0.0017250002129003,0.0182880386710166,-0.107989527285099,0.0011505016591399,-0.017173808068037,0.1175973936915397,0.401425689458847,0.0335559099912643,-0.1030123829841613,0.3860492408275604,-0.0082832425832748,0.1322118043899536,0.7351394295692444,0.1779108345508575,-0.0817189440131187,0.7183025479316711,0.1433751136064529
-0.0007519021746702,-0.6371971964836121,-0.2981408536434173,0.1345026642084121,-0.5152700543403625,-0.1176182925701141,0.2138399481773376,-0.7220020890235901,-0.1675406247377395,-0.1420274376869201,-0.5037060976028442,-0.1829794198274612,-0.2214244157075882,-0.6785310506820679,-0.3005927503108978,0.2712469696998596,-0.9431045651435852,-0.2354905307292938,-0.2185885161161422,-0.9160037040710448,-0.386429488658905,0.1076869741082191,-0.0017731261905282,0.0184902306646108,-0.1079998388886451,0.001197627861984,-0.0173782519996166,0.1191754266619682,0.4012969434261322,0.03356808796525,-0.1041118130087852,0.3857277333736419,-0.0086120096966624,0.1319185644388198,0.7339948415756226,0.1787304282188415,-0.0830595344305038,0.7179547548294067,0.1421868205070495
-0.0019430991960689,-0.6382774710655212,-0.2981094121932983,0.134460836648941,-0.5153470039367676,-0.1185043677687645,0.2138783484697342,-0.7220091819763184,-0.1684825122356414,-0.1423107385635376,-0.5036933422088623,-0.1808890104293823,-0.2218442559242248,-0.6781832575798035,-0.2998433411121368,0.2712450921535492,-0.9431516528129578,-0.2374772727489471,-0.2185041606426239,-0.9161118865013124,-0.3877183496952057,0.1077084839344024,-0.0019190716557204,0.018502028658986,-0.1080221608281135,0.0013444044161587,-0.017389815300703,0.1207834035158157,0.4000892341136932,0.0345875062048435,-0.1040283590555191,0.3856034278869629,-0.0064767086878418,0.132775217294693,0.7327845692634583,0.182114839553833,-0.0834910199046135,0.716981053352356,0.1444561183452606
-0.0040448787622153,-0.6392487287521362,-0.2909496128559112,0.1342294067144394,-0.5161981582641602,-0.1157846450805664,0.2138033360242843,-0.7222272157669067,-0.1698337197303772,-0.1442123651504516,-0.5042619109153748,-0.1672482341527938,-0.2277715504169464,-0.6783461570739746,-0.2829473912715912,0.270529568195343,-0.9432312846183776,-0.2385899126529693,-0.2247066646814346,-0.916841983795166,-0.3714006543159485,0.1077928319573402,-0.0020201946608722,0.0180538780987262,-0.1081015840172767,0.0014496833318844,-0.0169300734996795,0.1212141588330268,0.3990563452243805,0.0319595411419868,-0.1097990497946739,0.3830410838127136,-0.0081859845668077,0.1327386498451233,0.7299249172210693,0.1809237152338028,-0.0840047299861908,0.7115328907966614,0.1443347334861755
-0.0041728327050805,-0.6404299736022949,-0.2865134179592132,0.1345580518245697,-0.5166541337966919,-0.1125644966959953,0.2138968706130981,-0.7235423922538757,-0.1687976866960525,-0.1444275677204132,-0.5048462748527527,-0.1613371670246124,-0.2292381227016449,-0.6811936497688293,-0.2775760889053345,0.2702770233154297,-0.944425642490387,-0.2379118353128433,-0.2274904698133468,-0.9209726452827454,-0.3665432631969452,0.1079851388931274,-0.0020527623128145,0.0175347458571195,-0.1082912907004356,0.001486356020905,-0.0164170153439044,0.1299720853567123,0.398097276687622,0.0263501200824975,-0.1222532764077186,0.3793267905712127,-0.0138501469045877,0.1371646374464035,0.7236172556877136,0.1805179268121719,-0.0876872688531875,0.7072103023529053,0.1440640538930893
-0.0025424733757972,-0.6409561038017273,-0.2773891985416412,0.1384857892990112,-0.5168574452400208,-0.1069277673959732,0.2159166634082794,-0.7236513495445251,-0.1674114018678665,-0.1436605751514434,-0.5051180124282837,-0.150162786245346,-0.2291524559259414,-0.6809671521186829,-0.2715313732624054,0.2731081247329712,-0.9457139372825624,-0.2373785078525543,-0.2289925366640091,-0.9209778308868408,-0.3668461441993713,0.108332984149456,-0.0020824349485337,0.0171016529202461,-0.1086268499493599,0.001517052645795,-0.0160011332482099,0.1411875039339065,0.3901833891868591,0.0068475818261504,-0.1273720264434814,0.3727263510227203,-0.0294376295059919,0.1422697454690933,0.7125132083892822,0.1669771522283554,-0.0879193395376205,0.6975196003913879,0.1354928314685821
-0.0022421469911932,-0.6412484645843506,-0.2765281200408935,0.1397843658924102,-0.5175608992576599,-0.1050360202789306,0.218301922082901,-0.7261197566986084,-0.1646103709936142,-0.143715888261795,-0.5052635073661804,-0.1511673629283905,-0.231287881731987,-0.6816478967666626,-0.2727681398391723,0.2765955924987793,-0.9480304718017578,-0.2343273013830185,-0.236912801861763,-0.921377658843994,-0.3707415759563446,0.10871422290802,-0.0020790433045476,0.0170606542378664,-0.1090003028512001,0.0015241542132571,-0.0159702077507972,0.1453701555728912,0.3875038921833038,-0.0103763425722718,-0.1333779841661453,0.3696413934230804,-0.0391750782728195,0.142042189836502,0.7081983685493469,0.1540730744600296,-0.0875712409615516,0.6941565871238708,0.1284260600805282
-0.0021042234729975,-0.6414999961853027,-0.272688090801239,0.1418385952711105,-0.5178083181381226,-0.1041144132614135,0.2194470167160034,-0.7260157465934753,-0.1648338139057159,-0.1435694694519043,-0.5058808922767639,-0.1464963853359222,-0.2313209325075149,-0.6836934685707092,-0.2648485004901886,0.277970552444458,-0.9475528001785278,-0.2344813048839569,-0.239650547504425,-0.9231134653091432,-0.3558007776737213,0.1091108173131942,-0.002030546311289,0.016623880714178,-0.109389804303646,0.0014884994598105,-0.0155460005626082,0.1480343639850616,0.3856877088546753,-0.0175731908529996,-0.1365574300289154,0.3664397001266479,-0.0462398715317249,0.1426499485969543,0.7051987051963806,0.1479565501213073,-0.0893255025148391,0.6903778910636902,0.1215389519929885
-0.0024312536697834,-0.641497015953064,-0.2600466907024383,0.1459642946720123,-0.5187461376190186,-0.1000669300556182,0.2247628420591354,-0.7260462641716003,-0.164300724864006,-0.142405480146408,-0.5098357796669006,-0.126953586935997,-0.2300065010786056,-0.6890484690666199,-0.230540320277214,0.278732419013977,-0.9474692940711976,-0.2318625003099441,-0.239296942949295,-0.9257044792175292,-0.3180164992809295,0.1094909012317657,-0.0017575299134477,0.0142689738422632,-0.1097641736268997,0.0012297496432438,-0.0131817981600761,0.1476989388465881,0.3856241106986999,-0.0216220971196889,-0.1378203779458999,0.363741785287857,-0.0445592366158962,0.1420562714338302,0.7055560946464539,0.1497345864772796,-0.0882473960518837,0.6860294342041016,0.1230364143848419
-0.0024450297933071,-0.6347439289093018,-0.2769727408885956,0.1458470821380615,-0.516735315322876,-0.1123957857489585,0.2323120236396789,-0.7222293019294739,-0.1772678643465042,-0.1438071280717849,-0.5077325701713562,-0.1424019038677215,-0.2319998890161514,-0.6771875619888306,-0.2460733354091644,0.2906143069267273,-0.9438040852546692,-0.2449115365743637,-0.2408800274133682,-0.9180383682250975,-0.3290974795818329,0.1098763197660446,-0.0016064154915511,0.0139409974217414,-0.1101676225662231,0.0010849446989595,-0.0128693552687764,0.1471631824970245,0.3847463726997375,-0.0245459098368883,-0.1393393278121948,0.3591865301132202,-0.0548414401710033,0.1386677920818328,0.7026245594024658,0.1515786796808242,-0.0860594063997268,0.6788531541824341,0.1223422661423683
-0.0028544133529067,-0.633674144744873,-0.2783780694007873,0.1457613557577133,-0.5166159868240356,-0.1154267191886901,0.2300928831100464,-0.7238454222679138,-0.1842307150363922,-0.1439215838909149,-0.5050130486488342,-0.1431733965873718,-0.2330627888441085,-0.6755544543266296,-0.2523405849933624,0.2858980298042297,-0.9469048380851746,-0.2496431916952133,-0.2412342727184295,-0.9175246953964232,-0.3423927128314972,0.1101806014776229,-0.0018527383217588,0.0136614274233579,-0.1104757785797119,0.0013386227656155,-0.0125709529966115,0.1495292633771896,0.3847858309745788,-0.0236778315156698,-0.1408449858427047,0.3604298830032348,-0.0541621446609497,0.1447873562574386,0.6987414956092834,0.1523523330688476,-0.096123956143856,0.6800495982170105,0.1221342384815216
-0.0029193290974944,-0.6395683288574219,-0.2609785497188568,0.145695075392723,-0.5179706811904907,-0.0963288322091102,0.2297745496034622,-0.7255871295928955,-0.1585364043712616,-0.1445527523756027,-0.5052551627159119,-0.1314634829759597,-0.2334769070148468,-0.6759709119796753,-0.2465522289276123,0.2859163284301758,-0.946920931339264,-0.2225926667451858,-0.2394573390483856,-0.9181622862815856,-0.3359265923500061,0.1104364395141601,-0.0018235114403069,0.0136475712060928,-0.1107178851962089,0.0013125408440828,-0.0125562865287065,0.1506253033876419,0.3842373788356781,-0.0253581572324037,-0.1421443223953247,0.3594659566879272,-0.052633449435234,0.1440327912569046,0.6971567273139954,0.1521698087453842,-0.095074325799942,0.6787286996841431,0.1223501563072204
-0.0018811728805303,-0.6397162079811096,-0.2618326842784881,0.1472494751214981,-0.5177525877952576,-0.0974158570170402,0.2316658347845077,-0.725162148475647,-0.1594483852386474,-0.1440496444702148,-0.5051954984664917,-0.1304441094398498,-0.2349915504455566,-0.6731281876564026,-0.2482821643352508,0.2885468006134033,-0.9468368887901306,-0.2239755392074585,-0.2396625429391861,-0.9164062142372132,-0.3427997231483459,0.1108219102025032,-0.0018171990523114,0.0131757147610187,-0.1111036762595176,0.0013083155499771,-0.012097155675292,0.1580646783113479,0.3832743465900421,-0.0314289480447769,-0.1436952948570251,0.3587279617786407,-0.0524843111634254,0.1462836116552353,0.6895379424095154,0.1524125635623932,-0.0944878980517387,0.6781586408615112,0.1228001937270164
-0.0009316716459579,-0.6400699615478516,-0.2598078548908233,0.1472956389188766,-0.5186552405357361,-0.0963140055537223,0.2314822673797607,-0.7256113886833191,-0.1606095433235168,-0.1445358395576477,-0.5057530999183655,-0.1291790753602981,-0.2410156279802322,-0.6744763851165771,-0.2436033487319946,0.2882845997810364,-0.9472339749336244,-0.2264707684516906,-0.2532244920730591,-0.918700098991394,-0.3340680003166199,0.1109595149755477,-0.0017395714530721,0.012939223088324,-0.111239455640316,0.0012420179555192,-0.0118757355958223,0.1573838293552398,0.3826605677604675,-0.0424146614968776,-0.1490103602409362,0.3576324582099914,-0.0595831535756588,0.1447260230779647,0.6899876594543457,0.140769749879837,-0.0942147672176361,0.6779512763023376,0.1173424124717712
-0.0003308718150947,-0.6385774612426758,-0.2634302675724029,0.148972138762474,-0.517076849937439,-0.1020268723368644,0.2334277331829071,-0.7200024127960205,-0.1728151440620422,-0.1439655870199203,-0.5047323107719421,-0.1307084262371063,-0.2406842112541198,-0.6719871163368225,-0.2479378283023834,0.2889547646045685,-0.9388481378555298,-0.2443700730800628,-0.252866119146347,-0.9164546132087708,-0.3461686670780182,0.1112998127937316,-0.0017174759414047,0.0126229766756296,-0.1115825027227401,0.0012246092082932,-0.0115637546405196,0.1570072025060653,0.3820470869541168,-0.0487811863422393,-0.149525910615921,0.3569108545780182,-0.063403382897377,0.1452054530382156,0.6870828866958618,0.139054387807846,-0.0939787179231643,0.6767550110816956,0.115143321454525
-0.0012321328977122,-0.6355240941047668,-0.2786571383476257,0.1488510072231292,-0.5164198875427246,-0.1188821569085121,0.2345098555088043,-0.7200369238853455,-0.1924023330211639,-0.1440126597881317,-0.5043838620185852,-0.1428053528070449,-0.2423406243324279,-0.6701421141624451,-0.2571006417274475,0.2911119163036346,-0.9410158395767212,-0.2634999752044678,-0.2572581171989441,-0.9148632884025574,-0.3550746440887451,0.1114146038889885,-0.0015761001268401,0.0119353039190173,-0.1117060482501983,0.0010912655852735,-0.0108829541131854,0.1542341113090515,0.3820339143276214,-0.0472073853015899,-0.1521414816379547,0.3554551899433136,-0.0651893988251686,0.143054574728012,0.6845312118530273,0.1472835838794708,-0.093658834695816,0.6740559339523315,0.1162532344460487
-0.0029814457520842,-0.6326115727424622,-0.2930392920970917,0.1485940963029861,-0.5137614607810974,-0.1316720247268676,0.2358274757862091,-0.7187666893005371,-0.206133633852005,-0.1442998647689819,-0.5018624067306519,-0.1581183522939682,-0.2427576184272766,-0.6633414626121521,-0.2836721837520599,0.2945526540279388,-0.9405770897865297,-0.2792608737945556,-0.2586658895015716,-0.9027972221374512,-0.3926416635513305,0.1115501001477241,-0.0015817061066627,0.0118909915909171,-0.1118494495749473,0.0011043340200558,-0.0108385700732469,0.1569260060787201,0.3787567019462585,-0.0635293200612068,-0.1520000398159027,0.3554233312606811,-0.0679602622985839,0.1465218663215637,0.6795713901519775,0.1317766457796096,-0.0937323495745658,0.6741390228271484,0.1096307858824729
-0.0023862202651798,-0.6324227452278137,-0.2921686172485351,0.1483348906040191,-0.5137740969657898,-0.1304789036512375,0.2353506833314895,-0.7188244462013245,-0.2028220444917678,-0.1444990634918213,-0.5015601515769958,-0.1571402549743652,-0.2435471415519714,-0.6620537042617798,-0.2803865671157837,0.2942111492156982,-0.9403709769248962,-0.2778945565223694,-0.2611223757266998,-0.9003838896751404,-0.3860277533531189,0.1116167679429054,-0.001609624014236,0.011907516978681,-0.1119177713990211,0.0011396399931982,-0.0108545403927564,0.1571952551603317,0.3787487745285034,-0.0609837248921394,-0.1518575102090835,0.3554717004299164,-0.0677108019590377,0.146598145365715,0.6789339780807495,0.1331797689199447,-0.0937314853072166,0.6739722490310669,0.1099099889397621
-0.002134796930477,-0.6313732266426086,-0.2912804782390594,0.1484700590372085,-0.5138012766838074,-0.1292580962181091,0.235761821269989,-0.7186562418937683,-0.2015276700258255,-0.1443462073802948,-0.5015409588813782,-0.1548679172992706,-0.2457856982946396,-0.6632120013237,-0.2693885862827301,0.2942506074905395,-0.9398815631866456,-0.2765491008758545,-0.2623447477817535,-0.9046844840049744,-0.3637416660785675,0.1116790473461151,-0.0016059034969657,0.0117488950490951,-0.1119796633720398,0.0011390185682103,-0.0106981769204139,0.1571192890405655,0.3787218928337097,-0.0595551319420337,-0.1518406718969345,0.3554596304893493,-0.0686480328440666,0.1469102054834365,0.6792841553688049,0.1294386684894561,-0.0936632379889488,0.6741994023323059,0.1056740060448646
-0.0024285460822284,-0.628285825252533,-0.2989901304244995,0.1477533727884292,-0.5136080384254456,-0.1323892325162887,0.2355299144983291,-0.7186856865882874,-0.2024560421705246,-0.1453556567430496,-0.5011203289031982,-0.1620178371667862,-0.2529159784317016,-0.6658638119697571,-0.2705155313014984,0.2943962514400482,-0.9399938583374025,-0.2763601839542389,-0.2715421617031097,-0.90793639421463,-0.3620166182518005,0.1117303147912025,-0.0015860848361626,0.0117190331220626,-0.1120299100875854,0.0011213961988687,-0.0106693496927618,0.1553010940551757,0.3787997663021087,-0.0585739165544509,-0.153026595711708,0.3553745746612549,-0.0723820477724075,0.145217090845108,0.681090235710144,0.1272470355033874,-0.0941448584198951,0.6749044060707092,0.0990950167179107
-0.0019603471737354,-0.626470148563385,-0.3014525771141052,0.1479886025190353,-0.5135691165924072,-0.1348156780004501,0.235304370522499,-0.7194033861160278,-0.204195037484169,-0.1439082324504852,-0.5010651350021362,-0.1641068309545517,-0.251804381608963,-0.667386531829834,-0.2718013823032379,0.2941716313362121,-0.9418837428092957,-0.2757745087146759,-0.2715928554534912,-0.90906423330307,-0.3626707792282104,0.1117693185806274,-0.0014688298106193,0.0116978222504258,-0.1120709031820297,0.0010064635425806,-0.0106473136693239,0.1531513035297393,0.3789279162883758,-0.0567462369799613,-0.1532290279865265,0.3554241061210632,-0.0767637714743614,0.1439027637243271,0.6875821352005005,0.1255359351634979,-0.0975203290581703,0.6783889532089233,0.0904377549886703
-0.0007992791361175,-0.6261075735092163,-0.307730883359909,0.1467295736074447,-0.513065755367279,-0.1364022046327591,0.2346832603216171,-0.7197211384773254,-0.2038463801145553,-0.1440552324056625,-0.500714898109436,-0.1744587272405624,-0.2520276606082916,-0.667779803276062,-0.2836383879184723,0.2953691184520721,-0.942817449569702,-0.2751932442188263,-0.2713090777397156,-0.9094225764274596,-0.3694839179515838,0.1118039712309837,-0.0013862118357792,0.0117798969149589,-0.1121062338352203,0.0009242658270522,-0.0107265952974557,0.150658831000328,0.379794716835022,-0.0567869804799556,-0.1577063053846359,0.3551849126815796,-0.0763844922184944,0.1402803212404251,0.6876561641693115,0.1260255873203277,-0.0987938567996025,0.6776331067085266,0.0933043286204338
-0.0011073792120441,-0.6268178224563599,-0.3049293458461761,0.1462382823228836,-0.5129225254058838,-0.1343365460634231,0.2338381707668304,-0.7197583317756653,-0.2012649476528167,-0.1447707414627075,-0.5006113648414612,-0.1716737896203994,-0.2537519633769989,-0.6683017611503601,-0.279334157705307,0.2946605682373047,-0.9431007504463196,-0.2734829485416412,-0.2733694612979889,-0.9095041155815125,-0.3661708235740661,0.1118458285927772,-0.0014497552765533,0.011674165725708,-0.1121562719345092,0.0009964490309357,-0.0106250196695327,0.1542189866304397,0.3788371384143829,-0.0569768287241458,-0.1650817394256591,0.3551706671714782,-0.0813164263963699,0.1458411514759063,0.6859662532806396,0.1255608201026916,-0.1068427637219429,0.6800952553749084,0.0884730890393257
-0.0009836878161877,-0.6269088387489319,-0.3042722642421722,0.1463205218315124,-0.5128042697906494,-0.1340962946414947,0.2342461496591568,-0.7201555967330933,-0.198215365409851,-0.144626185297966,-0.500236988067627,-0.1700057685375213,-0.2536599040031433,-0.6676052808761597,-0.2766992151737213,0.2960085272789001,-0.9434285759925842,-0.2692869007587433,-0.273302286863327,-0.9090388417243958,-0.3652738034725189,0.1120440736413002,-0.0013850285904482,0.0114457318559288,-0.1123535111546516,0.0009356914088129,-0.010389644652605,0.1545647978782653,0.3778589367866516,-0.0825076848268508,-0.1669284999370575,0.3534788787364959,-0.0857328251004219,0.1441014260053634,0.6829920411109924,0.1110505610704422,-0.1065614521503448,0.6754971742630005,0.0890634730458259
-0.0029074007179588,-0.6259593367576599,-0.3037437200546264,0.1455851048231125,-0.5135001540184021,-0.1337958723306656,0.2348534315824508,-0.7222583889961243,-0.1947186142206192,-0.1451055109500885,-0.5002135038375854,-0.1679776608943939,-0.2562828958034515,-0.6673060655593872,-0.2700488865375519,0.2967359125614166,-0.9456074237823486,-0.2617897093296051,-0.2737566232681274,-0.9090143442153932,-0.3559040129184723,0.1120604500174522,-0.0013901093043386,0.011406878940761,-0.1123754382133483,0.000944782863371,-0.0103542124852538,0.1542738527059555,0.3768977224826813,-0.079242818057537,-0.1656515747308731,0.3535056710243225,-0.0890143737196922,0.1452155262231826,0.6834559440612793,0.1083599030971527,-0.1064214184880256,0.6778485178947449,0.0778797194361686
-0.0028808086644858,-0.627575695514679,-0.3009607791900635,0.1452595591545105,-0.5145909190177917,-0.127456933259964,0.2349594682455063,-0.7310000061988831,-0.1816718727350235,-0.1452596336603164,-0.5010433197021484,-0.167401373386383,-0.2562087476253509,-0.6757633090019226,-0.2683149576187134,0.296729177236557,-0.956496000289917,-0.2478651106357574,-0.2753746211528778,-0.9205119609832764,-0.347317487001419,0.1120986267924308,-0.0013536297483369,0.0115916393697261,-0.1124171093106269,0.0009126305812969,-0.0105447592213749,0.1556157916784286,0.3763132691383362,-0.0820090100169181,-0.1661428958177566,0.3532567024230957,-0.0932492166757583,0.1455136686563491,0.6835121512413025,0.1001037880778312,-0.106312595307827,0.6778162121772766,0.0725123062729835
-0.0034955888986587,-0.6275874972343445,-0.2993510663509369,0.1458899825811386,-0.5135713219642639,-0.1274253726005554,0.237733393907547,-0.7299109697341919,-0.181992769241333,-0.1452389061450958,-0.5010260939598083,-0.1617144644260406,-0.2561670541763305,-0.6761768460273743,-0.2562481760978699,0.2977220118045807,-0.9562297463417052,-0.2489985227584839,-0.2755085229873657,-0.9212419986724854,-0.3341766893863678,0.1122368350625038,-0.0013480458874255,0.0113851819187402,-0.1125615611672401,0.0009087967919185,-0.0103341992944478,0.1584352403879165,0.3755141794681549,-0.0888771340250969,-0.1661832481622696,0.3528144359588623,-0.0981876328587532,0.1466435641050338,0.6825200915336609,0.0946240872144699,-0.1056664213538169,0.6778688430786133,0.0683591440320015
-0.0041349963285028,-0.6273015141487122,-0.2996028363704681,0.1463188230991363,-0.5120179653167725,-0.1295306235551834,0.2403043508529663,-0.723406195640564,-0.1853533089160919,-0.1450571715831756,-0.500872015953064,-0.1615836918354034,-0.2542419135570526,-0.6751202940940857,-0.2546481490135193,0.2998864948749542,-0.9479823112487792,-0.251582533121109,-0.2754673957824707,-0.921091079711914,-0.3333580195903778,0.1124151274561882,-0.0012728907167911,0.0112704215571284,-0.1127403974533081,0.0008347357506863,-0.0102134365588426,0.1592369377613067,0.3737489581108093,-0.1025589704513549,-0.1661616861820221,0.3519206047058105,-0.1000648289918899,0.145776629447937,0.6776452660560608,0.093360997736454,-0.1061204150319099,0.675220787525177,0.0695050656795501
-0.0067480690777301,-0.6271551251411438,-0.299961656332016,0.146315723657608,-0.5114586353302002,-0.1329101324081421,0.2422244101762771,-0.7213332056999207,-0.1919857114553451,-0.1450907289981842,-0.5011867880821228,-0.1613770425319671,-0.2542551457881927,-0.6757349371910095,-0.2443385869264602,0.2999855279922485,-0.9461145997047424,-0.2556510865688324,-0.2783289849758148,-0.9211923480033876,-0.314527302980423,0.1124518364667892,-0.0011625619372352,0.0109525490552186,-0.1127788797020912,0.0007285575848072,-0.0098913889378309,0.1587969809770584,0.3727035820484161,-0.1003508493304252,-0.1656255275011062,0.3509707450866699,-0.1024337783455848,0.145103320479393,0.6777830719947815,0.0917210802435875,-0.1064961776137352,0.6750317811965942,0.0663567036390304
-0.0071255238726735,-0.6271451115608215,-0.2999791502952575,0.1471762061119079,-0.5106868743896484,-0.1356704384088516,0.2455016076564788,-0.7184199094772339,-0.1986628621816635,-0.1438079625368118,-0.5019689202308655,-0.1592203229665756,-0.2526204884052276,-0.6774305701255798,-0.2323997169733047,0.3023960292339325,-0.9442956447601318,-0.2610666751861572,-0.2769573032855987,-0.9224680662155152,-0.2989790439605713,0.1124762743711471,-0.0011394957546144,0.0104769244790077,-0.1128062382340431,0.0007058256305754,-0.0094025703147053,0.1593803763389587,0.3719439804553985,-0.0942040160298347,-0.1638303995132446,0.3508636653423309,-0.102106012403965,0.1494288295507431,0.6764775514602661,0.0981196463108062,-0.1060285046696662,0.67539381980896,0.0668478310108184
-0.0070201684720814,-0.6275776624679565,-0.2995282113552093,0.1475642919540405,-0.5107002258300781,-0.1361545920372009,0.2466267794370651,-0.7181262373924255,-0.200029969215393,-0.1431704461574554,-0.5028925538063049,-0.1576709002256393,-0.2514964044094085,-0.6775026917457581,-0.2346457839012146,0.3063247203826904,-0.9430818557739258,-0.2622897326946258,-0.2757815718650818,-0.921682357788086,-0.3029968738555908,0.1124689877033233,-0.0009987108642235,0.0102493874728679,-0.1127976328134536,0.0005695741274394,-0.0091666057705879,0.1570177972316742,0.3719223439693451,-0.0909765809774398,-0.1605521440505981,0.34970623254776,-0.0999705865979194,0.1489660590887069,0.6765520572662354,0.100460447371006,-0.1022611334919929,0.6726087927818298,0.0709001272916793
-0.0061072898097336,-0.6283609867095947,-0.2993293702602386,0.1475615352392196,-0.5107341408729553,-0.1351652890443802,0.2465891242027282,-0.7194544076919556,-0.1973608434200287,-0.1432478278875351,-0.5028843283653259,-0.1579196602106094,-0.2514190673828125,-0.677469789981842,-0.2440412491559982,0.3078815340995788,-0.944682478904724,-0.2609766721725464,-0.2757517695426941,-0.9218127727508544,-0.3204020261764526,0.112523965537548,-0.0009676664485596,0.0103149190545082,-0.1128493994474411,0.0005409509176388,-0.0092314481735229,0.1561926752328872,0.3698706328868866,-0.0942868888378143,-0.1613086462020874,0.3462120592594147,-0.0998292863368988,0.1478160917758941,0.6723992824554443,0.0991616621613502,-0.1022308096289634,0.6643779873847961,0.0731052905321121
0.0007699797279201,-0.6280935406684875,-0.2995698750019073,0.1501058042049408,-0.5104346871376038,-0.1352138519287109,0.2465447336435318,-0.718996524810791,-0.1980824470520019,-0.1403850764036178,-0.5032470226287842,-0.1583366096019745,-0.2494598925113678,-0.6780604124069214,-0.2482095807790756,0.3089893460273742,-0.9446864128112792,-0.2627191543579101,-0.273277223110199,-0.921763837337494,-0.3285523951053619,0.112540915608406,-0.0009432457154616,0.0103236911818385,-0.1128669828176498,0.0005178194260224,-0.0092385485768318,0.1576209813356399,0.3703148663043976,-0.08524189889431,-0.161172479391098,0.3466956615447998,-0.0996501445770263,0.1492271721363067,0.672541081905365,0.1091921254992485,-0.1027244180440902,0.6652588248252869,0.0752347037196159
0.0028730579651892,-0.6308057904243469,-0.2837753593921661,0.1500652581453323,-0.5126649141311646,-0.1164839267730712,0.2474385946989059,-0.7289324402809143,-0.1717308461666107,-0.1407852470874786,-0.5051619410514832,-0.1503261923789978,-0.2496115118265152,-0.6826818585395813,-0.2421293556690216,0.3141945600509643,-0.9566969871520996,-0.2343242764472961,-0.2736119627952575,-0.9246650338172911,-0.3189847469329834,0.1125520467758178,-0.0007445163791999,0.0104203755035996,-0.1128755658864975,0.0003295068163424,-0.0093376543372869,0.1546285897493362,0.3706971704959869,-0.0887868031859397,-0.1619882136583328,0.3456506729125976,-0.0995537489652633,0.1388069242238998,0.6700901985168457,0.1120905578136444,-0.0954585075378418,0.6620499491691589,0.0853673368692398
-0.0002464470162522,-0.630810558795929,-0.2897762358188629,0.1497022956609726,-0.5124055743217468,-0.1259636431932449,0.2492831945419311,-0.7285648584365845,-0.181875392794609,-0.140921264886856,-0.5051891803741455,-0.1520367115736007,-0.2489396631717682,-0.6833882927894592,-0.2386798560619354,0.3145943880081177,-0.9561166763305664,-0.2396105080842971,-0.273042768239975,-0.9254772663116456,-0.3081825077533722,0.1125629097223281,-0.0007158879889175,0.0100042037665843,-0.1128863617777824,0.0003024598991032,-0.0089175580069422,0.1548405140638351,0.3697114288806915,-0.0969520509243011,-0.1613290458917617,0.345456451177597,-0.0902407690882682,0.1390130370855331,0.6685937643051147,0.1079258918762207,-0.0956946685910224,0.6605501770973206,0.0964859649538993
-0.0019987269770354,-0.6308615803718567,-0.2894463837146759,0.1496783643960952,-0.5122491717338562,-0.1262511014938354,0.2501034438610077,-0.7282968759536743,-0.1825798749923706,-0.1408275067806244,-0.5052004456520081,-0.1489847153425216,-0.2490169107913971,-0.6833307147026062,-0.2312754690647125,0.3158608675003052,-0.9557672739028932,-0.2394176423549652,-0.2741749584674835,-0.9255077242851256,-0.302415668964386,0.1125718057155609,-0.0006135221919976,0.0098574329167604,-0.1128932982683181,0.0002043002750724,-0.0087582934647798,0.1548097878694534,0.3666430115699768,-0.1193027198314666,-0.162461444735527,0.3408795297145843,-0.0997997745871543,0.1349204331636428,0.6656413674354553,0.0828421413898468,-0.0945844575762748,0.6559565663337708,0.0852408334612846
-0.0005579645512625,-0.6316792368888855,-0.2923868894577026,0.1490586400032043,-0.5118356943130493,-0.1264331936836242,0.2517658472061157,-0.7266209125518799,-0.1831181496381759,-0.1427632123231887,-0.5051820278167725,-0.1573975980281829,-0.2504591047763824,-0.6835544109344482,-0.2538862824440002,0.3197414875030517,-0.948010504245758,-0.2445836961269378,-0.275119811296463,-0.925544798374176,-0.3315521478652954,0.1125979200005531,-0.0006032371893525,0.0105843562632799,-0.1129167303442955,0.0001985278358915,-0.0094944378361105,0.1549714058637619,0.3667652308940887,-0.1183603629469871,-0.1620811223983764,0.3414644300937652,-0.0932075381278991,0.1352463960647583,0.6655725836753845,0.0838954523205757,-0.0976529940962791,0.6558912396430969,0.0950101539492607
-0.000567281502299,-0.631679356098175,-0.294660210609436,0.14835125207901,-0.5103732943534851,-0.1285997778177261,0.2475149184465408,-0.7234623432159424,-0.1923848986625671,-0.1436411589384079,-0.5016836524009705,-0.1601767688989639,-0.2539217174053192,-0.6774636507034302,-0.2675995230674743,0.3175857961177826,-0.9452612400054932,-0.2646489143371582,-0.2776805162429809,-0.9206623435020448,-0.3564493656158447,0.1127213686704635,-0.0007164161070249,0.0105362748727202,-0.1130424961447715,0.0003200109640602,-0.0094452528283,0.1543120145797729,0.3642051517963409,-0.1231887713074684,-0.1639534384012222,0.3407048285007477,-0.10013048350811,0.1372665762901306,0.6589350700378418,0.0848375558853149,-0.0972797647118568,0.6541029214859009,0.0921739786863327
-0.0003335656365379,-0.631242036819458,-0.3007326126098633,0.1486539542675018,-0.5082600116729736,-0.1347156018018722,0.2476774752140045,-0.719658374786377,-0.1982134729623794,-0.143333613872528,-0.5009644031524658,-0.1630509942770004,-0.2546145319938659,-0.6766391396522522,-0.2665250599384308,0.3197264969348907,-0.9433147311210632,-0.2680460214614868,-0.2777490615844726,-0.9203657507896424,-0.3514415621757507,0.1128534376621246,-0.0007099541835486,0.0105024548247456,-0.1131776645779609,0.000314706179779,-0.0094088725745677,0.1554432660341262,0.3633659780025482,-0.1216851249337196,-0.1652932614088058,0.3394361734390259,-0.1063710749149322,0.1408894956111908,0.6582652926445007,0.0852058455348014,-0.09833624958992,0.6511724591255188,0.0867467299103736
0.0006042137392796,-0.6315044164657593,-0.3006662726402282,0.1488631069660186,-0.508233368396759,-0.1337888836860656,0.2501854598522186,-0.718921959400177,-0.1943260431289672,-0.1437339633703231,-0.5021137595176697,-0.1633300483226776,-0.2547076940536499,-0.6815671324729919,-0.2653666138648987,0.3253072202205658,-0.9401179552078248,-0.2640932500362396,-0.2778570055961609,-0.9240459203720092,-0.3397100865840912,0.1129423156380653,-0.000673116359394,0.0107958018779754,-0.1132649704813957,0.0002821401285473,-0.0097026824951171,0.1580493450164795,0.362689346075058,-0.1256880909204483,-0.1660278886556625,0.3386144042015075,-0.1069541871547699,0.1414562612771988,0.6590905785560608,0.0732428655028343,-0.0990279242396354,0.6505974531173706,0.0819350630044937
0.0016298256814479,-0.6314854025840759,-0.301001489162445,0.1492906957864761,-0.5080771446228027,-0.1337794065475464,0.2503071129322052,-0.716849684715271,-0.1957557499408722,-0.1437783390283584,-0.5009693503379822,-0.165981039404869,-0.2555345892906189,-0.6754603981971741,-0.278125911951065,0.325997531414032,-0.937248468399048,-0.268033355474472,-0.2778569757938385,-0.9159921407699584,-0.3656725883483886,0.1130528375506401,-0.000674799142871,0.0112657900899648,-0.1133747696876525,0.000286061753286,-0.0101751191541552,0.1572615802288055,0.3652017116546631,-0.106876328587532,-0.1654862910509109,0.3398150205612182,-0.1000757068395614,0.1387764364480972,0.6633616089820862,0.0856779664754867,-0.0996233075857162,0.6507433652877808,0.0858515575528144
0.0019790832884609,-0.6266589164733887,-0.3121682703495025,0.1502220928668975,-0.5048698782920837,-0.1438053995370865,0.250304102897644,-0.7118645310401917,-0.2060501128435135,-0.1419977098703384,-0.5000794529914856,-0.1742243319749832,-0.2529606819152832,-0.674736499786377,-0.2781366407871246,0.3270009756088257,-0.9350894689559937,-0.275687038898468,-0.2778558731079101,-0.915903627872467,-0.3618669211864471,0.1131581962108612,-0.0005920226685702,0.0110275838524103,-0.1134864091873169,0.0002037468802882,-0.0099255759268999,0.1573991626501083,0.3641193211078644,-0.1234695464372634,-0.166943609714508,0.3377624750137329,-0.1080007255077362,0.139001727104187,0.6630945205688477,0.0792938694357872,-0.0992774218320846,0.6474816203117371,0.0791761800646781
0.0020940171089023,-0.6267361044883728,-0.3115073442459106,0.1500648856163025,-0.5045947432518005,-0.1434210836887359,0.2525631189346313,-0.7119516134262085,-0.2057273387908935,-0.1422033160924911,-0.5001383423805237,-0.1737968474626541,-0.25485360622406,-0.6747885942459106,-0.276837021112442,0.3295329511165619,-0.9351698160171508,-0.2750704288482666,-0.2792763710021972,-0.915999174118042,-0.3600972294807434,0.1131275594234466,-0.0005669934325851,0.0109016271308064,-0.1134558320045471,0.0001820791658246,-0.0098068201914429,0.1555472314357757,0.3608317375183105,-0.1284101754426956,-0.1659215092658996,0.3367371559143066,-0.1078104525804519,0.1353032886981964,0.6608869433403015,0.0772550925612449,-0.0971008837223053,0.6470702290534973,0.0792681723833084
0.0021135222632437,-0.6261504888534546,-0.3158534467220306,0.1500539034605026,-0.5042232871055603,-0.1473902910947799,0.2504164576530456,-0.7112788558006287,-0.2103686183691024,-0.1419129073619842,-0.4997886717319488,-0.1779153943061828,-0.2544104158878326,-0.674812912940979,-0.2799343764781952,0.3291588127613067,-0.9351428151130676,-0.280373752117157,-0.27988401055336,-0.9161884784698486,-0.3626989126205444,0.1131366491317749,-0.000566639995668,0.0108559364452958,-0.1134654507040977,0.0001828161330195,-0.0097606079652905,0.1557588875293731,0.3617618978023529,-0.1251391619443893,-0.1648849993944168,0.3375223577022552,-0.1064433604478836,0.1375311613082885,0.6620412468910217,0.0792339816689491,-0.0956906750798225,0.6486408710479736,0.0797896236181259
0.0032048881985247,-0.6267214417457581,-0.3077969551086426,0.149985134601593,-0.5061968564987183,-0.1401390433311462,0.250228613615036,-0.7122082114219666,-0.2011534124612808,-0.1418540775775909,-0.5009328126907349,-0.171524316072464,-0.2539833784103393,-0.6765120625495911,-0.2656375765800476,0.3290561139583587,-0.9363102912902832,-0.2722289264202118,-0.279367983341217,-0.9196129441261292,-0.3401064276695251,0.1129289865493774,-0.0005590852815657,0.010769142769277,-0.1132494509220123,0.0001770767121342,-0.0096802869811654,0.154029980301857,0.3625406920909881,-0.1184439659118652,-0.1627192199230194,0.3391367197036743,-0.0986538529396057,0.1349819600582122,0.663510262966156,0.0836865231394767,-0.0947150811553001,0.6509271264076233,0.0869085714221
0.0039459588006138,-0.627087414264679,-0.3110514879226684,0.1499322205781936,-0.5060508251190186,-0.1414728909730911,0.2497870326042175,-0.7103468775749207,-0.2059752792119979,-0.1418767720460891,-0.5004868507385254,-0.1768630892038345,-0.2535490989685058,-0.6739192008972168,-0.282419204711914,0.3291133344173431,-0.9324198365211488,-0.2839999496936798,-0.2780352234840393,-0.9152491092681884,-0.3689111173152923,0.1129300892353057,-0.0005816181073896,0.010890869423747,-0.1132501289248466,0.0002007087459787,-0.0098025193437933,0.1553397625684738,0.3642342686653137,-0.108772300183773,-0.163491204380989,0.341042160987854,-0.0945592150092125,0.1353373229503631,0.6657812595367432,0.0886522829532623,-0.096954308450222,0.6539716720581055,0.0894584581255912
0.0057780304923653,-0.6276777386665344,-0.309424489736557,0.1499471217393875,-0.5054932236671448,-0.139641597867012,0.2494637817144394,-0.7093287706375122,-0.2021583765745163,-0.1418622136116027,-0.50002521276474,-0.1760285496711731,-0.2532735764980316,-0.6731736660003662,-0.2822729647159576,0.3292874991893768,-0.9294849634170532,-0.2793775498867035,-0.2776461243629455,-0.9126209020614624,-0.3702294528484344,0.112901858985424,-0.0006388071342371,0.0108648035675287,-0.1132207363843917,0.0002639995946083,-0.0097785387188196,0.1563548147678375,0.3599081635475158,-0.1252222508192062,-0.1634826958179474,0.3409760892391205,-0.0947248637676239,0.1356972604990005,0.6635556221008301,0.0740204900503158,-0.0933537781238555,0.6541820168495178,0.0894018486142158
0.0149769056588411,-0.632037878036499,-0.2982664704322815,0.1507682055234909,-0.5076979994773865,-0.1225441098213195,0.250988095998764,-0.7134703397750854,-0.1748191863298416,-0.141373410820961,-0.5004603266716003,-0.1739745587110519,-0.2525163888931274,-0.6727365851402283,-0.2832493185997009,0.3340268731117248,-0.933497190475464,-0.2472775131464004,-0.2745957672595978,-0.9126408100128174,-0.3706774711608886,0.1129751503467559,-0.00066220597364,0.0118621699512004,-0.1132956370711326,0.0002922544372268,-0.0107947969809174,0.1608774214982986,0.3599528074264526,-0.1226733848452568,-0.1671981960535049,0.3405849039554596,-0.0930126681923866,0.1386517733335495,0.6628323793411255,0.0749079287052154,-0.0935307070612907,0.6521819829940796,0.0978144109249115
0.0163685679435729,-0.6325076222419739,-0.2930985391139984,0.1517394632101059,-0.5091264247894287,-0.1167618855834007,0.2522269785404205,-0.7152483463287354,-0.1706838905811309,-0.1412772387266159,-0.5010099411010742,-0.1703881025314331,-0.2530039846897125,-0.673146665096283,-0.2828061282634735,0.3364050388336181,-0.935377597808838,-0.2453284114599228,-0.2760064303874969,-0.9130460619926452,-0.3696155250072479,0.1129897907376289,-0.0006725048879161,0.0125246001407504,-0.1133100464940071,0.0003077047585975,-0.0114821642637252,0.1618969440460205,0.3591233193874359,-0.1240483149886131,-0.1671875864267349,0.3411912322044372,-0.0905376225709915,0.1378638297319412,0.6620088219642639,0.0698487535119056,-0.094825305044651,0.6522678732872009,0.1015931218862533
0.0159226115792989,-0.6324275135993958,-0.2933865487575531,0.1520501375198364,-0.5091206431388855,-0.1181866005063057,0.2553796768188476,-0.7161461114883423,-0.1730580180883407,-0.1409902125597,-0.5018119812011719,-0.1691406369209289,-0.2529135644435882,-0.6787242889404297,-0.2649939656257629,0.3379697501659393,-0.937605619430542,-0.2463191002607345,-0.2780947089195251,-0.9205499291419984,-0.3338758945465088,0.1128342151641845,-0.0006712113390676,0.0125081427395343,-0.1131543219089508,0.0003086020587943,-0.0114689767360687,0.16181281208992,0.3581088483333587,-0.1244078949093818,-0.1613779515028,0.3411872684955597,-0.0903159156441688,0.1350789815187454,0.6617082953453064,0.0705086290836334,-0.0929246172308921,0.6532226204872131,0.1013068258762359
0.0170114282518625,-0.6322512030601501,-0.2987125515937805,0.1519741266965866,-0.5097252726554871,-0.1185391321778297,0.2555581629276275,-0.7196616530418396,-0.1744599789381027,-0.1406624019145965,-0.5022428035736084,-0.178332045674324,-0.2529085576534271,-0.6792525053024292,-0.2847433090209961,0.3399524092674255,-0.9424445629119872,-0.2470069527626037,-0.2805761098861694,-0.9212961792945862,-0.3620244860649109,0.1128064766526222,-0.000545548624359,0.0133180879056453,-0.1131273880600929,0.0001850966509664,-0.012283518910408,0.1610474586486816,0.3610551655292511,-0.1101545616984367,-0.1617649644613266,0.339848518371582,-0.0936814621090889,0.1332478523254394,0.6647617220878601,0.0787969082593917,-0.0936401784420013,0.6516450047492981,0.0942321866750717
0.0166834723204374,-0.6318727731704712,-0.2983262538909912,0.1518259793519973,-0.5094440579414368,-0.1195774525403976,0.2557699084281921,-0.7198688983917236,-0.1740432977676391,-0.1409862488508224,-0.5021502375602722,-0.175713449716568,-0.2532924115657806,-0.6790648102760315,-0.2844140231609344,0.3409268856048584,-0.9426810145378112,-0.2441869378089904,-0.2851071357727051,-0.9197267293930054,-0.3639546930789947,0.112791508436203,-0.0005752260913141,0.013328306376934,-0.1131122484803199,0.0002201867464464,-0.0122942477464675,0.1634589284658432,0.3582251965999603,-0.1257127076387405,-0.1625564694404602,0.3396056592464447,-0.0936120897531509,0.1342271715402603,0.6628980040550232,0.0671627074480056,-0.0923850759863853,0.6516951322555542,0.0942620486021041
0.0156808868050575,-0.6298967599868774,-0.2998435497283935,0.1523925811052322,-0.5085219144821167,-0.1228296607732772,0.2561114728450775,-0.718198835849762,-0.1776819825172424,-0.1409113705158233,-0.5017228126525879,-0.1736277639865875,-0.2545079886913299,-0.6790914535522461,-0.2722670137882232,0.340847373008728,-0.940427839756012,-0.2476601004600525,-0.2881830930709839,-0.9199516773223876,-0.3448304831981659,0.1128191500902175,-0.0005294119473546,0.0129578523337841,-0.1131409853696823,0.0001783426559995,-0.0119246579706668,0.1628906428813934,0.355587750673294,-0.1381715685129165,-0.1632324606180191,0.3385902047157287,-0.0927900075912475,0.1343026161193847,0.6623023152351379,0.0565195381641387,-0.0952636450529098,0.650179386138916,0.0950908660888671
0.0134390015155076,-0.6307776570320129,-0.298580914735794,0.1500803381204605,-0.5100899934768677,-0.1215747892856597,0.256142795085907,-0.7198868989944458,-0.172869399189949,-0.1423151493072509,-0.5023038983345032,-0.1727056950330734,-0.2580196857452392,-0.6790770292282104,-0.2718442678451538,0.3421371579170227,-0.940596044063568,-0.2426774054765701,-0.2905259430408478,-0.9199433326721193,-0.3449175059795379,0.1124523803591728,-0.0005484139546751,0.0130395861342549,-0.1127706989645958,0.0002011547767324,-0.012012306600809,0.1609658747911453,0.3552783727645874,-0.1364076435565948,-0.1628995984792709,0.3385363817214966,-0.0935015007853508,0.1322293132543563,0.6613985300064087,0.0569593645632267,-0.0958764106035232,0.6510491371154785,0.0896013975143432
0.0137164164334535,-0.6252924203872681,-0.31757453083992,0.1530830413103103,-0.504234254360199,-0.1401955634355545,0.2567635476589203,-0.7111213207244873,-0.1958685964345932,-0.1401543617248535,-0.5001005530357361,-0.1811655759811401,-0.258076012134552,-0.6760120987892151,-0.2810412049293518,0.342116117477417,-0.9334465861320496,-0.2658531069755554,-0.2920863926410675,-0.9170944690704346,-0.362332284450531,0.1126420348882675,-0.0005304076476022,0.0127317225560545,-0.1129710003733635,0.0001812906557461,-0.0116903698071837,0.1669871062040329,0.3563013076782226,-0.1355722397565841,-0.1716821491718292,0.33768031001091,-0.1120875403285026,0.1394335925579071,0.6613612174987793,0.0582847222685813,-0.1018103584647178,0.6513286828994751,0.0641884133219719
0.0148617308586835,-0.6258238554000854,-0.3164512813091278,0.1524936556816101,-0.504375159740448,-0.1381240934133529,0.2579568922519684,-0.7116983532905579,-0.1938473284244537,-0.1403462290763855,-0.5003243684768677,-0.1822888404130935,-0.2581923902034759,-0.6765735149383545,-0.287124752998352,0.3449097275733948,-0.933537483215332,-0.2643477916717529,-0.2931807041168213,-0.9191248416900636,-0.3678679168224334,0.1125972419977188,-0.0004394809657242,0.0131251066923141,-0.1129264682531356,9.410603524884208e-05,-0.0120950536802411,0.1622106432914734,0.3576052486896515,-0.1296218633651733,-0.1712161153554916,0.3373540639877319,-0.11143659055233,0.1372301429510116,0.662987470626831,0.0593846924602985,-0.1018121093511581,0.6510487198829651,0.064967855811119
0.0129781085997819,-0.6234612464904785,-0.3214428126811981,0.1520342528820037,-0.5021024942398071,-0.1434307545423507,0.2548881471157074,-0.7056477069854736,-0.2077448219060897,-0.1410105526447296,-0.4989149272441864,-0.1848719269037246,-0.2586860358715057,-0.6765581369400024,-0.2871699035167694,0.3375735580921173,-0.925777018070221,-0.2897224426269531,-0.2942603826522827,-0.9193350672721864,-0.3680822551250458,0.1125925332307815,-0.0004066710534971,0.0127839809283614,-0.1129213646054267,5.914769280934706e-05,-0.0117407729849219,0.1599830985069275,0.3643870949745178,-0.117616131901741,-0.1710263937711715,0.3376013040542602,-0.1114310547709465,0.13813416659832,0.6713563203811646,0.0665319934487342,-0.1017482504248619,0.6529648900032043,0.063375174999237
0.0103403180837631,-0.6278440356254578,-0.3097945749759674,0.1513222157955169,-0.5024756789207458,-0.1322824954986572,0.2556090950965881,-0.7059877514839172,-0.1894342303276062,-0.1442338675260543,-0.499539315700531,-0.1791695803403854,-0.2619187235832214,-0.6782379150390625,-0.2816154360771179,0.3383437693119049,-0.9262597560882568,-0.2650888562202453,-0.2994844913482666,-0.9206655621528624,-0.3590191006660461,0.1126824766397476,-0.0004088067216798,0.0128707010298967,-0.1130158305168151,6.498143920907751e-05,-0.0118276849389076,0.1613073945045471,0.359655499458313,-0.1265588104724884,-0.1746096760034561,0.3349839150905609,-0.1191174834966659,0.1387579143047332,0.6707953214645386,0.0543941706418991,-0.1027039289474487,0.6513365507125854,0.0562854148447513
0.0101085919886827,-0.6275310516357422,-0.3078584671020508,0.1512891948223114,-0.5004255175590515,-0.131781131029129,0.2565415799617767,-0.7029759287834167,-0.1920187175273895,-0.1445430666208267,-0.4971637725830078,-0.1766323298215866,-0.2630168497562408,-0.67090904712677,-0.2827189862728119,0.3389197587966919,-0.9227875471115112,-0.270482987165451,-0.3031759858131408,-0.913634181022644,-0.3693219423294067,0.1128027439117431,-0.0004786963982041,0.012861305847764,-0.1131349503993988,0.0001460514613427,-0.0118165360763669,0.1617560386657714,0.3509442210197449,-0.160761147737503,-0.1801618784666061,0.3306379616260528,-0.1391224265098571,0.1398297399282455,0.6606412529945374,0.0320647582411766,-0.1062103509902954,0.647122859954834,0.0359859131276607
0.0104596214368939,-0.6275316476821899,-0.3041324913501739,0.1516174972057342,-0.4997587203979492,-0.1265878975391388,0.2593832910060882,-0.7005771398544312,-0.1928954720497131,-0.1450826376676559,-0.4959057569503784,-0.1752637177705764,-0.263007253408432,-0.6699972152709961,-0.2853147387504577,0.3404132723808288,-0.915896475315094,-0.282816618680954,-0.3070122301578522,-0.9125022888183594,-0.3764760196208954,0.1130312159657478,-0.0005323783261701,0.0132593577727675,-0.113354280591011,0.0002065312582999,-0.0122191598638892,0.163558229804039,0.3432828783988952,-0.1819091588258743,-0.1832606643438339,0.3302913904190063,-0.1470194309949875,0.1401019990444183,0.6554512977600098,0.0042079947888851,-0.108522854745388,0.647521436214447,0.0225296579301357
0.0104835536330938,-0.6271225214004517,-0.3025762736797333,0.1518722623586654,-0.4995731115341186,-0.12589693069458,0.2618129849433899,-0.699889600276947,-0.1928085088729858,-0.1452661454677581,-0.4959432482719421,-0.1711475104093551,-0.2635822594165802,-0.6700024008750916,-0.279365211725235,0.3434478342533111,-0.9160805940628052,-0.2816073000431061,-0.3090386688709259,-0.9126269221305848,-0.3701790273189544,0.1131177395582199,-0.0005569026106968,0.0132335796952247,-0.1134380027651786,0.0002333090669708,-0.0121937021613121,0.1637006998062133,0.3430525064468384,-0.1778436303138733,-0.1833794564008712,0.3301068842411041,-0.1434559673070907,0.1391783654689788,0.6556665301322937,0.0080116270110011,-0.1084502860903739,0.6475390195846558,0.0278967209160327
0.010671897791326,-0.627130925655365,-0.3040741980075836,0.1515878438949585,-0.4993325173854828,-0.1259368062019348,0.2618456780910492,-0.6992831826210022,-0.1937500834465026,-0.1455635875463485,-0.495231956243515,-0.1758176833391189,-0.2635819911956787,-0.6690908074378967,-0.292319506406784,0.3441672623157501,-0.9151633381843568,-0.2855536639690399,-0.3097336888313293,-0.912200927734375,-0.3869515657424927,0.1131432130932807,-0.0005830531590618,0.0137343099340796,-0.113464169204235,0.0002622359606903,-0.012705105356872,0.1637230515480041,0.343295693397522,-0.1740440726280212,-0.1831725686788559,0.3303847312927246,-0.1426908522844314,0.1382045745849609,0.6562548875808716,0.009173528291285,-0.1084233596920967,0.649304986000061,0.0274859219789505
0.0110907992348074,-0.626995861530304,-0.3036386370658874,0.1530140042304992,-0.4989087283611297,-0.1260011941194534,0.264768898487091,-0.6947309374809265,-0.2000250965356826,-0.145575538277626,-0.4952277243137359,-0.1726677566766739,-0.2632806897163391,-0.6620666980743408,-0.290807694196701,0.3453690707683563,-0.9103220701217652,-0.2996591925621032,-0.3093535006046295,-0.9051077365875244,-0.3890489339828491,0.1133660599589347,-0.000599623133894,0.0134016778320074,-0.113683708012104,0.0002784019743558,-0.0123753417283296,0.1638725697994232,0.3503563702106476,-0.1483656913042068,-0.1836604326963424,0.3324366807937622,-0.1302037239074707,0.1388682276010513,0.6569604873657227,0.0513328872621059,-0.1080216467380523,0.6494365334510803,0.0581909455358982
0.0117901349440217,-0.6242918372154236,-0.3045761883258819,0.1571854352951049,-0.4983578026294708,-0.1285977065563202,0.2695523202419281,-0.691179633140564,-0.2111365497112274,-0.1439839005470276,-0.4952163994312286,-0.172404259443283,-0.2606816589832306,-0.6599087119102478,-0.2906880378723144,0.34836146235466,-0.905657947063446,-0.3153810501098633,-0.3082294762134552,-0.9022762775421144,-0.3948903977870941,0.1135472804307937,-0.0005792239098809,0.0133278537541627,-0.1138601005077362,0.000259935419308,-0.0123031288385391,0.1641278266906738,0.3501234054565429,-0.1582010835409164,-0.1813995689153671,0.33356773853302,-0.1302075833082199,0.1384465843439102,0.6569559574127197,0.0443461723625659,-0.1050466373562812,0.6495941877365112,0.0567443780601024
0.0110968649387359,-0.62417072057724,-0.3061858117580414,0.1571191102266311,-0.499330461025238,-0.1301790177822113,0.2701614499092102,-0.6969620585441589,-0.2071901708841323,-0.1439111828804016,-0.4960296750068664,-0.1732938140630722,-0.2606920301914215,-0.6620094180107117,-0.2914904952049255,0.3511195182800293,-0.9128638505935668,-0.2953978776931762,-0.3079286515712738,-0.9032825231552124,-0.3952879607677459,0.1135418638586998,-0.0005742008797824,0.0131985759362578,-0.113856665790081,0.0002558329433668,-0.0121734822168946,0.1622907221317291,0.3498346209526062,-0.152590662240982,-0.1804884225130081,0.3329632878303528,-0.1266113221645355,0.1385318338871002,0.6552555561065674,0.0468063987791538,-0.1030816882848739,0.6495837569236755,0.0577430538833141
0.010184209793806,-0.6241574287414551,-0.30180823802948,0.1567174941301345,-0.4998601675033569,-0.124475210905075,0.2698974907398224,-0.6979816555976868,-0.2008386850357055,-0.1447640061378479,-0.4960125982761383,-0.170957013964653,-0.2615113854408264,-0.6621148586273193,-0.2926106452941894,0.3510962128639221,-0.9130424857139589,-0.2938524186611175,-0.3089036643505096,-0.9032140970230104,-0.4000817239284515,0.1136879250407219,-0.0005973150255158,0.0134445782750844,-0.1139993891119957,0.0002840839151758,-0.0124186454340815,0.1623055934906005,0.3459861278533935,-0.1689207255840301,-0.180594727396965,0.3329907953739166,-0.1285169720649719,0.1384602040052414,0.6523954272270203,0.0231399200856685,-0.1031933799386024,0.6488101482391357,0.0572594366967678
0.0101889977231621,-0.6235702037811279,-0.2989827990531921,0.1576227247714996,-0.5001888275146484,-0.1221785023808479,0.2712272107601166,-0.6998919248580933,-0.1913219094276428,-0.1445561945438385,-0.4962866008281708,-0.1635242700576782,-0.2619207799434662,-0.6634095311164856,-0.2764650583267212,0.351751446723938,-0.9176663756370544,-0.2773735821247101,-0.3094469606876373,-0.90643972158432,-0.3772048056125641,0.1139114797115325,-0.000592638447415,0.0133300358429551,-0.1142200380563736,0.0002817537169903,-0.0122992349788546,0.1637874543666839,0.3449961841106415,-0.1800414770841598,-0.1823212951421737,0.332915335893631,-0.1341668963432312,0.138207271695137,0.6523460149765015,0.0130883445963263,-0.1045703366398811,0.6461482644081116,0.052944790571928
0.0103199556469917,-0.6228432059288025,-0.3039915263652801,0.1576184332370758,-0.5000254511833191,-0.1269026100635528,0.2725570201873779,-0.6998893022537231,-0.1944907456636428,-0.1442478001117706,-0.4967420697212219,-0.1702755689620971,-0.2618182003498077,-0.6655187010765076,-0.2882444858551025,0.3546085059642792,-0.917618215084076,-0.2788267731666565,-0.3107439875602722,-0.9076648354530334,-0.3928585052490234,0.1138959303498268,-0.0005822190432809,0.0133788008242845,-0.1142077594995498,0.0002734261215664,-0.0123524162918329,0.1634194105863571,0.3444836139678955,-0.1740496307611465,-0.1789655536413192,0.332551896572113,-0.1352782845497131,0.1392870247364044,0.6536094546318054,0.0142142698168754,-0.1032935306429863,0.6476624608039856,0.0412955954670906
0.0155518101528286,-0.6240353584289551,-0.3046344518661499,0.1557051092386245,-0.5001587271690369,-0.1266291439533233,0.2720848321914673,-0.7056901454925537,-0.1842320412397384,-0.1442479342222213,-0.4967655837535858,-0.1764449477195739,-0.2629746794700622,-0.6728688478469849,-0.2983452081680298,0.3561516404151916,-0.9211922883987428,-0.2607433497905731,-0.3143730759620666,-0.9139838814735411,-0.3985104560852051,0.1137754842638969,-0.0005887188599444,0.0143384533002972,-0.1140760481357574,0.0002801037044264,-0.0133067248389124,0.1643758416175842,0.3455777764320373,-0.1603924632072448,-0.17900350689888,0.3322475254535675,-0.1364888995885849,0.1391495913267135,0.6538388133049011,0.0241288188844919,-0.1022422462701797,0.6476925611495972,0.0391804985702037
0.0162128545343875,-0.6243821382522583,-0.3016561269760132,0.1554663628339767,-0.5001650452613831,-0.1163788437843322,0.271848201751709,-0.7059863805770874,-0.1727107465267181,-0.1444029808044433,-0.4958061277866363,-0.1763843744993209,-0.2634639143943786,-0.6693317294120789,-0.3128820061683655,0.3561284840106964,-0.9210355877876282,-0.2514880299568176,-0.3168182373046875,-0.9053097367286682,-0.4290599226951599,0.1139047741889953,-0.0006094620330259,0.0158946551382541,-0.1142016947269439,0.0003045181802008,-0.0148667953908443,0.1661100834608078,0.3371370434761047,-0.1908750683069229,-0.1835331618785858,0.3287423253059387,-0.1558314114809036,0.1391349881887436,0.6512676477432251,-0.0176306273788213,-0.1063897758722305,0.6452523469924927,0.0140702594071626
0.0201510433107614,-0.6246969699859619,-0.2969526052474975,0.1542470604181289,-0.5010897517204285,-0.1086867898702621,0.2709916830062866,-0.7067249417304993,-0.1597580909729004,-0.1445880979299545,-0.4959089756011963,-0.1763016283512115,-0.2639162838459015,-0.6692947745323181,-0.3115233480930328,0.3561882376670837,-0.9212942719459534,-0.2382988035678863,-0.3167373239994049,-0.9065062403678894,-0.4238105118274688,0.1139152720570564,-0.0006266690907068,0.0168061405420303,-0.1142121329903602,0.0003234765317756,-0.0157861988991498,0.1688316464424133,0.3368689119815826,-0.1872067898511886,-0.185903325676918,0.3274734020233154,-0.1553122997283935,0.1386309564113617,0.6509804725646973,-0.0097159026190638,-0.1091143116354942,0.6446021199226379,0.0165297910571098
0.0217873472720384,-0.6223098039627075,-0.304460197687149,0.1544447243213653,-0.4959753155708313,-0.11326315253973,0.2706811428070068,-0.7007905840873718,-0.1842958629131317,-0.1447815150022506,-0.4906345009803772,-0.1872830837965011,-0.2641999423503876,-0.6658515334129333,-0.3296745419502258,0.3545762896537781,-0.9113130569458008,-0.2826342582702636,-0.3178422749042511,-0.904201865196228,-0.4354233145713806,0.1143245995044708,-0.0006490886444225,0.0175922233611345,-0.1146243140101432,0.0003484177577774,-0.0165862273424863,0.1700087040662765,0.3256564438343048,-0.2173226475715637,-0.1928082108497619,0.3226647078990936,-0.1845348477363586,0.1370345503091812,0.6460692286491394,-0.0467600002884864,-0.1146220117807388,0.6384020447731018,-0.0176990274339914
0.0217054802924394,-0.6231763362884521,-0.3027053773403168,0.1536000221967697,-0.4961414635181427,-0.1124002039432525,0.2693193852901459,-0.7008715867996216,-0.1779741197824478,-0.1455171406269073,-0.4907631874084472,-0.1851995140314102,-0.2652880251407623,-0.6659250855445862,-0.3276276886463165,0.3545261025428772,-0.911579966545105,-0.2672815918922424,-0.3185999393463135,-0.904459834098816,-0.4323116838932037,0.1143387258052825,-0.0006602015928365,0.0176409315317869,-0.1146382093429565,0.0003600995114538,-0.0166384540498256,0.170149341225624,0.3264358341693878,-0.2121248543262481,-0.1946009546518325,0.3194420635700226,-0.1805590689182281,0.1361055523157119,0.646180272102356,-0.0444428734481334,-0.115980364382267,0.6370099782943726,-0.0117356413975358
0.0209262240678071,-0.6224167943000793,-0.3019973039627075,0.1528265923261642,-0.4962309300899505,-0.1118423268198967,0.2685222923755646,-0.7009854316711426,-0.1779319047927856,-0.1481145471334457,-0.4907401800155639,-0.1849232763051986,-0.2694636285305023,-0.6654486060142517,-0.3251121342182159,0.3528481423854828,-0.9118553400039672,-0.2673327326774597,-0.3223188519477844,-0.9042983055114746,-0.4303648471832275,0.1144260317087173,-0.0007248522597365,0.0176910553127527,-0.1147297918796539,0.0004289495409466,-0.0166927762329578,0.1717570126056671,0.325478196144104,-0.2077057063579559,-0.1994677186012268,0.3179048299789428,-0.18209870159626,0.1359679996967315,0.6457096934318542,-0.0352533794939518,-0.122282788157463,0.636296808719635,-0.0165599212050437
0.0207953229546546,-0.6226131916046143,-0.3015895783901214,0.1522177755832672,-0.4961347877979278,-0.1124289184808731,0.2678235173225403,-0.7008354663848877,-0.1825075000524521,-0.1499047875404358,-0.489785373210907,-0.1828862130641937,-0.2736188471317291,-0.6617838740348816,-0.3206197023391723,0.3514503240585327,-0.9120923280715942,-0.2704304158687591,-0.327083021402359,-0.901639997959137,-0.4199318885803222,0.1145526245236396,-0.000830486009363,0.0177031010389328,-0.1148523241281509,0.0005379907088354,-0.0167067907750606,0.1708297580480575,0.3201148808002472,-0.2152929753065109,-0.1991395801305771,0.3088034391403198,-0.2049635946750641,0.1317319422960281,0.6441307067871094,-0.0446722656488418,-0.1219130456447601,0.6290106177330017,-0.0533148534595966
0.0186468455940485,-0.6182310581207275,-0.3114419281482696,0.1537216752767563,-0.4950908124446869,-0.1251752823591232,0.2691507041454315,-0.6975427269935608,-0.1984534114599228,-0.1498922407627105,-0.4894426167011261,-0.1830255985260009,-0.2741227746009826,-0.6609110236167908,-0.3134064972400665,0.3514175117015838,-0.9105963706970216,-0.2863831222057342,-0.3277007937431335,-0.9007734060287476,-0.4076360762119293,0.1146935448050499,-0.0009239552891813,0.017162574455142,-0.1149999797344207,0.0006294252234511,-0.0161634255200624,0.1713360995054245,0.3205808401107788,-0.2127190232276916,-0.1989947110414505,0.3094647228717804,-0.2037947475910186,0.1317642778158188,0.6446362733840942,-0.0410489812493324,-0.1221160069108009,0.6297621130943298,-0.0482184141874313
0.0185985639691352,-0.6252598166465759,-0.2980415225028991,0.1518138349056244,-0.4971157908439636,-0.1105897203087806,0.2674989104270935,-0.7000728845596313,-0.1783642619848251,-0.150420993566513,-0.4906758368015289,-0.1786975115537643,-0.2740605175495147,-0.6615163087844849,-0.3146507740020752,0.3510291576385498,-0.9122024178504944,-0.2663171291351318,-0.3275966644287109,-0.901435911655426,-0.4183874428272247,0.1146611720323562,-0.0009391990024596,0.0175449140369892,-0.114961564540863,0.0006467449129559,-0.0165559649467468,0.1739998608827591,0.3214178085327148,-0.2024427205324173,-0.200794830918312,0.3098030686378479,-0.1980758607387542,0.1320788115262985,0.6447038650512695,-0.0291209481656551,-0.1225299313664436,0.6301025748252869,-0.0332159847021102
0.0167691726237535,-0.6207414865493774,-0.3014662563800812,0.1539842933416366,-0.495673656463623,-0.1195272132754325,0.2672187685966491,-0.6970943212509155,-0.190559908747673,-0.1500830203294754,-0.4904708564281463,-0.1716946810483932,-0.2751854062080383,-0.6605575680732727,-0.2882954478263855,0.3476524651050567,-0.9122859835624696,-0.2771860659122467,-0.3284107148647308,-0.9004583954811096,-0.3844763040542602,0.1147273629903793,-0.0011405671248212,0.0159690342843532,-0.1150291189551353,0.0008505591540597,-0.0149674629792571,0.175616979598999,0.3223695456981659,-0.2045146226882934,-0.2007675021886825,0.316649466753006,-0.1787285357713699,0.1320838034152984,0.6447514891624451,-0.0285338331013917,-0.1226281598210334,0.6338195204734802,-0.0068887816742062
0.0143522080034017,-0.6205070614814758,-0.2999042570590973,0.1543660312891006,-0.4969360530376434,-0.1186290606856346,0.2698023021221161,-0.7013828754425049,-0.1848914325237274,-0.1502765864133834,-0.4930785000324249,-0.166429653763771,-0.2765421569347381,-0.6688727736473083,-0.2826005518436432,0.3500577807426452,-0.9162378311157228,-0.2636628448963165,-0.3284249603748321,-0.9068683385849,-0.3787961900234222,0.1148073971271514,-0.0010816310532391,0.0157511979341506,-0.1151081174612045,0.0007906233659014,-0.0147493351250886,0.1749547272920608,0.3278190493583679,-0.1952252388000488,-0.2003103643655777,0.3168616890907287,-0.1801000088453292,0.1327349990606308,0.6512311697006226,-0.0150005090981721,-0.1213927641510963,0.6344545483589172,-0.0096093639731407
0.0149576012045145,-0.6201174259185791,-0.3002831041812897,0.1558844447135925,-0.4962553381919861,-0.1209740489721298,0.2694319188594818,-0.6985052824020386,-0.2031188905239105,-0.1494763344526291,-0.4924162626266479,-0.1668283492326736,-0.2751926779747009,-0.6647820472717285,-0.2970888912677765,0.348168283700943,-0.9114009737968444,-0.3001411855220794,-0.3263330459594726,-0.900923490524292,-0.4104769229888916,0.1149013936519622,-0.0011589305941015,0.0156865287572145,-0.1152006015181541,0.0008726610103622,-0.0146844247356057,0.1775879561901092,0.3278370797634125,-0.1967960447072982,-0.200223371386528,0.3193362355232239,-0.1778049170970916,0.1354281604290008,0.6509878039360046,-0.0151514001190662,-0.1212692558765411,0.6387016177177429,-0.0085621392354369
0.0174395013600587,-0.619653582572937,-0.2993021309375763,0.1615089774131775,-0.4980513751506805,-0.1203811168670654,0.2749249339103699,-0.7006098031997681,-0.1982613503932953,-0.1436986029148101,-0.494848757982254,-0.163973718881607,-0.2693621516227722,-0.668174147605896,-0.2917062640190124,0.3520585894584656,-0.9131438136100768,-0.2883036136627197,-0.3197673857212066,-0.9058126211166382,-0.4041840434074402,0.1149073019623756,-0.0010639589745551,0.0156166441738605,-0.1152039915323257,0.0007789259543642,-0.0146184209734201,0.175674170255661,0.3302848637104034,-0.1906657069921493,-0.1905327141284942,0.3238172829151153,-0.1696069985628128,0.1362766623497009,0.6572598218917847,-0.0153496861457824,-0.1175305843353271,0.648572564125061,-0.0083164582028985
0.016760678961873,-0.6172713041305542,-0.3110140264034271,0.161251962184906,-0.4960736334323883,-0.1348922550678253,0.2748725712299347,-0.699016809463501,-0.2152948081493377,-0.1421238034963607,-0.4948131144046783,-0.1752351969480514,-0.2602982223033905,-0.662337601184845,-0.3160073757171631,0.3552537262439728,-0.9132615327835084,-0.3095385432243347,-0.3100246787071228,-0.8964395523071289,-0.4470909833908081,0.1148364171385765,-0.0008953506476245,0.01572578959167,-0.1151257678866386,0.000604746339377,-0.0147197851911187,0.1659991145133972,0.3366479277610779,-0.1876398175954818,-0.1724159717559814,0.3317984342575073,-0.1527645587921142,0.1299946159124374,0.6584170460700989,-0.0056502153165638,-0.1049848347902298,0.6559276580810547,0.0163016598671674
0.0168059561401605,-0.617255449295044,-0.3133451342582702,0.1611686199903488,-0.4953368306159973,-0.1381843984127044,0.2721888720989227,-0.6961078643798828,-0.2232750207185745,-0.1408057808876037,-0.4948060512542724,-0.1778113096952438,-0.2575530707836151,-0.6617793440818787,-0.3147510886192322,0.3524149060249328,-0.9114903807640076,-0.3218270242214203,-0.3105555474758148,-0.8960805535316467,-0.4389720857143402,0.1148005202412605,-0.0008912865305319,0.0155185749754309,-0.1150883510708808,0.0006000371067784,-0.0145020177587866,0.1654519438743591,0.3378185331821441,-0.1861051172018051,-0.1739935874938964,0.3332030177116394,-0.1509914994239807,0.1316083222627639,0.6582188010215759,-0.0026865110266953,-0.1037371158599853,0.6574291586875916,0.0167257338762283
0.0171144213527441,-0.6170436143875122,-0.3227466344833374,0.1600631922483444,-0.4941627979278564,-0.143891379237175,0.271638959646225,-0.6922940015792847,-0.2251124829053878,-0.1408311277627945,-0.4949347376823425,-0.1888135522603988,-0.2566419243812561,-0.6619648337364197,-0.31953826546669,0.3524408340454101,-0.9075366258621216,-0.3227693438529968,-0.303708404302597,-0.8971360325813293,-0.4366631507873535,0.1147882863879203,-0.0008396984776481,0.015577514655888,-0.1150762215256691,0.0005421609967015,-0.0145547576248645,0.164923682808876,0.3524309694766998,-0.1592020690441131,-0.1729243099689483,0.3394116163253784,-0.1319623738527298,0.1317255347967147,0.6614202260971069,0.0339269042015075,-0.1032324433326721,0.6580362319946289,0.0534556843340396
0.0141118681058287,-0.6196063160896301,-0.3160940110683441,0.1588473469018936,-0.4963414072990417,-0.1402748078107834,0.2626151144504547,-0.6967886686325073,-0.2131590545177459,-0.1411406397819519,-0.4955393075942993,-0.1769163757562637,-0.2588672041893005,-0.6677521467208862,-0.2919068038463592,0.3424043953418731,-0.9137837886810304,-0.3024726808071136,-0.3044281601905823,-0.9058471322059632,-0.3933503925800323,0.1147750541567802,-0.000882976106368,0.0149037716910243,-0.1150634661316871,0.0005810387665405,-0.0138685563579201,0.1636222004890442,0.3535118401050567,-0.153228297829628,-0.1734320223331451,0.3410065770149231,-0.1161334216594696,0.1318035572767257,0.6610991358757019,0.0369215831160545,-0.1032305657863617,0.6584528684616089,0.0697104781866073
0.0141713442280888,-0.6212908625602722,-0.3139933347702026,0.1585711240768432,-0.4985511600971222,-0.1397010385990142,0.262619286775589,-0.6988076567649841,-0.2090616822242736,-0.1411662846803665,-0.497633546590805,-0.1758253425359726,-0.2584822475910187,-0.6677365899085999,-0.2919614017009735,0.3433359563350677,-0.9178680777549744,-0.2945683002471924,-0.3044684529304504,-0.9060842990875244,-0.3968825042247772,0.1146394684910774,-0.0008312350255437,0.0146035905927419,-0.1149242371320724,0.0005258221644908,-0.0135672651231288,0.1613911092281341,0.3581722378730774,-0.1385565847158432,-0.170803964138031,0.3415335416793823,-0.1142586022615432,0.1352557390928268,0.6651541590690613,0.0505282022058963,-0.1020439118146896,0.660267174243927,0.0644920170307159
0.011791942641139,-0.6265822649002075,-0.3067957460880279,0.1581339836120605,-0.5019285678863525,-0.136901780962944,0.2622275352478027,-0.7004417777061462,-0.2059448957443237,-0.1413791924715042,-0.5018051862716675,-0.1668234914541244,-0.2585819363594055,-0.6755943894386292,-0.2763991951942444,0.3419280648231506,-0.9190036654472352,-0.2900372147560119,-0.3029632568359375,-0.9141191840171814,-0.3790058493614197,0.114469788968563,-0.0007668763282708,0.0139953205361962,-0.114748902618885,0.0004547946737147,-0.0129579845815896,0.1601972728967666,0.3670253753662109,-0.0917083248496055,-0.1671950966119766,0.3441960513591766,-0.1003518775105476,0.1364823132753372,0.6764215230941772,0.0933028012514114,-0.0992958694696426,0.6651176810264587,0.0776386708021164
0.0091733206063508,-0.6271728873252869,-0.305095911026001,0.1563752144575119,-0.5060685873031616,-0.1336693614721298,0.2617441117763519,-0.7068344354629517,-0.1934845894575119,-0.1427457630634308,-0.5080798864364624,-0.1666183024644851,-0.2585925459861755,-0.6844797730445862,-0.275436520576477,0.3420813381671905,-0.9240781664848328,-0.2704192996025085,-0.2979814410209656,-0.9190866947174072,-0.3748736381530761,0.1144532412290573,-0.0006717584328725,0.0138647500425577,-0.11473248898983,0.0003462818276602,-0.0128250336274504,0.1576554626226425,0.3735247850418091,-0.0741250962018966,-0.1641805768013,0.3465617001056671,-0.0863261669874191,0.1377822756767273,0.6800615787506104,0.1142350360751152,-0.0990048795938491,0.6669039726257324,0.0949627161026001
0.0093460725620388,-0.6276119351387024,-0.3043501079082489,0.1528053730726242,-0.5069632530212402,-0.129825010895729,0.2547058761119842,-0.7081040143966675,-0.1901618838310241,-0.1436853259801864,-0.5076920390129089,-0.1690759509801864,-0.2585479915142059,-0.6839907169342041,-0.2778374254703522,0.335561454296112,-0.9252690076828004,-0.2718187272548675,-0.2931908369064331,-0.918781042098999,-0.3771441280841827,0.1143683046102523,-0.0006974559510126,0.0140418969094753,-0.114651933312416,0.0003684458206407,-0.0130038550123572,0.1557194143533706,0.3743394017219543,-0.0868388637900352,-0.1640346646308899,0.3485978543758392,-0.0890509113669395,0.1378449648618698,0.6794150471687317,0.0983828827738761,-0.0989394038915634,0.6685589551925659,0.0892284661531448
0.0085127232596278,-0.6273936629295349,-0.304396390914917,0.1527802050113678,-0.5084818601608276,-0.1300037801265716,0.2533365190029144,-0.7082895040512085,-0.1929127871990203,-0.1437576413154602,-0.5074244141578674,-0.1687112152576446,-0.2569778859615326,-0.6831657886505127,-0.2749523222446441,0.3332542777061462,-0.9252040386199952,-0.2729825675487518,-0.2864916622638702,-0.9185166358947754,-0.3674878776073456,0.1143416762351989,-0.0006973150302655,0.0137665495276451,-0.1146261841058731,0.0003638745110947,-0.012720450758934,0.1553458422422409,0.3782704770565033,-0.0699010044336319,-0.1595549136400222,0.3522087335586548,-0.0836269259452819,0.1424092948436737,0.6882793307304382,0.1089097633957862,-0.100001722574234,0.6753572225570679,0.0881501883268356
0.0058713904581964,-0.6281203627586365,-0.3050423562526703,0.1525472104549408,-0.5086266994476318,-0.1352485567331314,0.2464924305677414,-0.7048463225364685,-0.2122396230697631,-0.1438613384962082,-0.5072312951087952,-0.1693090796470642,-0.2555703222751617,-0.682745635509491,-0.2753972709178924,0.3253912925720215,-0.9203889966011048,-0.2985205054283142,-0.2827104926109314,-0.9182888865470886,-0.3696156740188598,0.1143009290099144,-0.0007178570376709,0.0134778069332242,-0.1145876124501228,0.0003755436919163,-0.0124199641868472,0.1445603668689727,0.3820605278015136,-0.0439965017139911,-0.1525161266326904,0.3580096065998077,-0.0629056543111801,0.1395728588104248,0.6928687691688538,0.1347725391387939,-0.1027891039848327,0.6792813539505005,0.1053649336099624
0.0061039980500936,-0.6287025213241577,-0.3046240210533142,0.1523788124322891,-0.5087896585464478,-0.1351016163825988,0.2469630092382431,-0.7046643495559692,-0.2117993235588073,-0.1438700258731842,-0.5076203346252441,-0.1694182753562927,-0.2478459775447845,-0.6817296743392944,-0.2775304317474365,0.3259887993335724,-0.9195706248283386,-0.2966311275959015,-0.2706681787967682,-0.9167778491973876,-0.3739363849163055,0.1142869293689727,-0.0007017590105533,0.013209706172347,-0.1145739182829856,0.0003506893117446,-0.0121376104652881,0.1448726207017898,0.3851937353610992,-0.0420250222086906,-0.1526291966438293,0.3593111038208008,-0.0576639436185359,0.1404300779104232,0.6936944723129272,0.147065132856369,-0.1016244888305664,0.6797654628753662,0.1190563067793846
0.0073800389654934,-0.6287012100219727,-0.3020530045032501,0.1524035930633545,-0.5095391273498535,-0.1315183788537979,0.2471736669540405,-0.7051389813423157,-0.2075193673372268,-0.1431368291378021,-0.507522702217102,-0.16653673350811,-0.2476586252450943,-0.6812014579772949,-0.2755198180675506,0.3256198167800903,-0.9205248951911926,-0.2941513955593109,-0.2712054848670959,-0.9168819189071656,-0.3718374073505401,0.1137530729174614,-0.000747098471038,0.0131727429106831,-0.1140243485569953,0.0003892627428285,-0.0121001210063695,0.1388183981180191,0.3862996399402618,-0.0367067866027355,-0.1476188004016876,0.3614930510520935,-0.0565685480833053,0.1396250426769256,0.6965656876564026,0.1397851854562759,-0.0996477678418159,0.68451988697052,0.1148387268185615
0.0141782909631729,-0.6295546293258667,-0.3019568920135498,0.1505210399627685,-0.5095452666282654,-0.1281702518463134,0.2472965568304062,-0.7053724527359009,-0.1970865577459335,-0.1431782096624374,-0.506855845451355,-0.1789623498916626,-0.2461183220148086,-0.6690019369125366,-0.3078224062919616,0.3313031196594238,-0.9211634397506714,-0.2822014391422272,-0.2622105181217193,-0.9039351344108582,-0.410424530506134,0.1136495396494865,-0.0007585406419821,0.0152342021465301,-0.1139252856373786,0.0003952536790166,-0.014141883701086,0.1356510668992996,0.3889045715332031,-0.0229093488305807,-0.144966185092926,0.3634045124053955,-0.0551487319171428,0.1369108706712722,0.6996195316314697,0.1517461389303207,-0.0985398516058921,0.6854762434959412,0.1167614683508873
0.0140503533184528,-0.6296955347061157,-0.304710179567337,0.1491030156612396,-0.5083604454994202,-0.1321886628866195,0.2443736493587494,-0.705391526222229,-0.2073596566915512,-0.1434017717838287,-0.5037347078323364,-0.1810406446456909,-0.24604532122612,-0.6662158966064453,-0.3058800101280212,0.3258994817733764,-0.923006236553192,-0.2941318452358246,-0.2635200321674347,-0.9027419686317444,-0.405601292848587,0.1135092079639434,-0.0007935258909128,0.0151971634477376,-0.1137921884655952,0.0004263246373739,-0.0141049930825829,0.1349268108606338,0.3886843621730804,-0.0285869762301445,-0.1451871246099472,0.3649736642837524,-0.0554996766149997,0.136027842760086,0.7055969834327698,0.1484689563512802,-0.1046838387846946,0.6904240846633911,0.1159537881612777
0.0140853906050324,-0.6302056312561035,-0.2953265309333801,0.14924156665802,-0.5109288692474365,-0.1211930587887764,0.2445588558912277,-0.7087469696998596,-0.1947971582412719,-0.1434323191642761,-0.5040633082389832,-0.1704371124505996,-0.245900884270668,-0.6667100191116333,-0.2896686494350433,0.3254958689212799,-0.924334704875946,-0.2813608944416046,-0.2634300589561462,-0.9029847383499146,-0.3837524056434631,0.1134091690182685,-0.0008039560634642,0.0151640633121132,-0.1136894524097442,0.0004319496802054,-0.0140723315998911,0.1281065940856933,0.3917107880115509,-0.0187752619385719,-0.1440111696720123,0.3676175773143768,-0.0454607754945755,0.1341800689697265,0.7101172208786011,0.151559829711914,-0.1057332903146743,0.6926940083503723,0.1192074343562126
0.0132674761116504,-0.6308413743972778,-0.288345992565155,0.1485067307949066,-0.5111133456230164,-0.1177831068634986,0.2443230003118515,-0.7092276215553284,-0.1947141289710998,-0.1445511728525161,-0.5041393041610718,-0.1606570184230804,-0.2466217428445816,-0.6664701104164124,-0.2804784774780273,0.3251965939998626,-0.9251671433448792,-0.2817021906375885,-0.2639054656028747,-0.9031665921211244,-0.3763423264026642,0.1133454069495201,-0.0008585609029978,0.0147824250161647,-0.1136213392019271,0.0004809263919014,-0.013688095845282,0.1265188157558441,0.3915108740329742,-0.0213394574820995,-0.1426015645265579,0.3675372898578644,-0.0447738245129585,0.1323894709348678,0.7094451189041138,0.1500935703516006,-0.1033199876546859,0.6923477053642273,0.1214751601219177
0.0132131949067115,-0.6319210529327393,-0.289036363363266,0.1475930362939834,-0.5111638903617859,-0.1181482076644897,0.2426897138357162,-0.7093319892883301,-0.1970891058444976,-0.1449479907751083,-0.504298985004425,-0.1650950461626052,-0.2429878562688827,-0.668159008026123,-0.2896363139152527,0.3213826715946197,-0.9245101809501648,-0.2852845788002014,-0.2590063512325287,-0.9048835635185242,-0.3846426010131836,0.1132372394204139,-0.0009158342727459,0.0150405252352356,-0.1135146617889404,0.0005306301754899,-0.0139382109045982,0.1237067356705665,0.3924562931060791,-0.0159381814301013,-0.1394921392202377,0.369268536567688,-0.0433882363140583,0.1313368827104568,0.7132911086082458,0.1531571149826049,-0.1042002439498901,0.6937963366508484,0.1215516552329063
0.011969368904829,-0.6353560090065002,-0.2894781827926636,0.1486121863126754,-0.5121070742607117,-0.1203519999980926,0.2422930598258972,-0.7123271822929382,-0.1970760971307754,-0.143615573644638,-0.5052670836448669,-0.1638027131557464,-0.2406941652297973,-0.6732639670372009,-0.2841407060623169,0.3182070851325989,-0.9296196103096008,-0.2777501046657562,-0.2575169205665588,-0.9097558856010436,-0.3787779510021209,0.1131215617060661,-0.0009894300019368,0.0145868491381406,-0.113402746617794,0.0005974151426926,-0.0134738478809595,0.1239538043737411,0.3928887844085693,-0.0108850467950105,-0.1348801404237747,0.3701189160346985,-0.0369339436292648,0.1312796771526336,0.7148863673210144,0.158653050661087,-0.1040066927671432,0.6939679384231567,0.1280031055212021
0.0066723623313009,-0.6352911591529846,-0.2910107672214508,0.1479712426662445,-0.5117127895355225,-0.1235020980238914,0.2433979958295822,-0.7113174200057983,-0.197428897023201,-0.1447638422250747,-0.5053679347038269,-0.1618390381336212,-0.2435080856084823,-0.6729335784912109,-0.2783039510250091,0.3177047967910766,-0.9285438060760498,-0.2768826484680176,-0.2576788663864136,-0.9085336923599244,-0.3770199418067932,0.1129354313015937,-0.0010442878119647,0.0140359904617071,-0.1132156401872634,0.0006439081626012,-0.0129200518131256,0.1236734464764595,0.3929963111877441,-0.0038349113892763,-0.1312140226364135,0.3701847195625305,-0.0336603112518787,0.1316287517547607,0.7145779132843018,0.1646544486284256,-0.1008417978882789,0.6942589282989502,0.1306364387273788
0.0046225660480558,-0.6349968314170837,-0.3017579615116119,0.1478589624166488,-0.5111764073371887,-0.1354541778564453,0.2415320575237274,-0.7112584710121155,-0.2059208452701568,-0.14472696185112,-0.5054265260696411,-0.1663182526826858,-0.2432055622339248,-0.6732427477836609,-0.2801882922649383,0.3140063285827636,-0.9303090572357178,-0.2800221145153045,-0.2587008476257324,-0.908277153968811,-0.3805029392242431,0.112820491194725,-0.0010846760123968,0.013623584061861,-0.1131063401699066,0.0006771318730898,-0.0125019550323486,0.1238674968481063,0.3938663303852081,-0.0008157974807545,-0.1301616132259369,0.3714281022548675,-0.0308856908231973,0.1331470012664795,0.7169055342674255,0.1683995872735977,-0.1021593138575553,0.6978175044059753,0.1331127136945724
0.000444130069809,-0.6357327103614807,-0.2963122129440307,0.1474882811307907,-0.5118967294692993,-0.1321585476398468,0.240778237581253,-0.7138433456420898,-0.195277526974678,-0.1447144597768783,-0.5075350403785706,-0.1581396609544754,-0.2430012077093124,-0.6841899752616882,-0.2492330968379974,0.3069304227828979,-0.934912383556366,-0.2604135572910309,-0.2582403421401977,-0.9170005917549132,-0.3303287029266357,0.1123916134238243,-0.0011108793551102,0.0132900793105363,-0.1126865670084953,0.0006965324282646,-0.0121613768860697,0.1239883080124855,0.3943069279193878,0.0127322012558579,-0.1248117014765739,0.3725425004959106,-0.0212472453713417,0.1331675350666046,0.7185243368148804,0.1742412596940994,-0.1013545468449592,0.7008758783340454,0.1378112137317657
0.0005939027178101,-0.6354990601539612,-0.3012451231479645,0.1475963145494461,-0.5114004015922546,-0.1346616148948669,0.2402780652046203,-0.7130257487297058,-0.1963282227516174,-0.1440945416688919,-0.5074930787086487,-0.1633479744195938,-0.2426881790161132,-0.68367999792099,-0.2573223412036896,0.3038018941879272,-0.9345216155052184,-0.2623751163482666,-0.2541367411613464,-0.9166566729545592,-0.3410466611385345,0.1122111678123474,-0.0011340292403474,0.01327118370682,-0.1125149950385093,0.0007143630646169,-0.0121423061937093,0.1215639933943748,0.3949798047542572,0.0228450838476419,-0.1195179596543312,0.3738998174667358,-0.0146704530343413,0.1315845996141433,0.7192350625991821,0.1862473934888839,-0.1012057662010192,0.7013380527496338,0.1470081359148025
0.0006323641282506,-0.6401346921920776,-0.2936506271362304,0.1479586362838745,-0.5119031667709351,-0.1297782957553863,0.2408109307289123,-0.7127529978752136,-0.1952058523893356,-0.1438750624656677,-0.5081168413162231,-0.1553719490766525,-0.2423445880413055,-0.6848227381706238,-0.2526820600032806,0.3027839958667755,-0.9308989644050598,-0.2634236812591553,-0.2535607814788818,-0.9199177026748656,-0.3393635153770447,0.1120302304625511,-0.0011844877153635,0.0132104204967617,-0.1123313680291175,0.000756308378186,-0.0120796924456954,0.1206075102090835,0.3949769139289856,0.0220124181360006,-0.1146474704146385,0.3755800724029541,-0.0135585386306047,0.1309032291173935,0.7202801704406738,0.1841643452644348,-0.1009363904595375,0.7037461996078491,0.1462585180997848
0.0001259654818568,-0.6251125335693359,-0.3233831822872162,0.1450291275978088,-0.5038312673568726,-0.1521360576152801,0.2388491481542587,-0.6998530030250549,-0.2292915135622024,-0.1450944393873214,-0.4982825815677643,-0.1825155615806579,-0.2459511756896972,-0.6556162238121033,-0.3000817596912384,0.3021257519721985,-0.9230800867080688,-0.3143946528434753,-0.2605691850185394,-0.8922631144523621,-0.4153509140014648,0.1119110733270645,-0.001109076431021,0.0133695425465703,-0.1122112795710563,0.0006624853122048,-0.0122346878051757,0.1051169633865356,0.3981624543666839,0.0203415378928184,-0.1152849718928337,0.3753620386123657,-0.0212264098227024,0.1181795373558998,0.7260396480560303,0.1766896098852157,-0.1004482507705688,0.7053786516189575,0.1353334635496139
0.001498571014963,-0.6251813769340515,-0.320030927658081,0.1462650299072265,-0.50411057472229,-0.1505767107009887,0.237961933016777,-0.7002769708633423,-0.2299872189760208,-0.1442505717277526,-0.4976269602775574,-0.1805940270423889,-0.2451105862855911,-0.6570685505867004,-0.3004863560199737,0.3005512058734894,-0.9228943586349488,-0.3140458762645721,-0.2590209245681762,-0.893997311592102,-0.4137205481529236,0.1118511483073234,-0.001147937728092,0.0133454799652099,-0.1121517270803451,0.0006967104272916,-0.0122105916962027,0.1061466559767723,0.399354338645935,0.0193867832422256,-0.1155513375997543,0.3758840262889862,-0.0213707126677036,0.1193893551826477,0.7269168496131897,0.1769473701715469,-0.0993668511509895,0.7054538726806641,0.1357148736715316
0.0051303817890584,-0.6242364048957825,-0.3201761543750763,0.1460114866495132,-0.504103422164917,-0.1492919921875,0.2354805171489715,-0.7001016736030579,-0.2275028824806213,-0.1437481790781021,-0.4960736632347107,-0.1908775568008422,-0.2422304600477218,-0.6530560255050659,-0.3224014639854431,0.2995284795761108,-0.9223803281784058,-0.3139064908027649,-0.258158415555954,-0.8906176090240479,-0.4393433332443237,0.1117358729243278,-0.0010815153364092,0.014401557855308,-0.1120403930544853,0.0006234691245481,-0.013288527727127,0.1058156117796897,0.3997406363487243,0.0188070870935916,-0.1169890239834785,0.3758692741394043,-0.0238429885357618,0.1196443811058998,0.7282751798629761,0.17404705286026,-0.0989255830645561,0.7054965496063232,0.1336962729692459
0.0048796739429235,-0.623454213142395,-0.3246010541915893,0.1456929594278335,-0.5020634531974792,-0.1559042185544967,0.2329117655754089,-0.6944739818572998,-0.2414378672838211,-0.1434618234634399,-0.4952154755592346,-0.1929069459438324,-0.2389332205057144,-0.6499029397964478,-0.3230196833610534,0.2961226403713226,-0.9171273112297058,-0.3330477178096771,-0.2557982206344604,-0.8862095475196838,-0.4436292648315429,0.111685074865818,-0.0010907504474744,0.0143754696473479,-0.1119896098971366,0.0006277809734456,-0.0132620902732014,0.1056141704320907,0.4000104665756225,0.0186962429434061,-0.115042470395565,0.3763745725154876,-0.0239128936082124,0.1201343238353729,0.7284975647926331,0.1738178730010986,-0.0960738435387611,0.708877444267273,0.1329270750284195
0.0061171930283308,-0.6194826364517212,-0.3418590128421783,0.1456629931926727,-0.4996770322322845,-0.1692283004522323,0.2327630966901779,-0.6929585337638855,-0.2500466108322143,-0.1420212239027023,-0.493481308221817,-0.2096999734640121,-0.2358411103487014,-0.648459792137146,-0.3388288915157318,0.2962405383586883,-0.9170134663581848,-0.337196946144104,-0.2514002025127411,-0.8861189484596252,-0.4578075706958771,0.1116397976875305,-0.001090527861379,0.0144863417372107,-0.1119444221258163,0.0006211551371961,-0.0133676389232277,0.1053241863846778,0.4019862413406372,0.0218135919421911,-0.1145813316106796,0.3776449561119079,-0.0234012845903635,0.1218209192156791,0.729758620262146,0.1799176782369613,-0.0960812643170356,0.7115778923034668,0.1344498097896576
0.0061088842339813,-0.6193398237228394,-0.3409557938575744,0.1445953845977783,-0.499412328004837,-0.1691192090511322,0.2314047366380691,-0.6923789381980896,-0.2502745985984802,-0.1420763880014419,-0.4934080243110657,-0.2095895707607269,-0.2350336611270904,-0.6478485465049744,-0.3372403383255005,0.2961620986461639,-0.9167152047157288,-0.3384059369564056,-0.2514761686325073,-0.8845211267471313,-0.4558442831039428,0.1115385442972183,-0.0011129660997539,0.0146033214405179,-0.1118419617414474,0.0006371630006469,-0.0134775573387742,0.1048228219151496,0.4031779766082763,0.0232173576951026,-0.1117478460073471,0.3801976442337036,-0.0155734699219465,0.1226055175065994,0.7304650545120239,0.1819258034229278,-0.0963831171393394,0.7133081555366516,0.1417492926120758
0.0086740832775831,-0.6187392473220825,-0.3439718782901764,0.1451577991247177,-0.498390644788742,-0.1740128695964813,0.2313152998685836,-0.6924988031387329,-0.2565837800502777,-0.1401802748441696,-0.493450254201889,-0.2108883112668991,-0.2309070378541946,-0.6481398344039917,-0.3371495306491852,0.2960459887981415,-0.917768120765686,-0.3428095877170563,-0.251158744096756,-0.883653461933136,-0.4555273354053497,0.1113872528076171,-0.001120102009736,0.0144530683755874,-0.1116897910833358,0.000640916172415,-0.0133225535973906,0.1057472229003906,0.402506947517395,0.0207177214324474,-0.1049365922808647,0.3803420066833496,-0.0141350217163562,0.1239262893795967,0.7308370471000671,0.1720962077379226,-0.0929344147443771,0.7136150002479553,0.1415562629699707
0.0086941411718726,-0.6220220327377319,-0.3388284146785736,0.1451616436243057,-0.499839037656784,-0.1661161333322525,0.2305318862199783,-0.696286141872406,-0.2408486455678939,-0.1394920498132705,-0.4938079118728637,-0.2101036012172699,-0.229707658290863,-0.6496508717536926,-0.335769921541214,0.2912421822547912,-0.9198748469352722,-0.3224775195121765,-0.2459682524204254,-0.883882462978363,-0.4542275667190552,0.1111191809177398,-0.0010388635564595,0.0149193033576011,-0.1114158108830452,0.0005494300276041,-0.0137788392603397,0.1029365584254264,0.4041588604450226,0.0258872956037521,-0.1027074456214904,0.3806644678115845,-0.0096740061417222,0.1201255768537521,0.7330116033554077,0.174956738948822,-0.0921313315629959,0.7139021754264832,0.1443935185670852
0.0084860762581229,-0.6218419671058655,-0.3408898115158081,0.1453209817409515,-0.4994105100631714,-0.169397547841072,0.2304250001907348,-0.6962544918060303,-0.2469182461500167,-0.1389755010604858,-0.4934809803962707,-0.2109947502613067,-0.2279368191957473,-0.649827778339386,-0.338881641626358,0.2884097397327423,-0.9199022650718688,-0.328971266746521,-0.2428502738475799,-0.8840427398681641,-0.4592065513134002,0.1110690087080001,-0.0010028248652815,0.0148491347208619,-0.1113664507865905,0.0005066725425422,-0.0137051632627844,0.1028587445616722,0.404544472694397,0.0256323032081127,-0.0998606011271476,0.3811806440353393,-0.0088885696604847,0.1203014925122261,0.734560489654541,0.1742289215326309,-0.089268684387207,0.7155479192733765,0.1442052870988845
0.0089079486206173,-0.6218814849853516,-0.3370240926742553,0.1449201256036758,-0.5000108480453491,-0.1638843417167663,0.2304480820894241,-0.6978603601455688,-0.243992269039154,-0.1389586180448532,-0.4941213726997375,-0.2105591297149658,-0.228173017501831,-0.6503497958183289,-0.3403399288654327,0.2885403633117676,-0.9205527901649476,-0.3289490044116974,-0.2430244982242584,-0.8832653760910034,-0.4636926054954529,0.1109333932399749,-0.0009889727225527,0.0154562052339315,-0.1112246364355087,0.0004902161308564,-0.0143010560423135,0.1018146052956581,0.4049106240272522,0.0260735731571912,-0.0978953093290329,0.3811950087547302,-0.0107114762067794,0.1202563792467117,0.7353445887565613,0.1735475808382034,-0.0862626060843467,0.7153787016868591,0.1424936056137085
0.0096828658133745,-0.6224381923675537,-0.3389386534690857,0.1460199356079101,-0.4999975264072418,-0.1678792387247085,0.2316514104604721,-0.6980194449424744,-0.2473831921815872,-0.1382758766412735,-0.4944051802158355,-0.210140660405159,-0.2278781980276107,-0.6514057517051697,-0.3400822877883911,0.2894233763217926,-0.9207677841186525,-0.3301954269409179,-0.2422588467597961,-0.8834847211837769,-0.4632620513439178,0.1108810976147651,-0.0009810001356527,0.0149981994181871,-0.1111699491739273,0.0004798414593096,-0.0138400830328464,0.101776510477066,0.4050068259239197,0.0265535041689872,-0.0968321040272712,0.3817791640758514,-0.0070823761634528,0.1225327774882316,0.7363377809524536,0.1735153496265411,-0.0853913426399231,0.7156892418861389,0.1449590474367141
0.0080575887113809,-0.6241751313209534,-0.3326941430568695,0.1460895240306854,-0.5006271600723267,-0.1622355878353119,0.2321031093597412,-0.6993539929389954,-0.2466708868741989,-0.1383628100156784,-0.494656354188919,-0.2074135988950729,-0.2263778746128082,-0.6546804904937744,-0.3418528437614441,0.2874109745025635,-0.919982135295868,-0.3326690793037414,-0.239570215344429,-0.8835403323173523,-0.4716199934482574,0.1108335107564926,-0.0008835440385155,0.0152047583833336,-0.1111222505569458,0.0003804900043178,-0.0140487179160118,0.1011978387832641,0.4052924811840057,0.025212287902832,-0.0969402939081192,0.3813816606998443,-0.00888576451689,0.1215699613094329,0.7378479838371277,0.1718780398368835,-0.0805564001202583,0.7150271534919739,0.1440639346837997
0.0062434105202555,-0.6294190883636475,-0.3245718777179718,0.1491356641054153,-0.5025088787078857,-0.1579886674880981,0.2406352162361145,-0.706381618976593,-0.2253870964050293,-0.1370787620544433,-0.4969850182533264,-0.1892009377479553,-0.2264278978109359,-0.6555245518684387,-0.3039797842502594,0.2924019694328308,-0.9329928159713744,-0.2938699722290039,-0.2378820925951004,-0.8844894170761108,-0.4193927347660064,0.1106252819299697,-0.0005055687506683,0.0124732544645667,-0.1109171286225318,-2.1267112515488407e-06,-0.011338728480041,0.1003822833299636,0.405706912279129,0.0268982797861099,-0.0933765098452568,0.3821338713169098,0.0019609357696026,0.121809110045433,0.7411524057388306,0.1721268594264984,-0.0766253471374511,0.7189847230911255,0.1505749672651291
0.006251395214349,-0.626165509223938,-0.3419283628463745,0.1493436247110366,-0.4999563694000244,-0.172190636396408,0.2417348176240921,-0.7051348090171814,-0.2350340187549591,-0.1369698792695999,-0.496447205543518,-0.1983474791049957,-0.2297883778810501,-0.6551685929298401,-0.3050375580787658,0.2966624498367309,-0.9326575398445128,-0.2968608140945434,-0.2379474937915802,-0.8845379948616028,-0.4234843552112579,0.1105525195598602,-0.0002440191892674,0.0114143220707774,-0.1108428686857223,-0.0002831803285516,-0.0102576501667499,0.0945779606699943,0.4082632064819336,0.0291463863104581,-0.0925144702196121,0.3839381635189056,0.0045628915540874,0.118287019431591,0.7427465915679932,0.1746781915426254,-0.0762871950864791,0.7229016423225403,0.1531703174114227
0.0105626638978719,-0.6255518198013306,-0.3412118554115295,0.1492126733064651,-0.5005724430084229,-0.1652987897396087,0.2415475100278854,-0.7086483836174011,-0.2207146435976028,-0.1365516632795334,-0.4967604577541351,-0.2035697847604751,-0.2297113984823227,-0.655154824256897,-0.3256958723068237,0.2977910339832306,-0.9358190298080444,-0.2882338762283325,-0.2365756034851074,-0.8835355639457703,-0.4462226629257202,0.1104051694273948,-0.0002340577339055,0.0131004443392157,-0.1106993854045867,-0.0002980962453875,-0.0119175994768738,0.0949371606111526,0.4094556272029876,0.0321202129125595,-0.0908349156379699,0.3845694363117218,0.0030088208150118,0.1186472028493881,0.7445366978645325,0.1766098737716674,-0.0741823464632034,0.7236925363540649,0.1512037366628646
0.0084889903664588,-0.6256433129310608,-0.3408582210540771,0.1487329006195068,-0.5006778240203857,-0.1651742756366729,0.2400633990764618,-0.7096178531646729,-0.2224279940128326,-0.1363545656204223,-0.4969780743122101,-0.202058658003807,-0.2296895831823349,-0.6567001342773438,-0.3226811587810516,0.2956975996494293,-0.9373918771743774,-0.2915338575839996,-0.2354529350996017,-0.8847122192382812,-0.4425309002399444,0.1101929619908332,-0.0001506282860646,0.0128483744338154,-0.1104850471019744,-0.0003860620781779,-0.0116604389622807,0.0948279574513435,0.4102489054203033,0.0321436636149883,-0.0903821215033531,0.3845613002777099,0.0002795337641146,0.11911091953516,0.7472206354141235,0.1703544408082962,-0.071282647550106,0.7255373001098633,0.1425667405128479
0.0101607497781515,-0.6242026686668396,-0.3429682552814483,0.1485861986875534,-0.5006363987922668,-0.1648224592208862,0.2399131208658218,-0.7098389267921448,-0.2206320613622665,-0.1362039148807525,-0.4969149529933929,-0.2078160494565963,-0.230130985379219,-0.6570836901664734,-0.3341141939163208,0.2958972454071045,-0.9371111392974854,-0.2902025282382965,-0.2354768365621566,-0.884853720664978,-0.4548302590847015,0.1101064011454582,-0.0001277137635042,0.0135399820283055,-0.1104019731283187,-0.0004113895702175,-0.0123456558212637,0.0947932749986648,0.4110172986984253,0.0331062041223049,-0.0898484289646148,0.3845888972282409,-0.0030407849699258,0.119202621281147,0.7486910820007324,0.1703861355781555,-0.0711801350116729,0.7261224985122681,0.138614073395729
0.0096724508330225,-0.6245878338813782,-0.3426646292209625,0.1486342400312423,-0.500647783279419,-0.1654255986213684,0.2398202866315841,-0.7104740142822266,-0.2243854850530624,-0.1352333724498748,-0.4969456195831299,-0.2070778608322143,-0.2267718166112899,-0.6574944257736206,-0.3339940011501312,0.2956200242042541,-0.93822580575943,-0.2924623489379883,-0.2315112799406051,-0.8851746320724487,-0.4549583196640014,0.109993852674961,-0.0001044987220666,0.0134517522528767,-0.1102870628237724,-0.0004358936275821,-0.0122586349025368,0.0963639244437217,0.4107988774776459,0.0331373028457164,-0.0884946510195732,0.384433776140213,-0.0040470762178301,0.1224504113197326,0.7488429546356201,0.1701544672250747,-0.0673173367977142,0.7261163592338562,0.1387434899806976
0.009528275579214,-0.624207079410553,-0.342434287071228,0.1470483243465423,-0.5006461143493652,-0.1654794365167617,0.2375325709581375,-0.7092806100845337,-0.2280602157115936,-0.1369704306125641,-0.4969523847103119,-0.2071172446012497,-0.2303518801927566,-0.6570193767547607,-0.3345927000045776,0.2941331267356872,-0.9357836842536926,-0.3017587661743164,-0.2345533370971679,-0.8850269317626953,-0.4567431211471557,0.1099400445818901,-5.856248026248068e-05,0.0133270667865872,-0.1102334335446357,-0.0004836833104491,-0.0121287629008293,0.0924588143825531,0.4122861921787262,0.0310302320867776,-0.0887264683842659,0.3848459720611572,-0.0043085566721856,0.1207928508520126,0.7503018975257874,0.165189653635025,-0.0688430219888687,0.727052628993988,0.1367868334054947
0.0096151093021035,-0.6242935061454773,-0.3439309895038605,0.1474710553884506,-0.500641942024231,-0.1660120785236358,0.2374711781740188,-0.7095916867256165,-0.2281669378280639,-0.1353629231452942,-0.496952474117279,-0.2111692130565643,-0.2252961695194244,-0.6611828207969666,-0.3392940759658813,0.2937312424182892,-0.9359540939331056,-0.3013380467891693,-0.2245431840419769,-0.8908485770225525,-0.4575608372688293,0.1098529770970344,-6.544341886183247e-05,0.0134935779497027,-0.1101513877511024,-0.0004803375340998,-0.0123005611822009,0.0946869775652885,0.4120467007160187,0.0341821834444999,-0.0867244377732276,0.3849514424800873,-0.0040550366975367,0.1243183463811874,0.7502320408821106,0.1676665246486663,-0.0689300596714019,0.7270922064781189,0.1379831880331039
0.0081263845786452,-0.6244531273841858,-0.3438293039798736,0.147169679403305,-0.5004715323448181,-0.1660082191228866,0.2373931854963302,-0.7095933556556702,-0.2282821089029312,-0.1356389671564102,-0.4966670572757721,-0.2118880152702331,-0.2254373431205749,-0.6605875492095947,-0.3424856662750244,0.2937336266040802,-0.935952126979828,-0.3022735714912414,-0.224974051117897,-0.8879027366638184,-0.4639951288700104,0.1098098829388618,-9.952878826879896e-06,0.0135847786441445,-0.1101076677441597,-0.0005369880236685,-0.0123901329934597,0.0946745723485946,0.411913126707077,0.0321220159530639,-0.0858284682035446,0.3848534822463989,-0.0052799615077674,0.1242807283997535,0.7503794431686401,0.1633877009153366,-0.066707469522953,0.727237343788147,0.1355638056993484
0.0079597486183047,-0.6255974769592285,-0.3434960544109344,0.1469466984272003,-0.5013627409934998,-0.1653265208005905,0.2373361885547638,-0.7139045000076294,-0.2281758189201355,-0.1355931907892227,-0.4980393052101135,-0.2123749256134033,-0.2229576110839843,-0.669394850730896,-0.3427766859531402,0.2923164367675781,-0.9396578669548036,-0.3010975122451782,-0.2207111418247223,-0.8996188640594482,-0.4603176116943359,0.1096997782588005,3.219258360331878e-05,0.0135389873757958,-0.1100000813603401,-0.0005798912607133,-0.012343430891633,0.0954481437802314,0.4116333723068237,0.0310557447373867,-0.0870097652077674,0.3842148184776306,-0.0089306905865669,0.124993123114109,0.750426173210144,0.1597358286380767,-0.0666742771863937,0.7272284030914307,0.1316996365785598
0.0076729152351617,-0.6256027817726135,-0.343427449464798,0.1454123705625534,-0.5014503598213196,-0.1638154685497284,0.2357587218284607,-0.7135189771652222,-0.2233845442533493,-0.1360053867101669,-0.4981946349143982,-0.2145807594060897,-0.2218247801065445,-0.671760618686676,-0.3429714441299438,0.2919181287288666,-0.937475860118866,-0.29338139295578,-0.2131715714931488,-0.9022345542907716,-0.4526984095573425,0.1094173341989517,1.7779238987714052e-05,0.0141499796882271,-0.109720803797245,-0.0005695226718671,-0.0129499062895774,0.0954214408993721,0.4117113053798675,0.0341781601309776,-0.0876413509249687,0.3843021392822265,-0.0067437905818223,0.1237407028675079,0.7504288554191589,0.1667649894952774,-0.0672879889607429,0.7265802621841431,0.1375400424003601
0.0061630266718566,-0.6254333853721619,-0.3455789685249328,0.1457197070121765,-0.50026535987854,-0.1701134890317917,0.235773354768753,-0.713435173034668,-0.2381589263677597,-0.1357132643461227,-0.4968966543674469,-0.2154871523380279,-0.2205595523118972,-0.6716243028640747,-0.3429112732410431,0.2898979485034942,-0.9374497532844543,-0.3101006150245666,-0.2108176201581955,-0.9026506543159484,-0.4502939283847809,0.1093666702508926,2.8042499252478592e-05,0.0133989714086055,-0.1096696704626083,-0.0005804450483992,-0.0122075527906417,0.0979980155825614,0.4108745753765106,0.03082862123847,-0.0867698267102241,0.3842569291591644,-0.0064333970658481,0.1271008849143982,0.750359296798706,0.1632192134857177,-0.0642967000603675,0.7266460657119751,0.1373641043901443
0.0030589026864618,-0.6295604109764099,-0.3405718505382538,0.1456369161605835,-0.500928521156311,-0.1696599572896957,0.2347883731126785,-0.7122169137001038,-0.2371690273284912,-0.1360084414482116,-0.4986142516136169,-0.2041458040475845,-0.2217876315116882,-0.6714234948158264,-0.326198399066925,0.2899691760540008,-0.9358386993408204,-0.306862473487854,-0.211120456457138,-0.9023109674453736,-0.4396738409996032,0.1092888489365577,0.0001479035563534,0.0111925462260842,-0.1095824316143989,-0.0007025356753729,-0.009996935725212,0.087795004248619,0.4113059937953949,0.0314815789461135,-0.0866907685995101,0.3855616748332977,0.0059582395479083,0.1110846549272537,0.7501764893531799,0.1699696779251098,-0.0646714344620704,0.7262608408927917,0.1577777117490768
0.0014459619997069,-0.6298196315765381,-0.336671233177185,0.145287200808525,-0.5017372965812683,-0.1666495949029922,0.2347340881824493,-0.7125694751739502,-0.2369372099637985,-0.1369736492633819,-0.4993650913238525,-0.2044482827186584,-0.2210811823606491,-0.6728910803794861,-0.3313165009021759,0.2880983650684356,-0.9340463280677797,-0.3094688653945923,-0.209922581911087,-0.9023895263671876,-0.4409247934818268,0.1092401966452598,0.0003151535929646,0.0111845126375556,-0.1095341742038726,-0.0008648592629469,-0.0099878795444965,0.0881467163562774,0.4112513959407806,0.0264919456094503,-0.0885607972741127,0.3847445547580719,0.0050095110200345,0.1119144558906555,0.7503589987754822,0.1651024222373962,-0.0671972334384918,0.7242783904075623,0.1547584980726242
0.0011750614503398,-0.6287181973457336,-0.3383810520172119,0.1435987055301666,-0.5011979341506958,-0.1670952588319778,0.2343144863843917,-0.7117537260055542,-0.2402827441692352,-0.1379797756671905,-0.4979954063892364,-0.213017925620079,-0.2197666764259338,-0.667607307434082,-0.3506225943565368,0.2877949774265289,-0.932828426361084,-0.3147918581962585,-0.2046213001012802,-0.9000548124313354,-0.4593122899532318,0.1091962531208992,0.0003228523419238,0.0113313915207982,-0.1094909831881523,-0.0008727355743758,-0.0101325269788503,0.0891332030296325,0.4106308221817016,0.0245477277785539,-0.0884393081068992,0.3840748965740204,0.0022527207620441,0.1127156466245651,0.7488531470298767,0.165030151605606,-0.0671968758106231,0.7215909957885742,0.1536508947610855
0.0005014876369386,-0.6284265518188477,-0.3395861685276031,0.1426671743392944,-0.4999829530715942,-0.1654890328645706,0.2354599833488464,-0.7108133435249329,-0.2366761118173599,-0.1380294412374496,-0.4961070418357849,-0.2227176129817962,-0.2156932204961776,-0.6694251298904419,-0.3594416975975036,0.2895089983940124,-0.9275582432746888,-0.3127429783344269,-0.1969330608844757,-0.8999322652816772,-0.4599631726741791,0.109001301229,0.0003449692740105,0.013198247179389,-0.1093084514141082,-0.0008949760813266,-0.0119688035920262,0.0912812575697898,0.4107231199741363,0.0249592848122119,-0.0879975631833076,0.3830267488956451,-0.0007927302503958,0.1144501715898513,0.7502709627151489,0.1627866327762603,-0.0664533302187919,0.7214128971099854,0.1439962983131408
0.0002496870001778,-0.6291026473045349,-0.3382578790187835,0.1423970311880111,-0.4999907910823822,-0.1619201004505157,0.2357381582260131,-0.7108931541442871,-0.232941672205925,-0.1379645764827728,-0.4956563115119934,-0.2223359495401382,-0.2137372940778732,-0.6694275736808777,-0.358328640460968,0.2896988987922668,-0.9276378750801086,-0.3096610605716705,-0.1950007975101471,-0.8978568911552429,-0.4596259295940399,0.108824610710144,0.0003606363898143,0.0139374621212482,-0.1091389954090118,-0.0009106175275519,-0.0126987723633646,0.091480940580368,0.4116876721382141,0.0270199235528707,-0.0848051980137825,0.3830368816852569,-0.0012750374153256,0.1148136705160141,0.7517451047897339,0.1629582643508911,-0.060730367898941,0.7223851084709167,0.1421742439270019
-0.0026400091592222,-0.6296976804733276,-0.3391840755939483,0.1421810686588287,-0.5000672340393066,-0.1644873768091201,0.2354588657617569,-0.7126986980438232,-0.2373069375753402,-0.1391929537057876,-0.495559424161911,-0.2214926183223724,-0.2188757508993148,-0.6697977781295776,-0.3558834791183471,0.2887205779552459,-0.931710958480835,-0.3133119940757751,-0.2002270817756652,-0.8987458348274231,-0.4576358497142792,0.1087778732180595,0.0003878551942761,0.0132924066856503,-0.1090932190418243,-0.000936209980864,-0.0120644969865679,0.0912161394953727,0.4118795394897461,0.0264502968639135,-0.0850850790739059,0.3830017149448395,-0.0014337891479954,0.1150092035531997,0.7522755861282349,0.162389189004898,-0.0581942535936832,0.7224193215370178,0.1423145681619644
-0.0050039230845868,-0.6297600865364075,-0.3392193615436554,0.1416989117860794,-0.5000739693641663,-0.1644894331693649,0.2343516796827316,-0.7126982808113098,-0.2382277697324752,-0.1405378729104995,-0.4953769445419311,-0.2211502641439438,-0.221058115363121,-0.6694636940956116,-0.3558465242385864,0.286221832036972,-0.9315832257270812,-0.3141696155071258,-0.2030955255031585,-0.8985479474067688,-0.4591771364212036,0.1087395772337913,0.0004069521091878,0.013317291624844,-0.1090557128190994,-0.0009553683339618,-0.0120884133502841,0.0915142074227333,0.4118066430091858,0.0258613396435976,-0.0850255936384201,0.3829973638057709,-0.0015947762876749,0.1144091263413429,0.7522897124290466,0.1605467647314071,-0.0589051805436611,0.7225794792175293,0.1412412673234939
-0.0047830934636294,-0.6298736333847046,-0.3389116823673248,0.1407620906829834,-0.5001898407936096,-0.1615839302539825,0.2343805134296417,-0.7125996947288513,-0.2330467253923416,-0.141154333949089,-0.4952409565448761,-0.222138300538063,-0.2211358100175857,-0.6691076159477234,-0.3583508133888244,0.2867040634155273,-0.9311556220054626,-0.3103872537612915,-0.2031809091567993,-0.8975407481193542,-0.4608314633369446,0.1087034791707992,0.0003764701541513,0.0142677081748843,-0.1090219318866729,-0.0009242831729352,-0.0130394957959651,0.0921670719981193,0.4117489457130432,0.0281687937676906,-0.0834990441799163,0.3830131292343139,-0.002403161721304,0.1153485029935836,0.7523432970046997,0.1608393639326095,-0.058473665267229,0.7228375673294067,0.1399302035570144
-0.0045710364356637,-0.6301324367523193,-0.3393586277961731,0.138565644621849,-0.5006481409072876,-0.1586086899042129,0.2308157235383987,-0.7132381796836853,-0.2174805849790573,-0.1411948502063751,-0.4952184557914734,-0.2259173840284347,-0.2210329174995422,-0.6739169359207153,-0.3593316674232483,0.286725252866745,-0.9314101338386536,-0.2922276258468628,-0.2032573968172073,-0.9024154543876648,-0.4575704932212829,0.1085409149527549,0.000341883249348,0.015334915369749,-0.1088695749640464,-0.0008933737990446,-0.0141086997464299,0.0922757983207702,0.4124362468719482,0.033656433224678,-0.0834767594933509,0.3840999007225036,-0.001634124550037,0.1154405027627945,0.7534086108207703,0.1656622141599655,-0.0580878034234046,0.7244374752044678,0.1411162763833999
-0.0045675397850573,-0.6301220655441284,-0.3396856188774109,0.1374556869268417,-0.5009072422981262,-0.1572363972663879,0.2286888062953949,-0.7135088443756104,-0.2149352431297302,-0.1413041353225708,-0.4949060976505279,-0.2268497794866562,-0.2215106040239334,-0.6734632849693298,-0.3604750037193298,0.2862675487995147,-0.9317671656608582,-0.2881090641021728,-0.204939067363739,-0.9008615612983704,-0.4583260416984558,0.1084265783429145,0.000195140208234,0.0170899517834186,-0.1087599322199821,-0.0007519220816902,-0.0158531758934259,0.0945772677659988,0.4121650755405426,0.0380654111504554,-0.0833257213234901,0.3841804563999176,-0.0018167097587138,0.1168248280882835,0.7532970309257507,0.1670932620763778,-0.0581232346594333,0.7245004177093506,0.1398431360721588
-0.0046836212277412,-0.6305587291717529,-0.3383214175701141,0.1344216465950012,-0.5026118159294128,-0.1497783213853836,0.2245174199342727,-0.7177134156227112,-0.201284185051918,-0.1417350023984909,-0.4948267340660095,-0.2286263257265091,-0.221903309226036,-0.6739507913589478,-0.3660344779491424,0.2839484214782715,-0.9355397820472716,-0.2741181850433349,-0.20892995595932,-0.9007574319839478,-0.4635127782821655,0.1082448661327362,0.0001595796784386,0.0185274835675954,-0.1085844412446022,-0.0007170441676862,-0.0172807555645704,0.0951519161462783,0.4122145771980285,0.0379104949533939,-0.0833851248025894,0.3843899667263031,-0.0034447510261088,0.1180753633379936,0.7539895176887512,0.1666470021009445,-0.0581548549234867,0.7258123159408569,0.1362214237451553
-0.0057121384888887,-0.6309967041015625,-0.3388082087039947,0.1346925199031829,-0.5029864311218262,-0.1525756269693374,0.2246312946081161,-0.7186863422393799,-0.2064172327518463,-0.1417673230171203,-0.4948450922966003,-0.228380024433136,-0.2218866199254989,-0.6751887202262878,-0.3640310764312744,0.2837699055671692,-0.9374160170555116,-0.2757411599159241,-0.209959477186203,-0.901764154434204,-0.461940050125122,0.1082056835293769,5.721169145544991e-05,0.0183379258960485,-0.108547069132328,-0.0006131693371571,-0.017099991440773,0.0975082963705062,0.4112220704555511,0.037638321518898,-0.0809961035847663,0.3849595487117767,-0.0013487288961187,0.1208389401435852,0.7534700036048889,0.1684373021125793,-0.0545020401477813,0.7258203625679016,0.1424668431282043
-0.0057920659892261,-0.6375681757926941,-0.3193201720714569,0.1353055387735366,-0.5057222247123718,-0.1365811228752136,0.2303356528282165,-0.7185713648796082,-0.1867618560791015,-0.1416367590427398,-0.4972899854183197,-0.2072557061910629,-0.2167174369096756,-0.6756775379180908,-0.3327970504760742,0.291747123003006,-0.937480926513672,-0.2570646703243255,-0.2039984613656997,-0.904668152332306,-0.4275203943252563,0.1081076487898826,1.649357727728784e-05,0.0181478671729564,-0.1084493249654769,-0.0005695736617781,-0.0169297866523265,0.0974898710846901,0.4115971624851227,0.0376454554498195,-0.0801491811871528,0.3869220912456512,0.001059332746081,0.1243641152977943,0.7540265917778015,0.1689066737890243,-0.0523932091891765,0.7307343482971191,0.1437735110521316
